Path;File Condition;Block Condition;Presence Condition;Line Type;start;end
dist/api_flags.c;1;1;1;ROOT;1;446
dist/api_flags.c;1;1;1;artifact;1;445
dist/errno.h;1;1;1;ROOT;1;188
dist/errno.h;1;1;1;artifact;1;39
dist/errno.h;1;!_SYS_ERRNO_H_;1 && !_SYS_ERRNO_H_;if;40;40
dist/errno.h;1;!_SYS_ERRNO_H_;1 && !_SYS_ERRNO_H_;artifact;41;60
dist/errno.h;1;!_POSIX_SOURCE;1 && !_SYS_ERRNO_H_ && !_POSIX_SOURCE;if;61;61
dist/errno.h;1;!_POSIX_SOURCE;1 && !_SYS_ERRNO_H_ && !_POSIX_SOURCE;artifact;62;62
dist/errno.h;1;!_POSIX_SOURCE;1 && !_SYS_ERRNO_H_ && !_POSIX_SOURCE;endif;63;63
dist/errno.h;1;!_SYS_ERRNO_H_;1 && !_SYS_ERRNO_H_;artifact;64;73
dist/errno.h;1;!_POSIX_SOURCE;1 && !_SYS_ERRNO_H_ && !_POSIX_SOURCE;if;74;74
dist/errno.h;1;!_POSIX_SOURCE;1 && !_SYS_ERRNO_H_ && !_POSIX_SOURCE;artifact;75;75
dist/errno.h;1;!_POSIX_SOURCE;1 && !_SYS_ERRNO_H_ && !_POSIX_SOURCE;endif;76;76
dist/errno.h;1;!_SYS_ERRNO_H_;1 && !_SYS_ERRNO_H_;artifact;77;89
dist/errno.h;1;!_POSIX_SOURCE;1 && !_SYS_ERRNO_H_ && !_POSIX_SOURCE;if;90;90
dist/errno.h;1;!_POSIX_SOURCE;1 && !_SYS_ERRNO_H_ && !_POSIX_SOURCE;artifact;91;125
dist/errno.h;1;!_POSIX_SOURCE;1 && !_SYS_ERRNO_H_ && !_POSIX_SOURCE;endif;126;126
dist/errno.h;1;!_SYS_ERRNO_H_;1 && !_SYS_ERRNO_H_;artifact;127;129
dist/errno.h;1;!_POSIX_SOURCE;1 && !_SYS_ERRNO_H_ && !_POSIX_SOURCE;if;130;130
dist/errno.h;1;!_POSIX_SOURCE;1 && !_SYS_ERRNO_H_ && !_POSIX_SOURCE;artifact;131;132
dist/errno.h;1;!_POSIX_SOURCE;1 && !_SYS_ERRNO_H_ && !_POSIX_SOURCE;endif;133;133
dist/errno.h;1;!_SYS_ERRNO_H_;1 && !_SYS_ERRNO_H_;artifact;134;136
dist/errno.h;1;!_POSIX_SOURCE;1 && !_SYS_ERRNO_H_ && !_POSIX_SOURCE;if;137;137
dist/errno.h;1;!_POSIX_SOURCE;1 && !_SYS_ERRNO_H_ && !_POSIX_SOURCE;artifact;138;149
dist/errno.h;1;!_POSIX_SOURCE;1 && !_SYS_ERRNO_H_ && !_POSIX_SOURCE;endif;150;150
dist/errno.h;1;!_SYS_ERRNO_H_;1 && !_SYS_ERRNO_H_;artifact;151;154
dist/errno.h;1;!_POSIX_SOURCE;1 && !_SYS_ERRNO_H_ && !_POSIX_SOURCE;if;155;155
dist/errno.h;1;!_POSIX_SOURCE;1 && !_SYS_ERRNO_H_ && !_POSIX_SOURCE;artifact;156;166
dist/errno.h;1;!_POSIX_SOURCE;1 && !_SYS_ERRNO_H_ && !_POSIX_SOURCE;endif;167;167
dist/errno.h;1;!_SYS_ERRNO_H_;1 && !_SYS_ERRNO_H_;artifact;168;173
dist/errno.h;1;!_POSIX_SOURCE;1 && !_SYS_ERRNO_H_ && !_POSIX_SOURCE;if;174;174
dist/errno.h;1;!_POSIX_SOURCE;1 && !_SYS_ERRNO_H_ && !_POSIX_SOURCE;artifact;175;175
dist/errno.h;1;!_POSIX_SOURCE;1 && !_SYS_ERRNO_H_ && !_POSIX_SOURCE;endif;176;176
dist/errno.h;1;!_SYS_ERRNO_H_;1 && !_SYS_ERRNO_H_;artifact;177;177
dist/errno.h;1;_KERNEL;1 && !_SYS_ERRNO_H_ && _KERNEL;if;178;178
dist/errno.h;1;_KERNEL;1 && !_SYS_ERRNO_H_ && _KERNEL;artifact;179;183
dist/errno.h;1;_KERNEL;1 && !_SYS_ERRNO_H_ && _KERNEL;endif;184;184
dist/errno.h;1;!_SYS_ERRNO_H_;1 && !_SYS_ERRNO_H_;artifact;185;185
dist/errno.h;1;!_SYS_ERRNO_H_;1 && !_SYS_ERRNO_H_;endif;186;186
dist/errno.h;1;1;1;artifact;187;187
dist/validate/s_chk_comma.c;1;1;1;ROOT;1;55
dist/validate/s_chk_comma.c;1;1;1;artifact;1;54
dist/validate/s_chk_flags.c;1;1;1;ROOT;1;81
dist/validate/s_chk_flags.c;1;1;1;artifact;1;80
dist/validate/s_chk_logverify.c;1;1;1;ROOT;1;269
dist/validate/s_chk_logverify.c;1;1;1;artifact;1;268
examples/c/csv/DbRecord.c;1;1;1;ROOT;1;472
examples/c/csv/DbRecord.c;1;1;1;artifact;1;319
examples/c/csv/DbRecord.c;1;HAVE_WILDCARD_SUPPORT;1 && HAVE_WILDCARD_SUPPORT;if;320;320
examples/c/csv/DbRecord.c;1;HAVE_WILDCARD_SUPPORT;1 && HAVE_WILDCARD_SUPPORT;artifact;321;321
examples/c/csv/DbRecord.c;1;HAVE_WILDCARD_SUPPORT;1 && HAVE_WILDCARD_SUPPORT;endif;322;322
examples/c/csv/DbRecord.c;1;1;1;artifact;323;342
examples/c/csv/DbRecord.c;1;HAVE_WILDCARD_SUPPORT;1 && HAVE_WILDCARD_SUPPORT;if;343;343
examples/c/csv/DbRecord.c;1;HAVE_WILDCARD_SUPPORT;1 && HAVE_WILDCARD_SUPPORT;artifact;344;354
examples/c/csv/DbRecord.c;1;!HAVE_WILDCARD_SUPPORT;!HAVE_WILDCARD_SUPPORT && 1;else;355;355
examples/c/csv/DbRecord.c;1;!HAVE_WILDCARD_SUPPORT;!HAVE_WILDCARD_SUPPORT && 1;artifact;356;358
examples/c/csv/DbRecord.c;1;!HAVE_WILDCARD_SUPPORT;!HAVE_WILDCARD_SUPPORT && 1;endif;359;359
examples/c/csv/DbRecord.c;1;1;1;artifact;360;463
examples/c/csv/DbRecord.c;1;HAVE_WILDCARD_SUPPORT;1 && HAVE_WILDCARD_SUPPORT;if;464;464
examples/c/csv/DbRecord.c;1;HAVE_WILDCARD_SUPPORT;1 && HAVE_WILDCARD_SUPPORT;artifact;465;466
examples/c/csv/DbRecord.c;1;HAVE_WILDCARD_SUPPORT;1 && HAVE_WILDCARD_SUPPORT;endif;467;467
examples/c/csv/DbRecord.c;1;1;1;artifact;468;471
examples/c/csv/code.c;1;1;1;ROOT;1;408
examples/c/csv/code.c;1;1;1;artifact;1;407
examples/c/csv/csv.h;1;1;1;ROOT;1;103
examples/c/csv/csv.h;1;1;1;artifact;1;17
examples/c/csv/csv.h;1;_WIN32;1 && _WIN32;if;18;18
examples/c/csv/csv.h;1;_WIN32;1 && _WIN32;artifact;19;26
examples/c/csv/csv.h;1;!_WIN32;!_WIN32 && 1;else;27;27
examples/c/csv/csv.h;1;!_WIN32;!_WIN32 && 1;artifact;28;31
examples/c/csv/csv.h;1;!_WIN32;!_WIN32 && 1;endif;32;32
examples/c/csv/csv.h;1;1;1;artifact;33;94
examples/c/csv/csv.h;1;_WIN32;1 && _WIN32;if;95;95
examples/c/csv/csv.h;1;_WIN32;1 && _WIN32;artifact;96;100
examples/c/csv/csv.h;1;_WIN32;1 && _WIN32;endif;101;101
examples/c/csv/csv.h;1;1;1;artifact;102;102
examples/c/csv/csv_extern.h;1;1;1;ROOT;1;39
examples/c/csv/csv_extern.h;1;1;1;artifact;1;38
examples/c/csv/db.c;1;1;1;ROOT;1;246
examples/c/csv/db.c;1;1;1;artifact;1;245
examples/c/csv/load.c;1;1;1;ROOT;1;349
examples/c/csv/load.c;1;1;1;artifact;1;348
examples/c/csv/load_main.c;1;1;1;ROOT;1;119
examples/c/csv/load_main.c;1;1;1;artifact;1;118
examples/c/csv/query.c;1;1;1;ROOT;1;243
examples/c/csv/query.c;1;1;1;artifact;1;242
examples/c/csv/query_main.c;1;1;1;ROOT;1;101
examples/c/csv/query_main.c;1;1;1;artifact;1;100
examples/c/csv/util.c;1;1;1;ROOT;1;311
examples/c/csv/util.c;1;1;1;artifact;1;224
examples/c/csv/util.c;1;HAVE_WILDCARD_SUPPORT;1 && HAVE_WILDCARD_SUPPORT;if;225;225
examples/c/csv/util.c;1;HAVE_WILDCARD_SUPPORT;1 && HAVE_WILDCARD_SUPPORT;artifact;226;229
examples/c/csv/util.c;1;!HAVE_WILDCARD_SUPPORT;!HAVE_WILDCARD_SUPPORT && 1;else;230;230
examples/c/csv/util.c;1;!HAVE_WILDCARD_SUPPORT;!HAVE_WILDCARD_SUPPORT && 1;artifact;231;235
examples/c/csv/util.c;1;!HAVE_WILDCARD_SUPPORT;!HAVE_WILDCARD_SUPPORT && 1;endif;236;236
examples/c/csv/util.c;1;1;1;artifact;237;310
examples/c/ex_access.c;1;1;1;ROOT;1;163
examples/c/ex_access.c;1;1;1;artifact;1;14
examples/c/ex_access.c;1;_WIN32;1 && _WIN32;if;15;15
examples/c/ex_access.c;1;_WIN32;1 && _WIN32;artifact;16;16
examples/c/ex_access.c;1;!_WIN32;!_WIN32 && 1;else;17;17
examples/c/ex_access.c;1;!_WIN32;!_WIN32 && 1;artifact;18;18
examples/c/ex_access.c;1;!_WIN32;!_WIN32 && 1;endif;19;19
examples/c/ex_access.c;1;1;1;artifact;20;162
examples/c/ex_apprec/ex_apprec.c;1;1;1;ROOT;1;279
examples/c/ex_apprec/ex_apprec.c;1;1;1;artifact;1;278
examples/c/ex_apprec/ex_apprec.h;1;1;1;ROOT;1;22
examples/c/ex_apprec/ex_apprec.h;1;1;1;artifact;1;8
examples/c/ex_apprec/ex_apprec.h;1;!_EX_APPREC_H_;1 && !_EX_APPREC_H_;if;9;9
examples/c/ex_apprec/ex_apprec.h;1;!_EX_APPREC_H_;1 && !_EX_APPREC_H_;artifact;10;19
examples/c/ex_apprec/ex_apprec.h;1;!_EX_APPREC_H_;1 && !_EX_APPREC_H_;endif;20;20
examples/c/ex_apprec/ex_apprec.h;1;1;1;artifact;21;21
examples/c/ex_apprec/ex_apprec_auto.c;1;1;1;ROOT;1;15
examples/c/ex_apprec/ex_apprec_auto.c;1;1;1;artifact;1;14
examples/c/ex_apprec/ex_apprec_auto.h;1;1;1;ROOT;1;34
examples/c/ex_apprec/ex_apprec_auto.h;1;1;1;artifact;1;2
examples/c/ex_apprec/ex_apprec_auto.h;1;!ex_apprec_AUTO_H;1 && !ex_apprec_AUTO_H;if;3;3
examples/c/ex_apprec/ex_apprec_auto.h;1;!ex_apprec_AUTO_H;1 && !ex_apprec_AUTO_H;artifact;4;31
examples/c/ex_apprec/ex_apprec_auto.h;1;!ex_apprec_AUTO_H;1 && !ex_apprec_AUTO_H;endif;32;32
examples/c/ex_apprec/ex_apprec_auto.h;1;1;1;artifact;33;33
examples/c/ex_apprec/ex_apprec_autop.c;1;1;1;ROOT;1;45
examples/c/ex_apprec/ex_apprec_autop.c;1;1;1;artifact;1;44
examples/c/ex_apprec/ex_apprec_rec.c;1;1;1;ROOT;1;111
examples/c/ex_apprec/ex_apprec_rec.c;1;1;1;artifact;1;44
examples/c/ex_apprec/ex_apprec_rec.c;1;DEBUG_RECOVER;1 && DEBUG_RECOVER;if;45;45
examples/c/ex_apprec/ex_apprec_rec.c;1;DEBUG_RECOVER;1 && DEBUG_RECOVER;artifact;46;46
examples/c/ex_apprec/ex_apprec_rec.c;1;DEBUG_RECOVER;1 && DEBUG_RECOVER;endif;47;47
examples/c/ex_apprec/ex_apprec_rec.c;1;1;1;artifact;48;110
examples/c/ex_btrec.c;1;1;1;ROOT;1;204
examples/c/ex_btrec.c;1;1;1;artifact;1;203
examples/c/ex_bulk.c;1;1;1;ROOT;1;869
examples/c/ex_bulk.c;1;1;1;artifact;1;27
examples/c/ex_bulk.c;1;_WIN32;1 && _WIN32;if;28;28
examples/c/ex_bulk.c;1;_WIN32;1 && _WIN32;artifact;29;44
examples/c/ex_bulk.c;1;!_WIN32;!_WIN32 && 1;else;45;45
examples/c/ex_bulk.c;1;!_WIN32;!_WIN32 && 1;artifact;46;48
examples/c/ex_bulk.c;1;!_WIN32;!_WIN32 && 1;endif;49;49
examples/c/ex_bulk.c;1;1;1;artifact;50;868
examples/c/ex_env.c;1;1;1;ROOT;1;185
examples/c/ex_env.c;1;1;1;artifact;1;14
examples/c/ex_env.c;1;_WIN32;1 && _WIN32;if;15;15
examples/c/ex_env.c;1;_WIN32;1 && _WIN32;artifact;16;16
examples/c/ex_env.c;1;!_WIN32;!_WIN32 && 1;else;17;17
examples/c/ex_env.c;1;!_WIN32;!_WIN32 && 1;artifact;18;18
examples/c/ex_env.c;1;!_WIN32;!_WIN32 && 1;endif;19;19
examples/c/ex_env.c;1;1;1;artifact;20;184
examples/c/ex_heap.c;1;1;1;ROOT;1;644
examples/c/ex_heap.c;1;1;1;artifact;1;24
examples/c/ex_heap.c;1;!lint;1 && !lint;if;25;25
examples/c/ex_heap.c;1;!lint;1 && !lint;artifact;26;27
examples/c/ex_heap.c;1;!lint;1 && !lint;endif;28;28
examples/c/ex_heap.c;1;1;1;artifact;29;43
examples/c/ex_heap.c;1;_WIN32;1 && _WIN32;if;44;44
examples/c/ex_heap.c;1;_WIN32;1 && _WIN32;artifact;45;63
examples/c/ex_heap.c;1;!_WIN32;!_WIN32 && 1;else;64;64
examples/c/ex_heap.c;1;!_WIN32;!_WIN32 && 1;artifact;65;66
examples/c/ex_heap.c;1;!_WIN32;!_WIN32 && 1;endif;67;67
examples/c/ex_heap.c;1;1;1;artifact;68;643
examples/c/ex_lock.c;1;1;1;ROOT;1;241
examples/c/ex_lock.c;1;1;1;artifact;1;13
examples/c/ex_lock.c;1;_WIN32;1 && _WIN32;if;14;14
examples/c/ex_lock.c;1;_WIN32;1 && _WIN32;artifact;15;15
examples/c/ex_lock.c;1;!_WIN32;!_WIN32 && 1;else;16;16
examples/c/ex_lock.c;1;!_WIN32;!_WIN32 && 1;artifact;17;17
examples/c/ex_lock.c;1;!_WIN32;!_WIN32 && 1;endif;18;18
examples/c/ex_lock.c;1;1;1;artifact;19;240
examples/c/ex_mpool.c;1;1;1;ROOT;1;260
examples/c/ex_mpool.c;1;1;1;artifact;1;15
examples/c/ex_mpool.c;1;_WIN32;1 && _WIN32;if;16;16
examples/c/ex_mpool.c;1;_WIN32;1 && _WIN32;artifact;17;17
examples/c/ex_mpool.c;1;!_WIN32;!_WIN32 && 1;else;18;18
examples/c/ex_mpool.c;1;!_WIN32;!_WIN32 && 1;artifact;19;19
examples/c/ex_mpool.c;1;!_WIN32;!_WIN32 && 1;endif;20;20
examples/c/ex_mpool.c;1;1;1;artifact;21;182
examples/c/ex_mpool.c;1;HAVE_VXWORKS;1 && HAVE_VXWORKS;if;183;183
examples/c/ex_mpool.c;1;HAVE_VXWORKS;1 && HAVE_VXWORKS;artifact;184;187
examples/c/ex_mpool.c;1;HAVE_VXWORKS;1 && HAVE_VXWORKS;endif;188;188
examples/c/ex_mpool.c;1;1;1;artifact;189;259
examples/c/ex_rep/base/rep_base.c;1;1;1;ROOT;1;249
examples/c/ex_rep/base/rep_base.c;1;1;1;artifact;1;43
examples/c/ex_rep/base/rep_base.c;1;_WIN32;1 && _WIN32;if;44;44
examples/c/ex_rep/base/rep_base.c;1;_WIN32;1 && _WIN32;artifact;45;45
examples/c/ex_rep/base/rep_base.c;1;!_WIN32;!_WIN32 && 1;else;46;46
examples/c/ex_rep/base/rep_base.c;1;!_WIN32;!_WIN32 && 1;artifact;47;47
examples/c/ex_rep/base/rep_base.c;1;!_WIN32;!_WIN32 && 1;endif;48;48
examples/c/ex_rep/base/rep_base.c;1;1;1;artifact;49;74
examples/c/ex_rep/base/rep_base.c;1;_WIN32;1 && _WIN32;if;75;75
examples/c/ex_rep/base/rep_base.c;1;_WIN32;1 && _WIN32;artifact;76;81
examples/c/ex_rep/base/rep_base.c;1;!_WIN32;!_WIN32 && 1;else;82;82
examples/c/ex_rep/base/rep_base.c;1;!_WIN32;!_WIN32 && 1;artifact;83;93
examples/c/ex_rep/base/rep_base.c;1;!_WIN32;!_WIN32 && 1;endif;94;94
examples/c/ex_rep/base/rep_base.c;1;1;1;artifact;95;202
examples/c/ex_rep/base/rep_base.c;1;_WIN32;1 && _WIN32;if;203;203
examples/c/ex_rep/base/rep_base.c;1;_WIN32;1 && _WIN32;artifact;204;205
examples/c/ex_rep/base/rep_base.c;1;_WIN32;1 && _WIN32;endif;206;206
examples/c/ex_rep/base/rep_base.c;1;1;1;artifact;207;248
examples/c/ex_rep/base/rep_base.h;1;1;1;ROOT;1;119
examples/c/ex_rep/base/rep_base.h;1;1;1;artifact;1;8
examples/c/ex_rep/base/rep_base.h;1;!_EX_REPQUOTE_H_;1 && !_EX_REPQUOTE_H_;if;9;9
examples/c/ex_rep/base/rep_base.h;1;!_EX_REPQUOTE_H_;1 && !_EX_REPQUOTE_H_;artifact;10;53
examples/c/ex_rep/base/rep_base.h;1;!COMPQUIET;1 && !_EX_REPQUOTE_H_ && !COMPQUIET;if;54;54
examples/c/ex_rep/base/rep_base.h;1;!COMPQUIET;1 && !_EX_REPQUOTE_H_ && !COMPQUIET;artifact;55;55
examples/c/ex_rep/base/rep_base.h;1;!COMPQUIET;1 && !_EX_REPQUOTE_H_ && !COMPQUIET;endif;56;56
examples/c/ex_rep/base/rep_base.h;1;!_EX_REPQUOTE_H_;1 && !_EX_REPQUOTE_H_;artifact;57;58
examples/c/ex_rep/base/rep_base.h;1;_WIN32;1 && !_EX_REPQUOTE_H_ && _WIN32;if;59;59
examples/c/ex_rep/base/rep_base.h;1;_WIN32;1 && !_EX_REPQUOTE_H_ && _WIN32;artifact;60;74
examples/c/ex_rep/base/rep_base.h;1;!_WIN32;!_WIN32 && 1 && !_EX_REPQUOTE_H_;else;75;75
examples/c/ex_rep/base/rep_base.h;1;!_WIN32;!_WIN32 && 1 && !_EX_REPQUOTE_H_;artifact;76;96
examples/c/ex_rep/base/rep_base.h;1;!_WIN32;!_WIN32 && 1 && !_EX_REPQUOTE_H_;endif;97;97
examples/c/ex_rep/base/rep_base.h;1;!_EX_REPQUOTE_H_;1 && !_EX_REPQUOTE_H_;artifact;98;116
examples/c/ex_rep/base/rep_base.h;1;!_EX_REPQUOTE_H_;1 && !_EX_REPQUOTE_H_;endif;117;117
examples/c/ex_rep/base/rep_base.h;1;1;1;artifact;118;118
examples/c/ex_rep/base/rep_msg.c;1;1;1;ROOT;1;469
examples/c/ex_rep/base/rep_msg.c;1;1;1;artifact;1;468
examples/c/ex_rep/base/rep_net.c;1;1;1;ROOT;1;751
examples/c/ex_rep/base/rep_net.c;1;1;1;artifact;1;16
examples/c/ex_rep/base/rep_net.c;1;!_SYS_QUEUE_H;1 && !_SYS_QUEUE_H;if;17;17
examples/c/ex_rep/base/rep_net.c;1;!_SYS_QUEUE_H;1 && !_SYS_QUEUE_H;artifact;18;23
examples/c/ex_rep/base/rep_net.c;1;!_SYS_QUEUE_H;1 && !_SYS_QUEUE_H;endif;24;24
examples/c/ex_rep/base/rep_net.c;1;1;1;artifact;25;26
examples/c/ex_rep/base/rep_net.c;1;DIAGNOSTIC;1 && DIAGNOSTIC;if;27;27
examples/c/ex_rep/base/rep_net.c;1;DIAGNOSTIC;1 && DIAGNOSTIC;artifact;28;28
examples/c/ex_rep/base/rep_net.c;1;DIAGNOSTIC;1 && DIAGNOSTIC;endif;29;29
examples/c/ex_rep/base/rep_net.c;1;1;1;artifact;30;178
examples/c/ex_rep/base/rep_net.c;1;DIAGNOSTIC;1 && DIAGNOSTIC;if;179;179
examples/c/ex_rep/base/rep_net.c;1;DIAGNOSTIC;1 && DIAGNOSTIC;artifact;180;181
examples/c/ex_rep/base/rep_net.c;1;DIAGNOSTIC;1 && DIAGNOSTIC;endif;182;182
examples/c/ex_rep/base/rep_net.c;1;1;1;artifact;183;260
examples/c/ex_rep/base/rep_net.c;1;DIAGNOSTIC;1 && DIAGNOSTIC;if;261;261
examples/c/ex_rep/base/rep_net.c;1;DIAGNOSTIC;1 && DIAGNOSTIC;artifact;262;263
examples/c/ex_rep/base/rep_net.c;1;DIAGNOSTIC;1 && DIAGNOSTIC;endif;264;264
examples/c/ex_rep/base/rep_net.c;1;1;1;artifact;265;280
examples/c/ex_rep/base/rep_net.c;1;DIAGNOSTIC;1 && DIAGNOSTIC;if;281;281
examples/c/ex_rep/base/rep_net.c;1;DIAGNOSTIC;1 && DIAGNOSTIC;artifact;282;304
examples/c/ex_rep/base/rep_net.c;1;DIAGNOSTIC;1 && DIAGNOSTIC;endif;305;305
examples/c/ex_rep/base/rep_net.c;1;1;1;artifact;306;750
examples/c/ex_rep/common/rep_common.c;1;1;1;ROOT;1;682
examples/c/ex_rep/common/rep_common.c;1;1;1;artifact;1;681
examples/c/ex_rep/common/rep_common.h;1;1;1;ROOT;1;84
examples/c/ex_rep/common/rep_common.h;1;1;1;artifact;1;44
examples/c/ex_rep/common/rep_common.h;1;_WIN32;1 && _WIN32;if;45;45
examples/c/ex_rep/common/rep_common.h;1;_WIN32;1 && _WIN32;artifact;46;61
examples/c/ex_rep/common/rep_common.h;1;!_WIN32;!_WIN32 && 1;else;62;62
examples/c/ex_rep/common/rep_common.h;1;!_WIN32;!_WIN32 && 1;artifact;63;70
examples/c/ex_rep/common/rep_common.h;1;!_WIN32;!_WIN32 && 1;endif;71;71
examples/c/ex_rep/common/rep_common.h;1;1;1;artifact;72;83
examples/c/ex_rep/mgr/rep_mgr.c;1;1;1;ROOT;1;229
examples/c/ex_rep/mgr/rep_mgr.c;1;1;1;artifact;1;12
examples/c/ex_rep/mgr/rep_mgr.c;1;!_WIN32;1 && !_WIN32;if;13;13
examples/c/ex_rep/mgr/rep_mgr.c;1;!_WIN32;1 && !_WIN32;artifact;14;14
examples/c/ex_rep/mgr/rep_mgr.c;1;!_WIN32;1 && !_WIN32;endif;15;15
examples/c/ex_rep/mgr/rep_mgr.c;1;1;1;artifact;16;228
examples/c/ex_rep_chan/rep_chan.c;1;1;1;ROOT;1;759
examples/c/ex_rep_chan/rep_chan.c;1;1;1;artifact;1;13
examples/c/ex_rep_chan/rep_chan.c;1;!_WIN32;1 && !_WIN32;if;14;14
examples/c/ex_rep_chan/rep_chan.c;1;!_WIN32;1 && !_WIN32;artifact;15;15
examples/c/ex_rep_chan/rep_chan.c;1;!_WIN32;1 && !_WIN32;endif;16;16
examples/c/ex_rep_chan/rep_chan.c;1;1;1;artifact;17;758
examples/c/ex_rep_chan/rep_chan.h;1;1;1;ROOT;1;132
examples/c/ex_rep_chan/rep_chan.h;1;1;1;artifact;1;64
examples/c/ex_rep_chan/rep_chan.h;1;_WIN32;1 && _WIN32;if;65;65
examples/c/ex_rep_chan/rep_chan.h;1;_WIN32;1 && _WIN32;artifact;66;88
examples/c/ex_rep_chan/rep_chan.h;1;!_WIN32;!_WIN32 && 1;else;89;89
examples/c/ex_rep_chan/rep_chan.h;1;!_WIN32;!_WIN32 && 1;artifact;90;102
examples/c/ex_rep_chan/rep_chan.h;1;!_WIN32;!_WIN32 && 1;endif;103;103
examples/c/ex_rep_chan/rep_chan.h;1;1;1;artifact;104;131
examples/c/ex_rep_chan/rep_chan_util.c;1;1;1;ROOT;1;672
examples/c/ex_rep_chan/rep_chan_util.c;1;1;1;artifact;1;13
examples/c/ex_rep_chan/rep_chan_util.c;1;!_WIN32;1 && !_WIN32;if;14;14
examples/c/ex_rep_chan/rep_chan_util.c;1;!_WIN32;1 && !_WIN32;artifact;15;15
examples/c/ex_rep_chan/rep_chan_util.c;1;!_WIN32;1 && !_WIN32;endif;16;16
examples/c/ex_rep_chan/rep_chan_util.c;1;1;1;artifact;17;671
examples/c/ex_sequence.c;1;1;1;ROOT;1;134
examples/c/ex_sequence.c;1;1;1;artifact;1;14
examples/c/ex_sequence.c;1;_WIN32;1 && _WIN32;if;15;15
examples/c/ex_sequence.c;1;_WIN32;1 && _WIN32;artifact;16;16
examples/c/ex_sequence.c;1;!_WIN32;!_WIN32 && 1;else;17;17
examples/c/ex_sequence.c;1;!_WIN32;!_WIN32 && 1;artifact;18;18
examples/c/ex_sequence.c;1;!_WIN32;!_WIN32 && 1;endif;19;19
examples/c/ex_sequence.c;1;1;1;artifact;20;98
examples/c/ex_sequence.c;1;_WIN32;1 && _WIN32;if;99;99
examples/c/ex_sequence.c;1;_WIN32;1 && _WIN32;artifact;100;100
examples/c/ex_sequence.c;1;!_WIN32;!_WIN32 && 1;else;101;101
examples/c/ex_sequence.c;1;!_WIN32;!_WIN32 && 1;artifact;102;103
examples/c/ex_sequence.c;1;!_WIN32;!_WIN32 && 1;endif;104;104
examples/c/ex_sequence.c;1;1;1;artifact;105;133
examples/c/ex_stream.c;1;1;1;ROOT;1;224
examples/c/ex_stream.c;1;1;1;artifact;1;14
examples/c/ex_stream.c;1;_WIN32;1 && _WIN32;if;15;15
examples/c/ex_stream.c;1;_WIN32;1 && _WIN32;artifact;16;16
examples/c/ex_stream.c;1;!_WIN32;!_WIN32 && 1;else;17;17
examples/c/ex_stream.c;1;!_WIN32;!_WIN32 && 1;artifact;18;18
examples/c/ex_stream.c;1;!_WIN32;!_WIN32 && 1;endif;19;19
examples/c/ex_stream.c;1;1;1;artifact;20;223
examples/c/ex_thread.c;1;1;1;ROOT;1;628
examples/c/ex_thread.c;1;1;1;artifact;1;19
examples/c/ex_thread.c;1;_WIN32;1 && _WIN32;if;20;20
examples/c/ex_thread.c;1;_WIN32;1 && _WIN32;artifact;21;21
examples/c/ex_thread.c;1;!_WIN32;!_WIN32 && 1;else;22;22
examples/c/ex_thread.c;1;!_WIN32;!_WIN32 && 1;artifact;23;23
examples/c/ex_thread.c;1;!_WIN32;!_WIN32 && 1;endif;24;24
examples/c/ex_thread.c;1;1;1;artifact;25;627
examples/c/ex_tpcb.c;1;1;1;ROOT;1;720
examples/c/ex_tpcb.c;1;1;1;artifact;1;17
examples/c/ex_tpcb.c;1;_WIN32;1 && _WIN32;if;18;18
examples/c/ex_tpcb.c;1;_WIN32;1 && _WIN32;artifact;19;33
examples/c/ex_tpcb.c;1;!_WIN32;!_WIN32 && 1;else;34;34
examples/c/ex_tpcb.c;1;!_WIN32;!_WIN32 && 1;artifact;35;36
examples/c/ex_tpcb.c;1;!_WIN32;!_WIN32 && 1;endif;37;37
examples/c/ex_tpcb.c;1;1;1;artifact;38;74
examples/c/ex_tpcb.c;1;VALID_SCALING;1 && VALID_SCALING;if;75;75
examples/c/ex_tpcb.c;1;VALID_SCALING;1 && VALID_SCALING;artifact;76;79
examples/c/ex_tpcb.c;1;VALID_SCALING;1 && VALID_SCALING;endif;80;80
examples/c/ex_tpcb.c;1;1;1;artifact;81;81
examples/c/ex_tpcb.c;1;TINY;1 && TINY;if;82;82
examples/c/ex_tpcb.c;1;TINY;1 && TINY;artifact;83;86
examples/c/ex_tpcb.c;1;TINY;1 && TINY;endif;87;87
examples/c/ex_tpcb.c;1;1;1;artifact;88;88
examples/c/ex_tpcb.c;1;VERY_TINY;1 && VERY_TINY;if;89;89
examples/c/ex_tpcb.c;1;VERY_TINY;1 && VERY_TINY;artifact;90;93
examples/c/ex_tpcb.c;1;VERY_TINY;1 && VERY_TINY;endif;94;94
examples/c/ex_tpcb.c;1;1;1;artifact;95;95
examples/c/ex_tpcb.c;1;!DEFINED___LB__VALID_SCALING__RB__ && !DEFINED___LB__TINY__RB__ && !DEFINED___LB__VERY_TINY__RB__;1 && !DEFINED___LB__VALID_SCALING__RB__ && !DEFINED___LB__TINY__RB__ && !DEFINED___LB__VERY_TINY__RB__;if;96;96
examples/c/ex_tpcb.c;1;!DEFINED___LB__VALID_SCALING__RB__ && !DEFINED___LB__TINY__RB__ && !DEFINED___LB__VERY_TINY__RB__;1 && !DEFINED___LB__VALID_SCALING__RB__ && !DEFINED___LB__TINY__RB__ && !DEFINED___LB__VERY_TINY__RB__;artifact;97;100
examples/c/ex_tpcb.c;1;!DEFINED___LB__VALID_SCALING__RB__ && !DEFINED___LB__TINY__RB__ && !DEFINED___LB__VERY_TINY__RB__;1 && !DEFINED___LB__VALID_SCALING__RB__ && !DEFINED___LB__TINY__RB__ && !DEFINED___LB__VERY_TINY__RB__;endif;101;101
examples/c/ex_tpcb.c;1;1;1;artifact;102;479
examples/c/ex_tpcb.c;1;!RAND_MAX;1 && !RAND_MAX;if;480;480
examples/c/ex_tpcb.c;1;!RAND_MAX;1 && !RAND_MAX;artifact;481;481
examples/c/ex_tpcb.c;1;!RAND_MAX;1 && !RAND_MAX;endif;482;482
examples/c/ex_tpcb.c;1;1;1;artifact;483;719
examples/cxx/AccessExample.cpp;1;1;1;ROOT;1;170
examples/cxx/AccessExample.cpp;1;1;1;artifact;1;16
examples/cxx/AccessExample.cpp;1;_WIN32;1 && _WIN32;if;17;17
examples/cxx/AccessExample.cpp;1;_WIN32;1 && _WIN32;artifact;18;21
examples/cxx/AccessExample.cpp;1;!_WIN32;!_WIN32 && 1;else;22;22
examples/cxx/AccessExample.cpp;1;!_WIN32;!_WIN32 && 1;artifact;23;23
examples/cxx/AccessExample.cpp;1;!_WIN32;!_WIN32 && 1;endif;24;24
examples/cxx/AccessExample.cpp;1;1;1;artifact;25;169
examples/cxx/BtRecExample.cpp;1;1;1;ROOT;1;225
examples/cxx/BtRecExample.cpp;1;1;1;artifact;1;224
examples/cxx/EnvExample.cpp;1;1;1;ROOT;1;145
examples/cxx/EnvExample.cpp;1;1;1;artifact;1;144
examples/cxx/LockExample.cpp;1;1;1;ROOT;1;247
examples/cxx/LockExample.cpp;1;1;1;artifact;1;246
examples/cxx/MpoolExample.cpp;1;1;1;ROOT;1;219
examples/cxx/MpoolExample.cpp;1;1;1;artifact;1;218
examples/cxx/SequenceExample.cpp;1;1;1;ROOT;1;135
examples/cxx/SequenceExample.cpp;1;1;1;artifact;1;15
examples/cxx/SequenceExample.cpp;1;_WIN32;1 && _WIN32;if;16;16
examples/cxx/SequenceExample.cpp;1;_WIN32;1 && _WIN32;artifact;17;20
examples/cxx/SequenceExample.cpp;1;!_WIN32;!_WIN32 && 1;else;21;21
examples/cxx/SequenceExample.cpp;1;!_WIN32;!_WIN32 && 1;artifact;22;22
examples/cxx/SequenceExample.cpp;1;!_WIN32;!_WIN32 && 1;endif;23;23
examples/cxx/SequenceExample.cpp;1;1;1;artifact;24;134
examples/cxx/TpcbExample.cpp;1;1;1;ROOT;1;648
examples/cxx/TpcbExample.cpp;1;1;1;artifact;1;75
examples/cxx/TpcbExample.cpp;1;VALID_SCALING;1 && VALID_SCALING;if;76;76
examples/cxx/TpcbExample.cpp;1;VALID_SCALING;1 && VALID_SCALING;artifact;77;80
examples/cxx/TpcbExample.cpp;1;VALID_SCALING;1 && VALID_SCALING;endif;81;81
examples/cxx/TpcbExample.cpp;1;1;1;artifact;82;82
examples/cxx/TpcbExample.cpp;1;TINY;1 && TINY;if;83;83
examples/cxx/TpcbExample.cpp;1;TINY;1 && TINY;artifact;84;87
examples/cxx/TpcbExample.cpp;1;TINY;1 && TINY;endif;88;88
examples/cxx/TpcbExample.cpp;1;1;1;artifact;89;89
examples/cxx/TpcbExample.cpp;1;!DEFINED___LB__VALID_SCALING__RB__ && !DEFINED___LB__TINY__RB__;1 && !DEFINED___LB__VALID_SCALING__RB__ && !DEFINED___LB__TINY__RB__;if;90;90
examples/cxx/TpcbExample.cpp;1;!DEFINED___LB__VALID_SCALING__RB__ && !DEFINED___LB__TINY__RB__;1 && !DEFINED___LB__VALID_SCALING__RB__ && !DEFINED___LB__TINY__RB__;artifact;91;94
examples/cxx/TpcbExample.cpp;1;!DEFINED___LB__VALID_SCALING__RB__ && !DEFINED___LB__TINY__RB__;1 && !DEFINED___LB__VALID_SCALING__RB__ && !DEFINED___LB__TINY__RB__;endif;95;95
examples/cxx/TpcbExample.cpp;1;1;1;artifact;96;647
examples/cxx/excxx_repquote/RepConfigInfo.cpp;1;1;1;ROOT;1;60
examples/cxx/excxx_repquote/RepConfigInfo.cpp;1;1;1;artifact;1;59
examples/cxx/excxx_repquote/RepConfigInfo.h;1;1;1;ROOT;1;39
examples/cxx/excxx_repquote/RepConfigInfo.h;1;1;1;artifact;1;38
examples/cxx/excxx_repquote/RepQuoteExample.cpp;1;1;1;ROOT;1;829
examples/cxx/excxx_repquote/RepQuoteExample.cpp;1;1;1;artifact;1;60
examples/cxx/excxx_repquote/RepQuoteExample.cpp;1;_WIN32;1 && _WIN32;if;61;61
examples/cxx/excxx_repquote/RepQuoteExample.cpp;1;_WIN32;1 && _WIN32;artifact;62;79
examples/cxx/excxx_repquote/RepQuoteExample.cpp;1;!_WIN32;!_WIN32 && 1;else;80;80
examples/cxx/excxx_repquote/RepQuoteExample.cpp;1;!_WIN32;!_WIN32 && 1;artifact;81;87
examples/cxx/excxx_repquote/RepQuoteExample.cpp;1;!_WIN32;!_WIN32 && 1;endif;88;88
examples/cxx/excxx_repquote/RepQuoteExample.cpp;1;1;1;artifact;89;828
examples/cxx/excxx_repquote/dbc_auto.h;1;1;1;ROOT;1;67
examples/cxx/excxx_repquote/dbc_auto.h;1;1;1;artifact;1;66
examples/cxx/excxx_repquote_gsg/RepConfigInfo.h;1;1;1;ROOT;1;81
examples/cxx/excxx_repquote_gsg/RepConfigInfo.h;1;1;1;artifact;1;80
examples/cxx/excxx_repquote_gsg/RepMgrGSG.cpp;1;1;1;ROOT;1;420
examples/cxx/excxx_repquote_gsg/RepMgrGSG.cpp;1;1;1;artifact;1;33
examples/cxx/excxx_repquote_gsg/RepMgrGSG.cpp;1;_WIN32;1 && _WIN32;if;34;34
examples/cxx/excxx_repquote_gsg/RepMgrGSG.cpp;1;_WIN32;1 && _WIN32;artifact;35;43
examples/cxx/excxx_repquote_gsg/RepMgrGSG.cpp;1;_WIN32;1 && _WIN32;endif;44;44
examples/cxx/excxx_repquote_gsg/RepMgrGSG.cpp;1;1;1;artifact;45;419
examples/cxx/excxx_repquote_gsg/SimpleConfigInfo.h;1;1;1;ROOT;1;31
examples/cxx/excxx_repquote_gsg/SimpleConfigInfo.h;1;1;1;artifact;1;30
examples/cxx/excxx_repquote_gsg/SimpleTxn.cpp;1;1;1;ROOT;1;281
examples/cxx/excxx_repquote_gsg/SimpleTxn.cpp;1;1;1;artifact;1;28
examples/cxx/excxx_repquote_gsg/SimpleTxn.cpp;1;_WIN32;1 && _WIN32;if;29;29
examples/cxx/excxx_repquote_gsg/SimpleTxn.cpp;1;_WIN32;1 && _WIN32;artifact;30;37
examples/cxx/excxx_repquote_gsg/SimpleTxn.cpp;1;_WIN32;1 && _WIN32;endif;38;38
examples/cxx/excxx_repquote_gsg/SimpleTxn.cpp;1;1;1;artifact;39;280
examples/cxx/getting_started/MyDb.cpp;1;1;1;ROOT;1;73
examples/cxx/getting_started/MyDb.cpp;1;1;1;artifact;1;72
examples/cxx/getting_started/MyDb.hpp;1;1;1;ROOT;1;48
examples/cxx/getting_started/MyDb.hpp;1;1;1;artifact;1;10
examples/cxx/getting_started/MyDb.hpp;1;!MYDB_H;1 && !MYDB_H;if;11;11
examples/cxx/getting_started/MyDb.hpp;1;!MYDB_H;1 && !MYDB_H;artifact;12;45
examples/cxx/getting_started/MyDb.hpp;1;!MYDB_H;1 && !MYDB_H;endif;46;46
examples/cxx/getting_started/MyDb.hpp;1;1;1;artifact;47;47
examples/cxx/getting_started/excxx_example_database_load.cpp;1;1;1;ROOT;1;231
examples/cxx/getting_started/excxx_example_database_load.cpp;1;1;1;artifact;1;16
examples/cxx/getting_started/excxx_example_database_load.cpp;1;_WIN32;1 && _WIN32;if;17;17
examples/cxx/getting_started/excxx_example_database_load.cpp;1;_WIN32;1 && _WIN32;artifact;18;21
examples/cxx/getting_started/excxx_example_database_load.cpp;1;!_WIN32;!_WIN32 && 1;else;22;22
examples/cxx/getting_started/excxx_example_database_load.cpp;1;!_WIN32;!_WIN32 && 1;artifact;23;23
examples/cxx/getting_started/excxx_example_database_load.cpp;1;!_WIN32;!_WIN32 && 1;endif;24;24
examples/cxx/getting_started/excxx_example_database_load.cpp;1;1;1;artifact;25;230
examples/cxx/getting_started/excxx_example_database_read.cpp;1;1;1;ROOT;1;238
examples/cxx/getting_started/excxx_example_database_read.cpp;1;1;1;artifact;1;17
examples/cxx/getting_started/excxx_example_database_read.cpp;1;_WIN32;1 && _WIN32;if;18;18
examples/cxx/getting_started/excxx_example_database_read.cpp;1;_WIN32;1 && _WIN32;artifact;19;22
examples/cxx/getting_started/excxx_example_database_read.cpp;1;!_WIN32;!_WIN32 && 1;else;23;23
examples/cxx/getting_started/excxx_example_database_read.cpp;1;!_WIN32;!_WIN32 && 1;artifact;24;24
examples/cxx/getting_started/excxx_example_database_read.cpp;1;!_WIN32;!_WIN32 && 1;endif;25;25
examples/cxx/getting_started/excxx_example_database_read.cpp;1;1;1;artifact;26;237
examples/cxx/getting_started/gettingStartedCommon.hpp;1;1;1;ROOT;1;200
examples/cxx/getting_started/gettingStartedCommon.hpp;1;1;1;artifact;1;10
examples/cxx/getting_started/gettingStartedCommon.hpp;1;!GETTINGSTARTEDCOMMON_H;1 && !GETTINGSTARTEDCOMMON_H;if;11;11
examples/cxx/getting_started/gettingStartedCommon.hpp;1;!GETTINGSTARTEDCOMMON_H;1 && !GETTINGSTARTEDCOMMON_H;artifact;12;197
examples/cxx/getting_started/gettingStartedCommon.hpp;1;!GETTINGSTARTEDCOMMON_H;1 && !GETTINGSTARTEDCOMMON_H;endif;198;198
examples/cxx/getting_started/gettingStartedCommon.hpp;1;1;1;artifact;199;199
examples/cxx/txn_guide/TxnGuide.cpp;1;1;1;ROOT;1;401
examples/cxx/txn_guide/TxnGuide.cpp;1;1;1;artifact;1;15
examples/cxx/txn_guide/TxnGuide.cpp;1;_WIN32;1 && _WIN32;if;16;16
examples/cxx/txn_guide/TxnGuide.cpp;1;_WIN32;1 && _WIN32;artifact;17;38
examples/cxx/txn_guide/TxnGuide.cpp;1;!_WIN32;!_WIN32 && 1;else;39;39
examples/cxx/txn_guide/TxnGuide.cpp;1;!_WIN32;!_WIN32 && 1;artifact;40;52
examples/cxx/txn_guide/TxnGuide.cpp;1;!_WIN32;!_WIN32 && 1;endif;53;53
examples/cxx/txn_guide/TxnGuide.cpp;1;1;1;artifact;54;96
examples/cxx/txn_guide/TxnGuide.cpp;1;_WIN32;1 && _WIN32;if;97;97
examples/cxx/txn_guide/TxnGuide.cpp;1;_WIN32;1 && _WIN32;artifact;98;98
examples/cxx/txn_guide/TxnGuide.cpp;1;!_WIN32;!_WIN32 && 1;else;99;99
examples/cxx/txn_guide/TxnGuide.cpp;1;!_WIN32;!_WIN32 && 1;artifact;100;100
examples/cxx/txn_guide/TxnGuide.cpp;1;!_WIN32;!_WIN32 && 1;endif;101;101
examples/cxx/txn_guide/TxnGuide.cpp;1;1;1;artifact;102;400
examples/cxx/txn_guide/TxnGuideInMemory.cpp;1;1;1;ROOT;1;382
examples/cxx/txn_guide/TxnGuideInMemory.cpp;1;1;1;artifact;1;15
examples/cxx/txn_guide/TxnGuideInMemory.cpp;1;_WIN32;1 && _WIN32;if;16;16
examples/cxx/txn_guide/TxnGuideInMemory.cpp;1;_WIN32;1 && _WIN32;artifact;17;38
examples/cxx/txn_guide/TxnGuideInMemory.cpp;1;!_WIN32;!_WIN32 && 1;else;39;39
examples/cxx/txn_guide/TxnGuideInMemory.cpp;1;!_WIN32;!_WIN32 && 1;artifact;40;52
examples/cxx/txn_guide/TxnGuideInMemory.cpp;1;!_WIN32;!_WIN32 && 1;endif;53;53
examples/cxx/txn_guide/TxnGuideInMemory.cpp;1;1;1;artifact;54;381
examples/stl/StlAccessExample.cpp;1;1;1;ROOT;1;145
examples/stl/StlAccessExample.cpp;1;1;1;artifact;1;22
examples/stl/StlAccessExample.cpp;1;_WIN32;1 && _WIN32;if;23;23
examples/stl/StlAccessExample.cpp;1;_WIN32;1 && _WIN32;artifact;24;27
examples/stl/StlAccessExample.cpp;1;!_WIN32;!_WIN32 && 1;else;28;28
examples/stl/StlAccessExample.cpp;1;!_WIN32;!_WIN32 && 1;artifact;29;29
examples/stl/StlAccessExample.cpp;1;!_WIN32;!_WIN32 && 1;endif;30;30
examples/stl/StlAccessExample.cpp;1;1;1;artifact;31;144
examples/stl/StlAdvancedFeatures.cpp;1;1;1;ROOT;1;1090
examples/stl/StlAdvancedFeatures.cpp;1;1;1;artifact;1;1089
examples/stl/StlAdvancedFeatures.h;1;1;1;ROOT;1;720
examples/stl/StlAdvancedFeatures.h;1;1;1;artifact;1;8
examples/stl/StlAdvancedFeatures.h;1;!_DB_STL_AFE_H__;1 && !_DB_STL_AFE_H__;if;9;9
examples/stl/StlAdvancedFeatures.h;1;!_DB_STL_AFE_H__;1 && !_DB_STL_AFE_H__;artifact;10;717
examples/stl/StlAdvancedFeatures.h;1;!_DB_STL_AFE_H__;1 && !_DB_STL_AFE_H__;endif;718;718
examples/stl/StlAdvancedFeatures.h;1;1;1;artifact;719;719
examples/stl/StlTpcbExample.cpp;1;1;1;ROOT;1;628
examples/stl/StlTpcbExample.cpp;1;1;1;artifact;1;85
examples/stl/StlTpcbExample.cpp;1;VALID_SCALING;1 && VALID_SCALING;if;86;86
examples/stl/StlTpcbExample.cpp;1;VALID_SCALING;1 && VALID_SCALING;artifact;87;90
examples/stl/StlTpcbExample.cpp;1;VALID_SCALING;1 && VALID_SCALING;endif;91;91
examples/stl/StlTpcbExample.cpp;1;1;1;artifact;92;92
examples/stl/StlTpcbExample.cpp;1;TINY;1 && TINY;if;93;93
examples/stl/StlTpcbExample.cpp;1;TINY;1 && TINY;artifact;94;97
examples/stl/StlTpcbExample.cpp;1;TINY;1 && TINY;endif;98;98
examples/stl/StlTpcbExample.cpp;1;1;1;artifact;99;99
examples/stl/StlTpcbExample.cpp;1;!DEFINED___LB__VALID_SCALING__RB__ && !DEFINED___LB__TINY__RB__;1 && !DEFINED___LB__VALID_SCALING__RB__ && !DEFINED___LB__TINY__RB__;if;100;100
examples/stl/StlTpcbExample.cpp;1;!DEFINED___LB__VALID_SCALING__RB__ && !DEFINED___LB__TINY__RB__;1 && !DEFINED___LB__VALID_SCALING__RB__ && !DEFINED___LB__TINY__RB__;artifact;101;104
examples/stl/StlTpcbExample.cpp;1;!DEFINED___LB__VALID_SCALING__RB__ && !DEFINED___LB__TINY__RB__;1 && !DEFINED___LB__VALID_SCALING__RB__ && !DEFINED___LB__TINY__RB__;endif;105;105
examples/stl/StlTpcbExample.cpp;1;1;1;artifact;106;627
examples/stl/StlTransactionGuideExample.cpp;1;1;1;ROOT;1;374
examples/stl/StlTransactionGuideExample.cpp;1;1;1;artifact;1;14
examples/stl/StlTransactionGuideExample.cpp;1;_WIN32;1 && _WIN32;if;15;15
examples/stl/StlTransactionGuideExample.cpp;1;_WIN32;1 && _WIN32;artifact;16;37
examples/stl/StlTransactionGuideExample.cpp;1;!_WIN32;!_WIN32 && 1;else;38;38
examples/stl/StlTransactionGuideExample.cpp;1;!_WIN32;!_WIN32 && 1;artifact;39;51
examples/stl/StlTransactionGuideExample.cpp;1;!_WIN32;!_WIN32 && 1;endif;52;52
examples/stl/StlTransactionGuideExample.cpp;1;1;1;artifact;53;97
examples/stl/StlTransactionGuideExample.cpp;1;_WIN32;1 && _WIN32;if;98;98
examples/stl/StlTransactionGuideExample.cpp;1;_WIN32;1 && _WIN32;artifact;99;99
examples/stl/StlTransactionGuideExample.cpp;1;!_WIN32;!_WIN32 && 1;else;100;100
examples/stl/StlTransactionGuideExample.cpp;1;!_WIN32;!_WIN32 && 1;artifact;101;101
examples/stl/StlTransactionGuideExample.cpp;1;!_WIN32;!_WIN32 && 1;endif;102;102
examples/stl/StlTransactionGuideExample.cpp;1;1;1;artifact;103;373
examples/stl/repquote/StlRepConfigInfo.cpp;1;1;1;ROOT;1;60
examples/stl/repquote/StlRepConfigInfo.cpp;1;1;1;artifact;1;59
examples/stl/repquote/StlRepConfigInfo.h;1;1;1;ROOT;1;39
examples/stl/repquote/StlRepConfigInfo.h;1;1;1;artifact;1;38
examples/stl/repquote/StlRepQuoteExample.cpp;1;1;1;ROOT;1;771
examples/stl/repquote/StlRepQuoteExample.cpp;1;1;1;artifact;1;57
examples/stl/repquote/StlRepQuoteExample.cpp;1;_WIN32;1 && _WIN32;if;58;58
examples/stl/repquote/StlRepQuoteExample.cpp;1;_WIN32;1 && _WIN32;artifact;59;77
examples/stl/repquote/StlRepQuoteExample.cpp;1;!_WIN32;!_WIN32 && 1;else;78;78
examples/stl/repquote/StlRepQuoteExample.cpp;1;!_WIN32;!_WIN32 && 1;artifact;79;85
examples/stl/repquote/StlRepQuoteExample.cpp;1;!_WIN32;!_WIN32 && 1;endif;86;86
examples/stl/repquote/StlRepQuoteExample.cpp;1;1;1;artifact;87;770
lang/cxx/cxx_channel.cpp;1;1;1;ROOT;1;106
lang/cxx/cxx_channel.cpp;1;1;1;artifact;1;105
lang/cxx/cxx_db.cpp;1;1;1;ROOT;1;851
lang/cxx/cxx_db.cpp;1;1;1;artifact;1;850
lang/cxx/cxx_dbc.cpp;1;1;1;ROOT;1;125
lang/cxx/cxx_dbc.cpp;1;1;1;artifact;1;124
lang/cxx/cxx_dbt.cpp;1;1;1;ROOT;1;58
lang/cxx/cxx_dbt.cpp;1;1;1;artifact;1;57
lang/cxx/cxx_env.cpp;1;1;1;ROOT;1;1476
lang/cxx/cxx_env.cpp;1;1;1;artifact;1;21
lang/cxx/cxx_env.cpp;1;HAVE_CXX_STDHEADERS;1 && HAVE_CXX_STDHEADERS;if;22;22
lang/cxx/cxx_env.cpp;1;HAVE_CXX_STDHEADERS;1 && HAVE_CXX_STDHEADERS;artifact;23;23
lang/cxx/cxx_env.cpp;1;HAVE_CXX_STDHEADERS;1 && HAVE_CXX_STDHEADERS;endif;24;24
lang/cxx/cxx_env.cpp;1;1;1;artifact;25;1475
lang/cxx/cxx_except.cpp;1;1;1;ROOT;1;358
lang/cxx/cxx_except.cpp;1;1;1;artifact;1;357
lang/cxx/cxx_lock.cpp;1;1;1;ROOT;1;43
lang/cxx/cxx_lock.cpp;1;1;1;artifact;1;42
lang/cxx/cxx_logc.cpp;1;1;1;ROOT;1;80
lang/cxx/cxx_logc.cpp;1;1;1;artifact;1;79
lang/cxx/cxx_mpool.cpp;1;1;1;ROOT;1;130
lang/cxx/cxx_mpool.cpp;1;1;1;artifact;1;129
lang/cxx/cxx_multi.cpp;1;1;1;ROOT;1;125
lang/cxx/cxx_multi.cpp;1;1;1;artifact;1;124
lang/cxx/cxx_rid.cpp;1;1;1;ROOT;1;48
lang/cxx/cxx_rid.cpp;1;1;1;artifact;1;47
lang/cxx/cxx_seq.cpp;1;1;1;ROOT;1;111
lang/cxx/cxx_seq.cpp;1;1;1;artifact;1;110
lang/cxx/cxx_site.cpp;1;1;1;ROOT;1;59
lang/cxx/cxx_site.cpp;1;1;1;artifact;1;58
lang/cxx/cxx_txn.cpp;1;1;1;ROOT;1;119
lang/cxx/cxx_txn.cpp;1;1;1;artifact;1;118
lang/cxx/stl/dbstl_base_iterator.h;1;1;1;ROOT;1;500
lang/cxx/stl/dbstl_base_iterator.h;1;1;1;artifact;1;8
lang/cxx/stl/dbstl_base_iterator.h;1;!_DB_STL_DB_BASE_ITERATOR_H;1 && !_DB_STL_DB_BASE_ITERATOR_H;if;9;9
lang/cxx/stl/dbstl_base_iterator.h;1;!_DB_STL_DB_BASE_ITERATOR_H;1 && !_DB_STL_DB_BASE_ITERATOR_H;artifact;10;132
lang/cxx/stl/dbstl_base_iterator.h;1;NEVER_DEFINE_THIS_MACRO_IT_IS_FOR_DOXYGEN_ONLY;1 && !_DB_STL_DB_BASE_ITERATOR_H && NEVER_DEFINE_THIS_MACRO_IT_IS_FOR_DOXYGEN_ONLY;if;133;133
lang/cxx/stl/dbstl_base_iterator.h;1;NEVER_DEFINE_THIS_MACRO_IT_IS_FOR_DOXYGEN_ONLY;1 && !_DB_STL_DB_BASE_ITERATOR_H && NEVER_DEFINE_THIS_MACRO_IT_IS_FOR_DOXYGEN_ONLY;artifact;134;161
lang/cxx/stl/dbstl_base_iterator.h;1;NEVER_DEFINE_THIS_MACRO_IT_IS_FOR_DOXYGEN_ONLY;1 && !_DB_STL_DB_BASE_ITERATOR_H && NEVER_DEFINE_THIS_MACRO_IT_IS_FOR_DOXYGEN_ONLY;endif;162;162
lang/cxx/stl/dbstl_base_iterator.h;1;!_DB_STL_DB_BASE_ITERATOR_H;1 && !_DB_STL_DB_BASE_ITERATOR_H;artifact;163;497
lang/cxx/stl/dbstl_base_iterator.h;1;!_DB_STL_DB_BASE_ITERATOR_H;1 && !_DB_STL_DB_BASE_ITERATOR_H;endif;498;498
lang/cxx/stl/dbstl_base_iterator.h;1;1;1;artifact;499;499
lang/cxx/stl/dbstl_container.cpp;1;1;1;ROOT;1;528
lang/cxx/stl/dbstl_container.cpp;1;1;1;artifact;1;527
lang/cxx/stl/dbstl_container.h;1;1;1;ROOT;1;584
lang/cxx/stl/dbstl_container.h;1;1;1;artifact;1;8
lang/cxx/stl/dbstl_container.h;1;!_DB_STL_CONTAINER_H__;1 && !_DB_STL_CONTAINER_H__;if;9;9
lang/cxx/stl/dbstl_container.h;1;!_DB_STL_CONTAINER_H__;1 && !_DB_STL_CONTAINER_H__;artifact;10;581
lang/cxx/stl/dbstl_container.h;1;!_DB_STL_CONTAINER_H__;1 && !_DB_STL_CONTAINER_H__;endif;582;582
lang/cxx/stl/dbstl_container.h;1;1;1;artifact;583;583
lang/cxx/stl/dbstl_dbc.h;1;1;1;ROOT;1;1330
lang/cxx/stl/dbstl_dbc.h;1;1;1;artifact;1;8
lang/cxx/stl/dbstl_dbc.h;1;!_DB_STL_DBC_H;1 && !_DB_STL_DBC_H;if;9;9
lang/cxx/stl/dbstl_dbc.h;1;!_DB_STL_DBC_H;1 && !_DB_STL_DBC_H;artifact;10;1327
lang/cxx/stl/dbstl_dbc.h;1;!_DB_STL_DBC_H;1 && !_DB_STL_DBC_H;endif;1328;1328
lang/cxx/stl/dbstl_dbc.h;1;1;1;artifact;1329;1329
lang/cxx/stl/dbstl_dbt.h;1;1;1;ROOT;1;805
lang/cxx/stl/dbstl_dbt.h;1;1;1;artifact;1;8
lang/cxx/stl/dbstl_dbt.h;1;!_DB_STL_DBT_H;1 && !_DB_STL_DBT_H;if;9;9
lang/cxx/stl/dbstl_dbt.h;1;!_DB_STL_DBT_H;1 && !_DB_STL_DBT_H;artifact;10;38
lang/cxx/stl/dbstl_dbt.h;1;HAVE_WSTRING;1 && !_DB_STL_DBT_H && HAVE_WSTRING;if;39;39
lang/cxx/stl/dbstl_dbt.h;1;HAVE_WSTRING;1 && !_DB_STL_DBT_H && HAVE_WSTRING;artifact;40;40
lang/cxx/stl/dbstl_dbt.h;1;HAVE_WSTRING;1 && !_DB_STL_DBT_H && HAVE_WSTRING;endif;41;41
lang/cxx/stl/dbstl_dbt.h;1;!_DB_STL_DBT_H;1 && !_DB_STL_DBT_H;artifact;42;247
lang/cxx/stl/dbstl_dbt.h;1;HAVE_WSTRING;1 && !_DB_STL_DBT_H && HAVE_WSTRING;if;248;248
lang/cxx/stl/dbstl_dbt.h;1;HAVE_WSTRING;1 && !_DB_STL_DBT_H && HAVE_WSTRING;artifact;249;253
lang/cxx/stl/dbstl_dbt.h;1;HAVE_WSTRING;1 && !_DB_STL_DBT_H && HAVE_WSTRING;endif;254;254
lang/cxx/stl/dbstl_dbt.h;1;!_DB_STL_DBT_H;1 && !_DB_STL_DBT_H;artifact;255;460
lang/cxx/stl/dbstl_dbt.h;1;HAVE_WSTRING;1 && !_DB_STL_DBT_H && HAVE_WSTRING;if;461;461
lang/cxx/stl/dbstl_dbt.h;1;HAVE_WSTRING;1 && !_DB_STL_DBT_H && HAVE_WSTRING;artifact;462;466
lang/cxx/stl/dbstl_dbt.h;1;HAVE_WSTRING;1 && !_DB_STL_DBT_H && HAVE_WSTRING;endif;467;467
lang/cxx/stl/dbstl_dbt.h;1;!_DB_STL_DBT_H;1 && !_DB_STL_DBT_H;artifact;468;644
lang/cxx/stl/dbstl_dbt.h;1;HAVE_WSTRING;1 && !_DB_STL_DBT_H && HAVE_WSTRING;if;645;645
lang/cxx/stl/dbstl_dbt.h;1;HAVE_WSTRING;1 && !_DB_STL_DBT_H && HAVE_WSTRING;artifact;646;649
lang/cxx/stl/dbstl_dbt.h;1;HAVE_WSTRING;1 && !_DB_STL_DBT_H && HAVE_WSTRING;endif;650;650
lang/cxx/stl/dbstl_dbt.h;1;!_DB_STL_DBT_H;1 && !_DB_STL_DBT_H;artifact;651;765
lang/cxx/stl/dbstl_dbt.h;1;HAVE_WSTRING;1 && !_DB_STL_DBT_H && HAVE_WSTRING;if;766;766
lang/cxx/stl/dbstl_dbt.h;1;HAVE_WSTRING;1 && !_DB_STL_DBT_H && HAVE_WSTRING;artifact;767;770
lang/cxx/stl/dbstl_dbt.h;1;HAVE_WSTRING;1 && !_DB_STL_DBT_H && HAVE_WSTRING;endif;771;771
lang/cxx/stl/dbstl_dbt.h;1;!_DB_STL_DBT_H;1 && !_DB_STL_DBT_H;artifact;772;802
lang/cxx/stl/dbstl_dbt.h;1;!_DB_STL_DBT_H;1 && !_DB_STL_DBT_H;endif;803;803
lang/cxx/stl/dbstl_dbt.h;1;1;1;artifact;804;804
lang/cxx/stl/dbstl_element_ref.h;1;1;1;ROOT;1;875
lang/cxx/stl/dbstl_element_ref.h;1;1;1;artifact;1;8
lang/cxx/stl/dbstl_element_ref.h;1;!_DB_STL_KDPAIR_H;1 && !_DB_STL_KDPAIR_H;if;9;9
lang/cxx/stl/dbstl_element_ref.h;1;!_DB_STL_KDPAIR_H;1 && !_DB_STL_KDPAIR_H;artifact;10;224
lang/cxx/stl/dbstl_element_ref.h;1;!DOXYGEN_CANNOT_SEE_THIS;1 && !_DB_STL_KDPAIR_H && !DOXYGEN_CANNOT_SEE_THIS;if;225;225
lang/cxx/stl/dbstl_element_ref.h;1;!DOXYGEN_CANNOT_SEE_THIS;1 && !_DB_STL_KDPAIR_H && !DOXYGEN_CANNOT_SEE_THIS;artifact;226;280
lang/cxx/stl/dbstl_element_ref.h;1;DOXYGEN_CANNOT_SEE_THIS;DOXYGEN_CANNOT_SEE_THIS && 1 && !_DB_STL_KDPAIR_H;else;281;281
lang/cxx/stl/dbstl_element_ref.h;1;DOXYGEN_CANNOT_SEE_THIS;DOXYGEN_CANNOT_SEE_THIS && 1 && !_DB_STL_KDPAIR_H;artifact;282;282
lang/cxx/stl/dbstl_element_ref.h;1;DOXYGEN_CANNOT_SEE_THIS;DOXYGEN_CANNOT_SEE_THIS && 1 && !_DB_STL_KDPAIR_H;endif;283;283
lang/cxx/stl/dbstl_element_ref.h;1;!_DB_STL_KDPAIR_H;1 && !_DB_STL_KDPAIR_H;artifact;284;636
lang/cxx/stl/dbstl_element_ref.h;1;!DOXYGEN_CANNOT_SEE_THIS;1 && !_DB_STL_KDPAIR_H && !DOXYGEN_CANNOT_SEE_THIS;if;637;637
lang/cxx/stl/dbstl_element_ref.h;1;!DOXYGEN_CANNOT_SEE_THIS;1 && !_DB_STL_KDPAIR_H && !DOXYGEN_CANNOT_SEE_THIS;artifact;638;718
lang/cxx/stl/dbstl_element_ref.h;1;DOXYGEN_CANNOT_SEE_THIS;DOXYGEN_CANNOT_SEE_THIS && 1 && !_DB_STL_KDPAIR_H;else;719;719
lang/cxx/stl/dbstl_element_ref.h;1;DOXYGEN_CANNOT_SEE_THIS;DOXYGEN_CANNOT_SEE_THIS && 1 && !_DB_STL_KDPAIR_H;artifact;720;720
lang/cxx/stl/dbstl_element_ref.h;1;DOXYGEN_CANNOT_SEE_THIS;DOXYGEN_CANNOT_SEE_THIS && 1 && !_DB_STL_KDPAIR_H;endif;721;721
lang/cxx/stl/dbstl_element_ref.h;1;!_DB_STL_KDPAIR_H;1 && !_DB_STL_KDPAIR_H;artifact;722;872
lang/cxx/stl/dbstl_element_ref.h;1;!_DB_STL_KDPAIR_H;1 && !_DB_STL_KDPAIR_H;endif;873;873
lang/cxx/stl/dbstl_element_ref.h;1;1;1;artifact;874;874
lang/cxx/stl/dbstl_exception.h;1;1;1;ROOT;1;259
lang/cxx/stl/dbstl_exception.h;1;1;1;artifact;1;8
lang/cxx/stl/dbstl_exception.h;1;!_DB_STL_EXCEPTION_H;1 && !_DB_STL_EXCEPTION_H;if;9;9
lang/cxx/stl/dbstl_exception.h;1;!_DB_STL_EXCEPTION_H;1 && !_DB_STL_EXCEPTION_H;artifact;10;173
lang/cxx/stl/dbstl_exception.h;1;DEBUG;1 && !_DB_STL_EXCEPTION_H && DEBUG;if;174;174
lang/cxx/stl/dbstl_exception.h;1;DEBUG;1 && !_DB_STL_EXCEPTION_H && DEBUG;artifact;175;175
lang/cxx/stl/dbstl_exception.h;1;DEBUG;1 && !_DB_STL_EXCEPTION_H && DEBUG;endif;176;176
lang/cxx/stl/dbstl_exception.h;1;!_DB_STL_EXCEPTION_H;1 && !_DB_STL_EXCEPTION_H;artifact;177;212
lang/cxx/stl/dbstl_exception.h;1;DEBUG;1 && !_DB_STL_EXCEPTION_H && DEBUG;if;213;213
lang/cxx/stl/dbstl_exception.h;1;DEBUG;1 && !_DB_STL_EXCEPTION_H && DEBUG;artifact;214;214
lang/cxx/stl/dbstl_exception.h;1;DEBUG;1 && !_DB_STL_EXCEPTION_H && DEBUG;endif;215;215
lang/cxx/stl/dbstl_exception.h;1;!_DB_STL_EXCEPTION_H;1 && !_DB_STL_EXCEPTION_H;artifact;216;220
lang/cxx/stl/dbstl_exception.h;1;DEBUG;1 && !_DB_STL_EXCEPTION_H && DEBUG;if;221;221
lang/cxx/stl/dbstl_exception.h;1;DEBUG;1 && !_DB_STL_EXCEPTION_H && DEBUG;artifact;222;222
lang/cxx/stl/dbstl_exception.h;1;DEBUG;1 && !_DB_STL_EXCEPTION_H && DEBUG;endif;223;223
lang/cxx/stl/dbstl_exception.h;1;!_DB_STL_EXCEPTION_H;1 && !_DB_STL_EXCEPTION_H;artifact;224;245
lang/cxx/stl/dbstl_exception.h;1;DEBUG;1 && !_DB_STL_EXCEPTION_H && DEBUG;if;246;246
lang/cxx/stl/dbstl_exception.h;1;DEBUG;1 && !_DB_STL_EXCEPTION_H && DEBUG;artifact;247;247
lang/cxx/stl/dbstl_exception.h;1;DEBUG;1 && !_DB_STL_EXCEPTION_H && DEBUG;endif;248;248
lang/cxx/stl/dbstl_exception.h;1;!_DB_STL_EXCEPTION_H;1 && !_DB_STL_EXCEPTION_H;artifact;249;256
lang/cxx/stl/dbstl_exception.h;1;!_DB_STL_EXCEPTION_H;1 && !_DB_STL_EXCEPTION_H;endif;257;257
lang/cxx/stl/dbstl_exception.h;1;1;1;artifact;258;258
lang/cxx/stl/dbstl_inner_utility.h;1;1;1;ROOT;1;61
lang/cxx/stl/dbstl_inner_utility.h;1;1;1;artifact;1;8
lang/cxx/stl/dbstl_inner_utility.h;1;!_DB_STL_GLOBAL_INNER_OBJECT_;1 && !_DB_STL_GLOBAL_INNER_OBJECT_;if;9;9
lang/cxx/stl/dbstl_inner_utility.h;1;!_DB_STL_GLOBAL_INNER_OBJECT_;1 && !_DB_STL_GLOBAL_INNER_OBJECT_;artifact;10;57
lang/cxx/stl/dbstl_inner_utility.h;1;!_DB_STL_GLOBAL_INNER_OBJECT_;1 && !_DB_STL_GLOBAL_INNER_OBJECT_;endif;58;58
lang/cxx/stl/dbstl_inner_utility.h;1;1;1;artifact;59;60
lang/cxx/stl/dbstl_map.h;1;1;1;ROOT;1;3397
lang/cxx/stl/dbstl_map.h;1;1;1;artifact;1;8
lang/cxx/stl/dbstl_map.h;1;!_DB_STL_DB_MAP_H_;1 && !_DB_STL_DB_MAP_H_;if;9;9
lang/cxx/stl/dbstl_map.h;1;!_DB_STL_DB_MAP_H_;1 && !_DB_STL_DB_MAP_H_;artifact;10;656
lang/cxx/stl/dbstl_map.h;1;!DOXYGEN_CANNOT_SEE_THIS;1 && !_DB_STL_DB_MAP_H_ && !DOXYGEN_CANNOT_SEE_THIS;if;657;657
lang/cxx/stl/dbstl_map.h;1;NO_MEMBER_FUNCTION_PARTIAL_SPECIALIZATION;1 && !_DB_STL_DB_MAP_H_ && !DOXYGEN_CANNOT_SEE_THIS && NO_MEMBER_FUNCTION_PARTIAL_SPECIALIZATION;if;658;658
lang/cxx/stl/dbstl_map.h;1;NO_MEMBER_FUNCTION_PARTIAL_SPECIALIZATION;1 && !_DB_STL_DB_MAP_H_ && !DOXYGEN_CANNOT_SEE_THIS && NO_MEMBER_FUNCTION_PARTIAL_SPECIALIZATION;artifact;659;672
lang/cxx/stl/dbstl_map.h;1;!NO_MEMBER_FUNCTION_PARTIAL_SPECIALIZATION;!NO_MEMBER_FUNCTION_PARTIAL_SPECIALIZATION && 1 && !_DB_STL_DB_MAP_H_ && !DOXYGEN_CANNOT_SEE_THIS;else;673;673
lang/cxx/stl/dbstl_map.h;1;!NO_MEMBER_FUNCTION_PARTIAL_SPECIALIZATION;!NO_MEMBER_FUNCTION_PARTIAL_SPECIALIZATION && 1 && !_DB_STL_DB_MAP_H_ && !DOXYGEN_CANNOT_SEE_THIS;artifact;674;690
lang/cxx/stl/dbstl_map.h;1;!NO_MEMBER_FUNCTION_PARTIAL_SPECIALIZATION;!NO_MEMBER_FUNCTION_PARTIAL_SPECIALIZATION && 1 && !_DB_STL_DB_MAP_H_ && !DOXYGEN_CANNOT_SEE_THIS;endif;691;691
lang/cxx/stl/dbstl_map.h;1;!DOXYGEN_CANNOT_SEE_THIS;1 && !_DB_STL_DB_MAP_H_ && !DOXYGEN_CANNOT_SEE_THIS;artifact;692;692
lang/cxx/stl/dbstl_map.h;1;DOXYGEN_CANNOT_SEE_THIS;DOXYGEN_CANNOT_SEE_THIS && 1 && !_DB_STL_DB_MAP_H_;else;693;693
lang/cxx/stl/dbstl_map.h;1;DOXYGEN_CANNOT_SEE_THIS;DOXYGEN_CANNOT_SEE_THIS && 1 && !_DB_STL_DB_MAP_H_;artifact;694;694
lang/cxx/stl/dbstl_map.h;1;DOXYGEN_CANNOT_SEE_THIS;DOXYGEN_CANNOT_SEE_THIS && 1 && !_DB_STL_DB_MAP_H_;endif;695;695
lang/cxx/stl/dbstl_map.h;1;!_DB_STL_DB_MAP_H_;1 && !_DB_STL_DB_MAP_H_;artifact;696;699
lang/cxx/stl/dbstl_map.h;1;NO_MEMBER_FUNCTION_PARTIAL_SPECIALIZATION;1 && !_DB_STL_DB_MAP_H_ && NO_MEMBER_FUNCTION_PARTIAL_SPECIALIZATION;if;700;700
lang/cxx/stl/dbstl_map.h;1;NO_MEMBER_FUNCTION_PARTIAL_SPECIALIZATION;1 && !_DB_STL_DB_MAP_H_ && NO_MEMBER_FUNCTION_PARTIAL_SPECIALIZATION;artifact;701;702
lang/cxx/stl/dbstl_map.h;1;NO_MEMBER_FUNCTION_PARTIAL_SPECIALIZATION;1 && !_DB_STL_DB_MAP_H_ && NO_MEMBER_FUNCTION_PARTIAL_SPECIALIZATION;endif;703;703
lang/cxx/stl/dbstl_map.h;1;!_DB_STL_DB_MAP_H_;1 && !_DB_STL_DB_MAP_H_;artifact;704;1068
lang/cxx/stl/dbstl_map.h;1;!DOXYGEN_CANNOT_SEE_THIS;1 && !_DB_STL_DB_MAP_H_ && !DOXYGEN_CANNOT_SEE_THIS;if;1069;1069
lang/cxx/stl/dbstl_map.h;1;NO_MEMBER_FUNCTION_PARTIAL_SPECIALIZATION;1 && !_DB_STL_DB_MAP_H_ && !DOXYGEN_CANNOT_SEE_THIS && NO_MEMBER_FUNCTION_PARTIAL_SPECIALIZATION;if;1070;1070
lang/cxx/stl/dbstl_map.h;1;NO_MEMBER_FUNCTION_PARTIAL_SPECIALIZATION;1 && !_DB_STL_DB_MAP_H_ && !DOXYGEN_CANNOT_SEE_THIS && NO_MEMBER_FUNCTION_PARTIAL_SPECIALIZATION;artifact;1071;1085
lang/cxx/stl/dbstl_map.h;1;!NO_MEMBER_FUNCTION_PARTIAL_SPECIALIZATION;!NO_MEMBER_FUNCTION_PARTIAL_SPECIALIZATION && 1 && !_DB_STL_DB_MAP_H_ && !DOXYGEN_CANNOT_SEE_THIS;else;1086;1086
lang/cxx/stl/dbstl_map.h;1;!NO_MEMBER_FUNCTION_PARTIAL_SPECIALIZATION;!NO_MEMBER_FUNCTION_PARTIAL_SPECIALIZATION && 1 && !_DB_STL_DB_MAP_H_ && !DOXYGEN_CANNOT_SEE_THIS;artifact;1087;1103
lang/cxx/stl/dbstl_map.h;1;!NO_MEMBER_FUNCTION_PARTIAL_SPECIALIZATION;!NO_MEMBER_FUNCTION_PARTIAL_SPECIALIZATION && 1 && !_DB_STL_DB_MAP_H_ && !DOXYGEN_CANNOT_SEE_THIS;endif;1104;1104
lang/cxx/stl/dbstl_map.h;1;DOXYGEN_CANNOT_SEE_THIS;DOXYGEN_CANNOT_SEE_THIS && 1 && !_DB_STL_DB_MAP_H_;else;1105;1105
lang/cxx/stl/dbstl_map.h;1;DOXYGEN_CANNOT_SEE_THIS;DOXYGEN_CANNOT_SEE_THIS && 1 && !_DB_STL_DB_MAP_H_;artifact;1106;1106
lang/cxx/stl/dbstl_map.h;1;DOXYGEN_CANNOT_SEE_THIS;DOXYGEN_CANNOT_SEE_THIS && 1 && !_DB_STL_DB_MAP_H_;endif;1107;1107
lang/cxx/stl/dbstl_map.h;1;!_DB_STL_DB_MAP_H_;1 && !_DB_STL_DB_MAP_H_;artifact;1108;3394
lang/cxx/stl/dbstl_map.h;1;!_DB_STL_DB_MAP_H_;1 && !_DB_STL_DB_MAP_H_;endif;3395;3395
lang/cxx/stl/dbstl_map.h;1;1;1;artifact;3396;3396
lang/cxx/stl/dbstl_resource_manager.cpp;1;1;1;ROOT;1;1071
lang/cxx/stl/dbstl_resource_manager.cpp;1;1;1;artifact;1;41
lang/cxx/stl/dbstl_resource_manager.cpp;1;TLS_DEFN_MODIFIER;1 && TLS_DEFN_MODIFIER;if;42;42
lang/cxx/stl/dbstl_resource_manager.cpp;1;TLS_DEFN_MODIFIER;1 && TLS_DEFN_MODIFIER;artifact;43;43
lang/cxx/stl/dbstl_resource_manager.cpp;1;DEFINED___LB__HAVE_PTHREAD_TLS__RB__ && !TLS_DEFN_MODIFIER;DEFINED___LB__HAVE_PTHREAD_TLS__RB__ && !TLS_DEFN_MODIFIER && 1;elif;44;44
lang/cxx/stl/dbstl_resource_manager.cpp;1;DEFINED___LB__HAVE_PTHREAD_TLS__RB__ && !TLS_DEFN_MODIFIER;DEFINED___LB__HAVE_PTHREAD_TLS__RB__ && !TLS_DEFN_MODIFIER && 1;artifact;45;58
lang/cxx/stl/dbstl_resource_manager.cpp;1;!DEFINED___LB__HAVE_PTHREAD_TLS__RB__ && !TLS_DEFN_MODIFIER;!DEFINED___LB__HAVE_PTHREAD_TLS__RB__ && !TLS_DEFN_MODIFIER && 1;else;59;59
lang/cxx/stl/dbstl_resource_manager.cpp;1;!DEFINED___LB__HAVE_PTHREAD_TLS__RB__ && !TLS_DEFN_MODIFIER;!DEFINED___LB__HAVE_PTHREAD_TLS__RB__ && !TLS_DEFN_MODIFIER && 1;artifact;60;60
lang/cxx/stl/dbstl_resource_manager.cpp;1;!DEFINED___LB__HAVE_PTHREAD_TLS__RB__ && !TLS_DEFN_MODIFIER;!DEFINED___LB__HAVE_PTHREAD_TLS__RB__ && !TLS_DEFN_MODIFIER && 1;endif;61;61
lang/cxx/stl/dbstl_resource_manager.cpp;1;1;1;artifact;62;483
lang/cxx/stl/dbstl_resource_manager.cpp;1;HAVE_PTHREAD_TLS;1 && HAVE_PTHREAD_TLS;if;484;484
lang/cxx/stl/dbstl_resource_manager.cpp;1;HAVE_PTHREAD_TLS;1 && HAVE_PTHREAD_TLS;artifact;485;486
lang/cxx/stl/dbstl_resource_manager.cpp;1;HAVE_PTHREAD_TLS;1 && HAVE_PTHREAD_TLS;endif;487;487
lang/cxx/stl/dbstl_resource_manager.cpp;1;1;1;artifact;488;1070
lang/cxx/stl/dbstl_resource_manager.h;1;1;1;ROOT;1;361
lang/cxx/stl/dbstl_resource_manager.h;1;1;1;artifact;1;8
lang/cxx/stl/dbstl_resource_manager.h;1;!_DB_STL_RESOURCE_MANAGER_H__;1 && !_DB_STL_RESOURCE_MANAGER_H__;if;9;9
lang/cxx/stl/dbstl_resource_manager.h;1;!_DB_STL_RESOURCE_MANAGER_H__;1 && !_DB_STL_RESOURCE_MANAGER_H__;artifact;10;91
lang/cxx/stl/dbstl_resource_manager.h;1;WIN32;1 && !_DB_STL_RESOURCE_MANAGER_H__ && WIN32;if;92;92
lang/cxx/stl/dbstl_resource_manager.h;1;WIN32;1 && !_DB_STL_RESOURCE_MANAGER_H__ && WIN32;artifact;93;94
lang/cxx/stl/dbstl_resource_manager.h;1;WIN32;1 && !_DB_STL_RESOURCE_MANAGER_H__ && WIN32;endif;95;95
lang/cxx/stl/dbstl_resource_manager.h;1;!_DB_STL_RESOURCE_MANAGER_H__;1 && !_DB_STL_RESOURCE_MANAGER_H__;artifact;96;98
lang/cxx/stl/dbstl_resource_manager.h;1;TLS_DECL_MODIFIER;1 && !_DB_STL_RESOURCE_MANAGER_H__ && TLS_DECL_MODIFIER;if;99;99
lang/cxx/stl/dbstl_resource_manager.h;1;TLS_DECL_MODIFIER;1 && !_DB_STL_RESOURCE_MANAGER_H__ && TLS_DECL_MODIFIER;artifact;100;120
lang/cxx/stl/dbstl_resource_manager.h;1;DEFINED___LB__HAVE_PTHREAD_TLS__RB__ && !TLS_DECL_MODIFIER;DEFINED___LB__HAVE_PTHREAD_TLS__RB__ && !TLS_DECL_MODIFIER && 1 && !_DB_STL_RESOURCE_MANAGER_H__;elif;121;121
lang/cxx/stl/dbstl_resource_manager.h;1;DEFINED___LB__HAVE_PTHREAD_TLS__RB__ && !TLS_DECL_MODIFIER;DEFINED___LB__HAVE_PTHREAD_TLS__RB__ && !TLS_DECL_MODIFIER && 1 && !_DB_STL_RESOURCE_MANAGER_H__;artifact;122;143
lang/cxx/stl/dbstl_resource_manager.h;1;!DEFINED___LB__HAVE_PTHREAD_TLS__RB__ && !TLS_DECL_MODIFIER;!DEFINED___LB__HAVE_PTHREAD_TLS__RB__ && !TLS_DECL_MODIFIER && 1 && !_DB_STL_RESOURCE_MANAGER_H__;else;144;144
lang/cxx/stl/dbstl_resource_manager.h;1;!DEFINED___LB__HAVE_PTHREAD_TLS__RB__ && !TLS_DECL_MODIFIER;!DEFINED___LB__HAVE_PTHREAD_TLS__RB__ && !TLS_DECL_MODIFIER && 1 && !_DB_STL_RESOURCE_MANAGER_H__;artifact;145;145
lang/cxx/stl/dbstl_resource_manager.h;1;!DEFINED___LB__HAVE_PTHREAD_TLS__RB__ && !TLS_DECL_MODIFIER;!DEFINED___LB__HAVE_PTHREAD_TLS__RB__ && !TLS_DECL_MODIFIER && 1 && !_DB_STL_RESOURCE_MANAGER_H__;endif;146;146
lang/cxx/stl/dbstl_resource_manager.h;1;!_DB_STL_RESOURCE_MANAGER_H__;1 && !_DB_STL_RESOURCE_MANAGER_H__;artifact;147;355
lang/cxx/stl/dbstl_resource_manager.h;1;WIN32;1 && !_DB_STL_RESOURCE_MANAGER_H__ && WIN32;if;356;356
lang/cxx/stl/dbstl_resource_manager.h;1;WIN32;1 && !_DB_STL_RESOURCE_MANAGER_H__ && WIN32;artifact;357;357
lang/cxx/stl/dbstl_resource_manager.h;1;WIN32;1 && !_DB_STL_RESOURCE_MANAGER_H__ && WIN32;endif;358;358
lang/cxx/stl/dbstl_resource_manager.h;1;!_DB_STL_RESOURCE_MANAGER_H__;1 && !_DB_STL_RESOURCE_MANAGER_H__;endif;359;359
lang/cxx/stl/dbstl_resource_manager.h;1;1;1;artifact;360;360
lang/cxx/stl/dbstl_set.h;1;1;1;ROOT;1;1585
lang/cxx/stl/dbstl_set.h;1;1;1;artifact;1;8
lang/cxx/stl/dbstl_set.h;1;!_DB_STL_DB_SET_H_;1 && !_DB_STL_DB_SET_H_;if;9;9
lang/cxx/stl/dbstl_set.h;1;!_DB_STL_DB_SET_H_;1 && !_DB_STL_DB_SET_H_;artifact;10;1582
lang/cxx/stl/dbstl_set.h;1;!_DB_STL_DB_SET_H_;1 && !_DB_STL_DB_SET_H_;endif;1583;1583
lang/cxx/stl/dbstl_set.h;1;1;1;artifact;1584;1584
lang/cxx/stl/dbstl_utility.h;1;1;1;ROOT;1;498
lang/cxx/stl/dbstl_utility.h;1;1;1;artifact;1;8
lang/cxx/stl/dbstl_utility.h;1;!_DB_STL_UTILITY_H__;1 && !_DB_STL_UTILITY_H__;if;9;9
lang/cxx/stl/dbstl_utility.h;1;!_DB_STL_UTILITY_H__;1 && !_DB_STL_UTILITY_H__;artifact;10;493
lang/cxx/stl/dbstl_utility.h;1;!_DB_STL_UTILITY_H__;1 && !_DB_STL_UTILITY_H__;endif;494;494
lang/cxx/stl/dbstl_utility.h;1;1;1;artifact;495;497
lang/cxx/stl/dbstl_vector.h;1;1;1;ROOT;1;3334
lang/cxx/stl/dbstl_vector.h;1;1;1;artifact;1;8
lang/cxx/stl/dbstl_vector.h;1;!_DB_STL_DB_VECTOR_H;1 && !_DB_STL_DB_VECTOR_H;if;9;9
lang/cxx/stl/dbstl_vector.h;1;!_DB_STL_DB_VECTOR_H;1 && !_DB_STL_DB_VECTOR_H;artifact;10;3330
lang/cxx/stl/dbstl_vector.h;1;!_DB_STL_DB_VECTOR_H;1 && !_DB_STL_DB_VECTOR_H;endif;3331;3331
lang/cxx/stl/dbstl_vector.h;1;1;1;artifact;3332;3333
lang/tcl/tcl_compat.c;1;1;1;ROOT;1;739
lang/tcl/tcl_compat.c;1;1;1;artifact;1;9
lang/tcl/tcl_compat.c;1;CONFIG_TEST;1 && CONFIG_TEST;if;10;10
lang/tcl/tcl_compat.c;1;CONFIG_TEST;1 && CONFIG_TEST;artifact;11;12
lang/tcl/tcl_compat.c;1;HAVE_SYSTEM_INCLUDE_FILES;1 && CONFIG_TEST && HAVE_SYSTEM_INCLUDE_FILES;if;13;13
lang/tcl/tcl_compat.c;1;HAVE_SYSTEM_INCLUDE_FILES;1 && CONFIG_TEST && HAVE_SYSTEM_INCLUDE_FILES;artifact;14;14
lang/tcl/tcl_compat.c;1;HAVE_SYSTEM_INCLUDE_FILES;1 && CONFIG_TEST && HAVE_SYSTEM_INCLUDE_FILES;endif;15;15
lang/tcl/tcl_compat.c;1;CONFIG_TEST;1 && CONFIG_TEST;artifact;16;736
lang/tcl/tcl_compat.c;1;CONFIG_TEST;1 && CONFIG_TEST;endif;737;737
lang/tcl/tcl_compat.c;1;1;1;artifact;738;738
lang/tcl/tcl_db.c;1;1;1;ROOT;1;4372
lang/tcl/tcl_db.c;1;1;1;artifact;1;11
lang/tcl/tcl_db.c;1;HAVE_SYSTEM_INCLUDE_FILES;1 && HAVE_SYSTEM_INCLUDE_FILES;if;12;12
lang/tcl/tcl_db.c;1;HAVE_SYSTEM_INCLUDE_FILES;1 && HAVE_SYSTEM_INCLUDE_FILES;artifact;13;13
lang/tcl/tcl_db.c;1;HAVE_SYSTEM_INCLUDE_FILES;1 && HAVE_SYSTEM_INCLUDE_FILES;endif;14;14
lang/tcl/tcl_db.c;1;1;1;artifact;15;29
lang/tcl/tcl_db.c;1;CONFIG_TEST;1 && CONFIG_TEST;if;30;30
lang/tcl/tcl_db.c;1;CONFIG_TEST;1 && CONFIG_TEST;artifact;31;31
lang/tcl/tcl_db.c;1;CONFIG_TEST;1 && CONFIG_TEST;endif;32;32
lang/tcl/tcl_db.c;1;1;1;artifact;33;37
lang/tcl/tcl_db.c;1;CONFIG_TEST;1 && CONFIG_TEST;if;38;38
lang/tcl/tcl_db.c;1;CONFIG_TEST;1 && CONFIG_TEST;artifact;39;41
lang/tcl/tcl_db.c;1;CONFIG_TEST;1 && CONFIG_TEST;endif;42;42
lang/tcl/tcl_db.c;1;1;1;artifact;43;101
lang/tcl/tcl_db.c;1;CONFIG_TEST;1 && CONFIG_TEST;if;102;102
lang/tcl/tcl_db.c;1;CONFIG_TEST;1 && CONFIG_TEST;artifact;103;107
lang/tcl/tcl_db.c;1;CONFIG_TEST;1 && CONFIG_TEST;endif;108;108
lang/tcl/tcl_db.c;1;1;1;artifact;109;146
lang/tcl/tcl_db.c;1;CONFIG_TEST;1 && CONFIG_TEST;if;147;147
lang/tcl/tcl_db.c;1;CONFIG_TEST;1 && CONFIG_TEST;artifact;148;152
lang/tcl/tcl_db.c;1;CONFIG_TEST;1 && CONFIG_TEST;endif;153;153
lang/tcl/tcl_db.c;1;1;1;artifact;154;228
lang/tcl/tcl_db.c;1;CONFIG_TEST;1 && CONFIG_TEST;if;229;229
lang/tcl/tcl_db.c;1;CONFIG_TEST;1 && CONFIG_TEST;artifact;230;247
lang/tcl/tcl_db.c;1;CONFIG_TEST;1 && CONFIG_TEST;endif;248;248
lang/tcl/tcl_db.c;1;1;1;artifact;249;605
lang/tcl/tcl_db.c;1;CONFIG_TEST;1 && CONFIG_TEST;if;606;606
lang/tcl/tcl_db.c;1;CONFIG_TEST;1 && CONFIG_TEST;artifact;607;608
lang/tcl/tcl_db.c;1;CONFIG_TEST;1 && CONFIG_TEST;endif;609;609
lang/tcl/tcl_db.c;1;1;1;artifact;610;614
lang/tcl/tcl_db.c;1;CONFIG_TEST;1 && CONFIG_TEST;if;615;615
lang/tcl/tcl_db.c;1;CONFIG_TEST;1 && CONFIG_TEST;artifact;616;617
lang/tcl/tcl_db.c;1;CONFIG_TEST;1 && CONFIG_TEST;endif;618;618
lang/tcl/tcl_db.c;1;1;1;artifact;619;646
lang/tcl/tcl_db.c;1;CONFIG_TEST;1 && CONFIG_TEST;if;647;647
lang/tcl/tcl_db.c;1;CONFIG_TEST;1 && CONFIG_TEST;artifact;648;653
lang/tcl/tcl_db.c;1;CONFIG_TEST;1 && CONFIG_TEST;endif;654;654
lang/tcl/tcl_db.c;1;1;1;artifact;655;979
lang/tcl/tcl_db.c;1;CONFIG_TEST;1 && CONFIG_TEST;if;980;980
lang/tcl/tcl_db.c;1;CONFIG_TEST;1 && CONFIG_TEST;artifact;981;981
lang/tcl/tcl_db.c;1;CONFIG_TEST;1 && CONFIG_TEST;endif;982;982
lang/tcl/tcl_db.c;1;1;1;artifact;983;993
lang/tcl/tcl_db.c;1;CONFIG_TEST;1 && CONFIG_TEST;if;994;994
lang/tcl/tcl_db.c;1;CONFIG_TEST;1 && CONFIG_TEST;artifact;995;995
lang/tcl/tcl_db.c;1;CONFIG_TEST;1 && CONFIG_TEST;endif;996;996
lang/tcl/tcl_db.c;1;1;1;artifact;997;1081
lang/tcl/tcl_db.c;1;CONFIG_TEST;1 && CONFIG_TEST;if;1082;1082
lang/tcl/tcl_db.c;1;CONFIG_TEST;1 && CONFIG_TEST;artifact;1083;1086
lang/tcl/tcl_db.c;1;CONFIG_TEST;1 && CONFIG_TEST;endif;1087;1087
lang/tcl/tcl_db.c;1;1;1;artifact;1088;1545
lang/tcl/tcl_db.c;1;CONFIG_TEST;1 && CONFIG_TEST;if;1546;1546
lang/tcl/tcl_db.c;1;CONFIG_TEST;1 && CONFIG_TEST;artifact;1547;1551
lang/tcl/tcl_db.c;1;CONFIG_TEST;1 && CONFIG_TEST;endif;1552;1552
lang/tcl/tcl_db.c;1;1;1;artifact;1553;1564
lang/tcl/tcl_db.c;1;CONFIG_TEST;1 && CONFIG_TEST;if;1565;1565
lang/tcl/tcl_db.c;1;CONFIG_TEST;1 && CONFIG_TEST;artifact;1566;1570
lang/tcl/tcl_db.c;1;CONFIG_TEST;1 && CONFIG_TEST;endif;1571;1571
lang/tcl/tcl_db.c;1;1;1;artifact;1572;1594
lang/tcl/tcl_db.c;1;CONFIG_TEST;1 && CONFIG_TEST;if;1595;1595
lang/tcl/tcl_db.c;1;CONFIG_TEST;1 && CONFIG_TEST;artifact;1596;1596
lang/tcl/tcl_db.c;1;CONFIG_TEST;1 && CONFIG_TEST;endif;1597;1597
lang/tcl/tcl_db.c;1;1;1;artifact;1598;1607
lang/tcl/tcl_db.c;1;CONFIG_TEST;1 && CONFIG_TEST;if;1608;1608
lang/tcl/tcl_db.c;1;CONFIG_TEST;1 && CONFIG_TEST;artifact;1609;1610
lang/tcl/tcl_db.c;1;CONFIG_TEST;1 && CONFIG_TEST;endif;1611;1611
lang/tcl/tcl_db.c;1;1;1;artifact;1612;1648
lang/tcl/tcl_db.c;1;CONFIG_TEST;1 && CONFIG_TEST;if;1649;1649
lang/tcl/tcl_db.c;1;CONFIG_TEST;1 && CONFIG_TEST;artifact;1650;1673
lang/tcl/tcl_db.c;1;CONFIG_TEST;1 && CONFIG_TEST;endif;1674;1674
lang/tcl/tcl_db.c;1;1;1;artifact;1675;1816
lang/tcl/tcl_db.c;1;CONFIG_TEST;1 && CONFIG_TEST;if;1817;1817
lang/tcl/tcl_db.c;1;CONFIG_TEST;1 && CONFIG_TEST;artifact;1818;1831
lang/tcl/tcl_db.c;1;CONFIG_TEST;1 && CONFIG_TEST;endif;1832;1832
lang/tcl/tcl_db.c;1;1;1;artifact;1833;1884
lang/tcl/tcl_db.c;1;CONFIG_TEST;1 && CONFIG_TEST;if;1885;1885
lang/tcl/tcl_db.c;1;CONFIG_TEST;1 && CONFIG_TEST;artifact;1886;1886
lang/tcl/tcl_db.c;1;CONFIG_TEST;1 && CONFIG_TEST;endif;1887;1887
lang/tcl/tcl_db.c;1;1;1;artifact;1888;1889
lang/tcl/tcl_db.c;1;CONFIG_TEST;1 && CONFIG_TEST;if;1890;1890
lang/tcl/tcl_db.c;1;CONFIG_TEST;1 && CONFIG_TEST;artifact;1891;1900
lang/tcl/tcl_db.c;1;CONFIG_TEST;1 && CONFIG_TEST;endif;1901;1901
lang/tcl/tcl_db.c;1;1;1;artifact;1902;1976
lang/tcl/tcl_db.c;1;CONFIG_TEST;1 && CONFIG_TEST;if;1977;1977
lang/tcl/tcl_db.c;1;CONFIG_TEST;1 && CONFIG_TEST;artifact;1978;1988
lang/tcl/tcl_db.c;1;CONFIG_TEST;1 && CONFIG_TEST;endif;1989;1989
lang/tcl/tcl_db.c;1;1;1;artifact;1990;2898
lang/tcl/tcl_db.c;1;CONFIG_TEST;1 && CONFIG_TEST;if;2899;2899
lang/tcl/tcl_db.c;1;CONFIG_TEST;1 && CONFIG_TEST;artifact;2900;2902
lang/tcl/tcl_db.c;1;CONFIG_TEST;1 && CONFIG_TEST;endif;2903;2903
lang/tcl/tcl_db.c;1;1;1;artifact;2904;2908
lang/tcl/tcl_db.c;1;CONFIG_TEST;1 && CONFIG_TEST;if;2909;2909
lang/tcl/tcl_db.c;1;CONFIG_TEST;1 && CONFIG_TEST;artifact;2910;2912
lang/tcl/tcl_db.c;1;CONFIG_TEST;1 && CONFIG_TEST;endif;2913;2913
lang/tcl/tcl_db.c;1;1;1;artifact;2914;2933
lang/tcl/tcl_db.c;1;CONFIG_TEST;1 && CONFIG_TEST;if;2934;2934
lang/tcl/tcl_db.c;1;CONFIG_TEST;1 && CONFIG_TEST;artifact;2935;2943
lang/tcl/tcl_db.c;1;CONFIG_TEST;1 && CONFIG_TEST;endif;2944;2944
lang/tcl/tcl_db.c;1;1;1;artifact;2945;3078
lang/tcl/tcl_db.c;1;CONFIG_TEST;1 && CONFIG_TEST;if;3079;3079
lang/tcl/tcl_db.c;1;CONFIG_TEST;1 && CONFIG_TEST;artifact;3080;3080
lang/tcl/tcl_db.c;1;!CONFIG_TEST;!CONFIG_TEST && 1;else;3081;3081
lang/tcl/tcl_db.c;1;!CONFIG_TEST;!CONFIG_TEST && 1;artifact;3082;3082
lang/tcl/tcl_db.c;1;!CONFIG_TEST;!CONFIG_TEST && 1;endif;3083;3083
lang/tcl/tcl_db.c;1;1;1;artifact;3084;3500
lang/tcl/tcl_db.c;1;CONFIG_TEST;1 && CONFIG_TEST;if;3501;3501
lang/tcl/tcl_db.c;1;CONFIG_TEST;1 && CONFIG_TEST;artifact;3502;3502
lang/tcl/tcl_db.c;1;CONFIG_TEST;1 && CONFIG_TEST;endif;3503;3503
lang/tcl/tcl_db.c;1;1;1;artifact;3504;3507
lang/tcl/tcl_db.c;1;CONFIG_TEST;1 && CONFIG_TEST;if;3508;3508
lang/tcl/tcl_db.c;1;CONFIG_TEST;1 && CONFIG_TEST;artifact;3509;3509
lang/tcl/tcl_db.c;1;CONFIG_TEST;1 && CONFIG_TEST;endif;3510;3510
lang/tcl/tcl_db.c;1;1;1;artifact;3511;3548
lang/tcl/tcl_db.c;1;CONFIG_TEST;1 && CONFIG_TEST;if;3549;3549
lang/tcl/tcl_db.c;1;CONFIG_TEST;1 && CONFIG_TEST;artifact;3550;3553
lang/tcl/tcl_db.c;1;CONFIG_TEST;1 && CONFIG_TEST;endif;3554;3554
lang/tcl/tcl_db.c;1;1;1;artifact;3555;3896
lang/tcl/tcl_db.c;1;CONFIG_TEST;1 && CONFIG_TEST;if;3897;3897
lang/tcl/tcl_db.c;1;CONFIG_TEST;1 && CONFIG_TEST;artifact;3898;4015
lang/tcl/tcl_db.c;1;CONFIG_TEST;1 && CONFIG_TEST;endif;4016;4016
lang/tcl/tcl_db.c;1;1;1;artifact;4017;4093
lang/tcl/tcl_db.c;1;CONFIG_TEST;1 && CONFIG_TEST;if;4094;4094
lang/tcl/tcl_db.c;1;CONFIG_TEST;1 && CONFIG_TEST;artifact;4095;4369
lang/tcl/tcl_db.c;1;CONFIG_TEST;1 && CONFIG_TEST;endif;4370;4370
lang/tcl/tcl_db.c;1;1;1;artifact;4371;4371
lang/tcl/tcl_db_pkg.c;1;1;1;ROOT;1;5111
lang/tcl/tcl_db_pkg.c;1;1;1;artifact;1;11
lang/tcl/tcl_db_pkg.c;1;HAVE_SYSTEM_INCLUDE_FILES;1 && HAVE_SYSTEM_INCLUDE_FILES;if;12;12
lang/tcl/tcl_db_pkg.c;1;HAVE_SYSTEM_INCLUDE_FILES;1 && HAVE_SYSTEM_INCLUDE_FILES;artifact;13;13
lang/tcl/tcl_db_pkg.c;1;HAVE_SYSTEM_INCLUDE_FILES;1 && HAVE_SYSTEM_INCLUDE_FILES;endif;14;14
lang/tcl/tcl_db_pkg.c;1;1;1;artifact;15;34
lang/tcl/tcl_db_pkg.c;1;HAVE_64BIT_TYPES;1 && HAVE_64BIT_TYPES;if;35;35
lang/tcl/tcl_db_pkg.c;1;HAVE_64BIT_TYPES;1 && HAVE_64BIT_TYPES;artifact;36;37
lang/tcl/tcl_db_pkg.c;1;HAVE_64BIT_TYPES;1 && HAVE_64BIT_TYPES;endif;38;38
lang/tcl/tcl_db_pkg.c;1;1;1;artifact;39;41
lang/tcl/tcl_db_pkg.c;1;CONFIG_TEST;1 && CONFIG_TEST;if;42;42
lang/tcl/tcl_db_pkg.c;1;CONFIG_TEST;1 && CONFIG_TEST;artifact;43;63
lang/tcl/tcl_db_pkg.c;1;CONFIG_TEST;1 && CONFIG_TEST;endif;64;64
lang/tcl/tcl_db_pkg.c;1;1;1;artifact;65;93
lang/tcl/tcl_db_pkg.c;1;DEFINED___LB__HAVE_SETUID__RB__ && DEFINED___LB__HAVE_GETUID__RB__;1 && DEFINED___LB__HAVE_SETUID__RB__ && DEFINED___LB__HAVE_GETUID__RB__;if;94;94
lang/tcl/tcl_db_pkg.c;1;DEFINED___LB__HAVE_SETUID__RB__ && DEFINED___LB__HAVE_GETUID__RB__;1 && DEFINED___LB__HAVE_SETUID__RB__ && DEFINED___LB__HAVE_GETUID__RB__;artifact;95;95
lang/tcl/tcl_db_pkg.c;1;DEFINED___LB__HAVE_SETUID__RB__ && DEFINED___LB__HAVE_GETUID__RB__;1 && DEFINED___LB__HAVE_SETUID__RB__ && DEFINED___LB__HAVE_GETUID__RB__;endif;96;96
lang/tcl/tcl_db_pkg.c;1;DEFINED___LB__HAVE_SETGID__RB__ && DEFINED___LB__HAVE_GETGID__RB__;1 && DEFINED___LB__HAVE_SETGID__RB__ && DEFINED___LB__HAVE_GETGID__RB__;if;97;97
lang/tcl/tcl_db_pkg.c;1;DEFINED___LB__HAVE_SETGID__RB__ && DEFINED___LB__HAVE_GETGID__RB__;1 && DEFINED___LB__HAVE_SETGID__RB__ && DEFINED___LB__HAVE_GETGID__RB__;artifact;98;98
lang/tcl/tcl_db_pkg.c;1;DEFINED___LB__HAVE_SETGID__RB__ && DEFINED___LB__HAVE_GETGID__RB__;1 && DEFINED___LB__HAVE_SETGID__RB__ && DEFINED___LB__HAVE_GETGID__RB__;endif;99;99
lang/tcl/tcl_db_pkg.c;1;1;1;artifact;100;139
lang/tcl/tcl_db_pkg.c;1;CONFIG_TEST;1 && CONFIG_TEST;if;140;140
lang/tcl/tcl_db_pkg.c;1;CONFIG_TEST;1 && CONFIG_TEST;artifact;141;145
lang/tcl/tcl_db_pkg.c;1;CONFIG_TEST;1 && CONFIG_TEST;endif;146;146
lang/tcl/tcl_db_pkg.c;1;1;1;artifact;147;151
lang/tcl/tcl_db_pkg.c;1;HAVE_64BIT_TYPES;1 && HAVE_64BIT_TYPES;if;152;152
lang/tcl/tcl_db_pkg.c;1;HAVE_64BIT_TYPES;1 && HAVE_64BIT_TYPES;artifact;153;153
lang/tcl/tcl_db_pkg.c;1;HAVE_64BIT_TYPES;1 && HAVE_64BIT_TYPES;endif;154;154
lang/tcl/tcl_db_pkg.c;1;1;1;artifact;155;155
lang/tcl/tcl_db_pkg.c;1;CONFIG_TEST;1 && CONFIG_TEST;if;156;156
lang/tcl/tcl_db_pkg.c;1;CONFIG_TEST;1 && CONFIG_TEST;artifact;157;161
lang/tcl/tcl_db_pkg.c;1;CONFIG_TEST;1 && CONFIG_TEST;endif;162;162
lang/tcl/tcl_db_pkg.c;1;1;1;artifact;163;171
lang/tcl/tcl_db_pkg.c;1;CONFIG_TEST;1 && CONFIG_TEST;if;172;172
lang/tcl/tcl_db_pkg.c;1;CONFIG_TEST;1 && CONFIG_TEST;artifact;173;177
lang/tcl/tcl_db_pkg.c;1;CONFIG_TEST;1 && CONFIG_TEST;endif;178;178
lang/tcl/tcl_db_pkg.c;1;1;1;artifact;179;183
lang/tcl/tcl_db_pkg.c;1;HAVE_64BIT_TYPES;1 && HAVE_64BIT_TYPES;if;184;184
lang/tcl/tcl_db_pkg.c;1;HAVE_64BIT_TYPES;1 && HAVE_64BIT_TYPES;artifact;185;185
lang/tcl/tcl_db_pkg.c;1;HAVE_64BIT_TYPES;1 && HAVE_64BIT_TYPES;endif;186;186
lang/tcl/tcl_db_pkg.c;1;1;1;artifact;187;187
lang/tcl/tcl_db_pkg.c;1;CONFIG_TEST;1 && CONFIG_TEST;if;188;188
lang/tcl/tcl_db_pkg.c;1;CONFIG_TEST;1 && CONFIG_TEST;artifact;189;192
lang/tcl/tcl_db_pkg.c;1;CONFIG_TEST;1 && CONFIG_TEST;endif;193;193
lang/tcl/tcl_db_pkg.c;1;1;1;artifact;194;198
lang/tcl/tcl_db_pkg.c;1;HAVE_64BIT_TYPES;1 && HAVE_64BIT_TYPES;if;199;199
lang/tcl/tcl_db_pkg.c;1;HAVE_64BIT_TYPES;1 && HAVE_64BIT_TYPES;artifact;200;200
lang/tcl/tcl_db_pkg.c;1;HAVE_64BIT_TYPES;1 && HAVE_64BIT_TYPES;endif;201;201
lang/tcl/tcl_db_pkg.c;1;1;1;artifact;202;203
lang/tcl/tcl_db_pkg.c;1;HAVE_64BIT_TYPES;1 && HAVE_64BIT_TYPES;if;204;204
lang/tcl/tcl_db_pkg.c;1;HAVE_64BIT_TYPES;1 && HAVE_64BIT_TYPES;artifact;205;205
lang/tcl/tcl_db_pkg.c;1;HAVE_64BIT_TYPES;1 && HAVE_64BIT_TYPES;endif;206;206
lang/tcl/tcl_db_pkg.c;1;CONFIG_TEST;1 && CONFIG_TEST;if;207;207
lang/tcl/tcl_db_pkg.c;1;CONFIG_TEST;1 && CONFIG_TEST;artifact;208;209
lang/tcl/tcl_db_pkg.c;1;CONFIG_TEST;1 && CONFIG_TEST;endif;210;210
lang/tcl/tcl_db_pkg.c;1;1;1;artifact;211;239
lang/tcl/tcl_db_pkg.c;1;CONFIG_TEST;1 && CONFIG_TEST;if;240;240
lang/tcl/tcl_db_pkg.c;1;CONFIG_TEST;1 && CONFIG_TEST;artifact;241;264
lang/tcl/tcl_db_pkg.c;1;CONFIG_TEST;1 && CONFIG_TEST;endif;265;265
lang/tcl/tcl_db_pkg.c;1;1;1;artifact;266;367
lang/tcl/tcl_db_pkg.c;1;HAVE_64BIT_TYPES;1 && HAVE_64BIT_TYPES;if;368;368
lang/tcl/tcl_db_pkg.c;1;HAVE_64BIT_TYPES;1 && HAVE_64BIT_TYPES;artifact;369;389
lang/tcl/tcl_db_pkg.c;1;HAVE_64BIT_TYPES;1 && HAVE_64BIT_TYPES;endif;390;390
lang/tcl/tcl_db_pkg.c;1;CONFIG_TEST;1 && CONFIG_TEST;if;391;391
lang/tcl/tcl_db_pkg.c;1;CONFIG_TEST;1 && CONFIG_TEST;artifact;392;426
lang/tcl/tcl_db_pkg.c;1;CONFIG_TEST;1 && CONFIG_TEST;endif;427;427
lang/tcl/tcl_db_pkg.c;1;1;1;artifact;428;467
lang/tcl/tcl_db_pkg.c;1;CONFIG_TEST;1 && CONFIG_TEST;if;468;468
lang/tcl/tcl_db_pkg.c;1;CONFIG_TEST;1 && CONFIG_TEST;artifact;469;530
lang/tcl/tcl_db_pkg.c;1;CONFIG_TEST;1 && CONFIG_TEST;endif;531;531
lang/tcl/tcl_db_pkg.c;1;1;1;artifact;532;565
lang/tcl/tcl_db_pkg.c;1;CONFIG_TEST;1 && CONFIG_TEST;if;566;566
lang/tcl/tcl_db_pkg.c;1;CONFIG_TEST;1 && CONFIG_TEST;artifact;567;628
lang/tcl/tcl_db_pkg.c;1;CONFIG_TEST;1 && CONFIG_TEST;endif;629;629
lang/tcl/tcl_db_pkg.c;1;1;1;artifact;630;663
lang/tcl/tcl_db_pkg.c;1;CONFIG_TEST;1 && CONFIG_TEST;if;664;664
lang/tcl/tcl_db_pkg.c;1;CONFIG_TEST;1 && CONFIG_TEST;artifact;665;670
lang/tcl/tcl_db_pkg.c;1;CONFIG_TEST;1 && CONFIG_TEST;endif;671;671
lang/tcl/tcl_db_pkg.c;1;1;1;artifact;672;730
lang/tcl/tcl_db_pkg.c;1;CONFIG_TEST;1 && CONFIG_TEST;if;731;731
lang/tcl/tcl_db_pkg.c;1;CONFIG_TEST;1 && CONFIG_TEST;artifact;732;1372
lang/tcl/tcl_db_pkg.c;1;CONFIG_TEST;1 && CONFIG_TEST;endif;1373;1373
lang/tcl/tcl_db_pkg.c;1;1;1;artifact;1374;1769
lang/tcl/tcl_db_pkg.c;1;CONFIG_TEST;1 && CONFIG_TEST;if;1770;1770
lang/tcl/tcl_db_pkg.c;1;CONFIG_TEST;1 && CONFIG_TEST;artifact;1771;1785
lang/tcl/tcl_db_pkg.c;1;CONFIG_TEST;1 && CONFIG_TEST;endif;1786;1786
lang/tcl/tcl_db_pkg.c;1;1;1;artifact;1787;1832
lang/tcl/tcl_db_pkg.c;1;CONFIG_TEST;1 && CONFIG_TEST;if;1833;1833
lang/tcl/tcl_db_pkg.c;1;CONFIG_TEST;1 && CONFIG_TEST;artifact;1834;1848
lang/tcl/tcl_db_pkg.c;1;CONFIG_TEST;1 && CONFIG_TEST;endif;1849;1849
lang/tcl/tcl_db_pkg.c;1;1;1;artifact;1850;2026
lang/tcl/tcl_db_pkg.c;1;CONFIG_TEST;1 && CONFIG_TEST;if;2027;2027
lang/tcl/tcl_db_pkg.c;1;CONFIG_TEST;1 && CONFIG_TEST;artifact;2028;2222
lang/tcl/tcl_db_pkg.c;1;CONFIG_TEST;1 && CONFIG_TEST;endif;2223;2223
lang/tcl/tcl_db_pkg.c;1;1;1;artifact;2224;2923
lang/tcl/tcl_db_pkg.c;1;HAVE_64BIT_TYPES;1 && HAVE_64BIT_TYPES;if;2924;2924
lang/tcl/tcl_db_pkg.c;1;HAVE_64BIT_TYPES;1 && HAVE_64BIT_TYPES;artifact;2925;3163
lang/tcl/tcl_db_pkg.c;1;HAVE_64BIT_TYPES;1 && HAVE_64BIT_TYPES;endif;3164;3164
lang/tcl/tcl_db_pkg.c;1;1;1;artifact;3165;3911
lang/tcl/tcl_db_pkg.c;1;CONFIG_TEST;1 && CONFIG_TEST;if;3912;3912
lang/tcl/tcl_db_pkg.c;1;CONFIG_TEST;1 && CONFIG_TEST;artifact;3913;4284
lang/tcl/tcl_db_pkg.c;1;CONFIG_TEST;1 && CONFIG_TEST;endif;4285;4285
lang/tcl/tcl_db_pkg.c;1;1;1;artifact;4286;4361
lang/tcl/tcl_db_pkg.c;1;CONFIG_TEST;1 && CONFIG_TEST;if;4362;4362
lang/tcl/tcl_db_pkg.c;1;CONFIG_TEST;1 && CONFIG_TEST;artifact;4363;4395
lang/tcl/tcl_db_pkg.c;1;DEBUG;1 && CONFIG_TEST && DEBUG;if;4396;4396
lang/tcl/tcl_db_pkg.c;1;DEBUG;1 && CONFIG_TEST && DEBUG;artifact;4397;4397
lang/tcl/tcl_db_pkg.c;1;DEBUG;1 && CONFIG_TEST && DEBUG;endif;4398;4398
lang/tcl/tcl_db_pkg.c;1;DEBUG_ROP;1 && CONFIG_TEST && DEBUG_ROP;if;4399;4399
lang/tcl/tcl_db_pkg.c;1;DEBUG_ROP;1 && CONFIG_TEST && DEBUG_ROP;artifact;4400;4400
lang/tcl/tcl_db_pkg.c;1;DEBUG_ROP;1 && CONFIG_TEST && DEBUG_ROP;endif;4401;4401
lang/tcl/tcl_db_pkg.c;1;DEBUG_WOP;1 && CONFIG_TEST && DEBUG_WOP;if;4402;4402
lang/tcl/tcl_db_pkg.c;1;DEBUG_WOP;1 && CONFIG_TEST && DEBUG_WOP;artifact;4403;4403
lang/tcl/tcl_db_pkg.c;1;DEBUG_WOP;1 && CONFIG_TEST && DEBUG_WOP;endif;4404;4404
lang/tcl/tcl_db_pkg.c;1;DIAGNOSTIC;1 && CONFIG_TEST && DIAGNOSTIC;if;4405;4405
lang/tcl/tcl_db_pkg.c;1;DIAGNOSTIC;1 && CONFIG_TEST && DIAGNOSTIC;artifact;4406;4406
lang/tcl/tcl_db_pkg.c;1;DIAGNOSTIC;1 && CONFIG_TEST && DIAGNOSTIC;endif;4407;4407
lang/tcl/tcl_db_pkg.c;1;HAVE_PARTITION;1 && CONFIG_TEST && HAVE_PARTITION;if;4408;4408
lang/tcl/tcl_db_pkg.c;1;HAVE_PARTITION;1 && CONFIG_TEST && HAVE_PARTITION;artifact;4409;4409
lang/tcl/tcl_db_pkg.c;1;HAVE_PARTITION;1 && CONFIG_TEST && HAVE_PARTITION;endif;4410;4410
lang/tcl/tcl_db_pkg.c;1;HAVE_HASH;1 && CONFIG_TEST && HAVE_HASH;if;4411;4411
lang/tcl/tcl_db_pkg.c;1;HAVE_HASH;1 && CONFIG_TEST && HAVE_HASH;artifact;4412;4412
lang/tcl/tcl_db_pkg.c;1;HAVE_HASH;1 && CONFIG_TEST && HAVE_HASH;endif;4413;4413
lang/tcl/tcl_db_pkg.c;1;HAVE_HEAP;1 && CONFIG_TEST && HAVE_HEAP;if;4414;4414
lang/tcl/tcl_db_pkg.c;1;HAVE_HEAP;1 && CONFIG_TEST && HAVE_HEAP;artifact;4415;4415
lang/tcl/tcl_db_pkg.c;1;HAVE_HEAP;1 && CONFIG_TEST && HAVE_HEAP;endif;4416;4416
lang/tcl/tcl_db_pkg.c;1;HAVE_QUEUE;1 && CONFIG_TEST && HAVE_QUEUE;if;4417;4417
lang/tcl/tcl_db_pkg.c;1;HAVE_QUEUE;1 && CONFIG_TEST && HAVE_QUEUE;artifact;4418;4418
lang/tcl/tcl_db_pkg.c;1;HAVE_QUEUE;1 && CONFIG_TEST && HAVE_QUEUE;endif;4419;4419
lang/tcl/tcl_db_pkg.c;1;HAVE_REPLICATION;1 && CONFIG_TEST && HAVE_REPLICATION;if;4420;4420
lang/tcl/tcl_db_pkg.c;1;HAVE_REPLICATION;1 && CONFIG_TEST && HAVE_REPLICATION;artifact;4421;4421
lang/tcl/tcl_db_pkg.c;1;HAVE_REPLICATION;1 && CONFIG_TEST && HAVE_REPLICATION;endif;4422;4422
lang/tcl/tcl_db_pkg.c;1;HAVE_REPLICATION_THREADS;1 && CONFIG_TEST && HAVE_REPLICATION_THREADS;if;4423;4423
lang/tcl/tcl_db_pkg.c;1;HAVE_REPLICATION_THREADS;1 && CONFIG_TEST && HAVE_REPLICATION_THREADS;artifact;4424;4424
lang/tcl/tcl_db_pkg.c;1;HAVE_REPLICATION_THREADS;1 && CONFIG_TEST && HAVE_REPLICATION_THREADS;endif;4425;4425
lang/tcl/tcl_db_pkg.c;1;HAVE_VERIFY;1 && CONFIG_TEST && HAVE_VERIFY;if;4426;4426
lang/tcl/tcl_db_pkg.c;1;HAVE_VERIFY;1 && CONFIG_TEST && HAVE_VERIFY;artifact;4427;4427
lang/tcl/tcl_db_pkg.c;1;HAVE_VERIFY;1 && CONFIG_TEST && HAVE_VERIFY;endif;4428;4428
lang/tcl/tcl_db_pkg.c;1;CONFIG_TEST;1 && CONFIG_TEST;artifact;4429;4973
lang/tcl/tcl_db_pkg.c;1;CONFIG_TEST;1 && CONFIG_TEST;endif;4974;4974
lang/tcl/tcl_db_pkg.c;1;1;1;artifact;4975;4975
lang/tcl/tcl_db_pkg.c;1;CONFIG_TEST;1 && CONFIG_TEST;if;4976;4976
lang/tcl/tcl_db_pkg.c;1;CONFIG_TEST;1 && CONFIG_TEST;artifact;4977;5094
lang/tcl/tcl_db_pkg.c;1;CONFIG_TEST;1 && CONFIG_TEST;endif;5095;5095
lang/tcl/tcl_db_pkg.c;1;1;1;artifact;5096;5110
lang/tcl/tcl_dbcursor.c;1;1;1;ROOT;1;1340
lang/tcl/tcl_dbcursor.c;1;1;1;artifact;1;11
lang/tcl/tcl_dbcursor.c;1;HAVE_SYSTEM_INCLUDE_FILES;1 && HAVE_SYSTEM_INCLUDE_FILES;if;12;12
lang/tcl/tcl_dbcursor.c;1;HAVE_SYSTEM_INCLUDE_FILES;1 && HAVE_SYSTEM_INCLUDE_FILES;artifact;13;13
lang/tcl/tcl_dbcursor.c;1;HAVE_SYSTEM_INCLUDE_FILES;1 && HAVE_SYSTEM_INCLUDE_FILES;endif;14;14
lang/tcl/tcl_dbcursor.c;1;1;1;artifact;15;40
lang/tcl/tcl_dbcursor.c;1;CONFIG_TEST;1 && CONFIG_TEST;if;41;41
lang/tcl/tcl_dbcursor.c;1;CONFIG_TEST;1 && CONFIG_TEST;artifact;42;42
lang/tcl/tcl_dbcursor.c;1;CONFIG_TEST;1 && CONFIG_TEST;endif;43;43
lang/tcl/tcl_dbcursor.c;1;1;1;artifact;44;52
lang/tcl/tcl_dbcursor.c;1;CONFIG_TEST;1 && CONFIG_TEST;if;53;53
lang/tcl/tcl_dbcursor.c;1;CONFIG_TEST;1 && CONFIG_TEST;artifact;54;54
lang/tcl/tcl_dbcursor.c;1;CONFIG_TEST;1 && CONFIG_TEST;endif;55;55
lang/tcl/tcl_dbcursor.c;1;1;1;artifact;56;92
lang/tcl/tcl_dbcursor.c;1;CONFIG_TEST;1 && CONFIG_TEST;if;93;93
lang/tcl/tcl_dbcursor.c;1;CONFIG_TEST;1 && CONFIG_TEST;artifact;94;96
lang/tcl/tcl_dbcursor.c;1;CONFIG_TEST;1 && CONFIG_TEST;endif;97;97
lang/tcl/tcl_dbcursor.c;1;1;1;artifact;98;197
lang/tcl/tcl_dbcursor.c;1;CONFIG_TEST;1 && CONFIG_TEST;if;198;198
lang/tcl/tcl_dbcursor.c;1;CONFIG_TEST;1 && CONFIG_TEST;artifact;199;199
lang/tcl/tcl_dbcursor.c;1;CONFIG_TEST;1 && CONFIG_TEST;endif;200;200
lang/tcl/tcl_dbcursor.c;1;1;1;artifact;201;210
lang/tcl/tcl_dbcursor.c;1;CONFIG_TEST;1 && CONFIG_TEST;if;211;211
lang/tcl/tcl_dbcursor.c;1;CONFIG_TEST;1 && CONFIG_TEST;artifact;212;212
lang/tcl/tcl_dbcursor.c;1;CONFIG_TEST;1 && CONFIG_TEST;endif;213;213
lang/tcl/tcl_dbcursor.c;1;1;1;artifact;214;269
lang/tcl/tcl_dbcursor.c;1;CONFIG_TEST;1 && CONFIG_TEST;if;270;270
lang/tcl/tcl_dbcursor.c;1;CONFIG_TEST;1 && CONFIG_TEST;artifact;271;274
lang/tcl/tcl_dbcursor.c;1;CONFIG_TEST;1 && CONFIG_TEST;endif;275;275
lang/tcl/tcl_dbcursor.c;1;1;1;artifact;276;489
lang/tcl/tcl_dbcursor.c;1;CONFIG_TEST;1 && CONFIG_TEST;if;490;490
lang/tcl/tcl_dbcursor.c;1;CONFIG_TEST;1 && CONFIG_TEST;artifact;491;498
lang/tcl/tcl_dbcursor.c;1;CONFIG_TEST;1 && CONFIG_TEST;endif;499;499
lang/tcl/tcl_dbcursor.c;1;1;1;artifact;500;519
lang/tcl/tcl_dbcursor.c;1;CONFIG_TEST;1 && CONFIG_TEST;if;520;520
lang/tcl/tcl_dbcursor.c;1;CONFIG_TEST;1 && CONFIG_TEST;artifact;521;528
lang/tcl/tcl_dbcursor.c;1;CONFIG_TEST;1 && CONFIG_TEST;endif;529;529
lang/tcl/tcl_dbcursor.c;1;1;1;artifact;530;557
lang/tcl/tcl_dbcursor.c;1;CONFIG_TEST;1 && CONFIG_TEST;if;558;558
lang/tcl/tcl_dbcursor.c;1;CONFIG_TEST;1 && CONFIG_TEST;artifact;559;561
lang/tcl/tcl_dbcursor.c;1;CONFIG_TEST;1 && CONFIG_TEST;endif;562;562
lang/tcl/tcl_dbcursor.c;1;1;1;artifact;563;609
lang/tcl/tcl_dbcursor.c;1;CONFIG_TEST;1 && CONFIG_TEST;if;610;610
lang/tcl/tcl_dbcursor.c;1;CONFIG_TEST;1 && CONFIG_TEST;artifact;611;653
lang/tcl/tcl_dbcursor.c;1;CONFIG_TEST;1 && CONFIG_TEST;endif;654;654
lang/tcl/tcl_dbcursor.c;1;1;1;artifact;655;804
lang/tcl/tcl_dbcursor.c;1;CONFIG_TEST;1 && CONFIG_TEST;if;805;805
lang/tcl/tcl_dbcursor.c;1;CONFIG_TEST;1 && CONFIG_TEST;artifact;806;806
lang/tcl/tcl_dbcursor.c;1;CONFIG_TEST;1 && CONFIG_TEST;endif;807;807
lang/tcl/tcl_dbcursor.c;1;1;1;artifact;808;866
lang/tcl/tcl_dbcursor.c;1;CONFIG_TEST;1 && CONFIG_TEST;if;867;867
lang/tcl/tcl_dbcursor.c;1;CONFIG_TEST;1 && CONFIG_TEST;artifact;868;873
lang/tcl/tcl_dbcursor.c;1;CONFIG_TEST;1 && CONFIG_TEST;endif;874;874
lang/tcl/tcl_dbcursor.c;1;1;1;artifact;875;902
lang/tcl/tcl_dbcursor.c;1;CONFIG_TEST;1 && CONFIG_TEST;if;903;903
lang/tcl/tcl_dbcursor.c;1;CONFIG_TEST;1 && CONFIG_TEST;artifact;904;909
lang/tcl/tcl_dbcursor.c;1;CONFIG_TEST;1 && CONFIG_TEST;endif;910;910
lang/tcl/tcl_dbcursor.c;1;1;1;artifact;911;911
lang/tcl/tcl_dbcursor.c;1;CONFIG_TEST;1 && CONFIG_TEST;if;912;912
lang/tcl/tcl_dbcursor.c;1;CONFIG_TEST;1 && CONFIG_TEST;artifact;913;918
lang/tcl/tcl_dbcursor.c;1;CONFIG_TEST;1 && CONFIG_TEST;endif;919;919
lang/tcl/tcl_dbcursor.c;1;1;1;artifact;920;1339
lang/tcl/tcl_env.c;1;1;1;ROOT;1;3333
lang/tcl/tcl_env.c;1;1;1;artifact;1;11
lang/tcl/tcl_env.c;1;HAVE_SYSTEM_INCLUDE_FILES;1 && HAVE_SYSTEM_INCLUDE_FILES;if;12;12
lang/tcl/tcl_env.c;1;HAVE_SYSTEM_INCLUDE_FILES;1 && HAVE_SYSTEM_INCLUDE_FILES;artifact;13;13
lang/tcl/tcl_env.c;1;HAVE_SYSTEM_INCLUDE_FILES;1 && HAVE_SYSTEM_INCLUDE_FILES;endif;14;14
lang/tcl/tcl_env.c;1;1;1;artifact;15;48
lang/tcl/tcl_env.c;1;CONFIG_TEST;1 && CONFIG_TEST;if;49;49
lang/tcl/tcl_env.c;1;CONFIG_TEST;1 && CONFIG_TEST;artifact;50;130
lang/tcl/tcl_env.c;1;CONFIG_TEST;1 && CONFIG_TEST;endif;131;131
lang/tcl/tcl_env.c;1;1;1;artifact;132;179
lang/tcl/tcl_env.c;1;CONFIG_TEST;1 && CONFIG_TEST;if;180;180
lang/tcl/tcl_env.c;1;CONFIG_TEST;1 && CONFIG_TEST;artifact;181;261
lang/tcl/tcl_env.c;1;CONFIG_TEST;1 && CONFIG_TEST;endif;262;262
lang/tcl/tcl_env.c;1;1;1;artifact;263;319
lang/tcl/tcl_env.c;1;CONFIG_TEST;1 && CONFIG_TEST;if;320;320
lang/tcl/tcl_env.c;1;CONFIG_TEST;1 && CONFIG_TEST;artifact;321;324
lang/tcl/tcl_env.c;1;CONFIG_TEST;1 && CONFIG_TEST;endif;325;325
lang/tcl/tcl_env.c;1;1;1;artifact;326;354
lang/tcl/tcl_env.c;1;CONFIG_TEST;1 && CONFIG_TEST;if;355;355
lang/tcl/tcl_env.c;1;CONFIG_TEST;1 && CONFIG_TEST;artifact;356;807
lang/tcl/tcl_env.c;1;CONFIG_TEST;1 && CONFIG_TEST;endif;808;808
lang/tcl/tcl_env.c;1;1;1;artifact;809;1242
lang/tcl/tcl_env.c;1;CONFIG_TEST;1 && CONFIG_TEST;if;1243;1243
lang/tcl/tcl_env.c;1;CONFIG_TEST;1 && CONFIG_TEST;artifact;1244;1244
lang/tcl/tcl_env.c;1;CONFIG_TEST;1 && CONFIG_TEST;endif;1245;1245
lang/tcl/tcl_env.c;1;1;1;artifact;1246;1258
lang/tcl/tcl_env.c;1;CONFIG_TEST;1 && CONFIG_TEST;if;1259;1259
lang/tcl/tcl_env.c;1;CONFIG_TEST;1 && CONFIG_TEST;artifact;1260;1260
lang/tcl/tcl_env.c;1;CONFIG_TEST;1 && CONFIG_TEST;endif;1261;1261
lang/tcl/tcl_env.c;1;1;1;artifact;1262;1333
lang/tcl/tcl_env.c;1;CONFIG_TEST;1 && CONFIG_TEST;if;1334;1334
lang/tcl/tcl_env.c;1;CONFIG_TEST;1 && CONFIG_TEST;artifact;1335;1337
lang/tcl/tcl_env.c;1;CONFIG_TEST;1 && CONFIG_TEST;endif;1338;1338
lang/tcl/tcl_env.c;1;1;1;artifact;1339;1577
lang/tcl/tcl_env.c;1;CONFIG_TEST;1 && CONFIG_TEST;if;1578;1578
lang/tcl/tcl_env.c;1;CONFIG_TEST;1 && CONFIG_TEST;artifact;1579;1823
lang/tcl/tcl_env.c;1;CONFIG_TEST;1 && CONFIG_TEST;endif;1824;1824
lang/tcl/tcl_env.c;1;1;1;artifact;1825;1825
lang/tcl/tcl_env.c;1;CONFIG_TEST;1 && CONFIG_TEST;if;1826;1826
lang/tcl/tcl_env.c;1;CONFIG_TEST;1 && CONFIG_TEST;artifact;1827;2401
lang/tcl/tcl_env.c;1;CONFIG_TEST;1 && CONFIG_TEST;endif;2402;2402
lang/tcl/tcl_env.c;1;1;1;artifact;2403;3332
lang/tcl/tcl_internal.c;1;1;1;ROOT;1;917
lang/tcl/tcl_internal.c;1;1;1;artifact;1;11
lang/tcl/tcl_internal.c;1;HAVE_SYSTEM_INCLUDE_FILES;1 && HAVE_SYSTEM_INCLUDE_FILES;if;12;12
lang/tcl/tcl_internal.c;1;HAVE_SYSTEM_INCLUDE_FILES;1 && HAVE_SYSTEM_INCLUDE_FILES;artifact;13;13
lang/tcl/tcl_internal.c;1;HAVE_SYSTEM_INCLUDE_FILES;1 && HAVE_SYSTEM_INCLUDE_FILES;endif;14;14
lang/tcl/tcl_internal.c;1;1;1;artifact;15;237
lang/tcl/tcl_internal.c;1;HAVE_64BIT_TYPES;1 && HAVE_64BIT_TYPES;if;238;238
lang/tcl/tcl_internal.c;1;HAVE_64BIT_TYPES;1 && HAVE_64BIT_TYPES;artifact;239;261
lang/tcl/tcl_internal.c;1;HAVE_64BIT_TYPES;1 && HAVE_64BIT_TYPES;endif;262;262
lang/tcl/tcl_internal.c;1;1;1;artifact;263;584
lang/tcl/tcl_internal.c;1;CONFIG_TEST;1 && CONFIG_TEST;if;585;585
lang/tcl/tcl_internal.c;1;CONFIG_TEST;1 && CONFIG_TEST;artifact;586;683
lang/tcl/tcl_internal.c;1;CONFIG_TEST;1 && CONFIG_TEST;endif;684;684
lang/tcl/tcl_internal.c;1;1;1;artifact;685;916
lang/tcl/tcl_lock.c;1;1;1;ROOT;1;864
lang/tcl/tcl_lock.c;1;1;1;artifact;1;11
lang/tcl/tcl_lock.c;1;HAVE_SYSTEM_INCLUDE_FILES;1 && HAVE_SYSTEM_INCLUDE_FILES;if;12;12
lang/tcl/tcl_lock.c;1;HAVE_SYSTEM_INCLUDE_FILES;1 && HAVE_SYSTEM_INCLUDE_FILES;artifact;13;13
lang/tcl/tcl_lock.c;1;HAVE_SYSTEM_INCLUDE_FILES;1 && HAVE_SYSTEM_INCLUDE_FILES;endif;14;14
lang/tcl/tcl_lock.c;1;1;1;artifact;15;19
lang/tcl/tcl_lock.c;1;CONFIG_TEST;1 && CONFIG_TEST;if;20;20
lang/tcl/tcl_lock.c;1;CONFIG_TEST;1 && CONFIG_TEST;artifact;21;239
lang/tcl/tcl_lock.c;1;HAVE_STATISTICS;1 && CONFIG_TEST && HAVE_STATISTICS;if;240;240
lang/tcl/tcl_lock.c;1;HAVE_STATISTICS;1 && CONFIG_TEST && HAVE_STATISTICS;artifact;241;306
lang/tcl/tcl_lock.c;1;HAVE_STATISTICS;1 && CONFIG_TEST && HAVE_STATISTICS;endif;307;307
lang/tcl/tcl_lock.c;1;CONFIG_TEST;1 && CONFIG_TEST;artifact;308;861
lang/tcl/tcl_lock.c;1;CONFIG_TEST;1 && CONFIG_TEST;endif;862;862
lang/tcl/tcl_lock.c;1;1;1;artifact;863;863
lang/tcl/tcl_log.c;1;1;1;ROOT;1;826
lang/tcl/tcl_log.c;1;1;1;artifact;1;11
lang/tcl/tcl_log.c;1;HAVE_SYSTEM_INCLUDE_FILES;1 && HAVE_SYSTEM_INCLUDE_FILES;if;12;12
lang/tcl/tcl_log.c;1;HAVE_SYSTEM_INCLUDE_FILES;1 && HAVE_SYSTEM_INCLUDE_FILES;artifact;13;13
lang/tcl/tcl_log.c;1;HAVE_SYSTEM_INCLUDE_FILES;1 && HAVE_SYSTEM_INCLUDE_FILES;endif;14;14
lang/tcl/tcl_log.c;1;1;1;artifact;15;17
lang/tcl/tcl_log.c;1;CONFIG_TEST;1 && CONFIG_TEST;if;18;18
lang/tcl/tcl_log.c;1;CONFIG_TEST;1 && CONFIG_TEST;artifact;19;371
lang/tcl/tcl_log.c;1;HAVE_STATISTICS;1 && CONFIG_TEST && HAVE_STATISTICS;if;372;372
lang/tcl/tcl_log.c;1;HAVE_STATISTICS;1 && CONFIG_TEST && HAVE_STATISTICS;artifact;373;400
lang/tcl/tcl_log.c;1;HAVE_STATISTICS;1 && CONFIG_TEST && HAVE_STATISTICS;endif;401;401
lang/tcl/tcl_log.c;1;CONFIG_TEST;1 && CONFIG_TEST;artifact;402;823
lang/tcl/tcl_log.c;1;CONFIG_TEST;1 && CONFIG_TEST;endif;824;824
lang/tcl/tcl_log.c;1;1;1;artifact;825;825
lang/tcl/tcl_mp.c;1;1;1;ROOT;1;1023
lang/tcl/tcl_mp.c;1;1;1;artifact;1;11
lang/tcl/tcl_mp.c;1;HAVE_SYSTEM_INCLUDE_FILES;1 && HAVE_SYSTEM_INCLUDE_FILES;if;12;12
lang/tcl/tcl_mp.c;1;HAVE_SYSTEM_INCLUDE_FILES;1 && HAVE_SYSTEM_INCLUDE_FILES;artifact;13;13
lang/tcl/tcl_mp.c;1;HAVE_SYSTEM_INCLUDE_FILES;1 && HAVE_SYSTEM_INCLUDE_FILES;endif;14;14
lang/tcl/tcl_mp.c;1;1;1;artifact;15;19
lang/tcl/tcl_mp.c;1;CONFIG_TEST;1 && CONFIG_TEST;if;20;20
lang/tcl/tcl_mp.c;1;CONFIG_TEST;1 && CONFIG_TEST;artifact;21;30
lang/tcl/tcl_mp.c;1;CONFIG_TEST;1 && CONFIG_TEST;endif;31;31
lang/tcl/tcl_mp.c;1;1;1;artifact;32;59
lang/tcl/tcl_mp.c;1;CONFIG_TEST;1 && CONFIG_TEST;if;60;60
lang/tcl/tcl_mp.c;1;CONFIG_TEST;1 && CONFIG_TEST;artifact;61;356
lang/tcl/tcl_mp.c;1;HAVE_STATISTICS;1 && CONFIG_TEST && HAVE_STATISTICS;if;357;357
lang/tcl/tcl_mp.c;1;HAVE_STATISTICS;1 && CONFIG_TEST && HAVE_STATISTICS;artifact;358;437
lang/tcl/tcl_mp.c;1;HAVE_STATISTICS;1 && CONFIG_TEST && HAVE_STATISTICS;endif;438;438
lang/tcl/tcl_mp.c;1;CONFIG_TEST;1 && CONFIG_TEST;artifact;439;1020
lang/tcl/tcl_mp.c;1;CONFIG_TEST;1 && CONFIG_TEST;endif;1021;1021
lang/tcl/tcl_mp.c;1;1;1;artifact;1022;1022
lang/tcl/tcl_mutex.c;1;1;1;ROOT;1;391
lang/tcl/tcl_mutex.c;1;1;1;artifact;1;11
lang/tcl/tcl_mutex.c;1;HAVE_SYSTEM_INCLUDE_FILES;1 && HAVE_SYSTEM_INCLUDE_FILES;if;12;12
lang/tcl/tcl_mutex.c;1;HAVE_SYSTEM_INCLUDE_FILES;1 && HAVE_SYSTEM_INCLUDE_FILES;artifact;13;13
lang/tcl/tcl_mutex.c;1;HAVE_SYSTEM_INCLUDE_FILES;1 && HAVE_SYSTEM_INCLUDE_FILES;endif;14;14
lang/tcl/tcl_mutex.c;1;1;1;artifact;15;16
lang/tcl/tcl_mutex.c;1;CONFIG_TEST;1 && CONFIG_TEST;if;17;17
lang/tcl/tcl_mutex.c;1;CONFIG_TEST;1 && CONFIG_TEST;artifact;18;388
lang/tcl/tcl_mutex.c;1;CONFIG_TEST;1 && CONFIG_TEST;endif;389;389
lang/tcl/tcl_mutex.c;1;1;1;artifact;390;390
lang/tcl/tcl_rep.c;1;1;1;ROOT;1;1694
lang/tcl/tcl_rep.c;1;1;1;artifact;1;11
lang/tcl/tcl_rep.c;1;HAVE_SYSTEM_INCLUDE_FILES;1 && HAVE_SYSTEM_INCLUDE_FILES;if;12;12
lang/tcl/tcl_rep.c;1;HAVE_SYSTEM_INCLUDE_FILES;1 && HAVE_SYSTEM_INCLUDE_FILES;artifact;13;13
lang/tcl/tcl_rep.c;1;HAVE_SYSTEM_INCLUDE_FILES;1 && HAVE_SYSTEM_INCLUDE_FILES;endif;14;14
lang/tcl/tcl_rep.c;1;1;1;artifact;15;16
lang/tcl/tcl_rep.c;1;CONFIG_TEST;1 && CONFIG_TEST;if;17;17
lang/tcl/tcl_rep.c;1;CONFIG_TEST;1 && CONFIG_TEST;artifact;18;314
lang/tcl/tcl_rep.c;1;CONFIG_TEST;1 && CONFIG_TEST;endif;315;315
lang/tcl/tcl_rep.c;1;1;1;artifact;316;316
lang/tcl/tcl_rep.c;1;CONFIG_TEST;1 && CONFIG_TEST;if;317;317
lang/tcl/tcl_rep.c;1;CONFIG_TEST;1 && CONFIG_TEST;artifact;318;372
lang/tcl/tcl_rep.c;1;CONFIG_TEST;1 && CONFIG_TEST;endif;373;373
lang/tcl/tcl_rep.c;1;1;1;artifact;374;374
lang/tcl/tcl_rep.c;1;CONFIG_TEST;1 && CONFIG_TEST;if;375;375
lang/tcl/tcl_rep.c;1;CONFIG_TEST;1 && CONFIG_TEST;artifact;376;400
lang/tcl/tcl_rep.c;1;CONFIG_TEST;1 && CONFIG_TEST;endif;401;401
lang/tcl/tcl_rep.c;1;1;1;artifact;402;402
lang/tcl/tcl_rep.c;1;CONFIG_TEST;1 && CONFIG_TEST;if;403;403
lang/tcl/tcl_rep.c;1;CONFIG_TEST;1 && CONFIG_TEST;artifact;404;428
lang/tcl/tcl_rep.c;1;CONFIG_TEST;1 && CONFIG_TEST;endif;429;429
lang/tcl/tcl_rep.c;1;1;1;artifact;430;430
lang/tcl/tcl_rep.c;1;CONFIG_TEST;1 && CONFIG_TEST;if;431;431
lang/tcl/tcl_rep.c;1;CONFIG_TEST;1 && CONFIG_TEST;artifact;432;480
lang/tcl/tcl_rep.c;1;CONFIG_TEST;1 && CONFIG_TEST;endif;481;481
lang/tcl/tcl_rep.c;1;1;1;artifact;482;482
lang/tcl/tcl_rep.c;1;CONFIG_TEST;1 && CONFIG_TEST;if;483;483
lang/tcl/tcl_rep.c;1;CONFIG_TEST;1 && CONFIG_TEST;artifact;484;501
lang/tcl/tcl_rep.c;1;CONFIG_TEST;1 && CONFIG_TEST;endif;502;502
lang/tcl/tcl_rep.c;1;1;1;artifact;503;503
lang/tcl/tcl_rep.c;1;CONFIG_TEST;1 && CONFIG_TEST;if;504;504
lang/tcl/tcl_rep.c;1;CONFIG_TEST;1 && CONFIG_TEST;artifact;505;539
lang/tcl/tcl_rep.c;1;CONFIG_TEST;1 && CONFIG_TEST;endif;540;540
lang/tcl/tcl_rep.c;1;1;1;artifact;541;541
lang/tcl/tcl_rep.c;1;CONFIG_TEST;1 && CONFIG_TEST;if;542;542
lang/tcl/tcl_rep.c;1;CONFIG_TEST;1 && CONFIG_TEST;artifact;543;571
lang/tcl/tcl_rep.c;1;CONFIG_TEST;1 && CONFIG_TEST;endif;572;572
lang/tcl/tcl_rep.c;1;1;1;artifact;573;573
lang/tcl/tcl_rep.c;1;CONFIG_TEST;1 && CONFIG_TEST;if;574;574
lang/tcl/tcl_rep.c;1;CONFIG_TEST;1 && CONFIG_TEST;artifact;575;610
lang/tcl/tcl_rep.c;1;CONFIG_TEST;1 && CONFIG_TEST;endif;611;611
lang/tcl/tcl_rep.c;1;1;1;artifact;612;612
lang/tcl/tcl_rep.c;1;CONFIG_TEST;1 && CONFIG_TEST;if;613;613
lang/tcl/tcl_rep.c;1;CONFIG_TEST;1 && CONFIG_TEST;artifact;614;642
lang/tcl/tcl_rep.c;1;CONFIG_TEST;1 && CONFIG_TEST;endif;643;643
lang/tcl/tcl_rep.c;1;1;1;artifact;644;644
lang/tcl/tcl_rep.c;1;CONFIG_TEST;1 && CONFIG_TEST;if;645;645
lang/tcl/tcl_rep.c;1;CONFIG_TEST;1 && CONFIG_TEST;artifact;646;709
lang/tcl/tcl_rep.c;1;CONFIG_TEST;1 && CONFIG_TEST;endif;710;710
lang/tcl/tcl_rep.c;1;1;1;artifact;711;711
lang/tcl/tcl_rep.c;1;CONFIG_TEST;1 && CONFIG_TEST;if;712;712
lang/tcl/tcl_rep.c;1;CONFIG_TEST;1 && CONFIG_TEST;artifact;713;776
lang/tcl/tcl_rep.c;1;CONFIG_TEST;1 && CONFIG_TEST;endif;777;777
lang/tcl/tcl_rep.c;1;1;1;artifact;778;778
lang/tcl/tcl_rep.c;1;CONFIG_TEST;1 && CONFIG_TEST;if;779;779
lang/tcl/tcl_rep.c;1;CONFIG_TEST;1 && CONFIG_TEST;artifact;780;919
lang/tcl/tcl_rep.c;1;CONFIG_TEST;1 && CONFIG_TEST;endif;920;920
lang/tcl/tcl_rep.c;1;1;1;artifact;921;921
lang/tcl/tcl_rep.c;1;CONFIG_TEST;1 && CONFIG_TEST;if;922;922
lang/tcl/tcl_rep.c;1;CONFIG_TEST;1 && CONFIG_TEST;artifact;923;972
lang/tcl/tcl_rep.c;1;HAVE_STATISTICS;1 && CONFIG_TEST && HAVE_STATISTICS;if;973;973
lang/tcl/tcl_rep.c;1;HAVE_STATISTICS;1 && CONFIG_TEST && HAVE_STATISTICS;artifact;974;1049
lang/tcl/tcl_rep.c;1;HAVE_STATISTICS;1 && CONFIG_TEST && HAVE_STATISTICS;endif;1050;1050
lang/tcl/tcl_rep.c;1;CONFIG_TEST;1 && CONFIG_TEST;artifact;1051;1548
lang/tcl/tcl_rep.c;1;HAVE_STATISTICS;1 && CONFIG_TEST && HAVE_STATISTICS;if;1549;1549
lang/tcl/tcl_rep.c;1;HAVE_STATISTICS;1 && CONFIG_TEST && HAVE_STATISTICS;artifact;1550;1559
lang/tcl/tcl_rep.c;1;HAVE_STATISTICS;1 && CONFIG_TEST && HAVE_STATISTICS;endif;1560;1560
lang/tcl/tcl_rep.c;1;CONFIG_TEST;1 && CONFIG_TEST;artifact;1561;1691
lang/tcl/tcl_rep.c;1;CONFIG_TEST;1 && CONFIG_TEST;endif;1692;1692
lang/tcl/tcl_rep.c;1;1;1;artifact;1693;1693
lang/tcl/tcl_seq.c;1;1;1;ROOT;1;571
lang/tcl/tcl_seq.c;1;1;1;artifact;1;9
lang/tcl/tcl_seq.c;1;HAVE_64BIT_TYPES;1 && HAVE_64BIT_TYPES;if;10;10
lang/tcl/tcl_seq.c;1;HAVE_64BIT_TYPES;1 && HAVE_64BIT_TYPES;artifact;11;12
lang/tcl/tcl_seq.c;1;HAVE_SYSTEM_INCLUDE_FILES;1 && HAVE_64BIT_TYPES && HAVE_SYSTEM_INCLUDE_FILES;if;13;13
lang/tcl/tcl_seq.c;1;HAVE_SYSTEM_INCLUDE_FILES;1 && HAVE_64BIT_TYPES && HAVE_SYSTEM_INCLUDE_FILES;artifact;14;14
lang/tcl/tcl_seq.c;1;HAVE_SYSTEM_INCLUDE_FILES;1 && HAVE_64BIT_TYPES && HAVE_SYSTEM_INCLUDE_FILES;endif;15;15
lang/tcl/tcl_seq.c;1;HAVE_64BIT_TYPES;1 && HAVE_64BIT_TYPES;artifact;16;568
lang/tcl/tcl_seq.c;1;HAVE_64BIT_TYPES;1 && HAVE_64BIT_TYPES;endif;569;569
lang/tcl/tcl_seq.c;1;1;1;artifact;570;570
lang/tcl/tcl_txn.c;1;1;1;ROOT;1;888
lang/tcl/tcl_txn.c;1;1;1;artifact;1;11
lang/tcl/tcl_txn.c;1;HAVE_SYSTEM_INCLUDE_FILES;1 && HAVE_SYSTEM_INCLUDE_FILES;if;12;12
lang/tcl/tcl_txn.c;1;HAVE_SYSTEM_INCLUDE_FILES;1 && HAVE_SYSTEM_INCLUDE_FILES;artifact;13;13
lang/tcl/tcl_txn.c;1;HAVE_SYSTEM_INCLUDE_FILES;1 && HAVE_SYSTEM_INCLUDE_FILES;endif;14;14
lang/tcl/tcl_txn.c;1;1;1;artifact;15;138
lang/tcl/tcl_txn.c;1;CONFIG_TEST;1 && CONFIG_TEST;if;139;139
lang/tcl/tcl_txn.c;1;CONFIG_TEST;1 && CONFIG_TEST;artifact;140;146
lang/tcl/tcl_txn.c;1;CONFIG_TEST;1 && CONFIG_TEST;endif;147;147
lang/tcl/tcl_txn.c;1;1;1;artifact;148;156
lang/tcl/tcl_txn.c;1;CONFIG_TEST;1 && CONFIG_TEST;if;157;157
lang/tcl/tcl_txn.c;1;CONFIG_TEST;1 && CONFIG_TEST;artifact;158;164
lang/tcl/tcl_txn.c;1;CONFIG_TEST;1 && CONFIG_TEST;endif;165;165
lang/tcl/tcl_txn.c;1;1;1;artifact;166;179
lang/tcl/tcl_txn.c;1;CONFIG_TEST;1 && CONFIG_TEST;if;180;180
lang/tcl/tcl_txn.c;1;CONFIG_TEST;1 && CONFIG_TEST;artifact;181;183
lang/tcl/tcl_txn.c;1;CONFIG_TEST;1 && CONFIG_TEST;endif;184;184
lang/tcl/tcl_txn.c;1;1;1;artifact;185;191
lang/tcl/tcl_txn.c;1;CONFIG_TEST;1 && CONFIG_TEST;if;192;192
lang/tcl/tcl_txn.c;1;CONFIG_TEST;1 && CONFIG_TEST;artifact;193;196
lang/tcl/tcl_txn.c;1;CONFIG_TEST;1 && CONFIG_TEST;endif;197;197
lang/tcl/tcl_txn.c;1;1;1;artifact;198;205
lang/tcl/tcl_txn.c;1;CONFIG_TEST;1 && CONFIG_TEST;if;206;206
lang/tcl/tcl_txn.c;1;CONFIG_TEST;1 && CONFIG_TEST;artifact;207;237
lang/tcl/tcl_txn.c;1;CONFIG_TEST;1 && CONFIG_TEST;endif;238;238
lang/tcl/tcl_txn.c;1;1;1;artifact;239;282
lang/tcl/tcl_txn.c;1;CONFIG_TEST;1 && CONFIG_TEST;if;283;283
lang/tcl/tcl_txn.c;1;CONFIG_TEST;1 && CONFIG_TEST;artifact;284;301
lang/tcl/tcl_txn.c;1;CONFIG_TEST;1 && CONFIG_TEST;endif;302;302
lang/tcl/tcl_txn.c;1;1;1;artifact;303;427
lang/tcl/tcl_txn.c;1;HAVE_STATISTICS;1 && HAVE_STATISTICS;if;428;428
lang/tcl/tcl_txn.c;1;HAVE_STATISTICS;1 && HAVE_STATISTICS;artifact;429;459
lang/tcl/tcl_txn.c;1;HAVE_STATISTICS;1 && HAVE_STATISTICS;endif;460;460
lang/tcl/tcl_txn.c;1;1;1;artifact;461;570
lang/tcl/tcl_txn.c;1;CONFIG_TEST;1 && CONFIG_TEST;if;571;571
lang/tcl/tcl_txn.c;1;CONFIG_TEST;1 && CONFIG_TEST;artifact;572;577
lang/tcl/tcl_txn.c;1;CONFIG_TEST;1 && CONFIG_TEST;endif;578;578
lang/tcl/tcl_txn.c;1;1;1;artifact;579;583
lang/tcl/tcl_txn.c;1;CONFIG_TEST;1 && CONFIG_TEST;if;584;584
lang/tcl/tcl_txn.c;1;CONFIG_TEST;1 && CONFIG_TEST;artifact;585;590
lang/tcl/tcl_txn.c;1;CONFIG_TEST;1 && CONFIG_TEST;endif;591;591
lang/tcl/tcl_txn.c;1;1;1;artifact;592;598
lang/tcl/tcl_txn.c;1;CONFIG_TEST;1 && CONFIG_TEST;if;599;599
lang/tcl/tcl_txn.c;1;CONFIG_TEST;1 && CONFIG_TEST;artifact;600;603
lang/tcl/tcl_txn.c;1;CONFIG_TEST;1 && CONFIG_TEST;endif;604;604
lang/tcl/tcl_txn.c;1;1;1;artifact;605;628
lang/tcl/tcl_txn.c;1;CONFIG_TEST;1 && CONFIG_TEST;if;629;629
lang/tcl/tcl_txn.c;1;CONFIG_TEST;1 && CONFIG_TEST;artifact;630;712
lang/tcl/tcl_txn.c;1;CONFIG_TEST;1 && CONFIG_TEST;endif;713;713
lang/tcl/tcl_txn.c;1;1;1;artifact;714;766
lang/tcl/tcl_txn.c;1;!CONFIG_TEST;1 && !CONFIG_TEST;if;767;767
lang/tcl/tcl_txn.c;1;!CONFIG_TEST;1 && !CONFIG_TEST;artifact;768;768
lang/tcl/tcl_txn.c;1;!CONFIG_TEST;1 && !CONFIG_TEST;endif;769;769
lang/tcl/tcl_txn.c;1;1;1;artifact;770;797
lang/tcl/tcl_txn.c;1;CONFIG_TEST;1 && CONFIG_TEST;if;798;798
lang/tcl/tcl_txn.c;1;CONFIG_TEST;1 && CONFIG_TEST;artifact;799;803
lang/tcl/tcl_txn.c;1;CONFIG_TEST;1 && CONFIG_TEST;endif;804;804
lang/tcl/tcl_txn.c;1;1;1;artifact;805;807
lang/tcl/tcl_txn.c;1;CONFIG_TEST;1 && CONFIG_TEST;if;808;808
lang/tcl/tcl_txn.c;1;CONFIG_TEST;1 && CONFIG_TEST;artifact;809;885
lang/tcl/tcl_txn.c;1;CONFIG_TEST;1 && CONFIG_TEST;endif;886;886
lang/tcl/tcl_txn.c;1;1;1;artifact;887;887
lang/tcl/tcl_util.c;1;1;1;ROOT;1;154
lang/tcl/tcl_util.c;1;1;1;artifact;1;11
lang/tcl/tcl_util.c;1;HAVE_SYSTEM_INCLUDE_FILES;1 && HAVE_SYSTEM_INCLUDE_FILES;if;12;12
lang/tcl/tcl_util.c;1;HAVE_SYSTEM_INCLUDE_FILES;1 && HAVE_SYSTEM_INCLUDE_FILES;artifact;13;13
lang/tcl/tcl_util.c;1;HAVE_SYSTEM_INCLUDE_FILES;1 && HAVE_SYSTEM_INCLUDE_FILES;endif;14;14
lang/tcl/tcl_util.c;1;1;1;artifact;15;58
lang/tcl/tcl_util.c;1;HAVE_RANDOM;1 && HAVE_RANDOM;if;59;59
lang/tcl/tcl_util.c;1;HAVE_RANDOM;1 && HAVE_RANDOM;artifact;60;60
lang/tcl/tcl_util.c;1;!HAVE_RANDOM;!HAVE_RANDOM && 1;else;61;61
lang/tcl/tcl_util.c;1;!HAVE_RANDOM;!HAVE_RANDOM && 1;artifact;62;62
lang/tcl/tcl_util.c;1;!HAVE_RANDOM;!HAVE_RANDOM && 1;endif;63;63
lang/tcl/tcl_util.c;1;1;1;artifact;64;86
lang/tcl/tcl_util.c;1;HAVE_RANDOM;1 && HAVE_RANDOM;if;87;87
lang/tcl/tcl_util.c;1;HAVE_RANDOM;1 && HAVE_RANDOM;artifact;88;88
lang/tcl/tcl_util.c;1;!HAVE_RANDOM;!HAVE_RANDOM && 1;else;89;89
lang/tcl/tcl_util.c;1;!HAVE_RANDOM;!HAVE_RANDOM && 1;artifact;90;90
lang/tcl/tcl_util.c;1;!HAVE_RANDOM;!HAVE_RANDOM && 1;endif;91;91
lang/tcl/tcl_util.c;1;1;1;artifact;92;103
lang/tcl/tcl_util.c;1;HAVE_RANDOM;1 && HAVE_RANDOM;if;104;104
lang/tcl/tcl_util.c;1;HAVE_RANDOM;1 && HAVE_RANDOM;artifact;105;105
lang/tcl/tcl_util.c;1;!HAVE_RANDOM;!HAVE_RANDOM && 1;else;106;106
lang/tcl/tcl_util.c;1;!HAVE_RANDOM;!HAVE_RANDOM && 1;artifact;107;107
lang/tcl/tcl_util.c;1;!HAVE_RANDOM;!HAVE_RANDOM && 1;endif;108;108
lang/tcl/tcl_util.c;1;1;1;artifact;109;153
src/btree/bt_compact.c;1;1;1;ROOT;1;2654
src/btree/bt_compact.c;1;1;1;artifact;1;32
src/btree/bt_compact.c;1;HAVE_FTRUNCATE;1 && HAVE_FTRUNCATE;if;33;33
src/btree/bt_compact.c;1;HAVE_FTRUNCATE;1 && HAVE_FTRUNCATE;artifact;34;34
src/btree/bt_compact.c;1;HAVE_FTRUNCATE;1 && HAVE_FTRUNCATE;endif;35;35
src/btree/bt_compact.c;1;1;1;artifact;36;170
src/btree/bt_compact.c;1;DEBUG;1 && DEBUG;if;171;171
src/btree/bt_compact.c;1;DEBUG;1 && DEBUG;artifact;172;183
src/btree/bt_compact.c;1;!DEBUG;!DEBUG && 1;else;184;184
src/btree/bt_compact.c;1;!DEBUG;!DEBUG && 1;artifact;185;186
src/btree/bt_compact.c;1;!DEBUG;!DEBUG && 1;endif;187;187
src/btree/bt_compact.c;1;1;1;artifact;188;2239
src/btree/bt_compact.c;1;HAVE_FTRUNCATE;1 && HAVE_FTRUNCATE;if;2240;2240
src/btree/bt_compact.c;1;HAVE_FTRUNCATE;1 && HAVE_FTRUNCATE;artifact;2241;2651
src/btree/bt_compact.c;1;HAVE_FTRUNCATE;1 && HAVE_FTRUNCATE;endif;2652;2652
src/btree/bt_compact.c;1;1;1;artifact;2653;2653
src/btree/bt_compare.c;1;1;1;ROOT;1;215
src/btree/bt_compare.c;1;1;1;artifact;1;214
src/btree/bt_compress.c;1;1;1;ROOT;1;3175
src/btree/bt_compress.c;1;1;1;artifact;1;12
src/btree/bt_compress.c;1;HAVE_COMPRESSION;1 && HAVE_COMPRESSION;if;13;13
src/btree/bt_compress.c;1;HAVE_COMPRESSION;1 && HAVE_COMPRESSION;artifact;14;1082
src/btree/bt_compress.c;1;DIAGNOSTIC;1 && HAVE_COMPRESSION && DIAGNOSTIC;if;1083;1083
src/btree/bt_compress.c;1;DIAGNOSTIC;1 && HAVE_COMPRESSION && DIAGNOSTIC;artifact;1084;1087
src/btree/bt_compress.c;1;DIAGNOSTIC;1 && HAVE_COMPRESSION && DIAGNOSTIC;endif;1088;1088
src/btree/bt_compress.c;1;HAVE_COMPRESSION;1 && HAVE_COMPRESSION;artifact;1089;1149
src/btree/bt_compress.c;1;DIAGNOSTIC;1 && HAVE_COMPRESSION && DIAGNOSTIC;if;1150;1150
src/btree/bt_compress.c;1;DIAGNOSTIC;1 && HAVE_COMPRESSION && DIAGNOSTIC;artifact;1151;1151
src/btree/bt_compress.c;1;DIAGNOSTIC;1 && HAVE_COMPRESSION && DIAGNOSTIC;endif;1152;1152
src/btree/bt_compress.c;1;HAVE_COMPRESSION;1 && HAVE_COMPRESSION;artifact;1153;1259
src/btree/bt_compress.c;1;DIAGNOSTIC;1 && HAVE_COMPRESSION && DIAGNOSTIC;if;1260;1260
src/btree/bt_compress.c;1;DIAGNOSTIC;1 && HAVE_COMPRESSION && DIAGNOSTIC;artifact;1261;1262
src/btree/bt_compress.c;1;DIAGNOSTIC;1 && HAVE_COMPRESSION && DIAGNOSTIC;endif;1263;1263
src/btree/bt_compress.c;1;HAVE_COMPRESSION;1 && HAVE_COMPRESSION;artifact;1264;1270
src/btree/bt_compress.c;1;DIAGNOSTIC;1 && HAVE_COMPRESSION && DIAGNOSTIC;if;1271;1271
src/btree/bt_compress.c;1;DIAGNOSTIC;1 && HAVE_COMPRESSION && DIAGNOSTIC;artifact;1272;1275
src/btree/bt_compress.c;1;DIAGNOSTIC;1 && HAVE_COMPRESSION && DIAGNOSTIC;endif;1276;1276
src/btree/bt_compress.c;1;HAVE_COMPRESSION;1 && HAVE_COMPRESSION;artifact;1277;1335
src/btree/bt_compress.c;1;DIAGNOSTIC;1 && HAVE_COMPRESSION && DIAGNOSTIC;if;1336;1336
src/btree/bt_compress.c;1;DIAGNOSTIC;1 && HAVE_COMPRESSION && DIAGNOSTIC;artifact;1337;1337
src/btree/bt_compress.c;1;DIAGNOSTIC;1 && HAVE_COMPRESSION && DIAGNOSTIC;endif;1338;1338
src/btree/bt_compress.c;1;HAVE_COMPRESSION;1 && HAVE_COMPRESSION;artifact;1339;1471
src/btree/bt_compress.c;1;DIAGNOSTIC;1 && HAVE_COMPRESSION && DIAGNOSTIC;if;1472;1472
src/btree/bt_compress.c;1;DIAGNOSTIC;1 && HAVE_COMPRESSION && DIAGNOSTIC;artifact;1473;1473
src/btree/bt_compress.c;1;DIAGNOSTIC;1 && HAVE_COMPRESSION && DIAGNOSTIC;endif;1474;1474
src/btree/bt_compress.c;1;HAVE_COMPRESSION;1 && HAVE_COMPRESSION;artifact;1475;1482
src/btree/bt_compress.c;1;DIAGNOSTIC;1 && HAVE_COMPRESSION && DIAGNOSTIC;if;1483;1483
src/btree/bt_compress.c;1;DIAGNOSTIC;1 && HAVE_COMPRESSION && DIAGNOSTIC;artifact;1484;1487
src/btree/bt_compress.c;1;DIAGNOSTIC;1 && HAVE_COMPRESSION && DIAGNOSTIC;endif;1488;1488
src/btree/bt_compress.c;1;HAVE_COMPRESSION;1 && HAVE_COMPRESSION;artifact;1489;3046
src/btree/bt_compress.c;1;DIAGNOSTIC;1 && HAVE_COMPRESSION && DIAGNOSTIC;if;3047;3047
src/btree/bt_compress.c;1;DIAGNOSTIC;1 && HAVE_COMPRESSION && DIAGNOSTIC;artifact;3048;3077
src/btree/bt_compress.c;1;!DIAGNOSTIC;!DIAGNOSTIC && 1 && HAVE_COMPRESSION;else;3078;3078
src/btree/bt_compress.c;1;!DIAGNOSTIC;!DIAGNOSTIC && 1 && HAVE_COMPRESSION;artifact;3079;3080
src/btree/bt_compress.c;1;!DIAGNOSTIC;!DIAGNOSTIC && 1 && HAVE_COMPRESSION;endif;3081;3081
src/btree/bt_compress.c;1;HAVE_COMPRESSION;1 && HAVE_COMPRESSION;artifact;3082;3092
src/btree/bt_compress.c;1;DIAGNOSTIC;1 && HAVE_COMPRESSION && DIAGNOSTIC;if;3093;3093
src/btree/bt_compress.c;1;DIAGNOSTIC;1 && HAVE_COMPRESSION && DIAGNOSTIC;artifact;3094;3124
src/btree/bt_compress.c;1;!DIAGNOSTIC;!DIAGNOSTIC && 1 && HAVE_COMPRESSION;else;3125;3125
src/btree/bt_compress.c;1;!DIAGNOSTIC;!DIAGNOSTIC && 1 && HAVE_COMPRESSION;artifact;3126;3128
src/btree/bt_compress.c;1;!DIAGNOSTIC;!DIAGNOSTIC && 1 && HAVE_COMPRESSION;endif;3129;3129
src/btree/bt_compress.c;1;HAVE_COMPRESSION;1 && HAVE_COMPRESSION;artifact;3130;3140
src/btree/bt_compress.c;1;DIAGNOSTIC;1 && HAVE_COMPRESSION && DIAGNOSTIC;if;3141;3141
src/btree/bt_compress.c;1;DIAGNOSTIC;1 && HAVE_COMPRESSION && DIAGNOSTIC;artifact;3142;3165
src/btree/bt_compress.c;1;!DIAGNOSTIC;!DIAGNOSTIC && 1 && HAVE_COMPRESSION;else;3166;3166
src/btree/bt_compress.c;1;!DIAGNOSTIC;!DIAGNOSTIC && 1 && HAVE_COMPRESSION;artifact;3167;3168
src/btree/bt_compress.c;1;!DIAGNOSTIC;!DIAGNOSTIC && 1 && HAVE_COMPRESSION;endif;3169;3169
src/btree/bt_compress.c;1;HAVE_COMPRESSION;1 && HAVE_COMPRESSION;artifact;3170;3172
src/btree/bt_compress.c;1;HAVE_COMPRESSION;1 && HAVE_COMPRESSION;endif;3173;3173
src/btree/bt_compress.c;1;1;1;artifact;3174;3174
src/btree/bt_conv.c;1;1;1;ROOT;1;97
src/btree/bt_conv.c;1;1;1;artifact;1;96
src/btree/bt_curadj.c;1;1;1;ROOT;1;696
src/btree/bt_curadj.c;1;1;1;artifact;1;86
src/btree/bt_curadj.c;1;HAVE_COMPRESSION;1 && HAVE_COMPRESSION;if;87;87
src/btree/bt_curadj.c;1;HAVE_COMPRESSION;1 && HAVE_COMPRESSION;artifact;88;102
src/btree/bt_curadj.c;1;HAVE_COMPRESSION;1 && HAVE_COMPRESSION;endif;103;103
src/btree/bt_curadj.c;1;1;1;artifact;104;695
src/btree/bt_cursor.c;1;1;1;ROOT;1;3078
src/btree/bt_cursor.c;1;1;1;artifact;1;33
src/btree/bt_cursor.c;1;HAVE_COMPRESSION;1 && HAVE_COMPRESSION;if;34;34
src/btree/bt_cursor.c;1;HAVE_COMPRESSION;1 && HAVE_COMPRESSION;artifact;35;35
src/btree/bt_cursor.c;1;HAVE_COMPRESSION;1 && HAVE_COMPRESSION;endif;36;36
src/btree/bt_cursor.c;1;1;1;artifact;37;175
src/btree/bt_cursor.c;1;HAVE_COMPRESSION;1 && HAVE_COMPRESSION;if;176;176
src/btree/bt_cursor.c;1;HAVE_COMPRESSION;1 && HAVE_COMPRESSION;artifact;177;177
src/btree/bt_cursor.c;1;HAVE_COMPRESSION;1 && HAVE_COMPRESSION;endif;178;178
src/btree/bt_cursor.c;1;1;1;artifact;179;187
src/btree/bt_cursor.c;1;HAVE_COMPRESSION;1 && HAVE_COMPRESSION;if;188;188
src/btree/bt_cursor.c;1;HAVE_COMPRESSION;1 && HAVE_COMPRESSION;artifact;189;196
src/btree/bt_cursor.c;1;HAVE_COMPRESSION;1 && HAVE_COMPRESSION;endif;197;197
src/btree/bt_cursor.c;1;1;1;artifact;198;264
src/btree/bt_cursor.c;1;HAVE_COMPRESSION;1 && HAVE_COMPRESSION;if;265;265
src/btree/bt_cursor.c;1;HAVE_COMPRESSION;1 && HAVE_COMPRESSION;artifact;266;274
src/btree/bt_cursor.c;1;HAVE_COMPRESSION;1 && HAVE_COMPRESSION;endif;275;275
src/btree/bt_cursor.c;1;1;1;artifact;276;674
src/btree/bt_cursor.c;1;HAVE_COMPRESSION;1 && HAVE_COMPRESSION;if;675;675
src/btree/bt_cursor.c;1;HAVE_COMPRESSION;1 && HAVE_COMPRESSION;artifact;676;683
src/btree/bt_cursor.c;1;HAVE_COMPRESSION;1 && HAVE_COMPRESSION;endif;684;684
src/btree/bt_cursor.c;1;1;1;artifact;685;901
src/btree/bt_cursor.c;1;HAVE_COMPRESSION;1 && HAVE_COMPRESSION;if;902;902
src/btree/bt_cursor.c;1;HAVE_COMPRESSION;1 && HAVE_COMPRESSION;artifact;903;904
src/btree/bt_cursor.c;1;!HAVE_COMPRESSION;!HAVE_COMPRESSION && 1;else;905;905
src/btree/bt_cursor.c;1;!HAVE_COMPRESSION;!HAVE_COMPRESSION && 1;artifact;906;908
src/btree/bt_cursor.c;1;!HAVE_COMPRESSION;!HAVE_COMPRESSION && 1;endif;909;909
src/btree/bt_cursor.c;1;1;1;artifact;910;1015
src/btree/bt_cursor.c;1;HAVE_COMPRESSION;1 && HAVE_COMPRESSION;if;1016;1016
src/btree/bt_cursor.c;1;HAVE_COMPRESSION;1 && HAVE_COMPRESSION;artifact;1017;1024
src/btree/bt_cursor.c;1;HAVE_COMPRESSION;1 && HAVE_COMPRESSION;endif;1025;1025
src/btree/bt_cursor.c;1;1;1;artifact;1026;1799
src/btree/bt_cursor.c;1;HAVE_COMPRESSION;1 && HAVE_COMPRESSION;if;1800;1800
src/btree/bt_cursor.c;1;HAVE_COMPRESSION;1 && HAVE_COMPRESSION;artifact;1801;1946
src/btree/bt_cursor.c;1;HAVE_COMPRESSION;1 && HAVE_COMPRESSION;endif;1947;1947
src/btree/bt_cursor.c;1;1;1;artifact;1948;3077
src/btree/bt_delete.c;1;1;1;ROOT;1;543
src/btree/bt_delete.c;1;1;1;artifact;1;542
src/btree/bt_method.c;1;1;1;ROOT;1;747
src/btree/bt_method.c;1;1;1;artifact;1;53
src/btree/bt_method.c;1;HAVE_COMPRESSION;1 && HAVE_COMPRESSION;if;54;54
src/btree/bt_method.c;1;HAVE_COMPRESSION;1 && HAVE_COMPRESSION;artifact;55;65
src/btree/bt_method.c;1;HAVE_COMPRESSION;1 && HAVE_COMPRESSION;endif;66;66
src/btree/bt_method.c;1;1;1;artifact;67;194
src/btree/bt_method.c;1;HAVE_COMPRESSION;1 && HAVE_COMPRESSION;if;195;195
src/btree/bt_method.c;1;HAVE_COMPRESSION;1 && HAVE_COMPRESSION;artifact;196;209
src/btree/bt_method.c;1;HAVE_COMPRESSION;1 && HAVE_COMPRESSION;endif;210;210
src/btree/bt_method.c;1;1;1;artifact;211;212
src/btree/bt_method.c;1;HAVE_COMPRESSION;1 && HAVE_COMPRESSION;if;213;213
src/btree/bt_method.c;1;HAVE_COMPRESSION;1 && HAVE_COMPRESSION;artifact;214;217
src/btree/bt_method.c;1;HAVE_COMPRESSION;1 && HAVE_COMPRESSION;endif;218;218
src/btree/bt_method.c;1;1;1;artifact;219;291
src/btree/bt_method.c;1;HAVE_COMPRESSION;1 && HAVE_COMPRESSION;if;292;292
src/btree/bt_method.c;1;HAVE_COMPRESSION;1 && HAVE_COMPRESSION;artifact;293;304
src/btree/bt_method.c;1;!HAVE_COMPRESSION;!HAVE_COMPRESSION && 1;else;305;305
src/btree/bt_method.c;1;!HAVE_COMPRESSION;!HAVE_COMPRESSION && 1;artifact;306;311
src/btree/bt_method.c;1;!HAVE_COMPRESSION;!HAVE_COMPRESSION && 1;endif;312;312
src/btree/bt_method.c;1;1;1;artifact;313;331
src/btree/bt_method.c;1;HAVE_COMPRESSION;1 && HAVE_COMPRESSION;if;332;332
src/btree/bt_method.c;1;HAVE_COMPRESSION;1 && HAVE_COMPRESSION;artifact;333;374
src/btree/bt_method.c;1;!HAVE_COMPRESSION;!HAVE_COMPRESSION && 1;else;375;375
src/btree/bt_method.c;1;!HAVE_COMPRESSION;!HAVE_COMPRESSION && 1;artifact;376;381
src/btree/bt_method.c;1;!HAVE_COMPRESSION;!HAVE_COMPRESSION && 1;endif;382;382
src/btree/bt_method.c;1;1;1;artifact;383;489
src/btree/bt_method.c;1;HAVE_COMPRESSION;1 && HAVE_COMPRESSION;if;490;490
src/btree/bt_method.c;1;HAVE_COMPRESSION;1 && HAVE_COMPRESSION;artifact;491;493
src/btree/bt_method.c;1;HAVE_COMPRESSION;1 && HAVE_COMPRESSION;endif;494;494
src/btree/bt_method.c;1;1;1;artifact;495;625
src/btree/bt_method.c;1;HAVE_QUEUE;1 && HAVE_QUEUE;if;626;626
src/btree/bt_method.c;1;HAVE_QUEUE;1 && HAVE_QUEUE;artifact;627;627
src/btree/bt_method.c;1;HAVE_QUEUE;1 && HAVE_QUEUE;endif;628;628
src/btree/bt_method.c;1;1;1;artifact;629;635
src/btree/bt_method.c;1;HAVE_QUEUE;1 && HAVE_QUEUE;if;636;636
src/btree/bt_method.c;1;HAVE_QUEUE;1 && HAVE_QUEUE;artifact;637;638
src/btree/bt_method.c;1;HAVE_QUEUE;1 && HAVE_QUEUE;endif;639;639
src/btree/bt_method.c;1;1;1;artifact;640;689
src/btree/bt_method.c;1;HAVE_QUEUE;1 && HAVE_QUEUE;if;690;690
src/btree/bt_method.c;1;HAVE_QUEUE;1 && HAVE_QUEUE;artifact;691;691
src/btree/bt_method.c;1;HAVE_QUEUE;1 && HAVE_QUEUE;endif;692;692
src/btree/bt_method.c;1;1;1;artifact;693;699
src/btree/bt_method.c;1;HAVE_QUEUE;1 && HAVE_QUEUE;if;700;700
src/btree/bt_method.c;1;HAVE_QUEUE;1 && HAVE_QUEUE;artifact;701;702
src/btree/bt_method.c;1;HAVE_QUEUE;1 && HAVE_QUEUE;endif;703;703
src/btree/bt_method.c;1;1;1;artifact;704;746
src/btree/bt_open.c;1;1;1;ROOT;1;679
src/btree/bt_open.c;1;1;1;artifact;1;243
src/btree/bt_open.c;1;HAVE_COMPRESSION;1 && HAVE_COMPRESSION;if;244;244
src/btree/bt_open.c;1;HAVE_COMPRESSION;1 && HAVE_COMPRESSION;artifact;245;259
src/btree/bt_open.c;1;!HAVE_COMPRESSION;!HAVE_COMPRESSION && 1;else;260;260
src/btree/bt_open.c;1;!HAVE_COMPRESSION;!HAVE_COMPRESSION && 1;artifact;261;266
src/btree/bt_open.c;1;!HAVE_COMPRESSION;!HAVE_COMPRESSION && 1;endif;267;267
src/btree/bt_open.c;1;1;1;artifact;268;397
src/btree/bt_open.c;1;HAVE_PARTITION;1 && HAVE_PARTITION;if;398;398
src/btree/bt_open.c;1;HAVE_PARTITION;1 && HAVE_PARTITION;artifact;399;399
src/btree/bt_open.c;1;HAVE_PARTITION;1 && HAVE_PARTITION;endif;400;400
src/btree/bt_open.c;1;1;1;artifact;401;433
src/btree/bt_open.c;1;HAVE_COMPRESSION;1 && HAVE_COMPRESSION;if;434;434
src/btree/bt_open.c;1;HAVE_COMPRESSION;1 && HAVE_COMPRESSION;artifact;435;436
src/btree/bt_open.c;1;HAVE_COMPRESSION;1 && HAVE_COMPRESSION;endif;437;437
src/btree/bt_open.c;1;1;1;artifact;438;445
src/btree/bt_open.c;1;HAVE_PARTITION;1 && HAVE_PARTITION;if;446;446
src/btree/bt_open.c;1;HAVE_PARTITION;1 && HAVE_PARTITION;artifact;447;453
src/btree/bt_open.c;1;HAVE_PARTITION;1 && HAVE_PARTITION;endif;454;454
src/btree/bt_open.c;1;1;1;artifact;455;555
src/btree/bt_open.c;1;DIAGNOSTIC;1 && DIAGNOSTIC;if;556;556
src/btree/bt_open.c;1;DIAGNOSTIC;1 && DIAGNOSTIC;artifact;557;557
src/btree/bt_open.c;1;DIAGNOSTIC;1 && DIAGNOSTIC;endif;558;558
src/btree/bt_open.c;1;1;1;artifact;559;641
src/btree/bt_open.c;1;!DEFINED___LB__DEBUG_WOP__RB__;1 && !DEFINED___LB__DEBUG_WOP__RB__;if;642;642
src/btree/bt_open.c;1;!DEFINED___LB__DEBUG_WOP__RB__;1 && !DEFINED___LB__DEBUG_WOP__RB__;artifact;643;643
src/btree/bt_open.c;1;!DEFINED___LB__DEBUG_WOP__RB__;1 && !DEFINED___LB__DEBUG_WOP__RB__;endif;644;644
src/btree/bt_open.c;1;1;1;artifact;645;678
src/btree/bt_put.c;1;1;1;ROOT;1;1089
src/btree/bt_put.c;1;1;1;artifact;1;1088
src/btree/bt_rec.c;1;1;1;ROOT;1;2038
src/btree/bt_rec.c;1;1;1;artifact;1;2037
src/btree/bt_reclaim.c;1;1;1;ROOT;1;100
src/btree/bt_reclaim.c;1;1;1;artifact;1;72
src/btree/bt_reclaim.c;1;HAVE_COMPRESSION;1 && HAVE_COMPRESSION;if;73;73
src/btree/bt_reclaim.c;1;HAVE_COMPRESSION;1 && HAVE_COMPRESSION;artifact;74;79
src/btree/bt_reclaim.c;1;HAVE_COMPRESSION;1 && HAVE_COMPRESSION;endif;80;80
src/btree/bt_reclaim.c;1;1;1;artifact;81;87
src/btree/bt_reclaim.c;1;HAVE_COMPRESSION;1 && HAVE_COMPRESSION;if;88;88
src/btree/bt_reclaim.c;1;HAVE_COMPRESSION;1 && HAVE_COMPRESSION;artifact;89;92
src/btree/bt_reclaim.c;1;HAVE_COMPRESSION;1 && HAVE_COMPRESSION;endif;93;93
src/btree/bt_reclaim.c;1;1;1;artifact;94;99
src/btree/bt_recno.c;1;1;1;ROOT;1;1429
src/btree/bt_recno.c;1;1;1;artifact;1;1428
src/btree/bt_rsearch.c;1;1;1;ROOT;1;515
src/btree/bt_rsearch.c;1;1;1;artifact;1;514
src/btree/bt_search.c;1;1;1;ROOT;1;1030
src/btree/bt_search.c;1;1;1;artifact;1;1029
src/btree/bt_split.c;1;1;1;ROOT;1;1334
src/btree/bt_split.c;1;1;1;artifact;1;1333
src/btree/bt_stat.c;1;1;1;ROOT;1;671
src/btree/bt_stat.c;1;1;1;artifact;1;17
src/btree/bt_stat.c;1;HAVE_STATISTICS;1 && HAVE_STATISTICS;if;18;18
src/btree/bt_stat.c;1;HAVE_STATISTICS;1 && HAVE_STATISTICS;artifact;19;114
src/btree/bt_stat.c;1;HAVE_COMPRESSION;1 && HAVE_STATISTICS && HAVE_COMPRESSION;if;115;115
src/btree/bt_stat.c;1;HAVE_COMPRESSION;1 && HAVE_STATISTICS && HAVE_COMPRESSION;artifact;116;118
src/btree/bt_stat.c;1;HAVE_COMPRESSION;1 && HAVE_STATISTICS && HAVE_COMPRESSION;endif;119;119
src/btree/bt_stat.c;1;HAVE_STATISTICS;1 && HAVE_STATISTICS;artifact;120;240
src/btree/bt_stat.c;1;HAVE_PARTITION;1 && HAVE_STATISTICS && HAVE_PARTITION;if;241;241
src/btree/bt_stat.c;1;HAVE_PARTITION;1 && HAVE_STATISTICS && HAVE_PARTITION;artifact;242;245
src/btree/bt_stat.c;1;HAVE_PARTITION;1 && HAVE_STATISTICS && HAVE_PARTITION;endif;246;246
src/btree/bt_stat.c;1;HAVE_STATISTICS;1 && HAVE_STATISTICS;artifact;247;464
src/btree/bt_stat.c;1;!HAVE_STATISTICS;!HAVE_STATISTICS && 1;else;465;465
src/btree/bt_stat.c;1;!HAVE_STATISTICS;!HAVE_STATISTICS && 1;artifact;466;487
src/btree/bt_stat.c;1;!HAVE_STATISTICS;!HAVE_STATISTICS && 1;endif;488;488
src/btree/bt_stat.c;1;1;1;artifact;489;670
src/btree/bt_upgrade.c;1;1;1;ROOT;1;155
src/btree/bt_upgrade.c;1;1;1;artifact;1;154
src/btree/bt_verify.c;1;1;1;ROOT;1;2807
src/btree/bt_verify.c;1;1;1;artifact;1;142
src/btree/bt_verify.c;1;HAVE_COMPRESSION;1 && HAVE_COMPRESSION;if;143;143
src/btree/bt_verify.c;1;HAVE_COMPRESSION;1 && HAVE_COMPRESSION;artifact;144;181
src/btree/bt_verify.c;1;HAVE_COMPRESSION;1 && HAVE_COMPRESSION;endif;182;182
src/btree/bt_verify.c;1;1;1;artifact;183;1053
src/btree/bt_verify.c;1;0;1 && 0;if;1054;1054
src/btree/bt_verify.c;1;0;1 && 0;artifact;1055;1060
src/btree/bt_verify.c;1;0;1 && 0;endif;1061;1061
src/btree/bt_verify.c;1;1;1;artifact;1062;2196
src/btree/bt_verify.c;1;HAVE_COMPRESSION;1 && HAVE_COMPRESSION;if;2197;2197
src/btree/bt_verify.c;1;HAVE_COMPRESSION;1 && HAVE_COMPRESSION;artifact;2198;2199
src/btree/bt_verify.c;1;HAVE_COMPRESSION;1 && HAVE_COMPRESSION;endif;2200;2200
src/btree/bt_verify.c;1;1;1;artifact;2201;2209
src/btree/bt_verify.c;1;HAVE_COMPRESSION;1 && HAVE_COMPRESSION;if;2210;2210
src/btree/bt_verify.c;1;HAVE_COMPRESSION;1 && HAVE_COMPRESSION;artifact;2211;2213
src/btree/bt_verify.c;1;HAVE_COMPRESSION;1 && HAVE_COMPRESSION;endif;2214;2214
src/btree/bt_verify.c;1;1;1;artifact;2215;2297
src/btree/bt_verify.c;1;HAVE_COMPRESSION;1 && HAVE_COMPRESSION;if;2298;2298
src/btree/bt_verify.c;1;HAVE_COMPRESSION;1 && HAVE_COMPRESSION;artifact;2299;2299
src/btree/bt_verify.c;1;HAVE_COMPRESSION;1 && HAVE_COMPRESSION;endif;2300;2300
src/btree/bt_verify.c;1;1;1;artifact;2301;2316
src/btree/bt_verify.c;1;HAVE_COMPRESSION;1 && HAVE_COMPRESSION;if;2317;2317
src/btree/bt_verify.c;1;HAVE_COMPRESSION;1 && HAVE_COMPRESSION;artifact;2318;2318
src/btree/bt_verify.c;1;HAVE_COMPRESSION;1 && HAVE_COMPRESSION;endif;2319;2319
src/btree/bt_verify.c;1;1;1;artifact;2320;2354
src/btree/bt_verify.c;1;HAVE_COMPRESSION;1 && HAVE_COMPRESSION;if;2355;2355
src/btree/bt_verify.c;1;HAVE_COMPRESSION;1 && HAVE_COMPRESSION;artifact;2356;2357
src/btree/bt_verify.c;1;HAVE_COMPRESSION;1 && HAVE_COMPRESSION;endif;2358;2358
src/btree/bt_verify.c;1;1;1;artifact;2359;2372
src/btree/bt_verify.c;1;HAVE_COMPRESSION;1 && HAVE_COMPRESSION;if;2373;2373
src/btree/bt_verify.c;1;HAVE_COMPRESSION;1 && HAVE_COMPRESSION;artifact;2374;2374
src/btree/bt_verify.c;1;HAVE_COMPRESSION;1 && HAVE_COMPRESSION;endif;2375;2375
src/btree/bt_verify.c;1;1;1;artifact;2376;2389
src/btree/bt_verify.c;1;HAVE_COMPRESSION;1 && HAVE_COMPRESSION;if;2390;2390
src/btree/bt_verify.c;1;HAVE_COMPRESSION;1 && HAVE_COMPRESSION;artifact;2391;2415
src/btree/bt_verify.c;1;HAVE_COMPRESSION;1 && HAVE_COMPRESSION;endif;2416;2416
src/btree/bt_verify.c;1;1;1;artifact;2417;2423
src/btree/bt_verify.c;1;HAVE_COMPRESSION;1 && HAVE_COMPRESSION;if;2424;2424
src/btree/bt_verify.c;1;HAVE_COMPRESSION;1 && HAVE_COMPRESSION;artifact;2425;2425
src/btree/bt_verify.c;1;HAVE_COMPRESSION;1 && HAVE_COMPRESSION;endif;2426;2426
src/btree/bt_verify.c;1;1;1;artifact;2427;2504
src/btree/bt_verify.c;1;HAVE_COMPRESSION;1 && HAVE_COMPRESSION;if;2505;2505
src/btree/bt_verify.c;1;HAVE_COMPRESSION;1 && HAVE_COMPRESSION;artifact;2506;2534
src/btree/bt_verify.c;1;HAVE_COMPRESSION;1 && HAVE_COMPRESSION;endif;2535;2535
src/btree/bt_verify.c;1;1;1;artifact;2536;2541
src/btree/bt_verify.c;1;HAVE_COMPRESSION;1 && HAVE_COMPRESSION;if;2542;2542
src/btree/bt_verify.c;1;HAVE_COMPRESSION;1 && HAVE_COMPRESSION;artifact;2543;2543
src/btree/bt_verify.c;1;HAVE_COMPRESSION;1 && HAVE_COMPRESSION;endif;2544;2544
src/btree/bt_verify.c;1;1;1;artifact;2545;2574
src/btree/bt_verify.c;1;HAVE_COMPRESSION;1 && HAVE_COMPRESSION;if;2575;2575
src/btree/bt_verify.c;1;HAVE_COMPRESSION;1 && HAVE_COMPRESSION;artifact;2576;2577
src/btree/bt_verify.c;1;HAVE_COMPRESSION;1 && HAVE_COMPRESSION;endif;2578;2578
src/btree/bt_verify.c;1;1;1;artifact;2579;2806
src/btree/btree_auto.c;1;1;1;ROOT;1;209
src/btree/btree_auto.c;1;1;1;artifact;1;208
src/btree/btree_autop.c;1;1;1;ROOT;1;293
src/btree/btree_autop.c;1;1;1;artifact;1;292
src/clib/atoi.c;1;1;1;ROOT;1;52
src/clib/atoi.c;1;1;1;artifact;1;51
src/clib/atol.c;1;1;1;ROOT;1;52
src/clib/atol.c;1;1;1;artifact;1;51
src/clib/bsearch.c;1;1;1;ROOT;1;40
src/clib/bsearch.c;1;1;1;artifact;1;39
src/clib/getcwd.c;1;1;1;ROOT;1;263
src/clib/getcwd.c;1;1;1;artifact;1;40
src/clib/getcwd.c;1;HAVE_SYSTEM_INCLUDE_FILES;1 && HAVE_SYSTEM_INCLUDE_FILES;if;41;41
src/clib/getcwd.c;1;HAVE_DIRENT_H;1 && HAVE_SYSTEM_INCLUDE_FILES && HAVE_DIRENT_H;if;42;42
src/clib/getcwd.c;1;HAVE_DIRENT_H;1 && HAVE_SYSTEM_INCLUDE_FILES && HAVE_DIRENT_H;artifact;43;44
src/clib/getcwd.c;1;!HAVE_DIRENT_H;!HAVE_DIRENT_H && 1 && HAVE_SYSTEM_INCLUDE_FILES;else;45;45
src/clib/getcwd.c;1;!HAVE_DIRENT_H;!HAVE_DIRENT_H && 1 && HAVE_SYSTEM_INCLUDE_FILES;artifact;46;47
src/clib/getcwd.c;1;HAVE_SYS_NDIR_H;!HAVE_DIRENT_H && 1 && HAVE_SYSTEM_INCLUDE_FILES && HAVE_SYS_NDIR_H;if;48;48
src/clib/getcwd.c;1;HAVE_SYS_NDIR_H;!HAVE_DIRENT_H && 1 && HAVE_SYSTEM_INCLUDE_FILES && HAVE_SYS_NDIR_H;artifact;49;49
src/clib/getcwd.c;1;HAVE_SYS_NDIR_H;!HAVE_DIRENT_H && 1 && HAVE_SYSTEM_INCLUDE_FILES && HAVE_SYS_NDIR_H;endif;50;50
src/clib/getcwd.c;1;HAVE_SYS_DIR_H;!HAVE_DIRENT_H && 1 && HAVE_SYSTEM_INCLUDE_FILES && HAVE_SYS_DIR_H;if;51;51
src/clib/getcwd.c;1;HAVE_SYS_DIR_H;!HAVE_DIRENT_H && 1 && HAVE_SYSTEM_INCLUDE_FILES && HAVE_SYS_DIR_H;artifact;52;52
src/clib/getcwd.c;1;HAVE_SYS_DIR_H;!HAVE_DIRENT_H && 1 && HAVE_SYSTEM_INCLUDE_FILES && HAVE_SYS_DIR_H;endif;53;53
src/clib/getcwd.c;1;HAVE_NDIR_H;!HAVE_DIRENT_H && 1 && HAVE_SYSTEM_INCLUDE_FILES && HAVE_NDIR_H;if;54;54
src/clib/getcwd.c;1;HAVE_NDIR_H;!HAVE_DIRENT_H && 1 && HAVE_SYSTEM_INCLUDE_FILES && HAVE_NDIR_H;artifact;55;55
src/clib/getcwd.c;1;HAVE_NDIR_H;!HAVE_DIRENT_H && 1 && HAVE_SYSTEM_INCLUDE_FILES && HAVE_NDIR_H;endif;56;56
src/clib/getcwd.c;1;!HAVE_DIRENT_H;!HAVE_DIRENT_H && 1 && HAVE_SYSTEM_INCLUDE_FILES;endif;57;57
src/clib/getcwd.c;1;HAVE_SYSTEM_INCLUDE_FILES;1 && HAVE_SYSTEM_INCLUDE_FILES;endif;58;58
src/clib/getcwd.c;1;1;1;artifact;59;63
src/clib/getcwd.c;1;!dirfd;1 && !dirfd;if;64;64
src/clib/getcwd.c;1;!dirfd;1 && !dirfd;artifact;65;65
src/clib/getcwd.c;1;!dirfd;1 && !dirfd;endif;66;66
src/clib/getcwd.c;1;1;1;artifact;67;262
src/clib/getopt.c;1;1;1;ROOT;1;155
src/clib/getopt.c;1;1;1;artifact;1;154
src/clib/isalpha.c;1;1;1;ROOT;1;30
src/clib/isalpha.c;1;1;1;artifact;1;29
src/clib/isdigit.c;1;1;1;ROOT;1;30
src/clib/isdigit.c;1;1;1;artifact;1;29
src/clib/isprint.c;1;1;1;ROOT;1;30
src/clib/isprint.c;1;1;1;artifact;1;29
src/clib/isspace.c;1;1;1;ROOT;1;28
src/clib/isspace.c;1;1;1;artifact;1;27
src/clib/memcmp.c;1;1;1;ROOT;1;64
src/clib/memcmp.c;1;1;1;artifact;1;63
src/clib/memmove.c;1;1;1;ROOT;1;152
src/clib/memmove.c;1;1;1;artifact;1;56
src/clib/memmove.c;1;MEMCOPY;1 && MEMCOPY;if;57;57
src/clib/memmove.c;1;MEMCOPY;1 && MEMCOPY;artifact;58;64
src/clib/memmove.c;1;!MEMCOPY;!MEMCOPY && 1;else;65;65
src/clib/memmove.c;1;MEMMOVE;!MEMCOPY && 1 && MEMMOVE;if;66;66
src/clib/memmove.c;1;MEMMOVE;!MEMCOPY && 1 && MEMMOVE;artifact;67;73
src/clib/memmove.c;1;!MEMMOVE;!MEMMOVE && !MEMCOPY && 1;else;74;74
src/clib/memmove.c;1;!MEMMOVE;!MEMMOVE && !MEMCOPY && 1;artifact;75;76
src/clib/memmove.c;1;!MEMMOVE;!MEMMOVE && !MEMCOPY && 1;endif;77;77
src/clib/memmove.c;1;!MEMCOPY;!MEMCOPY && 1;endif;78;78
src/clib/memmove.c;1;1;1;artifact;79;144
src/clib/memmove.c;1;DEFINED___LB__MEMCOPY__RB__ || DEFINED___LB__MEMMOVE__RB__;1 && (DEFINED___LB__MEMCOPY__RB__ || DEFINED___LB__MEMMOVE__RB__);if;145;145
src/clib/memmove.c;1;DEFINED___LB__MEMCOPY__RB__ || DEFINED___LB__MEMMOVE__RB__;1 && (DEFINED___LB__MEMCOPY__RB__ || DEFINED___LB__MEMMOVE__RB__);artifact;146;146
src/clib/memmove.c;1;!DEFINED___LB__MEMCOPY__RB__ && !DEFINED___LB__MEMMOVE__RB__;!DEFINED___LB__MEMCOPY__RB__ && !DEFINED___LB__MEMMOVE__RB__ && 1;else;147;147
src/clib/memmove.c;1;!DEFINED___LB__MEMCOPY__RB__ && !DEFINED___LB__MEMMOVE__RB__;!DEFINED___LB__MEMCOPY__RB__ && !DEFINED___LB__MEMMOVE__RB__ && 1;artifact;148;148
src/clib/memmove.c;1;!DEFINED___LB__MEMCOPY__RB__ && !DEFINED___LB__MEMMOVE__RB__;!DEFINED___LB__MEMCOPY__RB__ && !DEFINED___LB__MEMMOVE__RB__ && 1;endif;149;149
src/clib/memmove.c;1;1;1;artifact;150;151
src/clib/printf.c;1;1;1;ROOT;1;118
src/clib/printf.c;1;1;1;artifact;1;19
src/clib/printf.c;1;!HAVE_PRINTF;1 && !HAVE_PRINTF;if;20;20
src/clib/printf.c;1;!HAVE_PRINTF;1 && !HAVE_PRINTF;artifact;21;21
src/clib/printf.c;1;STDC_HEADERS;1 && !HAVE_PRINTF && STDC_HEADERS;if;22;22
src/clib/printf.c;1;STDC_HEADERS;1 && !HAVE_PRINTF && STDC_HEADERS;artifact;23;23
src/clib/printf.c;1;!STDC_HEADERS;!STDC_HEADERS && 1 && !HAVE_PRINTF;else;24;24
src/clib/printf.c;1;!STDC_HEADERS;!STDC_HEADERS && 1 && !HAVE_PRINTF;artifact;25;27
src/clib/printf.c;1;!STDC_HEADERS;!STDC_HEADERS && 1 && !HAVE_PRINTF;endif;28;28
src/clib/printf.c;1;!HAVE_PRINTF;1 && !HAVE_PRINTF;artifact;29;33
src/clib/printf.c;1;STDC_HEADERS;1 && !HAVE_PRINTF && STDC_HEADERS;if;34;34
src/clib/printf.c;1;STDC_HEADERS;1 && !HAVE_PRINTF && STDC_HEADERS;artifact;35;35
src/clib/printf.c;1;!STDC_HEADERS;!STDC_HEADERS && 1 && !HAVE_PRINTF;else;36;36
src/clib/printf.c;1;!STDC_HEADERS;!STDC_HEADERS && 1 && !HAVE_PRINTF;artifact;37;37
src/clib/printf.c;1;!STDC_HEADERS;!STDC_HEADERS && 1 && !HAVE_PRINTF;endif;38;38
src/clib/printf.c;1;!HAVE_PRINTF;1 && !HAVE_PRINTF;artifact;39;48
src/clib/printf.c;1;!HAVE_PRINTF;1 && !HAVE_PRINTF;endif;49;49
src/clib/printf.c;1;1;1;artifact;50;57
src/clib/printf.c;1;!HAVE_PRINTF;1 && !HAVE_PRINTF;if;58;58
src/clib/printf.c;1;!HAVE_PRINTF;1 && !HAVE_PRINTF;artifact;59;59
src/clib/printf.c;1;STDC_HEADERS;1 && !HAVE_PRINTF && STDC_HEADERS;if;60;60
src/clib/printf.c;1;STDC_HEADERS;1 && !HAVE_PRINTF && STDC_HEADERS;artifact;61;61
src/clib/printf.c;1;!STDC_HEADERS;!STDC_HEADERS && 1 && !HAVE_PRINTF;else;62;62
src/clib/printf.c;1;!STDC_HEADERS;!STDC_HEADERS && 1 && !HAVE_PRINTF;artifact;63;66
src/clib/printf.c;1;!STDC_HEADERS;!STDC_HEADERS && 1 && !HAVE_PRINTF;endif;67;67
src/clib/printf.c;1;!HAVE_PRINTF;1 && !HAVE_PRINTF;artifact;68;72
src/clib/printf.c;1;STDC_HEADERS;1 && !HAVE_PRINTF && STDC_HEADERS;if;73;73
src/clib/printf.c;1;STDC_HEADERS;1 && !HAVE_PRINTF && STDC_HEADERS;artifact;74;74
src/clib/printf.c;1;!STDC_HEADERS;!STDC_HEADERS && 1 && !HAVE_PRINTF;else;75;75
src/clib/printf.c;1;!STDC_HEADERS;!STDC_HEADERS && 1 && !HAVE_PRINTF;artifact;76;76
src/clib/printf.c;1;!STDC_HEADERS;!STDC_HEADERS && 1 && !HAVE_PRINTF;endif;77;77
src/clib/printf.c;1;!HAVE_PRINTF;1 && !HAVE_PRINTF;artifact;78;87
src/clib/printf.c;1;!HAVE_PRINTF;1 && !HAVE_PRINTF;endif;88;88
src/clib/printf.c;1;1;1;artifact;89;96
src/clib/printf.c;1;!HAVE_PRINTF;1 && !HAVE_PRINTF;if;97;97
src/clib/printf.c;1;!HAVE_PRINTF;1 && !HAVE_PRINTF;artifact;98;115
src/clib/printf.c;1;!HAVE_PRINTF;1 && !HAVE_PRINTF;endif;116;116
src/clib/printf.c;1;1;1;artifact;117;117
src/clib/qsort.c;1;1;1;ROOT;1;183
src/clib/qsort.c;1;1;1;artifact;1;182
src/clib/raise.c;1;1;1;ROOT;1;28
src/clib/raise.c;1;1;1;artifact;1;27
src/clib/rand.c;1;1;1;ROOT;1;27
src/clib/rand.c;1;1;1;artifact;1;26
src/clib/snprintf.c;1;1;1;ROOT;1;151
src/clib/snprintf.c;1;1;1;artifact;1;12
src/clib/snprintf.c;1;!DEFINED___LB__HAVE_SNPRINTF__RB__ || !DEFINED___LB__HAVE_VSNPRINTF__RB__;1 && (!DEFINED___LB__HAVE_SNPRINTF__RB__ || !DEFINED___LB__HAVE_VSNPRINTF__RB__);if;13;13
src/clib/snprintf.c;1;!DEFINED___LB__HAVE_SNPRINTF__RB__ || !DEFINED___LB__HAVE_VSNPRINTF__RB__;1 && (!DEFINED___LB__HAVE_SNPRINTF__RB__ || !DEFINED___LB__HAVE_VSNPRINTF__RB__);artifact;14;15
src/clib/snprintf.c;1;!DEFINED___LB__HAVE_SNPRINTF__RB__ || !DEFINED___LB__HAVE_VSNPRINTF__RB__;1 && (!DEFINED___LB__HAVE_SNPRINTF__RB__ || !DEFINED___LB__HAVE_VSNPRINTF__RB__);endif;16;16
src/clib/snprintf.c;1;1;1;artifact;17;25
src/clib/snprintf.c;1;!HAVE_SNPRINTF;1 && !HAVE_SNPRINTF;if;26;26
src/clib/snprintf.c;1;!HAVE_SNPRINTF;1 && !HAVE_SNPRINTF;artifact;27;27
src/clib/snprintf.c;1;STDC_HEADERS;1 && !HAVE_SNPRINTF && STDC_HEADERS;if;28;28
src/clib/snprintf.c;1;STDC_HEADERS;1 && !HAVE_SNPRINTF && STDC_HEADERS;artifact;29;29
src/clib/snprintf.c;1;!STDC_HEADERS;!STDC_HEADERS && 1 && !HAVE_SNPRINTF;else;30;30
src/clib/snprintf.c;1;!STDC_HEADERS;!STDC_HEADERS && 1 && !HAVE_SNPRINTF;artifact;31;35
src/clib/snprintf.c;1;!STDC_HEADERS;!STDC_HEADERS && 1 && !HAVE_SNPRINTF;endif;36;36
src/clib/snprintf.c;1;!HAVE_SNPRINTF;1 && !HAVE_SNPRINTF;artifact;37;44
src/clib/snprintf.c;1;STDC_HEADERS;1 && !HAVE_SNPRINTF && STDC_HEADERS;if;45;45
src/clib/snprintf.c;1;STDC_HEADERS;1 && !HAVE_SNPRINTF && STDC_HEADERS;artifact;46;46
src/clib/snprintf.c;1;!STDC_HEADERS;!STDC_HEADERS && 1 && !HAVE_SNPRINTF;else;47;47
src/clib/snprintf.c;1;!STDC_HEADERS;!STDC_HEADERS && 1 && !HAVE_SNPRINTF;artifact;48;48
src/clib/snprintf.c;1;!STDC_HEADERS;!STDC_HEADERS && 1 && !HAVE_SNPRINTF;endif;49;49
src/clib/snprintf.c;1;!HAVE_SNPRINTF;1 && !HAVE_SNPRINTF;artifact;50;61
src/clib/snprintf.c;1;!HAVE_SNPRINTF;1 && !HAVE_SNPRINTF;endif;62;62
src/clib/snprintf.c;1;1;1;artifact;63;71
src/clib/snprintf.c;1;!HAVE_VSNPRINTF;1 && !HAVE_VSNPRINTF;if;72;72
src/clib/snprintf.c;1;!HAVE_VSNPRINTF;1 && !HAVE_VSNPRINTF;artifact;73;95
src/clib/snprintf.c;1;!HAVE_VSNPRINTF;1 && !HAVE_VSNPRINTF;endif;96;96
src/clib/snprintf.c;1;1;1;artifact;97;97
src/clib/snprintf.c;1;!DEFINED___LB__HAVE_SNPRINTF__RB__ || !DEFINED___LB__HAVE_VSNPRINTF__RB__;1 && (!DEFINED___LB__HAVE_SNPRINTF__RB__ || !DEFINED___LB__HAVE_VSNPRINTF__RB__);if;98;98
src/clib/snprintf.c;1;!DEFINED___LB__HAVE_SNPRINTF__RB__ || !DEFINED___LB__HAVE_VSNPRINTF__RB__;1 && (!DEFINED___LB__HAVE_SNPRINTF__RB__ || !DEFINED___LB__HAVE_VSNPRINTF__RB__);artifact;99;112
src/clib/snprintf.c;1;!STDERR_FILENO;1 && (!DEFINED___LB__HAVE_SNPRINTF__RB__ || !DEFINED___LB__HAVE_VSNPRINTF__RB__) && !STDERR_FILENO;if;113;113
src/clib/snprintf.c;1;!STDERR_FILENO;1 && (!DEFINED___LB__HAVE_SNPRINTF__RB__ || !DEFINED___LB__HAVE_VSNPRINTF__RB__) && !STDERR_FILENO;artifact;114;114
src/clib/snprintf.c;1;!STDERR_FILENO;1 && (!DEFINED___LB__HAVE_SNPRINTF__RB__ || !DEFINED___LB__HAVE_VSNPRINTF__RB__) && !STDERR_FILENO;endif;115;115
src/clib/snprintf.c;1;!DEFINED___LB__HAVE_SNPRINTF__RB__ || !DEFINED___LB__HAVE_VSNPRINTF__RB__;1 && (!DEFINED___LB__HAVE_SNPRINTF__RB__ || !DEFINED___LB__HAVE_VSNPRINTF__RB__);artifact;116;148
src/clib/snprintf.c;1;!DEFINED___LB__HAVE_SNPRINTF__RB__ || !DEFINED___LB__HAVE_VSNPRINTF__RB__;1 && (!DEFINED___LB__HAVE_SNPRINTF__RB__ || !DEFINED___LB__HAVE_VSNPRINTF__RB__);endif;149;149
src/clib/snprintf.c;1;1;1;artifact;150;150
src/clib/strcasecmp.c;1;1;1;ROOT;1;99
src/clib/strcasecmp.c;1;1;1;artifact;1;98
src/clib/strcat.c;1;1;1;ROOT;1;55
src/clib/strcat.c;1;1;1;artifact;1;54
src/clib/strchr.c;1;1;1;ROOT;1;59
src/clib/strchr.c;1;1;1;artifact;1;58
src/clib/strdup.c;1;1;1;ROOT;1;61
src/clib/strdup.c;1;1;1;artifact;1;60
src/clib/strerror.c;1;1;1;ROOT;1;227
src/clib/strerror.c;1;1;1;artifact;1;188
src/clib/strerror.c;1;EAUTH;1 && EAUTH;if;189;189
src/clib/strerror.c;1;EAUTH;1 && EAUTH;artifact;190;190
src/clib/strerror.c;1;EAUTH;1 && EAUTH;endif;191;191
src/clib/strerror.c;1;ENEEDAUTH;1 && ENEEDAUTH;if;192;192
src/clib/strerror.c;1;ENEEDAUTH;1 && ENEEDAUTH;artifact;193;193
src/clib/strerror.c;1;ENEEDAUTH;1 && ENEEDAUTH;endif;194;194
src/clib/strerror.c;1;1;1;artifact;195;196
src/clib/strerror.c;1;EOVERFLOW;1 && EOVERFLOW;if;197;197
src/clib/strerror.c;1;EOVERFLOW;1 && EOVERFLOW;artifact;198;198
src/clib/strerror.c;1;EOVERFLOW;1 && EOVERFLOW;endif;199;199
src/clib/strerror.c;1;1;1;artifact;200;201
src/clib/strerror.c;1;ENOATTR;1 && ENOATTR;if;202;202
src/clib/strerror.c;1;ENOATTR;1 && ENOATTR;artifact;203;203
src/clib/strerror.c;1;ENOATTR;1 && ENOATTR;endif;204;204
src/clib/strerror.c;1;1;1;artifact;205;206
src/clib/strerror.c;1;EDOOFUS;1 && EDOOFUS;if;207;207
src/clib/strerror.c;1;EDOOFUS;1 && EDOOFUS;artifact;208;208
src/clib/strerror.c;1;EDOOFUS;1 && EDOOFUS;endif;209;209
src/clib/strerror.c;1;1;1;artifact;210;210
src/clib/strerror.c;1;EBADMSG;1 && EBADMSG;if;211;211
src/clib/strerror.c;1;EBADMSG;1 && EBADMSG;artifact;212;212
src/clib/strerror.c;1;EBADMSG;1 && EBADMSG;endif;213;213
src/clib/strerror.c;1;EMULTIHOP;1 && EMULTIHOP;if;214;214
src/clib/strerror.c;1;EMULTIHOP;1 && EMULTIHOP;artifact;215;215
src/clib/strerror.c;1;EMULTIHOP;1 && EMULTIHOP;endif;216;216
src/clib/strerror.c;1;ENOLINK;1 && ENOLINK;if;217;217
src/clib/strerror.c;1;ENOLINK;1 && ENOLINK;artifact;218;218
src/clib/strerror.c;1;ENOLINK;1 && ENOLINK;endif;219;219
src/clib/strerror.c;1;EPROTO;1 && EPROTO;if;220;220
src/clib/strerror.c;1;EPROTO;1 && EPROTO;artifact;221;221
src/clib/strerror.c;1;EPROTO;1 && EPROTO;endif;222;222
src/clib/strerror.c;1;1;1;artifact;223;226
src/clib/strncat.c;1;1;1;ROOT;1;71
src/clib/strncat.c;1;1;1;artifact;1;70
src/clib/strncmp.c;1;1;1;ROOT;1;63
src/clib/strncmp.c;1;1;1;artifact;1;62
src/clib/strrchr.c;1;1;1;ROOT;1;60
src/clib/strrchr.c;1;1;1;artifact;1;59
src/clib/strsep.c;1;1;1;ROOT;1;82
src/clib/strsep.c;1;1;1;artifact;1;81
src/clib/strtol.c;1;1;1;ROOT;1;144
src/clib/strtol.c;1;1;1;artifact;1;143
src/clib/strtoul.c;1;1;1;ROOT;1;123
src/clib/strtoul.c;1;1;1;artifact;1;122
src/clib/time.c;1;1;1;ROOT;1;36
src/clib/time.c;1;1;1;artifact;1;35
src/common/clock.c;1;1;1;ROOT;1;59
src/common/clock.c;1;1;1;artifact;1;58
src/common/crypto_stub.c;1;1;1;ROOT;1;46
src/common/crypto_stub.c;1;1;1;artifact;1;45
src/common/db_byteorder.c;1;1;1;ROOT;1;65
src/common/db_byteorder.c;1;1;1;artifact;1;64
src/common/db_compint.c;1;1;1;ROOT;1;557
src/common/db_compint.c;1;1;1;artifact;1;10
src/common/db_compint.c;1;HAVE_COMPRESSION;1 && HAVE_COMPRESSION;if;11;11
src/common/db_compint.c;1;HAVE_COMPRESSION;1 && HAVE_COMPRESSION;artifact;12;39
src/common/db_compint.c;1;DEFINED___LB___MSC_VER__RB__ && _MSC_VER__LT__1300;1 && HAVE_COMPRESSION && DEFINED___LB___MSC_VER__RB__ && _MSC_VER__LT__1300;if;40;40
src/common/db_compint.c;1;DEFINED___LB___MSC_VER__RB__ && _MSC_VER__LT__1300;1 && HAVE_COMPRESSION && DEFINED___LB___MSC_VER__RB__ && _MSC_VER__LT__1300;artifact;41;44
src/common/db_compint.c;1;!DEFINED___LB___MSC_VER__RB__ || !_MSC_VER__LT__1300;(!DEFINED___LB___MSC_VER__RB__ || !_MSC_VER__LT__1300) && 1 && HAVE_COMPRESSION;else;45;45
src/common/db_compint.c;1;!DEFINED___LB___MSC_VER__RB__ || !_MSC_VER__LT__1300;(!DEFINED___LB___MSC_VER__RB__ || !_MSC_VER__LT__1300) && 1 && HAVE_COMPRESSION;artifact;46;49
src/common/db_compint.c;1;!DEFINED___LB___MSC_VER__RB__ || !_MSC_VER__LT__1300;(!DEFINED___LB___MSC_VER__RB__ || !_MSC_VER__LT__1300) && 1 && HAVE_COMPRESSION;endif;50;50
src/common/db_compint.c;1;HAVE_COMPRESSION;1 && HAVE_COMPRESSION;artifact;51;554
src/common/db_compint.c;1;HAVE_COMPRESSION;1 && HAVE_COMPRESSION;endif;555;555
src/common/db_compint.c;1;1;1;artifact;556;556
src/common/db_err.c;1;1;1;ROOT;1;1120
src/common/db_err.c;1;1;1;artifact;1;129
src/common/db_err.c;1;DIAGNOSTIC;1 && DIAGNOSTIC;if;130;130
src/common/db_err.c;1;DIAGNOSTIC;1 && DIAGNOSTIC;artifact;131;155
src/common/db_err.c;1;DIAGNOSTIC;1 && DIAGNOSTIC;endif;156;156
src/common/db_err.c;1;1;1;artifact;157;228
src/common/db_err.c;1;DEFINED___LB__DIAGNOSTIC__RB__ && !DEFINED___LB__CONFIG_TEST__RB__;1 && DEFINED___LB__DIAGNOSTIC__RB__ && !DEFINED___LB__CONFIG_TEST__RB__;if;229;229
src/common/db_err.c;1;DEFINED___LB__DIAGNOSTIC__RB__ && !DEFINED___LB__CONFIG_TEST__RB__;1 && DEFINED___LB__DIAGNOSTIC__RB__ && !DEFINED___LB__CONFIG_TEST__RB__;artifact;230;238
src/common/db_err.c;1;DEFINED___LB__DIAGNOSTIC__RB__ && !DEFINED___LB__CONFIG_TEST__RB__;1 && DEFINED___LB__DIAGNOSTIC__RB__ && !DEFINED___LB__CONFIG_TEST__RB__;endif;239;239
src/common/db_err.c;1;1;1;artifact;240;408
src/common/db_err.c;1;STDC_HEADERS;1 && STDC_HEADERS;if;409;409
src/common/db_err.c;1;STDC_HEADERS;1 && STDC_HEADERS;artifact;410;410
src/common/db_err.c;1;!STDC_HEADERS;!STDC_HEADERS && 1;else;411;411
src/common/db_err.c;1;!STDC_HEADERS;!STDC_HEADERS && 1;artifact;412;416
src/common/db_err.c;1;!STDC_HEADERS;!STDC_HEADERS && 1;endif;417;417
src/common/db_err.c;1;1;1;artifact;418;438
src/common/db_err.c;1;STDC_HEADERS;1 && STDC_HEADERS;if;439;439
src/common/db_err.c;1;STDC_HEADERS;1 && STDC_HEADERS;artifact;440;440
src/common/db_err.c;1;!STDC_HEADERS;!STDC_HEADERS && 1;else;441;441
src/common/db_err.c;1;!STDC_HEADERS;!STDC_HEADERS && 1;artifact;442;446
src/common/db_err.c;1;!STDC_HEADERS;!STDC_HEADERS && 1;endif;447;447
src/common/db_err.c;1;1;1;artifact;448;467
src/common/db_err.c;1;STDC_HEADERS;1 && STDC_HEADERS;if;468;468
src/common/db_err.c;1;STDC_HEADERS;1 && STDC_HEADERS;artifact;469;469
src/common/db_err.c;1;!STDC_HEADERS;!STDC_HEADERS && 1;else;470;470
src/common/db_err.c;1;!STDC_HEADERS;!STDC_HEADERS && 1;artifact;471;474
src/common/db_err.c;1;!STDC_HEADERS;!STDC_HEADERS && 1;endif;475;475
src/common/db_err.c;1;1;1;artifact;476;568
src/common/db_err.c;1;STDC_HEADERS;1 && STDC_HEADERS;if;569;569
src/common/db_err.c;1;STDC_HEADERS;1 && STDC_HEADERS;artifact;570;570
src/common/db_err.c;1;!STDC_HEADERS;!STDC_HEADERS && 1;else;571;571
src/common/db_err.c;1;!STDC_HEADERS;!STDC_HEADERS && 1;artifact;572;576
src/common/db_err.c;1;!STDC_HEADERS;!STDC_HEADERS && 1;endif;577;577
src/common/db_err.c;1;1;1;artifact;578;580
src/common/db_err.c;1;STDC_HEADERS;1 && STDC_HEADERS;if;581;581
src/common/db_err.c;1;STDC_HEADERS;1 && STDC_HEADERS;artifact;582;582
src/common/db_err.c;1;!STDC_HEADERS;!STDC_HEADERS && 1;else;583;583
src/common/db_err.c;1;!STDC_HEADERS;!STDC_HEADERS && 1;artifact;584;584
src/common/db_err.c;1;!STDC_HEADERS;!STDC_HEADERS && 1;endif;585;585
src/common/db_err.c;1;1;1;artifact;586;633
src/common/db_err.c;1;STDC_HEADERS;1 && STDC_HEADERS;if;634;634
src/common/db_err.c;1;STDC_HEADERS;1 && STDC_HEADERS;artifact;635;635
src/common/db_err.c;1;!STDC_HEADERS;!STDC_HEADERS && 1;else;636;636
src/common/db_err.c;1;!STDC_HEADERS;!STDC_HEADERS && 1;artifact;637;640
src/common/db_err.c;1;!STDC_HEADERS;!STDC_HEADERS && 1;endif;641;641
src/common/db_err.c;1;1;1;artifact;642;657
src/common/db_err.c;1;STDC_HEADERS;1 && STDC_HEADERS;if;658;658
src/common/db_err.c;1;STDC_HEADERS;1 && STDC_HEADERS;artifact;659;659
src/common/db_err.c;1;!STDC_HEADERS;!STDC_HEADERS && 1;else;660;660
src/common/db_err.c;1;!STDC_HEADERS;!STDC_HEADERS && 1;artifact;661;664
src/common/db_err.c;1;!STDC_HEADERS;!STDC_HEADERS && 1;endif;665;665
src/common/db_err.c;1;1;1;artifact;666;669
src/common/db_err.c;1;STDC_HEADERS;1 && STDC_HEADERS;if;670;670
src/common/db_err.c;1;STDC_HEADERS;1 && STDC_HEADERS;artifact;671;671
src/common/db_err.c;1;!STDC_HEADERS;!STDC_HEADERS && 1;else;672;672
src/common/db_err.c;1;!STDC_HEADERS;!STDC_HEADERS && 1;artifact;673;673
src/common/db_err.c;1;!STDC_HEADERS;!STDC_HEADERS && 1;endif;674;674
src/common/db_err.c;1;1;1;artifact;675;730
src/common/db_err.c;1;DIAGNOSTIC;1 && DIAGNOSTIC;if;731;731
src/common/db_err.c;1;DIAGNOSTIC;1 && DIAGNOSTIC;artifact;732;733
src/common/db_err.c;1;DIAGNOSTIC;1 && DIAGNOSTIC;endif;734;734
src/common/db_err.c;1;1;1;artifact;735;751
src/common/db_err.c;1;DIAGNOSTIC;1 && DIAGNOSTIC;if;752;752
src/common/db_err.c;1;DIAGNOSTIC;1 && DIAGNOSTIC;artifact;753;754
src/common/db_err.c;1;DIAGNOSTIC;1 && DIAGNOSTIC;endif;755;755
src/common/db_err.c;1;1;1;artifact;756;771
src/common/db_err.c;1;DIAGNOSTIC;1 && DIAGNOSTIC;if;772;772
src/common/db_err.c;1;DIAGNOSTIC;1 && DIAGNOSTIC;artifact;773;774
src/common/db_err.c;1;DIAGNOSTIC;1 && DIAGNOSTIC;endif;775;775
src/common/db_err.c;1;1;1;artifact;776;972
src/common/db_err.c;1;DEFINED___LB__DIAGNOSTIC__RB__ || DEFINED___LB__DEBUG_ROP__RB__ || DEFINED___LB__DEBUG_WOP__RB__;1 && (DEFINED___LB__DIAGNOSTIC__RB__ || DEFINED___LB__DEBUG_ROP__RB__ || DEFINED___LB__DEBUG_WOP__RB__);if;973;973
src/common/db_err.c;1;DEFINED___LB__DIAGNOSTIC__RB__ || DEFINED___LB__DEBUG_ROP__RB__ || DEFINED___LB__DEBUG_WOP__RB__;1 && (DEFINED___LB__DIAGNOSTIC__RB__ || DEFINED___LB__DEBUG_ROP__RB__ || DEFINED___LB__DEBUG_WOP__RB__);artifact;974;999
src/common/db_err.c;1;!DEBUG_ROP;1 && (DEFINED___LB__DIAGNOSTIC__RB__ || DEFINED___LB__DEBUG_ROP__RB__ || DEFINED___LB__DEBUG_WOP__RB__) && !DEBUG_ROP;if;1000;1000
src/common/db_err.c;1;!DEBUG_ROP;1 && (DEFINED___LB__DIAGNOSTIC__RB__ || DEFINED___LB__DEBUG_ROP__RB__ || DEFINED___LB__DEBUG_WOP__RB__) && !DEBUG_ROP;artifact;1001;1019
src/common/db_err.c;1;!DEBUG_WOP;1 && (DEFINED___LB__DIAGNOSTIC__RB__ || DEFINED___LB__DEBUG_ROP__RB__ || DEFINED___LB__DEBUG_WOP__RB__) && !DEBUG_ROP && !DEBUG_WOP;if;1020;1020
src/common/db_err.c;1;!DEBUG_WOP;1 && (DEFINED___LB__DIAGNOSTIC__RB__ || DEFINED___LB__DEBUG_ROP__RB__ || DEFINED___LB__DEBUG_WOP__RB__) && !DEBUG_ROP && !DEBUG_WOP;artifact;1021;1030
src/common/db_err.c;1;!DEBUG_WOP;1 && (DEFINED___LB__DIAGNOSTIC__RB__ || DEFINED___LB__DEBUG_ROP__RB__ || DEFINED___LB__DEBUG_WOP__RB__) && !DEBUG_ROP && !DEBUG_WOP;endif;1031;1031
src/common/db_err.c;1;!DEBUG_ROP;1 && (DEFINED___LB__DIAGNOSTIC__RB__ || DEFINED___LB__DEBUG_ROP__RB__ || DEFINED___LB__DEBUG_WOP__RB__) && !DEBUG_ROP;artifact;1032;1041
src/common/db_err.c;1;!DEBUG_ROP;1 && (DEFINED___LB__DIAGNOSTIC__RB__ || DEFINED___LB__DEBUG_ROP__RB__ || DEFINED___LB__DEBUG_WOP__RB__) && !DEBUG_ROP;endif;1042;1042
src/common/db_err.c;1;DEFINED___LB__DIAGNOSTIC__RB__ || DEFINED___LB__DEBUG_ROP__RB__ || DEFINED___LB__DEBUG_WOP__RB__;1 && (DEFINED___LB__DIAGNOSTIC__RB__ || DEFINED___LB__DEBUG_ROP__RB__ || DEFINED___LB__DEBUG_WOP__RB__);artifact;1043;1044
src/common/db_err.c;1;DEFINED___LB__DIAGNOSTIC__RB__ || DEFINED___LB__DEBUG_ROP__RB__ || DEFINED___LB__DEBUG_WOP__RB__;1 && (DEFINED___LB__DIAGNOSTIC__RB__ || DEFINED___LB__DEBUG_ROP__RB__ || DEFINED___LB__DEBUG_WOP__RB__);endif;1045;1045
src/common/db_err.c;1;1;1;artifact;1046;1119
src/common/db_getlong.c;1;1;1;ROOT;1;148
src/common/db_getlong.c;1;1;1;artifact;1;147
src/common/db_idspace.c;1;1;1;ROOT;1;87
src/common/db_idspace.c;1;1;1;artifact;1;86
src/common/db_log2.c;1;1;1;ROOT;1;59
src/common/db_log2.c;1;1;1;artifact;1;58
src/common/db_shash.c;1;1;1;ROOT;1;106
src/common/db_shash.c;1;1;1;artifact;1;105
src/common/dbt.c;1;1;1;ROOT;1;76
src/common/dbt.c;1;1;1;artifact;1;75
src/common/mkpath.c;1;1;1;ROOT;1;70
src/common/mkpath.c;1;1;1;artifact;1;69
src/common/openflags.c;1;1;1;ROOT;1;53
src/common/openflags.c;1;1;1;artifact;1;38
src/common/openflags.c;1;!O_ACCMODE;1 && !O_ACCMODE;if;39;39
src/common/openflags.c;1;!O_ACCMODE;1 && !O_ACCMODE;artifact;40;40
src/common/openflags.c;1;!O_ACCMODE;1 && !O_ACCMODE;endif;41;41
src/common/openflags.c;1;1;1;artifact;42;52
src/common/os_method.c;1;1;1;ROOT;1;272
src/common/os_method.c;1;1;1;artifact;1;271
src/common/util_arg.c;1;1;1;ROOT;1;58
src/common/util_arg.c;1;1;1;artifact;1;12
src/common/util_arg.c;1;(DB_VERSION_MAJOR__LT__4 || DB_VERSION_MAJOR__EQ__4) && (DB_VERSION_MAJOR__LT__4 || DB_VERSION_MINOR__LT__5);1 && (DB_VERSION_MAJOR__LT__4 || DB_VERSION_MAJOR__EQ__4) && (DB_VERSION_MAJOR__LT__4 || DB_VERSION_MINOR__LT__5);if;13;13
src/common/util_arg.c;1;(DB_VERSION_MAJOR__LT__4 || DB_VERSION_MAJOR__EQ__4) && (DB_VERSION_MAJOR__LT__4 || DB_VERSION_MINOR__LT__5);1 && (DB_VERSION_MAJOR__LT__4 || DB_VERSION_MAJOR__EQ__4) && (DB_VERSION_MAJOR__LT__4 || DB_VERSION_MINOR__LT__5);artifact;14;20
src/common/util_arg.c;1;(DB_VERSION_MAJOR__LT__4 || DB_VERSION_MAJOR__EQ__4) && (DB_VERSION_MAJOR__LT__4 || DB_VERSION_MINOR__LT__5);1 && (DB_VERSION_MAJOR__LT__4 || DB_VERSION_MAJOR__EQ__4) && (DB_VERSION_MAJOR__LT__4 || DB_VERSION_MINOR__LT__5);endif;21;21
src/common/util_arg.c;1;1;1;artifact;22;57
src/common/util_cache.c;1;1;1;ROOT;1;49
src/common/util_cache.c;1;1;1;artifact;1;48
src/common/util_log.c;1;1;1;ROOT;1;47
src/common/util_log.c;1;1;1;artifact;1;46
src/common/util_sig.c;1;1;1;ROOT;1;112
src/common/util_sig.c;1;1;1;artifact;1;24
src/common/util_sig.c;1;!HAVE_SIGACTION;1 && !HAVE_SIGACTION;if;25;25
src/common/util_sig.c;1;!HAVE_SIGACTION;1 && !HAVE_SIGACTION;artifact;26;27
src/common/util_sig.c;1;!HAVE_SIGACTION;1 && !HAVE_SIGACTION;endif;28;28
src/common/util_sig.c;1;1;1;artifact;29;43
src/common/util_sig.c;1;HAVE_SIGACTION;1 && HAVE_SIGACTION;if;44;44
src/common/util_sig.c;1;HAVE_SIGACTION;1 && HAVE_SIGACTION;artifact;45;50
src/common/util_sig.c;1;!HAVE_SIGACTION;!HAVE_SIGACTION && 1;else;51;51
src/common/util_sig.c;1;!HAVE_SIGACTION;!HAVE_SIGACTION && 1;artifact;52;52
src/common/util_sig.c;1;!HAVE_SIGACTION;!HAVE_SIGACTION && 1;endif;53;53
src/common/util_sig.c;1;1;1;artifact;54;68
src/common/util_sig.c;1;SIGHUP;1 && SIGHUP;if;69;69
src/common/util_sig.c;1;SIGHUP;1 && SIGHUP;artifact;70;70
src/common/util_sig.c;1;SIGHUP;1 && SIGHUP;endif;71;71
src/common/util_sig.c;1;SIGINT;1 && SIGINT;if;72;72
src/common/util_sig.c;1;SIGINT;1 && SIGINT;artifact;73;73
src/common/util_sig.c;1;SIGINT;1 && SIGINT;endif;74;74
src/common/util_sig.c;1;SIGPIPE;1 && SIGPIPE;if;75;75
src/common/util_sig.c;1;SIGPIPE;1 && SIGPIPE;artifact;76;76
src/common/util_sig.c;1;SIGPIPE;1 && SIGPIPE;endif;77;77
src/common/util_sig.c;1;SIGTERM;1 && SIGTERM;if;78;78
src/common/util_sig.c;1;SIGTERM;1 && SIGTERM;artifact;79;79
src/common/util_sig.c;1;SIGTERM;1 && SIGTERM;endif;80;80
src/common/util_sig.c;1;1;1;artifact;81;111
src/common/zerofill.c;1;1;1;ROOT;1;131
src/common/zerofill.c;1;1;1;artifact;1;32
src/common/zerofill.c;1;HAVE_FILESYSTEM_NOTZERO;1 && HAVE_FILESYSTEM_NOTZERO;if;33;33
src/common/zerofill.c;1;HAVE_FILESYSTEM_NOTZERO;1 && HAVE_FILESYSTEM_NOTZERO;artifact;34;88
src/common/zerofill.c;1;!HAVE_FILESYSTEM_NOTZERO;!HAVE_FILESYSTEM_NOTZERO && 1;else;89;89
src/common/zerofill.c;1;!HAVE_FILESYSTEM_NOTZERO;!HAVE_FILESYSTEM_NOTZERO && 1;artifact;90;92
src/common/zerofill.c;1;!HAVE_FILESYSTEM_NOTZERO;!HAVE_FILESYSTEM_NOTZERO && 1;endif;93;93
src/common/zerofill.c;1;1;1;artifact;94;130
src/crypto/aes_method.c;1;1;1;ROOT;1;359
src/crypto/aes_method.c;1;1;1;artifact;1;17
src/crypto/aes_method.c;1;HAVE_CRYPTO_IPP;1 && HAVE_CRYPTO_IPP;if;18;18
src/crypto/aes_method.c;1;HAVE_CRYPTO_IPP;1 && HAVE_CRYPTO_IPP;artifact;19;19
src/crypto/aes_method.c;1;HAVE_CRYPTO_IPP;1 && HAVE_CRYPTO_IPP;endif;20;20
src/crypto/aes_method.c;1;1;1;artifact;21;37
src/crypto/aes_method.c;1;HAVE_CRYPTO_IPP;1 && HAVE_CRYPTO_IPP;if;38;38
src/crypto/aes_method.c;1;HAVE_CRYPTO_IPP;1 && HAVE_CRYPTO_IPP;artifact;39;40
src/crypto/aes_method.c;1;HAVE_CRYPTO_IPP;1 && HAVE_CRYPTO_IPP;endif;41;41
src/crypto/aes_method.c;1;1;1;artifact;42;49
src/crypto/aes_method.c;1;HAVE_CRYPTO_IPP;1 && HAVE_CRYPTO_IPP;if;50;50
src/crypto/aes_method.c;1;HAVE_CRYPTO_IPP;1 && HAVE_CRYPTO_IPP;artifact;51;63
src/crypto/aes_method.c;1;HAVE_CRYPTO_IPP;1 && HAVE_CRYPTO_IPP;endif;64;64
src/crypto/aes_method.c;1;1;1;artifact;65;95
src/crypto/aes_method.c;1;HAVE_CRYPTO_IPP;1 && HAVE_CRYPTO_IPP;if;96;96
src/crypto/aes_method.c;1;HAVE_CRYPTO_IPP;1 && HAVE_CRYPTO_IPP;artifact;97;98
src/crypto/aes_method.c;1;HAVE_CRYPTO_IPP;1 && HAVE_CRYPTO_IPP;endif;99;99
src/crypto/aes_method.c;1;1;1;artifact;100;119
src/crypto/aes_method.c;1;HAVE_CRYPTO_IPP;1 && HAVE_CRYPTO_IPP;if;120;120
src/crypto/aes_method.c;1;HAVE_CRYPTO_IPP;1 && HAVE_CRYPTO_IPP;artifact;121;121
src/crypto/aes_method.c;1;!HAVE_CRYPTO_IPP;!HAVE_CRYPTO_IPP && 1;else;122;122
src/crypto/aes_method.c;1;!HAVE_CRYPTO_IPP;!HAVE_CRYPTO_IPP && 1;artifact;123;123
src/crypto/aes_method.c;1;!HAVE_CRYPTO_IPP;!HAVE_CRYPTO_IPP && 1;endif;124;124
src/crypto/aes_method.c;1;1;1;artifact;125;132
src/crypto/aes_method.c;1;HAVE_CRYPTO_IPP;1 && HAVE_CRYPTO_IPP;if;133;133
src/crypto/aes_method.c;1;HAVE_CRYPTO_IPP;1 && HAVE_CRYPTO_IPP;artifact;134;139
src/crypto/aes_method.c;1;!HAVE_CRYPTO_IPP;!HAVE_CRYPTO_IPP && 1;else;140;140
src/crypto/aes_method.c;1;!HAVE_CRYPTO_IPP;!HAVE_CRYPTO_IPP && 1;artifact;141;154
src/crypto/aes_method.c;1;!HAVE_CRYPTO_IPP;!HAVE_CRYPTO_IPP && 1;endif;155;155
src/crypto/aes_method.c;1;1;1;artifact;156;174
src/crypto/aes_method.c;1;HAVE_CRYPTO_IPP;1 && HAVE_CRYPTO_IPP;if;175;175
src/crypto/aes_method.c;1;HAVE_CRYPTO_IPP;1 && HAVE_CRYPTO_IPP;artifact;176;176
src/crypto/aes_method.c;1;!HAVE_CRYPTO_IPP;!HAVE_CRYPTO_IPP && 1;else;177;177
src/crypto/aes_method.c;1;!HAVE_CRYPTO_IPP;!HAVE_CRYPTO_IPP && 1;artifact;178;178
src/crypto/aes_method.c;1;!HAVE_CRYPTO_IPP;!HAVE_CRYPTO_IPP && 1;endif;179;179
src/crypto/aes_method.c;1;1;1;artifact;180;199
src/crypto/aes_method.c;1;HAVE_CRYPTO_IPP;1 && HAVE_CRYPTO_IPP;if;200;200
src/crypto/aes_method.c;1;HAVE_CRYPTO_IPP;1 && HAVE_CRYPTO_IPP;artifact;201;206
src/crypto/aes_method.c;1;!HAVE_CRYPTO_IPP;!HAVE_CRYPTO_IPP && 1;else;207;207
src/crypto/aes_method.c;1;!HAVE_CRYPTO_IPP;!HAVE_CRYPTO_IPP && 1;artifact;208;221
src/crypto/aes_method.c;1;!HAVE_CRYPTO_IPP;!HAVE_CRYPTO_IPP && 1;endif;222;222
src/crypto/aes_method.c;1;1;1;artifact;223;254
src/crypto/aes_method.c;1;HAVE_CRYPTO_IPP;1 && HAVE_CRYPTO_IPP;if;255;255
src/crypto/aes_method.c;1;HAVE_CRYPTO_IPP;1 && HAVE_CRYPTO_IPP;artifact;256;256
src/crypto/aes_method.c;1;!HAVE_CRYPTO_IPP;!HAVE_CRYPTO_IPP && 1;else;257;257
src/crypto/aes_method.c;1;!HAVE_CRYPTO_IPP;!HAVE_CRYPTO_IPP && 1;artifact;258;258
src/crypto/aes_method.c;1;!HAVE_CRYPTO_IPP;!HAVE_CRYPTO_IPP && 1;endif;259;259
src/crypto/aes_method.c;1;1;1;artifact;260;273
src/crypto/aes_method.c;1;HAVE_CRYPTO_IPP;1 && HAVE_CRYPTO_IPP;if;274;274
src/crypto/aes_method.c;1;HAVE_CRYPTO_IPP;1 && HAVE_CRYPTO_IPP;artifact;275;280
src/crypto/aes_method.c;1;!HAVE_CRYPTO_IPP;!HAVE_CRYPTO_IPP && 1;else;281;281
src/crypto/aes_method.c;1;!HAVE_CRYPTO_IPP;!HAVE_CRYPTO_IPP && 1;artifact;282;291
src/crypto/aes_method.c;1;!HAVE_CRYPTO_IPP;!HAVE_CRYPTO_IPP && 1;endif;292;292
src/crypto/aes_method.c;1;1;1;artifact;293;308
src/crypto/aes_method.c;1;HAVE_CRYPTO_IPP;1 && HAVE_CRYPTO_IPP;if;309;309
src/crypto/aes_method.c;1;HAVE_CRYPTO_IPP;1 && HAVE_CRYPTO_IPP;artifact;310;322
src/crypto/aes_method.c;1;!HAVE_CRYPTO_IPP;!HAVE_CRYPTO_IPP && 1;else;323;323
src/crypto/aes_method.c;1;!HAVE_CRYPTO_IPP;!HAVE_CRYPTO_IPP && 1;artifact;324;349
src/crypto/aes_method.c;1;!HAVE_CRYPTO_IPP;!HAVE_CRYPTO_IPP && 1;endif;350;350
src/crypto/aes_method.c;1;1;1;artifact;351;358
src/crypto/crypto.c;1;1;1;ROOT;1;413
src/crypto/crypto.c;1;1;1;artifact;1;412
src/crypto/mersenne/mt19937db.c;1;1;1;ROOT;1;189
src/crypto/mersenne/mt19937db.c;1;1;1;artifact;1;51
src/crypto/mersenne/mt19937db.c;1;NOT_USED;1 && NOT_USED;if;52;52
src/crypto/mersenne/mt19937db.c;1;NOT_USED;1 && NOT_USED;artifact;53;53
src/crypto/mersenne/mt19937db.c;1;NOT_USED;1 && NOT_USED;endif;54;54
src/crypto/mersenne/mt19937db.c;1;1;1;artifact;55;111
src/crypto/mersenne/mt19937db.c;1;NOT_USED;1 && NOT_USED;if;112;112
src/crypto/mersenne/mt19937db.c;1;NOT_USED;1 && NOT_USED;artifact;113;134
src/crypto/mersenne/mt19937db.c;1;NOT_USED;1 && NOT_USED;endif;135;135
src/crypto/mersenne/mt19937db.c;1;1;1;artifact;136;188
src/crypto/rijndael/rijndael-alg-fst.c;1;1;1;ROOT;1;1468
src/crypto/rijndael/rijndael-alg-fst.c;1;1;1;artifact;1;716
src/crypto/rijndael/rijndael-alg-fst.c;1;_MSC_VER;1 && _MSC_VER;if;717;717
src/crypto/rijndael/rijndael-alg-fst.c;1;_MSC_VER;1 && _MSC_VER;artifact;718;719
src/crypto/rijndael/rijndael-alg-fst.c;1;!_MSC_VER;!_MSC_VER && 1;else;720;720
src/crypto/rijndael/rijndael-alg-fst.c;1;!_MSC_VER;!_MSC_VER && 1;artifact;721;722
src/crypto/rijndael/rijndael-alg-fst.c;1;!_MSC_VER;!_MSC_VER && 1;endif;723;723
src/crypto/rijndael/rijndael-alg-fst.c;1;1;1;artifact;724;888
src/crypto/rijndael/rijndael-alg-fst.c;1;!FULL_UNROLL;1 && !FULL_UNROLL;if;889;889
src/crypto/rijndael/rijndael-alg-fst.c;1;!FULL_UNROLL;1 && !FULL_UNROLL;artifact;890;890
src/crypto/rijndael/rijndael-alg-fst.c;1;!FULL_UNROLL;1 && !FULL_UNROLL;endif;891;891
src/crypto/rijndael/rijndael-alg-fst.c;1;1;1;artifact;892;900
src/crypto/rijndael/rijndael-alg-fst.c;1;FULL_UNROLL;1 && FULL_UNROLL;if;901;901
src/crypto/rijndael/rijndael-alg-fst.c;1;FULL_UNROLL;1 && FULL_UNROLL;artifact;902;971
src/crypto/rijndael/rijndael-alg-fst.c;1;!FULL_UNROLL;!FULL_UNROLL && 1;else;972;972
src/crypto/rijndael/rijndael-alg-fst.c;1;!FULL_UNROLL;!FULL_UNROLL && 1;artifact;973;1032
src/crypto/rijndael/rijndael-alg-fst.c;1;!FULL_UNROLL;!FULL_UNROLL && 1;endif;1033;1033
src/crypto/rijndael/rijndael-alg-fst.c;1;1;1;artifact;1034;1080
src/crypto/rijndael/rijndael-alg-fst.c;1;!FULL_UNROLL;1 && !FULL_UNROLL;if;1081;1081
src/crypto/rijndael/rijndael-alg-fst.c;1;!FULL_UNROLL;1 && !FULL_UNROLL;artifact;1082;1082
src/crypto/rijndael/rijndael-alg-fst.c;1;!FULL_UNROLL;1 && !FULL_UNROLL;endif;1083;1083
src/crypto/rijndael/rijndael-alg-fst.c;1;1;1;artifact;1084;1092
src/crypto/rijndael/rijndael-alg-fst.c;1;FULL_UNROLL;1 && FULL_UNROLL;if;1093;1093
src/crypto/rijndael/rijndael-alg-fst.c;1;FULL_UNROLL;1 && FULL_UNROLL;artifact;1094;1163
src/crypto/rijndael/rijndael-alg-fst.c;1;!FULL_UNROLL;!FULL_UNROLL && 1;else;1164;1164
src/crypto/rijndael/rijndael-alg-fst.c;1;!FULL_UNROLL;!FULL_UNROLL && 1;artifact;1165;1224
src/crypto/rijndael/rijndael-alg-fst.c;1;!FULL_UNROLL;!FULL_UNROLL && 1;endif;1225;1225
src/crypto/rijndael/rijndael-alg-fst.c;1;1;1;artifact;1226;1259
src/crypto/rijndael/rijndael-alg-fst.c;1;INTERMEDIATE_VALUE_KAT;1 && INTERMEDIATE_VALUE_KAT;if;1260;1260
src/crypto/rijndael/rijndael-alg-fst.c;1;INTERMEDIATE_VALUE_KAT;1 && INTERMEDIATE_VALUE_KAT;artifact;1261;1465
src/crypto/rijndael/rijndael-alg-fst.c;1;INTERMEDIATE_VALUE_KAT;1 && INTERMEDIATE_VALUE_KAT;endif;1466;1466
src/crypto/rijndael/rijndael-alg-fst.c;1;1;1;artifact;1467;1467
src/crypto/rijndael/rijndael-alg-fst.h;1;1;1;ROOT;1;42
src/crypto/rijndael/rijndael-alg-fst.h;1;1;1;artifact;1;28
src/crypto/rijndael/rijndael-alg-fst.h;1;!__RIJNDAEL_ALG_FST_H;1 && !__RIJNDAEL_ALG_FST_H;if;29;29
src/crypto/rijndael/rijndael-alg-fst.h;1;!__RIJNDAEL_ALG_FST_H;1 && !__RIJNDAEL_ALG_FST_H;artifact;30;39
src/crypto/rijndael/rijndael-alg-fst.h;1;!__RIJNDAEL_ALG_FST_H;1 && !__RIJNDAEL_ALG_FST_H;endif;40;40
src/crypto/rijndael/rijndael-alg-fst.h;1;1;1;artifact;41;41
src/crypto/rijndael/rijndael-api-fst.c;1;1;1;ROOT;1;493
src/crypto/rijndael/rijndael-api-fst.c;1;1;1;artifact;1;439
src/crypto/rijndael/rijndael-api-fst.c;1;INTERMEDIATE_VALUE_KAT;1 && INTERMEDIATE_VALUE_KAT;if;440;440
src/crypto/rijndael/rijndael-api-fst.c;1;INTERMEDIATE_VALUE_KAT;1 && INTERMEDIATE_VALUE_KAT;artifact;441;490
src/crypto/rijndael/rijndael-api-fst.c;1;INTERMEDIATE_VALUE_KAT;1 && INTERMEDIATE_VALUE_KAT;endif;491;491
src/crypto/rijndael/rijndael-api-fst.c;1;1;1;artifact;492;492
src/crypto/rijndael/rijndael-api-fst.h;1;1;1;ROOT;1;93
src/crypto/rijndael/rijndael-api-fst.h;1;1;1;artifact;1;40
src/crypto/rijndael/rijndael-api-fst.h;1;!__RIJNDAEL_API_FST_H;1 && !__RIJNDAEL_API_FST_H;if;41;41
src/crypto/rijndael/rijndael-api-fst.h;1;!__RIJNDAEL_API_FST_H;1 && !__RIJNDAEL_API_FST_H;artifact;42;90
src/crypto/rijndael/rijndael-api-fst.h;1;!__RIJNDAEL_API_FST_H;1 && !__RIJNDAEL_API_FST_H;endif;91;91
src/crypto/rijndael/rijndael-api-fst.h;1;1;1;artifact;92;92
src/db/crdel_auto.c;1;1;1;ROOT;1;61
src/db/crdel_auto.c;1;1;1;artifact;1;60
src/db/crdel_autop.c;1;1;1;ROOT;1;105
src/db/crdel_autop.c;1;1;1;artifact;1;104
src/db/crdel_rec.c;1;1;1;ROOT;1;303
src/db/crdel_rec.c;1;1;1;artifact;1;302
src/db/db.c;1;1;1;ROOT;1;1661
src/db/db.c;1;1;1;artifact;1;58
src/db/db.c;1;CONFIG_TEST;1 && CONFIG_TEST;if;59;59
src/db/db.c;1;CONFIG_TEST;1 && CONFIG_TEST;artifact;60;61
src/db/db.c;1;CONFIG_TEST;1 && CONFIG_TEST;endif;62;62
src/db/db.c;1;1;1;artifact;63;414
src/db/db.c;1;!DEFINED___LB__DEBUG_ROP__RB__ && !DEFINED___LB__DEBUG_WOP__RB__ && !DEFINED___LB__DIAGNOSTIC__RB__;1 && !DEFINED___LB__DEBUG_ROP__RB__ && !DEFINED___LB__DEBUG_WOP__RB__ && !DEFINED___LB__DIAGNOSTIC__RB__;if;415;415
src/db/db.c;1;!DEFINED___LB__DEBUG_ROP__RB__ && !DEFINED___LB__DEBUG_WOP__RB__ && !DEFINED___LB__DIAGNOSTIC__RB__;1 && !DEFINED___LB__DEBUG_ROP__RB__ && !DEFINED___LB__DEBUG_WOP__RB__ && !DEFINED___LB__DIAGNOSTIC__RB__;artifact;416;416
src/db/db.c;1;!DEFINED___LB__DEBUG_ROP__RB__ && !DEFINED___LB__DEBUG_WOP__RB__ && !DEFINED___LB__DIAGNOSTIC__RB__;1 && !DEFINED___LB__DEBUG_ROP__RB__ && !DEFINED___LB__DEBUG_WOP__RB__ && !DEFINED___LB__DIAGNOSTIC__RB__;endif;417;417
src/db/db.c;1;!DEFINED___LB__DEBUG_ROP__RB__;1 && !DEFINED___LB__DEBUG_ROP__RB__;if;418;418
src/db/db.c;1;!DEFINED___LB__DEBUG_ROP__RB__;1 && !DEFINED___LB__DEBUG_ROP__RB__;artifact;419;419
src/db/db.c;1;!DEFINED___LB__DEBUG_ROP__RB__;1 && !DEFINED___LB__DEBUG_ROP__RB__;endif;420;420
src/db/db.c;1;1;1;artifact;421;470
src/db/db.c;1;DEFINED___LB__HAVE_MIXED_SIZE_ADDRESSING__RB__ && SIZEOF_CHAR_P__EQ__8;1 && DEFINED___LB__HAVE_MIXED_SIZE_ADDRESSING__RB__ && SIZEOF_CHAR_P__EQ__8;if;471;471
src/db/db.c;1;DEFINED___LB__HAVE_MIXED_SIZE_ADDRESSING__RB__ && SIZEOF_CHAR_P__EQ__8;1 && DEFINED___LB__HAVE_MIXED_SIZE_ADDRESSING__RB__ && SIZEOF_CHAR_P__EQ__8;artifact;472;474
src/db/db.c;1;DEFINED___LB__HAVE_MIXED_SIZE_ADDRESSING__RB__ && SIZEOF_CHAR_P__EQ__8;1 && DEFINED___LB__HAVE_MIXED_SIZE_ADDRESSING__RB__ && SIZEOF_CHAR_P__EQ__8;endif;475;475
src/db/db.c;1;1;1;artifact;476;681
src/db/db.c;1;!DIAG_MVCC;1 && !DIAG_MVCC;if;682;682
src/db/db.c;1;!DIAG_MVCC;1 && !DIAG_MVCC;artifact;683;683
src/db/db.c;1;!DIAG_MVCC;1 && !DIAG_MVCC;endif;684;684
src/db/db.c;1;1;1;artifact;685;1057
src/db/db.c;1;HAVE_PARTITION;1 && HAVE_PARTITION;if;1058;1058
src/db/db.c;1;HAVE_PARTITION;1 && HAVE_PARTITION;artifact;1059;1061
src/db/db.c;1;HAVE_PARTITION;1 && HAVE_PARTITION;endif;1062;1062
src/db/db.c;1;1;1;artifact;1063;1433
src/db/db.c;1;CONFIG_TEST;1 && CONFIG_TEST;if;1434;1434
src/db/db.c;1;CONFIG_TEST;1 && CONFIG_TEST;artifact;1435;1462
src/db/db.c;1;HAVE_PARTITION;1 && CONFIG_TEST && HAVE_PARTITION;if;1463;1463
src/db/db.c;1;HAVE_PARTITION;1 && CONFIG_TEST && HAVE_PARTITION;artifact;1464;1466
src/db/db.c;1;HAVE_PARTITION;1 && CONFIG_TEST && HAVE_PARTITION;endif;1467;1467
src/db/db.c;1;CONFIG_TEST;1 && CONFIG_TEST;artifact;1468;1658
src/db/db.c;1;CONFIG_TEST;1 && CONFIG_TEST;endif;1659;1659
src/db/db.c;1;1;1;artifact;1660;1660
src/db/db_am.c;1;1;1;ROOT;1;1152
src/db/db_am.c;1;1;1;artifact;1;64
src/db/db_am.c;1;!HAVE_NO_DB_REFCOUNT;1 && !HAVE_NO_DB_REFCOUNT;if;65;65
src/db/db_am.c;1;!HAVE_NO_DB_REFCOUNT;1 && !HAVE_NO_DB_REFCOUNT;artifact;66;84
src/db/db_am.c;1;!HAVE_NO_DB_REFCOUNT;1 && !HAVE_NO_DB_REFCOUNT;endif;85;85
src/db/db_am.c;1;1;1;artifact;86;171
src/db/db_am.c;1;HAVE_PARTITION;1 && HAVE_PARTITION;if;172;172
src/db/db_am.c;1;HAVE_PARTITION;1 && HAVE_PARTITION;artifact;173;176
src/db/db_am.c;1;HAVE_PARTITION;1 && HAVE_PARTITION;endif;177;177
src/db/db_am.c;1;1;1;artifact;178;345
src/db/db_am.c;1;HAVE_REPLICATION;1 && HAVE_REPLICATION;if;346;346
src/db/db_am.c;1;HAVE_REPLICATION;1 && HAVE_REPLICATION;artifact;347;354
src/db/db_am.c;1;HAVE_REPLICATION;1 && HAVE_REPLICATION;endif;355;355
src/db/db_am.c;1;1;1;artifact;356;398
src/db/db_am.c;1;DIAGNOSTIC;1 && DIAGNOSTIC;if;399;399
src/db/db_am.c;1;DIAGNOSTIC;1 && DIAGNOSTIC;artifact;400;404
src/db/db_am.c;1;DIAGNOSTIC;1 && DIAGNOSTIC;endif;405;405
src/db/db_am.c;1;1;1;artifact;406;518
src/db/db_am.c;1;HAVE_COMPRESSION;1 && HAVE_COMPRESSION;if;519;519
src/db/db_am.c;1;HAVE_COMPRESSION;1 && HAVE_COMPRESSION;artifact;520;522
src/db/db_am.c;1;HAVE_COMPRESSION;1 && HAVE_COMPRESSION;endif;523;523
src/db/db_am.c;1;1;1;artifact;524;628
src/db/db_am.c;1;HAVE_COMPRESSION;1 && HAVE_COMPRESSION;if;629;629
src/db/db_am.c;1;HAVE_COMPRESSION;1 && HAVE_COMPRESSION;artifact;630;635
src/db/db_am.c;1;HAVE_COMPRESSION;1 && HAVE_COMPRESSION;endif;636;636
src/db/db_am.c;1;1;1;artifact;637;717
src/db/db_am.c;1;HAVE_QUEUE;1 && HAVE_QUEUE;if;718;718
src/db/db_am.c;1;HAVE_QUEUE;1 && HAVE_QUEUE;artifact;719;722
src/db/db_am.c;1;HAVE_QUEUE;1 && HAVE_QUEUE;endif;723;723
src/db/db_am.c;1;1;1;artifact;724;728
src/db/db_am.c;1;HAVE_HASH;1 && HAVE_HASH;if;729;729
src/db/db_am.c;1;HAVE_HASH;1 && HAVE_HASH;artifact;730;736
src/db/db_am.c;1;HAVE_PARTITION;1 && HAVE_HASH && HAVE_PARTITION;if;737;737
src/db/db_am.c;1;HAVE_PARTITION;1 && HAVE_HASH && HAVE_PARTITION;artifact;738;740
src/db/db_am.c;1;HAVE_PARTITION;1 && HAVE_HASH && HAVE_PARTITION;endif;741;741
src/db/db_am.c;1;HAVE_HASH;1 && HAVE_HASH;artifact;742;746
src/db/db_am.c;1;HAVE_HASH;1 && HAVE_HASH;endif;747;747
src/db/db_am.c;1;1;1;artifact;748;814
src/db/db_am.c;1;HAVE_PARTITION;1 && HAVE_PARTITION;if;815;815
src/db/db_am.c;1;HAVE_PARTITION;1 && HAVE_PARTITION;artifact;816;818
src/db/db_am.c;1;HAVE_PARTITION;1 && HAVE_PARTITION;endif;819;819
src/db/db_am.c;1;1;1;artifact;820;961
src/db/db_am.c;1;DIAGNOSTIC;1 && DIAGNOSTIC;if;962;962
src/db/db_am.c;1;DIAGNOSTIC;1 && DIAGNOSTIC;artifact;963;963
src/db/db_am.c;1;DIAGNOSTIC;1 && DIAGNOSTIC;endif;964;964
src/db/db_am.c;1;1;1;artifact;965;1151
src/db/db_auto.c;1;1;1;ROOT;1;278
src/db/db_auto.c;1;1;1;artifact;1;277
src/db/db_autop.c;1;1;1;ROOT;1;443
src/db/db_autop.c;1;1;1;artifact;1;442
src/db/db_backup.c;1;1;1;ROOT;1;777
src/db/db_backup.c;1;1;1;artifact;1;16
src/db/db_backup.c;1;HAVE_QUEUE;1 && HAVE_QUEUE;if;17;17
src/db/db_backup.c;1;HAVE_QUEUE;1 && HAVE_QUEUE;artifact;18;18
src/db/db_backup.c;1;HAVE_QUEUE;1 && HAVE_QUEUE;endif;19;19
src/db/db_backup.c;1;1;1;artifact;20;110
src/db/db_backup.c;1;HAVE_QUEUE;1 && HAVE_QUEUE;if;111;111
src/db/db_backup.c;1;HAVE_QUEUE;1 && HAVE_QUEUE;artifact;112;117
src/db/db_backup.c;1;HAVE_QUEUE;1 && HAVE_QUEUE;endif;118;118
src/db/db_backup.c;1;1;1;artifact;119;418
src/db/db_backup.c;1;HAVE_PARTITION;1 && HAVE_PARTITION;if;419;419
src/db/db_backup.c;1;HAVE_PARTITION;1 && HAVE_PARTITION;artifact;420;420
src/db/db_backup.c;1;HAVE_PARTITION;1 && HAVE_PARTITION;endif;421;421
src/db/db_backup.c;1;1;1;artifact;422;776
src/db/db_cam.c;1;1;1;ROOT;1;3508
src/db/db_cam.c;1;1;1;artifact;1;241
src/db/db_cam.c;1;HAVE_PARTITION;1 && HAVE_PARTITION;if;242;242
src/db/db_cam.c;1;HAVE_PARTITION;1 && HAVE_PARTITION;artifact;243;257
src/db/db_cam.c;1;HAVE_PARTITION;1 && HAVE_PARTITION;endif;258;258
src/db/db_cam.c;1;1;1;artifact;259;259
src/db/db_cam.c;1;HAVE_COMPRESSION;1 && HAVE_COMPRESSION;if;260;260
src/db/db_cam.c;1;HAVE_COMPRESSION;1 && HAVE_COMPRESSION;artifact;261;262
src/db/db_cam.c;1;HAVE_COMPRESSION;1 && HAVE_COMPRESSION;endif;263;263
src/db/db_cam.c;1;1;1;artifact;264;349
src/db/db_cam.c;1;HAVE_PARTITION;1 && HAVE_PARTITION;if;350;350
src/db/db_cam.c;1;HAVE_PARTITION;1 && HAVE_PARTITION;artifact;351;352
src/db/db_cam.c;1;HAVE_PARTITION;1 && HAVE_PARTITION;endif;353;353
src/db/db_cam.c;1;1;1;artifact;354;374
src/db/db_cam.c;1;HAVE_COMPRESSION;1 && HAVE_COMPRESSION;if;375;375
src/db/db_cam.c;1;HAVE_COMPRESSION;1 && HAVE_COMPRESSION;artifact;376;377
src/db/db_cam.c;1;HAVE_COMPRESSION;1 && HAVE_COMPRESSION;endif;378;378
src/db/db_cam.c;1;1;1;artifact;379;439
src/db/db_cam.c;1;HAVE_COMPRESSION;1 && HAVE_COMPRESSION;if;440;440
src/db/db_cam.c;1;HAVE_COMPRESSION;1 && HAVE_COMPRESSION;artifact;441;443
src/db/db_cam.c;1;HAVE_COMPRESSION;1 && HAVE_COMPRESSION;endif;444;444
src/db/db_cam.c;1;1;1;artifact;445;512
src/db/db_cam.c;1;HAVE_COMPRESSION;1 && HAVE_COMPRESSION;if;513;513
src/db/db_cam.c;1;HAVE_COMPRESSION;1 && HAVE_COMPRESSION;artifact;514;546
src/db/db_cam.c;1;HAVE_COMPRESSION;1 && HAVE_COMPRESSION;endif;547;547
src/db/db_cam.c;1;1;1;artifact;548;759
src/db/db_cam.c;1;HAVE_PARTITION;1 && HAVE_PARTITION;if;760;760
src/db/db_cam.c;1;HAVE_PARTITION;1 && HAVE_PARTITION;artifact;761;762
src/db/db_cam.c;1;HAVE_PARTITION;1 && HAVE_PARTITION;endif;763;763
src/db/db_cam.c;1;1;1;artifact;764;764
src/db/db_cam.c;1;HAVE_COMPRESSION;1 && HAVE_COMPRESSION;if;765;765
src/db/db_cam.c;1;HAVE_COMPRESSION;1 && HAVE_COMPRESSION;artifact;766;767
src/db/db_cam.c;1;HAVE_COMPRESSION;1 && HAVE_COMPRESSION;endif;768;768
src/db/db_cam.c;1;1;1;artifact;769;1527
src/db/db_cam.c;1;DIAGNOSTIC;1 && DIAGNOSTIC;if;1528;1528
src/db/db_cam.c;1;DIAGNOSTIC;1 && DIAGNOSTIC;artifact;1529;1529
src/db/db_cam.c;1;DIAGNOSTIC;1 && DIAGNOSTIC;endif;1530;1530
src/db/db_cam.c;1;1;1;artifact;1531;2043
src/db/db_cam.c;1;HAVE_COMPRESSION;1 && HAVE_COMPRESSION;if;2044;2044
src/db/db_cam.c;1;HAVE_COMPRESSION;1 && HAVE_COMPRESSION;artifact;2045;2046
src/db/db_cam.c;1;HAVE_COMPRESSION;1 && HAVE_COMPRESSION;endif;2047;2047
src/db/db_cam.c;1;1;1;artifact;2048;2206
src/db/db_cam.c;1;DIAGNOSTIC;1 && DIAGNOSTIC;if;2207;2207
src/db/db_cam.c;1;DIAGNOSTIC;1 && DIAGNOSTIC;artifact;2208;2208
src/db/db_cam.c;1;DIAGNOSTIC;1 && DIAGNOSTIC;endif;2209;2209
src/db/db_cam.c;1;1;1;artifact;2210;2970
src/db/db_cam.c;1;DIAGNOSTIC;1 && DIAGNOSTIC;if;2971;2971
src/db/db_cam.c;1;DIAGNOSTIC;1 && DIAGNOSTIC;artifact;2972;2973
src/db/db_cam.c;1;DIAGNOSTIC;1 && DIAGNOSTIC;endif;2974;2974
src/db/db_cam.c;1;1;1;artifact;2975;3477
src/db/db_cam.c;1;DIAGNOSTIC;1 && DIAGNOSTIC;if;3478;3478
src/db/db_cam.c;1;DIAGNOSTIC;1 && DIAGNOSTIC;artifact;3479;3505
src/db/db_cam.c;1;DIAGNOSTIC;1 && DIAGNOSTIC;endif;3506;3506
src/db/db_cam.c;1;1;1;artifact;3507;3507
src/db/db_cds.c;1;1;1;ROOT;1;203
src/db/db_cds.c;1;1;1;artifact;1;202
src/db/db_compact.c;1;1;1;ROOT;1;1089
src/db/db_compact.c;1;1;1;artifact;1;18
src/db/db_compact.c;1;HAVE_FTRUNCATE;1 && HAVE_FTRUNCATE;if;19;19
src/db/db_compact.c;1;HAVE_FTRUNCATE;1 && HAVE_FTRUNCATE;artifact;20;21
src/db/db_compact.c;1;HAVE_FTRUNCATE;1 && HAVE_FTRUNCATE;endif;22;22
src/db/db_compact.c;1;1;1;artifact;23;73
src/db/db_compact.c;1;HAVE_FTRUNCATE;1 && HAVE_FTRUNCATE;if;74;74
src/db/db_compact.c;1;HAVE_FTRUNCATE;1 && HAVE_FTRUNCATE;artifact;75;77
src/db/db_compact.c;1;HAVE_FTRUNCATE;1 && HAVE_FTRUNCATE;endif;78;78
src/db/db_compact.c;1;1;1;artifact;79;89
src/db/db_compact.c;1;HAVE_FTRUNCATE;1 && HAVE_FTRUNCATE;if;90;90
src/db/db_compact.c;1;HAVE_FTRUNCATE;1 && HAVE_FTRUNCATE;artifact;91;93
src/db/db_compact.c;1;HAVE_FTRUNCATE;1 && HAVE_FTRUNCATE;endif;94;94
src/db/db_compact.c;1;1;1;artifact;95;117
src/db/db_compact.c;1;HAVE_FTRUNCATE;1 && HAVE_FTRUNCATE;if;118;118
src/db/db_compact.c;1;HAVE_FTRUNCATE;1 && HAVE_FTRUNCATE;artifact;119;155
src/db/db_compact.c;1;HAVE_FTRUNCATE;1 && HAVE_FTRUNCATE;endif;156;156
src/db/db_compact.c;1;1;1;artifact;157;197
src/db/db_compact.c;1;HAVE_HASH;1 && HAVE_HASH;if;198;198
src/db/db_compact.c;1;HAVE_HASH;1 && HAVE_HASH;artifact;199;202
src/db/db_compact.c;1;HAVE_HASH;1 && HAVE_HASH;endif;203;203
src/db/db_compact.c;1;1;1;artifact;204;249
src/db/db_compact.c;1;HAVE_FTRUNCATE;1 && HAVE_FTRUNCATE;if;250;250
src/db/db_compact.c;1;HAVE_FTRUNCATE;1 && HAVE_FTRUNCATE;artifact;251;273
src/db/db_compact.c;1;HAVE_HASH;1 && HAVE_FTRUNCATE && HAVE_HASH;if;274;274
src/db/db_compact.c;1;HAVE_HASH;1 && HAVE_FTRUNCATE && HAVE_HASH;artifact;275;281
src/db/db_compact.c;1;HAVE_HASH;1 && HAVE_FTRUNCATE && HAVE_HASH;endif;282;282
src/db/db_compact.c;1;HAVE_FTRUNCATE;1 && HAVE_FTRUNCATE;artifact;283;303
src/db/db_compact.c;1;HAVE_FTRUNCATE;1 && HAVE_FTRUNCATE;endif;304;304
src/db/db_compact.c;1;1;1;artifact;305;308
src/db/db_compact.c;1;HAVE_FTRUNCATE;1 && HAVE_FTRUNCATE;if;309;309
src/db/db_compact.c;1;HAVE_FTRUNCATE;1 && HAVE_FTRUNCATE;artifact;310;386
src/db/db_compact.c;1;HAVE_FTRUNCATE;1 && HAVE_FTRUNCATE;endif;387;387
src/db/db_compact.c;1;1;1;artifact;388;723
src/db/db_compact.c;1;HAVE_FTRUNCATE;1 && HAVE_FTRUNCATE;if;724;724
src/db/db_compact.c;1;HAVE_FTRUNCATE;1 && HAVE_FTRUNCATE;artifact;725;760
src/db/db_compact.c;1;HAVE_HASH;1 && HAVE_FTRUNCATE && HAVE_HASH;if;761;761
src/db/db_compact.c;1;HAVE_HASH;1 && HAVE_FTRUNCATE && HAVE_HASH;artifact;762;767
src/db/db_compact.c;1;HAVE_HASH;1 && HAVE_FTRUNCATE && HAVE_HASH;endif;768;768
src/db/db_compact.c;1;HAVE_FTRUNCATE;1 && HAVE_FTRUNCATE;artifact;769;893
src/db/db_compact.c;1;HAVE_FTRUNCATE;1 && HAVE_FTRUNCATE;endif;894;894
src/db/db_compact.c;1;1;1;artifact;895;1088
src/db/db_conv.c;1;1;1;ROOT;1;892
src/db/db_conv.c;1;1;1;artifact;1;176
src/db/db_conv.c;1;HAVE_HASH;1 && HAVE_HASH;if;177;177
src/db/db_conv.c;1;HAVE_HASH;1 && HAVE_HASH;artifact;178;178
src/db/db_conv.c;1;!HAVE_HASH;!HAVE_HASH && 1;else;179;179
src/db/db_conv.c;1;!HAVE_HASH;!HAVE_HASH && 1;artifact;180;180
src/db/db_conv.c;1;!HAVE_HASH;!HAVE_HASH && 1;endif;181;181
src/db/db_conv.c;1;1;1;artifact;182;244
src/db/db_conv.c;1;HAVE_HASH;1 && HAVE_HASH;if;245;245
src/db/db_conv.c;1;HAVE_HASH;1 && HAVE_HASH;artifact;246;248
src/db/db_conv.c;1;HAVE_HASH;1 && HAVE_HASH;endif;249;249
src/db/db_conv.c;1;HAVE_HEAP;1 && HAVE_HEAP;if;250;250
src/db/db_conv.c;1;HAVE_HEAP;1 && HAVE_HEAP;artifact;251;253
src/db/db_conv.c;1;HAVE_HEAP;1 && HAVE_HEAP;endif;254;254
src/db/db_conv.c;1;1;1;artifact;255;891
src/db/db_copy.c;1;1;1;ROOT;1;33
src/db/db_copy.c;1;1;1;artifact;1;32
src/db/db_dispatch.c;1;1;1;ROOT;1;979
src/db/db_dispatch.c;1;1;1;artifact;1;922
src/db/db_dispatch.c;1;DEBUG;1 && DEBUG;if;923;923
src/db/db_dispatch.c;1;DEBUG;1 && DEBUG;artifact;924;976
src/db/db_dispatch.c;1;DEBUG;1 && DEBUG;endif;977;977
src/db/db_dispatch.c;1;1;1;artifact;978;978
src/db/db_dup.c;1;1;1;ROOT;1;216
src/db/db_dup.c;1;1;1;artifact;1;215
src/db/db_iface.c;1;1;1;ROOT;1;3003
src/db/db_iface.c;1;1;1;artifact;1;14
src/db/db_iface.c;1;!HAVE_QUEUE;1 && !HAVE_QUEUE;if;15;15
src/db/db_iface.c;1;!HAVE_QUEUE;1 && !HAVE_QUEUE;artifact;16;16
src/db/db_iface.c;1;!HAVE_QUEUE;1 && !HAVE_QUEUE;endif;17;17
src/db/db_iface.c;1;1;1;artifact;18;481
src/db/db_iface.c;1;CONFIG_TEST;1 && CONFIG_TEST;if;482;482
src/db/db_iface.c;1;CONFIG_TEST;1 && CONFIG_TEST;artifact;483;484
src/db/db_iface.c;1;CONFIG_TEST;1 && CONFIG_TEST;endif;485;485
src/db/db_iface.c;1;1;1;artifact;486;802
src/db/db_iface.c;1;HAVE_PARTITION;1 && HAVE_PARTITION;if;803;803
src/db/db_iface.c;1;HAVE_PARTITION;1 && HAVE_PARTITION;artifact;804;806
src/db/db_iface.c;1;HAVE_PARTITION;1 && HAVE_PARTITION;endif;807;807
src/db/db_iface.c;1;1;1;artifact;808;1084
src/db/db_iface.c;1;HAVE_PARTITION;1 && HAVE_PARTITION;if;1085;1085
src/db/db_iface.c;1;HAVE_PARTITION;1 && HAVE_PARTITION;artifact;1086;1088
src/db/db_iface.c;1;HAVE_PARTITION;1 && HAVE_PARTITION;endif;1089;1089
src/db/db_iface.c;1;1;1;artifact;1090;1284
src/db/db_iface.c;1;HAVE_VXWORKS;1 && HAVE_VXWORKS;if;1285;1285
src/db/db_iface.c;1;HAVE_VXWORKS;1 && HAVE_VXWORKS;artifact;1286;1290
src/db/db_iface.c;1;HAVE_VXWORKS;1 && HAVE_VXWORKS;endif;1291;1291
src/db/db_iface.c;1;1;1;artifact;1292;1304
src/db/db_iface.c;1;!HAVE_HASH;1 && !HAVE_HASH;if;1305;1305
src/db/db_iface.c;1;!HAVE_HASH;1 && !HAVE_HASH;artifact;1306;1306
src/db/db_iface.c;1;!HAVE_HASH;1 && !HAVE_HASH;endif;1307;1307
src/db/db_iface.c;1;1;1;artifact;1308;1313
src/db/db_iface.c;1;!HAVE_QUEUE;1 && !HAVE_QUEUE;if;1314;1314
src/db/db_iface.c;1;!HAVE_QUEUE;1 && !HAVE_QUEUE;artifact;1315;1315
src/db/db_iface.c;1;!HAVE_QUEUE;1 && !HAVE_QUEUE;endif;1316;1316
src/db/db_iface.c;1;1;1;artifact;1317;1891
src/db/db_iface.c;1;HAVE_PARTITION;1 && HAVE_PARTITION;if;1892;1892
src/db/db_iface.c;1;HAVE_PARTITION;1 && HAVE_PARTITION;artifact;1893;1895
src/db/db_iface.c;1;HAVE_PARTITION;1 && HAVE_PARTITION;endif;1896;1896
src/db/db_iface.c;1;1;1;artifact;1897;3002
src/db/db_join.c;1;1;1;ROOT;1;942
src/db/db_join.c;1;1;1;artifact;1;941
src/db/db_meta.c;1;1;1;ROOT;1;1430
src/db/db_meta.c;1;1;1;artifact;1;55
src/db/db_meta.c;1;HAVE_FTRUNCATE;1 && HAVE_FTRUNCATE;if;56;56
src/db/db_meta.c;1;HAVE_FTRUNCATE;1 && HAVE_FTRUNCATE;artifact;57;59
src/db/db_meta.c;1;HAVE_FTRUNCATE;1 && HAVE_FTRUNCATE;endif;60;60
src/db/db_meta.c;1;1;1;artifact;61;124
src/db/db_meta.c;1;HAVE_HASH;1 && HAVE_HASH;if;125;125
src/db/db_meta.c;1;HAVE_HASH;1 && HAVE_HASH;artifact;126;131
src/db/db_meta.c;1;HAVE_HASH;1 && HAVE_HASH;endif;132;132
src/db/db_meta.c;1;1;1;artifact;133;244
src/db/db_meta.c;1;HAVE_FTRUNCATE;1 && HAVE_FTRUNCATE;if;245;245
src/db/db_meta.c;1;HAVE_FTRUNCATE;1 && HAVE_FTRUNCATE;artifact;246;258
src/db/db_meta.c;1;!HAVE_FTRUNCATE;!HAVE_FTRUNCATE && 1;else;259;259
src/db/db_meta.c;1;!HAVE_FTRUNCATE;!HAVE_FTRUNCATE && 1;artifact;260;260
src/db/db_meta.c;1;!HAVE_FTRUNCATE;!HAVE_FTRUNCATE && 1;endif;261;261
src/db/db_meta.c;1;1;1;artifact;262;302
src/db/db_meta.c;1;HAVE_FTRUNCATE;1 && HAVE_FTRUNCATE;if;303;303
src/db/db_meta.c;1;HAVE_FTRUNCATE;1 && HAVE_FTRUNCATE;artifact;304;306
src/db/db_meta.c;1;HAVE_FTRUNCATE;1 && HAVE_FTRUNCATE;endif;307;307
src/db/db_meta.c;1;1;1;artifact;308;314
src/db/db_meta.c;1;HAVE_FTRUNCATE;1 && HAVE_FTRUNCATE;if;315;315
src/db/db_meta.c;1;HAVE_FTRUNCATE;1 && HAVE_FTRUNCATE;artifact;316;318
src/db/db_meta.c;1;HAVE_FTRUNCATE;1 && HAVE_FTRUNCATE;endif;319;319
src/db/db_meta.c;1;1;1;artifact;320;337
src/db/db_meta.c;1;HAVE_HASH;1 && HAVE_HASH;if;338;338
src/db/db_meta.c;1;HAVE_HASH;1 && HAVE_HASH;artifact;339;340
src/db/db_meta.c;1;HAVE_FTRUNCATE;1 && HAVE_HASH && HAVE_FTRUNCATE;if;341;341
src/db/db_meta.c;1;HAVE_FTRUNCATE;1 && HAVE_HASH && HAVE_FTRUNCATE;artifact;342;342
src/db/db_meta.c;1;!HAVE_FTRUNCATE;!HAVE_FTRUNCATE && 1 && HAVE_HASH;else;343;343
src/db/db_meta.c;1;!HAVE_FTRUNCATE;!HAVE_FTRUNCATE && 1 && HAVE_HASH;artifact;344;344
src/db/db_meta.c;1;!HAVE_FTRUNCATE;!HAVE_FTRUNCATE && 1 && HAVE_HASH;endif;345;345
src/db/db_meta.c;1;HAVE_HASH;1 && HAVE_HASH;artifact;346;350
src/db/db_meta.c;1;HAVE_HASH;1 && HAVE_HASH;endif;351;351
src/db/db_meta.c;1;1;1;artifact;352;354
src/db/db_meta.c;1;HAVE_FTRUNCATE;1 && HAVE_FTRUNCATE;if;355;355
src/db/db_meta.c;1;HAVE_FTRUNCATE;1 && HAVE_FTRUNCATE;artifact;356;356
src/db/db_meta.c;1;!HAVE_FTRUNCATE;!HAVE_FTRUNCATE && 1;else;357;357
src/db/db_meta.c;1;!HAVE_FTRUNCATE;!HAVE_FTRUNCATE && 1;artifact;358;358
src/db/db_meta.c;1;!HAVE_FTRUNCATE;!HAVE_FTRUNCATE && 1;endif;359;359
src/db/db_meta.c;1;1;1;artifact;360;373
src/db/db_meta.c;1;HAVE_FTRUNCATE;1 && HAVE_FTRUNCATE;if;374;374
src/db/db_meta.c;1;HAVE_FTRUNCATE;1 && HAVE_FTRUNCATE;artifact;375;416
src/db/db_meta.c;1;HAVE_HASH;1 && HAVE_FTRUNCATE && HAVE_HASH;if;417;417
src/db/db_meta.c;1;HAVE_HASH;1 && HAVE_FTRUNCATE && HAVE_HASH;artifact;418;422
src/db/db_meta.c;1;HAVE_HASH;1 && HAVE_FTRUNCATE && HAVE_HASH;endif;423;423
src/db/db_meta.c;1;HAVE_FTRUNCATE;1 && HAVE_FTRUNCATE;artifact;424;435
src/db/db_meta.c;1;HAVE_FTRUNCATE;1 && HAVE_FTRUNCATE;endif;436;436
src/db/db_meta.c;1;1;1;artifact;437;454
src/db/db_meta.c;1;HAVE_FTRUNCATE;1 && HAVE_FTRUNCATE;if;455;455
src/db/db_meta.c;1;HAVE_FTRUNCATE;1 && HAVE_FTRUNCATE;artifact;456;457
src/db/db_meta.c;1;HAVE_FTRUNCATE;1 && HAVE_FTRUNCATE;endif;458;458
src/db/db_meta.c;1;1;1;artifact;459;499
src/db/db_meta.c;1;HAVE_FTRUNCATE;1 && HAVE_FTRUNCATE;if;500;500
src/db/db_meta.c;1;HAVE_FTRUNCATE;1 && HAVE_FTRUNCATE;artifact;501;544
src/db/db_meta.c;1;!HAVE_FTRUNCATE;!HAVE_FTRUNCATE && 1;else;545;545
src/db/db_meta.c;1;!HAVE_FTRUNCATE;!HAVE_FTRUNCATE && 1;artifact;546;546
src/db/db_meta.c;1;!HAVE_FTRUNCATE;!HAVE_FTRUNCATE && 1;endif;547;547
src/db/db_meta.c;1;1;1;artifact;548;558
src/db/db_meta.c;1;DIAGNOSTIC;1 && DIAGNOSTIC;if;559;559
src/db/db_meta.c;1;DIAGNOSTIC;1 && DIAGNOSTIC;artifact;560;561
src/db/db_meta.c;1;DIAGNOSTIC;1 && DIAGNOSTIC;endif;562;562
src/db/db_meta.c;1;1;1;artifact;563;591
src/db/db_meta.c;1;HAVE_FTRUNCATE;1 && HAVE_FTRUNCATE;if;592;592
src/db/db_meta.c;1;HAVE_FTRUNCATE;1 && HAVE_FTRUNCATE;artifact;593;1103
src/db/db_meta.c;1;HAVE_FTRUNCATE;1 && HAVE_FTRUNCATE;endif;1104;1104
src/db/db_meta.c;1;1;1;artifact;1105;1105
src/db/db_meta.c;1;DEBUG;1 && DEBUG;if;1106;1106
src/db/db_meta.c;1;DEBUG;1 && DEBUG;artifact;1107;1129
src/db/db_meta.c;1;DEBUG;1 && DEBUG;endif;1130;1130
src/db/db_meta.c;1;1;1;artifact;1131;1294
src/db/db_meta.c;1;DIAGNOSTIC;1 && DIAGNOSTIC;if;1295;1295
src/db/db_meta.c;1;DIAGNOSTIC;1 && DIAGNOSTIC;artifact;1296;1368
src/db/db_meta.c;1;DIAGNOSTIC;1 && DIAGNOSTIC;endif;1369;1369
src/db/db_meta.c;1;1;1;artifact;1370;1429
src/db/db_method.c;1;1;1;ROOT;1;1119
src/db/db_method.c;1;1;1;artifact;1;368
src/db/db_method.c;1;STDC_HEADERS;1 && STDC_HEADERS;if;369;369
src/db/db_method.c;1;STDC_HEADERS;1 && STDC_HEADERS;artifact;370;370
src/db/db_method.c;1;!STDC_HEADERS;!STDC_HEADERS && 1;else;371;371
src/db/db_method.c;1;!STDC_HEADERS;!STDC_HEADERS && 1;artifact;372;376
src/db/db_method.c;1;!STDC_HEADERS;!STDC_HEADERS && 1;endif;377;377
src/db/db_method.c;1;1;1;artifact;378;387
src/db/db_method.c;1;STDC_HEADERS;1 && STDC_HEADERS;if;388;388
src/db/db_method.c;1;STDC_HEADERS;1 && STDC_HEADERS;artifact;389;389
src/db/db_method.c;1;!STDC_HEADERS;!STDC_HEADERS && 1;else;390;390
src/db/db_method.c;1;!STDC_HEADERS;!STDC_HEADERS && 1;artifact;391;394
src/db/db_method.c;1;!STDC_HEADERS;!STDC_HEADERS && 1;endif;395;395
src/db/db_method.c;1;1;1;artifact;396;615
src/db/db_method.c;1;HAVE_COMPRESSION;1 && HAVE_COMPRESSION;if;616;616
src/db/db_method.c;1;HAVE_COMPRESSION;1 && HAVE_COMPRESSION;artifact;617;620
src/db/db_method.c;1;HAVE_COMPRESSION;1 && HAVE_COMPRESSION;endif;621;621
src/db/db_method.c;1;1;1;artifact;622;644
src/db/db_method.c;1;HAVE_COMPRESSION;1 && HAVE_COMPRESSION;if;645;645
src/db/db_method.c;1;HAVE_COMPRESSION;1 && HAVE_COMPRESSION;artifact;646;649
src/db/db_method.c;1;HAVE_COMPRESSION;1 && HAVE_COMPRESSION;endif;650;650
src/db/db_method.c;1;1;1;artifact;651;846
src/db/db_method.c;1;HAVE_QUEUE;1 && HAVE_QUEUE;if;847;847
src/db/db_method.c;1;HAVE_QUEUE;1 && HAVE_QUEUE;artifact;848;848
src/db/db_method.c;1;HAVE_QUEUE;1 && HAVE_QUEUE;endif;849;849
src/db/db_method.c;1;1;1;artifact;850;865
src/db/db_method.c;1;HAVE_QUEUE;1 && HAVE_QUEUE;if;866;866
src/db/db_method.c;1;HAVE_QUEUE;1 && HAVE_QUEUE;artifact;867;867
src/db/db_method.c;1;HAVE_QUEUE;1 && HAVE_QUEUE;endif;868;868
src/db/db_method.c;1;1;1;artifact;869;908
src/db/db_method.c;1;HAVE_QUEUE;1 && HAVE_QUEUE;if;909;909
src/db/db_method.c;1;HAVE_QUEUE;1 && HAVE_QUEUE;artifact;910;911
src/db/db_method.c;1;HAVE_QUEUE;1 && HAVE_QUEUE;endif;912;912
src/db/db_method.c;1;1;1;artifact;913;1118
src/db/db_open.c;1;1;1;ROOT;1;859
src/db/db_open.c;1;1;1;artifact;1;261
src/db/db_open.c;1;HAVE_PARTITION;1 && HAVE_PARTITION;if;262;262
src/db/db_open.c;1;HAVE_PARTITION;1 && HAVE_PARTITION;artifact;263;265
src/db/db_open.c;1;HAVE_PARTITION;1 && HAVE_PARTITION;endif;266;266
src/db/db_open.c;1;1;1;artifact;267;491
src/db/db_open.c;1;HAVE_CRYPTO;1 && HAVE_CRYPTO;if;492;492
src/db/db_open.c;1;HAVE_CRYPTO;1 && HAVE_CRYPTO;artifact;493;496
src/db/db_open.c;1;HAVE_CRYPTO;1 && HAVE_CRYPTO;endif;497;497
src/db/db_open.c;1;1;1;artifact;498;858
src/db/db_overflow.c;1;1;1;ROOT;1;707
src/db/db_overflow.c;1;1;1;artifact;1;706
src/db/db_ovfl_vrfy.c;1;1;1;ROOT;1;412
src/db/db_ovfl_vrfy.c;1;1;1;artifact;1;411
src/db/db_pr.c;1;1;1;ROOT;1;1958
src/db/db_pr.c;1;1;1;artifact;1;27
src/db/db_pr.c;1;HAVE_STATISTICS;1 && HAVE_STATISTICS;if;28;28
src/db/db_pr.c;1;HAVE_STATISTICS;1 && HAVE_STATISTICS;artifact;29;31
src/db/db_pr.c;1;HAVE_STATISTICS;1 && HAVE_STATISTICS;endif;32;32
src/db/db_pr.c;1;1;1;artifact;33;47
src/db/db_pr.c;1;HAVE_STATISTICS;1 && HAVE_STATISTICS;if;48;48
src/db/db_pr.c;1;HAVE_STATISTICS;1 && HAVE_STATISTICS;artifact;49;187
src/db/db_pr.c;1;HAVE_COMPRESSION;1 && HAVE_STATISTICS && HAVE_COMPRESSION;if;188;188
src/db/db_pr.c;1;HAVE_COMPRESSION;1 && HAVE_STATISTICS && HAVE_COMPRESSION;artifact;189;192
src/db/db_pr.c;1;HAVE_COMPRESSION;1 && HAVE_STATISTICS && HAVE_COMPRESSION;endif;193;193
src/db/db_pr.c;1;HAVE_STATISTICS;1 && HAVE_STATISTICS;artifact;194;365
src/db/db_pr.c;1;!HAVE_STATISTICS;!HAVE_STATISTICS && 1;else;366;366
src/db/db_pr.c;1;!HAVE_STATISTICS;!HAVE_STATISTICS && 1;artifact;367;404
src/db/db_pr.c;1;!HAVE_STATISTICS;!HAVE_STATISTICS && 1;endif;405;405
src/db/db_pr.c;1;1;1;artifact;406;1500
src/db/db_pr.c;1;HAVE_HEAP;1 && HAVE_HEAP;if;1501;1501
src/db/db_pr.c;1;HAVE_HEAP;1 && HAVE_HEAP;artifact;1502;1502
src/db/db_pr.c;1;HAVE_HEAP;1 && HAVE_HEAP;endif;1503;1503
src/db/db_pr.c;1;1;1;artifact;1504;1635
src/db/db_pr.c;1;HAVE_HASH;1 && HAVE_HASH;if;1636;1636
src/db/db_pr.c;1;HAVE_HASH;1 && HAVE_HASH;artifact;1637;1671
src/db/db_pr.c;1;!HAVE_HASH;!HAVE_HASH && 1;else;1672;1672
src/db/db_pr.c;1;!HAVE_HASH;!HAVE_HASH && 1;artifact;1673;1674
src/db/db_pr.c;1;!HAVE_HASH;!HAVE_HASH && 1;endif;1675;1675
src/db/db_pr.c;1;1;1;artifact;1676;1676
src/db/db_pr.c;1;HAVE_HEAP;1 && HAVE_HEAP;if;1677;1677
src/db/db_pr.c;1;HAVE_HEAP;1 && HAVE_HEAP;artifact;1678;1710
src/db/db_pr.c;1;!HAVE_HEAP;!HAVE_HEAP && 1;else;1711;1711
src/db/db_pr.c;1;!HAVE_HEAP;!HAVE_HEAP && 1;artifact;1712;1713
src/db/db_pr.c;1;!HAVE_HEAP;!HAVE_HEAP && 1;endif;1714;1714
src/db/db_pr.c;1;1;1;artifact;1715;1715
src/db/db_pr.c;1;HAVE_QUEUE;1 && HAVE_QUEUE;if;1716;1716
src/db/db_pr.c;1;HAVE_QUEUE;1 && HAVE_QUEUE;artifact;1717;1757
src/db/db_pr.c;1;!HAVE_QUEUE;!HAVE_QUEUE && 1;else;1758;1758
src/db/db_pr.c;1;!HAVE_QUEUE;!HAVE_QUEUE && 1;artifact;1759;1760
src/db/db_pr.c;1;!HAVE_QUEUE;!HAVE_QUEUE && 1;endif;1761;1761
src/db/db_pr.c;1;1;1;artifact;1762;1821
src/db/db_pr.c;1;HAVE_COMPRESSION;1 && HAVE_COMPRESSION;if;1822;1822
src/db/db_pr.c;1;HAVE_COMPRESSION;1 && HAVE_COMPRESSION;artifact;1823;1825
src/db/db_pr.c;1;HAVE_COMPRESSION;1 && HAVE_COMPRESSION;endif;1826;1826
src/db/db_pr.c;1;1;1;artifact;1827;1842
src/db/db_pr.c;1;HAVE_COMPRESSION;1 && HAVE_COMPRESSION;if;1843;1843
src/db/db_pr.c;1;HAVE_COMPRESSION;1 && HAVE_COMPRESSION;artifact;1844;1846
src/db/db_pr.c;1;HAVE_COMPRESSION;1 && HAVE_COMPRESSION;endif;1847;1847
src/db/db_pr.c;1;1;1;artifact;1848;1855
src/db/db_pr.c;1;HAVE_PARTITION;1 && HAVE_PARTITION;if;1856;1856
src/db/db_pr.c;1;HAVE_PARTITION;1 && HAVE_PARTITION;artifact;1857;1874
src/db/db_pr.c;1;HAVE_PARTITION;1 && HAVE_PARTITION;endif;1875;1875
src/db/db_pr.c;1;1;1;artifact;1876;1957
src/db/db_rec.c;1;1;1;ROOT;1;2798
src/db/db_rec.c;1;1;1;artifact;1;697
src/db/db_rec.c;1;HAVE_FTRUNCATE;1 && HAVE_FTRUNCATE;if;698;698
src/db/db_rec.c;1;HAVE_FTRUNCATE;1 && HAVE_FTRUNCATE;artifact;699;717
src/db/db_rec.c;1;HAVE_FTRUNCATE;1 && HAVE_FTRUNCATE;endif;718;718
src/db/db_rec.c;1;1;1;artifact;719;889
src/db/db_rec.c;1;HAVE_FTRUNCATE;1 && HAVE_FTRUNCATE;if;890;890
src/db/db_rec.c;1;HAVE_FTRUNCATE;1 && HAVE_FTRUNCATE;artifact;891;893
src/db/db_rec.c;1;HAVE_FTRUNCATE;1 && HAVE_FTRUNCATE;endif;894;894
src/db/db_rec.c;1;1;1;artifact;895;929
src/db/db_rec.c;1;HAVE_FTRUNCATE;1 && HAVE_FTRUNCATE;if;930;930
src/db/db_rec.c;1;HAVE_FTRUNCATE;1 && HAVE_FTRUNCATE;artifact;931;933
src/db/db_rec.c;1;HAVE_FTRUNCATE;1 && HAVE_FTRUNCATE;endif;934;934
src/db/db_rec.c;1;1;1;artifact;935;967
src/db/db_rec.c;1;HAVE_FTRUNCATE;1 && HAVE_FTRUNCATE;if;968;968
src/db/db_rec.c;1;HAVE_FTRUNCATE;1 && HAVE_FTRUNCATE;artifact;969;984
src/db/db_rec.c;1;HAVE_FTRUNCATE;1 && HAVE_FTRUNCATE;endif;985;985
src/db/db_rec.c;1;1;1;artifact;986;1005
src/db/db_rec.c;1;HAVE_FTRUNCATE;1 && HAVE_FTRUNCATE;if;1006;1006
src/db/db_rec.c;1;HAVE_FTRUNCATE;1 && HAVE_FTRUNCATE;artifact;1007;1045
src/db/db_rec.c;1;HAVE_FTRUNCATE;1 && HAVE_FTRUNCATE;endif;1046;1046
src/db/db_rec.c;1;1;1;artifact;1047;1272
src/db/db_rec.c;1;HAVE_FTRUNCATE;1 && HAVE_FTRUNCATE;if;1273;1273
src/db/db_rec.c;1;HAVE_FTRUNCATE;1 && HAVE_FTRUNCATE;artifact;1274;1441
src/db/db_rec.c;1;!HAVE_FTRUNCATE;!HAVE_FTRUNCATE && 1;else;1442;1442
src/db/db_rec.c;1;!HAVE_FTRUNCATE;!HAVE_FTRUNCATE && 1;artifact;1443;1452
src/db/db_rec.c;1;!HAVE_FTRUNCATE;!HAVE_FTRUNCATE && 1;endif;1453;1453
src/db/db_rec.c;1;1;1;artifact;1454;1476
src/db/db_rec.c;1;HAVE_FTRUNCATE;1 && HAVE_FTRUNCATE;if;1477;1477
src/db/db_rec.c;1;HAVE_FTRUNCATE;1 && HAVE_FTRUNCATE;artifact;1478;1479
src/db/db_rec.c;1;HAVE_FTRUNCATE;1 && HAVE_FTRUNCATE;endif;1480;1480
src/db/db_rec.c;1;1;1;artifact;1481;1544
src/db/db_rec.c;1;HAVE_FTRUNCATE;1 && HAVE_FTRUNCATE;if;1545;1545
src/db/db_rec.c;1;HAVE_FTRUNCATE;1 && HAVE_FTRUNCATE;artifact;1546;1564
src/db/db_rec.c;1;HAVE_FTRUNCATE;1 && HAVE_FTRUNCATE;endif;1565;1565
src/db/db_rec.c;1;1;1;artifact;1566;1587
src/db/db_rec.c;1;HAVE_FTRUNCATE;1 && HAVE_FTRUNCATE;if;1588;1588
src/db/db_rec.c;1;HAVE_FTRUNCATE;1 && HAVE_FTRUNCATE;artifact;1589;1712
src/db/db_rec.c;1;!HAVE_FTRUNCATE;!HAVE_FTRUNCATE && 1;else;1713;1713
src/db/db_rec.c;1;!HAVE_FTRUNCATE;!HAVE_FTRUNCATE && 1;artifact;1714;1723
src/db/db_rec.c;1;!HAVE_FTRUNCATE;!HAVE_FTRUNCATE && 1;endif;1724;1724
src/db/db_rec.c;1;1;1;artifact;1725;2797
src/db/db_reclaim.c;1;1;1;ROOT;1;247
src/db/db_reclaim.c;1;1;1;artifact;1;246
src/db/db_remove.c;1;1;1;ROOT;1;517
src/db/db_remove.c;1;1;1;artifact;1;516
src/db/db_rename.c;1;1;1;ROOT;1;385
src/db/db_rename.c;1;1;1;artifact;1;384
src/db/db_ret.c;1;1;1;ROOT;1;171
src/db/db_ret.c;1;1;1;artifact;1;170
src/db/db_setid.c;1;1;1;ROOT;1;215
src/db/db_setid.c;1;1;1;artifact;1;214
src/db/db_setlsn.c;1;1;1;ROOT;1;139
src/db/db_setlsn.c;1;1;1;artifact;1;91
src/db/db_setlsn.c;1;HAVE_PARTITION;1 && HAVE_PARTITION;if;92;92
src/db/db_setlsn.c;1;HAVE_PARTITION;1 && HAVE_PARTITION;artifact;93;95
src/db/db_setlsn.c;1;HAVE_PARTITION;1 && HAVE_PARTITION;endif;96;96
src/db/db_setlsn.c;1;1;1;artifact;97;97
src/db/db_setlsn.c;1;HAVE_QUEUE;1 && HAVE_QUEUE;if;98;98
src/db/db_setlsn.c;1;HAVE_QUEUE;1 && HAVE_QUEUE;artifact;99;99
src/db/db_setlsn.c;1;!HAVE_QUEUE;!HAVE_QUEUE && 1;else;100;100
src/db/db_setlsn.c;1;!HAVE_QUEUE;!HAVE_QUEUE && 1;artifact;101;101
src/db/db_setlsn.c;1;!HAVE_QUEUE;!HAVE_QUEUE && 1;endif;102;102
src/db/db_setlsn.c;1;1;1;artifact;103;138
src/db/db_sort_multiple.c;1;1;1;ROOT;1;329
src/db/db_sort_multiple.c;1;1;1;artifact;1;44
src/db/db_sort_multiple.c;1;HAVE_COMPRESSION;1 && HAVE_COMPRESSION;if;45;45
src/db/db_sort_multiple.c;1;HAVE_COMPRESSION;1 && HAVE_COMPRESSION;artifact;46;47
src/db/db_sort_multiple.c;1;HAVE_COMPRESSION;1 && HAVE_COMPRESSION;endif;48;48
src/db/db_sort_multiple.c;1;1;1;artifact;49;328
src/db/db_stati.c;1;1;1;ROOT;1;504
src/db/db_stati.c;1;1;1;artifact;1;20
src/db/db_stati.c;1;HAVE_STATISTICS;1 && HAVE_STATISTICS;if;21;21
src/db/db_stati.c;1;HAVE_STATISTICS;1 && HAVE_STATISTICS;artifact;22;98
src/db/db_stati.c;1;HAVE_PARTITION;1 && HAVE_STATISTICS && HAVE_PARTITION;if;99;99
src/db/db_stati.c;1;HAVE_PARTITION;1 && HAVE_STATISTICS && HAVE_PARTITION;artifact;100;102
src/db/db_stati.c;1;HAVE_PARTITION;1 && HAVE_STATISTICS && HAVE_PARTITION;endif;103;103
src/db/db_stati.c;1;HAVE_STATISTICS;1 && HAVE_STATISTICS;artifact;104;476
src/db/db_stati.c;1;!HAVE_STATISTICS;!HAVE_STATISTICS && 1;else;477;477
src/db/db_stati.c;1;!HAVE_STATISTICS;!HAVE_STATISTICS && 1;artifact;478;501
src/db/db_stati.c;1;!HAVE_STATISTICS;!HAVE_STATISTICS && 1;endif;502;502
src/db/db_stati.c;1;1;1;artifact;503;503
src/db/db_truncate.c;1;1;1;ROOT;1;235
src/db/db_truncate.c;1;1;1;artifact;1;67
src/db/db_truncate.c;1;CONFIG_TEST;1 && CONFIG_TEST;if;68;68
src/db/db_truncate.c;1;CONFIG_TEST;1 && CONFIG_TEST;artifact;69;70
src/db/db_truncate.c;1;CONFIG_TEST;1 && CONFIG_TEST;endif;71;71
src/db/db_truncate.c;1;1;1;artifact;72;164
src/db/db_truncate.c;1;HAVE_PARTITION;1 && HAVE_PARTITION;if;165;165
src/db/db_truncate.c;1;HAVE_PARTITION;1 && HAVE_PARTITION;artifact;166;168
src/db/db_truncate.c;1;HAVE_PARTITION;1 && HAVE_PARTITION;endif;169;169
src/db/db_truncate.c;1;1;1;artifact;170;234
src/db/db_upg.c;1;1;1;ROOT;1;529
src/db/db_upg.c;1;1;1;artifact;1;29
src/db/db_upg.c;1;HAVE_UPGRADE_SUPPORT;1 && HAVE_UPGRADE_SUPPORT;if;30;30
src/db/db_upg.c;1;HAVE_UPGRADE_SUPPORT;1 && HAVE_UPGRADE_SUPPORT;artifact;31;47
src/db/db_upg.c;1;!HAVE_UPGRADE_SUPPORT;!HAVE_UPGRADE_SUPPORT && 1;else;48;48
src/db/db_upg.c;1;!HAVE_UPGRADE_SUPPORT;!HAVE_UPGRADE_SUPPORT && 1;artifact;49;54
src/db/db_upg.c;1;!HAVE_UPGRADE_SUPPORT;!HAVE_UPGRADE_SUPPORT && 1;endif;55;55
src/db/db_upg.c;1;1;1;artifact;56;57
src/db/db_upg.c;1;HAVE_UPGRADE_SUPPORT;1 && HAVE_UPGRADE_SUPPORT;if;58;58
src/db/db_upg.c;1;HAVE_UPGRADE_SUPPORT;1 && HAVE_UPGRADE_SUPPORT;artifact;59;526
src/db/db_upg.c;1;HAVE_UPGRADE_SUPPORT;1 && HAVE_UPGRADE_SUPPORT;endif;527;527
src/db/db_upg.c;1;1;1;artifact;528;528
src/db/db_upg_opd.c;1;1;1;ROOT;1;345
src/db/db_upg_opd.c;1;1;1;artifact;1;344
src/db/db_vrfy.c;1;1;1;ROOT;1;3057
src/db/db_vrfy.c;1;1;1;artifact;1;394
src/db/db_vrfy.c;1;HAVE_PARTITION;1 && HAVE_PARTITION;if;395;395
src/db/db_vrfy.c;1;HAVE_PARTITION;1 && HAVE_PARTITION;artifact;396;397
src/db/db_vrfy.c;1;HAVE_PARTITION;1 && HAVE_PARTITION;endif;398;398
src/db/db_vrfy.c;1;1;1;artifact;399;1091
src/db/db_vrfy.c;1;!HAVE_FTRUNCATE;1 && !HAVE_FTRUNCATE;if;1092;1092
src/db/db_vrfy.c;1;!HAVE_FTRUNCATE;1 && !HAVE_FTRUNCATE;artifact;1093;1094
src/db/db_vrfy.c;1;!HAVE_FTRUNCATE;1 && !HAVE_FTRUNCATE;endif;1095;1095
src/db/db_vrfy.c;1;1;1;artifact;1096;1107
src/db/db_vrfy.c;1;!HAVE_FTRUNCATE;1 && !HAVE_FTRUNCATE;if;1108;1108
src/db/db_vrfy.c;1;!HAVE_FTRUNCATE;1 && !HAVE_FTRUNCATE;artifact;1109;1109
src/db/db_vrfy.c;1;!HAVE_FTRUNCATE;1 && !HAVE_FTRUNCATE;endif;1110;1110
src/db/db_vrfy.c;1;1;1;artifact;1111;1568
src/db/db_vrfy.c;1;HAVE_FTRUNCATE;1 && HAVE_FTRUNCATE;if;1569;1569
src/db/db_vrfy.c;1;HAVE_FTRUNCATE;1 && HAVE_FTRUNCATE;artifact;1570;1574
src/db/db_vrfy.c;1;HAVE_FTRUNCATE;1 && HAVE_FTRUNCATE;endif;1575;1575
src/db/db_vrfy.c;1;1;1;artifact;1576;2911
src/db/db_vrfy.c;1;HAVE_QUEUE;1 && HAVE_QUEUE;if;2912;2912
src/db/db_vrfy.c;1;HAVE_QUEUE;1 && HAVE_QUEUE;artifact;2913;2913
src/db/db_vrfy.c;1;!HAVE_QUEUE;!HAVE_QUEUE && 1;else;2914;2914
src/db/db_vrfy.c;1;!HAVE_QUEUE;!HAVE_QUEUE && 1;artifact;2915;2915
src/db/db_vrfy.c;1;!HAVE_QUEUE;!HAVE_QUEUE && 1;endif;2916;2916
src/db/db_vrfy.c;1;1;1;artifact;2917;2935
src/db/db_vrfy.c;1;HAVE_QUEUE;1 && HAVE_QUEUE;if;2936;2936
src/db/db_vrfy.c;1;HAVE_QUEUE;1 && HAVE_QUEUE;artifact;2937;2937
src/db/db_vrfy.c;1;!HAVE_QUEUE;!HAVE_QUEUE && 1;else;2938;2938
src/db/db_vrfy.c;1;!HAVE_QUEUE;!HAVE_QUEUE && 1;artifact;2939;2939
src/db/db_vrfy.c;1;!HAVE_QUEUE;!HAVE_QUEUE && 1;endif;2940;2940
src/db/db_vrfy.c;1;1;1;artifact;2941;2995
src/db/db_vrfy.c;1;HAVE_QUEUE;1 && HAVE_QUEUE;if;2996;2996
src/db/db_vrfy.c;1;HAVE_QUEUE;1 && HAVE_QUEUE;artifact;2997;2998
src/db/db_vrfy.c;1;HAVE_QUEUE;1 && HAVE_QUEUE;endif;2999;2999
src/db/db_vrfy.c;1;1;1;artifact;3000;3056
src/db/db_vrfy_stub.c;1;1;1;ROOT;1;122
src/db/db_vrfy_stub.c;1;1;1;artifact;1;8
src/db/db_vrfy_stub.c;1;!HAVE_VERIFY;1 && !HAVE_VERIFY;if;9;9
src/db/db_vrfy_stub.c;1;!HAVE_VERIFY;1 && !HAVE_VERIFY;artifact;10;119
src/db/db_vrfy_stub.c;1;!HAVE_VERIFY;1 && !HAVE_VERIFY;endif;120;120
src/db/db_vrfy_stub.c;1;1;1;artifact;121;121
src/db/db_vrfyutil.c;1;1;1;ROOT;1;934
src/db/db_vrfyutil.c;1;1;1;artifact;1;933
src/db/partition.c;1;1;1;ROOT;1;2061
src/db/partition.c;1;1;1;artifact;1;14
src/db/partition.c;1;HAVE_HASH;1 && HAVE_HASH;if;15;15
src/db/partition.c;1;HAVE_HASH;1 && HAVE_HASH;artifact;16;16
src/db/partition.c;1;HAVE_HASH;1 && HAVE_HASH;endif;17;17
src/db/partition.c;1;1;1;artifact;18;21
src/db/partition.c;1;HAVE_PARTITION;1 && HAVE_PARTITION;if;22;22
src/db/partition.c;1;HAVE_PARTITION;1 && HAVE_PARTITION;artifact;23;335
src/db/partition.c;1;HAVE_HASH;1 && HAVE_PARTITION && HAVE_HASH;if;336;336
src/db/partition.c;1;HAVE_HASH;1 && HAVE_PARTITION && HAVE_HASH;artifact;337;338
src/db/partition.c;1;HAVE_HASH;1 && HAVE_PARTITION && HAVE_HASH;endif;339;339
src/db/partition.c;1;HAVE_PARTITION;1 && HAVE_PARTITION;artifact;340;1240
src/db/partition.c;1;HAVE_HASH;1 && HAVE_PARTITION && HAVE_HASH;if;1241;1241
src/db/partition.c;1;HAVE_HASH;1 && HAVE_PARTITION && HAVE_HASH;artifact;1242;1242
src/db/partition.c;1;HAVE_HASH;1 && HAVE_PARTITION && HAVE_HASH;endif;1243;1243
src/db/partition.c;1;HAVE_PARTITION;1 && HAVE_PARTITION;artifact;1244;1253
src/db/partition.c;1;HAVE_HASH;1 && HAVE_PARTITION && HAVE_HASH;if;1254;1254
src/db/partition.c;1;HAVE_HASH;1 && HAVE_PARTITION && HAVE_HASH;artifact;1255;1255
src/db/partition.c;1;HAVE_HASH;1 && HAVE_PARTITION && HAVE_HASH;endif;1256;1256
src/db/partition.c;1;HAVE_PARTITION;1 && HAVE_PARTITION;artifact;1257;1288
src/db/partition.c;1;HAVE_HASH;1 && HAVE_PARTITION && HAVE_HASH;if;1289;1289
src/db/partition.c;1;HAVE_HASH;1 && HAVE_PARTITION && HAVE_HASH;artifact;1290;1312
src/db/partition.c;1;HAVE_HASH;1 && HAVE_PARTITION && HAVE_HASH;endif;1313;1313
src/db/partition.c;1;HAVE_PARTITION;1 && HAVE_PARTITION;artifact;1314;1363
src/db/partition.c;1;HAVE_HASH;1 && HAVE_PARTITION && HAVE_HASH;if;1364;1364
src/db/partition.c;1;HAVE_HASH;1 && HAVE_PARTITION && HAVE_HASH;artifact;1365;1366
src/db/partition.c;1;HAVE_HASH;1 && HAVE_PARTITION && HAVE_HASH;endif;1367;1367
src/db/partition.c;1;HAVE_PARTITION;1 && HAVE_PARTITION;artifact;1368;1792
src/db/partition.c;1;HAVE_VERIFY;1 && HAVE_PARTITION && HAVE_VERIFY;if;1793;1793
src/db/partition.c;1;HAVE_VERIFY;1 && HAVE_PARTITION && HAVE_VERIFY;artifact;1794;1829
src/db/partition.c;1;HAVE_HASH;1 && HAVE_PARTITION && HAVE_VERIFY && HAVE_HASH;if;1830;1830
src/db/partition.c;1;HAVE_HASH;1 && HAVE_PARTITION && HAVE_VERIFY && HAVE_HASH;artifact;1831;1833
src/db/partition.c;1;HAVE_HASH;1 && HAVE_PARTITION && HAVE_VERIFY && HAVE_HASH;endif;1834;1834
src/db/partition.c;1;HAVE_VERIFY;1 && HAVE_PARTITION && HAVE_VERIFY;artifact;1835;1888
src/db/partition.c;1;HAVE_VERIFY;1 && HAVE_PARTITION && HAVE_VERIFY;endif;1889;1889
src/db/partition.c;1;HAVE_PARTITION;1 && HAVE_PARTITION;artifact;1890;1890
src/db/partition.c;1;CONFIG_TEST;1 && HAVE_PARTITION && CONFIG_TEST;if;1891;1891
src/db/partition.c;1;CONFIG_TEST;1 && HAVE_PARTITION && CONFIG_TEST;artifact;1892;1917
src/db/partition.c;1;CONFIG_TEST;1 && HAVE_PARTITION && CONFIG_TEST;endif;1918;1918
src/db/partition.c;1;!HAVE_PARTITION;!HAVE_PARTITION && 1;else;1919;1919
src/db/partition.c;1;!HAVE_PARTITION;!HAVE_PARTITION && 1;artifact;1920;2058
src/db/partition.c;1;!HAVE_PARTITION;!HAVE_PARTITION && 1;endif;2059;2059
src/db/partition.c;1;1;1;artifact;2060;2060
src/dbinc/atomic.h;1;1;1;ROOT;1;222
src/dbinc/atomic.h;1;1;1;artifact;1;8
src/dbinc/atomic.h;1;!_DB_ATOMIC_H_;1 && !_DB_ATOMIC_H_;if;9;9
src/dbinc/atomic.h;1;!_DB_ATOMIC_H_;1 && !_DB_ATOMIC_H_;artifact;10;11
src/dbinc/atomic.h;1;DEFINED___LB____cplusplus__RB__;1 && !_DB_ATOMIC_H_ && DEFINED___LB____cplusplus__RB__;if;12;12
src/dbinc/atomic.h;1;DEFINED___LB____cplusplus__RB__;1 && !_DB_ATOMIC_H_ && DEFINED___LB____cplusplus__RB__;artifact;13;13
src/dbinc/atomic.h;1;DEFINED___LB____cplusplus__RB__;1 && !_DB_ATOMIC_H_ && DEFINED___LB____cplusplus__RB__;endif;14;14
src/dbinc/atomic.h;1;!_DB_ATOMIC_H_;1 && !_DB_ATOMIC_H_;artifact;15;41
src/dbinc/atomic.h;1;DEFINED___LB__DB_WIN32__RB__;1 && !_DB_ATOMIC_H_ && DEFINED___LB__DB_WIN32__RB__;if;42;42
src/dbinc/atomic.h;1;DEFINED___LB__DB_WIN32__RB__;1 && !_DB_ATOMIC_H_ && DEFINED___LB__DB_WIN32__RB__;artifact;43;43
src/dbinc/atomic.h;1;!DEFINED___LB__DB_WIN32__RB__;!DEFINED___LB__DB_WIN32__RB__ && 1 && !_DB_ATOMIC_H_;else;44;44
src/dbinc/atomic.h;1;!DEFINED___LB__DB_WIN32__RB__;!DEFINED___LB__DB_WIN32__RB__ && 1 && !_DB_ATOMIC_H_;artifact;45;45
src/dbinc/atomic.h;1;!DEFINED___LB__DB_WIN32__RB__;!DEFINED___LB__DB_WIN32__RB__ && 1 && !_DB_ATOMIC_H_;endif;46;46
src/dbinc/atomic.h;1;!_DB_ATOMIC_H_;1 && !_DB_ATOMIC_H_;artifact;47;54
src/dbinc/atomic.h;1;DEFINED___LB__DB_WINCE__RB__;1 && !_DB_ATOMIC_H_ && DEFINED___LB__DB_WINCE__RB__;if;55;55
src/dbinc/atomic.h;1;DEFINED___LB__DB_WINCE__RB__;1 && !_DB_ATOMIC_H_ && DEFINED___LB__DB_WINCE__RB__;artifact;56;59
src/dbinc/atomic.h;1;!DEFINED___LB__DB_WINCE__RB__;!DEFINED___LB__DB_WINCE__RB__ && 1 && !_DB_ATOMIC_H_;else;60;60
src/dbinc/atomic.h;1;!DEFINED___LB__DB_WINCE__RB__;!DEFINED___LB__DB_WINCE__RB__ && 1 && !_DB_ATOMIC_H_;artifact;61;63
src/dbinc/atomic.h;1;!DEFINED___LB__DB_WINCE__RB__;!DEFINED___LB__DB_WINCE__RB__ && 1 && !_DB_ATOMIC_H_;endif;64;64
src/dbinc/atomic.h;1;!_DB_ATOMIC_H_;1 && !_DB_ATOMIC_H_;artifact;65;74
src/dbinc/atomic.h;1;HAVE_ATOMIC_SUPPORT;1 && !_DB_ATOMIC_H_ && HAVE_ATOMIC_SUPPORT;if;75;75
src/dbinc/atomic.h;1;HAVE_ATOMIC_SUPPORT;1 && !_DB_ATOMIC_H_ && HAVE_ATOMIC_SUPPORT;artifact;76;76
src/dbinc/atomic.h;1;DEFINED___LB__DB_WIN32__RB__;1 && !_DB_ATOMIC_H_ && HAVE_ATOMIC_SUPPORT && DEFINED___LB__DB_WIN32__RB__;if;77;77
src/dbinc/atomic.h;1;DEFINED___LB__DB_WINCE__RB__;1 && !_DB_ATOMIC_H_ && HAVE_ATOMIC_SUPPORT && DEFINED___LB__DB_WIN32__RB__ && DEFINED___LB__DB_WINCE__RB__;if;78;78
src/dbinc/atomic.h;1;DEFINED___LB__DB_WINCE__RB__;1 && !_DB_ATOMIC_H_ && HAVE_ATOMIC_SUPPORT && DEFINED___LB__DB_WIN32__RB__ && DEFINED___LB__DB_WINCE__RB__;artifact;79;90
src/dbinc/atomic.h;1;!DEFINED___LB__DB_WINCE__RB__;!DEFINED___LB__DB_WINCE__RB__ && 1 && !_DB_ATOMIC_H_ && HAVE_ATOMIC_SUPPORT && DEFINED___LB__DB_WIN32__RB__;else;91;91
src/dbinc/atomic.h;1;!DEFINED___LB__DB_WINCE__RB__;!DEFINED___LB__DB_WINCE__RB__ && 1 && !_DB_ATOMIC_H_ && HAVE_ATOMIC_SUPPORT && DEFINED___LB__DB_WIN32__RB__;artifact;92;92
src/dbinc/atomic.h;1;!DEFINED___LB__DB_WINCE__RB__;!DEFINED___LB__DB_WINCE__RB__ && 1 && !_DB_ATOMIC_H_ && HAVE_ATOMIC_SUPPORT && DEFINED___LB__DB_WIN32__RB__;endif;93;93
src/dbinc/atomic.h;1;DEFINED___LB__DB_WIN32__RB__;1 && !_DB_ATOMIC_H_ && HAVE_ATOMIC_SUPPORT && DEFINED___LB__DB_WIN32__RB__;artifact;94;94
src/dbinc/atomic.h;1;(DEFINED___LB__DB_WINCE__RB__ || DEFINED___LB___MSC_VER__RB__) && (DEFINED___LB__DB_WINCE__RB__ || _MSC_VER__LT__1300);1 && !_DB_ATOMIC_H_ && HAVE_ATOMIC_SUPPORT && DEFINED___LB__DB_WIN32__RB__ && (DEFINED___LB__DB_WINCE__RB__ || DEFINED___LB___MSC_VER__RB__) && (DEFINED___LB__DB_WINCE__RB__ || _MSC_VER__LT__1300);if;95;95
src/dbinc/atomic.h;1;(DEFINED___LB__DB_WINCE__RB__ || DEFINED___LB___MSC_VER__RB__) && (DEFINED___LB__DB_WINCE__RB__ || _MSC_VER__LT__1300);1 && !_DB_ATOMIC_H_ && HAVE_ATOMIC_SUPPORT && DEFINED___LB__DB_WIN32__RB__ && (DEFINED___LB__DB_WINCE__RB__ || DEFINED___LB___MSC_VER__RB__) && (DEFINED___LB__DB_WINCE__RB__ || _MSC_VER__LT__1300);artifact;96;107
src/dbinc/atomic.h;1;!DEFINED___LB__DB_WINCE__RB__ && (!DEFINED___LB___MSC_VER__RB__ || !_MSC_VER__LT__1300);!DEFINED___LB__DB_WINCE__RB__ && (!DEFINED___LB___MSC_VER__RB__ || !_MSC_VER__LT__1300) && 1 && !_DB_ATOMIC_H_ && HAVE_ATOMIC_SUPPORT && DEFINED___LB__DB_WIN32__RB__;else;108;108
src/dbinc/atomic.h;1;!DEFINED___LB__DB_WINCE__RB__ && (!DEFINED___LB___MSC_VER__RB__ || !_MSC_VER__LT__1300);!DEFINED___LB__DB_WINCE__RB__ && (!DEFINED___LB___MSC_VER__RB__ || !_MSC_VER__LT__1300) && 1 && !_DB_ATOMIC_H_ && HAVE_ATOMIC_SUPPORT && DEFINED___LB__DB_WIN32__RB__;artifact;109;111
src/dbinc/atomic.h;1;!DEFINED___LB__DB_WINCE__RB__ && (!DEFINED___LB___MSC_VER__RB__ || !_MSC_VER__LT__1300);!DEFINED___LB__DB_WINCE__RB__ && (!DEFINED___LB___MSC_VER__RB__ || !_MSC_VER__LT__1300) && 1 && !_DB_ATOMIC_H_ && HAVE_ATOMIC_SUPPORT && DEFINED___LB__DB_WIN32__RB__;endif;112;112
src/dbinc/atomic.h;1;DEFINED___LB__DB_WIN32__RB__;1 && !_DB_ATOMIC_H_ && HAVE_ATOMIC_SUPPORT && DEFINED___LB__DB_WIN32__RB__;artifact;113;116
src/dbinc/atomic.h;1;DEFINED___LB___MSC_VER__RB__ && _MSC_VER__LT__1300;1 && !_DB_ATOMIC_H_ && HAVE_ATOMIC_SUPPORT && DEFINED___LB__DB_WIN32__RB__ && DEFINED___LB___MSC_VER__RB__ && _MSC_VER__LT__1300;if;117;117
src/dbinc/atomic.h;1;DEFINED___LB___MSC_VER__RB__ && _MSC_VER__LT__1300;1 && !_DB_ATOMIC_H_ && HAVE_ATOMIC_SUPPORT && DEFINED___LB__DB_WIN32__RB__ && DEFINED___LB___MSC_VER__RB__ && _MSC_VER__LT__1300;artifact;118;121
src/dbinc/atomic.h;1;!DEFINED___LB___MSC_VER__RB__ || !_MSC_VER__LT__1300;(!DEFINED___LB___MSC_VER__RB__ || !_MSC_VER__LT__1300) && 1 && !_DB_ATOMIC_H_ && HAVE_ATOMIC_SUPPORT && DEFINED___LB__DB_WIN32__RB__;else;122;122
src/dbinc/atomic.h;1;!DEFINED___LB___MSC_VER__RB__ || !_MSC_VER__LT__1300;(!DEFINED___LB___MSC_VER__RB__ || !_MSC_VER__LT__1300) && 1 && !_DB_ATOMIC_H_ && HAVE_ATOMIC_SUPPORT && DEFINED___LB__DB_WIN32__RB__;artifact;123;126
src/dbinc/atomic.h;1;!DEFINED___LB___MSC_VER__RB__ || !_MSC_VER__LT__1300;(!DEFINED___LB___MSC_VER__RB__ || !_MSC_VER__LT__1300) && 1 && !_DB_ATOMIC_H_ && HAVE_ATOMIC_SUPPORT && DEFINED___LB__DB_WIN32__RB__;endif;127;127
src/dbinc/atomic.h;1;DEFINED___LB__DB_WIN32__RB__;1 && !_DB_ATOMIC_H_ && HAVE_ATOMIC_SUPPORT && DEFINED___LB__DB_WIN32__RB__;endif;128;128
src/dbinc/atomic.h;1;HAVE_ATOMIC_SUPPORT;1 && !_DB_ATOMIC_H_ && HAVE_ATOMIC_SUPPORT;artifact;129;129
src/dbinc/atomic.h;1;DEFINED___LB__HAVE_ATOMIC_SOLARIS__RB__;1 && !_DB_ATOMIC_H_ && HAVE_ATOMIC_SUPPORT && DEFINED___LB__HAVE_ATOMIC_SOLARIS__RB__;if;130;130
src/dbinc/atomic.h;1;DEFINED___LB__HAVE_ATOMIC_SOLARIS__RB__;1 && !_DB_ATOMIC_H_ && HAVE_ATOMIC_SUPPORT && DEFINED___LB__HAVE_ATOMIC_SOLARIS__RB__;artifact;131;139
src/dbinc/atomic.h;1;DEFINED___LB__HAVE_ATOMIC_SOLARIS__RB__;1 && !_DB_ATOMIC_H_ && HAVE_ATOMIC_SUPPORT && DEFINED___LB__HAVE_ATOMIC_SOLARIS__RB__;endif;140;140
src/dbinc/atomic.h;1;HAVE_ATOMIC_SUPPORT;1 && !_DB_ATOMIC_H_ && HAVE_ATOMIC_SUPPORT;artifact;141;141
src/dbinc/atomic.h;1;DEFINED___LB__HAVE_ATOMIC_X86_GCC_ASSEMBLY__RB__;1 && !_DB_ATOMIC_H_ && HAVE_ATOMIC_SUPPORT && DEFINED___LB__HAVE_ATOMIC_X86_GCC_ASSEMBLY__RB__;if;142;142
src/dbinc/atomic.h;1;DEFINED___LB__HAVE_ATOMIC_X86_GCC_ASSEMBLY__RB__;1 && !_DB_ATOMIC_H_ && HAVE_ATOMIC_SUPPORT && DEFINED___LB__HAVE_ATOMIC_X86_GCC_ASSEMBLY__RB__;artifact;143;191
src/dbinc/atomic.h;1;DEFINED___LB__HAVE_ATOMIC_X86_GCC_ASSEMBLY__RB__;1 && !_DB_ATOMIC_H_ && HAVE_ATOMIC_SUPPORT && DEFINED___LB__HAVE_ATOMIC_X86_GCC_ASSEMBLY__RB__;endif;192;192
src/dbinc/atomic.h;1;HAVE_ATOMIC_SUPPORT;1 && !_DB_ATOMIC_H_ && HAVE_ATOMIC_SUPPORT;artifact;193;193
src/dbinc/atomic.h;1;!HAVE_ATOMIC_SUPPORT;!HAVE_ATOMIC_SUPPORT && 1 && !_DB_ATOMIC_H_;else;194;194
src/dbinc/atomic.h;1;!HAVE_ATOMIC_SUPPORT;!HAVE_ATOMIC_SUPPORT && 1 && !_DB_ATOMIC_H_;artifact;195;199
src/dbinc/atomic.h;1;!HAVE_MUTEX_SUPPORT;!HAVE_ATOMIC_SUPPORT && 1 && !_DB_ATOMIC_H_ && !HAVE_MUTEX_SUPPORT;if;200;200
src/dbinc/atomic.h;1;!HAVE_MUTEX_SUPPORT;!HAVE_ATOMIC_SUPPORT && 1 && !_DB_ATOMIC_H_ && !HAVE_MUTEX_SUPPORT;artifact;201;209
src/dbinc/atomic.h;1;HAVE_MUTEX_SUPPORT;HAVE_MUTEX_SUPPORT && !HAVE_ATOMIC_SUPPORT && 1 && !_DB_ATOMIC_H_;else;210;210
src/dbinc/atomic.h;1;HAVE_MUTEX_SUPPORT;HAVE_MUTEX_SUPPORT && !HAVE_ATOMIC_SUPPORT && 1 && !_DB_ATOMIC_H_;artifact;211;212
src/dbinc/atomic.h;1;HAVE_MUTEX_SUPPORT;HAVE_MUTEX_SUPPORT && !HAVE_ATOMIC_SUPPORT && 1 && !_DB_ATOMIC_H_;endif;213;213
src/dbinc/atomic.h;1;!HAVE_ATOMIC_SUPPORT;!HAVE_ATOMIC_SUPPORT && 1 && !_DB_ATOMIC_H_;endif;214;214
src/dbinc/atomic.h;1;!_DB_ATOMIC_H_;1 && !_DB_ATOMIC_H_;artifact;215;215
src/dbinc/atomic.h;1;DEFINED___LB____cplusplus__RB__;1 && !_DB_ATOMIC_H_ && DEFINED___LB____cplusplus__RB__;if;216;216
src/dbinc/atomic.h;1;DEFINED___LB____cplusplus__RB__;1 && !_DB_ATOMIC_H_ && DEFINED___LB____cplusplus__RB__;artifact;217;217
src/dbinc/atomic.h;1;DEFINED___LB____cplusplus__RB__;1 && !_DB_ATOMIC_H_ && DEFINED___LB____cplusplus__RB__;endif;218;218
src/dbinc/atomic.h;1;!_DB_ATOMIC_H_;1 && !_DB_ATOMIC_H_;artifact;219;219
src/dbinc/atomic.h;1;!_DB_ATOMIC_H_;1 && !_DB_ATOMIC_H_;endif;220;220
src/dbinc/atomic.h;1;1;1;artifact;221;221
src/dbinc/btree.h;1;1;1;ROOT;1;555
src/dbinc/btree.h;1;1;1;artifact;1;42
src/dbinc/btree.h;1;!_DB_BTREE_H_;1 && !_DB_BTREE_H_;if;43;43
src/dbinc/btree.h;1;!_DB_BTREE_H_;1 && !_DB_BTREE_H_;artifact;44;45
src/dbinc/btree.h;1;DEFINED___LB____cplusplus__RB__;1 && !_DB_BTREE_H_ && DEFINED___LB____cplusplus__RB__;if;46;46
src/dbinc/btree.h;1;DEFINED___LB____cplusplus__RB__;1 && !_DB_BTREE_H_ && DEFINED___LB____cplusplus__RB__;artifact;47;47
src/dbinc/btree.h;1;DEFINED___LB____cplusplus__RB__;1 && !_DB_BTREE_H_ && DEFINED___LB____cplusplus__RB__;endif;48;48
src/dbinc/btree.h;1;!_DB_BTREE_H_;1 && !_DB_BTREE_H_;artifact;49;217
src/dbinc/btree.h;1;BTREE_DEBUG;1 && !_DB_BTREE_H_ && BTREE_DEBUG;if;218;218
src/dbinc/btree.h;1;BTREE_DEBUG;1 && !_DB_BTREE_H_ && BTREE_DEBUG;artifact;219;246
src/dbinc/btree.h;1;!BTREE_DEBUG;!BTREE_DEBUG && 1 && !_DB_BTREE_H_;else;247;247
src/dbinc/btree.h;1;!BTREE_DEBUG;!BTREE_DEBUG && 1 && !_DB_BTREE_H_;artifact;248;273
src/dbinc/btree.h;1;!BTREE_DEBUG;!BTREE_DEBUG && 1 && !_DB_BTREE_H_;endif;274;274
src/dbinc/btree.h;1;!_DB_BTREE_H_;1 && !_DB_BTREE_H_;artifact;275;291
src/dbinc/btree.h;1;HAVE_COMPRESSION;1 && !_DB_BTREE_H_ && HAVE_COMPRESSION;if;292;292
src/dbinc/btree.h;1;HAVE_COMPRESSION;1 && !_DB_BTREE_H_ && HAVE_COMPRESSION;artifact;293;326
src/dbinc/btree.h;1;HAVE_COMPRESSION;1 && !_DB_BTREE_H_ && HAVE_COMPRESSION;endif;327;327
src/dbinc/btree.h;1;!_DB_BTREE_H_;1 && !_DB_BTREE_H_;artifact;328;478
src/dbinc/btree.h;1;HAVE_COMPRESSION;1 && !_DB_BTREE_H_ && HAVE_COMPRESSION;if;479;479
src/dbinc/btree.h;1;HAVE_COMPRESSION;1 && !_DB_BTREE_H_ && HAVE_COMPRESSION;artifact;480;486
src/dbinc/btree.h;1;HAVE_COMPRESSION;1 && !_DB_BTREE_H_ && HAVE_COMPRESSION;endif;487;487
src/dbinc/btree.h;1;!_DB_BTREE_H_;1 && !_DB_BTREE_H_;artifact;488;545
src/dbinc/btree.h;1;DEFINED___LB____cplusplus__RB__;1 && !_DB_BTREE_H_ && DEFINED___LB____cplusplus__RB__;if;546;546
src/dbinc/btree.h;1;DEFINED___LB____cplusplus__RB__;1 && !_DB_BTREE_H_ && DEFINED___LB____cplusplus__RB__;artifact;547;547
src/dbinc/btree.h;1;DEFINED___LB____cplusplus__RB__;1 && !_DB_BTREE_H_ && DEFINED___LB____cplusplus__RB__;endif;548;548
src/dbinc/btree.h;1;!_DB_BTREE_H_;1 && !_DB_BTREE_H_;artifact;549;552
src/dbinc/btree.h;1;!_DB_BTREE_H_;1 && !_DB_BTREE_H_;endif;553;553
src/dbinc/btree.h;1;1;1;artifact;554;554
src/dbinc/clock.h;1;1;1;ROOT;1;133
src/dbinc/clock.h;1;1;1;artifact;1;39
src/dbinc/clock.h;1;!_DB_CLOCK_H_;1 && !_DB_CLOCK_H_;if;40;40
src/dbinc/clock.h;1;!_DB_CLOCK_H_;1 && !_DB_CLOCK_H_;artifact;41;42
src/dbinc/clock.h;1;DEFINED___LB____cplusplus__RB__;1 && !_DB_CLOCK_H_ && DEFINED___LB____cplusplus__RB__;if;43;43
src/dbinc/clock.h;1;DEFINED___LB____cplusplus__RB__;1 && !_DB_CLOCK_H_ && DEFINED___LB____cplusplus__RB__;artifact;44;44
src/dbinc/clock.h;1;DEFINED___LB____cplusplus__RB__;1 && !_DB_CLOCK_H_ && DEFINED___LB____cplusplus__RB__;endif;45;45
src/dbinc/clock.h;1;!_DB_CLOCK_H_;1 && !_DB_CLOCK_H_;artifact;46;56
src/dbinc/clock.h;1;HAVE_MIXED_SIZE_ADDRESSING;1 && !_DB_CLOCK_H_ && HAVE_MIXED_SIZE_ADDRESSING;if;57;57
src/dbinc/clock.h;1;HAVE_MIXED_SIZE_ADDRESSING;1 && !_DB_CLOCK_H_ && HAVE_MIXED_SIZE_ADDRESSING;artifact;58;58
src/dbinc/clock.h;1;!HAVE_MIXED_SIZE_ADDRESSING;!HAVE_MIXED_SIZE_ADDRESSING && 1 && !_DB_CLOCK_H_;else;59;59
src/dbinc/clock.h;1;!HAVE_MIXED_SIZE_ADDRESSING;!HAVE_MIXED_SIZE_ADDRESSING && 1 && !_DB_CLOCK_H_;artifact;60;60
src/dbinc/clock.h;1;!HAVE_MIXED_SIZE_ADDRESSING;!HAVE_MIXED_SIZE_ADDRESSING && 1 && !_DB_CLOCK_H_;endif;61;61
src/dbinc/clock.h;1;!_DB_CLOCK_H_;1 && !_DB_CLOCK_H_;artifact;62;127
src/dbinc/clock.h;1;DEFINED___LB____cplusplus__RB__;1 && !_DB_CLOCK_H_ && DEFINED___LB____cplusplus__RB__;if;128;128
src/dbinc/clock.h;1;DEFINED___LB____cplusplus__RB__;1 && !_DB_CLOCK_H_ && DEFINED___LB____cplusplus__RB__;artifact;129;129
src/dbinc/clock.h;1;DEFINED___LB____cplusplus__RB__;1 && !_DB_CLOCK_H_ && DEFINED___LB____cplusplus__RB__;endif;130;130
src/dbinc/clock.h;1;!_DB_CLOCK_H_;1 && !_DB_CLOCK_H_;endif;131;131
src/dbinc/clock.h;1;1;1;artifact;132;132
src/dbinc/crypto.h;1;1;1;ROOT;1;95
src/dbinc/crypto.h;1;1;1;artifact;1;8
src/dbinc/crypto.h;1;!_DB_CRYPTO_H_;1 && !_DB_CRYPTO_H_;if;9;9
src/dbinc/crypto.h;1;!_DB_CRYPTO_H_;1 && !_DB_CRYPTO_H_;artifact;10;11
src/dbinc/crypto.h;1;DEFINED___LB____cplusplus__RB__;1 && !_DB_CRYPTO_H_ && DEFINED___LB____cplusplus__RB__;if;12;12
src/dbinc/crypto.h;1;DEFINED___LB____cplusplus__RB__;1 && !_DB_CRYPTO_H_ && DEFINED___LB____cplusplus__RB__;artifact;13;13
src/dbinc/crypto.h;1;DEFINED___LB____cplusplus__RB__;1 && !_DB_CRYPTO_H_ && DEFINED___LB____cplusplus__RB__;endif;14;14
src/dbinc/crypto.h;1;!_DB_CRYPTO_H_;1 && !_DB_CRYPTO_H_;artifact;15;15
src/dbinc/crypto.h;1;HAVE_CRYPTO_IPP;1 && !_DB_CRYPTO_H_ && HAVE_CRYPTO_IPP;if;16;16
src/dbinc/crypto.h;1;HAVE_CRYPTO_IPP;1 && !_DB_CRYPTO_H_ && HAVE_CRYPTO_IPP;artifact;17;17
src/dbinc/crypto.h;1;HAVE_CRYPTO_IPP;1 && !_DB_CRYPTO_H_ && HAVE_CRYPTO_IPP;endif;18;18
src/dbinc/crypto.h;1;!_DB_CRYPTO_H_;1 && !_DB_CRYPTO_H_;artifact;19;59
src/dbinc/crypto.h;1;HAVE_CRYPTO;1 && !_DB_CRYPTO_H_ && HAVE_CRYPTO;if;60;60
src/dbinc/crypto.h;1;HAVE_CRYPTO;1 && !_DB_CRYPTO_H_ && HAVE_CRYPTO;artifact;61;77
src/dbinc/crypto.h;1;HAVE_CRYPTO_IPP;1 && !_DB_CRYPTO_H_ && HAVE_CRYPTO && HAVE_CRYPTO_IPP;if;78;78
src/dbinc/crypto.h;1;HAVE_CRYPTO_IPP;1 && !_DB_CRYPTO_H_ && HAVE_CRYPTO && HAVE_CRYPTO_IPP;artifact;79;79
src/dbinc/crypto.h;1;!HAVE_CRYPTO_IPP;!HAVE_CRYPTO_IPP && 1 && !_DB_CRYPTO_H_ && HAVE_CRYPTO;else;80;80
src/dbinc/crypto.h;1;!HAVE_CRYPTO_IPP;!HAVE_CRYPTO_IPP && 1 && !_DB_CRYPTO_H_ && HAVE_CRYPTO;artifact;81;82
src/dbinc/crypto.h;1;!HAVE_CRYPTO_IPP;!HAVE_CRYPTO_IPP && 1 && !_DB_CRYPTO_H_ && HAVE_CRYPTO;endif;83;83
src/dbinc/crypto.h;1;HAVE_CRYPTO;1 && !_DB_CRYPTO_H_ && HAVE_CRYPTO;artifact;84;87
src/dbinc/crypto.h;1;HAVE_CRYPTO;1 && !_DB_CRYPTO_H_ && HAVE_CRYPTO;endif;88;88
src/dbinc/crypto.h;1;!_DB_CRYPTO_H_;1 && !_DB_CRYPTO_H_;artifact;89;89
src/dbinc/crypto.h;1;DEFINED___LB____cplusplus__RB__;1 && !_DB_CRYPTO_H_ && DEFINED___LB____cplusplus__RB__;if;90;90
src/dbinc/crypto.h;1;DEFINED___LB____cplusplus__RB__;1 && !_DB_CRYPTO_H_ && DEFINED___LB____cplusplus__RB__;artifact;91;91
src/dbinc/crypto.h;1;DEFINED___LB____cplusplus__RB__;1 && !_DB_CRYPTO_H_ && DEFINED___LB____cplusplus__RB__;endif;92;92
src/dbinc/crypto.h;1;!_DB_CRYPTO_H_;1 && !_DB_CRYPTO_H_;endif;93;93
src/dbinc/crypto.h;1;1;1;artifact;94;94
src/dbinc/cxx_int.h;1;1;1;ROOT;1;79
src/dbinc/cxx_int.h;1;1;1;artifact;1;8
src/dbinc/cxx_int.h;1;!_DB_CXX_INT_H_;1 && !_DB_CXX_INT_H_;if;9;9
src/dbinc/cxx_int.h;1;!_DB_CXX_INT_H_;1 && !_DB_CXX_INT_H_;artifact;10;76
src/dbinc/cxx_int.h;1;!_DB_CXX_INT_H_;1 && !_DB_CXX_INT_H_;endif;77;77
src/dbinc/cxx_int.h;1;1;1;artifact;78;78
src/dbinc/db_am.h;1;1;1;ROOT;1;329
src/dbinc/db_am.h;1;1;1;artifact;1;7
src/dbinc/db_am.h;1;!_DB_AM_H_;1 && !_DB_AM_H_;if;8;8
src/dbinc/db_am.h;1;!_DB_AM_H_;1 && !_DB_AM_H_;artifact;9;10
src/dbinc/db_am.h;1;DEFINED___LB____cplusplus__RB__;1 && !_DB_AM_H_ && DEFINED___LB____cplusplus__RB__;if;11;11
src/dbinc/db_am.h;1;DEFINED___LB____cplusplus__RB__;1 && !_DB_AM_H_ && DEFINED___LB____cplusplus__RB__;artifact;12;12
src/dbinc/db_am.h;1;DEFINED___LB____cplusplus__RB__;1 && !_DB_AM_H_ && DEFINED___LB____cplusplus__RB__;endif;13;13
src/dbinc/db_am.h;1;!_DB_AM_H_;1 && !_DB_AM_H_;artifact;14;154
src/dbinc/db_am.h;1;DEBUG_RECOVER;1 && !_DB_AM_H_ && DEBUG_RECOVER;if;155;155
src/dbinc/db_am.h;1;DEBUG_RECOVER;1 && !_DB_AM_H_ && DEBUG_RECOVER;artifact;156;157
src/dbinc/db_am.h;1;!DEBUG_RECOVER;!DEBUG_RECOVER && 1 && !_DB_AM_H_;else;158;158
src/dbinc/db_am.h;1;!DEBUG_RECOVER;!DEBUG_RECOVER && 1 && !_DB_AM_H_;artifact;159;159
src/dbinc/db_am.h;1;!DEBUG_RECOVER;!DEBUG_RECOVER && 1 && !_DB_AM_H_;endif;160;160
src/dbinc/db_am.h;1;!_DB_AM_H_;1 && !_DB_AM_H_;artifact;161;208
src/dbinc/db_am.h;1;HAVE_COMPRESSION;1 && !_DB_AM_H_ && HAVE_COMPRESSION;if;209;209
src/dbinc/db_am.h;1;HAVE_COMPRESSION;1 && !_DB_AM_H_ && HAVE_COMPRESSION;artifact;210;214
src/dbinc/db_am.h;1;HAVE_COMPRESSION;1 && !_DB_AM_H_ && HAVE_COMPRESSION;endif;215;215
src/dbinc/db_am.h;1;!_DB_AM_H_;1 && !_DB_AM_H_;artifact;216;228
src/dbinc/db_am.h;1;HAVE_HASH;1 && !_DB_AM_H_ && HAVE_HASH;if;229;229
src/dbinc/db_am.h;1;HAVE_HASH;1 && !_DB_AM_H_ && HAVE_HASH;artifact;230;231
src/dbinc/db_am.h;1;!HAVE_HASH;!HAVE_HASH && 1 && !_DB_AM_H_;else;232;232
src/dbinc/db_am.h;1;!HAVE_HASH;!HAVE_HASH && 1 && !_DB_AM_H_;artifact;233;233
src/dbinc/db_am.h;1;!HAVE_HASH;!HAVE_HASH && 1 && !_DB_AM_H_;endif;234;234
src/dbinc/db_am.h;1;!_DB_AM_H_;1 && !_DB_AM_H_;artifact;235;318
src/dbinc/db_am.h;1;DEFINED___LB____cplusplus__RB__;1 && !_DB_AM_H_ && DEFINED___LB____cplusplus__RB__;if;319;319
src/dbinc/db_am.h;1;DEFINED___LB____cplusplus__RB__;1 && !_DB_AM_H_ && DEFINED___LB____cplusplus__RB__;artifact;320;320
src/dbinc/db_am.h;1;DEFINED___LB____cplusplus__RB__;1 && !_DB_AM_H_ && DEFINED___LB____cplusplus__RB__;endif;321;321
src/dbinc/db_am.h;1;!_DB_AM_H_;1 && !_DB_AM_H_;artifact;322;326
src/dbinc/db_am.h;1;!_DB_AM_H_;1 && !_DB_AM_H_;endif;327;327
src/dbinc/db_am.h;1;1;1;artifact;328;328
src/dbinc/db_dispatch.h;1;1;1;ROOT;1;99
src/dbinc/db_dispatch.h;1;1;1;artifact;1;36
src/dbinc/db_dispatch.h;1;!_DB_DISPATCH_H_;1 && !_DB_DISPATCH_H_;if;37;37
src/dbinc/db_dispatch.h;1;!_DB_DISPATCH_H_;1 && !_DB_DISPATCH_H_;artifact;38;39
src/dbinc/db_dispatch.h;1;DEFINED___LB____cplusplus__RB__;1 && !_DB_DISPATCH_H_ && DEFINED___LB____cplusplus__RB__;if;40;40
src/dbinc/db_dispatch.h;1;DEFINED___LB____cplusplus__RB__;1 && !_DB_DISPATCH_H_ && DEFINED___LB____cplusplus__RB__;artifact;41;41
src/dbinc/db_dispatch.h;1;DEFINED___LB____cplusplus__RB__;1 && !_DB_DISPATCH_H_ && DEFINED___LB____cplusplus__RB__;endif;42;42
src/dbinc/db_dispatch.h;1;!_DB_DISPATCH_H_;1 && !_DB_DISPATCH_H_;artifact;43;92
src/dbinc/db_dispatch.h;1;DEFINED___LB____cplusplus__RB__;1 && !_DB_DISPATCH_H_ && DEFINED___LB____cplusplus__RB__;if;93;93
src/dbinc/db_dispatch.h;1;DEFINED___LB____cplusplus__RB__;1 && !_DB_DISPATCH_H_ && DEFINED___LB____cplusplus__RB__;artifact;94;94
src/dbinc/db_dispatch.h;1;DEFINED___LB____cplusplus__RB__;1 && !_DB_DISPATCH_H_ && DEFINED___LB____cplusplus__RB__;endif;95;95
src/dbinc/db_dispatch.h;1;!_DB_DISPATCH_H_;1 && !_DB_DISPATCH_H_;artifact;96;96
src/dbinc/db_dispatch.h;1;!_DB_DISPATCH_H_;1 && !_DB_DISPATCH_H_;endif;97;97
src/dbinc/db_dispatch.h;1;1;1;artifact;98;98
src/dbinc/db_join.h;1;1;1;ROOT;1;39
src/dbinc/db_join.h;1;1;1;artifact;1;8
src/dbinc/db_join.h;1;!_DB_JOIN_H_;1 && !_DB_JOIN_H_;if;9;9
src/dbinc/db_join.h;1;!_DB_JOIN_H_;1 && !_DB_JOIN_H_;artifact;10;11
src/dbinc/db_join.h;1;DEFINED___LB____cplusplus__RB__;1 && !_DB_JOIN_H_ && DEFINED___LB____cplusplus__RB__;if;12;12
src/dbinc/db_join.h;1;DEFINED___LB____cplusplus__RB__;1 && !_DB_JOIN_H_ && DEFINED___LB____cplusplus__RB__;artifact;13;13
src/dbinc/db_join.h;1;DEFINED___LB____cplusplus__RB__;1 && !_DB_JOIN_H_ && DEFINED___LB____cplusplus__RB__;endif;14;14
src/dbinc/db_join.h;1;!_DB_JOIN_H_;1 && !_DB_JOIN_H_;artifact;15;33
src/dbinc/db_join.h;1;DEFINED___LB____cplusplus__RB__;1 && !_DB_JOIN_H_ && DEFINED___LB____cplusplus__RB__;if;34;34
src/dbinc/db_join.h;1;DEFINED___LB____cplusplus__RB__;1 && !_DB_JOIN_H_ && DEFINED___LB____cplusplus__RB__;artifact;35;35
src/dbinc/db_join.h;1;DEFINED___LB____cplusplus__RB__;1 && !_DB_JOIN_H_ && DEFINED___LB____cplusplus__RB__;endif;36;36
src/dbinc/db_join.h;1;!_DB_JOIN_H_;1 && !_DB_JOIN_H_;endif;37;37
src/dbinc/db_join.h;1;1;1;artifact;38;38
src/dbinc/db_page.h;1;1;1;ROOT;1;843
src/dbinc/db_page.h;1;1;1;artifact;1;8
src/dbinc/db_page.h;1;!_DB_PAGE_H_;1 && !_DB_PAGE_H_;if;9;9
src/dbinc/db_page.h;1;!_DB_PAGE_H_;1 && !_DB_PAGE_H_;artifact;10;11
src/dbinc/db_page.h;1;DEFINED___LB____cplusplus__RB__;1 && !_DB_PAGE_H_ && DEFINED___LB____cplusplus__RB__;if;12;12
src/dbinc/db_page.h;1;DEFINED___LB____cplusplus__RB__;1 && !_DB_PAGE_H_ && DEFINED___LB____cplusplus__RB__;artifact;13;13
src/dbinc/db_page.h;1;DEFINED___LB____cplusplus__RB__;1 && !_DB_PAGE_H_ && DEFINED___LB____cplusplus__RB__;endif;14;14
src/dbinc/db_page.h;1;!_DB_PAGE_H_;1 && !_DB_PAGE_H_;artifact;15;836
src/dbinc/db_page.h;1;DEFINED___LB____cplusplus__RB__;1 && !_DB_PAGE_H_ && DEFINED___LB____cplusplus__RB__;if;837;837
src/dbinc/db_page.h;1;DEFINED___LB____cplusplus__RB__;1 && !_DB_PAGE_H_ && DEFINED___LB____cplusplus__RB__;artifact;838;838
src/dbinc/db_page.h;1;DEFINED___LB____cplusplus__RB__;1 && !_DB_PAGE_H_ && DEFINED___LB____cplusplus__RB__;endif;839;839
src/dbinc/db_page.h;1;!_DB_PAGE_H_;1 && !_DB_PAGE_H_;artifact;840;840
src/dbinc/db_page.h;1;!_DB_PAGE_H_;1 && !_DB_PAGE_H_;endif;841;841
src/dbinc/db_page.h;1;1;1;artifact;842;842
src/dbinc/db_swap.h;1;1;1;ROOT;1;264
src/dbinc/db_swap.h;1;1;1;artifact;1;36
src/dbinc/db_swap.h;1;!_DB_SWAP_H_;1 && !_DB_SWAP_H_;if;37;37
src/dbinc/db_swap.h;1;!_DB_SWAP_H_;1 && !_DB_SWAP_H_;artifact;38;39
src/dbinc/db_swap.h;1;DEFINED___LB____cplusplus__RB__;1 && !_DB_SWAP_H_ && DEFINED___LB____cplusplus__RB__;if;40;40
src/dbinc/db_swap.h;1;DEFINED___LB____cplusplus__RB__;1 && !_DB_SWAP_H_ && DEFINED___LB____cplusplus__RB__;artifact;41;41
src/dbinc/db_swap.h;1;DEFINED___LB____cplusplus__RB__;1 && !_DB_SWAP_H_ && DEFINED___LB____cplusplus__RB__;endif;42;42
src/dbinc/db_swap.h;1;!_DB_SWAP_H_;1 && !_DB_SWAP_H_;artifact;43;257
src/dbinc/db_swap.h;1;DEFINED___LB____cplusplus__RB__;1 && !_DB_SWAP_H_ && DEFINED___LB____cplusplus__RB__;if;258;258
src/dbinc/db_swap.h;1;DEFINED___LB____cplusplus__RB__;1 && !_DB_SWAP_H_ && DEFINED___LB____cplusplus__RB__;artifact;259;259
src/dbinc/db_swap.h;1;DEFINED___LB____cplusplus__RB__;1 && !_DB_SWAP_H_ && DEFINED___LB____cplusplus__RB__;endif;260;260
src/dbinc/db_swap.h;1;!_DB_SWAP_H_;1 && !_DB_SWAP_H_;artifact;261;261
src/dbinc/db_swap.h;1;!_DB_SWAP_H_;1 && !_DB_SWAP_H_;endif;262;262
src/dbinc/db_swap.h;1;1;1;artifact;263;263
src/dbinc/db_upgrade.h;1;1;1;ROOT;1;250
src/dbinc/db_upgrade.h;1;1;1;artifact;1;8
src/dbinc/db_upgrade.h;1;!_DB_UPGRADE_H_;1 && !_DB_UPGRADE_H_;if;9;9
src/dbinc/db_upgrade.h;1;!_DB_UPGRADE_H_;1 && !_DB_UPGRADE_H_;artifact;10;11
src/dbinc/db_upgrade.h;1;DEFINED___LB____cplusplus__RB__;1 && !_DB_UPGRADE_H_ && DEFINED___LB____cplusplus__RB__;if;12;12
src/dbinc/db_upgrade.h;1;DEFINED___LB____cplusplus__RB__;1 && !_DB_UPGRADE_H_ && DEFINED___LB____cplusplus__RB__;artifact;13;13
src/dbinc/db_upgrade.h;1;DEFINED___LB____cplusplus__RB__;1 && !_DB_UPGRADE_H_ && DEFINED___LB____cplusplus__RB__;endif;14;14
src/dbinc/db_upgrade.h;1;!_DB_UPGRADE_H_;1 && !_DB_UPGRADE_H_;artifact;15;244
src/dbinc/db_upgrade.h;1;DEFINED___LB____cplusplus__RB__;1 && !_DB_UPGRADE_H_ && DEFINED___LB____cplusplus__RB__;if;245;245
src/dbinc/db_upgrade.h;1;DEFINED___LB____cplusplus__RB__;1 && !_DB_UPGRADE_H_ && DEFINED___LB____cplusplus__RB__;artifact;246;246
src/dbinc/db_upgrade.h;1;DEFINED___LB____cplusplus__RB__;1 && !_DB_UPGRADE_H_ && DEFINED___LB____cplusplus__RB__;endif;247;247
src/dbinc/db_upgrade.h;1;!_DB_UPGRADE_H_;1 && !_DB_UPGRADE_H_;endif;248;248
src/dbinc/db_upgrade.h;1;1;1;artifact;249;249
src/dbinc/db_verify.h;1;1;1;ROOT;1;212
src/dbinc/db_verify.h;1;1;1;artifact;1;8
src/dbinc/db_verify.h;1;!_DB_VERIFY_H_;1 && !_DB_VERIFY_H_;if;9;9
src/dbinc/db_verify.h;1;!_DB_VERIFY_H_;1 && !_DB_VERIFY_H_;artifact;10;11
src/dbinc/db_verify.h;1;DEFINED___LB____cplusplus__RB__;1 && !_DB_VERIFY_H_ && DEFINED___LB____cplusplus__RB__;if;12;12
src/dbinc/db_verify.h;1;DEFINED___LB____cplusplus__RB__;1 && !_DB_VERIFY_H_ && DEFINED___LB____cplusplus__RB__;artifact;13;13
src/dbinc/db_verify.h;1;DEFINED___LB____cplusplus__RB__;1 && !_DB_VERIFY_H_ && DEFINED___LB____cplusplus__RB__;endif;14;14
src/dbinc/db_verify.h;1;!_DB_VERIFY_H_;1 && !_DB_VERIFY_H_;artifact;15;206
src/dbinc/db_verify.h;1;DEFINED___LB____cplusplus__RB__;1 && !_DB_VERIFY_H_ && DEFINED___LB____cplusplus__RB__;if;207;207
src/dbinc/db_verify.h;1;DEFINED___LB____cplusplus__RB__;1 && !_DB_VERIFY_H_ && DEFINED___LB____cplusplus__RB__;artifact;208;208
src/dbinc/db_verify.h;1;DEFINED___LB____cplusplus__RB__;1 && !_DB_VERIFY_H_ && DEFINED___LB____cplusplus__RB__;endif;209;209
src/dbinc/db_verify.h;1;!_DB_VERIFY_H_;1 && !_DB_VERIFY_H_;endif;210;210
src/dbinc/db_verify.h;1;1;1;artifact;211;211
src/dbinc/debug.h;1;1;1;ROOT;1;285
src/dbinc/debug.h;1;1;1;artifact;1;8
src/dbinc/debug.h;1;!_DB_DEBUG_H_;1 && !_DB_DEBUG_H_;if;9;9
src/dbinc/debug.h;1;!_DB_DEBUG_H_;1 && !_DB_DEBUG_H_;artifact;10;11
src/dbinc/debug.h;1;DEFINED___LB____cplusplus__RB__;1 && !_DB_DEBUG_H_ && DEFINED___LB____cplusplus__RB__;if;12;12
src/dbinc/debug.h;1;DEFINED___LB____cplusplus__RB__;1 && !_DB_DEBUG_H_ && DEFINED___LB____cplusplus__RB__;artifact;13;13
src/dbinc/debug.h;1;DEFINED___LB____cplusplus__RB__;1 && !_DB_DEBUG_H_ && DEFINED___LB____cplusplus__RB__;endif;14;14
src/dbinc/debug.h;1;!_DB_DEBUG_H_;1 && !_DB_DEBUG_H_;artifact;15;18
src/dbinc/debug.h;1;(!DEFINED___LB____GNUC____RB__ || __GNUC____LT__2 || __GNUC____EQ__2) && (!DEFINED___LB____GNUC____RB__ || __GNUC____LT__2 || __GNUC_MINOR____LT__5);1 && !_DB_DEBUG_H_ && (!DEFINED___LB____GNUC____RB__ || __GNUC____LT__2 || __GNUC____EQ__2) && (!DEFINED___LB____GNUC____RB__ || __GNUC____LT__2 || __GNUC_MINOR____LT__5);if;19;19
src/dbinc/debug.h;1;(!DEFINED___LB____GNUC____RB__ || __GNUC____LT__2 || __GNUC____EQ__2) && (!DEFINED___LB____GNUC____RB__ || __GNUC____LT__2 || __GNUC_MINOR____LT__5);1 && !_DB_DEBUG_H_ && (!DEFINED___LB____GNUC____RB__ || __GNUC____LT__2 || __GNUC____EQ__2) && (!DEFINED___LB____GNUC____RB__ || __GNUC____LT__2 || __GNUC_MINOR____LT__5);artifact;20;20
src/dbinc/debug.h;1;(!DEFINED___LB____GNUC____RB__ || __GNUC____LT__2 || __GNUC____EQ__2) && (!DEFINED___LB____GNUC____RB__ || __GNUC____LT__2 || __GNUC_MINOR____LT__5);1 && !_DB_DEBUG_H_ && (!DEFINED___LB____GNUC____RB__ || __GNUC____LT__2 || __GNUC____EQ__2) && (!DEFINED___LB____GNUC____RB__ || __GNUC____LT__2 || __GNUC_MINOR____LT__5);endif;21;21
src/dbinc/debug.h;1;!_DB_DEBUG_H_;1 && !_DB_DEBUG_H_;artifact;22;34
src/dbinc/debug.h;1;DEFINED___LB__DIAGNOSTIC__RB__ && DEFINED___LB____STDC____RB__;1 && !_DB_DEBUG_H_ && DEFINED___LB__DIAGNOSTIC__RB__ && DEFINED___LB____STDC____RB__;if;35;35
src/dbinc/debug.h;1;DEFINED___LB__DIAGNOSTIC__RB__ && DEFINED___LB____STDC____RB__;1 && !_DB_DEBUG_H_ && DEFINED___LB__DIAGNOSTIC__RB__ && DEFINED___LB____STDC____RB__;artifact;36;37
src/dbinc/debug.h;1;!DEFINED___LB__DIAGNOSTIC__RB__ || !DEFINED___LB____STDC____RB__;(!DEFINED___LB__DIAGNOSTIC__RB__ || !DEFINED___LB____STDC____RB__) && 1 && !_DB_DEBUG_H_;else;38;38
src/dbinc/debug.h;1;!DEFINED___LB__DIAGNOSTIC__RB__ || !DEFINED___LB____STDC____RB__;(!DEFINED___LB__DIAGNOSTIC__RB__ || !DEFINED___LB____STDC____RB__) && 1 && !_DB_DEBUG_H_;artifact;39;39
src/dbinc/debug.h;1;!DEFINED___LB__DIAGNOSTIC__RB__ || !DEFINED___LB____STDC____RB__;(!DEFINED___LB__DIAGNOSTIC__RB__ || !DEFINED___LB____STDC____RB__) && 1 && !_DB_DEBUG_H_;endif;40;40
src/dbinc/debug.h;1;!_DB_DEBUG_H_;1 && !_DB_DEBUG_H_;artifact;41;57
src/dbinc/debug.h;1;UMRW;1 && !_DB_DEBUG_H_ && UMRW;if;58;58
src/dbinc/debug.h;1;UMRW;1 && !_DB_DEBUG_H_ && UMRW;artifact;59;59
src/dbinc/debug.h;1;!UMRW;!UMRW && 1 && !_DB_DEBUG_H_;else;60;60
src/dbinc/debug.h;1;!UMRW;!UMRW && 1 && !_DB_DEBUG_H_;artifact;61;61
src/dbinc/debug.h;1;!UMRW;!UMRW && 1 && !_DB_DEBUG_H_;endif;62;62
src/dbinc/debug.h;1;!_DB_DEBUG_H_;1 && !_DB_DEBUG_H_;artifact;63;80
src/dbinc/debug.h;1;DEFINED___LB__STDC_HEADERS__RB__ || DEFINED___LB____cplusplus__RB__;1 && !_DB_DEBUG_H_ && (DEFINED___LB__STDC_HEADERS__RB__ || DEFINED___LB____cplusplus__RB__);if;81;81
src/dbinc/debug.h;1;DEFINED___LB__STDC_HEADERS__RB__ || DEFINED___LB____cplusplus__RB__;1 && !_DB_DEBUG_H_ && (DEFINED___LB__STDC_HEADERS__RB__ || DEFINED___LB____cplusplus__RB__);artifact;82;105
src/dbinc/debug.h;1;!DEFINED___LB__STDC_HEADERS__RB__ && !DEFINED___LB____cplusplus__RB__;!DEFINED___LB__STDC_HEADERS__RB__ && !DEFINED___LB____cplusplus__RB__ && 1 && !_DB_DEBUG_H_;else;106;106
src/dbinc/debug.h;1;!DEFINED___LB__STDC_HEADERS__RB__ && !DEFINED___LB____cplusplus__RB__;!DEFINED___LB__STDC_HEADERS__RB__ && !DEFINED___LB____cplusplus__RB__ && 1 && !_DB_DEBUG_H_;artifact;107;130
src/dbinc/debug.h;1;!DEFINED___LB__STDC_HEADERS__RB__ && !DEFINED___LB____cplusplus__RB__;!DEFINED___LB__STDC_HEADERS__RB__ && !DEFINED___LB____cplusplus__RB__ && 1 && !_DB_DEBUG_H_;endif;131;131
src/dbinc/debug.h;1;DEFINED___LB__STDC_HEADERS__RB__ || DEFINED___LB____cplusplus__RB__;1 && !_DB_DEBUG_H_ && (DEFINED___LB__STDC_HEADERS__RB__ || DEFINED___LB____cplusplus__RB__);if;132;132
src/dbinc/debug.h;1;DEFINED___LB__STDC_HEADERS__RB__ || DEFINED___LB____cplusplus__RB__;1 && !_DB_DEBUG_H_ && (DEFINED___LB__STDC_HEADERS__RB__ || DEFINED___LB____cplusplus__RB__);artifact;133;154
src/dbinc/debug.h;1;!DEFINED___LB__STDC_HEADERS__RB__ && !DEFINED___LB____cplusplus__RB__;!DEFINED___LB__STDC_HEADERS__RB__ && !DEFINED___LB____cplusplus__RB__ && 1 && !_DB_DEBUG_H_;else;155;155
src/dbinc/debug.h;1;!DEFINED___LB__STDC_HEADERS__RB__ && !DEFINED___LB____cplusplus__RB__;!DEFINED___LB__STDC_HEADERS__RB__ && !DEFINED___LB____cplusplus__RB__ && 1 && !_DB_DEBUG_H_;artifact;156;177
src/dbinc/debug.h;1;!DEFINED___LB__STDC_HEADERS__RB__ && !DEFINED___LB____cplusplus__RB__;!DEFINED___LB__STDC_HEADERS__RB__ && !DEFINED___LB____cplusplus__RB__ && 1 && !_DB_DEBUG_H_;endif;178;178
src/dbinc/debug.h;1;!_DB_DEBUG_H_;1 && !_DB_DEBUG_H_;artifact;179;202
src/dbinc/debug.h;1;DEBUG_ROP;1 && !_DB_DEBUG_H_ && DEBUG_ROP;if;203;203
src/dbinc/debug.h;1;DEBUG_ROP;1 && !_DB_DEBUG_H_ && DEBUG_ROP;artifact;204;204
src/dbinc/debug.h;1;!DEBUG_ROP;!DEBUG_ROP && 1 && !_DB_DEBUG_H_;else;205;205
src/dbinc/debug.h;1;!DEBUG_ROP;!DEBUG_ROP && 1 && !_DB_DEBUG_H_;artifact;206;206
src/dbinc/debug.h;1;!DEBUG_ROP;!DEBUG_ROP && 1 && !_DB_DEBUG_H_;endif;207;207
src/dbinc/debug.h;1;DEBUG_WOP;1 && !_DB_DEBUG_H_ && DEBUG_WOP;if;208;208
src/dbinc/debug.h;1;DEBUG_WOP;1 && !_DB_DEBUG_H_ && DEBUG_WOP;artifact;209;209
src/dbinc/debug.h;1;!DEBUG_WOP;!DEBUG_WOP && 1 && !_DB_DEBUG_H_;else;210;210
src/dbinc/debug.h;1;!DEBUG_WOP;!DEBUG_WOP && 1 && !_DB_DEBUG_H_;artifact;211;211
src/dbinc/debug.h;1;!DEBUG_WOP;!DEBUG_WOP && 1 && !_DB_DEBUG_H_;endif;212;212
src/dbinc/debug.h;1;!_DB_DEBUG_H_;1 && !_DB_DEBUG_H_;artifact;213;217
src/dbinc/debug.h;1;CONFIG_TEST;1 && !_DB_DEBUG_H_ && CONFIG_TEST;if;218;218
src/dbinc/debug.h;1;CONFIG_TEST;1 && !_DB_DEBUG_H_ && CONFIG_TEST;artifact;219;270
src/dbinc/debug.h;1;!CONFIG_TEST;!CONFIG_TEST && 1 && !_DB_DEBUG_H_;else;271;271
src/dbinc/debug.h;1;!CONFIG_TEST;!CONFIG_TEST && 1 && !_DB_DEBUG_H_;artifact;272;277
src/dbinc/debug.h;1;!CONFIG_TEST;!CONFIG_TEST && 1 && !_DB_DEBUG_H_;endif;278;278
src/dbinc/debug.h;1;!_DB_DEBUG_H_;1 && !_DB_DEBUG_H_;artifact;279;279
src/dbinc/debug.h;1;DEFINED___LB____cplusplus__RB__;1 && !_DB_DEBUG_H_ && DEFINED___LB____cplusplus__RB__;if;280;280
src/dbinc/debug.h;1;DEFINED___LB____cplusplus__RB__;1 && !_DB_DEBUG_H_ && DEFINED___LB____cplusplus__RB__;artifact;281;281
src/dbinc/debug.h;1;DEFINED___LB____cplusplus__RB__;1 && !_DB_DEBUG_H_ && DEFINED___LB____cplusplus__RB__;endif;282;282
src/dbinc/debug.h;1;!_DB_DEBUG_H_;1 && !_DB_DEBUG_H_;endif;283;283
src/dbinc/debug.h;1;1;1;artifact;284;284
src/dbinc/fop.h;1;1;1;ROOT;1;34
src/dbinc/fop.h;1;1;1;artifact;1;8
src/dbinc/fop.h;1;!_DB_FOP_H_;1 && !_DB_FOP_H_;if;9;9
src/dbinc/fop.h;1;!_DB_FOP_H_;1 && !_DB_FOP_H_;artifact;10;11
src/dbinc/fop.h;1;DEFINED___LB____cplusplus__RB__;1 && !_DB_FOP_H_ && DEFINED___LB____cplusplus__RB__;if;12;12
src/dbinc/fop.h;1;DEFINED___LB____cplusplus__RB__;1 && !_DB_FOP_H_ && DEFINED___LB____cplusplus__RB__;artifact;13;13
src/dbinc/fop.h;1;DEFINED___LB____cplusplus__RB__;1 && !_DB_FOP_H_ && DEFINED___LB____cplusplus__RB__;endif;14;14
src/dbinc/fop.h;1;!_DB_FOP_H_;1 && !_DB_FOP_H_;artifact;15;28
src/dbinc/fop.h;1;DEFINED___LB____cplusplus__RB__;1 && !_DB_FOP_H_ && DEFINED___LB____cplusplus__RB__;if;29;29
src/dbinc/fop.h;1;DEFINED___LB____cplusplus__RB__;1 && !_DB_FOP_H_ && DEFINED___LB____cplusplus__RB__;artifact;30;30
src/dbinc/fop.h;1;DEFINED___LB____cplusplus__RB__;1 && !_DB_FOP_H_ && DEFINED___LB____cplusplus__RB__;endif;31;31
src/dbinc/fop.h;1;!_DB_FOP_H_;1 && !_DB_FOP_H_;endif;32;32
src/dbinc/fop.h;1;1;1;artifact;33;33
src/dbinc/globals.h;1;1;1;ROOT;1;107
src/dbinc/globals.h;1;1;1;artifact;1;8
src/dbinc/globals.h;1;!_DB_GLOBALS_H_;1 && !_DB_GLOBALS_H_;if;9;9
src/dbinc/globals.h;1;!_DB_GLOBALS_H_;1 && !_DB_GLOBALS_H_;artifact;10;11
src/dbinc/globals.h;1;DEFINED___LB____cplusplus__RB__;1 && !_DB_GLOBALS_H_ && DEFINED___LB____cplusplus__RB__;if;12;12
src/dbinc/globals.h;1;DEFINED___LB____cplusplus__RB__;1 && !_DB_GLOBALS_H_ && DEFINED___LB____cplusplus__RB__;artifact;13;13
src/dbinc/globals.h;1;DEFINED___LB____cplusplus__RB__;1 && !_DB_GLOBALS_H_ && DEFINED___LB____cplusplus__RB__;endif;14;14
src/dbinc/globals.h;1;!_DB_GLOBALS_H_;1 && !_DB_GLOBALS_H_;artifact;15;20
src/dbinc/globals.h;1;HAVE_VXWORKS;1 && !_DB_GLOBALS_H_ && HAVE_VXWORKS;if;21;21
src/dbinc/globals.h;1;HAVE_VXWORKS;1 && !_DB_GLOBALS_H_ && HAVE_VXWORKS;artifact;22;22
src/dbinc/globals.h;1;HAVE_VXWORKS;1 && !_DB_GLOBALS_H_ && HAVE_VXWORKS;endif;23;23
src/dbinc/globals.h;1;!_DB_GLOBALS_H_;1 && !_DB_GLOBALS_H_;artifact;24;25
src/dbinc/globals.h;1;HAVE_VXWORKS;1 && !_DB_GLOBALS_H_ && HAVE_VXWORKS;if;26;26
src/dbinc/globals.h;1;HAVE_VXWORKS;1 && !_DB_GLOBALS_H_ && HAVE_VXWORKS;artifact;27;28
src/dbinc/globals.h;1;HAVE_VXWORKS;1 && !_DB_GLOBALS_H_ && HAVE_VXWORKS;endif;29;29
src/dbinc/globals.h;1;DB_WIN32;1 && !_DB_GLOBALS_H_ && DB_WIN32;if;30;30
src/dbinc/globals.h;1;!DB_WINCE;1 && !_DB_GLOBALS_H_ && DB_WIN32 && !DB_WINCE;if;31;31
src/dbinc/globals.h;1;!DB_WINCE;1 && !_DB_GLOBALS_H_ && DB_WIN32 && !DB_WINCE;artifact;32;40
src/dbinc/globals.h;1;!DB_WINCE;1 && !_DB_GLOBALS_H_ && DB_WIN32 && !DB_WINCE;endif;41;41
src/dbinc/globals.h;1;DB_WIN32;1 && !_DB_GLOBALS_H_ && DB_WIN32;artifact;42;42
src/dbinc/globals.h;1;DB_WIN32;1 && !_DB_GLOBALS_H_ && DB_WIN32;endif;43;43
src/dbinc/globals.h;1;!_DB_GLOBALS_H_;1 && !_DB_GLOBALS_H_;artifact;44;101
src/dbinc/globals.h;1;DEFINED___LB____cplusplus__RB__;1 && !_DB_GLOBALS_H_ && DEFINED___LB____cplusplus__RB__;if;102;102
src/dbinc/globals.h;1;DEFINED___LB____cplusplus__RB__;1 && !_DB_GLOBALS_H_ && DEFINED___LB____cplusplus__RB__;artifact;103;103
src/dbinc/globals.h;1;DEFINED___LB____cplusplus__RB__;1 && !_DB_GLOBALS_H_ && DEFINED___LB____cplusplus__RB__;endif;104;104
src/dbinc/globals.h;1;!_DB_GLOBALS_H_;1 && !_DB_GLOBALS_H_;endif;105;105
src/dbinc/globals.h;1;1;1;artifact;106;106
src/dbinc/hash.h;1;1;1;ROOT;1;175
src/dbinc/hash.h;1;1;1;artifact;1;43
src/dbinc/hash.h;1;!_DB_HASH_H_;1 && !_DB_HASH_H_;if;44;44
src/dbinc/hash.h;1;!_DB_HASH_H_;1 && !_DB_HASH_H_;artifact;45;46
src/dbinc/hash.h;1;DEFINED___LB____cplusplus__RB__;1 && !_DB_HASH_H_ && DEFINED___LB____cplusplus__RB__;if;47;47
src/dbinc/hash.h;1;DEFINED___LB____cplusplus__RB__;1 && !_DB_HASH_H_ && DEFINED___LB____cplusplus__RB__;artifact;48;48
src/dbinc/hash.h;1;DEFINED___LB____cplusplus__RB__;1 && !_DB_HASH_H_ && DEFINED___LB____cplusplus__RB__;endif;49;49
src/dbinc/hash.h;1;!_DB_HASH_H_;1 && !_DB_HASH_H_;artifact;50;165
src/dbinc/hash.h;1;DEFINED___LB____cplusplus__RB__;1 && !_DB_HASH_H_ && DEFINED___LB____cplusplus__RB__;if;166;166
src/dbinc/hash.h;1;DEFINED___LB____cplusplus__RB__;1 && !_DB_HASH_H_ && DEFINED___LB____cplusplus__RB__;artifact;167;167
src/dbinc/hash.h;1;DEFINED___LB____cplusplus__RB__;1 && !_DB_HASH_H_ && DEFINED___LB____cplusplus__RB__;endif;168;168
src/dbinc/hash.h;1;!_DB_HASH_H_;1 && !_DB_HASH_H_;artifact;169;172
src/dbinc/hash.h;1;!_DB_HASH_H_;1 && !_DB_HASH_H_;endif;173;173
src/dbinc/hash.h;1;1;1;artifact;174;174
src/dbinc/heap.h;1;1;1;ROOT;1;61
src/dbinc/heap.h;1;1;1;artifact;1;6
src/dbinc/heap.h;1;!_DB_HEAP_H_;1 && !_DB_HEAP_H_;if;7;7
src/dbinc/heap.h;1;!_DB_HEAP_H_;1 && !_DB_HEAP_H_;artifact;8;9
src/dbinc/heap.h;1;DEFINED___LB____cplusplus__RB__;1 && !_DB_HEAP_H_ && DEFINED___LB____cplusplus__RB__;if;10;10
src/dbinc/heap.h;1;DEFINED___LB____cplusplus__RB__;1 && !_DB_HEAP_H_ && DEFINED___LB____cplusplus__RB__;artifact;11;11
src/dbinc/heap.h;1;DEFINED___LB____cplusplus__RB__;1 && !_DB_HEAP_H_ && DEFINED___LB____cplusplus__RB__;endif;12;12
src/dbinc/heap.h;1;!_DB_HEAP_H_;1 && !_DB_HEAP_H_;artifact;13;49
src/dbinc/heap.h;1;DEFINED___LB____cplusplus__RB__;1 && !_DB_HEAP_H_ && DEFINED___LB____cplusplus__RB__;if;50;50
src/dbinc/heap.h;1;DEFINED___LB____cplusplus__RB__;1 && !_DB_HEAP_H_ && DEFINED___LB____cplusplus__RB__;artifact;51;51
src/dbinc/heap.h;1;DEFINED___LB____cplusplus__RB__;1 && !_DB_HEAP_H_ && DEFINED___LB____cplusplus__RB__;endif;52;52
src/dbinc/heap.h;1;!_DB_HEAP_H_;1 && !_DB_HEAP_H_;artifact;53;56
src/dbinc/heap.h;1;!_DB_HEAP_H_;1 && !_DB_HEAP_H_;endif;57;57
src/dbinc/heap.h;1;1;1;artifact;58;60
src/dbinc/hmac.h;1;1;1;ROOT;1;41
src/dbinc/hmac.h;1;1;1;artifact;1;8
src/dbinc/hmac.h;1;!_DB_HMAC_H_;1 && !_DB_HMAC_H_;if;9;9
src/dbinc/hmac.h;1;!_DB_HMAC_H_;1 && !_DB_HMAC_H_;artifact;10;11
src/dbinc/hmac.h;1;DEFINED___LB____cplusplus__RB__;1 && !_DB_HMAC_H_ && DEFINED___LB____cplusplus__RB__;if;12;12
src/dbinc/hmac.h;1;DEFINED___LB____cplusplus__RB__;1 && !_DB_HMAC_H_ && DEFINED___LB____cplusplus__RB__;artifact;13;13
src/dbinc/hmac.h;1;DEFINED___LB____cplusplus__RB__;1 && !_DB_HMAC_H_ && DEFINED___LB____cplusplus__RB__;endif;14;14
src/dbinc/hmac.h;1;!_DB_HMAC_H_;1 && !_DB_HMAC_H_;artifact;15;33
src/dbinc/hmac.h;1;DEFINED___LB____cplusplus__RB__;1 && !_DB_HMAC_H_ && DEFINED___LB____cplusplus__RB__;if;34;34
src/dbinc/hmac.h;1;DEFINED___LB____cplusplus__RB__;1 && !_DB_HMAC_H_ && DEFINED___LB____cplusplus__RB__;artifact;35;35
src/dbinc/hmac.h;1;DEFINED___LB____cplusplus__RB__;1 && !_DB_HMAC_H_ && DEFINED___LB____cplusplus__RB__;endif;36;36
src/dbinc/hmac.h;1;!_DB_HMAC_H_;1 && !_DB_HMAC_H_;artifact;37;38
src/dbinc/hmac.h;1;!_DB_HMAC_H_;1 && !_DB_HMAC_H_;endif;39;39
src/dbinc/hmac.h;1;1;1;artifact;40;40
src/dbinc/lock.h;1;1;1;ROOT;1;328
src/dbinc/lock.h;1;1;1;artifact;1;8
src/dbinc/lock.h;1;!_DB_LOCK_H_;1 && !_DB_LOCK_H_;if;9;9
src/dbinc/lock.h;1;!_DB_LOCK_H_;1 && !_DB_LOCK_H_;artifact;10;11
src/dbinc/lock.h;1;DEFINED___LB____cplusplus__RB__;1 && !_DB_LOCK_H_ && DEFINED___LB____cplusplus__RB__;if;12;12
src/dbinc/lock.h;1;DEFINED___LB____cplusplus__RB__;1 && !_DB_LOCK_H_ && DEFINED___LB____cplusplus__RB__;artifact;13;13
src/dbinc/lock.h;1;DEFINED___LB____cplusplus__RB__;1 && !_DB_LOCK_H_ && DEFINED___LB____cplusplus__RB__;endif;14;14
src/dbinc/lock.h;1;!_DB_LOCK_H_;1 && !_DB_LOCK_H_;artifact;15;184
src/dbinc/lock.h;1;HAVE_STATISTICS;1 && !_DB_LOCK_H_ && HAVE_STATISTICS;if;185;185
src/dbinc/lock.h;1;HAVE_STATISTICS;1 && !_DB_LOCK_H_ && HAVE_STATISTICS;artifact;186;186
src/dbinc/lock.h;1;HAVE_STATISTICS;1 && !_DB_LOCK_H_ && HAVE_STATISTICS;endif;187;187
src/dbinc/lock.h;1;!_DB_LOCK_H_;1 && !_DB_LOCK_H_;artifact;188;202
src/dbinc/lock.h;1;HAVE_STATISTICS;1 && !_DB_LOCK_H_ && HAVE_STATISTICS;if;203;203
src/dbinc/lock.h;1;HAVE_STATISTICS;1 && !_DB_LOCK_H_ && HAVE_STATISTICS;artifact;204;204
src/dbinc/lock.h;1;HAVE_STATISTICS;1 && !_DB_LOCK_H_ && HAVE_STATISTICS;endif;205;205
src/dbinc/lock.h;1;!_DB_LOCK_H_;1 && !_DB_LOCK_H_;artifact;206;320
src/dbinc/lock.h;1;DEFINED___LB____cplusplus__RB__;1 && !_DB_LOCK_H_ && DEFINED___LB____cplusplus__RB__;if;321;321
src/dbinc/lock.h;1;DEFINED___LB____cplusplus__RB__;1 && !_DB_LOCK_H_ && DEFINED___LB____cplusplus__RB__;artifact;322;322
src/dbinc/lock.h;1;DEFINED___LB____cplusplus__RB__;1 && !_DB_LOCK_H_ && DEFINED___LB____cplusplus__RB__;endif;323;323
src/dbinc/lock.h;1;!_DB_LOCK_H_;1 && !_DB_LOCK_H_;artifact;324;325
src/dbinc/lock.h;1;!_DB_LOCK_H_;1 && !_DB_LOCK_H_;endif;326;326
src/dbinc/lock.h;1;1;1;artifact;327;327
src/dbinc/log.h;1;1;1;ROOT;1;465
src/dbinc/log.h;1;1;1;artifact;1;8
src/dbinc/log.h;1;!_DB_LOG_H_;1 && !_DB_LOG_H_;if;9;9
src/dbinc/log.h;1;!_DB_LOG_H_;1 && !_DB_LOG_H_;artifact;10;13
src/dbinc/log.h;1;DEFINED___LB____cplusplus__RB__;1 && !_DB_LOG_H_ && DEFINED___LB____cplusplus__RB__;if;14;14
src/dbinc/log.h;1;DEFINED___LB____cplusplus__RB__;1 && !_DB_LOG_H_ && DEFINED___LB____cplusplus__RB__;artifact;15;15
src/dbinc/log.h;1;DEFINED___LB____cplusplus__RB__;1 && !_DB_LOG_H_ && DEFINED___LB____cplusplus__RB__;endif;16;16
src/dbinc/log.h;1;!_DB_LOG_H_;1 && !_DB_LOG_H_;artifact;17;455
src/dbinc/log.h;1;DEFINED___LB____cplusplus__RB__;1 && !_DB_LOG_H_ && DEFINED___LB____cplusplus__RB__;if;456;456
src/dbinc/log.h;1;DEFINED___LB____cplusplus__RB__;1 && !_DB_LOG_H_ && DEFINED___LB____cplusplus__RB__;artifact;457;457
src/dbinc/log.h;1;DEFINED___LB____cplusplus__RB__;1 && !_DB_LOG_H_ && DEFINED___LB____cplusplus__RB__;endif;458;458
src/dbinc/log.h;1;!_DB_LOG_H_;1 && !_DB_LOG_H_;artifact;459;462
src/dbinc/log.h;1;!_DB_LOG_H_;1 && !_DB_LOG_H_;endif;463;463
src/dbinc/log.h;1;1;1;artifact;464;464
src/dbinc/log_verify.h;1;1;1;ROOT;1;209
src/dbinc/log_verify.h;1;1;1;artifact;1;7
src/dbinc/log_verify.h;1;!_DB_LOG_VERIFY_H_;1 && !_DB_LOG_VERIFY_H_;if;8;8
src/dbinc/log_verify.h;1;!_DB_LOG_VERIFY_H_;1 && !_DB_LOG_VERIFY_H_;artifact;9;206
src/dbinc/log_verify.h;1;!_DB_LOG_VERIFY_H_;1 && !_DB_LOG_VERIFY_H_;endif;207;207
src/dbinc/log_verify.h;1;1;1;artifact;208;208
src/dbinc/mp.h;1;1;1;ROOT;1;702
src/dbinc/mp.h;1;1;1;artifact;1;8
src/dbinc/mp.h;1;!_DB_MP_H_;1 && !_DB_MP_H_;if;9;9
src/dbinc/mp.h;1;!_DB_MP_H_;1 && !_DB_MP_H_;artifact;10;13
src/dbinc/mp.h;1;DEFINED___LB____cplusplus__RB__;1 && !_DB_MP_H_ && DEFINED___LB____cplusplus__RB__;if;14;14
src/dbinc/mp.h;1;DEFINED___LB____cplusplus__RB__;1 && !_DB_MP_H_ && DEFINED___LB____cplusplus__RB__;artifact;15;15
src/dbinc/mp.h;1;DEFINED___LB____cplusplus__RB__;1 && !_DB_MP_H_ && DEFINED___LB____cplusplus__RB__;endif;16;16
src/dbinc/mp.h;1;!_DB_MP_H_;1 && !_DB_MP_H_;artifact;17;337
src/dbinc/mp.h;1;!__TEST_DB_NO_STATISTICS;1 && !_DB_MP_H_ && !__TEST_DB_NO_STATISTICS;if;338;338
src/dbinc/mp.h;1;!__TEST_DB_NO_STATISTICS;1 && !_DB_MP_H_ && !__TEST_DB_NO_STATISTICS;artifact;339;342
src/dbinc/mp.h;1;!__TEST_DB_NO_STATISTICS;1 && !_DB_MP_H_ && !__TEST_DB_NO_STATISTICS;endif;343;343
src/dbinc/mp.h;1;!_DB_MP_H_;1 && !_DB_MP_H_;artifact;344;357
src/dbinc/mp.h;1;!__TEST_DB_NO_STATISTICS;1 && !_DB_MP_H_ && !__TEST_DB_NO_STATISTICS;if;358;358
src/dbinc/mp.h;1;!__TEST_DB_NO_STATISTICS;1 && !_DB_MP_H_ && !__TEST_DB_NO_STATISTICS;artifact;359;365
src/dbinc/mp.h;1;!__TEST_DB_NO_STATISTICS;1 && !_DB_MP_H_ && !__TEST_DB_NO_STATISTICS;endif;366;366
src/dbinc/mp.h;1;!_DB_MP_H_;1 && !_DB_MP_H_;artifact;367;397
src/dbinc/mp.h;1;!HAVE_ATOMICFILEREAD;1 && !_DB_MP_H_ && !HAVE_ATOMICFILEREAD;if;398;398
src/dbinc/mp.h;1;!HAVE_ATOMICFILEREAD;1 && !_DB_MP_H_ && !HAVE_ATOMICFILEREAD;artifact;399;405
src/dbinc/mp.h;1;!HAVE_ATOMICFILEREAD;1 && !_DB_MP_H_ && !HAVE_ATOMICFILEREAD;endif;406;406
src/dbinc/mp.h;1;!_DB_MP_H_;1 && !_DB_MP_H_;artifact;407;564
src/dbinc/mp.h;1;DIAG_MVCC;1 && !_DB_MP_H_ && DIAG_MVCC;if;565;565
src/dbinc/mp.h;1;DIAG_MVCC;1 && !_DB_MP_H_ && DIAG_MVCC;artifact;566;566
src/dbinc/mp.h;1;DIAG_MVCC;1 && !_DB_MP_H_ && DIAG_MVCC;endif;567;567
src/dbinc/mp.h;1;!_DB_MP_H_;1 && !_DB_MP_H_;artifact;568;637
src/dbinc/mp.h;1;DEFINED___LB__DIAG_MVCC__RB__ && DEFINED___LB__HAVE_MPROTECT__RB__;1 && !_DB_MP_H_ && DEFINED___LB__DIAG_MVCC__RB__ && DEFINED___LB__HAVE_MPROTECT__RB__;if;638;638
src/dbinc/mp.h;1;DEFINED___LB__DIAG_MVCC__RB__ && DEFINED___LB__HAVE_MPROTECT__RB__;1 && !_DB_MP_H_ && DEFINED___LB__DIAG_MVCC__RB__ && DEFINED___LB__HAVE_MPROTECT__RB__;artifact;639;667
src/dbinc/mp.h;1;linux;1 && !_DB_MP_H_ && DEFINED___LB__DIAG_MVCC__RB__ && DEFINED___LB__HAVE_MPROTECT__RB__ && linux;if;668;668
src/dbinc/mp.h;1;linux;1 && !_DB_MP_H_ && DEFINED___LB__DIAG_MVCC__RB__ && DEFINED___LB__HAVE_MPROTECT__RB__ && linux;artifact;669;672
src/dbinc/mp.h;1;!linux;!linux && 1 && !_DB_MP_H_ && DEFINED___LB__DIAG_MVCC__RB__ && DEFINED___LB__HAVE_MPROTECT__RB__;else;673;673
src/dbinc/mp.h;1;!linux;!linux && 1 && !_DB_MP_H_ && DEFINED___LB__DIAG_MVCC__RB__ && DEFINED___LB__HAVE_MPROTECT__RB__;artifact;674;679
src/dbinc/mp.h;1;!linux;!linux && 1 && !_DB_MP_H_ && DEFINED___LB__DIAG_MVCC__RB__ && DEFINED___LB__HAVE_MPROTECT__RB__;endif;680;680
src/dbinc/mp.h;1;DEFINED___LB__DIAG_MVCC__RB__ && DEFINED___LB__HAVE_MPROTECT__RB__;1 && !_DB_MP_H_ && DEFINED___LB__DIAG_MVCC__RB__ && DEFINED___LB__HAVE_MPROTECT__RB__;artifact;681;681
src/dbinc/mp.h;1;!DEFINED___LB__DIAG_MVCC__RB__ || !DEFINED___LB__HAVE_MPROTECT__RB__;(!DEFINED___LB__DIAG_MVCC__RB__ || !DEFINED___LB__HAVE_MPROTECT__RB__) && 1 && !_DB_MP_H_;else;682;682
src/dbinc/mp.h;1;!DEFINED___LB__DIAG_MVCC__RB__ || !DEFINED___LB__HAVE_MPROTECT__RB__;(!DEFINED___LB__DIAG_MVCC__RB__ || !DEFINED___LB__HAVE_MPROTECT__RB__) && 1 && !_DB_MP_H_;artifact;683;686
src/dbinc/mp.h;1;!DEFINED___LB__DIAG_MVCC__RB__ || !DEFINED___LB__HAVE_MPROTECT__RB__;(!DEFINED___LB__DIAG_MVCC__RB__ || !DEFINED___LB__HAVE_MPROTECT__RB__) && 1 && !_DB_MP_H_;endif;687;687
src/dbinc/mp.h;1;!_DB_MP_H_;1 && !_DB_MP_H_;artifact;688;694
src/dbinc/mp.h;1;DEFINED___LB____cplusplus__RB__;1 && !_DB_MP_H_ && DEFINED___LB____cplusplus__RB__;if;695;695
src/dbinc/mp.h;1;DEFINED___LB____cplusplus__RB__;1 && !_DB_MP_H_ && DEFINED___LB____cplusplus__RB__;artifact;696;696
src/dbinc/mp.h;1;DEFINED___LB____cplusplus__RB__;1 && !_DB_MP_H_ && DEFINED___LB____cplusplus__RB__;endif;697;697
src/dbinc/mp.h;1;!_DB_MP_H_;1 && !_DB_MP_H_;artifact;698;699
src/dbinc/mp.h;1;!_DB_MP_H_;1 && !_DB_MP_H_;endif;700;700
src/dbinc/mp.h;1;1;1;artifact;701;701
src/dbinc/mutex.h;1;1;1;ROOT;1;307
src/dbinc/mutex.h;1;1;1;artifact;1;8
src/dbinc/mutex.h;1;!_DB_MUTEX_H_;1 && !_DB_MUTEX_H_;if;9;9
src/dbinc/mutex.h;1;!_DB_MUTEX_H_;1 && !_DB_MUTEX_H_;artifact;10;11
src/dbinc/mutex.h;1;HAVE_MUTEX_SUPPORT;1 && !_DB_MUTEX_H_ && HAVE_MUTEX_SUPPORT;if;12;12
src/dbinc/mutex.h;1;HAVE_MUTEX_SUPPORT;1 && !_DB_MUTEX_H_ && HAVE_MUTEX_SUPPORT;artifact;13;16
src/dbinc/mutex.h;1;!HAVE_SHARED_LATCHES;1 && !_DB_MUTEX_H_ && HAVE_MUTEX_SUPPORT && !HAVE_SHARED_LATCHES;if;17;17
src/dbinc/mutex.h;1;!HAVE_SHARED_LATCHES;1 && !_DB_MUTEX_H_ && HAVE_MUTEX_SUPPORT && !HAVE_SHARED_LATCHES;artifact;18;18
src/dbinc/mutex.h;1;!HAVE_SHARED_LATCHES;1 && !_DB_MUTEX_H_ && HAVE_MUTEX_SUPPORT && !HAVE_SHARED_LATCHES;endif;19;19
src/dbinc/mutex.h;1;HAVE_MUTEX_SUPPORT;1 && !_DB_MUTEX_H_ && HAVE_MUTEX_SUPPORT;endif;20;20
src/dbinc/mutex.h;1;!_DB_MUTEX_H_;1 && !_DB_MUTEX_H_;artifact;21;21
src/dbinc/mutex.h;1;DEFINED___LB____cplusplus__RB__;1 && !_DB_MUTEX_H_ && DEFINED___LB____cplusplus__RB__;if;22;22
src/dbinc/mutex.h;1;DEFINED___LB____cplusplus__RB__;1 && !_DB_MUTEX_H_ && DEFINED___LB____cplusplus__RB__;artifact;23;23
src/dbinc/mutex.h;1;DEFINED___LB____cplusplus__RB__;1 && !_DB_MUTEX_H_ && DEFINED___LB____cplusplus__RB__;endif;24;24
src/dbinc/mutex.h;1;!_DB_MUTEX_H_;1 && !_DB_MUTEX_H_;artifact;25;91
src/dbinc/mutex.h;1;!DEFINED___LB__HAVE_MUTEX_HYBRID__RB__ && (DEFINED___LB__HAVE_MUTEX_PTHREADS__RB__ || DEFINED___LB__HAVE_MUTEX_SOLARIS_LWP__RB__ || DEFINED___LB__HAVE_MUTEX_UI_THREADS__RB__);1 && !_DB_MUTEX_H_ && !DEFINED___LB__HAVE_MUTEX_HYBRID__RB__ && (DEFINED___LB__HAVE_MUTEX_PTHREADS__RB__ || DEFINED___LB__HAVE_MUTEX_SOLARIS_LWP__RB__ || DEFINED___LB__HAVE_MUTEX_UI_THREADS__RB__);if;92;95
src/dbinc/mutex.h;1;!DEFINED___LB__HAVE_MUTEX_HYBRID__RB__ && (DEFINED___LB__HAVE_MUTEX_PTHREADS__RB__ || DEFINED___LB__HAVE_MUTEX_SOLARIS_LWP__RB__ || DEFINED___LB__HAVE_MUTEX_UI_THREADS__RB__);1 && !_DB_MUTEX_H_ && !DEFINED___LB__HAVE_MUTEX_HYBRID__RB__ && (DEFINED___LB__HAVE_MUTEX_PTHREADS__RB__ || DEFINED___LB__HAVE_MUTEX_SOLARIS_LWP__RB__ || DEFINED___LB__HAVE_MUTEX_UI_THREADS__RB__);artifact;96;114
src/dbinc/mutex.h;1;HAVE_SHARED_LATCHES;1 && !_DB_MUTEX_H_ && !DEFINED___LB__HAVE_MUTEX_HYBRID__RB__ && (DEFINED___LB__HAVE_MUTEX_PTHREADS__RB__ || DEFINED___LB__HAVE_MUTEX_SOLARIS_LWP__RB__ || DEFINED___LB__HAVE_MUTEX_UI_THREADS__RB__) && HAVE_SHARED_LATCHES;if;115;115
src/dbinc/mutex.h;1;HAVE_SHARED_LATCHES;1 && !_DB_MUTEX_H_ && !DEFINED___LB__HAVE_MUTEX_HYBRID__RB__ && (DEFINED___LB__HAVE_MUTEX_PTHREADS__RB__ || DEFINED___LB__HAVE_MUTEX_SOLARIS_LWP__RB__ || DEFINED___LB__HAVE_MUTEX_UI_THREADS__RB__) && HAVE_SHARED_LATCHES;artifact;116;118
src/dbinc/mutex.h;1;HAVE_SHARED_LATCHES;1 && !_DB_MUTEX_H_ && !DEFINED___LB__HAVE_MUTEX_HYBRID__RB__ && (DEFINED___LB__HAVE_MUTEX_PTHREADS__RB__ || DEFINED___LB__HAVE_MUTEX_SOLARIS_LWP__RB__ || DEFINED___LB__HAVE_MUTEX_UI_THREADS__RB__) && HAVE_SHARED_LATCHES;endif;119;119
src/dbinc/mutex.h;1;!DEFINED___LB__HAVE_MUTEX_HYBRID__RB__ && (DEFINED___LB__HAVE_MUTEX_PTHREADS__RB__ || DEFINED___LB__HAVE_MUTEX_SOLARIS_LWP__RB__ || DEFINED___LB__HAVE_MUTEX_UI_THREADS__RB__);1 && !_DB_MUTEX_H_ && !DEFINED___LB__HAVE_MUTEX_HYBRID__RB__ && (DEFINED___LB__HAVE_MUTEX_PTHREADS__RB__ || DEFINED___LB__HAVE_MUTEX_SOLARIS_LWP__RB__ || DEFINED___LB__HAVE_MUTEX_UI_THREADS__RB__);artifact;120;130
src/dbinc/mutex.h;1;HAVE_SHARED_LATCHES;1 && !_DB_MUTEX_H_ && !DEFINED___LB__HAVE_MUTEX_HYBRID__RB__ && (DEFINED___LB__HAVE_MUTEX_PTHREADS__RB__ || DEFINED___LB__HAVE_MUTEX_SOLARIS_LWP__RB__ || DEFINED___LB__HAVE_MUTEX_UI_THREADS__RB__) && HAVE_SHARED_LATCHES;if;131;131
src/dbinc/mutex.h;1;HAVE_SHARED_LATCHES;1 && !_DB_MUTEX_H_ && !DEFINED___LB__HAVE_MUTEX_HYBRID__RB__ && (DEFINED___LB__HAVE_MUTEX_PTHREADS__RB__ || DEFINED___LB__HAVE_MUTEX_SOLARIS_LWP__RB__ || DEFINED___LB__HAVE_MUTEX_UI_THREADS__RB__) && HAVE_SHARED_LATCHES;artifact;132;146
src/dbinc/mutex.h;1;HAVE_STATISTICS;1 && !_DB_MUTEX_H_ && !DEFINED___LB__HAVE_MUTEX_HYBRID__RB__ && (DEFINED___LB__HAVE_MUTEX_PTHREADS__RB__ || DEFINED___LB__HAVE_MUTEX_SOLARIS_LWP__RB__ || DEFINED___LB__HAVE_MUTEX_UI_THREADS__RB__) && HAVE_SHARED_LATCHES && HAVE_STATISTICS;if;147;147
src/dbinc/mutex.h;1;HAVE_STATISTICS;1 && !_DB_MUTEX_H_ && !DEFINED___LB__HAVE_MUTEX_HYBRID__RB__ && (DEFINED___LB__HAVE_MUTEX_PTHREADS__RB__ || DEFINED___LB__HAVE_MUTEX_SOLARIS_LWP__RB__ || DEFINED___LB__HAVE_MUTEX_UI_THREADS__RB__) && HAVE_SHARED_LATCHES && HAVE_STATISTICS;artifact;148;150
src/dbinc/mutex.h;1;HAVE_STATISTICS;1 && !_DB_MUTEX_H_ && !DEFINED___LB__HAVE_MUTEX_HYBRID__RB__ && (DEFINED___LB__HAVE_MUTEX_PTHREADS__RB__ || DEFINED___LB__HAVE_MUTEX_SOLARIS_LWP__RB__ || DEFINED___LB__HAVE_MUTEX_UI_THREADS__RB__) && HAVE_SHARED_LATCHES && HAVE_STATISTICS;endif;151;151
src/dbinc/mutex.h;1;HAVE_SHARED_LATCHES;1 && !_DB_MUTEX_H_ && !DEFINED___LB__HAVE_MUTEX_HYBRID__RB__ && (DEFINED___LB__HAVE_MUTEX_PTHREADS__RB__ || DEFINED___LB__HAVE_MUTEX_SOLARIS_LWP__RB__ || DEFINED___LB__HAVE_MUTEX_UI_THREADS__RB__) && HAVE_SHARED_LATCHES;artifact;152;153
src/dbinc/mutex.h;1;HAVE_SHARED_LATCHES;1 && !_DB_MUTEX_H_ && !DEFINED___LB__HAVE_MUTEX_HYBRID__RB__ && (DEFINED___LB__HAVE_MUTEX_PTHREADS__RB__ || DEFINED___LB__HAVE_MUTEX_SOLARIS_LWP__RB__ || DEFINED___LB__HAVE_MUTEX_UI_THREADS__RB__) && HAVE_SHARED_LATCHES;endif;154;154
src/dbinc/mutex.h;1;(DEFINED___LB__HAVE_MUTEX_WIN32__RB__ || DEFINED___LB__HAVE_MUTEX_WIN32_GCC__RB__) && (DEFINED___LB__HAVE_MUTEX_HYBRID__RB__ || !DEFINED___LB__HAVE_MUTEX_PTHREADS__RB__) && (DEFINED___LB__HAVE_MUTEX_HYBRID__RB__ || !DEFINED___LB__HAVE_MUTEX_SOLARIS_LWP__RB__) && (DEFINED___LB__HAVE_MUTEX_HYBRID__RB__ || !DEFINED___LB__HAVE_MUTEX_UI_THREADS__RB__);(DEFINED___LB__HAVE_MUTEX_WIN32__RB__ || DEFINED___LB__HAVE_MUTEX_WIN32_GCC__RB__) && (DEFINED___LB__HAVE_MUTEX_HYBRID__RB__ || !DEFINED___LB__HAVE_MUTEX_PTHREADS__RB__) && (DEFINED___LB__HAVE_MUTEX_HYBRID__RB__ || !DEFINED___LB__HAVE_MUTEX_SOLARIS_LWP__RB__) && (DEFINED___LB__HAVE_MUTEX_HYBRID__RB__ || !DEFINED___LB__HAVE_MUTEX_UI_THREADS__RB__) && 1 && !_DB_MUTEX_H_;elif;155;155
src/dbinc/mutex.h;1;(DEFINED___LB__HAVE_MUTEX_WIN32__RB__ || DEFINED___LB__HAVE_MUTEX_WIN32_GCC__RB__) && (DEFINED___LB__HAVE_MUTEX_HYBRID__RB__ || !DEFINED___LB__HAVE_MUTEX_PTHREADS__RB__) && (DEFINED___LB__HAVE_MUTEX_HYBRID__RB__ || !DEFINED___LB__HAVE_MUTEX_SOLARIS_LWP__RB__) && (DEFINED___LB__HAVE_MUTEX_HYBRID__RB__ || !DEFINED___LB__HAVE_MUTEX_UI_THREADS__RB__);(DEFINED___LB__HAVE_MUTEX_WIN32__RB__ || DEFINED___LB__HAVE_MUTEX_WIN32_GCC__RB__) && (DEFINED___LB__HAVE_MUTEX_HYBRID__RB__ || !DEFINED___LB__HAVE_MUTEX_PTHREADS__RB__) && (DEFINED___LB__HAVE_MUTEX_HYBRID__RB__ || !DEFINED___LB__HAVE_MUTEX_SOLARIS_LWP__RB__) && (DEFINED___LB__HAVE_MUTEX_HYBRID__RB__ || !DEFINED___LB__HAVE_MUTEX_UI_THREADS__RB__) && 1 && !_DB_MUTEX_H_;artifact;156;161
src/dbinc/mutex.h;1;HAVE_SHARED_LATCHES;(DEFINED___LB__HAVE_MUTEX_WIN32__RB__ || DEFINED___LB__HAVE_MUTEX_WIN32_GCC__RB__) && (DEFINED___LB__HAVE_MUTEX_HYBRID__RB__ || !DEFINED___LB__HAVE_MUTEX_PTHREADS__RB__) && (DEFINED___LB__HAVE_MUTEX_HYBRID__RB__ || !DEFINED___LB__HAVE_MUTEX_SOLARIS_LWP__RB__) && (DEFINED___LB__HAVE_MUTEX_HYBRID__RB__ || !DEFINED___LB__HAVE_MUTEX_UI_THREADS__RB__) && 1 && !_DB_MUTEX_H_ && HAVE_SHARED_LATCHES;if;162;162
src/dbinc/mutex.h;1;HAVE_SHARED_LATCHES;(DEFINED___LB__HAVE_MUTEX_WIN32__RB__ || DEFINED___LB__HAVE_MUTEX_WIN32_GCC__RB__) && (DEFINED___LB__HAVE_MUTEX_HYBRID__RB__ || !DEFINED___LB__HAVE_MUTEX_PTHREADS__RB__) && (DEFINED___LB__HAVE_MUTEX_HYBRID__RB__ || !DEFINED___LB__HAVE_MUTEX_SOLARIS_LWP__RB__) && (DEFINED___LB__HAVE_MUTEX_HYBRID__RB__ || !DEFINED___LB__HAVE_MUTEX_UI_THREADS__RB__) && 1 && !_DB_MUTEX_H_ && HAVE_SHARED_LATCHES;artifact;163;164
src/dbinc/mutex.h;1;HAVE_SHARED_LATCHES;(DEFINED___LB__HAVE_MUTEX_WIN32__RB__ || DEFINED___LB__HAVE_MUTEX_WIN32_GCC__RB__) && (DEFINED___LB__HAVE_MUTEX_HYBRID__RB__ || !DEFINED___LB__HAVE_MUTEX_PTHREADS__RB__) && (DEFINED___LB__HAVE_MUTEX_HYBRID__RB__ || !DEFINED___LB__HAVE_MUTEX_SOLARIS_LWP__RB__) && (DEFINED___LB__HAVE_MUTEX_HYBRID__RB__ || !DEFINED___LB__HAVE_MUTEX_UI_THREADS__RB__) && 1 && !_DB_MUTEX_H_ && HAVE_SHARED_LATCHES;endif;165;165
src/dbinc/mutex.h;1;DEFINED___LB__HAVE_MUTEX_FCNTL__RB__ && !DEFINED___LB__HAVE_MUTEX_WIN32__RB__ && !DEFINED___LB__HAVE_MUTEX_WIN32_GCC__RB__ && (DEFINED___LB__HAVE_MUTEX_HYBRID__RB__ || !DEFINED___LB__HAVE_MUTEX_PTHREADS__RB__) && (DEFINED___LB__HAVE_MUTEX_HYBRID__RB__ || !DEFINED___LB__HAVE_MUTEX_SOLARIS_LWP__RB__) && (DEFINED___LB__HAVE_MUTEX_HYBRID__RB__ || !DEFINED___LB__HAVE_MUTEX_UI_THREADS__RB__);DEFINED___LB__HAVE_MUTEX_FCNTL__RB__ && !DEFINED___LB__HAVE_MUTEX_WIN32__RB__ && !DEFINED___LB__HAVE_MUTEX_WIN32_GCC__RB__ && (DEFINED___LB__HAVE_MUTEX_HYBRID__RB__ || !DEFINED___LB__HAVE_MUTEX_PTHREADS__RB__) && (DEFINED___LB__HAVE_MUTEX_HYBRID__RB__ || !DEFINED___LB__HAVE_MUTEX_SOLARIS_LWP__RB__) && (DEFINED___LB__HAVE_MUTEX_HYBRID__RB__ || !DEFINED___LB__HAVE_MUTEX_UI_THREADS__RB__) && 1 && !_DB_MUTEX_H_;elif;166;166
src/dbinc/mutex.h;1;DEFINED___LB__HAVE_MUTEX_FCNTL__RB__ && !DEFINED___LB__HAVE_MUTEX_WIN32__RB__ && !DEFINED___LB__HAVE_MUTEX_WIN32_GCC__RB__ && (DEFINED___LB__HAVE_MUTEX_HYBRID__RB__ || !DEFINED___LB__HAVE_MUTEX_PTHREADS__RB__) && (DEFINED___LB__HAVE_MUTEX_HYBRID__RB__ || !DEFINED___LB__HAVE_MUTEX_SOLARIS_LWP__RB__) && (DEFINED___LB__HAVE_MUTEX_HYBRID__RB__ || !DEFINED___LB__HAVE_MUTEX_UI_THREADS__RB__);DEFINED___LB__HAVE_MUTEX_FCNTL__RB__ && !DEFINED___LB__HAVE_MUTEX_WIN32__RB__ && !DEFINED___LB__HAVE_MUTEX_WIN32_GCC__RB__ && (DEFINED___LB__HAVE_MUTEX_HYBRID__RB__ || !DEFINED___LB__HAVE_MUTEX_PTHREADS__RB__) && (DEFINED___LB__HAVE_MUTEX_HYBRID__RB__ || !DEFINED___LB__HAVE_MUTEX_SOLARIS_LWP__RB__) && (DEFINED___LB__HAVE_MUTEX_HYBRID__RB__ || !DEFINED___LB__HAVE_MUTEX_UI_THREADS__RB__) && 1 && !_DB_MUTEX_H_;artifact;167;172
src/dbinc/mutex.h;1;!DEFINED___LB__HAVE_MUTEX_FCNTL__RB__ && !DEFINED___LB__HAVE_MUTEX_WIN32__RB__ && !DEFINED___LB__HAVE_MUTEX_WIN32_GCC__RB__ && (DEFINED___LB__HAVE_MUTEX_HYBRID__RB__ || !DEFINED___LB__HAVE_MUTEX_PTHREADS__RB__) && (DEFINED___LB__HAVE_MUTEX_HYBRID__RB__ || !DEFINED___LB__HAVE_MUTEX_SOLARIS_LWP__RB__) && (DEFINED___LB__HAVE_MUTEX_HYBRID__RB__ || !DEFINED___LB__HAVE_MUTEX_UI_THREADS__RB__);!DEFINED___LB__HAVE_MUTEX_FCNTL__RB__ && !DEFINED___LB__HAVE_MUTEX_WIN32__RB__ && !DEFINED___LB__HAVE_MUTEX_WIN32_GCC__RB__ && (DEFINED___LB__HAVE_MUTEX_HYBRID__RB__ || !DEFINED___LB__HAVE_MUTEX_PTHREADS__RB__) && (DEFINED___LB__HAVE_MUTEX_HYBRID__RB__ || !DEFINED___LB__HAVE_MUTEX_SOLARIS_LWP__RB__) && (DEFINED___LB__HAVE_MUTEX_HYBRID__RB__ || !DEFINED___LB__HAVE_MUTEX_UI_THREADS__RB__) && 1 && !_DB_MUTEX_H_;else;173;173
src/dbinc/mutex.h;1;!DEFINED___LB__HAVE_MUTEX_FCNTL__RB__ && !DEFINED___LB__HAVE_MUTEX_WIN32__RB__ && !DEFINED___LB__HAVE_MUTEX_WIN32_GCC__RB__ && (DEFINED___LB__HAVE_MUTEX_HYBRID__RB__ || !DEFINED___LB__HAVE_MUTEX_PTHREADS__RB__) && (DEFINED___LB__HAVE_MUTEX_HYBRID__RB__ || !DEFINED___LB__HAVE_MUTEX_SOLARIS_LWP__RB__) && (DEFINED___LB__HAVE_MUTEX_HYBRID__RB__ || !DEFINED___LB__HAVE_MUTEX_UI_THREADS__RB__);!DEFINED___LB__HAVE_MUTEX_FCNTL__RB__ && !DEFINED___LB__HAVE_MUTEX_WIN32__RB__ && !DEFINED___LB__HAVE_MUTEX_WIN32_GCC__RB__ && (DEFINED___LB__HAVE_MUTEX_HYBRID__RB__ || !DEFINED___LB__HAVE_MUTEX_PTHREADS__RB__) && (DEFINED___LB__HAVE_MUTEX_HYBRID__RB__ || !DEFINED___LB__HAVE_MUTEX_SOLARIS_LWP__RB__) && (DEFINED___LB__HAVE_MUTEX_HYBRID__RB__ || !DEFINED___LB__HAVE_MUTEX_UI_THREADS__RB__) && 1 && !_DB_MUTEX_H_;artifact;174;179
src/dbinc/mutex.h;1;DEFINED___LB__HAVE_SHARED_LATCHES__RB__;!DEFINED___LB__HAVE_MUTEX_FCNTL__RB__ && !DEFINED___LB__HAVE_MUTEX_WIN32__RB__ && !DEFINED___LB__HAVE_MUTEX_WIN32_GCC__RB__ && (DEFINED___LB__HAVE_MUTEX_HYBRID__RB__ || !DEFINED___LB__HAVE_MUTEX_PTHREADS__RB__) && (DEFINED___LB__HAVE_MUTEX_HYBRID__RB__ || !DEFINED___LB__HAVE_MUTEX_SOLARIS_LWP__RB__) && (DEFINED___LB__HAVE_MUTEX_HYBRID__RB__ || !DEFINED___LB__HAVE_MUTEX_UI_THREADS__RB__) && 1 && !_DB_MUTEX_H_ && DEFINED___LB__HAVE_SHARED_LATCHES__RB__;if;180;180
src/dbinc/mutex.h;1;DEFINED___LB__HAVE_SHARED_LATCHES__RB__;!DEFINED___LB__HAVE_MUTEX_FCNTL__RB__ && !DEFINED___LB__HAVE_MUTEX_WIN32__RB__ && !DEFINED___LB__HAVE_MUTEX_WIN32_GCC__RB__ && (DEFINED___LB__HAVE_MUTEX_HYBRID__RB__ || !DEFINED___LB__HAVE_MUTEX_PTHREADS__RB__) && (DEFINED___LB__HAVE_MUTEX_HYBRID__RB__ || !DEFINED___LB__HAVE_MUTEX_SOLARIS_LWP__RB__) && (DEFINED___LB__HAVE_MUTEX_HYBRID__RB__ || !DEFINED___LB__HAVE_MUTEX_UI_THREADS__RB__) && 1 && !_DB_MUTEX_H_ && DEFINED___LB__HAVE_SHARED_LATCHES__RB__;artifact;181;182
src/dbinc/mutex.h;1;DEFINED___LB__HAVE_SHARED_LATCHES__RB__;!DEFINED___LB__HAVE_MUTEX_FCNTL__RB__ && !DEFINED___LB__HAVE_MUTEX_WIN32__RB__ && !DEFINED___LB__HAVE_MUTEX_WIN32_GCC__RB__ && (DEFINED___LB__HAVE_MUTEX_HYBRID__RB__ || !DEFINED___LB__HAVE_MUTEX_PTHREADS__RB__) && (DEFINED___LB__HAVE_MUTEX_HYBRID__RB__ || !DEFINED___LB__HAVE_MUTEX_SOLARIS_LWP__RB__) && (DEFINED___LB__HAVE_MUTEX_HYBRID__RB__ || !DEFINED___LB__HAVE_MUTEX_UI_THREADS__RB__) && 1 && !_DB_MUTEX_H_ && DEFINED___LB__HAVE_SHARED_LATCHES__RB__;endif;183;183
src/dbinc/mutex.h;1;!DEFINED___LB__HAVE_MUTEX_FCNTL__RB__ && !DEFINED___LB__HAVE_MUTEX_WIN32__RB__ && !DEFINED___LB__HAVE_MUTEX_WIN32_GCC__RB__ && (DEFINED___LB__HAVE_MUTEX_HYBRID__RB__ || !DEFINED___LB__HAVE_MUTEX_PTHREADS__RB__) && (DEFINED___LB__HAVE_MUTEX_HYBRID__RB__ || !DEFINED___LB__HAVE_MUTEX_SOLARIS_LWP__RB__) && (DEFINED___LB__HAVE_MUTEX_HYBRID__RB__ || !DEFINED___LB__HAVE_MUTEX_UI_THREADS__RB__);!DEFINED___LB__HAVE_MUTEX_FCNTL__RB__ && !DEFINED___LB__HAVE_MUTEX_WIN32__RB__ && !DEFINED___LB__HAVE_MUTEX_WIN32_GCC__RB__ && (DEFINED___LB__HAVE_MUTEX_HYBRID__RB__ || !DEFINED___LB__HAVE_MUTEX_PTHREADS__RB__) && (DEFINED___LB__HAVE_MUTEX_HYBRID__RB__ || !DEFINED___LB__HAVE_MUTEX_SOLARIS_LWP__RB__) && (DEFINED___LB__HAVE_MUTEX_HYBRID__RB__ || !DEFINED___LB__HAVE_MUTEX_UI_THREADS__RB__) && 1 && !_DB_MUTEX_H_;endif;184;184
src/dbinc/mutex.h;1;!_DB_MUTEX_H_;1 && !_DB_MUTEX_H_;artifact;185;190
src/dbinc/mutex.h;1;!__mutex_rdlock;1 && !_DB_MUTEX_H_ && !__mutex_rdlock;if;191;191
src/dbinc/mutex.h;1;!__mutex_rdlock;1 && !_DB_MUTEX_H_ && !__mutex_rdlock;artifact;192;192
src/dbinc/mutex.h;1;!__mutex_rdlock;1 && !_DB_MUTEX_H_ && !__mutex_rdlock;endif;193;193
src/dbinc/mutex.h;1;!__mutex_tryrdlock;1 && !_DB_MUTEX_H_ && !__mutex_tryrdlock;if;194;194
src/dbinc/mutex.h;1;!__mutex_tryrdlock;1 && !_DB_MUTEX_H_ && !__mutex_tryrdlock;artifact;195;195
src/dbinc/mutex.h;1;!__mutex_tryrdlock;1 && !_DB_MUTEX_H_ && !__mutex_tryrdlock;endif;196;196
src/dbinc/mutex.h;1;!_DB_MUTEX_H_;1 && !_DB_MUTEX_H_;artifact;197;205
src/dbinc/mutex.h;1;HAVE_MUTEX_SUPPORT;1 && !_DB_MUTEX_H_ && HAVE_MUTEX_SUPPORT;if;206;206
src/dbinc/mutex.h;1;HAVE_MUTEX_SUPPORT;1 && !_DB_MUTEX_H_ && HAVE_MUTEX_SUPPORT;artifact;207;243
src/dbinc/mutex.h;1;!HAVE_MUTEX_SUPPORT;!HAVE_MUTEX_SUPPORT && 1 && !_DB_MUTEX_H_;else;244;244
src/dbinc/mutex.h;1;!HAVE_MUTEX_SUPPORT;!HAVE_MUTEX_SUPPORT && 1 && !_DB_MUTEX_H_;artifact;245;257
src/dbinc/mutex.h;1;!HAVE_MUTEX_SUPPORT;!HAVE_MUTEX_SUPPORT && 1 && !_DB_MUTEX_H_;endif;258;258
src/dbinc/mutex.h;1;!_DB_MUTEX_H_;1 && !_DB_MUTEX_H_;artifact;259;262
src/dbinc/mutex.h;1;HAVE_MUTEX_VXWORKS;1 && !_DB_MUTEX_H_ && HAVE_MUTEX_VXWORKS;if;263;263
src/dbinc/mutex.h;1;HAVE_MUTEX_VXWORKS;1 && !_DB_MUTEX_H_ && HAVE_MUTEX_VXWORKS;artifact;264;287
src/dbinc/mutex.h;1;HAVE_MUTEX_VXWORKS;1 && !_DB_MUTEX_H_ && HAVE_MUTEX_VXWORKS;endif;288;288
src/dbinc/mutex.h;1;!_DB_MUTEX_H_;1 && !_DB_MUTEX_H_;artifact;289;292
src/dbinc/mutex.h;1;!DB_BEGIN_SINGLE_THREAD;1 && !_DB_MUTEX_H_ && !DB_BEGIN_SINGLE_THREAD;if;293;293
src/dbinc/mutex.h;1;!DB_BEGIN_SINGLE_THREAD;1 && !_DB_MUTEX_H_ && !DB_BEGIN_SINGLE_THREAD;artifact;294;294
src/dbinc/mutex.h;1;!DB_BEGIN_SINGLE_THREAD;1 && !_DB_MUTEX_H_ && !DB_BEGIN_SINGLE_THREAD;endif;295;295
src/dbinc/mutex.h;1;!DB_END_SINGLE_THREAD;1 && !_DB_MUTEX_H_ && !DB_END_SINGLE_THREAD;if;296;296
src/dbinc/mutex.h;1;!DB_END_SINGLE_THREAD;1 && !_DB_MUTEX_H_ && !DB_END_SINGLE_THREAD;artifact;297;297
src/dbinc/mutex.h;1;!DB_END_SINGLE_THREAD;1 && !_DB_MUTEX_H_ && !DB_END_SINGLE_THREAD;endif;298;298
src/dbinc/mutex.h;1;!_DB_MUTEX_H_;1 && !_DB_MUTEX_H_;artifact;299;299
src/dbinc/mutex.h;1;DEFINED___LB____cplusplus__RB__;1 && !_DB_MUTEX_H_ && DEFINED___LB____cplusplus__RB__;if;300;300
src/dbinc/mutex.h;1;DEFINED___LB____cplusplus__RB__;1 && !_DB_MUTEX_H_ && DEFINED___LB____cplusplus__RB__;artifact;301;301
src/dbinc/mutex.h;1;DEFINED___LB____cplusplus__RB__;1 && !_DB_MUTEX_H_ && DEFINED___LB____cplusplus__RB__;endif;302;302
src/dbinc/mutex.h;1;!_DB_MUTEX_H_;1 && !_DB_MUTEX_H_;artifact;303;304
src/dbinc/mutex.h;1;!_DB_MUTEX_H_;1 && !_DB_MUTEX_H_;endif;305;305
src/dbinc/mutex.h;1;1;1;artifact;306;306
src/dbinc/mutex_int.h;1;1;1;ROOT;1;1072
src/dbinc/mutex_int.h;1;1;1;artifact;1;8
src/dbinc/mutex_int.h;1;!_DB_MUTEX_INT_H_;1 && !_DB_MUTEX_INT_H_;if;9;9
src/dbinc/mutex_int.h;1;!_DB_MUTEX_INT_H_;1 && !_DB_MUTEX_INT_H_;artifact;10;13
src/dbinc/mutex_int.h;1;DEFINED___LB____cplusplus__RB__;1 && !_DB_MUTEX_INT_H_ && DEFINED___LB____cplusplus__RB__;if;14;14
src/dbinc/mutex_int.h;1;DEFINED___LB____cplusplus__RB__;1 && !_DB_MUTEX_INT_H_ && DEFINED___LB____cplusplus__RB__;artifact;15;15
src/dbinc/mutex_int.h;1;DEFINED___LB____cplusplus__RB__;1 && !_DB_MUTEX_INT_H_ && DEFINED___LB____cplusplus__RB__;endif;16;16
src/dbinc/mutex_int.h;1;!_DB_MUTEX_INT_H_;1 && !_DB_MUTEX_INT_H_;artifact;17;32
src/dbinc/mutex_int.h;1;DEFINED___LB__HAVE_MUTEX_PTHREADS__RB__;1 && !_DB_MUTEX_INT_H_ && DEFINED___LB__HAVE_MUTEX_PTHREADS__RB__;if;33;33
src/dbinc/mutex_int.h;1;DEFINED___LB__HAVE_MUTEX_PTHREADS__RB__;1 && !_DB_MUTEX_INT_H_ && DEFINED___LB__HAVE_MUTEX_PTHREADS__RB__;artifact;34;67
src/dbinc/mutex_int.h;1;DEFINED___LB__HAVE_SHARED_LATCHES__RB__ && !DEFINED___LB__HAVE_MUTEX_HYBRID__RB__;1 && !_DB_MUTEX_INT_H_ && DEFINED___LB__HAVE_MUTEX_PTHREADS__RB__ && DEFINED___LB__HAVE_SHARED_LATCHES__RB__ && !DEFINED___LB__HAVE_MUTEX_HYBRID__RB__;if;68;68
src/dbinc/mutex_int.h;1;DEFINED___LB__HAVE_SHARED_LATCHES__RB__ && !DEFINED___LB__HAVE_MUTEX_HYBRID__RB__;1 && !_DB_MUTEX_INT_H_ && DEFINED___LB__HAVE_MUTEX_PTHREADS__RB__ && DEFINED___LB__HAVE_SHARED_LATCHES__RB__ && !DEFINED___LB__HAVE_MUTEX_HYBRID__RB__;artifact;69;83
src/dbinc/mutex_int.h;1;!DEFINED___LB__HAVE_SHARED_LATCHES__RB__ || DEFINED___LB__HAVE_MUTEX_HYBRID__RB__;(!DEFINED___LB__HAVE_SHARED_LATCHES__RB__ || DEFINED___LB__HAVE_MUTEX_HYBRID__RB__) && 1 && !_DB_MUTEX_INT_H_ && DEFINED___LB__HAVE_MUTEX_PTHREADS__RB__;else;84;84
src/dbinc/mutex_int.h;1;!DEFINED___LB__HAVE_SHARED_LATCHES__RB__ || DEFINED___LB__HAVE_MUTEX_HYBRID__RB__;(!DEFINED___LB__HAVE_SHARED_LATCHES__RB__ || DEFINED___LB__HAVE_MUTEX_HYBRID__RB__) && 1 && !_DB_MUTEX_INT_H_ && DEFINED___LB__HAVE_MUTEX_PTHREADS__RB__;artifact;85;88
src/dbinc/mutex_int.h;1;!DEFINED___LB__HAVE_SHARED_LATCHES__RB__ || DEFINED___LB__HAVE_MUTEX_HYBRID__RB__;(!DEFINED___LB__HAVE_SHARED_LATCHES__RB__ || DEFINED___LB__HAVE_MUTEX_HYBRID__RB__) && 1 && !_DB_MUTEX_INT_H_ && DEFINED___LB__HAVE_MUTEX_PTHREADS__RB__;endif;89;89
src/dbinc/mutex_int.h;1;DEFINED___LB__HAVE_MUTEX_PTHREADS__RB__;1 && !_DB_MUTEX_INT_H_ && DEFINED___LB__HAVE_MUTEX_PTHREADS__RB__;endif;90;90
src/dbinc/mutex_int.h;1;!_DB_MUTEX_INT_H_;1 && !_DB_MUTEX_INT_H_;artifact;91;91
src/dbinc/mutex_int.h;1;HAVE_MUTEX_UI_THREADS;1 && !_DB_MUTEX_INT_H_ && HAVE_MUTEX_UI_THREADS;if;92;92
src/dbinc/mutex_int.h;1;HAVE_MUTEX_UI_THREADS;1 && !_DB_MUTEX_INT_H_ && HAVE_MUTEX_UI_THREADS;artifact;93;93
src/dbinc/mutex_int.h;1;HAVE_MUTEX_UI_THREADS;1 && !_DB_MUTEX_INT_H_ && HAVE_MUTEX_UI_THREADS;endif;94;94
src/dbinc/mutex_int.h;1;!_DB_MUTEX_INT_H_;1 && !_DB_MUTEX_INT_H_;artifact;95;112
src/dbinc/mutex_int.h;1;HAVE_MUTEX_SOLARIS_LWP;1 && !_DB_MUTEX_INT_H_ && HAVE_MUTEX_SOLARIS_LWP;if;113;113
src/dbinc/mutex_int.h;1;HAVE_MUTEX_SOLARIS_LWP;1 && !_DB_MUTEX_INT_H_ && HAVE_MUTEX_SOLARIS_LWP;artifact;114;124
src/dbinc/mutex_int.h;1;HAVE_MUTEX_SOLARIS_LWP;1 && !_DB_MUTEX_INT_H_ && HAVE_MUTEX_SOLARIS_LWP;endif;125;125
src/dbinc/mutex_int.h;1;!_DB_MUTEX_INT_H_;1 && !_DB_MUTEX_INT_H_;artifact;126;129
src/dbinc/mutex_int.h;1;HAVE_MUTEX_UI_THREADS;1 && !_DB_MUTEX_INT_H_ && HAVE_MUTEX_UI_THREADS;if;130;130
src/dbinc/mutex_int.h;1;HAVE_MUTEX_UI_THREADS;1 && !_DB_MUTEX_INT_H_ && HAVE_MUTEX_UI_THREADS;artifact;131;136
src/dbinc/mutex_int.h;1;HAVE_MUTEX_UI_THREADS;1 && !_DB_MUTEX_INT_H_ && HAVE_MUTEX_UI_THREADS;endif;137;137
src/dbinc/mutex_int.h;1;!_DB_MUTEX_INT_H_;1 && !_DB_MUTEX_INT_H_;artifact;138;141
src/dbinc/mutex_int.h;1;HAVE_MUTEX_AIX_CHECK_LOCK;1 && !_DB_MUTEX_INT_H_ && HAVE_MUTEX_AIX_CHECK_LOCK;if;142;142
src/dbinc/mutex_int.h;1;HAVE_MUTEX_AIX_CHECK_LOCK;1 && !_DB_MUTEX_INT_H_ && HAVE_MUTEX_AIX_CHECK_LOCK;artifact;143;145
src/dbinc/mutex_int.h;1;LOAD_ACTUAL_MUTEX_CODE;1 && !_DB_MUTEX_INT_H_ && HAVE_MUTEX_AIX_CHECK_LOCK && LOAD_ACTUAL_MUTEX_CODE;if;146;146
src/dbinc/mutex_int.h;1;LOAD_ACTUAL_MUTEX_CODE;1 && !_DB_MUTEX_INT_H_ && HAVE_MUTEX_AIX_CHECK_LOCK && LOAD_ACTUAL_MUTEX_CODE;artifact;147;149
src/dbinc/mutex_int.h;1;LOAD_ACTUAL_MUTEX_CODE;1 && !_DB_MUTEX_INT_H_ && HAVE_MUTEX_AIX_CHECK_LOCK && LOAD_ACTUAL_MUTEX_CODE;endif;150;150
src/dbinc/mutex_int.h;1;HAVE_MUTEX_AIX_CHECK_LOCK;1 && !_DB_MUTEX_INT_H_ && HAVE_MUTEX_AIX_CHECK_LOCK;endif;151;151
src/dbinc/mutex_int.h;1;!_DB_MUTEX_INT_H_;1 && !_DB_MUTEX_INT_H_;artifact;152;155
src/dbinc/mutex_int.h;1;HAVE_MUTEX_DARWIN_SPIN_LOCK_TRY;1 && !_DB_MUTEX_INT_H_ && HAVE_MUTEX_DARWIN_SPIN_LOCK_TRY;if;156;156
src/dbinc/mutex_int.h;1;HAVE_MUTEX_DARWIN_SPIN_LOCK_TRY;1 && !_DB_MUTEX_INT_H_ && HAVE_MUTEX_DARWIN_SPIN_LOCK_TRY;artifact;157;158
src/dbinc/mutex_int.h;1;LOAD_ACTUAL_MUTEX_CODE;1 && !_DB_MUTEX_INT_H_ && HAVE_MUTEX_DARWIN_SPIN_LOCK_TRY && LOAD_ACTUAL_MUTEX_CODE;if;159;159
src/dbinc/mutex_int.h;1;LOAD_ACTUAL_MUTEX_CODE;1 && !_DB_MUTEX_INT_H_ && HAVE_MUTEX_DARWIN_SPIN_LOCK_TRY && LOAD_ACTUAL_MUTEX_CODE;artifact;160;164
src/dbinc/mutex_int.h;1;LOAD_ACTUAL_MUTEX_CODE;1 && !_DB_MUTEX_INT_H_ && HAVE_MUTEX_DARWIN_SPIN_LOCK_TRY && LOAD_ACTUAL_MUTEX_CODE;endif;165;165
src/dbinc/mutex_int.h;1;HAVE_MUTEX_DARWIN_SPIN_LOCK_TRY;1 && !_DB_MUTEX_INT_H_ && HAVE_MUTEX_DARWIN_SPIN_LOCK_TRY;endif;166;166
src/dbinc/mutex_int.h;1;!_DB_MUTEX_INT_H_;1 && !_DB_MUTEX_INT_H_;artifact;167;181
src/dbinc/mutex_int.h;1;HAVE_MUTEX_HPPA_MSEM_INIT;1 && !_DB_MUTEX_INT_H_ && HAVE_MUTEX_HPPA_MSEM_INIT;if;182;182
src/dbinc/mutex_int.h;1;HAVE_MUTEX_HPPA_MSEM_INIT;1 && !_DB_MUTEX_INT_H_ && HAVE_MUTEX_HPPA_MSEM_INIT;artifact;183;183
src/dbinc/mutex_int.h;1;HAVE_MUTEX_HPPA_MSEM_INIT;1 && !_DB_MUTEX_INT_H_ && HAVE_MUTEX_HPPA_MSEM_INIT;endif;184;184
src/dbinc/mutex_int.h;1;!_DB_MUTEX_INT_H_;1 && !_DB_MUTEX_INT_H_;artifact;185;185
src/dbinc/mutex_int.h;1;DEFINED___LB__HAVE_MUTEX_MSEM_INIT__RB__ || DEFINED___LB__HAVE_MUTEX_HPPA_MSEM_INIT__RB__;1 && !_DB_MUTEX_INT_H_ && (DEFINED___LB__HAVE_MUTEX_MSEM_INIT__RB__ || DEFINED___LB__HAVE_MUTEX_HPPA_MSEM_INIT__RB__);if;186;186
src/dbinc/mutex_int.h;1;DEFINED___LB__HAVE_MUTEX_MSEM_INIT__RB__ || DEFINED___LB__HAVE_MUTEX_HPPA_MSEM_INIT__RB__;1 && !_DB_MUTEX_INT_H_ && (DEFINED___LB__HAVE_MUTEX_MSEM_INIT__RB__ || DEFINED___LB__HAVE_MUTEX_HPPA_MSEM_INIT__RB__);artifact;187;189
src/dbinc/mutex_int.h;1;LOAD_ACTUAL_MUTEX_CODE;1 && !_DB_MUTEX_INT_H_ && (DEFINED___LB__HAVE_MUTEX_MSEM_INIT__RB__ || DEFINED___LB__HAVE_MUTEX_HPPA_MSEM_INIT__RB__) && LOAD_ACTUAL_MUTEX_CODE;if;190;190
src/dbinc/mutex_int.h;1;LOAD_ACTUAL_MUTEX_CODE;1 && !_DB_MUTEX_INT_H_ && (DEFINED___LB__HAVE_MUTEX_MSEM_INIT__RB__ || DEFINED___LB__HAVE_MUTEX_HPPA_MSEM_INIT__RB__) && LOAD_ACTUAL_MUTEX_CODE;artifact;191;193
src/dbinc/mutex_int.h;1;LOAD_ACTUAL_MUTEX_CODE;1 && !_DB_MUTEX_INT_H_ && (DEFINED___LB__HAVE_MUTEX_MSEM_INIT__RB__ || DEFINED___LB__HAVE_MUTEX_HPPA_MSEM_INIT__RB__) && LOAD_ACTUAL_MUTEX_CODE;endif;194;194
src/dbinc/mutex_int.h;1;DEFINED___LB__HAVE_MUTEX_MSEM_INIT__RB__ || DEFINED___LB__HAVE_MUTEX_HPPA_MSEM_INIT__RB__;1 && !_DB_MUTEX_INT_H_ && (DEFINED___LB__HAVE_MUTEX_MSEM_INIT__RB__ || DEFINED___LB__HAVE_MUTEX_HPPA_MSEM_INIT__RB__);endif;195;195
src/dbinc/mutex_int.h;1;!_DB_MUTEX_INT_H_;1 && !_DB_MUTEX_INT_H_;artifact;196;199
src/dbinc/mutex_int.h;1;HAVE_MUTEX_PLAN9;1 && !_DB_MUTEX_INT_H_ && HAVE_MUTEX_PLAN9;if;200;200
src/dbinc/mutex_int.h;1;HAVE_MUTEX_PLAN9;1 && !_DB_MUTEX_INT_H_ && HAVE_MUTEX_PLAN9;artifact;201;205
src/dbinc/mutex_int.h;1;HAVE_MUTEX_PLAN9;1 && !_DB_MUTEX_INT_H_ && HAVE_MUTEX_PLAN9;endif;206;206
src/dbinc/mutex_int.h;1;!_DB_MUTEX_INT_H_;1 && !_DB_MUTEX_INT_H_;artifact;207;210
src/dbinc/mutex_int.h;1;HAVE_MUTEX_RELIANTUNIX_INITSPIN;1 && !_DB_MUTEX_INT_H_ && HAVE_MUTEX_RELIANTUNIX_INITSPIN;if;211;211
src/dbinc/mutex_int.h;1;HAVE_MUTEX_RELIANTUNIX_INITSPIN;1 && !_DB_MUTEX_INT_H_ && HAVE_MUTEX_RELIANTUNIX_INITSPIN;artifact;212;214
src/dbinc/mutex_int.h;1;LOAD_ACTUAL_MUTEX_CODE;1 && !_DB_MUTEX_INT_H_ && HAVE_MUTEX_RELIANTUNIX_INITSPIN && LOAD_ACTUAL_MUTEX_CODE;if;215;215
src/dbinc/mutex_int.h;1;LOAD_ACTUAL_MUTEX_CODE;1 && !_DB_MUTEX_INT_H_ && HAVE_MUTEX_RELIANTUNIX_INITSPIN && LOAD_ACTUAL_MUTEX_CODE;artifact;216;218
src/dbinc/mutex_int.h;1;LOAD_ACTUAL_MUTEX_CODE;1 && !_DB_MUTEX_INT_H_ && HAVE_MUTEX_RELIANTUNIX_INITSPIN && LOAD_ACTUAL_MUTEX_CODE;endif;219;219
src/dbinc/mutex_int.h;1;HAVE_MUTEX_RELIANTUNIX_INITSPIN;1 && !_DB_MUTEX_INT_H_ && HAVE_MUTEX_RELIANTUNIX_INITSPIN;endif;220;220
src/dbinc/mutex_int.h;1;!_DB_MUTEX_INT_H_;1 && !_DB_MUTEX_INT_H_;artifact;221;228
src/dbinc/mutex_int.h;1;HAVE_MUTEX_SEMA_INIT;1 && !_DB_MUTEX_INT_H_ && HAVE_MUTEX_SEMA_INIT;if;229;229
src/dbinc/mutex_int.h;1;HAVE_MUTEX_SEMA_INIT;1 && !_DB_MUTEX_INT_H_ && HAVE_MUTEX_SEMA_INIT;artifact;230;232
src/dbinc/mutex_int.h;1;LOAD_ACTUAL_MUTEX_CODE;1 && !_DB_MUTEX_INT_H_ && HAVE_MUTEX_SEMA_INIT && LOAD_ACTUAL_MUTEX_CODE;if;233;233
src/dbinc/mutex_int.h;1;LOAD_ACTUAL_MUTEX_CODE;1 && !_DB_MUTEX_INT_H_ && HAVE_MUTEX_SEMA_INIT && LOAD_ACTUAL_MUTEX_CODE;artifact;234;237
src/dbinc/mutex_int.h;1;LOAD_ACTUAL_MUTEX_CODE;1 && !_DB_MUTEX_INT_H_ && HAVE_MUTEX_SEMA_INIT && LOAD_ACTUAL_MUTEX_CODE;endif;238;238
src/dbinc/mutex_int.h;1;HAVE_MUTEX_SEMA_INIT;1 && !_DB_MUTEX_INT_H_ && HAVE_MUTEX_SEMA_INIT;endif;239;239
src/dbinc/mutex_int.h;1;!_DB_MUTEX_INT_H_;1 && !_DB_MUTEX_INT_H_;artifact;240;243
src/dbinc/mutex_int.h;1;HAVE_MUTEX_SGI_INIT_LOCK;1 && !_DB_MUTEX_INT_H_ && HAVE_MUTEX_SGI_INIT_LOCK;if;244;244
src/dbinc/mutex_int.h;1;HAVE_MUTEX_SGI_INIT_LOCK;1 && !_DB_MUTEX_INT_H_ && HAVE_MUTEX_SGI_INIT_LOCK;artifact;245;247
src/dbinc/mutex_int.h;1;LOAD_ACTUAL_MUTEX_CODE;1 && !_DB_MUTEX_INT_H_ && HAVE_MUTEX_SGI_INIT_LOCK && LOAD_ACTUAL_MUTEX_CODE;if;248;248
src/dbinc/mutex_int.h;1;LOAD_ACTUAL_MUTEX_CODE;1 && !_DB_MUTEX_INT_H_ && HAVE_MUTEX_SGI_INIT_LOCK && LOAD_ACTUAL_MUTEX_CODE;artifact;249;251
src/dbinc/mutex_int.h;1;LOAD_ACTUAL_MUTEX_CODE;1 && !_DB_MUTEX_INT_H_ && HAVE_MUTEX_SGI_INIT_LOCK && LOAD_ACTUAL_MUTEX_CODE;endif;252;252
src/dbinc/mutex_int.h;1;HAVE_MUTEX_SGI_INIT_LOCK;1 && !_DB_MUTEX_INT_H_ && HAVE_MUTEX_SGI_INIT_LOCK;endif;253;253
src/dbinc/mutex_int.h;1;!_DB_MUTEX_INT_H_;1 && !_DB_MUTEX_INT_H_;artifact;254;261
src/dbinc/mutex_int.h;1;HAVE_MUTEX_SOLARIS_LOCK_TRY;1 && !_DB_MUTEX_INT_H_ && HAVE_MUTEX_SOLARIS_LOCK_TRY;if;262;262
src/dbinc/mutex_int.h;1;HAVE_MUTEX_SOLARIS_LOCK_TRY;1 && !_DB_MUTEX_INT_H_ && HAVE_MUTEX_SOLARIS_LOCK_TRY;artifact;263;276
src/dbinc/mutex_int.h;1;LOAD_ACTUAL_MUTEX_CODE;1 && !_DB_MUTEX_INT_H_ && HAVE_MUTEX_SOLARIS_LOCK_TRY && LOAD_ACTUAL_MUTEX_CODE;if;277;277
src/dbinc/mutex_int.h;1;LOAD_ACTUAL_MUTEX_CODE;1 && !_DB_MUTEX_INT_H_ && HAVE_MUTEX_SOLARIS_LOCK_TRY && LOAD_ACTUAL_MUTEX_CODE;artifact;278;280
src/dbinc/mutex_int.h;1;LOAD_ACTUAL_MUTEX_CODE;1 && !_DB_MUTEX_INT_H_ && HAVE_MUTEX_SOLARIS_LOCK_TRY && LOAD_ACTUAL_MUTEX_CODE;endif;281;281
src/dbinc/mutex_int.h;1;HAVE_MUTEX_SOLARIS_LOCK_TRY;1 && !_DB_MUTEX_INT_H_ && HAVE_MUTEX_SOLARIS_LOCK_TRY;endif;282;282
src/dbinc/mutex_int.h;1;!_DB_MUTEX_INT_H_;1 && !_DB_MUTEX_INT_H_;artifact;283;286
src/dbinc/mutex_int.h;1;HAVE_MUTEX_VMS;1 && !_DB_MUTEX_INT_H_ && HAVE_MUTEX_VMS;if;287;287
src/dbinc/mutex_int.h;1;HAVE_MUTEX_VMS;1 && !_DB_MUTEX_INT_H_ && HAVE_MUTEX_VMS;artifact;288;291
src/dbinc/mutex_int.h;1;LOAD_ACTUAL_MUTEX_CODE;1 && !_DB_MUTEX_INT_H_ && HAVE_MUTEX_VMS && LOAD_ACTUAL_MUTEX_CODE;if;292;292
src/dbinc/mutex_int.h;1;__ALPHA;1 && !_DB_MUTEX_INT_H_ && HAVE_MUTEX_VMS && LOAD_ACTUAL_MUTEX_CODE && __ALPHA;if;293;293
src/dbinc/mutex_int.h;1;__ALPHA;1 && !_DB_MUTEX_INT_H_ && HAVE_MUTEX_VMS && LOAD_ACTUAL_MUTEX_CODE && __ALPHA;artifact;294;294
src/dbinc/mutex_int.h;1;!__ALPHA;!__ALPHA && 1 && !_DB_MUTEX_INT_H_ && HAVE_MUTEX_VMS && LOAD_ACTUAL_MUTEX_CODE;else;295;295
src/dbinc/mutex_int.h;1;!__ALPHA;!__ALPHA && 1 && !_DB_MUTEX_INT_H_ && HAVE_MUTEX_VMS && LOAD_ACTUAL_MUTEX_CODE;artifact;296;296
src/dbinc/mutex_int.h;1;!__ALPHA;!__ALPHA && 1 && !_DB_MUTEX_INT_H_ && HAVE_MUTEX_VMS && LOAD_ACTUAL_MUTEX_CODE;endif;297;297
src/dbinc/mutex_int.h;1;LOAD_ACTUAL_MUTEX_CODE;1 && !_DB_MUTEX_INT_H_ && HAVE_MUTEX_VMS && LOAD_ACTUAL_MUTEX_CODE;artifact;298;299
src/dbinc/mutex_int.h;1;LOAD_ACTUAL_MUTEX_CODE;1 && !_DB_MUTEX_INT_H_ && HAVE_MUTEX_VMS && LOAD_ACTUAL_MUTEX_CODE;endif;300;300
src/dbinc/mutex_int.h;1;HAVE_MUTEX_VMS;1 && !_DB_MUTEX_INT_H_ && HAVE_MUTEX_VMS;endif;301;301
src/dbinc/mutex_int.h;1;!_DB_MUTEX_INT_H_;1 && !_DB_MUTEX_INT_H_;artifact;302;310
src/dbinc/mutex_int.h;1;HAVE_MUTEX_VXWORKS;1 && !_DB_MUTEX_INT_H_ && HAVE_MUTEX_VXWORKS;if;311;311
src/dbinc/mutex_int.h;1;HAVE_MUTEX_VXWORKS;1 && !_DB_MUTEX_INT_H_ && HAVE_MUTEX_VXWORKS;artifact;312;314
src/dbinc/mutex_int.h;1;LOAD_ACTUAL_MUTEX_CODE;1 && !_DB_MUTEX_INT_H_ && HAVE_MUTEX_VXWORKS && LOAD_ACTUAL_MUTEX_CODE;if;315;315
src/dbinc/mutex_int.h;1;LOAD_ACTUAL_MUTEX_CODE;1 && !_DB_MUTEX_INT_H_ && HAVE_MUTEX_VXWORKS && LOAD_ACTUAL_MUTEX_CODE;artifact;316;326
src/dbinc/mutex_int.h;1;LOAD_ACTUAL_MUTEX_CODE;1 && !_DB_MUTEX_INT_H_ && HAVE_MUTEX_VXWORKS && LOAD_ACTUAL_MUTEX_CODE;endif;327;327
src/dbinc/mutex_int.h;1;HAVE_MUTEX_VXWORKS;1 && !_DB_MUTEX_INT_H_ && HAVE_MUTEX_VXWORKS;endif;328;328
src/dbinc/mutex_int.h;1;!_DB_MUTEX_INT_H_;1 && !_DB_MUTEX_INT_H_;artifact;329;338
src/dbinc/mutex_int.h;1;HAVE_MUTEX_WIN16;1 && !_DB_MUTEX_INT_H_ && HAVE_MUTEX_WIN16;if;339;339
src/dbinc/mutex_int.h;1;HAVE_MUTEX_WIN16;1 && !_DB_MUTEX_INT_H_ && HAVE_MUTEX_WIN16;artifact;340;341
src/dbinc/mutex_int.h;1;LOAD_ACTUAL_MUTEX_CODE;1 && !_DB_MUTEX_INT_H_ && HAVE_MUTEX_WIN16 && LOAD_ACTUAL_MUTEX_CODE;if;342;342
src/dbinc/mutex_int.h;1;LOAD_ACTUAL_MUTEX_CODE;1 && !_DB_MUTEX_INT_H_ && HAVE_MUTEX_WIN16 && LOAD_ACTUAL_MUTEX_CODE;artifact;343;345
src/dbinc/mutex_int.h;1;LOAD_ACTUAL_MUTEX_CODE;1 && !_DB_MUTEX_INT_H_ && HAVE_MUTEX_WIN16 && LOAD_ACTUAL_MUTEX_CODE;endif;346;346
src/dbinc/mutex_int.h;1;HAVE_MUTEX_WIN16;1 && !_DB_MUTEX_INT_H_ && HAVE_MUTEX_WIN16;endif;347;347
src/dbinc/mutex_int.h;1;!_DB_MUTEX_INT_H_;1 && !_DB_MUTEX_INT_H_;artifact;348;351
src/dbinc/mutex_int.h;1;DEFINED___LB__HAVE_MUTEX_WIN32__RB__ || DEFINED___LB__HAVE_MUTEX_WIN32_GCC__RB__;1 && !_DB_MUTEX_INT_H_ && (DEFINED___LB__HAVE_MUTEX_WIN32__RB__ || DEFINED___LB__HAVE_MUTEX_WIN32_GCC__RB__);if;352;352
src/dbinc/mutex_int.h;1;DEFINED___LB__HAVE_MUTEX_WIN32__RB__ || DEFINED___LB__HAVE_MUTEX_WIN32_GCC__RB__;1 && !_DB_MUTEX_INT_H_ && (DEFINED___LB__HAVE_MUTEX_WIN32__RB__ || DEFINED___LB__HAVE_MUTEX_WIN32_GCC__RB__);artifact;353;357
src/dbinc/mutex_int.h;1;DEFINED___LB__LOAD_ACTUAL_MUTEX_CODE__RB__;1 && !_DB_MUTEX_INT_H_ && (DEFINED___LB__HAVE_MUTEX_WIN32__RB__ || DEFINED___LB__HAVE_MUTEX_WIN32_GCC__RB__) && DEFINED___LB__LOAD_ACTUAL_MUTEX_CODE__RB__;if;358;358
src/dbinc/mutex_int.h;1;DEFINED___LB__LOAD_ACTUAL_MUTEX_CODE__RB__;1 && !_DB_MUTEX_INT_H_ && (DEFINED___LB__HAVE_MUTEX_WIN32__RB__ || DEFINED___LB__HAVE_MUTEX_WIN32_GCC__RB__) && DEFINED___LB__LOAD_ACTUAL_MUTEX_CODE__RB__;artifact;359;371
src/dbinc/mutex_int.h;1;HAVE_MUTEX_WIN32;1 && !_DB_MUTEX_INT_H_ && (DEFINED___LB__HAVE_MUTEX_WIN32__RB__ || DEFINED___LB__HAVE_MUTEX_WIN32_GCC__RB__) && DEFINED___LB__LOAD_ACTUAL_MUTEX_CODE__RB__ && HAVE_MUTEX_WIN32;if;372;372
src/dbinc/mutex_int.h;1;!DEFINED___LB___WIN64__RB__ && !DEFINED___LB__DB_WINCE__RB__;1 && !_DB_MUTEX_INT_H_ && (DEFINED___LB__HAVE_MUTEX_WIN32__RB__ || DEFINED___LB__HAVE_MUTEX_WIN32_GCC__RB__) && DEFINED___LB__LOAD_ACTUAL_MUTEX_CODE__RB__ && HAVE_MUTEX_WIN32 && !DEFINED___LB___WIN64__RB__ && !DEFINED___LB__DB_WINCE__RB__;if;373;373
src/dbinc/mutex_int.h;1;!DEFINED___LB___WIN64__RB__ && !DEFINED___LB__DB_WINCE__RB__;1 && !_DB_MUTEX_INT_H_ && (DEFINED___LB__HAVE_MUTEX_WIN32__RB__ || DEFINED___LB__HAVE_MUTEX_WIN32_GCC__RB__) && DEFINED___LB__LOAD_ACTUAL_MUTEX_CODE__RB__ && HAVE_MUTEX_WIN32 && !DEFINED___LB___WIN64__RB__ && !DEFINED___LB__DB_WINCE__RB__;artifact;374;374
src/dbinc/mutex_int.h;1;!DEFINED___LB___WIN64__RB__ && !DEFINED___LB__DB_WINCE__RB__;1 && !_DB_MUTEX_INT_H_ && (DEFINED___LB__HAVE_MUTEX_WIN32__RB__ || DEFINED___LB__HAVE_MUTEX_WIN32_GCC__RB__) && DEFINED___LB__LOAD_ACTUAL_MUTEX_CODE__RB__ && HAVE_MUTEX_WIN32 && !DEFINED___LB___WIN64__RB__ && !DEFINED___LB__DB_WINCE__RB__;endif;375;375
src/dbinc/mutex_int.h;1;HAVE_MUTEX_WIN32;1 && !_DB_MUTEX_INT_H_ && (DEFINED___LB__HAVE_MUTEX_WIN32__RB__ || DEFINED___LB__HAVE_MUTEX_WIN32_GCC__RB__) && DEFINED___LB__LOAD_ACTUAL_MUTEX_CODE__RB__ && HAVE_MUTEX_WIN32;endif;376;376
src/dbinc/mutex_int.h;1;HAVE_MUTEX_WIN32_GCC;1 && !_DB_MUTEX_INT_H_ && (DEFINED___LB__HAVE_MUTEX_WIN32__RB__ || DEFINED___LB__HAVE_MUTEX_WIN32_GCC__RB__) && DEFINED___LB__LOAD_ACTUAL_MUTEX_CODE__RB__ && HAVE_MUTEX_WIN32_GCC;if;377;377
src/dbinc/mutex_int.h;1;HAVE_MUTEX_WIN32_GCC;1 && !_DB_MUTEX_INT_H_ && (DEFINED___LB__HAVE_MUTEX_WIN32__RB__ || DEFINED___LB__HAVE_MUTEX_WIN32_GCC__RB__) && DEFINED___LB__LOAD_ACTUAL_MUTEX_CODE__RB__ && HAVE_MUTEX_WIN32_GCC;artifact;378;378
src/dbinc/mutex_int.h;1;HAVE_MUTEX_WIN32_GCC;1 && !_DB_MUTEX_INT_H_ && (DEFINED___LB__HAVE_MUTEX_WIN32__RB__ || DEFINED___LB__HAVE_MUTEX_WIN32_GCC__RB__) && DEFINED___LB__LOAD_ACTUAL_MUTEX_CODE__RB__ && HAVE_MUTEX_WIN32_GCC;endif;379;379
src/dbinc/mutex_int.h;1;DEFINED___LB__LOAD_ACTUAL_MUTEX_CODE__RB__;1 && !_DB_MUTEX_INT_H_ && (DEFINED___LB__HAVE_MUTEX_WIN32__RB__ || DEFINED___LB__HAVE_MUTEX_WIN32_GCC__RB__) && DEFINED___LB__LOAD_ACTUAL_MUTEX_CODE__RB__;endif;380;380
src/dbinc/mutex_int.h;1;DEFINED___LB__HAVE_MUTEX_WIN32__RB__ || DEFINED___LB__HAVE_MUTEX_WIN32_GCC__RB__;1 && !_DB_MUTEX_INT_H_ && (DEFINED___LB__HAVE_MUTEX_WIN32__RB__ || DEFINED___LB__HAVE_MUTEX_WIN32_GCC__RB__);endif;381;381
src/dbinc/mutex_int.h;1;!_DB_MUTEX_INT_H_;1 && !_DB_MUTEX_INT_H_;artifact;382;385
src/dbinc/mutex_int.h;1;HAVE_MUTEX_68K_GCC_ASSEMBLY;1 && !_DB_MUTEX_INT_H_ && HAVE_MUTEX_68K_GCC_ASSEMBLY;if;386;386
src/dbinc/mutex_int.h;1;HAVE_MUTEX_68K_GCC_ASSEMBLY;1 && !_DB_MUTEX_INT_H_ && HAVE_MUTEX_68K_GCC_ASSEMBLY;artifact;387;388
src/dbinc/mutex_int.h;1;LOAD_ACTUAL_MUTEX_CODE;1 && !_DB_MUTEX_INT_H_ && HAVE_MUTEX_68K_GCC_ASSEMBLY && LOAD_ACTUAL_MUTEX_CODE;if;389;389
src/dbinc/mutex_int.h;1;LOAD_ACTUAL_MUTEX_CODE;1 && !_DB_MUTEX_INT_H_ && HAVE_MUTEX_68K_GCC_ASSEMBLY && LOAD_ACTUAL_MUTEX_CODE;artifact;390;403
src/dbinc/mutex_int.h;1;LOAD_ACTUAL_MUTEX_CODE;1 && !_DB_MUTEX_INT_H_ && HAVE_MUTEX_68K_GCC_ASSEMBLY && LOAD_ACTUAL_MUTEX_CODE;endif;404;404
src/dbinc/mutex_int.h;1;HAVE_MUTEX_68K_GCC_ASSEMBLY;1 && !_DB_MUTEX_INT_H_ && HAVE_MUTEX_68K_GCC_ASSEMBLY;endif;405;405
src/dbinc/mutex_int.h;1;!_DB_MUTEX_INT_H_;1 && !_DB_MUTEX_INT_H_;artifact;406;409
src/dbinc/mutex_int.h;1;HAVE_MUTEX_ALPHA_GCC_ASSEMBLY;1 && !_DB_MUTEX_INT_H_ && HAVE_MUTEX_ALPHA_GCC_ASSEMBLY;if;410;410
src/dbinc/mutex_int.h;1;HAVE_MUTEX_ALPHA_GCC_ASSEMBLY;1 && !_DB_MUTEX_INT_H_ && HAVE_MUTEX_ALPHA_GCC_ASSEMBLY;artifact;411;414
src/dbinc/mutex_int.h;1;LOAD_ACTUAL_MUTEX_CODE;1 && !_DB_MUTEX_INT_H_ && HAVE_MUTEX_ALPHA_GCC_ASSEMBLY && LOAD_ACTUAL_MUTEX_CODE;if;415;415
src/dbinc/mutex_int.h;1;LOAD_ACTUAL_MUTEX_CODE;1 && !_DB_MUTEX_INT_H_ && HAVE_MUTEX_ALPHA_GCC_ASSEMBLY && LOAD_ACTUAL_MUTEX_CODE;artifact;416;448
src/dbinc/mutex_int.h;1;LOAD_ACTUAL_MUTEX_CODE;1 && !_DB_MUTEX_INT_H_ && HAVE_MUTEX_ALPHA_GCC_ASSEMBLY && LOAD_ACTUAL_MUTEX_CODE;endif;449;449
src/dbinc/mutex_int.h;1;HAVE_MUTEX_ALPHA_GCC_ASSEMBLY;1 && !_DB_MUTEX_INT_H_ && HAVE_MUTEX_ALPHA_GCC_ASSEMBLY;endif;450;450
src/dbinc/mutex_int.h;1;!_DB_MUTEX_INT_H_;1 && !_DB_MUTEX_INT_H_;artifact;451;454
src/dbinc/mutex_int.h;1;HAVE_MUTEX_TRU64_CC_ASSEMBLY;1 && !_DB_MUTEX_INT_H_ && HAVE_MUTEX_TRU64_CC_ASSEMBLY;if;455;455
src/dbinc/mutex_int.h;1;HAVE_MUTEX_TRU64_CC_ASSEMBLY;1 && !_DB_MUTEX_INT_H_ && HAVE_MUTEX_TRU64_CC_ASSEMBLY;artifact;456;459
src/dbinc/mutex_int.h;1;LOAD_ACTUAL_MUTEX_CODE;1 && !_DB_MUTEX_INT_H_ && HAVE_MUTEX_TRU64_CC_ASSEMBLY && LOAD_ACTUAL_MUTEX_CODE;if;460;460
src/dbinc/mutex_int.h;1;LOAD_ACTUAL_MUTEX_CODE;1 && !_DB_MUTEX_INT_H_ && HAVE_MUTEX_TRU64_CC_ASSEMBLY && LOAD_ACTUAL_MUTEX_CODE;artifact;461;465
src/dbinc/mutex_int.h;1;LOAD_ACTUAL_MUTEX_CODE;1 && !_DB_MUTEX_INT_H_ && HAVE_MUTEX_TRU64_CC_ASSEMBLY && LOAD_ACTUAL_MUTEX_CODE;endif;466;466
src/dbinc/mutex_int.h;1;HAVE_MUTEX_TRU64_CC_ASSEMBLY;1 && !_DB_MUTEX_INT_H_ && HAVE_MUTEX_TRU64_CC_ASSEMBLY;endif;467;467
src/dbinc/mutex_int.h;1;!_DB_MUTEX_INT_H_;1 && !_DB_MUTEX_INT_H_;artifact;468;471
src/dbinc/mutex_int.h;1;HAVE_MUTEX_ARM_GCC_ASSEMBLY;1 && !_DB_MUTEX_INT_H_ && HAVE_MUTEX_ARM_GCC_ASSEMBLY;if;472;472
src/dbinc/mutex_int.h;1;HAVE_MUTEX_ARM_GCC_ASSEMBLY;1 && !_DB_MUTEX_INT_H_ && HAVE_MUTEX_ARM_GCC_ASSEMBLY;artifact;473;474
src/dbinc/mutex_int.h;1;LOAD_ACTUAL_MUTEX_CODE;1 && !_DB_MUTEX_INT_H_ && HAVE_MUTEX_ARM_GCC_ASSEMBLY && LOAD_ACTUAL_MUTEX_CODE;if;475;475
src/dbinc/mutex_int.h;1;LOAD_ACTUAL_MUTEX_CODE;1 && !_DB_MUTEX_INT_H_ && HAVE_MUTEX_ARM_GCC_ASSEMBLY && LOAD_ACTUAL_MUTEX_CODE;artifact;476;489
src/dbinc/mutex_int.h;1;LOAD_ACTUAL_MUTEX_CODE;1 && !_DB_MUTEX_INT_H_ && HAVE_MUTEX_ARM_GCC_ASSEMBLY && LOAD_ACTUAL_MUTEX_CODE;endif;490;490
src/dbinc/mutex_int.h;1;HAVE_MUTEX_ARM_GCC_ASSEMBLY;1 && !_DB_MUTEX_INT_H_ && HAVE_MUTEX_ARM_GCC_ASSEMBLY;endif;491;491
src/dbinc/mutex_int.h;1;!_DB_MUTEX_INT_H_;1 && !_DB_MUTEX_INT_H_;artifact;492;495
src/dbinc/mutex_int.h;1;HAVE_MUTEX_HPPA_GCC_ASSEMBLY;1 && !_DB_MUTEX_INT_H_ && HAVE_MUTEX_HPPA_GCC_ASSEMBLY;if;496;496
src/dbinc/mutex_int.h;1;HAVE_MUTEX_HPPA_GCC_ASSEMBLY;1 && !_DB_MUTEX_INT_H_ && HAVE_MUTEX_HPPA_GCC_ASSEMBLY;artifact;497;500
src/dbinc/mutex_int.h;1;LOAD_ACTUAL_MUTEX_CODE;1 && !_DB_MUTEX_INT_H_ && HAVE_MUTEX_HPPA_GCC_ASSEMBLY && LOAD_ACTUAL_MUTEX_CODE;if;501;501
src/dbinc/mutex_int.h;1;LOAD_ACTUAL_MUTEX_CODE;1 && !_DB_MUTEX_INT_H_ && HAVE_MUTEX_HPPA_GCC_ASSEMBLY && LOAD_ACTUAL_MUTEX_CODE;artifact;502;515
src/dbinc/mutex_int.h;1;LOAD_ACTUAL_MUTEX_CODE;1 && !_DB_MUTEX_INT_H_ && HAVE_MUTEX_HPPA_GCC_ASSEMBLY && LOAD_ACTUAL_MUTEX_CODE;endif;516;516
src/dbinc/mutex_int.h;1;HAVE_MUTEX_HPPA_GCC_ASSEMBLY;1 && !_DB_MUTEX_INT_H_ && HAVE_MUTEX_HPPA_GCC_ASSEMBLY;endif;517;517
src/dbinc/mutex_int.h;1;!_DB_MUTEX_INT_H_;1 && !_DB_MUTEX_INT_H_;artifact;518;521
src/dbinc/mutex_int.h;1;HAVE_MUTEX_IA64_GCC_ASSEMBLY;1 && !_DB_MUTEX_INT_H_ && HAVE_MUTEX_IA64_GCC_ASSEMBLY;if;522;522
src/dbinc/mutex_int.h;1;HAVE_MUTEX_IA64_GCC_ASSEMBLY;1 && !_DB_MUTEX_INT_H_ && HAVE_MUTEX_IA64_GCC_ASSEMBLY;artifact;523;524
src/dbinc/mutex_int.h;1;LOAD_ACTUAL_MUTEX_CODE;1 && !_DB_MUTEX_INT_H_ && HAVE_MUTEX_IA64_GCC_ASSEMBLY && LOAD_ACTUAL_MUTEX_CODE;if;525;525
src/dbinc/mutex_int.h;1;LOAD_ACTUAL_MUTEX_CODE;1 && !_DB_MUTEX_INT_H_ && HAVE_MUTEX_IA64_GCC_ASSEMBLY && LOAD_ACTUAL_MUTEX_CODE;artifact;526;540
src/dbinc/mutex_int.h;1;LOAD_ACTUAL_MUTEX_CODE;1 && !_DB_MUTEX_INT_H_ && HAVE_MUTEX_IA64_GCC_ASSEMBLY && LOAD_ACTUAL_MUTEX_CODE;endif;541;541
src/dbinc/mutex_int.h;1;HAVE_MUTEX_IA64_GCC_ASSEMBLY;1 && !_DB_MUTEX_INT_H_ && HAVE_MUTEX_IA64_GCC_ASSEMBLY;endif;542;542
src/dbinc/mutex_int.h;1;!_DB_MUTEX_INT_H_;1 && !_DB_MUTEX_INT_H_;artifact;543;546
src/dbinc/mutex_int.h;1;DEFINED___LB__HAVE_MUTEX_PPC_GCC_ASSEMBLY__RB__;1 && !_DB_MUTEX_INT_H_ && DEFINED___LB__HAVE_MUTEX_PPC_GCC_ASSEMBLY__RB__;if;547;547
src/dbinc/mutex_int.h;1;DEFINED___LB__HAVE_MUTEX_PPC_GCC_ASSEMBLY__RB__;1 && !_DB_MUTEX_INT_H_ && DEFINED___LB__HAVE_MUTEX_PPC_GCC_ASSEMBLY__RB__;artifact;548;549
src/dbinc/mutex_int.h;1;LOAD_ACTUAL_MUTEX_CODE;1 && !_DB_MUTEX_INT_H_ && DEFINED___LB__HAVE_MUTEX_PPC_GCC_ASSEMBLY__RB__ && LOAD_ACTUAL_MUTEX_CODE;if;550;550
src/dbinc/mutex_int.h;1;LOAD_ACTUAL_MUTEX_CODE;1 && !_DB_MUTEX_INT_H_ && DEFINED___LB__HAVE_MUTEX_PPC_GCC_ASSEMBLY__RB__ && LOAD_ACTUAL_MUTEX_CODE;artifact;551;607
src/dbinc/mutex_int.h;1;LOAD_ACTUAL_MUTEX_CODE;1 && !_DB_MUTEX_INT_H_ && DEFINED___LB__HAVE_MUTEX_PPC_GCC_ASSEMBLY__RB__ && LOAD_ACTUAL_MUTEX_CODE;endif;608;608
src/dbinc/mutex_int.h;1;DEFINED___LB__HAVE_MUTEX_PPC_GCC_ASSEMBLY__RB__;1 && !_DB_MUTEX_INT_H_ && DEFINED___LB__HAVE_MUTEX_PPC_GCC_ASSEMBLY__RB__;endif;609;609
src/dbinc/mutex_int.h;1;!_DB_MUTEX_INT_H_;1 && !_DB_MUTEX_INT_H_;artifact;610;613
src/dbinc/mutex_int.h;1;HAVE_MUTEX_S390_CC_ASSEMBLY;1 && !_DB_MUTEX_INT_H_ && HAVE_MUTEX_S390_CC_ASSEMBLY;if;614;614
src/dbinc/mutex_int.h;1;HAVE_MUTEX_S390_CC_ASSEMBLY;1 && !_DB_MUTEX_INT_H_ && HAVE_MUTEX_S390_CC_ASSEMBLY;artifact;615;616
src/dbinc/mutex_int.h;1;LOAD_ACTUAL_MUTEX_CODE;1 && !_DB_MUTEX_INT_H_ && HAVE_MUTEX_S390_CC_ASSEMBLY && LOAD_ACTUAL_MUTEX_CODE;if;617;617
src/dbinc/mutex_int.h;1;LOAD_ACTUAL_MUTEX_CODE;1 && !_DB_MUTEX_INT_H_ && HAVE_MUTEX_S390_CC_ASSEMBLY && LOAD_ACTUAL_MUTEX_CODE;artifact;618;624
src/dbinc/mutex_int.h;1;LOAD_ACTUAL_MUTEX_CODE;1 && !_DB_MUTEX_INT_H_ && HAVE_MUTEX_S390_CC_ASSEMBLY && LOAD_ACTUAL_MUTEX_CODE;endif;625;625
src/dbinc/mutex_int.h;1;HAVE_MUTEX_S390_CC_ASSEMBLY;1 && !_DB_MUTEX_INT_H_ && HAVE_MUTEX_S390_CC_ASSEMBLY;endif;626;626
src/dbinc/mutex_int.h;1;!_DB_MUTEX_INT_H_;1 && !_DB_MUTEX_INT_H_;artifact;627;630
src/dbinc/mutex_int.h;1;HAVE_MUTEX_S390_GCC_ASSEMBLY;1 && !_DB_MUTEX_INT_H_ && HAVE_MUTEX_S390_GCC_ASSEMBLY;if;631;631
src/dbinc/mutex_int.h;1;HAVE_MUTEX_S390_GCC_ASSEMBLY;1 && !_DB_MUTEX_INT_H_ && HAVE_MUTEX_S390_GCC_ASSEMBLY;artifact;632;633
src/dbinc/mutex_int.h;1;LOAD_ACTUAL_MUTEX_CODE;1 && !_DB_MUTEX_INT_H_ && HAVE_MUTEX_S390_GCC_ASSEMBLY && LOAD_ACTUAL_MUTEX_CODE;if;634;634
src/dbinc/mutex_int.h;1;LOAD_ACTUAL_MUTEX_CODE;1 && !_DB_MUTEX_INT_H_ && HAVE_MUTEX_S390_GCC_ASSEMBLY && LOAD_ACTUAL_MUTEX_CODE;artifact;635;652
src/dbinc/mutex_int.h;1;LOAD_ACTUAL_MUTEX_CODE;1 && !_DB_MUTEX_INT_H_ && HAVE_MUTEX_S390_GCC_ASSEMBLY && LOAD_ACTUAL_MUTEX_CODE;endif;653;653
src/dbinc/mutex_int.h;1;HAVE_MUTEX_S390_GCC_ASSEMBLY;1 && !_DB_MUTEX_INT_H_ && HAVE_MUTEX_S390_GCC_ASSEMBLY;endif;654;654
src/dbinc/mutex_int.h;1;!_DB_MUTEX_INT_H_;1 && !_DB_MUTEX_INT_H_;artifact;655;658
src/dbinc/mutex_int.h;1;HAVE_MUTEX_SCO_X86_CC_ASSEMBLY;1 && !_DB_MUTEX_INT_H_ && HAVE_MUTEX_SCO_X86_CC_ASSEMBLY;if;659;659
src/dbinc/mutex_int.h;1;HAVE_MUTEX_SCO_X86_CC_ASSEMBLY;1 && !_DB_MUTEX_INT_H_ && HAVE_MUTEX_SCO_X86_CC_ASSEMBLY;artifact;660;661
src/dbinc/mutex_int.h;1;LOAD_ACTUAL_MUTEX_CODE;1 && !_DB_MUTEX_INT_H_ && HAVE_MUTEX_SCO_X86_CC_ASSEMBLY && LOAD_ACTUAL_MUTEX_CODE;if;662;662
src/dbinc/mutex_int.h;1;LOAD_ACTUAL_MUTEX_CODE;1 && !_DB_MUTEX_INT_H_ && HAVE_MUTEX_SCO_X86_CC_ASSEMBLY && LOAD_ACTUAL_MUTEX_CODE;artifact;663;667
src/dbinc/mutex_int.h;1;DEFINED___LB____USLC____RB__;1 && !_DB_MUTEX_INT_H_ && HAVE_MUTEX_SCO_X86_CC_ASSEMBLY && LOAD_ACTUAL_MUTEX_CODE && DEFINED___LB____USLC____RB__;if;668;668
src/dbinc/mutex_int.h;1;DEFINED___LB____USLC____RB__;1 && !_DB_MUTEX_INT_H_ && HAVE_MUTEX_SCO_X86_CC_ASSEMBLY && LOAD_ACTUAL_MUTEX_CODE && DEFINED___LB____USLC____RB__;artifact;669;678
src/dbinc/mutex_int.h;1;DEFINED___LB____USLC____RB__;1 && !_DB_MUTEX_INT_H_ && HAVE_MUTEX_SCO_X86_CC_ASSEMBLY && LOAD_ACTUAL_MUTEX_CODE && DEFINED___LB____USLC____RB__;endif;679;679
src/dbinc/mutex_int.h;1;LOAD_ACTUAL_MUTEX_CODE;1 && !_DB_MUTEX_INT_H_ && HAVE_MUTEX_SCO_X86_CC_ASSEMBLY && LOAD_ACTUAL_MUTEX_CODE;artifact;680;683
src/dbinc/mutex_int.h;1;LOAD_ACTUAL_MUTEX_CODE;1 && !_DB_MUTEX_INT_H_ && HAVE_MUTEX_SCO_X86_CC_ASSEMBLY && LOAD_ACTUAL_MUTEX_CODE;endif;684;684
src/dbinc/mutex_int.h;1;HAVE_MUTEX_SCO_X86_CC_ASSEMBLY;1 && !_DB_MUTEX_INT_H_ && HAVE_MUTEX_SCO_X86_CC_ASSEMBLY;endif;685;685
src/dbinc/mutex_int.h;1;!_DB_MUTEX_INT_H_;1 && !_DB_MUTEX_INT_H_;artifact;686;689
src/dbinc/mutex_int.h;1;HAVE_MUTEX_SPARC_GCC_ASSEMBLY;1 && !_DB_MUTEX_INT_H_ && HAVE_MUTEX_SPARC_GCC_ASSEMBLY;if;690;690
src/dbinc/mutex_int.h;1;HAVE_MUTEX_SPARC_GCC_ASSEMBLY;1 && !_DB_MUTEX_INT_H_ && HAVE_MUTEX_SPARC_GCC_ASSEMBLY;artifact;691;694
src/dbinc/mutex_int.h;1;LOAD_ACTUAL_MUTEX_CODE;1 && !_DB_MUTEX_INT_H_ && HAVE_MUTEX_SPARC_GCC_ASSEMBLY && LOAD_ACTUAL_MUTEX_CODE;if;695;695
src/dbinc/mutex_int.h;1;LOAD_ACTUAL_MUTEX_CODE;1 && !_DB_MUTEX_INT_H_ && HAVE_MUTEX_SPARC_GCC_ASSEMBLY && LOAD_ACTUAL_MUTEX_CODE;artifact;696;724
src/dbinc/mutex_int.h;1;LOAD_ACTUAL_MUTEX_CODE;1 && !_DB_MUTEX_INT_H_ && HAVE_MUTEX_SPARC_GCC_ASSEMBLY && LOAD_ACTUAL_MUTEX_CODE;endif;725;725
src/dbinc/mutex_int.h;1;HAVE_MUTEX_SPARC_GCC_ASSEMBLY;1 && !_DB_MUTEX_INT_H_ && HAVE_MUTEX_SPARC_GCC_ASSEMBLY;endif;726;726
src/dbinc/mutex_int.h;1;!_DB_MUTEX_INT_H_;1 && !_DB_MUTEX_INT_H_;artifact;727;730
src/dbinc/mutex_int.h;1;HAVE_MUTEX_UTS_CC_ASSEMBLY;1 && !_DB_MUTEX_INT_H_ && HAVE_MUTEX_UTS_CC_ASSEMBLY;if;731;731
src/dbinc/mutex_int.h;1;HAVE_MUTEX_UTS_CC_ASSEMBLY;1 && !_DB_MUTEX_INT_H_ && HAVE_MUTEX_UTS_CC_ASSEMBLY;artifact;732;733
src/dbinc/mutex_int.h;1;LOAD_ACTUAL_MUTEX_CODE;1 && !_DB_MUTEX_INT_H_ && HAVE_MUTEX_UTS_CC_ASSEMBLY && LOAD_ACTUAL_MUTEX_CODE;if;734;734
src/dbinc/mutex_int.h;1;LOAD_ACTUAL_MUTEX_CODE;1 && !_DB_MUTEX_INT_H_ && HAVE_MUTEX_UTS_CC_ASSEMBLY && LOAD_ACTUAL_MUTEX_CODE;artifact;735;737
src/dbinc/mutex_int.h;1;LOAD_ACTUAL_MUTEX_CODE;1 && !_DB_MUTEX_INT_H_ && HAVE_MUTEX_UTS_CC_ASSEMBLY && LOAD_ACTUAL_MUTEX_CODE;endif;738;738
src/dbinc/mutex_int.h;1;HAVE_MUTEX_UTS_CC_ASSEMBLY;1 && !_DB_MUTEX_INT_H_ && HAVE_MUTEX_UTS_CC_ASSEMBLY;endif;739;739
src/dbinc/mutex_int.h;1;!_DB_MUTEX_INT_H_;1 && !_DB_MUTEX_INT_H_;artifact;740;743
src/dbinc/mutex_int.h;1;HAVE_MUTEX_MIPS_GCC_ASSEMBLY;1 && !_DB_MUTEX_INT_H_ && HAVE_MUTEX_MIPS_GCC_ASSEMBLY;if;744;744
src/dbinc/mutex_int.h;1;HAVE_MUTEX_MIPS_GCC_ASSEMBLY;1 && !_DB_MUTEX_INT_H_ && HAVE_MUTEX_MIPS_GCC_ASSEMBLY;artifact;745;748
src/dbinc/mutex_int.h;1;LOAD_ACTUAL_MUTEX_CODE;1 && !_DB_MUTEX_INT_H_ && HAVE_MUTEX_MIPS_GCC_ASSEMBLY && LOAD_ACTUAL_MUTEX_CODE;if;749;749
src/dbinc/mutex_int.h;1;LOAD_ACTUAL_MUTEX_CODE;1 && !_DB_MUTEX_INT_H_ && HAVE_MUTEX_MIPS_GCC_ASSEMBLY && LOAD_ACTUAL_MUTEX_CODE;artifact;750;790
src/dbinc/mutex_int.h;1;LOAD_ACTUAL_MUTEX_CODE;1 && !_DB_MUTEX_INT_H_ && HAVE_MUTEX_MIPS_GCC_ASSEMBLY && LOAD_ACTUAL_MUTEX_CODE;endif;791;791
src/dbinc/mutex_int.h;1;HAVE_MUTEX_MIPS_GCC_ASSEMBLY;1 && !_DB_MUTEX_INT_H_ && HAVE_MUTEX_MIPS_GCC_ASSEMBLY;endif;792;792
src/dbinc/mutex_int.h;1;!_DB_MUTEX_INT_H_;1 && !_DB_MUTEX_INT_H_;artifact;793;796
src/dbinc/mutex_int.h;1;DEFINED___LB__HAVE_MUTEX_X86_GCC_ASSEMBLY__RB__ || DEFINED___LB__HAVE_MUTEX_X86_64_GCC_ASSEMBLY__RB__;1 && !_DB_MUTEX_INT_H_ && (DEFINED___LB__HAVE_MUTEX_X86_GCC_ASSEMBLY__RB__ || DEFINED___LB__HAVE_MUTEX_X86_64_GCC_ASSEMBLY__RB__);if;797;798
src/dbinc/mutex_int.h;1;DEFINED___LB__HAVE_MUTEX_X86_GCC_ASSEMBLY__RB__ || DEFINED___LB__HAVE_MUTEX_X86_64_GCC_ASSEMBLY__RB__;1 && !_DB_MUTEX_INT_H_ && (DEFINED___LB__HAVE_MUTEX_X86_GCC_ASSEMBLY__RB__ || DEFINED___LB__HAVE_MUTEX_X86_64_GCC_ASSEMBLY__RB__);artifact;799;800
src/dbinc/mutex_int.h;1;LOAD_ACTUAL_MUTEX_CODE;1 && !_DB_MUTEX_INT_H_ && (DEFINED___LB__HAVE_MUTEX_X86_GCC_ASSEMBLY__RB__ || DEFINED___LB__HAVE_MUTEX_X86_64_GCC_ASSEMBLY__RB__) && LOAD_ACTUAL_MUTEX_CODE;if;801;801
src/dbinc/mutex_int.h;1;LOAD_ACTUAL_MUTEX_CODE;1 && !_DB_MUTEX_INT_H_ && (DEFINED___LB__HAVE_MUTEX_X86_GCC_ASSEMBLY__RB__ || DEFINED___LB__HAVE_MUTEX_X86_64_GCC_ASSEMBLY__RB__) && LOAD_ACTUAL_MUTEX_CODE;artifact;802;819
src/dbinc/mutex_int.h;1;DEFINED___LB__HAVE_MUTEX_X86_GCC_ASSEMBLY__RB__;1 && !_DB_MUTEX_INT_H_ && (DEFINED___LB__HAVE_MUTEX_X86_GCC_ASSEMBLY__RB__ || DEFINED___LB__HAVE_MUTEX_X86_64_GCC_ASSEMBLY__RB__) && LOAD_ACTUAL_MUTEX_CODE && DEFINED___LB__HAVE_MUTEX_X86_GCC_ASSEMBLY__RB__;if;820;820
src/dbinc/mutex_int.h;1;DEFINED___LB__HAVE_MUTEX_X86_GCC_ASSEMBLY__RB__;1 && !_DB_MUTEX_INT_H_ && (DEFINED___LB__HAVE_MUTEX_X86_GCC_ASSEMBLY__RB__ || DEFINED___LB__HAVE_MUTEX_X86_64_GCC_ASSEMBLY__RB__) && LOAD_ACTUAL_MUTEX_CODE && DEFINED___LB__HAVE_MUTEX_X86_GCC_ASSEMBLY__RB__;artifact;821;822
src/dbinc/mutex_int.h;1;!DEFINED___LB__HAVE_MUTEX_X86_GCC_ASSEMBLY__RB__;!DEFINED___LB__HAVE_MUTEX_X86_GCC_ASSEMBLY__RB__ && 1 && !_DB_MUTEX_INT_H_ && (DEFINED___LB__HAVE_MUTEX_X86_GCC_ASSEMBLY__RB__ || DEFINED___LB__HAVE_MUTEX_X86_64_GCC_ASSEMBLY__RB__) && LOAD_ACTUAL_MUTEX_CODE;else;823;823
src/dbinc/mutex_int.h;1;!DEFINED___LB__HAVE_MUTEX_X86_GCC_ASSEMBLY__RB__;!DEFINED___LB__HAVE_MUTEX_X86_GCC_ASSEMBLY__RB__ && 1 && !_DB_MUTEX_INT_H_ && (DEFINED___LB__HAVE_MUTEX_X86_GCC_ASSEMBLY__RB__ || DEFINED___LB__HAVE_MUTEX_X86_64_GCC_ASSEMBLY__RB__) && LOAD_ACTUAL_MUTEX_CODE;artifact;824;825
src/dbinc/mutex_int.h;1;!DEFINED___LB__HAVE_MUTEX_X86_GCC_ASSEMBLY__RB__;!DEFINED___LB__HAVE_MUTEX_X86_GCC_ASSEMBLY__RB__ && 1 && !_DB_MUTEX_INT_H_ && (DEFINED___LB__HAVE_MUTEX_X86_GCC_ASSEMBLY__RB__ || DEFINED___LB__HAVE_MUTEX_X86_64_GCC_ASSEMBLY__RB__) && LOAD_ACTUAL_MUTEX_CODE;endif;826;826
src/dbinc/mutex_int.h;1;LOAD_ACTUAL_MUTEX_CODE;1 && !_DB_MUTEX_INT_H_ && (DEFINED___LB__HAVE_MUTEX_X86_GCC_ASSEMBLY__RB__ || DEFINED___LB__HAVE_MUTEX_X86_64_GCC_ASSEMBLY__RB__) && LOAD_ACTUAL_MUTEX_CODE;artifact;827;837
src/dbinc/mutex_int.h;1;LOAD_ACTUAL_MUTEX_CODE;1 && !_DB_MUTEX_INT_H_ && (DEFINED___LB__HAVE_MUTEX_X86_GCC_ASSEMBLY__RB__ || DEFINED___LB__HAVE_MUTEX_X86_64_GCC_ASSEMBLY__RB__) && LOAD_ACTUAL_MUTEX_CODE;endif;838;838
src/dbinc/mutex_int.h;1;DEFINED___LB__HAVE_MUTEX_X86_GCC_ASSEMBLY__RB__ || DEFINED___LB__HAVE_MUTEX_X86_64_GCC_ASSEMBLY__RB__;1 && !_DB_MUTEX_INT_H_ && (DEFINED___LB__HAVE_MUTEX_X86_GCC_ASSEMBLY__RB__ || DEFINED___LB__HAVE_MUTEX_X86_64_GCC_ASSEMBLY__RB__);endif;839;839
src/dbinc/mutex_int.h;1;!_DB_MUTEX_INT_H_;1 && !_DB_MUTEX_INT_H_;artifact;840;851
src/dbinc/mutex_int.h;1;!MUTEX_ALIGN;1 && !_DB_MUTEX_INT_H_ && !MUTEX_ALIGN;if;852;852
src/dbinc/mutex_int.h;1;!MUTEX_ALIGN;1 && !_DB_MUTEX_INT_H_ && !MUTEX_ALIGN;artifact;853;853
src/dbinc/mutex_int.h;1;!MUTEX_ALIGN;1 && !_DB_MUTEX_INT_H_ && !MUTEX_ALIGN;endif;854;854
src/dbinc/mutex_int.h;1;!_DB_MUTEX_INT_H_;1 && !_DB_MUTEX_INT_H_;artifact;855;858
src/dbinc/mutex_int.h;1;!MUTEX_DESTROY;1 && !_DB_MUTEX_INT_H_ && !MUTEX_DESTROY;if;859;859
src/dbinc/mutex_int.h;1;!MUTEX_DESTROY;1 && !_DB_MUTEX_INT_H_ && !MUTEX_DESTROY;artifact;860;860
src/dbinc/mutex_int.h;1;!MUTEX_DESTROY;1 && !_DB_MUTEX_INT_H_ && !MUTEX_DESTROY;endif;861;861
src/dbinc/mutex_int.h;1;!_DB_MUTEX_INT_H_;1 && !_DB_MUTEX_INT_H_;artifact;862;865
src/dbinc/mutex_int.h;1;!MUTEX_PAUSE;1 && !_DB_MUTEX_INT_H_ && !MUTEX_PAUSE;if;866;866
src/dbinc/mutex_int.h;1;!MUTEX_PAUSE;1 && !_DB_MUTEX_INT_H_ && !MUTEX_PAUSE;artifact;867;867
src/dbinc/mutex_int.h;1;!MUTEX_PAUSE;1 && !_DB_MUTEX_INT_H_ && !MUTEX_PAUSE;endif;868;868
src/dbinc/mutex_int.h;1;!_DB_MUTEX_INT_H_;1 && !_DB_MUTEX_INT_H_;artifact;869;879
src/dbinc/mutex_int.h;1;!DEFINED___LB__HAVE_ATOMIC_SUPPORT__RB__ && DEFINED___LB__HAVE_MUTEX_SUPPORT__RB__ && !DEFINED___LB__MAX_ATOMIC_MUTEXES__RB__;1 && !_DB_MUTEX_INT_H_ && !DEFINED___LB__HAVE_ATOMIC_SUPPORT__RB__ && DEFINED___LB__HAVE_MUTEX_SUPPORT__RB__ && !DEFINED___LB__MAX_ATOMIC_MUTEXES__RB__;if;880;881
src/dbinc/mutex_int.h;1;!DEFINED___LB__HAVE_ATOMIC_SUPPORT__RB__ && DEFINED___LB__HAVE_MUTEX_SUPPORT__RB__ && !DEFINED___LB__MAX_ATOMIC_MUTEXES__RB__;1 && !_DB_MUTEX_INT_H_ && !DEFINED___LB__HAVE_ATOMIC_SUPPORT__RB__ && DEFINED___LB__HAVE_MUTEX_SUPPORT__RB__ && !DEFINED___LB__MAX_ATOMIC_MUTEXES__RB__;artifact;882;882
src/dbinc/mutex_int.h;1;!DEFINED___LB__HAVE_ATOMIC_SUPPORT__RB__ && DEFINED___LB__HAVE_MUTEX_SUPPORT__RB__ && !DEFINED___LB__MAX_ATOMIC_MUTEXES__RB__;1 && !_DB_MUTEX_INT_H_ && !DEFINED___LB__HAVE_ATOMIC_SUPPORT__RB__ && DEFINED___LB__HAVE_MUTEX_SUPPORT__RB__ && !DEFINED___LB__MAX_ATOMIC_MUTEXES__RB__;endif;883;883
src/dbinc/mutex_int.h;1;!_DB_MUTEX_INT_H_;1 && !_DB_MUTEX_INT_H_;artifact;884;920
src/dbinc/mutex_int.h;1;!DEFINED___LB__HAVE_ATOMIC_SUPPORT__RB__ && DEFINED___LB__HAVE_MUTEX_SUPPORT__RB__;1 && !_DB_MUTEX_INT_H_ && !DEFINED___LB__HAVE_ATOMIC_SUPPORT__RB__ && DEFINED___LB__HAVE_MUTEX_SUPPORT__RB__;if;921;921
src/dbinc/mutex_int.h;1;!DEFINED___LB__HAVE_ATOMIC_SUPPORT__RB__ && DEFINED___LB__HAVE_MUTEX_SUPPORT__RB__;1 && !_DB_MUTEX_INT_H_ && !DEFINED___LB__HAVE_ATOMIC_SUPPORT__RB__ && DEFINED___LB__HAVE_MUTEX_SUPPORT__RB__;artifact;922;923
src/dbinc/mutex_int.h;1;!DEFINED___LB__HAVE_ATOMIC_SUPPORT__RB__ && DEFINED___LB__HAVE_MUTEX_SUPPORT__RB__;1 && !_DB_MUTEX_INT_H_ && !DEFINED___LB__HAVE_ATOMIC_SUPPORT__RB__ && DEFINED___LB__HAVE_MUTEX_SUPPORT__RB__;endif;924;924
src/dbinc/mutex_int.h;1;!_DB_MUTEX_INT_H_;1 && !_DB_MUTEX_INT_H_;artifact;925;928
src/dbinc/mutex_int.h;1;HAVE_MUTEX_SUPPORT;1 && !_DB_MUTEX_INT_H_ && HAVE_MUTEX_SUPPORT;if;929;929
src/dbinc/mutex_int.h;1;HAVE_MUTEX_SUPPORT;1 && !_DB_MUTEX_INT_H_ && HAVE_MUTEX_SUPPORT;artifact;930;930
src/dbinc/mutex_int.h;1;MUTEX_FIELDS;1 && !_DB_MUTEX_INT_H_ && HAVE_MUTEX_SUPPORT && MUTEX_FIELDS;if;931;931
src/dbinc/mutex_int.h;1;MUTEX_FIELDS;1 && !_DB_MUTEX_INT_H_ && HAVE_MUTEX_SUPPORT && MUTEX_FIELDS;artifact;932;932
src/dbinc/mutex_int.h;1;MUTEX_FIELDS;1 && !_DB_MUTEX_INT_H_ && HAVE_MUTEX_SUPPORT && MUTEX_FIELDS;endif;933;933
src/dbinc/mutex_int.h;1;!HAVE_MUTEX_FCNTL;1 && !_DB_MUTEX_INT_H_ && HAVE_MUTEX_SUPPORT && !HAVE_MUTEX_FCNTL;if;934;934
src/dbinc/mutex_int.h;1;(DEFINED___LB__HAVE_MUTEX_HYBRID__RB__ || DEFINED___LB__HAVE_SHARED_LATCHES__RB__) && (DEFINED___LB__HAVE_MUTEX_HYBRID__RB__ || !DEFINED___LB__HAVE_MUTEX_PTHREADS__RB__);1 && !_DB_MUTEX_INT_H_ && HAVE_MUTEX_SUPPORT && !HAVE_MUTEX_FCNTL && (DEFINED___LB__HAVE_MUTEX_HYBRID__RB__ || DEFINED___LB__HAVE_SHARED_LATCHES__RB__) && (DEFINED___LB__HAVE_MUTEX_HYBRID__RB__ || !DEFINED___LB__HAVE_MUTEX_PTHREADS__RB__);if;935;936
src/dbinc/mutex_int.h;1;(DEFINED___LB__HAVE_MUTEX_HYBRID__RB__ || DEFINED___LB__HAVE_SHARED_LATCHES__RB__) && (DEFINED___LB__HAVE_MUTEX_HYBRID__RB__ || !DEFINED___LB__HAVE_MUTEX_PTHREADS__RB__);1 && !_DB_MUTEX_INT_H_ && HAVE_MUTEX_SUPPORT && !HAVE_MUTEX_FCNTL && (DEFINED___LB__HAVE_MUTEX_HYBRID__RB__ || DEFINED___LB__HAVE_SHARED_LATCHES__RB__) && (DEFINED___LB__HAVE_MUTEX_HYBRID__RB__ || !DEFINED___LB__HAVE_MUTEX_PTHREADS__RB__);artifact;937;945
src/dbinc/mutex_int.h;1;!DEFINED___LB__MUTEX_FIELDS__RB__ && !DEFINED___LB__HAVE_MUTEX_HYBRID__RB__ && (!DEFINED___LB__HAVE_SHARED_LATCHES__RB__ || DEFINED___LB__HAVE_MUTEX_PTHREADS__RB__);!DEFINED___LB__MUTEX_FIELDS__RB__ && !DEFINED___LB__HAVE_MUTEX_HYBRID__RB__ && (!DEFINED___LB__HAVE_SHARED_LATCHES__RB__ || DEFINED___LB__HAVE_MUTEX_PTHREADS__RB__) && 1 && !_DB_MUTEX_INT_H_ && HAVE_MUTEX_SUPPORT && !HAVE_MUTEX_FCNTL;elif;946;946
src/dbinc/mutex_int.h;1;!DEFINED___LB__MUTEX_FIELDS__RB__ && !DEFINED___LB__HAVE_MUTEX_HYBRID__RB__ && (!DEFINED___LB__HAVE_SHARED_LATCHES__RB__ || DEFINED___LB__HAVE_MUTEX_PTHREADS__RB__);!DEFINED___LB__MUTEX_FIELDS__RB__ && !DEFINED___LB__HAVE_MUTEX_HYBRID__RB__ && (!DEFINED___LB__HAVE_SHARED_LATCHES__RB__ || DEFINED___LB__HAVE_MUTEX_PTHREADS__RB__) && 1 && !_DB_MUTEX_INT_H_ && HAVE_MUTEX_SUPPORT && !HAVE_MUTEX_FCNTL;artifact;947;951
src/dbinc/mutex_int.h;1;!DEFINED___LB__MUTEX_FIELDS__RB__ && !DEFINED___LB__HAVE_MUTEX_HYBRID__RB__ && (!DEFINED___LB__HAVE_SHARED_LATCHES__RB__ || DEFINED___LB__HAVE_MUTEX_PTHREADS__RB__);!DEFINED___LB__MUTEX_FIELDS__RB__ && !DEFINED___LB__HAVE_MUTEX_HYBRID__RB__ && (!DEFINED___LB__HAVE_SHARED_LATCHES__RB__ || DEFINED___LB__HAVE_MUTEX_PTHREADS__RB__) && 1 && !_DB_MUTEX_INT_H_ && HAVE_MUTEX_SUPPORT && !HAVE_MUTEX_FCNTL;endif;952;952
src/dbinc/mutex_int.h;1;!HAVE_MUTEX_FCNTL;1 && !_DB_MUTEX_INT_H_ && HAVE_MUTEX_SUPPORT && !HAVE_MUTEX_FCNTL;endif;953;953
src/dbinc/mutex_int.h;1;HAVE_MUTEX_HYBRID;1 && !_DB_MUTEX_INT_H_ && HAVE_MUTEX_SUPPORT && HAVE_MUTEX_HYBRID;if;954;954
src/dbinc/mutex_int.h;1;HAVE_MUTEX_HYBRID;1 && !_DB_MUTEX_INT_H_ && HAVE_MUTEX_SUPPORT && HAVE_MUTEX_HYBRID;artifact;955;955
src/dbinc/mutex_int.h;1;HAVE_MUTEX_HYBRID;1 && !_DB_MUTEX_INT_H_ && HAVE_MUTEX_SUPPORT && HAVE_MUTEX_HYBRID;endif;956;956
src/dbinc/mutex_int.h;1;HAVE_MUTEX_SUPPORT;1 && !_DB_MUTEX_INT_H_ && HAVE_MUTEX_SUPPORT;artifact;957;961
src/dbinc/mutex_int.h;1;HAVE_STATISTICS;1 && !_DB_MUTEX_INT_H_ && HAVE_MUTEX_SUPPORT && HAVE_STATISTICS;if;962;962
src/dbinc/mutex_int.h;1;HAVE_STATISTICS;1 && !_DB_MUTEX_INT_H_ && HAVE_MUTEX_SUPPORT && HAVE_STATISTICS;artifact;963;966
src/dbinc/mutex_int.h;1;HAVE_SHARED_LATCHES;1 && !_DB_MUTEX_INT_H_ && HAVE_MUTEX_SUPPORT && HAVE_STATISTICS && HAVE_SHARED_LATCHES;if;967;967
src/dbinc/mutex_int.h;1;HAVE_SHARED_LATCHES;1 && !_DB_MUTEX_INT_H_ && HAVE_MUTEX_SUPPORT && HAVE_STATISTICS && HAVE_SHARED_LATCHES;artifact;968;969
src/dbinc/mutex_int.h;1;HAVE_SHARED_LATCHES;1 && !_DB_MUTEX_INT_H_ && HAVE_MUTEX_SUPPORT && HAVE_STATISTICS && HAVE_SHARED_LATCHES;endif;970;970
src/dbinc/mutex_int.h;1;HAVE_MUTEX_HYBRID;1 && !_DB_MUTEX_INT_H_ && HAVE_MUTEX_SUPPORT && HAVE_STATISTICS && HAVE_MUTEX_HYBRID;if;971;971
src/dbinc/mutex_int.h;1;HAVE_MUTEX_HYBRID;1 && !_DB_MUTEX_INT_H_ && HAVE_MUTEX_SUPPORT && HAVE_STATISTICS && HAVE_MUTEX_HYBRID;artifact;972;973
src/dbinc/mutex_int.h;1;HAVE_MUTEX_HYBRID;1 && !_DB_MUTEX_INT_H_ && HAVE_MUTEX_SUPPORT && HAVE_STATISTICS && HAVE_MUTEX_HYBRID;endif;974;974
src/dbinc/mutex_int.h;1;HAVE_STATISTICS;1 && !_DB_MUTEX_INT_H_ && HAVE_MUTEX_SUPPORT && HAVE_STATISTICS;endif;975;975
src/dbinc/mutex_int.h;1;HAVE_MUTEX_SUPPORT;1 && !_DB_MUTEX_INT_H_ && HAVE_MUTEX_SUPPORT;artifact;976;985
src/dbinc/mutex_int.h;1;HAVE_MUTEX_SUPPORT;1 && !_DB_MUTEX_INT_H_ && HAVE_MUTEX_SUPPORT;endif;986;986
src/dbinc/mutex_int.h;1;!_DB_MUTEX_INT_H_;1 && !_DB_MUTEX_INT_H_;artifact;987;998
src/dbinc/mutex_int.h;1;HAVE_MUTEX_SUPPORT;1 && !_DB_MUTEX_INT_H_ && HAVE_MUTEX_SUPPORT;if;999;999
src/dbinc/mutex_int.h;1;HAVE_MUTEX_SUPPORT;1 && !_DB_MUTEX_INT_H_ && HAVE_MUTEX_SUPPORT;artifact;1000;1003
src/dbinc/mutex_int.h;1;!HAVE_MUTEX_SUPPORT;!HAVE_MUTEX_SUPPORT && 1 && !_DB_MUTEX_INT_H_;else;1004;1004
src/dbinc/mutex_int.h;1;!HAVE_MUTEX_SUPPORT;!HAVE_MUTEX_SUPPORT && 1 && !_DB_MUTEX_INT_H_;artifact;1005;1005
src/dbinc/mutex_int.h;1;!HAVE_MUTEX_SUPPORT;!HAVE_MUTEX_SUPPORT && 1 && !_DB_MUTEX_INT_H_;endif;1006;1006
src/dbinc/mutex_int.h;1;!_DB_MUTEX_INT_H_;1 && !_DB_MUTEX_INT_H_;artifact;1007;1007
src/dbinc/mutex_int.h;1;(DEFINED___LB__HAVE_MUTEX_HYBRID__RB__ || DEFINED___LB__DB_WIN32__RB__ || DEFINED___LB__HAVE_SHARED_LATCHES__RB__) && (DEFINED___LB__HAVE_MUTEX_HYBRID__RB__ || DEFINED___LB__DB_WIN32__RB__ || !DEFINED___LB__HAVE_MUTEX_PTHREADS__RB__);1 && !_DB_MUTEX_INT_H_ && (DEFINED___LB__HAVE_MUTEX_HYBRID__RB__ || DEFINED___LB__DB_WIN32__RB__ || DEFINED___LB__HAVE_SHARED_LATCHES__RB__) && (DEFINED___LB__HAVE_MUTEX_HYBRID__RB__ || DEFINED___LB__DB_WIN32__RB__ || !DEFINED___LB__HAVE_MUTEX_PTHREADS__RB__);if;1008;1009
src/dbinc/mutex_int.h;1;(DEFINED___LB__HAVE_MUTEX_HYBRID__RB__ || DEFINED___LB__DB_WIN32__RB__ || DEFINED___LB__HAVE_SHARED_LATCHES__RB__) && (DEFINED___LB__HAVE_MUTEX_HYBRID__RB__ || DEFINED___LB__DB_WIN32__RB__ || !DEFINED___LB__HAVE_MUTEX_PTHREADS__RB__);1 && !_DB_MUTEX_INT_H_ && (DEFINED___LB__HAVE_MUTEX_HYBRID__RB__ || DEFINED___LB__DB_WIN32__RB__ || DEFINED___LB__HAVE_SHARED_LATCHES__RB__) && (DEFINED___LB__HAVE_MUTEX_HYBRID__RB__ || DEFINED___LB__DB_WIN32__RB__ || !DEFINED___LB__HAVE_MUTEX_PTHREADS__RB__);artifact;1010;1016
src/dbinc/mutex_int.h;1;!DEFINED___LB__HAVE_MUTEX_HYBRID__RB__ && !DEFINED___LB__DB_WIN32__RB__ && (!DEFINED___LB__HAVE_SHARED_LATCHES__RB__ || DEFINED___LB__HAVE_MUTEX_PTHREADS__RB__);!DEFINED___LB__HAVE_MUTEX_HYBRID__RB__ && !DEFINED___LB__DB_WIN32__RB__ && (!DEFINED___LB__HAVE_SHARED_LATCHES__RB__ || DEFINED___LB__HAVE_MUTEX_PTHREADS__RB__) && 1 && !_DB_MUTEX_INT_H_;else;1017;1017
src/dbinc/mutex_int.h;1;!DEFINED___LB__HAVE_MUTEX_HYBRID__RB__ && !DEFINED___LB__DB_WIN32__RB__ && (!DEFINED___LB__HAVE_SHARED_LATCHES__RB__ || DEFINED___LB__HAVE_MUTEX_PTHREADS__RB__);!DEFINED___LB__HAVE_MUTEX_HYBRID__RB__ && !DEFINED___LB__DB_WIN32__RB__ && (!DEFINED___LB__HAVE_SHARED_LATCHES__RB__ || DEFINED___LB__HAVE_MUTEX_PTHREADS__RB__) && 1 && !_DB_MUTEX_INT_H_;artifact;1018;1020
src/dbinc/mutex_int.h;1;!DEFINED___LB__HAVE_MUTEX_HYBRID__RB__ && !DEFINED___LB__DB_WIN32__RB__ && (!DEFINED___LB__HAVE_SHARED_LATCHES__RB__ || DEFINED___LB__HAVE_MUTEX_PTHREADS__RB__);!DEFINED___LB__HAVE_MUTEX_HYBRID__RB__ && !DEFINED___LB__DB_WIN32__RB__ && (!DEFINED___LB__HAVE_SHARED_LATCHES__RB__ || DEFINED___LB__HAVE_MUTEX_PTHREADS__RB__) && 1 && !_DB_MUTEX_INT_H_;endif;1021;1021
src/dbinc/mutex_int.h;1;!_DB_MUTEX_INT_H_;1 && !_DB_MUTEX_INT_H_;artifact;1022;1037
src/dbinc/mutex_int.h;1;LOAD_ACTUAL_MUTEX_CODE;1 && !_DB_MUTEX_INT_H_ && LOAD_ACTUAL_MUTEX_CODE;if;1038;1038
src/dbinc/mutex_int.h;1;LOAD_ACTUAL_MUTEX_CODE;1 && !_DB_MUTEX_INT_H_ && LOAD_ACTUAL_MUTEX_CODE;artifact;1039;1039
src/dbinc/mutex_int.h;1;DEFINED___LB__HAVE_SHARED_LATCHES__RB__;1 && !_DB_MUTEX_INT_H_ && LOAD_ACTUAL_MUTEX_CODE && DEFINED___LB__HAVE_SHARED_LATCHES__RB__;if;1040;1040
src/dbinc/mutex_int.h;1;DEFINED___LB__HAVE_SHARED_LATCHES__RB__;1 && !_DB_MUTEX_INT_H_ && LOAD_ACTUAL_MUTEX_CODE && DEFINED___LB__HAVE_SHARED_LATCHES__RB__;artifact;1041;1055
src/dbinc/mutex_int.h;1;!DEFINED___LB__HAVE_SHARED_LATCHES__RB__;!DEFINED___LB__HAVE_SHARED_LATCHES__RB__ && 1 && !_DB_MUTEX_INT_H_ && LOAD_ACTUAL_MUTEX_CODE;else;1056;1056
src/dbinc/mutex_int.h;1;!DEFINED___LB__HAVE_SHARED_LATCHES__RB__;!DEFINED___LB__HAVE_SHARED_LATCHES__RB__ && 1 && !_DB_MUTEX_INT_H_ && LOAD_ACTUAL_MUTEX_CODE;artifact;1057;1057
src/dbinc/mutex_int.h;1;!DEFINED___LB__HAVE_SHARED_LATCHES__RB__;!DEFINED___LB__HAVE_SHARED_LATCHES__RB__ && 1 && !_DB_MUTEX_INT_H_ && LOAD_ACTUAL_MUTEX_CODE;endif;1058;1058
src/dbinc/mutex_int.h;1;LOAD_ACTUAL_MUTEX_CODE;1 && !_DB_MUTEX_INT_H_ && LOAD_ACTUAL_MUTEX_CODE;artifact;1059;1059
src/dbinc/mutex_int.h;1;!MEMBAR_ENTER;1 && !_DB_MUTEX_INT_H_ && LOAD_ACTUAL_MUTEX_CODE && !MEMBAR_ENTER;if;1060;1060
src/dbinc/mutex_int.h;1;!MEMBAR_ENTER;1 && !_DB_MUTEX_INT_H_ && LOAD_ACTUAL_MUTEX_CODE && !MEMBAR_ENTER;artifact;1061;1062
src/dbinc/mutex_int.h;1;!MEMBAR_ENTER;1 && !_DB_MUTEX_INT_H_ && LOAD_ACTUAL_MUTEX_CODE && !MEMBAR_ENTER;endif;1063;1063
src/dbinc/mutex_int.h;1;LOAD_ACTUAL_MUTEX_CODE;1 && !_DB_MUTEX_INT_H_ && LOAD_ACTUAL_MUTEX_CODE;artifact;1064;1064
src/dbinc/mutex_int.h;1;LOAD_ACTUAL_MUTEX_CODE;1 && !_DB_MUTEX_INT_H_ && LOAD_ACTUAL_MUTEX_CODE;endif;1065;1065
src/dbinc/mutex_int.h;1;!_DB_MUTEX_INT_H_;1 && !_DB_MUTEX_INT_H_;artifact;1066;1066
src/dbinc/mutex_int.h;1;DEFINED___LB____cplusplus__RB__;1 && !_DB_MUTEX_INT_H_ && DEFINED___LB____cplusplus__RB__;if;1067;1067
src/dbinc/mutex_int.h;1;DEFINED___LB____cplusplus__RB__;1 && !_DB_MUTEX_INT_H_ && DEFINED___LB____cplusplus__RB__;artifact;1068;1068
src/dbinc/mutex_int.h;1;DEFINED___LB____cplusplus__RB__;1 && !_DB_MUTEX_INT_H_ && DEFINED___LB____cplusplus__RB__;endif;1069;1069
src/dbinc/mutex_int.h;1;!_DB_MUTEX_INT_H_;1 && !_DB_MUTEX_INT_H_;endif;1070;1070
src/dbinc/mutex_int.h;1;1;1;artifact;1071;1071
src/dbinc/os.h;1;1;1;ROOT;1;180
src/dbinc/os.h;1;1;1;artifact;1;8
src/dbinc/os.h;1;!_DB_OS_H_;1 && !_DB_OS_H_;if;9;9
src/dbinc/os.h;1;!_DB_OS_H_;1 && !_DB_OS_H_;artifact;10;11
src/dbinc/os.h;1;DEFINED___LB____cplusplus__RB__;1 && !_DB_OS_H_ && DEFINED___LB____cplusplus__RB__;if;12;12
src/dbinc/os.h;1;DEFINED___LB____cplusplus__RB__;1 && !_DB_OS_H_ && DEFINED___LB____cplusplus__RB__;artifact;13;13
src/dbinc/os.h;1;DEFINED___LB____cplusplus__RB__;1 && !_DB_OS_H_ && DEFINED___LB____cplusplus__RB__;endif;14;14
src/dbinc/os.h;1;!_DB_OS_H_;1 && !_DB_OS_H_;artifact;15;18
src/dbinc/os.h;1;__TANDEM;1 && !_DB_OS_H_ && __TANDEM;if;19;19
src/dbinc/os.h;1;__TANDEM;1 && !_DB_OS_H_ && __TANDEM;artifact;20;36
src/dbinc/os.h;1;!__TANDEM;!__TANDEM && 1 && !_DB_OS_H_;else;37;37
src/dbinc/os.h;1;!__TANDEM;!__TANDEM && 1 && !_DB_OS_H_;artifact;38;50
src/dbinc/os.h;1;!__TANDEM;!__TANDEM && 1 && !_DB_OS_H_;endif;51;51
src/dbinc/os.h;1;!_DB_OS_H_;1 && !_DB_OS_H_;artifact;52;127
src/dbinc/os.h;1;DEFINED___LB__DB_WIN32__RB__;1 && !_DB_OS_H_ && DEFINED___LB__DB_WIN32__RB__;if;128;128
src/dbinc/os.h;1;DEFINED___LB__DB_WIN32__RB__;1 && !_DB_OS_H_ && DEFINED___LB__DB_WIN32__RB__;artifact;129;130
src/dbinc/os.h;1;DEFINED___LB__DB_WIN32__RB__;1 && !_DB_OS_H_ && DEFINED___LB__DB_WIN32__RB__;endif;131;131
src/dbinc/os.h;1;!_DB_OS_H_;1 && !_DB_OS_H_;artifact;132;143
src/dbinc/os.h;1;HAVE_STATISTICS;1 && !_DB_OS_H_ && HAVE_STATISTICS;if;144;144
src/dbinc/os.h;1;HAVE_STATISTICS;1 && !_DB_OS_H_ && HAVE_STATISTICS;artifact;145;147
src/dbinc/os.h;1;HAVE_STATISTICS;1 && !_DB_OS_H_ && HAVE_STATISTICS;endif;148;148
src/dbinc/os.h;1;!_DB_OS_H_;1 && !_DB_OS_H_;artifact;149;164
src/dbinc/os.h;1;HAVE_VXWORKS;1 && !_DB_OS_H_ && HAVE_VXWORKS;if;165;165
src/dbinc/os.h;1;HAVE_VXWORKS;1 && !_DB_OS_H_ && HAVE_VXWORKS;artifact;166;167
src/dbinc/os.h;1;!HAVE_VXWORKS;!HAVE_VXWORKS && 1 && !_DB_OS_H_;else;168;168
src/dbinc/os.h;1;!HAVE_VXWORKS;!HAVE_VXWORKS && 1 && !_DB_OS_H_;artifact;169;170
src/dbinc/os.h;1;!HAVE_VXWORKS;!HAVE_VXWORKS && 1 && !_DB_OS_H_;endif;171;171
src/dbinc/os.h;1;!_DB_OS_H_;1 && !_DB_OS_H_;artifact;172;172
src/dbinc/os.h;1;DEFINED___LB____cplusplus__RB__;1 && !_DB_OS_H_ && DEFINED___LB____cplusplus__RB__;if;173;173
src/dbinc/os.h;1;DEFINED___LB____cplusplus__RB__;1 && !_DB_OS_H_ && DEFINED___LB____cplusplus__RB__;artifact;174;174
src/dbinc/os.h;1;DEFINED___LB____cplusplus__RB__;1 && !_DB_OS_H_ && DEFINED___LB____cplusplus__RB__;endif;175;175
src/dbinc/os.h;1;!_DB_OS_H_;1 && !_DB_OS_H_;artifact;176;177
src/dbinc/os.h;1;!_DB_OS_H_;1 && !_DB_OS_H_;endif;178;178
src/dbinc/os.h;1;1;1;artifact;179;179
src/dbinc/partition.h;1;1;1;ROOT;1;59
src/dbinc/partition.h;1;1;1;artifact;1;8
src/dbinc/partition.h;1;!_DB_PART_H_;1 && !_DB_PART_H_;if;9;9
src/dbinc/partition.h;1;!_DB_PART_H_;1 && !_DB_PART_H_;artifact;10;11
src/dbinc/partition.h;1;DEFINED___LB____cplusplus__RB__;1 && !_DB_PART_H_ && DEFINED___LB____cplusplus__RB__;if;12;12
src/dbinc/partition.h;1;DEFINED___LB____cplusplus__RB__;1 && !_DB_PART_H_ && DEFINED___LB____cplusplus__RB__;artifact;13;13
src/dbinc/partition.h;1;DEFINED___LB____cplusplus__RB__;1 && !_DB_PART_H_ && DEFINED___LB____cplusplus__RB__;endif;14;14
src/dbinc/partition.h;1;!_DB_PART_H_;1 && !_DB_PART_H_;artifact;15;36
src/dbinc/partition.h;1;HAVE_PARTITION;1 && !_DB_PART_H_ && HAVE_PARTITION;if;37;37
src/dbinc/partition.h;1;HAVE_PARTITION;1 && !_DB_PART_H_ && HAVE_PARTITION;artifact;38;48
src/dbinc/partition.h;1;!HAVE_PARTITION;!HAVE_PARTITION && 1 && !_DB_PART_H_;else;49;49
src/dbinc/partition.h;1;!HAVE_PARTITION;!HAVE_PARTITION && 1 && !_DB_PART_H_;artifact;50;51
src/dbinc/partition.h;1;!HAVE_PARTITION;!HAVE_PARTITION && 1 && !_DB_PART_H_;endif;52;52
src/dbinc/partition.h;1;!_DB_PART_H_;1 && !_DB_PART_H_;artifact;53;53
src/dbinc/partition.h;1;DEFINED___LB____cplusplus__RB__;1 && !_DB_PART_H_ && DEFINED___LB____cplusplus__RB__;if;54;54
src/dbinc/partition.h;1;DEFINED___LB____cplusplus__RB__;1 && !_DB_PART_H_ && DEFINED___LB____cplusplus__RB__;artifact;55;55
src/dbinc/partition.h;1;DEFINED___LB____cplusplus__RB__;1 && !_DB_PART_H_ && DEFINED___LB____cplusplus__RB__;endif;56;56
src/dbinc/partition.h;1;!_DB_PART_H_;1 && !_DB_PART_H_;endif;57;57
src/dbinc/partition.h;1;1;1;artifact;58;58
src/dbinc/perfmon.h;1;1;1;ROOT;1;105
src/dbinc/perfmon.h;1;1;1;artifact;1;8
src/dbinc/perfmon.h;1;!_DB_PERFMON_H_;1 && !_DB_PERFMON_H_;if;9;9
src/dbinc/perfmon.h;1;!_DB_PERFMON_H_;1 && !_DB_PERFMON_H_;artifact;10;30
src/dbinc/perfmon.h;1;HAVE_PERFMON_STATISTICS;1 && !_DB_PERFMON_H_ && HAVE_PERFMON_STATISTICS;if;31;31
src/dbinc/perfmon.h;1;HAVE_PERFMON_STATISTICS;1 && !_DB_PERFMON_H_ && HAVE_PERFMON_STATISTICS;artifact;32;36
src/dbinc/perfmon.h;1;!HAVE_PERFMON_STATISTICS;!HAVE_PERFMON_STATISTICS && 1 && !_DB_PERFMON_H_;else;37;37
src/dbinc/perfmon.h;1;!HAVE_PERFMON_STATISTICS;!HAVE_PERFMON_STATISTICS && 1 && !_DB_PERFMON_H_;artifact;38;40
src/dbinc/perfmon.h;1;!HAVE_PERFMON_STATISTICS;!HAVE_PERFMON_STATISTICS && 1 && !_DB_PERFMON_H_;endif;41;41
src/dbinc/perfmon.h;1;!_DB_PERFMON_H_;1 && !_DB_PERFMON_H_;artifact;42;43
src/dbinc/perfmon.h;1;DEFINED___LB__HAVE_PERFMON__RB__ && DEFINED___LB__HAVE_STATISTICS__RB__;1 && !_DB_PERFMON_H_ && DEFINED___LB__HAVE_PERFMON__RB__ && DEFINED___LB__HAVE_STATISTICS__RB__;if;44;44
src/dbinc/perfmon.h;1;DEFINED___LB__HAVE_PERFMON__RB__ && DEFINED___LB__HAVE_STATISTICS__RB__;1 && !_DB_PERFMON_H_ && DEFINED___LB__HAVE_PERFMON__RB__ && DEFINED___LB__HAVE_STATISTICS__RB__;artifact;45;56
src/dbinc/perfmon.h;1;DEFINED___LB__HAVE_DTRACE__RB__;1 && !_DB_PERFMON_H_ && DEFINED___LB__HAVE_PERFMON__RB__ && DEFINED___LB__HAVE_STATISTICS__RB__ && DEFINED___LB__HAVE_DTRACE__RB__;if;57;57
src/dbinc/perfmon.h;1;DEFINED___LB__HAVE_DTRACE__RB__;1 && !_DB_PERFMON_H_ && DEFINED___LB__HAVE_PERFMON__RB__ && DEFINED___LB__HAVE_STATISTICS__RB__ && DEFINED___LB__HAVE_DTRACE__RB__;artifact;58;88
src/dbinc/perfmon.h;1;DEFINED___LB__HAVE_DTRACE__RB__;1 && !_DB_PERFMON_H_ && DEFINED___LB__HAVE_PERFMON__RB__ && DEFINED___LB__HAVE_STATISTICS__RB__ && DEFINED___LB__HAVE_DTRACE__RB__;endif;89;89
src/dbinc/perfmon.h;1;DEFINED___LB__HAVE_PERFMON__RB__ && DEFINED___LB__HAVE_STATISTICS__RB__;1 && !_DB_PERFMON_H_ && DEFINED___LB__HAVE_PERFMON__RB__ && DEFINED___LB__HAVE_STATISTICS__RB__;artifact;90;90
src/dbinc/perfmon.h;1;!DEFINED___LB__HAVE_PERFMON__RB__ || !DEFINED___LB__HAVE_STATISTICS__RB__;(!DEFINED___LB__HAVE_PERFMON__RB__ || !DEFINED___LB__HAVE_STATISTICS__RB__) && 1 && !_DB_PERFMON_H_;else;91;91
src/dbinc/perfmon.h;1;!DEFINED___LB__HAVE_PERFMON__RB__ || !DEFINED___LB__HAVE_STATISTICS__RB__;(!DEFINED___LB__HAVE_PERFMON__RB__ || !DEFINED___LB__HAVE_STATISTICS__RB__) && 1 && !_DB_PERFMON_H_;artifact;92;100
src/dbinc/perfmon.h;1;!DEFINED___LB__HAVE_PERFMON__RB__ || !DEFINED___LB__HAVE_STATISTICS__RB__;(!DEFINED___LB__HAVE_PERFMON__RB__ || !DEFINED___LB__HAVE_STATISTICS__RB__) && 1 && !_DB_PERFMON_H_;endif;101;101
src/dbinc/perfmon.h;1;!_DB_PERFMON_H_;1 && !_DB_PERFMON_H_;artifact;102;102
src/dbinc/perfmon.h;1;!_DB_PERFMON_H_;1 && !_DB_PERFMON_H_;endif;103;103
src/dbinc/perfmon.h;1;1;1;artifact;104;104
src/dbinc/qam.h;1;1;1;ROOT;1;205
src/dbinc/qam.h;1;1;1;artifact;1;8
src/dbinc/qam.h;1;!_DB_QAM_H_;1 && !_DB_QAM_H_;if;9;9
src/dbinc/qam.h;1;!_DB_QAM_H_;1 && !_DB_QAM_H_;artifact;10;11
src/dbinc/qam.h;1;DEFINED___LB____cplusplus__RB__;1 && !_DB_QAM_H_ && DEFINED___LB____cplusplus__RB__;if;12;12
src/dbinc/qam.h;1;DEFINED___LB____cplusplus__RB__;1 && !_DB_QAM_H_ && DEFINED___LB____cplusplus__RB__;artifact;13;13
src/dbinc/qam.h;1;DEFINED___LB____cplusplus__RB__;1 && !_DB_QAM_H_ && DEFINED___LB____cplusplus__RB__;endif;14;14
src/dbinc/qam.h;1;!_DB_QAM_H_;1 && !_DB_QAM_H_;artifact;15;196
src/dbinc/qam.h;1;DEFINED___LB____cplusplus__RB__;1 && !_DB_QAM_H_ && DEFINED___LB____cplusplus__RB__;if;197;197
src/dbinc/qam.h;1;DEFINED___LB____cplusplus__RB__;1 && !_DB_QAM_H_ && DEFINED___LB____cplusplus__RB__;artifact;198;198
src/dbinc/qam.h;1;DEFINED___LB____cplusplus__RB__;1 && !_DB_QAM_H_ && DEFINED___LB____cplusplus__RB__;endif;199;199
src/dbinc/qam.h;1;!_DB_QAM_H_;1 && !_DB_QAM_H_;artifact;200;202
src/dbinc/qam.h;1;!_DB_QAM_H_;1 && !_DB_QAM_H_;endif;203;203
src/dbinc/qam.h;1;1;1;artifact;204;204
src/dbinc/queue.h;1;1;1;ROOT;1;572
src/dbinc/queue.h;1;1;1;artifact;1;41
src/dbinc/queue.h;1;!_DB_QUEUE_H_;1 && !_DB_QUEUE_H_;if;42;42
src/dbinc/queue.h;1;!_DB_QUEUE_H_;1 && !_DB_QUEUE_H_;artifact;43;44
src/dbinc/queue.h;1;DEFINED___LB____cplusplus__RB__;1 && !_DB_QUEUE_H_ && DEFINED___LB____cplusplus__RB__;if;45;45
src/dbinc/queue.h;1;DEFINED___LB____cplusplus__RB__;1 && !_DB_QUEUE_H_ && DEFINED___LB____cplusplus__RB__;artifact;46;46
src/dbinc/queue.h;1;DEFINED___LB____cplusplus__RB__;1 && !_DB_QUEUE_H_ && DEFINED___LB____cplusplus__RB__;endif;47;47
src/dbinc/queue.h;1;!_DB_QUEUE_H_;1 && !_DB_QUEUE_H_;artifact;48;187
src/dbinc/queue.h;1;QUEUE_MACRO_DEBUG;1 && !_DB_QUEUE_H_ && QUEUE_MACRO_DEBUG;if;188;188
src/dbinc/queue.h;1;QUEUE_MACRO_DEBUG;1 && !_DB_QUEUE_H_ && QUEUE_MACRO_DEBUG;artifact;189;213
src/dbinc/queue.h;1;!QUEUE_MACRO_DEBUG;!QUEUE_MACRO_DEBUG && 1 && !_DB_QUEUE_H_;else;214;214
src/dbinc/queue.h;1;!QUEUE_MACRO_DEBUG;!QUEUE_MACRO_DEBUG && 1 && !_DB_QUEUE_H_;artifact;215;218
src/dbinc/queue.h;1;!QUEUE_MACRO_DEBUG;!QUEUE_MACRO_DEBUG && 1 && !_DB_QUEUE_H_;endif;219;219
src/dbinc/queue.h;1;!_DB_QUEUE_H_;1 && !_DB_QUEUE_H_;artifact;220;566
src/dbinc/queue.h;1;DEFINED___LB____cplusplus__RB__;1 && !_DB_QUEUE_H_ && DEFINED___LB____cplusplus__RB__;if;567;567
src/dbinc/queue.h;1;DEFINED___LB____cplusplus__RB__;1 && !_DB_QUEUE_H_ && DEFINED___LB____cplusplus__RB__;artifact;568;568
src/dbinc/queue.h;1;DEFINED___LB____cplusplus__RB__;1 && !_DB_QUEUE_H_ && DEFINED___LB____cplusplus__RB__;endif;569;569
src/dbinc/queue.h;1;!_DB_QUEUE_H_;1 && !_DB_QUEUE_H_;endif;570;570
src/dbinc/queue.h;1;1;1;artifact;571;571
src/dbinc/region.h;1;1;1;ROOT;1;331
src/dbinc/region.h;1;1;1;artifact;1;8
src/dbinc/region.h;1;!_DB_REGION_H_;1 && !_DB_REGION_H_;if;9;9
src/dbinc/region.h;1;!_DB_REGION_H_;1 && !_DB_REGION_H_;artifact;10;116
src/dbinc/region.h;1;DEFINED___LB____cplusplus__RB__;1 && !_DB_REGION_H_ && DEFINED___LB____cplusplus__RB__;if;117;117
src/dbinc/region.h;1;DEFINED___LB____cplusplus__RB__;1 && !_DB_REGION_H_ && DEFINED___LB____cplusplus__RB__;artifact;118;118
src/dbinc/region.h;1;DEFINED___LB____cplusplus__RB__;1 && !_DB_REGION_H_ && DEFINED___LB____cplusplus__RB__;endif;119;119
src/dbinc/region.h;1;!_DB_REGION_H_;1 && !_DB_REGION_H_;artifact;120;283
src/dbinc/region.h;1;DB_WIN32;1 && !_DB_REGION_H_ && DB_WIN32;if;284;284
src/dbinc/region.h;1;DB_WIN32;1 && !_DB_REGION_H_ && DB_WIN32;artifact;285;285
src/dbinc/region.h;1;DB_WIN32;1 && !_DB_REGION_H_ && DB_WIN32;endif;286;286
src/dbinc/region.h;1;!_DB_REGION_H_;1 && !_DB_REGION_H_;artifact;287;325
src/dbinc/region.h;1;DEFINED___LB____cplusplus__RB__;1 && !_DB_REGION_H_ && DEFINED___LB____cplusplus__RB__;if;326;326
src/dbinc/region.h;1;DEFINED___LB____cplusplus__RB__;1 && !_DB_REGION_H_ && DEFINED___LB____cplusplus__RB__;artifact;327;327
src/dbinc/region.h;1;DEFINED___LB____cplusplus__RB__;1 && !_DB_REGION_H_ && DEFINED___LB____cplusplus__RB__;endif;328;328
src/dbinc/region.h;1;!_DB_REGION_H_;1 && !_DB_REGION_H_;endif;329;329
src/dbinc/region.h;1;1;1;artifact;330;330
src/dbinc/rep.h;1;1;1;ROOT;1;1104
src/dbinc/rep.h;1;1;1;artifact;1;8
src/dbinc/rep.h;1;!_DB_REP_H_;1 && !_DB_REP_H_;if;9;9
src/dbinc/rep.h;1;!_DB_REP_H_;1 && !_DB_REP_H_;artifact;10;13
src/dbinc/rep.h;1;DEFINED___LB____cplusplus__RB__;1 && !_DB_REP_H_ && DEFINED___LB____cplusplus__RB__;if;14;14
src/dbinc/rep.h;1;DEFINED___LB____cplusplus__RB__;1 && !_DB_REP_H_ && DEFINED___LB____cplusplus__RB__;artifact;15;15
src/dbinc/rep.h;1;DEFINED___LB____cplusplus__RB__;1 && !_DB_REP_H_ && DEFINED___LB____cplusplus__RB__;endif;16;16
src/dbinc/rep.h;1;!_DB_REP_H_;1 && !_DB_REP_H_;artifact;17;385
src/dbinc/rep.h;1;HAVE_REPLICATION_THREADS;1 && !_DB_REP_H_ && HAVE_REPLICATION_THREADS;if;386;386
src/dbinc/rep.h;1;HAVE_REPLICATION_THREADS;1 && !_DB_REP_H_ && HAVE_REPLICATION_THREADS;artifact;387;405
src/dbinc/rep.h;1;HAVE_REPLICATION_THREADS;1 && !_DB_REP_H_ && HAVE_REPLICATION_THREADS;endif;406;406
src/dbinc/rep.h;1;!_DB_REP_H_;1 && !_DB_REP_H_;artifact;407;409
src/dbinc/rep.h;1;DEFINED___LB__HAVE_REPLICATION_THREADS__RB__ && DEFINED___LB__HAVE_STATISTICS__RB__;1 && !_DB_REP_H_ && DEFINED___LB__HAVE_REPLICATION_THREADS__RB__ && DEFINED___LB__HAVE_STATISTICS__RB__;if;410;410
src/dbinc/rep.h;1;DEFINED___LB__HAVE_REPLICATION_THREADS__RB__ && DEFINED___LB__HAVE_STATISTICS__RB__;1 && !_DB_REP_H_ && DEFINED___LB__HAVE_REPLICATION_THREADS__RB__ && DEFINED___LB__HAVE_STATISTICS__RB__;artifact;411;411
src/dbinc/rep.h;1;DEFINED___LB__HAVE_REPLICATION_THREADS__RB__ && DEFINED___LB__HAVE_STATISTICS__RB__;1 && !_DB_REP_H_ && DEFINED___LB__HAVE_REPLICATION_THREADS__RB__ && DEFINED___LB__HAVE_STATISTICS__RB__;endif;412;412
src/dbinc/rep.h;1;!_DB_REP_H_;1 && !_DB_REP_H_;artifact;413;757
src/dbinc/rep.h;1;HAVE_REPLICATION_THREADS;1 && !_DB_REP_H_ && HAVE_REPLICATION_THREADS;if;758;758
src/dbinc/rep.h;1;HAVE_REPLICATION_THREADS;1 && !_DB_REP_H_ && HAVE_REPLICATION_THREADS;artifact;759;781
src/dbinc/rep.h;1;DB_WIN32;1 && !_DB_REP_H_ && HAVE_REPLICATION_THREADS && DB_WIN32;if;782;782
src/dbinc/rep.h;1;DB_WIN32;1 && !_DB_REP_H_ && HAVE_REPLICATION_THREADS && DB_WIN32;artifact;783;783
src/dbinc/rep.h;1;!DB_WIN32;!DB_WIN32 && 1 && !_DB_REP_H_ && HAVE_REPLICATION_THREADS;else;784;784
src/dbinc/rep.h;1;!DB_WIN32;!DB_WIN32 && 1 && !_DB_REP_H_ && HAVE_REPLICATION_THREADS;artifact;785;785
src/dbinc/rep.h;1;!DB_WIN32;!DB_WIN32 && 1 && !_DB_REP_H_ && HAVE_REPLICATION_THREADS;endif;786;786
src/dbinc/rep.h;1;HAVE_REPLICATION_THREADS;1 && !_DB_REP_H_ && HAVE_REPLICATION_THREADS;artifact;787;859
src/dbinc/rep.h;1;HAVE_REPLICATION_THREADS;1 && !_DB_REP_H_ && HAVE_REPLICATION_THREADS;endif;860;860
src/dbinc/rep.h;1;!_DB_REP_H_;1 && !_DB_REP_H_;artifact;861;868
src/dbinc/rep.h;1;HAVE_REPLICATION_THREADS;1 && !_DB_REP_H_ && HAVE_REPLICATION_THREADS;if;869;869
src/dbinc/rep.h;1;HAVE_REPLICATION_THREADS;1 && !_DB_REP_H_ && HAVE_REPLICATION_THREADS;artifact;870;923
src/dbinc/rep.h;1;!HAVE_REPLICATION_THREADS;!HAVE_REPLICATION_THREADS && 1 && !_DB_REP_H_;else;924;924
src/dbinc/rep.h;1;!HAVE_REPLICATION_THREADS;!HAVE_REPLICATION_THREADS && 1 && !_DB_REP_H_;artifact;925;937
src/dbinc/rep.h;1;!HAVE_REPLICATION_THREADS;!HAVE_REPLICATION_THREADS && 1 && !_DB_REP_H_;endif;938;938
src/dbinc/rep.h;1;!_DB_REP_H_;1 && !_DB_REP_H_;artifact;939;1096
src/dbinc/rep.h;1;DEFINED___LB____cplusplus__RB__;1 && !_DB_REP_H_ && DEFINED___LB____cplusplus__RB__;if;1097;1097
src/dbinc/rep.h;1;DEFINED___LB____cplusplus__RB__;1 && !_DB_REP_H_ && DEFINED___LB____cplusplus__RB__;artifact;1098;1098
src/dbinc/rep.h;1;DEFINED___LB____cplusplus__RB__;1 && !_DB_REP_H_ && DEFINED___LB____cplusplus__RB__;endif;1099;1099
src/dbinc/rep.h;1;!_DB_REP_H_;1 && !_DB_REP_H_;artifact;1100;1101
src/dbinc/rep.h;1;!_DB_REP_H_;1 && !_DB_REP_H_;endif;1102;1102
src/dbinc/rep.h;1;1;1;artifact;1103;1103
src/dbinc/repmgr.h;1;1;1;ROOT;1;845
src/dbinc/repmgr.h;1;1;1;artifact;1;8
src/dbinc/repmgr.h;1;!_DB_REPMGR_H_;1 && !_DB_REPMGR_H_;if;9;9
src/dbinc/repmgr.h;1;!_DB_REPMGR_H_;1 && !_DB_REPMGR_H_;artifact;10;13
src/dbinc/repmgr.h;1;DEFINED___LB____cplusplus__RB__;1 && !_DB_REPMGR_H_ && DEFINED___LB____cplusplus__RB__;if;14;14
src/dbinc/repmgr.h;1;DEFINED___LB____cplusplus__RB__;1 && !_DB_REPMGR_H_ && DEFINED___LB____cplusplus__RB__;artifact;15;15
src/dbinc/repmgr.h;1;DEFINED___LB____cplusplus__RB__;1 && !_DB_REPMGR_H_ && DEFINED___LB____cplusplus__RB__;endif;16;16
src/dbinc/repmgr.h;1;!_DB_REPMGR_H_;1 && !_DB_REPMGR_H_;artifact;17;102
src/dbinc/repmgr.h;1;DB_WIN32;1 && !_DB_REPMGR_H_ && DB_WIN32;if;103;103
src/dbinc/repmgr.h;1;DB_WIN32;1 && !_DB_REPMGR_H_ && DB_WIN32;artifact;104;110
src/dbinc/repmgr.h;1;!DB_WIN32;!DB_WIN32 && 1 && !_DB_REPMGR_H_;else;111;111
src/dbinc/repmgr.h;1;!DB_WIN32;!DB_WIN32 && 1 && !_DB_REPMGR_H_;artifact;112;117
src/dbinc/repmgr.h;1;!DB_WIN32;!DB_WIN32 && 1 && !_DB_REPMGR_H_;endif;118;118
src/dbinc/repmgr.h;1;!_DB_REPMGR_H_;1 && !_DB_REPMGR_H_;artifact;119;137
src/dbinc/repmgr.h;1;!MAXHOSTNAMELEN;1 && !_DB_REPMGR_H_ && !MAXHOSTNAMELEN;if;138;138
src/dbinc/repmgr.h;1;!MAXHOSTNAMELEN;1 && !_DB_REPMGR_H_ && !MAXHOSTNAMELEN;artifact;139;139
src/dbinc/repmgr.h;1;!MAXHOSTNAMELEN;1 && !_DB_REPMGR_H_ && !MAXHOSTNAMELEN;endif;140;140
src/dbinc/repmgr.h;1;!_DB_REPMGR_H_;1 && !_DB_REPMGR_H_;artifact;141;164
src/dbinc/repmgr.h;1;DB_WIN32;1 && !_DB_REPMGR_H_ && DB_WIN32;if;165;165
src/dbinc/repmgr.h;1;DB_WIN32;1 && !_DB_REPMGR_H_ && DB_WIN32;artifact;166;166
src/dbinc/repmgr.h;1;DB_WIN32;1 && !_DB_REPMGR_H_ && DB_WIN32;endif;167;167
src/dbinc/repmgr.h;1;!_DB_REPMGR_H_;1 && !_DB_REPMGR_H_;artifact;168;305
src/dbinc/repmgr.h;1;DB_WIN32;1 && !_DB_REPMGR_H_ && DB_WIN32;if;306;306
src/dbinc/repmgr.h;1;DB_WIN32;1 && !_DB_REPMGR_H_ && DB_WIN32;artifact;307;307
src/dbinc/repmgr.h;1;DB_WIN32;1 && !_DB_REPMGR_H_ && DB_WIN32;endif;308;308
src/dbinc/repmgr.h;1;!_DB_REPMGR_H_;1 && !_DB_REPMGR_H_;artifact;309;421
src/dbinc/repmgr.h;1;HAVE_GETADDRINFO;1 && !_DB_REPMGR_H_ && HAVE_GETADDRINFO;if;422;422
src/dbinc/repmgr.h;1;HAVE_GETADDRINFO;1 && !_DB_REPMGR_H_ && HAVE_GETADDRINFO;artifact;423;424
src/dbinc/repmgr.h;1;!HAVE_GETADDRINFO;!HAVE_GETADDRINFO && 1 && !_DB_REPMGR_H_;else;425;425
src/dbinc/repmgr.h;1;!HAVE_GETADDRINFO;!HAVE_GETADDRINFO && 1 && !_DB_REPMGR_H_;artifact;426;449
src/dbinc/repmgr.h;1;!HAVE_GETADDRINFO;!HAVE_GETADDRINFO && 1 && !_DB_REPMGR_H_;endif;450;450
src/dbinc/repmgr.h;1;!_DB_REPMGR_H_;1 && !_DB_REPMGR_H_;artifact;451;791
src/dbinc/repmgr.h;1;DB_WIN32;1 && !_DB_REPMGR_H_ && DB_WIN32;if;792;792
src/dbinc/repmgr.h;1;DB_WIN32;1 && !_DB_REPMGR_H_ && DB_WIN32;artifact;793;806
src/dbinc/repmgr.h;1;!DB_WIN32;!DB_WIN32 && 1 && !_DB_REPMGR_H_;else;807;807
src/dbinc/repmgr.h;1;!DB_WIN32;!DB_WIN32 && 1 && !_DB_REPMGR_H_;artifact;808;822
src/dbinc/repmgr.h;1;!DB_WIN32;!DB_WIN32 && 1 && !_DB_REPMGR_H_;endif;823;823
src/dbinc/repmgr.h;1;!_DB_REPMGR_H_;1 && !_DB_REPMGR_H_;artifact;824;839
src/dbinc/repmgr.h;1;DEFINED___LB____cplusplus__RB__;1 && !_DB_REPMGR_H_ && DEFINED___LB____cplusplus__RB__;if;840;840
src/dbinc/repmgr.h;1;DEFINED___LB____cplusplus__RB__;1 && !_DB_REPMGR_H_ && DEFINED___LB____cplusplus__RB__;artifact;841;841
src/dbinc/repmgr.h;1;DEFINED___LB____cplusplus__RB__;1 && !_DB_REPMGR_H_ && DEFINED___LB____cplusplus__RB__;endif;842;842
src/dbinc/repmgr.h;1;!_DB_REPMGR_H_;1 && !_DB_REPMGR_H_;endif;843;843
src/dbinc/repmgr.h;1;1;1;artifact;844;844
src/dbinc/shqueue.h;1;1;1;ROOT;1;412
src/dbinc/shqueue.h;1;1;1;artifact;1;8
src/dbinc/shqueue.h;1;!_DB_SHQUEUE_H_;1 && !_DB_SHQUEUE_H_;if;9;9
src/dbinc/shqueue.h;1;!_DB_SHQUEUE_H_;1 && !_DB_SHQUEUE_H_;artifact;10;32
src/dbinc/shqueue.h;1;DEFINED___LB____cplusplus__RB__;1 && !_DB_SHQUEUE_H_ && DEFINED___LB____cplusplus__RB__;if;33;33
src/dbinc/shqueue.h;1;DEFINED___LB____cplusplus__RB__;1 && !_DB_SHQUEUE_H_ && DEFINED___LB____cplusplus__RB__;artifact;34;34
src/dbinc/shqueue.h;1;DEFINED___LB____cplusplus__RB__;1 && !_DB_SHQUEUE_H_ && DEFINED___LB____cplusplus__RB__;endif;35;35
src/dbinc/shqueue.h;1;!_DB_SHQUEUE_H_;1 && !_DB_SHQUEUE_H_;artifact;36;406
src/dbinc/shqueue.h;1;DEFINED___LB____cplusplus__RB__;1 && !_DB_SHQUEUE_H_ && DEFINED___LB____cplusplus__RB__;if;407;407
src/dbinc/shqueue.h;1;DEFINED___LB____cplusplus__RB__;1 && !_DB_SHQUEUE_H_ && DEFINED___LB____cplusplus__RB__;artifact;408;408
src/dbinc/shqueue.h;1;DEFINED___LB____cplusplus__RB__;1 && !_DB_SHQUEUE_H_ && DEFINED___LB____cplusplus__RB__;endif;409;409
src/dbinc/shqueue.h;1;!_DB_SHQUEUE_H_;1 && !_DB_SHQUEUE_H_;endif;410;410
src/dbinc/shqueue.h;1;1;1;artifact;411;411
src/dbinc/tcl_db.h;1;1;1;ROOT;1;318
src/dbinc/tcl_db.h;1;1;1;artifact;1;8
src/dbinc/tcl_db.h;1;!_DB_TCL_DB_H_;1 && !_DB_TCL_DB_H_;if;9;9
src/dbinc/tcl_db.h;1;!_DB_TCL_DB_H_;1 && !_DB_TCL_DB_H_;artifact;10;11
src/dbinc/tcl_db.h;1;DEFINED___LB____cplusplus__RB__;1 && !_DB_TCL_DB_H_ && DEFINED___LB____cplusplus__RB__;if;12;12
src/dbinc/tcl_db.h;1;DEFINED___LB____cplusplus__RB__;1 && !_DB_TCL_DB_H_ && DEFINED___LB____cplusplus__RB__;artifact;13;13
src/dbinc/tcl_db.h;1;DEFINED___LB____cplusplus__RB__;1 && !_DB_TCL_DB_H_ && DEFINED___LB____cplusplus__RB__;endif;14;14
src/dbinc/tcl_db.h;1;!_DB_TCL_DB_H_;1 && !_DB_TCL_DB_H_;artifact;15;310
src/dbinc/tcl_db.h;1;DEFINED___LB____cplusplus__RB__;1 && !_DB_TCL_DB_H_ && DEFINED___LB____cplusplus__RB__;if;311;311
src/dbinc/tcl_db.h;1;DEFINED___LB____cplusplus__RB__;1 && !_DB_TCL_DB_H_ && DEFINED___LB____cplusplus__RB__;artifact;312;312
src/dbinc/tcl_db.h;1;DEFINED___LB____cplusplus__RB__;1 && !_DB_TCL_DB_H_ && DEFINED___LB____cplusplus__RB__;endif;313;313
src/dbinc/tcl_db.h;1;!_DB_TCL_DB_H_;1 && !_DB_TCL_DB_H_;artifact;314;315
src/dbinc/tcl_db.h;1;!_DB_TCL_DB_H_;1 && !_DB_TCL_DB_H_;endif;316;316
src/dbinc/tcl_db.h;1;1;1;artifact;317;317
src/dbinc/txn.h;1;1;1;ROOT;1;290
src/dbinc/txn.h;1;1;1;artifact;1;8
src/dbinc/txn.h;1;!_DB_TXN_H_;1 && !_DB_TXN_H_;if;9;9
src/dbinc/txn.h;1;!_DB_TXN_H_;1 && !_DB_TXN_H_;artifact;10;13
src/dbinc/txn.h;1;DEFINED___LB____cplusplus__RB__;1 && !_DB_TXN_H_ && DEFINED___LB____cplusplus__RB__;if;14;14
src/dbinc/txn.h;1;DEFINED___LB____cplusplus__RB__;1 && !_DB_TXN_H_ && DEFINED___LB____cplusplus__RB__;artifact;15;15
src/dbinc/txn.h;1;DEFINED___LB____cplusplus__RB__;1 && !_DB_TXN_H_ && DEFINED___LB____cplusplus__RB__;endif;16;16
src/dbinc/txn.h;1;!_DB_TXN_H_;1 && !_DB_TXN_H_;artifact;17;52
src/dbinc/txn.h;1;!__TEST_DB_NO_STATISTICS;1 && !_DB_TXN_H_ && !__TEST_DB_NO_STATISTICS;if;53;53
src/dbinc/txn.h;1;!__TEST_DB_NO_STATISTICS;1 && !_DB_TXN_H_ && !__TEST_DB_NO_STATISTICS;artifact;54;68
src/dbinc/txn.h;1;!__TEST_DB_NO_STATISTICS;1 && !_DB_TXN_H_ && !__TEST_DB_NO_STATISTICS;endif;69;69
src/dbinc/txn.h;1;!_DB_TXN_H_;1 && !_DB_TXN_H_;artifact;70;281
src/dbinc/txn.h;1;DEFINED___LB____cplusplus__RB__;1 && !_DB_TXN_H_ && DEFINED___LB____cplusplus__RB__;if;282;282
src/dbinc/txn.h;1;DEFINED___LB____cplusplus__RB__;1 && !_DB_TXN_H_ && DEFINED___LB____cplusplus__RB__;artifact;283;283
src/dbinc/txn.h;1;DEFINED___LB____cplusplus__RB__;1 && !_DB_TXN_H_ && DEFINED___LB____cplusplus__RB__;endif;284;284
src/dbinc/txn.h;1;!_DB_TXN_H_;1 && !_DB_TXN_H_;artifact;285;287
src/dbinc/txn.h;1;!_DB_TXN_H_;1 && !_DB_TXN_H_;endif;288;288
src/dbinc/txn.h;1;1;1;artifact;289;289
src/dbinc/win_db.h;1;1;1;ROOT;1;150
src/dbinc/win_db.h;1;1;1;artifact;1;11
src/dbinc/win_db.h;1;!_WIN32_WINNT;1 && !_WIN32_WINNT;if;12;12
src/dbinc/win_db.h;1;!_WIN32_WINNT;1 && !_WIN32_WINNT;artifact;13;13
src/dbinc/win_db.h;1;!_WIN32_WINNT;1 && !_WIN32_WINNT;endif;14;14
src/dbinc/win_db.h;1;1;1;artifact;15;15
src/dbinc/win_db.h;1;!DB_WINCE;1 && !DB_WINCE;if;16;16
src/dbinc/win_db.h;1;!DB_WINCE;1 && !DB_WINCE;artifact;17;27
src/dbinc/win_db.h;1;!DB_WINCE;1 && !DB_WINCE;endif;28;28
src/dbinc/win_db.h;1;1;1;artifact;29;40
src/dbinc/win_db.h;1;DB_TCL_SUPPORT;1 && DB_TCL_SUPPORT;if;41;41
src/dbinc/win_db.h;1;DB_TCL_SUPPORT;1 && DB_TCL_SUPPORT;artifact;42;42
src/dbinc/win_db.h;1;DB_TCL_SUPPORT;1 && DB_TCL_SUPPORT;endif;43;43
src/dbinc/win_db.h;1;1;1;artifact;44;47
src/dbinc/win_db.h;1;!DB_WINCE;1 && !DB_WINCE;if;48;48
src/dbinc/win_db.h;1;!DB_WINCE;1 && !DB_WINCE;artifact;49;49
src/dbinc/win_db.h;1;!DB_WINCE;1 && !DB_WINCE;endif;50;50
src/dbinc/win_db.h;1;1;1;artifact;51;51
src/dbinc/win_db.h;1;HAVE_GETADDRINFO;1 && HAVE_GETADDRINFO;if;52;52
src/dbinc/win_db.h;1;HAVE_GETADDRINFO;1 && HAVE_GETADDRINFO;artifact;53;58
src/dbinc/win_db.h;1;HAVE_GETADDRINFO;1 && HAVE_GETADDRINFO;endif;59;59
src/dbinc/win_db.h;1;1;1;artifact;60;66
src/dbinc/win_db.h;1;!DB_WINCE;1 && !DB_WINCE;if;67;67
src/dbinc/win_db.h;1;!DB_WINCE;1 && !DB_WINCE;artifact;68;68
src/dbinc/win_db.h;1;!DB_WINCE;1 && !DB_WINCE;endif;69;69
src/dbinc/win_db.h;1;1;1;artifact;70;84
src/dbinc/win_db.h;1;DEFINED___LB____cplusplus__RB__;1 && DEFINED___LB____cplusplus__RB__;if;85;85
src/dbinc/win_db.h;1;DEFINED___LB____cplusplus__RB__;1 && DEFINED___LB____cplusplus__RB__;artifact;86;86
src/dbinc/win_db.h;1;DEFINED___LB____cplusplus__RB__;1 && DEFINED___LB____cplusplus__RB__;endif;87;87
src/dbinc/win_db.h;1;1;1;artifact;88;88
src/dbinc/win_db.h;1;DEFINED___LB____cplusplus__RB__;1 && DEFINED___LB____cplusplus__RB__;if;89;89
src/dbinc/win_db.h;1;DEFINED___LB____cplusplus__RB__;1 && DEFINED___LB____cplusplus__RB__;artifact;90;90
src/dbinc/win_db.h;1;DEFINED___LB____cplusplus__RB__;1 && DEFINED___LB____cplusplus__RB__;endif;91;91
src/dbinc/win_db.h;1;1;1;artifact;92;99
src/dbinc/win_db.h;1;!__STDC__;1 && !__STDC__;if;100;100
src/dbinc/win_db.h;1;!__STDC__;1 && !__STDC__;artifact;101;101
src/dbinc/win_db.h;1;!__STDC__;1 && !__STDC__;endif;102;102
src/dbinc/win_db.h;1;1;1;artifact;103;103
src/dbinc/win_db.h;1;_UNICODE;1 && _UNICODE;if;104;104
src/dbinc/win_db.h;1;_UNICODE;1 && _UNICODE;artifact;105;131
src/dbinc/win_db.h;1;!_UNICODE;!_UNICODE && 1;else;132;132
src/dbinc/win_db.h;1;!_UNICODE;!_UNICODE && 1;artifact;133;135
src/dbinc/win_db.h;1;!_UNICODE;!_UNICODE && 1;endif;136;136
src/dbinc/win_db.h;1;1;1;artifact;137;137
src/dbinc/win_db.h;1;!INVALID_HANDLE_VALUE;1 && !INVALID_HANDLE_VALUE;if;138;138
src/dbinc/win_db.h;1;!INVALID_HANDLE_VALUE;1 && !INVALID_HANDLE_VALUE;artifact;139;139
src/dbinc/win_db.h;1;!INVALID_HANDLE_VALUE;1 && !INVALID_HANDLE_VALUE;endif;140;140
src/dbinc/win_db.h;1;1;1;artifact;141;141
src/dbinc/win_db.h;1;!INVALID_FILE_ATTRIBUTES;1 && !INVALID_FILE_ATTRIBUTES;if;142;142
src/dbinc/win_db.h;1;!INVALID_FILE_ATTRIBUTES;1 && !INVALID_FILE_ATTRIBUTES;artifact;143;143
src/dbinc/win_db.h;1;!INVALID_FILE_ATTRIBUTES;1 && !INVALID_FILE_ATTRIBUTES;endif;144;144
src/dbinc/win_db.h;1;1;1;artifact;145;145
src/dbinc/win_db.h;1;!INVALID_SET_FILE_POINTER;1 && !INVALID_SET_FILE_POINTER;if;146;146
src/dbinc/win_db.h;1;!INVALID_SET_FILE_POINTER;1 && !INVALID_SET_FILE_POINTER;artifact;147;147
src/dbinc/win_db.h;1;!INVALID_SET_FILE_POINTER;1 && !INVALID_SET_FILE_POINTER;endif;148;148
src/dbinc/win_db.h;1;1;1;artifact;149;149
src/dbinc/xa.h;1;1;1;ROOT;1;185
src/dbinc/xa.h;1;1;1;artifact;1;12
src/dbinc/xa.h;1;!_DB_XA_H_;1 && !_DB_XA_H_;if;13;13
src/dbinc/xa.h;1;!_DB_XA_H_;1 && !_DB_XA_H_;artifact;14;15
src/dbinc/xa.h;1;DEFINED___LB____cplusplus__RB__;1 && !_DB_XA_H_ && DEFINED___LB____cplusplus__RB__;if;16;16
src/dbinc/xa.h;1;DEFINED___LB____cplusplus__RB__;1 && !_DB_XA_H_ && DEFINED___LB____cplusplus__RB__;artifact;17;17
src/dbinc/xa.h;1;DEFINED___LB____cplusplus__RB__;1 && !_DB_XA_H_ && DEFINED___LB____cplusplus__RB__;endif;18;18
src/dbinc/xa.h;1;!_DB_XA_H_;1 && !_DB_XA_H_;artifact;19;179
src/dbinc/xa.h;1;DEFINED___LB____cplusplus__RB__;1 && !_DB_XA_H_ && DEFINED___LB____cplusplus__RB__;if;180;180
src/dbinc/xa.h;1;DEFINED___LB____cplusplus__RB__;1 && !_DB_XA_H_ && DEFINED___LB____cplusplus__RB__;artifact;181;181
src/dbinc/xa.h;1;DEFINED___LB____cplusplus__RB__;1 && !_DB_XA_H_ && DEFINED___LB____cplusplus__RB__;endif;182;182
src/dbinc/xa.h;1;!_DB_XA_H_;1 && !_DB_XA_H_;endif;183;183
src/dbinc/xa.h;1;1;1;artifact;184;184
src/dbinc_auto/btree_auto.h;1;1;1;ROOT;1;458
src/dbinc_auto/btree_auto.h;1;1;1;artifact;1;2
src/dbinc_auto/btree_auto.h;1;!__bam_AUTO_H;1 && !__bam_AUTO_H;if;3;3
src/dbinc_auto/btree_auto.h;1;!__bam_AUTO_H;1 && !__bam_AUTO_H;artifact;4;455
src/dbinc_auto/btree_auto.h;1;!__bam_AUTO_H;1 && !__bam_AUTO_H;endif;456;456
src/dbinc_auto/btree_auto.h;1;1;1;artifact;457;457
src/dbinc_auto/btree_ext.h;1;1;1;ROOT;1;149
src/dbinc_auto/btree_ext.h;1;1;1;artifact;1;1
src/dbinc_auto/btree_ext.h;1;!_btree_ext_h_;1 && !_btree_ext_h_;if;2;2
src/dbinc_auto/btree_ext.h;1;!_btree_ext_h_;1 && !_btree_ext_h_;artifact;3;4
src/dbinc_auto/btree_ext.h;1;DEFINED___LB____cplusplus__RB__;1 && !_btree_ext_h_ && DEFINED___LB____cplusplus__RB__;if;5;5
src/dbinc_auto/btree_ext.h;1;DEFINED___LB____cplusplus__RB__;1 && !_btree_ext_h_ && DEFINED___LB____cplusplus__RB__;artifact;6;6
src/dbinc_auto/btree_ext.h;1;DEFINED___LB____cplusplus__RB__;1 && !_btree_ext_h_ && DEFINED___LB____cplusplus__RB__;endif;7;7
src/dbinc_auto/btree_ext.h;1;!_btree_ext_h_;1 && !_btree_ext_h_;artifact;8;143
src/dbinc_auto/btree_ext.h;1;DEFINED___LB____cplusplus__RB__;1 && !_btree_ext_h_ && DEFINED___LB____cplusplus__RB__;if;144;144
src/dbinc_auto/btree_ext.h;1;DEFINED___LB____cplusplus__RB__;1 && !_btree_ext_h_ && DEFINED___LB____cplusplus__RB__;artifact;145;145
src/dbinc_auto/btree_ext.h;1;DEFINED___LB____cplusplus__RB__;1 && !_btree_ext_h_ && DEFINED___LB____cplusplus__RB__;endif;146;146
src/dbinc_auto/btree_ext.h;1;!_btree_ext_h_;1 && !_btree_ext_h_;endif;147;147
src/dbinc_auto/btree_ext.h;1;1;1;artifact;148;148
src/dbinc_auto/clib_ext.h;1;1;1;ROOT;1;115
src/dbinc_auto/clib_ext.h;1;1;1;artifact;1;1
src/dbinc_auto/clib_ext.h;1;!_clib_ext_h_;1 && !_clib_ext_h_;if;2;2
src/dbinc_auto/clib_ext.h;1;!_clib_ext_h_;1 && !_clib_ext_h_;artifact;3;4
src/dbinc_auto/clib_ext.h;1;DEFINED___LB____cplusplus__RB__;1 && !_clib_ext_h_ && DEFINED___LB____cplusplus__RB__;if;5;5
src/dbinc_auto/clib_ext.h;1;DEFINED___LB____cplusplus__RB__;1 && !_clib_ext_h_ && DEFINED___LB____cplusplus__RB__;artifact;6;6
src/dbinc_auto/clib_ext.h;1;DEFINED___LB____cplusplus__RB__;1 && !_clib_ext_h_ && DEFINED___LB____cplusplus__RB__;endif;7;7
src/dbinc_auto/clib_ext.h;1;!_clib_ext_h_;1 && !_clib_ext_h_;artifact;8;8
src/dbinc_auto/clib_ext.h;1;!HAVE_ATOI;1 && !_clib_ext_h_ && !HAVE_ATOI;if;9;9
src/dbinc_auto/clib_ext.h;1;!HAVE_ATOI;1 && !_clib_ext_h_ && !HAVE_ATOI;artifact;10;10
src/dbinc_auto/clib_ext.h;1;!HAVE_ATOI;1 && !_clib_ext_h_ && !HAVE_ATOI;endif;11;11
src/dbinc_auto/clib_ext.h;1;!HAVE_ATOL;1 && !_clib_ext_h_ && !HAVE_ATOL;if;12;12
src/dbinc_auto/clib_ext.h;1;!HAVE_ATOL;1 && !_clib_ext_h_ && !HAVE_ATOL;artifact;13;13
src/dbinc_auto/clib_ext.h;1;!HAVE_ATOL;1 && !_clib_ext_h_ && !HAVE_ATOL;endif;14;14
src/dbinc_auto/clib_ext.h;1;!HAVE_BSEARCH;1 && !_clib_ext_h_ && !HAVE_BSEARCH;if;15;15
src/dbinc_auto/clib_ext.h;1;!HAVE_BSEARCH;1 && !_clib_ext_h_ && !HAVE_BSEARCH;artifact;16;16
src/dbinc_auto/clib_ext.h;1;!HAVE_BSEARCH;1 && !_clib_ext_h_ && !HAVE_BSEARCH;endif;17;17
src/dbinc_auto/clib_ext.h;1;!HAVE_GETCWD;1 && !_clib_ext_h_ && !HAVE_GETCWD;if;18;18
src/dbinc_auto/clib_ext.h;1;!HAVE_GETCWD;1 && !_clib_ext_h_ && !HAVE_GETCWD;artifact;19;19
src/dbinc_auto/clib_ext.h;1;!HAVE_GETCWD;1 && !_clib_ext_h_ && !HAVE_GETCWD;endif;20;20
src/dbinc_auto/clib_ext.h;1;!HAVE_GETOPT;1 && !_clib_ext_h_ && !HAVE_GETOPT;if;21;21
src/dbinc_auto/clib_ext.h;1;!HAVE_GETOPT;1 && !_clib_ext_h_ && !HAVE_GETOPT;artifact;22;22
src/dbinc_auto/clib_ext.h;1;!HAVE_GETOPT;1 && !_clib_ext_h_ && !HAVE_GETOPT;endif;23;23
src/dbinc_auto/clib_ext.h;1;!HAVE_ISALPHA;1 && !_clib_ext_h_ && !HAVE_ISALPHA;if;24;24
src/dbinc_auto/clib_ext.h;1;!HAVE_ISALPHA;1 && !_clib_ext_h_ && !HAVE_ISALPHA;artifact;25;25
src/dbinc_auto/clib_ext.h;1;!HAVE_ISALPHA;1 && !_clib_ext_h_ && !HAVE_ISALPHA;endif;26;26
src/dbinc_auto/clib_ext.h;1;!HAVE_ISDIGIT;1 && !_clib_ext_h_ && !HAVE_ISDIGIT;if;27;27
src/dbinc_auto/clib_ext.h;1;!HAVE_ISDIGIT;1 && !_clib_ext_h_ && !HAVE_ISDIGIT;artifact;28;28
src/dbinc_auto/clib_ext.h;1;!HAVE_ISDIGIT;1 && !_clib_ext_h_ && !HAVE_ISDIGIT;endif;29;29
src/dbinc_auto/clib_ext.h;1;!HAVE_ISPRINT;1 && !_clib_ext_h_ && !HAVE_ISPRINT;if;30;30
src/dbinc_auto/clib_ext.h;1;!HAVE_ISPRINT;1 && !_clib_ext_h_ && !HAVE_ISPRINT;artifact;31;31
src/dbinc_auto/clib_ext.h;1;!HAVE_ISPRINT;1 && !_clib_ext_h_ && !HAVE_ISPRINT;endif;32;32
src/dbinc_auto/clib_ext.h;1;!HAVE_ISSPACE;1 && !_clib_ext_h_ && !HAVE_ISSPACE;if;33;33
src/dbinc_auto/clib_ext.h;1;!HAVE_ISSPACE;1 && !_clib_ext_h_ && !HAVE_ISSPACE;artifact;34;34
src/dbinc_auto/clib_ext.h;1;!HAVE_ISSPACE;1 && !_clib_ext_h_ && !HAVE_ISSPACE;endif;35;35
src/dbinc_auto/clib_ext.h;1;!HAVE_MEMCMP;1 && !_clib_ext_h_ && !HAVE_MEMCMP;if;36;36
src/dbinc_auto/clib_ext.h;1;!HAVE_MEMCMP;1 && !_clib_ext_h_ && !HAVE_MEMCMP;artifact;37;37
src/dbinc_auto/clib_ext.h;1;!HAVE_MEMCMP;1 && !_clib_ext_h_ && !HAVE_MEMCMP;endif;38;38
src/dbinc_auto/clib_ext.h;1;!HAVE_MEMCPY;1 && !_clib_ext_h_ && !HAVE_MEMCPY;if;39;39
src/dbinc_auto/clib_ext.h;1;!HAVE_MEMCPY;1 && !_clib_ext_h_ && !HAVE_MEMCPY;artifact;40;40
src/dbinc_auto/clib_ext.h;1;!HAVE_MEMCPY;1 && !_clib_ext_h_ && !HAVE_MEMCPY;endif;41;41
src/dbinc_auto/clib_ext.h;1;!HAVE_MEMMOVE;1 && !_clib_ext_h_ && !HAVE_MEMMOVE;if;42;42
src/dbinc_auto/clib_ext.h;1;!HAVE_MEMMOVE;1 && !_clib_ext_h_ && !HAVE_MEMMOVE;artifact;43;43
src/dbinc_auto/clib_ext.h;1;!HAVE_MEMMOVE;1 && !_clib_ext_h_ && !HAVE_MEMMOVE;endif;44;44
src/dbinc_auto/clib_ext.h;1;!HAVE_PRINTF;1 && !_clib_ext_h_ && !HAVE_PRINTF;if;45;45
src/dbinc_auto/clib_ext.h;1;!HAVE_PRINTF;1 && !_clib_ext_h_ && !HAVE_PRINTF;artifact;46;46
src/dbinc_auto/clib_ext.h;1;!HAVE_PRINTF;1 && !_clib_ext_h_ && !HAVE_PRINTF;endif;47;47
src/dbinc_auto/clib_ext.h;1;!HAVE_PRINTF;1 && !_clib_ext_h_ && !HAVE_PRINTF;if;48;48
src/dbinc_auto/clib_ext.h;1;!HAVE_PRINTF;1 && !_clib_ext_h_ && !HAVE_PRINTF;artifact;49;49
src/dbinc_auto/clib_ext.h;1;!HAVE_PRINTF;1 && !_clib_ext_h_ && !HAVE_PRINTF;endif;50;50
src/dbinc_auto/clib_ext.h;1;!HAVE_PRINTF;1 && !_clib_ext_h_ && !HAVE_PRINTF;if;51;51
src/dbinc_auto/clib_ext.h;1;!HAVE_PRINTF;1 && !_clib_ext_h_ && !HAVE_PRINTF;artifact;52;52
src/dbinc_auto/clib_ext.h;1;!HAVE_PRINTF;1 && !_clib_ext_h_ && !HAVE_PRINTF;endif;53;53
src/dbinc_auto/clib_ext.h;1;!HAVE_QSORT;1 && !_clib_ext_h_ && !HAVE_QSORT;if;54;54
src/dbinc_auto/clib_ext.h;1;!HAVE_QSORT;1 && !_clib_ext_h_ && !HAVE_QSORT;artifact;55;55
src/dbinc_auto/clib_ext.h;1;!HAVE_QSORT;1 && !_clib_ext_h_ && !HAVE_QSORT;endif;56;56
src/dbinc_auto/clib_ext.h;1;!HAVE_RAISE;1 && !_clib_ext_h_ && !HAVE_RAISE;if;57;57
src/dbinc_auto/clib_ext.h;1;!HAVE_RAISE;1 && !_clib_ext_h_ && !HAVE_RAISE;artifact;58;58
src/dbinc_auto/clib_ext.h;1;!HAVE_RAISE;1 && !_clib_ext_h_ && !HAVE_RAISE;endif;59;59
src/dbinc_auto/clib_ext.h;1;!HAVE_RAND;1 && !_clib_ext_h_ && !HAVE_RAND;if;60;60
src/dbinc_auto/clib_ext.h;1;!HAVE_RAND;1 && !_clib_ext_h_ && !HAVE_RAND;artifact;61;62
src/dbinc_auto/clib_ext.h;1;!HAVE_RAND;1 && !_clib_ext_h_ && !HAVE_RAND;endif;63;63
src/dbinc_auto/clib_ext.h;1;!HAVE_SNPRINTF;1 && !_clib_ext_h_ && !HAVE_SNPRINTF;if;64;64
src/dbinc_auto/clib_ext.h;1;!HAVE_SNPRINTF;1 && !_clib_ext_h_ && !HAVE_SNPRINTF;artifact;65;65
src/dbinc_auto/clib_ext.h;1;!HAVE_SNPRINTF;1 && !_clib_ext_h_ && !HAVE_SNPRINTF;endif;66;66
src/dbinc_auto/clib_ext.h;1;!HAVE_VSNPRINTF;1 && !_clib_ext_h_ && !HAVE_VSNPRINTF;if;67;67
src/dbinc_auto/clib_ext.h;1;!HAVE_VSNPRINTF;1 && !_clib_ext_h_ && !HAVE_VSNPRINTF;artifact;68;68
src/dbinc_auto/clib_ext.h;1;!HAVE_VSNPRINTF;1 && !_clib_ext_h_ && !HAVE_VSNPRINTF;endif;69;69
src/dbinc_auto/clib_ext.h;1;!HAVE_STRCASECMP;1 && !_clib_ext_h_ && !HAVE_STRCASECMP;if;70;70
src/dbinc_auto/clib_ext.h;1;!HAVE_STRCASECMP;1 && !_clib_ext_h_ && !HAVE_STRCASECMP;artifact;71;71
src/dbinc_auto/clib_ext.h;1;!HAVE_STRCASECMP;1 && !_clib_ext_h_ && !HAVE_STRCASECMP;endif;72;72
src/dbinc_auto/clib_ext.h;1;!HAVE_STRCASECMP;1 && !_clib_ext_h_ && !HAVE_STRCASECMP;if;73;73
src/dbinc_auto/clib_ext.h;1;!HAVE_STRCASECMP;1 && !_clib_ext_h_ && !HAVE_STRCASECMP;artifact;74;74
src/dbinc_auto/clib_ext.h;1;!HAVE_STRCASECMP;1 && !_clib_ext_h_ && !HAVE_STRCASECMP;endif;75;75
src/dbinc_auto/clib_ext.h;1;!HAVE_STRCAT;1 && !_clib_ext_h_ && !HAVE_STRCAT;if;76;76
src/dbinc_auto/clib_ext.h;1;!HAVE_STRCAT;1 && !_clib_ext_h_ && !HAVE_STRCAT;artifact;77;77
src/dbinc_auto/clib_ext.h;1;!HAVE_STRCAT;1 && !_clib_ext_h_ && !HAVE_STRCAT;endif;78;78
src/dbinc_auto/clib_ext.h;1;!HAVE_STRCHR;1 && !_clib_ext_h_ && !HAVE_STRCHR;if;79;79
src/dbinc_auto/clib_ext.h;1;!HAVE_STRCHR;1 && !_clib_ext_h_ && !HAVE_STRCHR;artifact;80;80
src/dbinc_auto/clib_ext.h;1;!HAVE_STRCHR;1 && !_clib_ext_h_ && !HAVE_STRCHR;endif;81;81
src/dbinc_auto/clib_ext.h;1;!HAVE_STRDUP;1 && !_clib_ext_h_ && !HAVE_STRDUP;if;82;82
src/dbinc_auto/clib_ext.h;1;!HAVE_STRDUP;1 && !_clib_ext_h_ && !HAVE_STRDUP;artifact;83;83
src/dbinc_auto/clib_ext.h;1;!HAVE_STRDUP;1 && !_clib_ext_h_ && !HAVE_STRDUP;endif;84;84
src/dbinc_auto/clib_ext.h;1;!HAVE_STRERROR;1 && !_clib_ext_h_ && !HAVE_STRERROR;if;85;85
src/dbinc_auto/clib_ext.h;1;!HAVE_STRERROR;1 && !_clib_ext_h_ && !HAVE_STRERROR;artifact;86;86
src/dbinc_auto/clib_ext.h;1;!HAVE_STRERROR;1 && !_clib_ext_h_ && !HAVE_STRERROR;endif;87;87
src/dbinc_auto/clib_ext.h;1;!HAVE_STRNCAT;1 && !_clib_ext_h_ && !HAVE_STRNCAT;if;88;88
src/dbinc_auto/clib_ext.h;1;!HAVE_STRNCAT;1 && !_clib_ext_h_ && !HAVE_STRNCAT;artifact;89;89
src/dbinc_auto/clib_ext.h;1;!HAVE_STRNCAT;1 && !_clib_ext_h_ && !HAVE_STRNCAT;endif;90;90
src/dbinc_auto/clib_ext.h;1;!HAVE_STRNCMP;1 && !_clib_ext_h_ && !HAVE_STRNCMP;if;91;91
src/dbinc_auto/clib_ext.h;1;!HAVE_STRNCMP;1 && !_clib_ext_h_ && !HAVE_STRNCMP;artifact;92;92
src/dbinc_auto/clib_ext.h;1;!HAVE_STRNCMP;1 && !_clib_ext_h_ && !HAVE_STRNCMP;endif;93;93
src/dbinc_auto/clib_ext.h;1;!HAVE_STRRCHR;1 && !_clib_ext_h_ && !HAVE_STRRCHR;if;94;94
src/dbinc_auto/clib_ext.h;1;!HAVE_STRRCHR;1 && !_clib_ext_h_ && !HAVE_STRRCHR;artifact;95;95
src/dbinc_auto/clib_ext.h;1;!HAVE_STRRCHR;1 && !_clib_ext_h_ && !HAVE_STRRCHR;endif;96;96
src/dbinc_auto/clib_ext.h;1;!HAVE_STRSEP;1 && !_clib_ext_h_ && !HAVE_STRSEP;if;97;97
src/dbinc_auto/clib_ext.h;1;!HAVE_STRSEP;1 && !_clib_ext_h_ && !HAVE_STRSEP;artifact;98;98
src/dbinc_auto/clib_ext.h;1;!HAVE_STRSEP;1 && !_clib_ext_h_ && !HAVE_STRSEP;endif;99;99
src/dbinc_auto/clib_ext.h;1;!HAVE_STRTOL;1 && !_clib_ext_h_ && !HAVE_STRTOL;if;100;100
src/dbinc_auto/clib_ext.h;1;!HAVE_STRTOL;1 && !_clib_ext_h_ && !HAVE_STRTOL;artifact;101;101
src/dbinc_auto/clib_ext.h;1;!HAVE_STRTOL;1 && !_clib_ext_h_ && !HAVE_STRTOL;endif;102;102
src/dbinc_auto/clib_ext.h;1;!HAVE_STRTOUL;1 && !_clib_ext_h_ && !HAVE_STRTOUL;if;103;103
src/dbinc_auto/clib_ext.h;1;!HAVE_STRTOUL;1 && !_clib_ext_h_ && !HAVE_STRTOUL;artifact;104;104
src/dbinc_auto/clib_ext.h;1;!HAVE_STRTOUL;1 && !_clib_ext_h_ && !HAVE_STRTOUL;endif;105;105
src/dbinc_auto/clib_ext.h;1;!HAVE_TIME;1 && !_clib_ext_h_ && !HAVE_TIME;if;106;106
src/dbinc_auto/clib_ext.h;1;!HAVE_TIME;1 && !_clib_ext_h_ && !HAVE_TIME;artifact;107;107
src/dbinc_auto/clib_ext.h;1;!HAVE_TIME;1 && !_clib_ext_h_ && !HAVE_TIME;endif;108;108
src/dbinc_auto/clib_ext.h;1;!_clib_ext_h_;1 && !_clib_ext_h_;artifact;109;109
src/dbinc_auto/clib_ext.h;1;DEFINED___LB____cplusplus__RB__;1 && !_clib_ext_h_ && DEFINED___LB____cplusplus__RB__;if;110;110
src/dbinc_auto/clib_ext.h;1;DEFINED___LB____cplusplus__RB__;1 && !_clib_ext_h_ && DEFINED___LB____cplusplus__RB__;artifact;111;111
src/dbinc_auto/clib_ext.h;1;DEFINED___LB____cplusplus__RB__;1 && !_clib_ext_h_ && DEFINED___LB____cplusplus__RB__;endif;112;112
src/dbinc_auto/clib_ext.h;1;!_clib_ext_h_;1 && !_clib_ext_h_;endif;113;113
src/dbinc_auto/clib_ext.h;1;1;1;artifact;114;114
src/dbinc_auto/common_ext.h;1;1;1;ROOT;1;77
src/dbinc_auto/common_ext.h;1;1;1;artifact;1;1
src/dbinc_auto/common_ext.h;1;!_common_ext_h_;1 && !_common_ext_h_;if;2;2
src/dbinc_auto/common_ext.h;1;!_common_ext_h_;1 && !_common_ext_h_;artifact;3;4
src/dbinc_auto/common_ext.h;1;DEFINED___LB____cplusplus__RB__;1 && !_common_ext_h_ && DEFINED___LB____cplusplus__RB__;if;5;5
src/dbinc_auto/common_ext.h;1;DEFINED___LB____cplusplus__RB__;1 && !_common_ext_h_ && DEFINED___LB____cplusplus__RB__;artifact;6;6
src/dbinc_auto/common_ext.h;1;DEFINED___LB____cplusplus__RB__;1 && !_common_ext_h_ && DEFINED___LB____cplusplus__RB__;endif;7;7
src/dbinc_auto/common_ext.h;1;!_common_ext_h_;1 && !_common_ext_h_;artifact;8;24
src/dbinc_auto/common_ext.h;1;DIAGNOSTIC;1 && !_common_ext_h_ && DIAGNOSTIC;if;25;25
src/dbinc_auto/common_ext.h;1;DIAGNOSTIC;1 && !_common_ext_h_ && DIAGNOSTIC;artifact;26;26
src/dbinc_auto/common_ext.h;1;DIAGNOSTIC;1 && !_common_ext_h_ && DIAGNOSTIC;endif;27;27
src/dbinc_auto/common_ext.h;1;!_common_ext_h_;1 && !_common_ext_h_;artifact;28;71
src/dbinc_auto/common_ext.h;1;DEFINED___LB____cplusplus__RB__;1 && !_common_ext_h_ && DEFINED___LB____cplusplus__RB__;if;72;72
src/dbinc_auto/common_ext.h;1;DEFINED___LB____cplusplus__RB__;1 && !_common_ext_h_ && DEFINED___LB____cplusplus__RB__;artifact;73;73
src/dbinc_auto/common_ext.h;1;DEFINED___LB____cplusplus__RB__;1 && !_common_ext_h_ && DEFINED___LB____cplusplus__RB__;endif;74;74
src/dbinc_auto/common_ext.h;1;!_common_ext_h_;1 && !_common_ext_h_;endif;75;75
src/dbinc_auto/common_ext.h;1;1;1;artifact;76;76
src/dbinc_auto/crdel_auto.h;1;1;1;ROOT;1;129
src/dbinc_auto/crdel_auto.h;1;1;1;artifact;1;2
src/dbinc_auto/crdel_auto.h;1;!__crdel_AUTO_H;1 && !__crdel_AUTO_H;if;3;3
src/dbinc_auto/crdel_auto.h;1;!__crdel_AUTO_H;1 && !__crdel_AUTO_H;artifact;4;126
src/dbinc_auto/crdel_auto.h;1;!__crdel_AUTO_H;1 && !__crdel_AUTO_H;endif;127;127
src/dbinc_auto/crdel_auto.h;1;1;1;artifact;128;128
src/dbinc_auto/crypto_ext.h;1;1;1;ROOT;1;40
src/dbinc_auto/crypto_ext.h;1;1;1;artifact;1;1
src/dbinc_auto/crypto_ext.h;1;!_crypto_ext_h_;1 && !_crypto_ext_h_;if;2;2
src/dbinc_auto/crypto_ext.h;1;!_crypto_ext_h_;1 && !_crypto_ext_h_;artifact;3;4
src/dbinc_auto/crypto_ext.h;1;DEFINED___LB____cplusplus__RB__;1 && !_crypto_ext_h_ && DEFINED___LB____cplusplus__RB__;if;5;5
src/dbinc_auto/crypto_ext.h;1;DEFINED___LB____cplusplus__RB__;1 && !_crypto_ext_h_ && DEFINED___LB____cplusplus__RB__;artifact;6;6
src/dbinc_auto/crypto_ext.h;1;DEFINED___LB____cplusplus__RB__;1 && !_crypto_ext_h_ && DEFINED___LB____cplusplus__RB__;endif;7;7
src/dbinc_auto/crypto_ext.h;1;!_crypto_ext_h_;1 && !_crypto_ext_h_;artifact;8;34
src/dbinc_auto/crypto_ext.h;1;DEFINED___LB____cplusplus__RB__;1 && !_crypto_ext_h_ && DEFINED___LB____cplusplus__RB__;if;35;35
src/dbinc_auto/crypto_ext.h;1;DEFINED___LB____cplusplus__RB__;1 && !_crypto_ext_h_ && DEFINED___LB____cplusplus__RB__;artifact;36;36
src/dbinc_auto/crypto_ext.h;1;DEFINED___LB____cplusplus__RB__;1 && !_crypto_ext_h_ && DEFINED___LB____cplusplus__RB__;endif;37;37
src/dbinc_auto/crypto_ext.h;1;!_crypto_ext_h_;1 && !_crypto_ext_h_;endif;38;38
src/dbinc_auto/crypto_ext.h;1;1;1;artifact;39;39
src/dbinc_auto/db_auto.h;1;1;1;ROOT;1;668
src/dbinc_auto/db_auto.h;1;1;1;artifact;1;2
src/dbinc_auto/db_auto.h;1;!__db_AUTO_H;1 && !__db_AUTO_H;if;3;3
src/dbinc_auto/db_auto.h;1;!__db_AUTO_H;1 && !__db_AUTO_H;artifact;4;665
src/dbinc_auto/db_auto.h;1;!__db_AUTO_H;1 && !__db_AUTO_H;endif;666;666
src/dbinc_auto/db_auto.h;1;1;1;artifact;667;667
src/dbinc_auto/db_ext.h;1;1;1;ROOT;1;348
src/dbinc_auto/db_ext.h;1;1;1;artifact;1;1
src/dbinc_auto/db_ext.h;1;!_db_ext_h_;1 && !_db_ext_h_;if;2;2
src/dbinc_auto/db_ext.h;1;!_db_ext_h_;1 && !_db_ext_h_;artifact;3;4
src/dbinc_auto/db_ext.h;1;DEFINED___LB____cplusplus__RB__;1 && !_db_ext_h_ && DEFINED___LB____cplusplus__RB__;if;5;5
src/dbinc_auto/db_ext.h;1;DEFINED___LB____cplusplus__RB__;1 && !_db_ext_h_ && DEFINED___LB____cplusplus__RB__;artifact;6;6
src/dbinc_auto/db_ext.h;1;DEFINED___LB____cplusplus__RB__;1 && !_db_ext_h_ && DEFINED___LB____cplusplus__RB__;endif;7;7
src/dbinc_auto/db_ext.h;1;!_db_ext_h_;1 && !_db_ext_h_;artifact;8;28
src/dbinc_auto/db_ext.h;1;CONFIG_TEST;1 && !_db_ext_h_ && CONFIG_TEST;if;29;29
src/dbinc_auto/db_ext.h;1;CONFIG_TEST;1 && !_db_ext_h_ && CONFIG_TEST;artifact;30;30
src/dbinc_auto/db_ext.h;1;CONFIG_TEST;1 && !_db_ext_h_ && CONFIG_TEST;endif;31;31
src/dbinc_auto/db_ext.h;1;!_db_ext_h_;1 && !_db_ext_h_;artifact;32;72
src/dbinc_auto/db_ext.h;1;HAVE_COMPRESSION;1 && !_db_ext_h_ && HAVE_COMPRESSION;if;73;73
src/dbinc_auto/db_ext.h;1;HAVE_COMPRESSION;1 && !_db_ext_h_ && HAVE_COMPRESSION;artifact;74;74
src/dbinc_auto/db_ext.h;1;HAVE_COMPRESSION;1 && !_db_ext_h_ && HAVE_COMPRESSION;endif;75;75
src/dbinc_auto/db_ext.h;1;!_db_ext_h_;1 && !_db_ext_h_;artifact;76;92
src/dbinc_auto/db_ext.h;1;DIAGNOSTIC;1 && !_db_ext_h_ && DIAGNOSTIC;if;93;93
src/dbinc_auto/db_ext.h;1;DIAGNOSTIC;1 && !_db_ext_h_ && DIAGNOSTIC;artifact;94;94
src/dbinc_auto/db_ext.h;1;DIAGNOSTIC;1 && !_db_ext_h_ && DIAGNOSTIC;endif;95;95
src/dbinc_auto/db_ext.h;1;!_db_ext_h_;1 && !_db_ext_h_;artifact;96;166
src/dbinc_auto/db_ext.h;1;HAVE_FTRUNCATE;1 && !_db_ext_h_ && HAVE_FTRUNCATE;if;167;167
src/dbinc_auto/db_ext.h;1;HAVE_FTRUNCATE;1 && !_db_ext_h_ && HAVE_FTRUNCATE;artifact;168;168
src/dbinc_auto/db_ext.h;1;HAVE_FTRUNCATE;1 && !_db_ext_h_ && HAVE_FTRUNCATE;endif;169;169
src/dbinc_auto/db_ext.h;1;!_db_ext_h_;1 && !_db_ext_h_;artifact;170;170
src/dbinc_auto/db_ext.h;1;HAVE_FTRUNCATE;1 && !_db_ext_h_ && HAVE_FTRUNCATE;if;171;171
src/dbinc_auto/db_ext.h;1;HAVE_FTRUNCATE;1 && !_db_ext_h_ && HAVE_FTRUNCATE;artifact;172;172
src/dbinc_auto/db_ext.h;1;HAVE_FTRUNCATE;1 && !_db_ext_h_ && HAVE_FTRUNCATE;endif;173;173
src/dbinc_auto/db_ext.h;1;HAVE_FTRUNCATE;1 && !_db_ext_h_ && HAVE_FTRUNCATE;if;174;174
src/dbinc_auto/db_ext.h;1;HAVE_FTRUNCATE;1 && !_db_ext_h_ && HAVE_FTRUNCATE;artifact;175;175
src/dbinc_auto/db_ext.h;1;HAVE_FTRUNCATE;1 && !_db_ext_h_ && HAVE_FTRUNCATE;endif;176;176
src/dbinc_auto/db_ext.h;1;!_db_ext_h_;1 && !_db_ext_h_;artifact;177;178
src/dbinc_auto/db_ext.h;1;DIAGNOSTIC;1 && !_db_ext_h_ && DIAGNOSTIC;if;179;179
src/dbinc_auto/db_ext.h;1;DIAGNOSTIC;1 && !_db_ext_h_ && DIAGNOSTIC;artifact;180;180
src/dbinc_auto/db_ext.h;1;DIAGNOSTIC;1 && !_db_ext_h_ && DIAGNOSTIC;endif;181;181
src/dbinc_auto/db_ext.h;1;DIAGNOSTIC;1 && !_db_ext_h_ && DIAGNOSTIC;if;182;182
src/dbinc_auto/db_ext.h;1;DIAGNOSTIC;1 && !_db_ext_h_ && DIAGNOSTIC;artifact;183;183
src/dbinc_auto/db_ext.h;1;DIAGNOSTIC;1 && !_db_ext_h_ && DIAGNOSTIC;endif;184;184
src/dbinc_auto/db_ext.h;1;!_db_ext_h_;1 && !_db_ext_h_;artifact;185;342
src/dbinc_auto/db_ext.h;1;DEFINED___LB____cplusplus__RB__;1 && !_db_ext_h_ && DEFINED___LB____cplusplus__RB__;if;343;343
src/dbinc_auto/db_ext.h;1;DEFINED___LB____cplusplus__RB__;1 && !_db_ext_h_ && DEFINED___LB____cplusplus__RB__;artifact;344;344
src/dbinc_auto/db_ext.h;1;DEFINED___LB____cplusplus__RB__;1 && !_db_ext_h_ && DEFINED___LB____cplusplus__RB__;endif;345;345
src/dbinc_auto/db_ext.h;1;!_db_ext_h_;1 && !_db_ext_h_;endif;346;346
src/dbinc_auto/db_ext.h;1;1;1;artifact;347;347
src/dbinc_auto/dbreg_auto.h;1;1;1;ROOT;1;45
src/dbinc_auto/dbreg_auto.h;1;1;1;artifact;1;2
src/dbinc_auto/dbreg_auto.h;1;!__dbreg_AUTO_H;1 && !__dbreg_AUTO_H;if;3;3
src/dbinc_auto/dbreg_auto.h;1;!__dbreg_AUTO_H;1 && !__dbreg_AUTO_H;artifact;4;42
src/dbinc_auto/dbreg_auto.h;1;!__dbreg_AUTO_H;1 && !__dbreg_AUTO_H;endif;43;43
src/dbinc_auto/dbreg_auto.h;1;1;1;artifact;44;44
src/dbinc_auto/dbreg_ext.h;1;1;1;ROOT;1;48
src/dbinc_auto/dbreg_ext.h;1;1;1;artifact;1;1
src/dbinc_auto/dbreg_ext.h;1;!_dbreg_ext_h_;1 && !_dbreg_ext_h_;if;2;2
src/dbinc_auto/dbreg_ext.h;1;!_dbreg_ext_h_;1 && !_dbreg_ext_h_;artifact;3;4
src/dbinc_auto/dbreg_ext.h;1;DEFINED___LB____cplusplus__RB__;1 && !_dbreg_ext_h_ && DEFINED___LB____cplusplus__RB__;if;5;5
src/dbinc_auto/dbreg_ext.h;1;DEFINED___LB____cplusplus__RB__;1 && !_dbreg_ext_h_ && DEFINED___LB____cplusplus__RB__;artifact;6;6
src/dbinc_auto/dbreg_ext.h;1;DEFINED___LB____cplusplus__RB__;1 && !_dbreg_ext_h_ && DEFINED___LB____cplusplus__RB__;endif;7;7
src/dbinc_auto/dbreg_ext.h;1;!_dbreg_ext_h_;1 && !_dbreg_ext_h_;artifact;8;42
src/dbinc_auto/dbreg_ext.h;1;DEFINED___LB____cplusplus__RB__;1 && !_dbreg_ext_h_ && DEFINED___LB____cplusplus__RB__;if;43;43
src/dbinc_auto/dbreg_ext.h;1;DEFINED___LB____cplusplus__RB__;1 && !_dbreg_ext_h_ && DEFINED___LB____cplusplus__RB__;artifact;44;44
src/dbinc_auto/dbreg_ext.h;1;DEFINED___LB____cplusplus__RB__;1 && !_dbreg_ext_h_ && DEFINED___LB____cplusplus__RB__;endif;45;45
src/dbinc_auto/dbreg_ext.h;1;!_dbreg_ext_h_;1 && !_dbreg_ext_h_;endif;46;46
src/dbinc_auto/dbreg_ext.h;1;1;1;artifact;47;47
src/dbinc_auto/env_ext.h;1;1;1;ROOT;1;160
src/dbinc_auto/env_ext.h;1;1;1;artifact;1;1
src/dbinc_auto/env_ext.h;1;!_env_ext_h_;1 && !_env_ext_h_;if;2;2
src/dbinc_auto/env_ext.h;1;!_env_ext_h_;1 && !_env_ext_h_;artifact;3;4
src/dbinc_auto/env_ext.h;1;DEFINED___LB____cplusplus__RB__;1 && !_env_ext_h_ && DEFINED___LB____cplusplus__RB__;if;5;5
src/dbinc_auto/env_ext.h;1;DEFINED___LB____cplusplus__RB__;1 && !_env_ext_h_ && DEFINED___LB____cplusplus__RB__;artifact;6;6
src/dbinc_auto/env_ext.h;1;DEFINED___LB____cplusplus__RB__;1 && !_env_ext_h_ && DEFINED___LB____cplusplus__RB__;endif;7;7
src/dbinc_auto/env_ext.h;1;!_env_ext_h_;1 && !_env_ext_h_;artifact;8;111
src/dbinc_auto/env_ext.h;1;!HAVE_REPLICATION_THREADS;1 && !_env_ext_h_ && !HAVE_REPLICATION_THREADS;if;112;112
src/dbinc_auto/env_ext.h;1;!HAVE_REPLICATION_THREADS;1 && !_env_ext_h_ && !HAVE_REPLICATION_THREADS;artifact;113;113
src/dbinc_auto/env_ext.h;1;!HAVE_REPLICATION_THREADS;1 && !_env_ext_h_ && !HAVE_REPLICATION_THREADS;endif;114;114
src/dbinc_auto/env_ext.h;1;!HAVE_REPLICATION_THREADS;1 && !_env_ext_h_ && !HAVE_REPLICATION_THREADS;if;115;115
src/dbinc_auto/env_ext.h;1;!HAVE_REPLICATION_THREADS;1 && !_env_ext_h_ && !HAVE_REPLICATION_THREADS;artifact;116;116
src/dbinc_auto/env_ext.h;1;!HAVE_REPLICATION_THREADS;1 && !_env_ext_h_ && !HAVE_REPLICATION_THREADS;endif;117;117
src/dbinc_auto/env_ext.h;1;!HAVE_REPLICATION_THREADS;1 && !_env_ext_h_ && !HAVE_REPLICATION_THREADS;if;118;118
src/dbinc_auto/env_ext.h;1;!HAVE_REPLICATION_THREADS;1 && !_env_ext_h_ && !HAVE_REPLICATION_THREADS;artifact;119;119
src/dbinc_auto/env_ext.h;1;!HAVE_REPLICATION_THREADS;1 && !_env_ext_h_ && !HAVE_REPLICATION_THREADS;endif;120;120
src/dbinc_auto/env_ext.h;1;!HAVE_REPLICATION_THREADS;1 && !_env_ext_h_ && !HAVE_REPLICATION_THREADS;if;121;121
src/dbinc_auto/env_ext.h;1;!HAVE_REPLICATION_THREADS;1 && !_env_ext_h_ && !HAVE_REPLICATION_THREADS;artifact;122;122
src/dbinc_auto/env_ext.h;1;!HAVE_REPLICATION_THREADS;1 && !_env_ext_h_ && !HAVE_REPLICATION_THREADS;endif;123;123
src/dbinc_auto/env_ext.h;1;!HAVE_REPLICATION_THREADS;1 && !_env_ext_h_ && !HAVE_REPLICATION_THREADS;if;124;124
src/dbinc_auto/env_ext.h;1;!HAVE_REPLICATION_THREADS;1 && !_env_ext_h_ && !HAVE_REPLICATION_THREADS;artifact;125;125
src/dbinc_auto/env_ext.h;1;!HAVE_REPLICATION_THREADS;1 && !_env_ext_h_ && !HAVE_REPLICATION_THREADS;endif;126;126
src/dbinc_auto/env_ext.h;1;!HAVE_REPLICATION_THREADS;1 && !_env_ext_h_ && !HAVE_REPLICATION_THREADS;if;127;127
src/dbinc_auto/env_ext.h;1;!HAVE_REPLICATION_THREADS;1 && !_env_ext_h_ && !HAVE_REPLICATION_THREADS;artifact;128;128
src/dbinc_auto/env_ext.h;1;!HAVE_REPLICATION_THREADS;1 && !_env_ext_h_ && !HAVE_REPLICATION_THREADS;endif;129;129
src/dbinc_auto/env_ext.h;1;!HAVE_REPLICATION_THREADS;1 && !_env_ext_h_ && !HAVE_REPLICATION_THREADS;if;130;130
src/dbinc_auto/env_ext.h;1;!HAVE_REPLICATION_THREADS;1 && !_env_ext_h_ && !HAVE_REPLICATION_THREADS;artifact;131;131
src/dbinc_auto/env_ext.h;1;!HAVE_REPLICATION_THREADS;1 && !_env_ext_h_ && !HAVE_REPLICATION_THREADS;endif;132;132
src/dbinc_auto/env_ext.h;1;!HAVE_REPLICATION_THREADS;1 && !_env_ext_h_ && !HAVE_REPLICATION_THREADS;if;133;133
src/dbinc_auto/env_ext.h;1;!HAVE_REPLICATION_THREADS;1 && !_env_ext_h_ && !HAVE_REPLICATION_THREADS;artifact;134;134
src/dbinc_auto/env_ext.h;1;!HAVE_REPLICATION_THREADS;1 && !_env_ext_h_ && !HAVE_REPLICATION_THREADS;endif;135;135
src/dbinc_auto/env_ext.h;1;!HAVE_REPLICATION_THREADS;1 && !_env_ext_h_ && !HAVE_REPLICATION_THREADS;if;136;136
src/dbinc_auto/env_ext.h;1;!HAVE_REPLICATION_THREADS;1 && !_env_ext_h_ && !HAVE_REPLICATION_THREADS;artifact;137;137
src/dbinc_auto/env_ext.h;1;!HAVE_REPLICATION_THREADS;1 && !_env_ext_h_ && !HAVE_REPLICATION_THREADS;endif;138;138
src/dbinc_auto/env_ext.h;1;!HAVE_REPLICATION_THREADS;1 && !_env_ext_h_ && !HAVE_REPLICATION_THREADS;if;139;139
src/dbinc_auto/env_ext.h;1;!HAVE_REPLICATION_THREADS;1 && !_env_ext_h_ && !HAVE_REPLICATION_THREADS;artifact;140;140
src/dbinc_auto/env_ext.h;1;!HAVE_REPLICATION_THREADS;1 && !_env_ext_h_ && !HAVE_REPLICATION_THREADS;endif;141;141
src/dbinc_auto/env_ext.h;1;!HAVE_REPLICATION_THREADS;1 && !_env_ext_h_ && !HAVE_REPLICATION_THREADS;if;142;142
src/dbinc_auto/env_ext.h;1;!HAVE_REPLICATION_THREADS;1 && !_env_ext_h_ && !HAVE_REPLICATION_THREADS;artifact;143;143
src/dbinc_auto/env_ext.h;1;!HAVE_REPLICATION_THREADS;1 && !_env_ext_h_ && !HAVE_REPLICATION_THREADS;endif;144;144
src/dbinc_auto/env_ext.h;1;!HAVE_REPLICATION_THREADS;1 && !_env_ext_h_ && !HAVE_REPLICATION_THREADS;if;145;145
src/dbinc_auto/env_ext.h;1;!HAVE_REPLICATION_THREADS;1 && !_env_ext_h_ && !HAVE_REPLICATION_THREADS;artifact;146;146
src/dbinc_auto/env_ext.h;1;!HAVE_REPLICATION_THREADS;1 && !_env_ext_h_ && !HAVE_REPLICATION_THREADS;endif;147;147
src/dbinc_auto/env_ext.h;1;!HAVE_REPLICATION_THREADS;1 && !_env_ext_h_ && !HAVE_REPLICATION_THREADS;if;148;148
src/dbinc_auto/env_ext.h;1;!HAVE_REPLICATION_THREADS;1 && !_env_ext_h_ && !HAVE_REPLICATION_THREADS;artifact;149;149
src/dbinc_auto/env_ext.h;1;!HAVE_REPLICATION_THREADS;1 && !_env_ext_h_ && !HAVE_REPLICATION_THREADS;endif;150;150
src/dbinc_auto/env_ext.h;1;!HAVE_REPLICATION_THREADS;1 && !_env_ext_h_ && !HAVE_REPLICATION_THREADS;if;151;151
src/dbinc_auto/env_ext.h;1;!HAVE_REPLICATION_THREADS;1 && !_env_ext_h_ && !HAVE_REPLICATION_THREADS;artifact;152;152
src/dbinc_auto/env_ext.h;1;!HAVE_REPLICATION_THREADS;1 && !_env_ext_h_ && !HAVE_REPLICATION_THREADS;endif;153;153
src/dbinc_auto/env_ext.h;1;!_env_ext_h_;1 && !_env_ext_h_;artifact;154;154
src/dbinc_auto/env_ext.h;1;DEFINED___LB____cplusplus__RB__;1 && !_env_ext_h_ && DEFINED___LB____cplusplus__RB__;if;155;155
src/dbinc_auto/env_ext.h;1;DEFINED___LB____cplusplus__RB__;1 && !_env_ext_h_ && DEFINED___LB____cplusplus__RB__;artifact;156;156
src/dbinc_auto/env_ext.h;1;DEFINED___LB____cplusplus__RB__;1 && !_env_ext_h_ && DEFINED___LB____cplusplus__RB__;endif;157;157
src/dbinc_auto/env_ext.h;1;!_env_ext_h_;1 && !_env_ext_h_;endif;158;158
src/dbinc_auto/env_ext.h;1;1;1;artifact;159;159
src/dbinc_auto/fileops_auto.h;1;1;1;ROOT;1;264
src/dbinc_auto/fileops_auto.h;1;1;1;artifact;1;2
src/dbinc_auto/fileops_auto.h;1;!__fop_AUTO_H;1 && !__fop_AUTO_H;if;3;3
src/dbinc_auto/fileops_auto.h;1;!__fop_AUTO_H;1 && !__fop_AUTO_H;artifact;4;261
src/dbinc_auto/fileops_auto.h;1;!__fop_AUTO_H;1 && !__fop_AUTO_H;endif;262;262
src/dbinc_auto/fileops_auto.h;1;1;1;artifact;263;263
src/dbinc_auto/fileops_ext.h;1;1;1;ROOT;1;46
src/dbinc_auto/fileops_ext.h;1;1;1;artifact;1;1
src/dbinc_auto/fileops_ext.h;1;!_fileops_ext_h_;1 && !_fileops_ext_h_;if;2;2
src/dbinc_auto/fileops_ext.h;1;!_fileops_ext_h_;1 && !_fileops_ext_h_;artifact;3;4
src/dbinc_auto/fileops_ext.h;1;DEFINED___LB____cplusplus__RB__;1 && !_fileops_ext_h_ && DEFINED___LB____cplusplus__RB__;if;5;5
src/dbinc_auto/fileops_ext.h;1;DEFINED___LB____cplusplus__RB__;1 && !_fileops_ext_h_ && DEFINED___LB____cplusplus__RB__;artifact;6;6
src/dbinc_auto/fileops_ext.h;1;DEFINED___LB____cplusplus__RB__;1 && !_fileops_ext_h_ && DEFINED___LB____cplusplus__RB__;endif;7;7
src/dbinc_auto/fileops_ext.h;1;!_fileops_ext_h_;1 && !_fileops_ext_h_;artifact;8;40
src/dbinc_auto/fileops_ext.h;1;DEFINED___LB____cplusplus__RB__;1 && !_fileops_ext_h_ && DEFINED___LB____cplusplus__RB__;if;41;41
src/dbinc_auto/fileops_ext.h;1;DEFINED___LB____cplusplus__RB__;1 && !_fileops_ext_h_ && DEFINED___LB____cplusplus__RB__;artifact;42;42
src/dbinc_auto/fileops_ext.h;1;DEFINED___LB____cplusplus__RB__;1 && !_fileops_ext_h_ && DEFINED___LB____cplusplus__RB__;endif;43;43
src/dbinc_auto/fileops_ext.h;1;!_fileops_ext_h_;1 && !_fileops_ext_h_;endif;44;44
src/dbinc_auto/fileops_ext.h;1;1;1;artifact;45;45
src/dbinc_auto/hash_auto.h;1;1;1;ROOT;1;486
src/dbinc_auto/hash_auto.h;1;1;1;artifact;1;2
src/dbinc_auto/hash_auto.h;1;!__ham_AUTO_H;1 && !__ham_AUTO_H;if;3;3
src/dbinc_auto/hash_auto.h;1;!__ham_AUTO_H;1 && !__ham_AUTO_H;artifact;4;4
src/dbinc_auto/hash_auto.h;1;HAVE_HASH;1 && !__ham_AUTO_H && HAVE_HASH;if;5;5
src/dbinc_auto/hash_auto.h;1;HAVE_HASH;1 && !__ham_AUTO_H && HAVE_HASH;artifact;6;482
src/dbinc_auto/hash_auto.h;1;HAVE_HASH;1 && !__ham_AUTO_H && HAVE_HASH;endif;483;483
src/dbinc_auto/hash_auto.h;1;!__ham_AUTO_H;1 && !__ham_AUTO_H;endif;484;484
src/dbinc_auto/hash_auto.h;1;1;1;artifact;485;485
src/dbinc_auto/hash_ext.h;1;1;1;ROOT;1;131
src/dbinc_auto/hash_ext.h;1;1;1;artifact;1;1
src/dbinc_auto/hash_ext.h;1;!_hash_ext_h_;1 && !_hash_ext_h_;if;2;2
src/dbinc_auto/hash_ext.h;1;!_hash_ext_h_;1 && !_hash_ext_h_;artifact;3;4
src/dbinc_auto/hash_ext.h;1;DEFINED___LB____cplusplus__RB__;1 && !_hash_ext_h_ && DEFINED___LB____cplusplus__RB__;if;5;5
src/dbinc_auto/hash_ext.h;1;DEFINED___LB____cplusplus__RB__;1 && !_hash_ext_h_ && DEFINED___LB____cplusplus__RB__;artifact;6;6
src/dbinc_auto/hash_ext.h;1;DEFINED___LB____cplusplus__RB__;1 && !_hash_ext_h_ && DEFINED___LB____cplusplus__RB__;endif;7;7
src/dbinc_auto/hash_ext.h;1;!_hash_ext_h_;1 && !_hash_ext_h_;artifact;8;125
src/dbinc_auto/hash_ext.h;1;DEFINED___LB____cplusplus__RB__;1 && !_hash_ext_h_ && DEFINED___LB____cplusplus__RB__;if;126;126
src/dbinc_auto/hash_ext.h;1;DEFINED___LB____cplusplus__RB__;1 && !_hash_ext_h_ && DEFINED___LB____cplusplus__RB__;artifact;127;127
src/dbinc_auto/hash_ext.h;1;DEFINED___LB____cplusplus__RB__;1 && !_hash_ext_h_ && DEFINED___LB____cplusplus__RB__;endif;128;128
src/dbinc_auto/hash_ext.h;1;!_hash_ext_h_;1 && !_hash_ext_h_;endif;129;129
src/dbinc_auto/hash_ext.h;1;1;1;artifact;130;130
src/dbinc_auto/heap_auto.h;1;1;1;ROOT;1;148
src/dbinc_auto/heap_auto.h;1;1;1;artifact;1;2
src/dbinc_auto/heap_auto.h;1;!__heap_AUTO_H;1 && !__heap_AUTO_H;if;3;3
src/dbinc_auto/heap_auto.h;1;!__heap_AUTO_H;1 && !__heap_AUTO_H;artifact;4;4
src/dbinc_auto/heap_auto.h;1;HAVE_HEAP;1 && !__heap_AUTO_H && HAVE_HEAP;if;5;5
src/dbinc_auto/heap_auto.h;1;HAVE_HEAP;1 && !__heap_AUTO_H && HAVE_HEAP;artifact;6;144
src/dbinc_auto/heap_auto.h;1;HAVE_HEAP;1 && !__heap_AUTO_H && HAVE_HEAP;endif;145;145
src/dbinc_auto/heap_auto.h;1;!__heap_AUTO_H;1 && !__heap_AUTO_H;endif;146;146
src/dbinc_auto/heap_auto.h;1;1;1;artifact;147;147
src/dbinc_auto/heap_ext.h;1;1;1;ROOT;1;60
src/dbinc_auto/heap_ext.h;1;1;1;artifact;1;1
src/dbinc_auto/heap_ext.h;1;!_heap_ext_h_;1 && !_heap_ext_h_;if;2;2
src/dbinc_auto/heap_ext.h;1;!_heap_ext_h_;1 && !_heap_ext_h_;artifact;3;4
src/dbinc_auto/heap_ext.h;1;DEFINED___LB____cplusplus__RB__;1 && !_heap_ext_h_ && DEFINED___LB____cplusplus__RB__;if;5;5
src/dbinc_auto/heap_ext.h;1;DEFINED___LB____cplusplus__RB__;1 && !_heap_ext_h_ && DEFINED___LB____cplusplus__RB__;artifact;6;6
src/dbinc_auto/heap_ext.h;1;DEFINED___LB____cplusplus__RB__;1 && !_heap_ext_h_ && DEFINED___LB____cplusplus__RB__;endif;7;7
src/dbinc_auto/heap_ext.h;1;!_heap_ext_h_;1 && !_heap_ext_h_;artifact;8;54
src/dbinc_auto/heap_ext.h;1;DEFINED___LB____cplusplus__RB__;1 && !_heap_ext_h_ && DEFINED___LB____cplusplus__RB__;if;55;55
src/dbinc_auto/heap_ext.h;1;DEFINED___LB____cplusplus__RB__;1 && !_heap_ext_h_ && DEFINED___LB____cplusplus__RB__;artifact;56;56
src/dbinc_auto/heap_ext.h;1;DEFINED___LB____cplusplus__RB__;1 && !_heap_ext_h_ && DEFINED___LB____cplusplus__RB__;endif;57;57
src/dbinc_auto/heap_ext.h;1;!_heap_ext_h_;1 && !_heap_ext_h_;endif;58;58
src/dbinc_auto/heap_ext.h;1;1;1;artifact;59;59
src/dbinc_auto/hmac_ext.h;1;1;1;ROOT;1;22
src/dbinc_auto/hmac_ext.h;1;1;1;artifact;1;1
src/dbinc_auto/hmac_ext.h;1;!_hmac_ext_h_;1 && !_hmac_ext_h_;if;2;2
src/dbinc_auto/hmac_ext.h;1;!_hmac_ext_h_;1 && !_hmac_ext_h_;artifact;3;4
src/dbinc_auto/hmac_ext.h;1;DEFINED___LB____cplusplus__RB__;1 && !_hmac_ext_h_ && DEFINED___LB____cplusplus__RB__;if;5;5
src/dbinc_auto/hmac_ext.h;1;DEFINED___LB____cplusplus__RB__;1 && !_hmac_ext_h_ && DEFINED___LB____cplusplus__RB__;artifact;6;6
src/dbinc_auto/hmac_ext.h;1;DEFINED___LB____cplusplus__RB__;1 && !_hmac_ext_h_ && DEFINED___LB____cplusplus__RB__;endif;7;7
src/dbinc_auto/hmac_ext.h;1;!_hmac_ext_h_;1 && !_hmac_ext_h_;artifact;8;16
src/dbinc_auto/hmac_ext.h;1;DEFINED___LB____cplusplus__RB__;1 && !_hmac_ext_h_ && DEFINED___LB____cplusplus__RB__;if;17;17
src/dbinc_auto/hmac_ext.h;1;DEFINED___LB____cplusplus__RB__;1 && !_hmac_ext_h_ && DEFINED___LB____cplusplus__RB__;artifact;18;18
src/dbinc_auto/hmac_ext.h;1;DEFINED___LB____cplusplus__RB__;1 && !_hmac_ext_h_ && DEFINED___LB____cplusplus__RB__;endif;19;19
src/dbinc_auto/hmac_ext.h;1;!_hmac_ext_h_;1 && !_hmac_ext_h_;endif;20;20
src/dbinc_auto/hmac_ext.h;1;1;1;artifact;21;21
src/dbinc_auto/lock_ext.h;1;1;1;ROOT;1;80
src/dbinc_auto/lock_ext.h;1;1;1;artifact;1;1
src/dbinc_auto/lock_ext.h;1;!_lock_ext_h_;1 && !_lock_ext_h_;if;2;2
src/dbinc_auto/lock_ext.h;1;!_lock_ext_h_;1 && !_lock_ext_h_;artifact;3;4
src/dbinc_auto/lock_ext.h;1;DEFINED___LB____cplusplus__RB__;1 && !_lock_ext_h_ && DEFINED___LB____cplusplus__RB__;if;5;5
src/dbinc_auto/lock_ext.h;1;DEFINED___LB____cplusplus__RB__;1 && !_lock_ext_h_ && DEFINED___LB____cplusplus__RB__;artifact;6;6
src/dbinc_auto/lock_ext.h;1;DEFINED___LB____cplusplus__RB__;1 && !_lock_ext_h_ && DEFINED___LB____cplusplus__RB__;endif;7;7
src/dbinc_auto/lock_ext.h;1;!_lock_ext_h_;1 && !_lock_ext_h_;artifact;8;74
src/dbinc_auto/lock_ext.h;1;DEFINED___LB____cplusplus__RB__;1 && !_lock_ext_h_ && DEFINED___LB____cplusplus__RB__;if;75;75
src/dbinc_auto/lock_ext.h;1;DEFINED___LB____cplusplus__RB__;1 && !_lock_ext_h_ && DEFINED___LB____cplusplus__RB__;artifact;76;76
src/dbinc_auto/lock_ext.h;1;DEFINED___LB____cplusplus__RB__;1 && !_lock_ext_h_ && DEFINED___LB____cplusplus__RB__;endif;77;77
src/dbinc_auto/lock_ext.h;1;!_lock_ext_h_;1 && !_lock_ext_h_;endif;78;78
src/dbinc_auto/lock_ext.h;1;1;1;artifact;79;79
src/dbinc_auto/log_ext.h;1;1;1;ROOT;1;210
src/dbinc_auto/log_ext.h;1;1;1;artifact;1;1
src/dbinc_auto/log_ext.h;1;!_log_ext_h_;1 && !_log_ext_h_;if;2;2
src/dbinc_auto/log_ext.h;1;!_log_ext_h_;1 && !_log_ext_h_;artifact;3;4
src/dbinc_auto/log_ext.h;1;DEFINED___LB____cplusplus__RB__;1 && !_log_ext_h_ && DEFINED___LB____cplusplus__RB__;if;5;5
src/dbinc_auto/log_ext.h;1;DEFINED___LB____cplusplus__RB__;1 && !_log_ext_h_ && DEFINED___LB____cplusplus__RB__;artifact;6;6
src/dbinc_auto/log_ext.h;1;DEFINED___LB____cplusplus__RB__;1 && !_log_ext_h_ && DEFINED___LB____cplusplus__RB__;endif;7;7
src/dbinc_auto/log_ext.h;1;!_log_ext_h_;1 && !_log_ext_h_;artifact;8;204
src/dbinc_auto/log_ext.h;1;DEFINED___LB____cplusplus__RB__;1 && !_log_ext_h_ && DEFINED___LB____cplusplus__RB__;if;205;205
src/dbinc_auto/log_ext.h;1;DEFINED___LB____cplusplus__RB__;1 && !_log_ext_h_ && DEFINED___LB____cplusplus__RB__;artifact;206;206
src/dbinc_auto/log_ext.h;1;DEFINED___LB____cplusplus__RB__;1 && !_log_ext_h_ && DEFINED___LB____cplusplus__RB__;endif;207;207
src/dbinc_auto/log_ext.h;1;!_log_ext_h_;1 && !_log_ext_h_;endif;208;208
src/dbinc_auto/log_ext.h;1;1;1;artifact;209;209
src/dbinc_auto/mp_ext.h;1;1;1;ROOT;1;108
src/dbinc_auto/mp_ext.h;1;1;1;artifact;1;1
src/dbinc_auto/mp_ext.h;1;!_mp_ext_h_;1 && !_mp_ext_h_;if;2;2
src/dbinc_auto/mp_ext.h;1;!_mp_ext_h_;1 && !_mp_ext_h_;artifact;3;4
src/dbinc_auto/mp_ext.h;1;DEFINED___LB____cplusplus__RB__;1 && !_mp_ext_h_ && DEFINED___LB____cplusplus__RB__;if;5;5
src/dbinc_auto/mp_ext.h;1;DEFINED___LB____cplusplus__RB__;1 && !_mp_ext_h_ && DEFINED___LB____cplusplus__RB__;artifact;6;6
src/dbinc_auto/mp_ext.h;1;DEFINED___LB____cplusplus__RB__;1 && !_mp_ext_h_ && DEFINED___LB____cplusplus__RB__;endif;7;7
src/dbinc_auto/mp_ext.h;1;!_mp_ext_h_;1 && !_mp_ext_h_;artifact;8;102
src/dbinc_auto/mp_ext.h;1;DEFINED___LB____cplusplus__RB__;1 && !_mp_ext_h_ && DEFINED___LB____cplusplus__RB__;if;103;103
src/dbinc_auto/mp_ext.h;1;DEFINED___LB____cplusplus__RB__;1 && !_mp_ext_h_ && DEFINED___LB____cplusplus__RB__;artifact;104;104
src/dbinc_auto/mp_ext.h;1;DEFINED___LB____cplusplus__RB__;1 && !_mp_ext_h_ && DEFINED___LB____cplusplus__RB__;endif;105;105
src/dbinc_auto/mp_ext.h;1;!_mp_ext_h_;1 && !_mp_ext_h_;endif;106;106
src/dbinc_auto/mp_ext.h;1;1;1;artifact;107;107
src/dbinc_auto/mutex_ext.h;1;1;1;ROOT;1;93
src/dbinc_auto/mutex_ext.h;1;1;1;artifact;1;1
src/dbinc_auto/mutex_ext.h;1;!_mutex_ext_h_;1 && !_mutex_ext_h_;if;2;2
src/dbinc_auto/mutex_ext.h;1;!_mutex_ext_h_;1 && !_mutex_ext_h_;artifact;3;4
src/dbinc_auto/mutex_ext.h;1;DEFINED___LB____cplusplus__RB__;1 && !_mutex_ext_h_ && DEFINED___LB____cplusplus__RB__;if;5;5
src/dbinc_auto/mutex_ext.h;1;DEFINED___LB____cplusplus__RB__;1 && !_mutex_ext_h_ && DEFINED___LB____cplusplus__RB__;artifact;6;6
src/dbinc_auto/mutex_ext.h;1;DEFINED___LB____cplusplus__RB__;1 && !_mutex_ext_h_ && DEFINED___LB____cplusplus__RB__;endif;7;7
src/dbinc_auto/mutex_ext.h;1;!_mutex_ext_h_;1 && !_mutex_ext_h_;artifact;8;33
src/dbinc_auto/mutex_ext.h;1;!DEFINED___LB__HAVE_ATOMIC_SUPPORT__RB__ && DEFINED___LB__HAVE_MUTEX_SUPPORT__RB__;1 && !_mutex_ext_h_ && !DEFINED___LB__HAVE_ATOMIC_SUPPORT__RB__ && DEFINED___LB__HAVE_MUTEX_SUPPORT__RB__;if;34;34
src/dbinc_auto/mutex_ext.h;1;!DEFINED___LB__HAVE_ATOMIC_SUPPORT__RB__ && DEFINED___LB__HAVE_MUTEX_SUPPORT__RB__;1 && !_mutex_ext_h_ && !DEFINED___LB__HAVE_ATOMIC_SUPPORT__RB__ && DEFINED___LB__HAVE_MUTEX_SUPPORT__RB__;artifact;35;35
src/dbinc_auto/mutex_ext.h;1;!DEFINED___LB__HAVE_ATOMIC_SUPPORT__RB__ && DEFINED___LB__HAVE_MUTEX_SUPPORT__RB__;1 && !_mutex_ext_h_ && !DEFINED___LB__HAVE_ATOMIC_SUPPORT__RB__ && DEFINED___LB__HAVE_MUTEX_SUPPORT__RB__;endif;36;36
src/dbinc_auto/mutex_ext.h;1;!DEFINED___LB__HAVE_ATOMIC_SUPPORT__RB__ && DEFINED___LB__HAVE_MUTEX_SUPPORT__RB__;1 && !_mutex_ext_h_ && !DEFINED___LB__HAVE_ATOMIC_SUPPORT__RB__ && DEFINED___LB__HAVE_MUTEX_SUPPORT__RB__;if;37;37
src/dbinc_auto/mutex_ext.h;1;!DEFINED___LB__HAVE_ATOMIC_SUPPORT__RB__ && DEFINED___LB__HAVE_MUTEX_SUPPORT__RB__;1 && !_mutex_ext_h_ && !DEFINED___LB__HAVE_ATOMIC_SUPPORT__RB__ && DEFINED___LB__HAVE_MUTEX_SUPPORT__RB__;artifact;38;38
src/dbinc_auto/mutex_ext.h;1;!DEFINED___LB__HAVE_ATOMIC_SUPPORT__RB__ && DEFINED___LB__HAVE_MUTEX_SUPPORT__RB__;1 && !_mutex_ext_h_ && !DEFINED___LB__HAVE_ATOMIC_SUPPORT__RB__ && DEFINED___LB__HAVE_MUTEX_SUPPORT__RB__;endif;39;39
src/dbinc_auto/mutex_ext.h;1;!DEFINED___LB__HAVE_ATOMIC_SUPPORT__RB__ && DEFINED___LB__HAVE_MUTEX_SUPPORT__RB__;1 && !_mutex_ext_h_ && !DEFINED___LB__HAVE_ATOMIC_SUPPORT__RB__ && DEFINED___LB__HAVE_MUTEX_SUPPORT__RB__;if;40;40
src/dbinc_auto/mutex_ext.h;1;!DEFINED___LB__HAVE_ATOMIC_SUPPORT__RB__ && DEFINED___LB__HAVE_MUTEX_SUPPORT__RB__;1 && !_mutex_ext_h_ && !DEFINED___LB__HAVE_ATOMIC_SUPPORT__RB__ && DEFINED___LB__HAVE_MUTEX_SUPPORT__RB__;artifact;41;41
src/dbinc_auto/mutex_ext.h;1;!DEFINED___LB__HAVE_ATOMIC_SUPPORT__RB__ && DEFINED___LB__HAVE_MUTEX_SUPPORT__RB__;1 && !_mutex_ext_h_ && !DEFINED___LB__HAVE_ATOMIC_SUPPORT__RB__ && DEFINED___LB__HAVE_MUTEX_SUPPORT__RB__;endif;42;42
src/dbinc_auto/mutex_ext.h;1;!_mutex_ext_h_;1 && !_mutex_ext_h_;artifact;43;43
src/dbinc_auto/mutex_ext.h;1;!HAVE_MUTEX_HYBRID;1 && !_mutex_ext_h_ && !HAVE_MUTEX_HYBRID;if;44;44
src/dbinc_auto/mutex_ext.h;1;!HAVE_MUTEX_HYBRID;1 && !_mutex_ext_h_ && !HAVE_MUTEX_HYBRID;artifact;45;45
src/dbinc_auto/mutex_ext.h;1;!HAVE_MUTEX_HYBRID;1 && !_mutex_ext_h_ && !HAVE_MUTEX_HYBRID;endif;46;46
src/dbinc_auto/mutex_ext.h;1;DEFINED___LB__HAVE_SHARED_LATCHES__RB__;1 && !_mutex_ext_h_ && DEFINED___LB__HAVE_SHARED_LATCHES__RB__;if;47;47
src/dbinc_auto/mutex_ext.h;1;DEFINED___LB__HAVE_SHARED_LATCHES__RB__;1 && !_mutex_ext_h_ && DEFINED___LB__HAVE_SHARED_LATCHES__RB__;artifact;48;48
src/dbinc_auto/mutex_ext.h;1;DEFINED___LB__HAVE_SHARED_LATCHES__RB__;1 && !_mutex_ext_h_ && DEFINED___LB__HAVE_SHARED_LATCHES__RB__;endif;49;49
src/dbinc_auto/mutex_ext.h;1;HAVE_MUTEX_HYBRID;1 && !_mutex_ext_h_ && HAVE_MUTEX_HYBRID;if;50;50
src/dbinc_auto/mutex_ext.h;1;HAVE_MUTEX_HYBRID;1 && !_mutex_ext_h_ && HAVE_MUTEX_HYBRID;artifact;51;51
src/dbinc_auto/mutex_ext.h;1;HAVE_MUTEX_HYBRID;1 && !_mutex_ext_h_ && HAVE_MUTEX_HYBRID;endif;52;52
src/dbinc_auto/mutex_ext.h;1;!_mutex_ext_h_;1 && !_mutex_ext_h_;artifact;53;67
src/dbinc_auto/mutex_ext.h;1;DEFINED___LB__HAVE_SHARED_LATCHES__RB__;1 && !_mutex_ext_h_ && DEFINED___LB__HAVE_SHARED_LATCHES__RB__;if;68;68
src/dbinc_auto/mutex_ext.h;1;DEFINED___LB__HAVE_SHARED_LATCHES__RB__;1 && !_mutex_ext_h_ && DEFINED___LB__HAVE_SHARED_LATCHES__RB__;artifact;69;69
src/dbinc_auto/mutex_ext.h;1;DEFINED___LB__HAVE_SHARED_LATCHES__RB__;1 && !_mutex_ext_h_ && DEFINED___LB__HAVE_SHARED_LATCHES__RB__;endif;70;70
src/dbinc_auto/mutex_ext.h;1;DEFINED___LB__HAVE_SHARED_LATCHES__RB__;1 && !_mutex_ext_h_ && DEFINED___LB__HAVE_SHARED_LATCHES__RB__;if;71;71
src/dbinc_auto/mutex_ext.h;1;DEFINED___LB__HAVE_SHARED_LATCHES__RB__;1 && !_mutex_ext_h_ && DEFINED___LB__HAVE_SHARED_LATCHES__RB__;artifact;72;72
src/dbinc_auto/mutex_ext.h;1;DEFINED___LB__HAVE_SHARED_LATCHES__RB__;1 && !_mutex_ext_h_ && DEFINED___LB__HAVE_SHARED_LATCHES__RB__;endif;73;73
src/dbinc_auto/mutex_ext.h;1;!_mutex_ext_h_;1 && !_mutex_ext_h_;artifact;74;78
src/dbinc_auto/mutex_ext.h;1;DEFINED___LB__HAVE_SHARED_LATCHES__RB__;1 && !_mutex_ext_h_ && DEFINED___LB__HAVE_SHARED_LATCHES__RB__;if;79;79
src/dbinc_auto/mutex_ext.h;1;DEFINED___LB__HAVE_SHARED_LATCHES__RB__;1 && !_mutex_ext_h_ && DEFINED___LB__HAVE_SHARED_LATCHES__RB__;artifact;80;80
src/dbinc_auto/mutex_ext.h;1;DEFINED___LB__HAVE_SHARED_LATCHES__RB__;1 && !_mutex_ext_h_ && DEFINED___LB__HAVE_SHARED_LATCHES__RB__;endif;81;81
src/dbinc_auto/mutex_ext.h;1;DEFINED___LB__HAVE_SHARED_LATCHES__RB__;1 && !_mutex_ext_h_ && DEFINED___LB__HAVE_SHARED_LATCHES__RB__;if;82;82
src/dbinc_auto/mutex_ext.h;1;DEFINED___LB__HAVE_SHARED_LATCHES__RB__;1 && !_mutex_ext_h_ && DEFINED___LB__HAVE_SHARED_LATCHES__RB__;artifact;83;83
src/dbinc_auto/mutex_ext.h;1;DEFINED___LB__HAVE_SHARED_LATCHES__RB__;1 && !_mutex_ext_h_ && DEFINED___LB__HAVE_SHARED_LATCHES__RB__;endif;84;84
src/dbinc_auto/mutex_ext.h;1;!_mutex_ext_h_;1 && !_mutex_ext_h_;artifact;85;87
src/dbinc_auto/mutex_ext.h;1;DEFINED___LB____cplusplus__RB__;1 && !_mutex_ext_h_ && DEFINED___LB____cplusplus__RB__;if;88;88
src/dbinc_auto/mutex_ext.h;1;DEFINED___LB____cplusplus__RB__;1 && !_mutex_ext_h_ && DEFINED___LB____cplusplus__RB__;artifact;89;89
src/dbinc_auto/mutex_ext.h;1;DEFINED___LB____cplusplus__RB__;1 && !_mutex_ext_h_ && DEFINED___LB____cplusplus__RB__;endif;90;90
src/dbinc_auto/mutex_ext.h;1;!_mutex_ext_h_;1 && !_mutex_ext_h_;endif;91;91
src/dbinc_auto/mutex_ext.h;1;1;1;artifact;92;92
src/dbinc_auto/os_ext.h;1;1;1;ROOT;1;86
src/dbinc_auto/os_ext.h;1;1;1;artifact;1;1
src/dbinc_auto/os_ext.h;1;!_os_ext_h_;1 && !_os_ext_h_;if;2;2
src/dbinc_auto/os_ext.h;1;!_os_ext_h_;1 && !_os_ext_h_;artifact;3;4
src/dbinc_auto/os_ext.h;1;DEFINED___LB____cplusplus__RB__;1 && !_os_ext_h_ && DEFINED___LB____cplusplus__RB__;if;5;5
src/dbinc_auto/os_ext.h;1;DEFINED___LB____cplusplus__RB__;1 && !_os_ext_h_ && DEFINED___LB____cplusplus__RB__;artifact;6;6
src/dbinc_auto/os_ext.h;1;DEFINED___LB____cplusplus__RB__;1 && !_os_ext_h_ && DEFINED___LB____cplusplus__RB__;endif;7;7
src/dbinc_auto/os_ext.h;1;!_os_ext_h_;1 && !_os_ext_h_;artifact;8;10
src/dbinc_auto/os_ext.h;1;DEFINED___LB__HAVE_REPLICATION_THREADS__RB__;1 && !_os_ext_h_ && DEFINED___LB__HAVE_REPLICATION_THREADS__RB__;if;11;11
src/dbinc_auto/os_ext.h;1;DEFINED___LB__HAVE_REPLICATION_THREADS__RB__;1 && !_os_ext_h_ && DEFINED___LB__HAVE_REPLICATION_THREADS__RB__;artifact;12;12
src/dbinc_auto/os_ext.h;1;DEFINED___LB__HAVE_REPLICATION_THREADS__RB__;1 && !_os_ext_h_ && DEFINED___LB__HAVE_REPLICATION_THREADS__RB__;endif;13;13
src/dbinc_auto/os_ext.h;1;DEFINED___LB__HAVE_REPLICATION_THREADS__RB__;1 && !_os_ext_h_ && DEFINED___LB__HAVE_REPLICATION_THREADS__RB__;if;14;14
src/dbinc_auto/os_ext.h;1;DEFINED___LB__HAVE_REPLICATION_THREADS__RB__;1 && !_os_ext_h_ && DEFINED___LB__HAVE_REPLICATION_THREADS__RB__;artifact;15;15
src/dbinc_auto/os_ext.h;1;DEFINED___LB__HAVE_REPLICATION_THREADS__RB__;1 && !_os_ext_h_ && DEFINED___LB__HAVE_REPLICATION_THREADS__RB__;endif;16;16
src/dbinc_auto/os_ext.h;1;!_os_ext_h_;1 && !_os_ext_h_;artifact;17;71
src/dbinc_auto/os_ext.h;1;HAVE_QNX;1 && !_os_ext_h_ && HAVE_QNX;if;72;72
src/dbinc_auto/os_ext.h;1;HAVE_QNX;1 && !_os_ext_h_ && HAVE_QNX;artifact;73;73
src/dbinc_auto/os_ext.h;1;HAVE_QNX;1 && !_os_ext_h_ && HAVE_QNX;endif;74;74
src/dbinc_auto/os_ext.h;1;!_os_ext_h_;1 && !_os_ext_h_;artifact;75;76
src/dbinc_auto/os_ext.h;1;HAVE_REPLICATION_THREADS;1 && !_os_ext_h_ && HAVE_REPLICATION_THREADS;if;77;77
src/dbinc_auto/os_ext.h;1;HAVE_REPLICATION_THREADS;1 && !_os_ext_h_ && HAVE_REPLICATION_THREADS;artifact;78;78
src/dbinc_auto/os_ext.h;1;HAVE_REPLICATION_THREADS;1 && !_os_ext_h_ && HAVE_REPLICATION_THREADS;endif;79;79
src/dbinc_auto/os_ext.h;1;!_os_ext_h_;1 && !_os_ext_h_;artifact;80;80
src/dbinc_auto/os_ext.h;1;DEFINED___LB____cplusplus__RB__;1 && !_os_ext_h_ && DEFINED___LB____cplusplus__RB__;if;81;81
src/dbinc_auto/os_ext.h;1;DEFINED___LB____cplusplus__RB__;1 && !_os_ext_h_ && DEFINED___LB____cplusplus__RB__;artifact;82;82
src/dbinc_auto/os_ext.h;1;DEFINED___LB____cplusplus__RB__;1 && !_os_ext_h_ && DEFINED___LB____cplusplus__RB__;endif;83;83
src/dbinc_auto/os_ext.h;1;!_os_ext_h_;1 && !_os_ext_h_;endif;84;84
src/dbinc_auto/os_ext.h;1;1;1;artifact;85;85
src/dbinc_auto/qam_auto.h;1;1;1;ROOT;1;176
src/dbinc_auto/qam_auto.h;1;1;1;artifact;1;2
src/dbinc_auto/qam_auto.h;1;!__qam_AUTO_H;1 && !__qam_AUTO_H;if;3;3
src/dbinc_auto/qam_auto.h;1;!__qam_AUTO_H;1 && !__qam_AUTO_H;artifact;4;4
src/dbinc_auto/qam_auto.h;1;HAVE_QUEUE;1 && !__qam_AUTO_H && HAVE_QUEUE;if;5;5
src/dbinc_auto/qam_auto.h;1;HAVE_QUEUE;1 && !__qam_AUTO_H && HAVE_QUEUE;artifact;6;172
src/dbinc_auto/qam_auto.h;1;HAVE_QUEUE;1 && !__qam_AUTO_H && HAVE_QUEUE;endif;173;173
src/dbinc_auto/qam_auto.h;1;!__qam_AUTO_H;1 && !__qam_AUTO_H;endif;174;174
src/dbinc_auto/qam_auto.h;1;1;1;artifact;175;175
src/dbinc_auto/qam_ext.h;1;1;1;ROOT;1;70
src/dbinc_auto/qam_ext.h;1;1;1;artifact;1;1
src/dbinc_auto/qam_ext.h;1;!_qam_ext_h_;1 && !_qam_ext_h_;if;2;2
src/dbinc_auto/qam_ext.h;1;!_qam_ext_h_;1 && !_qam_ext_h_;artifact;3;4
src/dbinc_auto/qam_ext.h;1;DEFINED___LB____cplusplus__RB__;1 && !_qam_ext_h_ && DEFINED___LB____cplusplus__RB__;if;5;5
src/dbinc_auto/qam_ext.h;1;DEFINED___LB____cplusplus__RB__;1 && !_qam_ext_h_ && DEFINED___LB____cplusplus__RB__;artifact;6;6
src/dbinc_auto/qam_ext.h;1;DEFINED___LB____cplusplus__RB__;1 && !_qam_ext_h_ && DEFINED___LB____cplusplus__RB__;endif;7;7
src/dbinc_auto/qam_ext.h;1;!_qam_ext_h_;1 && !_qam_ext_h_;artifact;8;64
src/dbinc_auto/qam_ext.h;1;DEFINED___LB____cplusplus__RB__;1 && !_qam_ext_h_ && DEFINED___LB____cplusplus__RB__;if;65;65
src/dbinc_auto/qam_ext.h;1;DEFINED___LB____cplusplus__RB__;1 && !_qam_ext_h_ && DEFINED___LB____cplusplus__RB__;artifact;66;66
src/dbinc_auto/qam_ext.h;1;DEFINED___LB____cplusplus__RB__;1 && !_qam_ext_h_ && DEFINED___LB____cplusplus__RB__;endif;67;67
src/dbinc_auto/qam_ext.h;1;!_qam_ext_h_;1 && !_qam_ext_h_;endif;68;68
src/dbinc_auto/qam_ext.h;1;1;1;artifact;69;69
src/dbinc_auto/rep_automsg.h;1;1;1;ROOT;1;122
src/dbinc_auto/rep_automsg.h;1;1;1;artifact;1;2
src/dbinc_auto/rep_automsg.h;1;!__rep_AUTOMSG_H;1 && !__rep_AUTOMSG_H;if;3;3
src/dbinc_auto/rep_automsg.h;1;!__rep_AUTOMSG_H;1 && !__rep_AUTOMSG_H;artifact;4;119
src/dbinc_auto/rep_automsg.h;1;!__rep_AUTOMSG_H;1 && !__rep_AUTOMSG_H;endif;120;120
src/dbinc_auto/rep_automsg.h;1;1;1;artifact;121;121
src/dbinc_auto/rep_ext.h;1;1;1;ROOT;1;153
src/dbinc_auto/rep_ext.h;1;1;1;artifact;1;1
src/dbinc_auto/rep_ext.h;1;!_rep_ext_h_;1 && !_rep_ext_h_;if;2;2
src/dbinc_auto/rep_ext.h;1;!_rep_ext_h_;1 && !_rep_ext_h_;artifact;3;4
src/dbinc_auto/rep_ext.h;1;DEFINED___LB____cplusplus__RB__;1 && !_rep_ext_h_ && DEFINED___LB____cplusplus__RB__;if;5;5
src/dbinc_auto/rep_ext.h;1;DEFINED___LB____cplusplus__RB__;1 && !_rep_ext_h_ && DEFINED___LB____cplusplus__RB__;artifact;6;6
src/dbinc_auto/rep_ext.h;1;DEFINED___LB____cplusplus__RB__;1 && !_rep_ext_h_ && DEFINED___LB____cplusplus__RB__;endif;7;7
src/dbinc_auto/rep_ext.h;1;!_rep_ext_h_;1 && !_rep_ext_h_;artifact;8;147
src/dbinc_auto/rep_ext.h;1;DEFINED___LB____cplusplus__RB__;1 && !_rep_ext_h_ && DEFINED___LB____cplusplus__RB__;if;148;148
src/dbinc_auto/rep_ext.h;1;DEFINED___LB____cplusplus__RB__;1 && !_rep_ext_h_ && DEFINED___LB____cplusplus__RB__;artifact;149;149
src/dbinc_auto/rep_ext.h;1;DEFINED___LB____cplusplus__RB__;1 && !_rep_ext_h_ && DEFINED___LB____cplusplus__RB__;endif;150;150
src/dbinc_auto/rep_ext.h;1;!_rep_ext_h_;1 && !_rep_ext_h_;endif;151;151
src/dbinc_auto/rep_ext.h;1;1;1;artifact;152;152
src/dbinc_auto/repmgr_auto.h;1;1;1;ROOT;1;43
src/dbinc_auto/repmgr_auto.h;1;1;1;artifact;1;2
src/dbinc_auto/repmgr_auto.h;1;!__repmgr_AUTO_H;1 && !__repmgr_AUTO_H;if;3;3
src/dbinc_auto/repmgr_auto.h;1;!__repmgr_AUTO_H;1 && !__repmgr_AUTO_H;artifact;4;4
src/dbinc_auto/repmgr_auto.h;1;HAVE_REPLICATION_THREADS;1 && !__repmgr_AUTO_H && HAVE_REPLICATION_THREADS;if;5;5
src/dbinc_auto/repmgr_auto.h;1;HAVE_REPLICATION_THREADS;1 && !__repmgr_AUTO_H && HAVE_REPLICATION_THREADS;artifact;6;39
src/dbinc_auto/repmgr_auto.h;1;HAVE_REPLICATION_THREADS;1 && !__repmgr_AUTO_H && HAVE_REPLICATION_THREADS;endif;40;40
src/dbinc_auto/repmgr_auto.h;1;!__repmgr_AUTO_H;1 && !__repmgr_AUTO_H;endif;41;41
src/dbinc_auto/repmgr_auto.h;1;1;1;artifact;42;42
src/dbinc_auto/repmgr_automsg.h;1;1;1;ROOT;1;115
src/dbinc_auto/repmgr_automsg.h;1;1;1;artifact;1;2
src/dbinc_auto/repmgr_automsg.h;1;!__repmgr_AUTOMSG_H;1 && !__repmgr_AUTOMSG_H;if;3;3
src/dbinc_auto/repmgr_automsg.h;1;!__repmgr_AUTOMSG_H;1 && !__repmgr_AUTOMSG_H;artifact;4;112
src/dbinc_auto/repmgr_automsg.h;1;!__repmgr_AUTOMSG_H;1 && !__repmgr_AUTOMSG_H;endif;113;113
src/dbinc_auto/repmgr_automsg.h;1;1;1;artifact;114;114
src/dbinc_auto/repmgr_ext.h;1;1;1;ROOT;1;251
src/dbinc_auto/repmgr_ext.h;1;1;1;artifact;1;1
src/dbinc_auto/repmgr_ext.h;1;!_repmgr_ext_h_;1 && !_repmgr_ext_h_;if;2;2
src/dbinc_auto/repmgr_ext.h;1;!_repmgr_ext_h_;1 && !_repmgr_ext_h_;artifact;3;4
src/dbinc_auto/repmgr_ext.h;1;DEFINED___LB____cplusplus__RB__;1 && !_repmgr_ext_h_ && DEFINED___LB____cplusplus__RB__;if;5;5
src/dbinc_auto/repmgr_ext.h;1;DEFINED___LB____cplusplus__RB__;1 && !_repmgr_ext_h_ && DEFINED___LB____cplusplus__RB__;artifact;6;6
src/dbinc_auto/repmgr_ext.h;1;DEFINED___LB____cplusplus__RB__;1 && !_repmgr_ext_h_ && DEFINED___LB____cplusplus__RB__;endif;7;7
src/dbinc_auto/repmgr_ext.h;1;!_repmgr_ext_h_;1 && !_repmgr_ext_h_;artifact;8;154
src/dbinc_auto/repmgr_ext.h;1;!HAVE_REPLICATION_THREADS;1 && !_repmgr_ext_h_ && !HAVE_REPLICATION_THREADS;if;155;155
src/dbinc_auto/repmgr_ext.h;1;!HAVE_REPLICATION_THREADS;1 && !_repmgr_ext_h_ && !HAVE_REPLICATION_THREADS;artifact;156;156
src/dbinc_auto/repmgr_ext.h;1;!HAVE_REPLICATION_THREADS;1 && !_repmgr_ext_h_ && !HAVE_REPLICATION_THREADS;endif;157;157
src/dbinc_auto/repmgr_ext.h;1;!HAVE_REPLICATION_THREADS;1 && !_repmgr_ext_h_ && !HAVE_REPLICATION_THREADS;if;158;158
src/dbinc_auto/repmgr_ext.h;1;!HAVE_REPLICATION_THREADS;1 && !_repmgr_ext_h_ && !HAVE_REPLICATION_THREADS;artifact;159;159
src/dbinc_auto/repmgr_ext.h;1;!HAVE_REPLICATION_THREADS;1 && !_repmgr_ext_h_ && !HAVE_REPLICATION_THREADS;endif;160;160
src/dbinc_auto/repmgr_ext.h;1;!HAVE_REPLICATION_THREADS;1 && !_repmgr_ext_h_ && !HAVE_REPLICATION_THREADS;if;161;161
src/dbinc_auto/repmgr_ext.h;1;!HAVE_REPLICATION_THREADS;1 && !_repmgr_ext_h_ && !HAVE_REPLICATION_THREADS;artifact;162;162
src/dbinc_auto/repmgr_ext.h;1;!HAVE_REPLICATION_THREADS;1 && !_repmgr_ext_h_ && !HAVE_REPLICATION_THREADS;endif;163;163
src/dbinc_auto/repmgr_ext.h;1;!HAVE_REPLICATION_THREADS;1 && !_repmgr_ext_h_ && !HAVE_REPLICATION_THREADS;if;164;164
src/dbinc_auto/repmgr_ext.h;1;!HAVE_REPLICATION_THREADS;1 && !_repmgr_ext_h_ && !HAVE_REPLICATION_THREADS;artifact;165;165
src/dbinc_auto/repmgr_ext.h;1;!HAVE_REPLICATION_THREADS;1 && !_repmgr_ext_h_ && !HAVE_REPLICATION_THREADS;endif;166;166
src/dbinc_auto/repmgr_ext.h;1;!HAVE_REPLICATION_THREADS;1 && !_repmgr_ext_h_ && !HAVE_REPLICATION_THREADS;if;167;167
src/dbinc_auto/repmgr_ext.h;1;!HAVE_REPLICATION_THREADS;1 && !_repmgr_ext_h_ && !HAVE_REPLICATION_THREADS;artifact;168;168
src/dbinc_auto/repmgr_ext.h;1;!HAVE_REPLICATION_THREADS;1 && !_repmgr_ext_h_ && !HAVE_REPLICATION_THREADS;endif;169;169
src/dbinc_auto/repmgr_ext.h;1;!HAVE_REPLICATION_THREADS;1 && !_repmgr_ext_h_ && !HAVE_REPLICATION_THREADS;if;170;170
src/dbinc_auto/repmgr_ext.h;1;!HAVE_REPLICATION_THREADS;1 && !_repmgr_ext_h_ && !HAVE_REPLICATION_THREADS;artifact;171;171
src/dbinc_auto/repmgr_ext.h;1;!HAVE_REPLICATION_THREADS;1 && !_repmgr_ext_h_ && !HAVE_REPLICATION_THREADS;endif;172;172
src/dbinc_auto/repmgr_ext.h;1;!HAVE_REPLICATION_THREADS;1 && !_repmgr_ext_h_ && !HAVE_REPLICATION_THREADS;if;173;173
src/dbinc_auto/repmgr_ext.h;1;!HAVE_REPLICATION_THREADS;1 && !_repmgr_ext_h_ && !HAVE_REPLICATION_THREADS;artifact;174;174
src/dbinc_auto/repmgr_ext.h;1;!HAVE_REPLICATION_THREADS;1 && !_repmgr_ext_h_ && !HAVE_REPLICATION_THREADS;endif;175;175
src/dbinc_auto/repmgr_ext.h;1;!HAVE_REPLICATION_THREADS;1 && !_repmgr_ext_h_ && !HAVE_REPLICATION_THREADS;if;176;176
src/dbinc_auto/repmgr_ext.h;1;!HAVE_REPLICATION_THREADS;1 && !_repmgr_ext_h_ && !HAVE_REPLICATION_THREADS;artifact;177;177
src/dbinc_auto/repmgr_ext.h;1;!HAVE_REPLICATION_THREADS;1 && !_repmgr_ext_h_ && !HAVE_REPLICATION_THREADS;endif;178;178
src/dbinc_auto/repmgr_ext.h;1;!HAVE_REPLICATION_THREADS;1 && !_repmgr_ext_h_ && !HAVE_REPLICATION_THREADS;if;179;179
src/dbinc_auto/repmgr_ext.h;1;!HAVE_REPLICATION_THREADS;1 && !_repmgr_ext_h_ && !HAVE_REPLICATION_THREADS;artifact;180;180
src/dbinc_auto/repmgr_ext.h;1;!HAVE_REPLICATION_THREADS;1 && !_repmgr_ext_h_ && !HAVE_REPLICATION_THREADS;endif;181;181
src/dbinc_auto/repmgr_ext.h;1;!HAVE_REPLICATION_THREADS;1 && !_repmgr_ext_h_ && !HAVE_REPLICATION_THREADS;if;182;182
src/dbinc_auto/repmgr_ext.h;1;!HAVE_REPLICATION_THREADS;1 && !_repmgr_ext_h_ && !HAVE_REPLICATION_THREADS;artifact;183;183
src/dbinc_auto/repmgr_ext.h;1;!HAVE_REPLICATION_THREADS;1 && !_repmgr_ext_h_ && !HAVE_REPLICATION_THREADS;endif;184;184
src/dbinc_auto/repmgr_ext.h;1;!HAVE_REPLICATION_THREADS;1 && !_repmgr_ext_h_ && !HAVE_REPLICATION_THREADS;if;185;185
src/dbinc_auto/repmgr_ext.h;1;!HAVE_REPLICATION_THREADS;1 && !_repmgr_ext_h_ && !HAVE_REPLICATION_THREADS;artifact;186;186
src/dbinc_auto/repmgr_ext.h;1;!HAVE_REPLICATION_THREADS;1 && !_repmgr_ext_h_ && !HAVE_REPLICATION_THREADS;endif;187;187
src/dbinc_auto/repmgr_ext.h;1;!HAVE_REPLICATION_THREADS;1 && !_repmgr_ext_h_ && !HAVE_REPLICATION_THREADS;if;188;188
src/dbinc_auto/repmgr_ext.h;1;!HAVE_REPLICATION_THREADS;1 && !_repmgr_ext_h_ && !HAVE_REPLICATION_THREADS;artifact;189;189
src/dbinc_auto/repmgr_ext.h;1;!HAVE_REPLICATION_THREADS;1 && !_repmgr_ext_h_ && !HAVE_REPLICATION_THREADS;endif;190;190
src/dbinc_auto/repmgr_ext.h;1;!HAVE_REPLICATION_THREADS;1 && !_repmgr_ext_h_ && !HAVE_REPLICATION_THREADS;if;191;191
src/dbinc_auto/repmgr_ext.h;1;!HAVE_REPLICATION_THREADS;1 && !_repmgr_ext_h_ && !HAVE_REPLICATION_THREADS;artifact;192;192
src/dbinc_auto/repmgr_ext.h;1;!HAVE_REPLICATION_THREADS;1 && !_repmgr_ext_h_ && !HAVE_REPLICATION_THREADS;endif;193;193
src/dbinc_auto/repmgr_ext.h;1;!HAVE_REPLICATION_THREADS;1 && !_repmgr_ext_h_ && !HAVE_REPLICATION_THREADS;if;194;194
src/dbinc_auto/repmgr_ext.h;1;!HAVE_REPLICATION_THREADS;1 && !_repmgr_ext_h_ && !HAVE_REPLICATION_THREADS;artifact;195;195
src/dbinc_auto/repmgr_ext.h;1;!HAVE_REPLICATION_THREADS;1 && !_repmgr_ext_h_ && !HAVE_REPLICATION_THREADS;endif;196;196
src/dbinc_auto/repmgr_ext.h;1;!_repmgr_ext_h_;1 && !_repmgr_ext_h_;artifact;197;245
src/dbinc_auto/repmgr_ext.h;1;DEFINED___LB____cplusplus__RB__;1 && !_repmgr_ext_h_ && DEFINED___LB____cplusplus__RB__;if;246;246
src/dbinc_auto/repmgr_ext.h;1;DEFINED___LB____cplusplus__RB__;1 && !_repmgr_ext_h_ && DEFINED___LB____cplusplus__RB__;artifact;247;247
src/dbinc_auto/repmgr_ext.h;1;DEFINED___LB____cplusplus__RB__;1 && !_repmgr_ext_h_ && DEFINED___LB____cplusplus__RB__;endif;248;248
src/dbinc_auto/repmgr_ext.h;1;!_repmgr_ext_h_;1 && !_repmgr_ext_h_;endif;249;249
src/dbinc_auto/repmgr_ext.h;1;1;1;artifact;250;250
src/dbinc_auto/sequence_ext.h;1;1;1;ROOT;1;19
src/dbinc_auto/sequence_ext.h;1;1;1;artifact;1;1
src/dbinc_auto/sequence_ext.h;1;!_sequence_ext_h_;1 && !_sequence_ext_h_;if;2;2
src/dbinc_auto/sequence_ext.h;1;!_sequence_ext_h_;1 && !_sequence_ext_h_;artifact;3;4
src/dbinc_auto/sequence_ext.h;1;DEFINED___LB____cplusplus__RB__;1 && !_sequence_ext_h_ && DEFINED___LB____cplusplus__RB__;if;5;5
src/dbinc_auto/sequence_ext.h;1;DEFINED___LB____cplusplus__RB__;1 && !_sequence_ext_h_ && DEFINED___LB____cplusplus__RB__;artifact;6;6
src/dbinc_auto/sequence_ext.h;1;DEFINED___LB____cplusplus__RB__;1 && !_sequence_ext_h_ && DEFINED___LB____cplusplus__RB__;endif;7;7
src/dbinc_auto/sequence_ext.h;1;!_sequence_ext_h_;1 && !_sequence_ext_h_;artifact;8;13
src/dbinc_auto/sequence_ext.h;1;DEFINED___LB____cplusplus__RB__;1 && !_sequence_ext_h_ && DEFINED___LB____cplusplus__RB__;if;14;14
src/dbinc_auto/sequence_ext.h;1;DEFINED___LB____cplusplus__RB__;1 && !_sequence_ext_h_ && DEFINED___LB____cplusplus__RB__;artifact;15;15
src/dbinc_auto/sequence_ext.h;1;DEFINED___LB____cplusplus__RB__;1 && !_sequence_ext_h_ && DEFINED___LB____cplusplus__RB__;endif;16;16
src/dbinc_auto/sequence_ext.h;1;!_sequence_ext_h_;1 && !_sequence_ext_h_;endif;17;17
src/dbinc_auto/sequence_ext.h;1;1;1;artifact;18;18
src/dbinc_auto/tcl_ext.h;1;1;1;ROOT;1;136
src/dbinc_auto/tcl_ext.h;1;1;1;artifact;1;1
src/dbinc_auto/tcl_ext.h;1;!_tcl_ext_h_;1 && !_tcl_ext_h_;if;2;2
src/dbinc_auto/tcl_ext.h;1;!_tcl_ext_h_;1 && !_tcl_ext_h_;artifact;3;4
src/dbinc_auto/tcl_ext.h;1;DEFINED___LB____cplusplus__RB__;1 && !_tcl_ext_h_ && DEFINED___LB____cplusplus__RB__;if;5;5
src/dbinc_auto/tcl_ext.h;1;DEFINED___LB____cplusplus__RB__;1 && !_tcl_ext_h_ && DEFINED___LB____cplusplus__RB__;artifact;6;6
src/dbinc_auto/tcl_ext.h;1;DEFINED___LB____cplusplus__RB__;1 && !_tcl_ext_h_ && DEFINED___LB____cplusplus__RB__;endif;7;7
src/dbinc_auto/tcl_ext.h;1;!_tcl_ext_h_;1 && !_tcl_ext_h_;artifact;8;9
src/dbinc_auto/tcl_ext.h;1;DB_DBM_HSEARCH__NEQ__0;1 && !_tcl_ext_h_ && DB_DBM_HSEARCH__NEQ__0;if;10;10
src/dbinc_auto/tcl_ext.h;1;DB_DBM_HSEARCH__NEQ__0;1 && !_tcl_ext_h_ && DB_DBM_HSEARCH__NEQ__0;artifact;11;11
src/dbinc_auto/tcl_ext.h;1;DB_DBM_HSEARCH__NEQ__0;1 && !_tcl_ext_h_ && DB_DBM_HSEARCH__NEQ__0;endif;12;12
src/dbinc_auto/tcl_ext.h;1;DB_DBM_HSEARCH__NEQ__0;1 && !_tcl_ext_h_ && DB_DBM_HSEARCH__NEQ__0;if;13;13
src/dbinc_auto/tcl_ext.h;1;DB_DBM_HSEARCH__NEQ__0;1 && !_tcl_ext_h_ && DB_DBM_HSEARCH__NEQ__0;artifact;14;14
src/dbinc_auto/tcl_ext.h;1;DB_DBM_HSEARCH__NEQ__0;1 && !_tcl_ext_h_ && DB_DBM_HSEARCH__NEQ__0;endif;15;15
src/dbinc_auto/tcl_ext.h;1;!_tcl_ext_h_;1 && !_tcl_ext_h_;artifact;16;52
src/dbinc_auto/tcl_ext.h;1;CONFIG_TEST;1 && !_tcl_ext_h_ && CONFIG_TEST;if;53;53
src/dbinc_auto/tcl_ext.h;1;CONFIG_TEST;1 && !_tcl_ext_h_ && CONFIG_TEST;artifact;54;54
src/dbinc_auto/tcl_ext.h;1;CONFIG_TEST;1 && !_tcl_ext_h_ && CONFIG_TEST;endif;55;55
src/dbinc_auto/tcl_ext.h;1;!_tcl_ext_h_;1 && !_tcl_ext_h_;artifact;56;130
src/dbinc_auto/tcl_ext.h;1;DEFINED___LB____cplusplus__RB__;1 && !_tcl_ext_h_ && DEFINED___LB____cplusplus__RB__;if;131;131
src/dbinc_auto/tcl_ext.h;1;DEFINED___LB____cplusplus__RB__;1 && !_tcl_ext_h_ && DEFINED___LB____cplusplus__RB__;artifact;132;132
src/dbinc_auto/tcl_ext.h;1;DEFINED___LB____cplusplus__RB__;1 && !_tcl_ext_h_ && DEFINED___LB____cplusplus__RB__;endif;133;133
src/dbinc_auto/tcl_ext.h;1;!_tcl_ext_h_;1 && !_tcl_ext_h_;endif;134;134
src/dbinc_auto/tcl_ext.h;1;1;1;artifact;135;135
src/dbinc_auto/txn_auto.h;1;1;1;ROOT;1;222
src/dbinc_auto/txn_auto.h;1;1;1;artifact;1;2
src/dbinc_auto/txn_auto.h;1;!__txn_AUTO_H;1 && !__txn_AUTO_H;if;3;3
src/dbinc_auto/txn_auto.h;1;!__txn_AUTO_H;1 && !__txn_AUTO_H;artifact;4;219
src/dbinc_auto/txn_auto.h;1;!__txn_AUTO_H;1 && !__txn_AUTO_H;endif;220;220
src/dbinc_auto/txn_auto.h;1;1;1;artifact;221;221
src/dbinc_auto/txn_ext.h;1;1;1;ROOT;1;95
src/dbinc_auto/txn_ext.h;1;1;1;artifact;1;1
src/dbinc_auto/txn_ext.h;1;!_txn_ext_h_;1 && !_txn_ext_h_;if;2;2
src/dbinc_auto/txn_ext.h;1;!_txn_ext_h_;1 && !_txn_ext_h_;artifact;3;4
src/dbinc_auto/txn_ext.h;1;DEFINED___LB____cplusplus__RB__;1 && !_txn_ext_h_ && DEFINED___LB____cplusplus__RB__;if;5;5
src/dbinc_auto/txn_ext.h;1;DEFINED___LB____cplusplus__RB__;1 && !_txn_ext_h_ && DEFINED___LB____cplusplus__RB__;artifact;6;6
src/dbinc_auto/txn_ext.h;1;DEFINED___LB____cplusplus__RB__;1 && !_txn_ext_h_ && DEFINED___LB____cplusplus__RB__;endif;7;7
src/dbinc_auto/txn_ext.h;1;!_txn_ext_h_;1 && !_txn_ext_h_;artifact;8;89
src/dbinc_auto/txn_ext.h;1;DEFINED___LB____cplusplus__RB__;1 && !_txn_ext_h_ && DEFINED___LB____cplusplus__RB__;if;90;90
src/dbinc_auto/txn_ext.h;1;DEFINED___LB____cplusplus__RB__;1 && !_txn_ext_h_ && DEFINED___LB____cplusplus__RB__;artifact;91;91
src/dbinc_auto/txn_ext.h;1;DEFINED___LB____cplusplus__RB__;1 && !_txn_ext_h_ && DEFINED___LB____cplusplus__RB__;endif;92;92
src/dbinc_auto/txn_ext.h;1;!_txn_ext_h_;1 && !_txn_ext_h_;endif;93;93
src/dbinc_auto/txn_ext.h;1;1;1;artifact;94;94
src/dbinc_auto/xa_ext.h;1;1;1;ROOT;1;20
src/dbinc_auto/xa_ext.h;1;1;1;artifact;1;1
src/dbinc_auto/xa_ext.h;1;!_xa_ext_h_;1 && !_xa_ext_h_;if;2;2
src/dbinc_auto/xa_ext.h;1;!_xa_ext_h_;1 && !_xa_ext_h_;artifact;3;4
src/dbinc_auto/xa_ext.h;1;DEFINED___LB____cplusplus__RB__;1 && !_xa_ext_h_ && DEFINED___LB____cplusplus__RB__;if;5;5
src/dbinc_auto/xa_ext.h;1;DEFINED___LB____cplusplus__RB__;1 && !_xa_ext_h_ && DEFINED___LB____cplusplus__RB__;artifact;6;6
src/dbinc_auto/xa_ext.h;1;DEFINED___LB____cplusplus__RB__;1 && !_xa_ext_h_ && DEFINED___LB____cplusplus__RB__;endif;7;7
src/dbinc_auto/xa_ext.h;1;!_xa_ext_h_;1 && !_xa_ext_h_;artifact;8;14
src/dbinc_auto/xa_ext.h;1;DEFINED___LB____cplusplus__RB__;1 && !_xa_ext_h_ && DEFINED___LB____cplusplus__RB__;if;15;15
src/dbinc_auto/xa_ext.h;1;DEFINED___LB____cplusplus__RB__;1 && !_xa_ext_h_ && DEFINED___LB____cplusplus__RB__;artifact;16;16
src/dbinc_auto/xa_ext.h;1;DEFINED___LB____cplusplus__RB__;1 && !_xa_ext_h_ && DEFINED___LB____cplusplus__RB__;endif;17;17
src/dbinc_auto/xa_ext.h;1;!_xa_ext_h_;1 && !_xa_ext_h_;endif;18;18
src/dbinc_auto/xa_ext.h;1;1;1;artifact;19;19
src/dbreg/dbreg.c;1;1;1;ROOT;1;1014
src/dbreg/dbreg.c;1;1;1;artifact;1;96
src/dbreg/dbreg.c;1;HAVE_STATISTICS;1 && HAVE_STATISTICS;if;97;97
src/dbreg/dbreg.c;1;HAVE_STATISTICS;1 && HAVE_STATISTICS;artifact;98;98
src/dbreg/dbreg.c;1;HAVE_STATISTICS;1 && HAVE_STATISTICS;endif;99;99
src/dbreg/dbreg.c;1;1;1;artifact;100;116
src/dbreg/dbreg.c;1;HAVE_STATISTICS;1 && HAVE_STATISTICS;if;117;117
src/dbreg/dbreg.c;1;HAVE_STATISTICS;1 && HAVE_STATISTICS;artifact;118;120
src/dbreg/dbreg.c;1;HAVE_STATISTICS;1 && HAVE_STATISTICS;endif;121;121
src/dbreg/dbreg.c;1;1;1;artifact;122;227
src/dbreg/dbreg.c;1;HAVE_STATISTICS;1 && HAVE_STATISTICS;if;228;228
src/dbreg/dbreg.c;1;HAVE_STATISTICS;1 && HAVE_STATISTICS;artifact;229;229
src/dbreg/dbreg.c;1;HAVE_STATISTICS;1 && HAVE_STATISTICS;endif;230;230
src/dbreg/dbreg.c;1;1;1;artifact;231;237
src/dbreg/dbreg.c;1;HAVE_STATISTICS;1 && HAVE_STATISTICS;if;238;238
src/dbreg/dbreg.c;1;HAVE_STATISTICS;1 && HAVE_STATISTICS;artifact;239;239
src/dbreg/dbreg.c;1;HAVE_STATISTICS;1 && HAVE_STATISTICS;endif;240;240
src/dbreg/dbreg.c;1;1;1;artifact;241;1013
src/dbreg/dbreg_auto.c;1;1;1;ROOT;1;37
src/dbreg/dbreg_auto.c;1;1;1;artifact;1;36
src/dbreg/dbreg_autop.c;1;1;1;ROOT;1;45
src/dbreg/dbreg_autop.c;1;1;1;artifact;1;44
src/dbreg/dbreg_rec.c;1;1;1;ROOT;1;401
src/dbreg/dbreg_rec.c;1;1;1;artifact;1;67
src/dbreg/dbreg_rec.c;1;DEBUG_RECOVER;1 && DEBUG_RECOVER;if;68;68
src/dbreg/dbreg_rec.c;1;DEBUG_RECOVER;1 && DEBUG_RECOVER;artifact;69;69
src/dbreg/dbreg_rec.c;1;DEBUG_RECOVER;1 && DEBUG_RECOVER;endif;70;70
src/dbreg/dbreg_rec.c;1;1;1;artifact;71;400
src/dbreg/dbreg_stat.c;1;1;1;ROOT;1;142
src/dbreg/dbreg_stat.c;1;1;1;artifact;1;15
src/dbreg/dbreg_stat.c;1;HAVE_STATISTICS;1 && HAVE_STATISTICS;if;16;16
src/dbreg/dbreg_stat.c;1;HAVE_STATISTICS;1 && HAVE_STATISTICS;artifact;17;139
src/dbreg/dbreg_stat.c;1;HAVE_STATISTICS;1 && HAVE_STATISTICS;endif;140;140
src/dbreg/dbreg_stat.c;1;1;1;artifact;141;141
src/dbreg/dbreg_util.c;1;1;1;ROOT;1;849
src/dbreg/dbreg_util.c;1;1;1;artifact;1;848
src/env/env_alloc.c;1;1;1;ROOT;1;761
src/env/env_alloc.c;1;1;1;artifact;1;59
src/env/env_alloc.c;1;HAVE_STATISTICS;1 && HAVE_STATISTICS;if;60;60
src/env/env_alloc.c;1;HAVE_STATISTICS;1 && HAVE_STATISTICS;artifact;61;61
src/env/env_alloc.c;1;HAVE_STATISTICS;1 && HAVE_STATISTICS;endif;62;62
src/env/env_alloc.c;1;1;1;artifact;63;63
src/env/env_alloc.c;1;HAVE_STATISTICS;1 && HAVE_STATISTICS;if;64;64
src/env/env_alloc.c;1;HAVE_STATISTICS;1 && HAVE_STATISTICS;artifact;65;68
src/env/env_alloc.c;1;HAVE_STATISTICS;1 && HAVE_STATISTICS;endif;69;69
src/env/env_alloc.c;1;1;1;artifact;70;157
src/env/env_alloc.c;1;DIAGNOSTIC;1 && DIAGNOSTIC;if;158;158
src/env/env_alloc.c;1;DIAGNOSTIC;1 && DIAGNOSTIC;artifact;159;160
src/env/env_alloc.c;1;!DIAGNOSTIC;!DIAGNOSTIC && 1;else;161;161
src/env/env_alloc.c;1;!DIAGNOSTIC;!DIAGNOSTIC && 1;artifact;162;163
src/env/env_alloc.c;1;!DIAGNOSTIC;!DIAGNOSTIC && 1;endif;164;164
src/env/env_alloc.c;1;1;1;artifact;165;212
src/env/env_alloc.c;1;HAVE_STATISTICS;1 && HAVE_STATISTICS;if;213;213
src/env/env_alloc.c;1;HAVE_STATISTICS;1 && HAVE_STATISTICS;artifact;214;214
src/env/env_alloc.c;1;HAVE_STATISTICS;1 && HAVE_STATISTICS;endif;215;215
src/env/env_alloc.c;1;1;1;artifact;216;217
src/env/env_alloc.c;1;HAVE_MUTEX_SUPPORT;1 && HAVE_MUTEX_SUPPORT;if;218;218
src/env/env_alloc.c;1;HAVE_MUTEX_SUPPORT;1 && HAVE_MUTEX_SUPPORT;artifact;219;219
src/env/env_alloc.c;1;HAVE_MUTEX_SUPPORT;1 && HAVE_MUTEX_SUPPORT;endif;220;220
src/env/env_alloc.c;1;1;1;artifact;221;247
src/env/env_alloc.c;1;DIAGNOSTIC;1 && DIAGNOSTIC;if;248;248
src/env/env_alloc.c;1;DIAGNOSTIC;1 && DIAGNOSTIC;artifact;249;250
src/env/env_alloc.c;1;DIAGNOSTIC;1 && DIAGNOSTIC;endif;251;251
src/env/env_alloc.c;1;1;1;artifact;252;264
src/env/env_alloc.c;1;DIAGNOSTIC;1 && DIAGNOSTIC;if;265;265
src/env/env_alloc.c;1;DIAGNOSTIC;1 && DIAGNOSTIC;artifact;266;266
src/env/env_alloc.c;1;DIAGNOSTIC;1 && DIAGNOSTIC;endif;267;267
src/env/env_alloc.c;1;1;1;artifact;268;282
src/env/env_alloc.c;1;HAVE_MMAP_EXTEND;1 && HAVE_MMAP_EXTEND;if;283;283
src/env/env_alloc.c;1;HAVE_MMAP_EXTEND;1 && HAVE_MMAP_EXTEND;artifact;284;284
src/env/env_alloc.c;1;HAVE_MMAP_EXTEND;1 && HAVE_MMAP_EXTEND;endif;285;285
src/env/env_alloc.c;1;1;1;artifact;286;287
src/env/env_alloc.c;1;HAVE_STATISTICS;1 && HAVE_STATISTICS;if;288;288
src/env/env_alloc.c;1;HAVE_STATISTICS;1 && HAVE_STATISTICS;artifact;289;291
src/env/env_alloc.c;1;HAVE_STATISTICS;1 && HAVE_STATISTICS;endif;292;292
src/env/env_alloc.c;1;1;1;artifact;293;328
src/env/env_alloc.c;1;HAVE_STATISTICS;1 && HAVE_STATISTICS;if;329;329
src/env/env_alloc.c;1;HAVE_STATISTICS;1 && HAVE_STATISTICS;artifact;330;334
src/env/env_alloc.c;1;HAVE_STATISTICS;1 && HAVE_STATISTICS;endif;335;335
src/env/env_alloc.c;1;1;1;artifact;336;342
src/env/env_alloc.c;1;HAVE_MMAP_EXTEND;1 && HAVE_MMAP_EXTEND;if;343;343
src/env/env_alloc.c;1;HAVE_MMAP_EXTEND;1 && HAVE_MMAP_EXTEND;artifact;344;346
src/env/env_alloc.c;1;HAVE_MMAP_EXTEND;1 && HAVE_MMAP_EXTEND;endif;347;347
src/env/env_alloc.c;1;1;1;artifact;348;372
src/env/env_alloc.c;1;DIAGNOSTIC;1 && DIAGNOSTIC;if;373;373
src/env/env_alloc.c;1;DIAGNOSTIC;1 && DIAGNOSTIC;artifact;374;374
src/env/env_alloc.c;1;DIAGNOSTIC;1 && DIAGNOSTIC;endif;375;375
src/env/env_alloc.c;1;1;1;artifact;376;410
src/env/env_alloc.c;1;DIAGNOSTIC;1 && DIAGNOSTIC;if;411;411
src/env/env_alloc.c;1;DIAGNOSTIC;1 && DIAGNOSTIC;artifact;412;416
src/env/env_alloc.c;1;DIAGNOSTIC;1 && DIAGNOSTIC;endif;417;417
src/env/env_alloc.c;1;1;1;artifact;418;421
src/env/env_alloc.c;1;HAVE_MUTEX_SUPPORT;1 && HAVE_MUTEX_SUPPORT;if;422;422
src/env/env_alloc.c;1;HAVE_MUTEX_SUPPORT;1 && HAVE_MUTEX_SUPPORT;artifact;423;423
src/env/env_alloc.c;1;HAVE_MUTEX_SUPPORT;1 && HAVE_MUTEX_SUPPORT;endif;424;424
src/env/env_alloc.c;1;1;1;artifact;425;432
src/env/env_alloc.c;1;DIAGNOSTIC;1 && DIAGNOSTIC;if;433;433
src/env/env_alloc.c;1;DIAGNOSTIC;1 && DIAGNOSTIC;artifact;434;438
src/env/env_alloc.c;1;DIAGNOSTIC;1 && DIAGNOSTIC;endif;439;439
src/env/env_alloc.c;1;1;1;artifact;440;506
src/env/env_alloc.c;1;HAVE_MUTEX_SUPPORT;1 && HAVE_MUTEX_SUPPORT;if;507;507
src/env/env_alloc.c;1;HAVE_MUTEX_SUPPORT;1 && HAVE_MUTEX_SUPPORT;artifact;508;508
src/env/env_alloc.c;1;HAVE_MUTEX_SUPPORT;1 && HAVE_MUTEX_SUPPORT;endif;509;509
src/env/env_alloc.c;1;1;1;artifact;510;515
src/env/env_alloc.c;1;DIAGNOSTIC;1 && DIAGNOSTIC;if;516;516
src/env/env_alloc.c;1;DIAGNOSTIC;1 && DIAGNOSTIC;artifact;517;518
src/env/env_alloc.c;1;DIAGNOSTIC;1 && DIAGNOSTIC;endif;519;519
src/env/env_alloc.c;1;1;1;artifact;520;568
src/env/env_alloc.c;1;DIAGNOSTIC;1 && DIAGNOSTIC;if;569;569
src/env/env_alloc.c;1;DIAGNOSTIC;1 && DIAGNOSTIC;artifact;570;572
src/env/env_alloc.c;1;DIAGNOSTIC;1 && DIAGNOSTIC;endif;573;573
src/env/env_alloc.c;1;1;1;artifact;574;639
src/env/env_alloc.c;1;DIAGNOSTIC;1 && DIAGNOSTIC;if;640;640
src/env/env_alloc.c;1;DIAGNOSTIC;1 && DIAGNOSTIC;artifact;641;641
src/env/env_alloc.c;1;DIAGNOSTIC;1 && DIAGNOSTIC;endif;642;642
src/env/env_alloc.c;1;1;1;artifact;643;701
src/env/env_alloc.c;1;HAVE_STATISTICS;1 && HAVE_STATISTICS;if;702;702
src/env/env_alloc.c;1;HAVE_STATISTICS;1 && HAVE_STATISTICS;artifact;703;758
src/env/env_alloc.c;1;HAVE_STATISTICS;1 && HAVE_STATISTICS;endif;759;759
src/env/env_alloc.c;1;1;1;artifact;760;760
src/env/env_backup.c;1;1;1;ROOT;1;168
src/env/env_backup.c;1;1;1;artifact;1;167
src/env/env_config.c;1;1;1;ROOT;1;739
src/env/env_config.c;1;1;1;artifact;1;491
src/env/env_config.c;1;HAVE_REPLICATION_THREADS;1 && HAVE_REPLICATION_THREADS;if;492;492
src/env/env_config.c;1;HAVE_REPLICATION_THREADS;1 && HAVE_REPLICATION_THREADS;artifact;493;513
src/env/env_config.c;1;!HAVE_REPLICATION_THREADS;!HAVE_REPLICATION_THREADS && 1;else;514;514
src/env/env_config.c;1;!HAVE_REPLICATION_THREADS;!HAVE_REPLICATION_THREADS && 1;artifact;515;518
src/env/env_config.c;1;!HAVE_REPLICATION_THREADS;!HAVE_REPLICATION_THREADS && 1;endif;519;519
src/env/env_config.c;1;1;1;artifact;520;738
src/env/env_failchk.c;1;1;1;ROOT;1;560
src/env/env_failchk.c;1;1;1;artifact;1;11
src/env/env_failchk.c;1;!HAVE_SIMPLE_THREAD_TYPE;1 && !HAVE_SIMPLE_THREAD_TYPE;if;12;12
src/env/env_failchk.c;1;!HAVE_SIMPLE_THREAD_TYPE;1 && !HAVE_SIMPLE_THREAD_TYPE;artifact;13;14
src/env/env_failchk.c;1;!HAVE_SIMPLE_THREAD_TYPE;1 && !HAVE_SIMPLE_THREAD_TYPE;endif;15;15
src/env/env_failchk.c;1;1;1;artifact;16;95
src/env/env_failchk.c;1;HAVE_REPLICATION_THREADS;1 && HAVE_REPLICATION_THREADS;if;96;96
src/env/env_failchk.c;1;HAVE_REPLICATION_THREADS;1 && HAVE_REPLICATION_THREADS;artifact;97;98
src/env/env_failchk.c;1;HAVE_REPLICATION_THREADS;1 && HAVE_REPLICATION_THREADS;endif;99;99
src/env/env_failchk.c;1;1;1;artifact;100;103
src/env/env_failchk.c;1;HAVE_MUTEX_SUPPORT;1 && HAVE_MUTEX_SUPPORT;if;104;104
src/env/env_failchk.c;1;HAVE_MUTEX_SUPPORT;1 && HAVE_MUTEX_SUPPORT;artifact;105;105
src/env/env_failchk.c;1;HAVE_MUTEX_SUPPORT;1 && HAVE_MUTEX_SUPPORT;endif;106;106
src/env/env_failchk.c;1;1;1;artifact;107;416
src/env/env_failchk.c;1;HAVE_SIMPLE_THREAD_TYPE;1 && HAVE_SIMPLE_THREAD_TYPE;if;417;417
src/env/env_failchk.c;1;HAVE_SIMPLE_THREAD_TYPE;1 && HAVE_SIMPLE_THREAD_TYPE;artifact;418;422
src/env/env_failchk.c;1;!HAVE_SIMPLE_THREAD_TYPE;!HAVE_SIMPLE_THREAD_TYPE && 1;else;423;423
src/env/env_failchk.c;1;!HAVE_SIMPLE_THREAD_TYPE;!HAVE_SIMPLE_THREAD_TYPE && 1;artifact;424;424
src/env/env_failchk.c;1;!HAVE_SIMPLE_THREAD_TYPE;!HAVE_SIMPLE_THREAD_TYPE && 1;endif;425;425
src/env/env_failchk.c;1;1;1;artifact;426;427
src/env/env_failchk.c;1;HAVE_SIMPLE_THREAD_TYPE;1 && HAVE_SIMPLE_THREAD_TYPE;if;428;428
src/env/env_failchk.c;1;HAVE_SIMPLE_THREAD_TYPE;1 && HAVE_SIMPLE_THREAD_TYPE;artifact;429;430
src/env/env_failchk.c;1;!HAVE_SIMPLE_THREAD_TYPE;!HAVE_SIMPLE_THREAD_TYPE && 1;else;431;431
src/env/env_failchk.c;1;!HAVE_SIMPLE_THREAD_TYPE;!HAVE_SIMPLE_THREAD_TYPE && 1;artifact;432;433
src/env/env_failchk.c;1;HAVE_MUTEX_PTHREADS;!HAVE_SIMPLE_THREAD_TYPE && 1 && HAVE_MUTEX_PTHREADS;if;434;434
src/env/env_failchk.c;1;HAVE_MUTEX_PTHREADS;!HAVE_SIMPLE_THREAD_TYPE && 1 && HAVE_MUTEX_PTHREADS;artifact;435;435
src/env/env_failchk.c;1;!HAVE_MUTEX_PTHREADS;!HAVE_MUTEX_PTHREADS && !HAVE_SIMPLE_THREAD_TYPE && 1;else;436;436
src/env/env_failchk.c;1;!HAVE_MUTEX_PTHREADS;!HAVE_MUTEX_PTHREADS && !HAVE_SIMPLE_THREAD_TYPE && 1;artifact;437;437
src/env/env_failchk.c;1;!HAVE_MUTEX_PTHREADS;!HAVE_MUTEX_PTHREADS && !HAVE_SIMPLE_THREAD_TYPE && 1;endif;438;438
src/env/env_failchk.c;1;!HAVE_SIMPLE_THREAD_TYPE;!HAVE_SIMPLE_THREAD_TYPE && 1;artifact;439;440
src/env/env_failchk.c;1;!HAVE_SIMPLE_THREAD_TYPE;!HAVE_SIMPLE_THREAD_TYPE && 1;endif;441;441
src/env/env_failchk.c;1;1;1;artifact;442;533
src/env/env_failchk.c;1;HAVE_SIMPLE_THREAD_TYPE;1 && HAVE_SIMPLE_THREAD_TYPE;if;534;534
src/env/env_failchk.c;1;UINT64_FMT;1 && HAVE_SIMPLE_THREAD_TYPE && UINT64_FMT;if;535;535
src/env/env_failchk.c;1;UINT64_FMT;1 && HAVE_SIMPLE_THREAD_TYPE && UINT64_FMT;artifact;536;540
src/env/env_failchk.c;1;!UINT64_FMT;!UINT64_FMT && 1 && HAVE_SIMPLE_THREAD_TYPE;else;541;541
src/env/env_failchk.c;1;!UINT64_FMT;!UINT64_FMT && 1 && HAVE_SIMPLE_THREAD_TYPE;artifact;542;542
src/env/env_failchk.c;1;!UINT64_FMT;!UINT64_FMT && 1 && HAVE_SIMPLE_THREAD_TYPE;endif;543;543
src/env/env_failchk.c;1;!HAVE_SIMPLE_THREAD_TYPE;!HAVE_SIMPLE_THREAD_TYPE && 1;else;544;544
src/env/env_failchk.c;1;UINT64_FMT;!HAVE_SIMPLE_THREAD_TYPE && 1 && UINT64_FMT;if;545;545
src/env/env_failchk.c;1;UINT64_FMT;!HAVE_SIMPLE_THREAD_TYPE && 1 && UINT64_FMT;artifact;546;549
src/env/env_failchk.c;1;!UINT64_FMT;!UINT64_FMT && !HAVE_SIMPLE_THREAD_TYPE && 1;else;550;550
src/env/env_failchk.c;1;!UINT64_FMT;!UINT64_FMT && !HAVE_SIMPLE_THREAD_TYPE && 1;artifact;551;551
src/env/env_failchk.c;1;!UINT64_FMT;!UINT64_FMT && !HAVE_SIMPLE_THREAD_TYPE && 1;endif;552;552
src/env/env_failchk.c;1;!HAVE_SIMPLE_THREAD_TYPE;!HAVE_SIMPLE_THREAD_TYPE && 1;endif;553;553
src/env/env_failchk.c;1;1;1;artifact;554;559
src/env/env_file.c;1;1;1;ROOT;1;130
src/env/env_file.c;1;1;1;artifact;1;129
src/env/env_globals.c;1;1;1;ROOT;1;68
src/env/env_globals.c;1;1;1;artifact;1;18
src/env/env_globals.c;1;HAVE_VXWORKS;1 && HAVE_VXWORKS;if;19;19
src/env/env_globals.c;1;HAVE_VXWORKS;1 && HAVE_VXWORKS;artifact;20;21
src/env/env_globals.c;1;HAVE_VXWORKS;1 && HAVE_VXWORKS;endif;22;22
src/env/env_globals.c;1;DB_WIN32;1 && DB_WIN32;if;23;23
src/env/env_globals.c;1;!DB_WINCE;1 && DB_WIN32 && !DB_WINCE;if;24;24
src/env/env_globals.c;1;!DB_WINCE;1 && DB_WIN32 && !DB_WINCE;artifact;25;26
src/env/env_globals.c;1;!DB_WINCE;1 && DB_WIN32 && !DB_WINCE;endif;27;27
src/env/env_globals.c;1;DB_WIN32;1 && DB_WIN32;artifact;28;28
src/env/env_globals.c;1;DB_WIN32;1 && DB_WIN32;endif;29;29
src/env/env_globals.c;1;1;1;artifact;30;67
src/env/env_method.c;1;1;1;ROOT;1;1920
src/env/env_method.c;1;1;1;artifact;1;95
src/env/env_method.c;1;HAVE_REPLICATION;1 && HAVE_REPLICATION;if;96;96
src/env/env_method.c;1;HAVE_REPLICATION;1 && HAVE_REPLICATION;artifact;97;97
src/env/env_method.c;1;HAVE_REPLICATION;1 && HAVE_REPLICATION;endif;98;98
src/env/env_method.c;1;1;1;artifact;99;121
src/env/env_method.c;1;HAVE_REPLICATION;1 && HAVE_REPLICATION;if;122;122
src/env/env_method.c;1;HAVE_REPLICATION;1 && HAVE_REPLICATION;artifact;123;123
src/env/env_method.c;1;HAVE_REPLICATION;1 && HAVE_REPLICATION;endif;124;124
src/env/env_method.c;1;1;1;artifact;125;392
src/env/env_method.c;1;STDC_HEADERS;1 && STDC_HEADERS;if;393;393
src/env/env_method.c;1;STDC_HEADERS;1 && STDC_HEADERS;artifact;394;394
src/env/env_method.c;1;!STDC_HEADERS;!STDC_HEADERS && 1;else;395;395
src/env/env_method.c;1;!STDC_HEADERS;!STDC_HEADERS && 1;artifact;396;400
src/env/env_method.c;1;!STDC_HEADERS;!STDC_HEADERS && 1;endif;401;401
src/env/env_method.c;1;1;1;artifact;402;411
src/env/env_method.c;1;STDC_HEADERS;1 && STDC_HEADERS;if;412;412
src/env/env_method.c;1;STDC_HEADERS;1 && STDC_HEADERS;artifact;413;413
src/env/env_method.c;1;!STDC_HEADERS;!STDC_HEADERS && 1;else;414;414
src/env/env_method.c;1;!STDC_HEADERS;!STDC_HEADERS && 1;artifact;415;418
src/env/env_method.c;1;!STDC_HEADERS;!STDC_HEADERS && 1;endif;419;419
src/env/env_method.c;1;1;1;artifact;420;709
src/env/env_method.c;1;HAVE_CRYPTO;1 && HAVE_CRYPTO;if;710;710
src/env/env_method.c;1;HAVE_CRYPTO;1 && HAVE_CRYPTO;artifact;711;711
src/env/env_method.c;1;HAVE_CRYPTO;1 && HAVE_CRYPTO;endif;712;712
src/env/env_method.c;1;1;1;artifact;713;716
src/env/env_method.c;1;HAVE_CRYPTO;1 && HAVE_CRYPTO;if;717;717
src/env/env_method.c;1;HAVE_CRYPTO;1 && HAVE_CRYPTO;artifact;718;723
src/env/env_method.c;1;!HAVE_CRYPTO;!HAVE_CRYPTO && 1;else;724;724
src/env/env_method.c;1;!HAVE_CRYPTO;!HAVE_CRYPTO && 1;artifact;725;728
src/env/env_method.c;1;!HAVE_CRYPTO;!HAVE_CRYPTO && 1;endif;729;729
src/env/env_method.c;1;1;1;artifact;730;743
src/env/env_method.c;1;HAVE_CRYPTO;1 && HAVE_CRYPTO;if;744;744
src/env/env_method.c;1;HAVE_CRYPTO;1 && HAVE_CRYPTO;artifact;745;810
src/env/env_method.c;1;!HAVE_CRYPTO;!HAVE_CRYPTO && 1;else;811;811
src/env/env_method.c;1;!HAVE_CRYPTO;!HAVE_CRYPTO && 1;artifact;812;817
src/env/env_method.c;1;!HAVE_CRYPTO;!HAVE_CRYPTO && 1;endif;818;818
src/env/env_method.c;1;1;1;artifact;819;819
src/env/env_method.c;1;!HAVE_BREW;1 && !HAVE_BREW;if;820;820
src/env/env_method.c;1;!HAVE_BREW;1 && !HAVE_BREW;artifact;821;821
src/env/env_method.c;1;!HAVE_BREW;1 && !HAVE_BREW;endif;822;822
src/env/env_method.c;1;1;1;artifact;823;1919
src/env/env_name.c;1;1;1;ROOT;1;287
src/env/env_name.c;1;1;1;artifact;1;286
src/env/env_open.c;1;1;1;ROOT;1;1264
src/env/env_open.c;1;1;1;artifact;1;104
src/env/env_open.c;1;DEFINED___LB__HAVE_MIXED_SIZE_ADDRESSING__RB__ && SIZEOF_CHAR_P__EQ__8;1 && DEFINED___LB__HAVE_MIXED_SIZE_ADDRESSING__RB__ && SIZEOF_CHAR_P__EQ__8;if;105;105
src/env/env_open.c;1;DEFINED___LB__HAVE_MIXED_SIZE_ADDRESSING__RB__ && SIZEOF_CHAR_P__EQ__8;1 && DEFINED___LB__HAVE_MIXED_SIZE_ADDRESSING__RB__ && SIZEOF_CHAR_P__EQ__8;artifact;106;111
src/env/env_open.c;1;DEFINED___LB__HAVE_MIXED_SIZE_ADDRESSING__RB__ && SIZEOF_CHAR_P__EQ__8;1 && DEFINED___LB__HAVE_MIXED_SIZE_ADDRESSING__RB__ && SIZEOF_CHAR_P__EQ__8;endif;112;112
src/env/env_open.c;1;1;1;artifact;113;199
src/env/env_open.c;1;HAVE_REPLICATION;1 && HAVE_REPLICATION;if;200;200
src/env/env_open.c;1;HAVE_REPLICATION;1 && HAVE_REPLICATION;artifact;201;202
src/env/env_open.c;1;!HAVE_REPLICATION;!HAVE_REPLICATION && 1;else;203;203
src/env/env_open.c;1;!HAVE_REPLICATION;!HAVE_REPLICATION && 1;artifact;204;204
src/env/env_open.c;1;!HAVE_REPLICATION;!HAVE_REPLICATION && 1;endif;205;205
src/env/env_open.c;1;1;1;artifact;206;338
src/env/env_open.c;1;HAVE_MUTEX_THREAD_ONLY;1 && HAVE_MUTEX_THREAD_ONLY;if;339;339
src/env/env_open.c;1;HAVE_MUTEX_THREAD_ONLY;1 && HAVE_MUTEX_THREAD_ONLY;artifact;340;349
src/env/env_open.c;1;HAVE_MUTEX_THREAD_ONLY;1 && HAVE_MUTEX_THREAD_ONLY;endif;350;350
src/env/env_open.c;1;1;1;artifact;351;351
src/env/env_open.c;1;HAVE_MUTEX_FCNTL;1 && HAVE_MUTEX_FCNTL;if;352;352
src/env/env_open.c;1;HAVE_MUTEX_FCNTL;1 && HAVE_MUTEX_FCNTL;artifact;353;374
src/env/env_open.c;1;HAVE_MUTEX_FCNTL;1 && HAVE_MUTEX_FCNTL;endif;375;375
src/env/env_open.c;1;1;1;artifact;376;562
src/env/env_open.c;1;HAVE_REPLICATION_THREADS;1 && HAVE_REPLICATION_THREADS;if;563;563
src/env/env_open.c;1;HAVE_REPLICATION_THREADS;1 && HAVE_REPLICATION_THREADS;artifact;564;571
src/env/env_open.c;1;HAVE_REPLICATION_THREADS;1 && HAVE_REPLICATION_THREADS;endif;572;572
src/env/env_open.c;1;1;1;artifact;573;614
src/env/env_open.c;1;HAVE_REPLICATION;1 && HAVE_REPLICATION;if;615;615
src/env/env_open.c;1;HAVE_REPLICATION;1 && HAVE_REPLICATION;artifact;616;617
src/env/env_open.c;1;HAVE_REPLICATION;1 && HAVE_REPLICATION;endif;618;618
src/env/env_open.c;1;1;1;artifact;619;653
src/env/env_open.c;1;HAVE_CRYPTO;1 && HAVE_CRYPTO;if;654;654
src/env/env_open.c;1;HAVE_CRYPTO;1 && HAVE_CRYPTO;artifact;655;660
src/env/env_open.c;1;HAVE_CRYPTO;1 && HAVE_CRYPTO;endif;661;661
src/env/env_open.c;1;1;1;artifact;662;843
src/env/env_open.c;1;HAVE_CRYPTO;1 && HAVE_CRYPTO;if;844;844
src/env/env_open.c;1;HAVE_CRYPTO;1 && HAVE_CRYPTO;artifact;845;851
src/env/env_open.c;1;HAVE_CRYPTO;1 && HAVE_CRYPTO;endif;852;852
src/env/env_open.c;1;1;1;artifact;853;889
src/env/env_open.c;1;HAVE_MUTEX_SUPPORT;1 && HAVE_MUTEX_SUPPORT;if;890;890
src/env/env_open.c;1;HAVE_MUTEX_SUPPORT;1 && HAVE_MUTEX_SUPPORT;artifact;891;893
src/env/env_open.c;1;HAVE_MUTEX_SUPPORT;1 && HAVE_MUTEX_SUPPORT;endif;894;894
src/env/env_open.c;1;1;1;artifact;895;1080
src/env/env_open.c;1;HAVE_MUTEX_SUPPORT;1 && HAVE_MUTEX_SUPPORT;if;1081;1081
src/env/env_open.c;1;HAVE_MUTEX_SUPPORT;1 && HAVE_MUTEX_SUPPORT;artifact;1082;1090
src/env/env_open.c;1;HAVE_MUTEX_SUPPORT;1 && HAVE_MUTEX_SUPPORT;endif;1091;1091
src/env/env_open.c;1;1;1;artifact;1092;1263
src/env/env_recover.c;1;1;1;ROOT;1;1095
src/env/env_recover.c;1;1;1;artifact;1;20
src/env/env_recover.c;1;!lint;1 && !lint;if;21;21
src/env/env_recover.c;1;!lint;1 && !lint;artifact;22;23
src/env/env_recover.c;1;!lint;1 && !lint;endif;24;24
src/env/env_recover.c;1;1;1;artifact;25;209
src/env/env_recover.c;1;UMRW;1 && UMRW;if;210;210
src/env/env_recover.c;1;UMRW;1 && UMRW;artifact;211;211
src/env/env_recover.c;1;UMRW;1 && UMRW;endif;212;212
src/env/env_recover.c;1;1;1;artifact;213;989
src/env/env_recover.c;1;HAVE_HASH;1 && HAVE_HASH;if;990;990
src/env/env_recover.c;1;HAVE_HASH;1 && HAVE_HASH;artifact;991;996
src/env/env_recover.c;1;HAVE_HASH;1 && HAVE_HASH;endif;997;997
src/env/env_recover.c;1;1;1;artifact;998;1082
src/env/env_recover.c;1;HAVE_HASH;1 && HAVE_HASH;if;1083;1083
src/env/env_recover.c;1;HAVE_HASH;1 && HAVE_HASH;artifact;1084;1089
src/env/env_recover.c;1;HAVE_HASH;1 && HAVE_HASH;endif;1090;1090
src/env/env_recover.c;1;1;1;artifact;1091;1094
src/env/env_region.c;1;1;1;ROOT;1;1499
src/env/env_region.c;1;1;1;artifact;1;220
src/env/env_region.c;1;!HAVE_MUTEX_FCNTL;1 && !HAVE_MUTEX_FCNTL;if;221;221
src/env/env_region.c;1;!HAVE_MUTEX_FCNTL;1 && !HAVE_MUTEX_FCNTL;artifact;222;228
src/env/env_region.c;1;!HAVE_MUTEX_FCNTL;1 && !HAVE_MUTEX_FCNTL;endif;229;229
src/env/env_region.c;1;1;1;artifact;230;515
src/env/env_region.c;1;!HAVE_MUTEX_FCNTL;1 && !HAVE_MUTEX_FCNTL;if;516;516
src/env/env_region.c;1;!HAVE_MUTEX_FCNTL;1 && !HAVE_MUTEX_FCNTL;artifact;517;525
src/env/env_region.c;1;!HAVE_MUTEX_FCNTL;1 && !HAVE_MUTEX_FCNTL;endif;526;526
src/env/env_region.c;1;1;1;artifact;527;921
src/env/env_region.c;1;HAVE_MUTEX_SYSTEM_RESOURCES;1 && HAVE_MUTEX_SYSTEM_RESOURCES;if;922;922
src/env/env_region.c;1;HAVE_MUTEX_SYSTEM_RESOURCES;1 && HAVE_MUTEX_SYSTEM_RESOURCES;artifact;923;928
src/env/env_region.c;1;HAVE_MUTEX_SYSTEM_RESOURCES;1 && HAVE_MUTEX_SYSTEM_RESOURCES;endif;929;929
src/env/env_region.c;1;1;1;artifact;930;1245
src/env/env_region.c;1;DB_REGIONSIZE_MAX;1 && DB_REGIONSIZE_MAX;if;1246;1246
src/env/env_region.c;1;DB_REGIONSIZE_MAX;1 && DB_REGIONSIZE_MAX;artifact;1247;1259
src/env/env_region.c;1;DB_REGIONSIZE_MAX;1 && DB_REGIONSIZE_MAX;endif;1260;1260
src/env/env_region.c;1;1;1;artifact;1261;1270
src/env/env_region.c;1;DEFINED___LB__HAVE_MUTEX_HPPA_MSEM_INIT__RB__;1 && DEFINED___LB__HAVE_MUTEX_HPPA_MSEM_INIT__RB__;if;1271;1271
src/env/env_region.c;1;DEFINED___LB__HAVE_MUTEX_HPPA_MSEM_INIT__RB__;1 && DEFINED___LB__HAVE_MUTEX_HPPA_MSEM_INIT__RB__;artifact;1272;1285
src/env/env_region.c;1;DEFINED___LB__HAVE_MUTEX_HPPA_MSEM_INIT__RB__;1 && DEFINED___LB__HAVE_MUTEX_HPPA_MSEM_INIT__RB__;endif;1286;1286
src/env/env_region.c;1;1;1;artifact;1287;1291
src/env/env_region.c;1;!DEFINED___LB__HAVE_MMAP_EXTEND__RB__;1 && !DEFINED___LB__HAVE_MMAP_EXTEND__RB__;if;1292;1292
src/env/env_region.c;1;!DEFINED___LB__HAVE_MMAP_EXTEND__RB__;1 && !DEFINED___LB__HAVE_MMAP_EXTEND__RB__;artifact;1293;1294
src/env/env_region.c;1;!DEFINED___LB__HAVE_MMAP_EXTEND__RB__;1 && !DEFINED___LB__HAVE_MMAP_EXTEND__RB__;endif;1295;1295
src/env/env_region.c;1;1;1;artifact;1296;1498
src/env/env_register.c;1;1;1;ROOT;1;732
src/env/env_register.c;1;1;1;artifact;1;241
src/env/env_register.c;1;DB_ENVREG_KILL_ALL;1 && DB_ENVREG_KILL_ALL;if;242;242
src/env/env_register.c;1;DB_ENVREG_KILL_ALL;1 && DB_ENVREG_KILL_ALL;artifact;243;250
src/env/env_register.c;1;DB_ENVREG_KILL_ALL;1 && DB_ENVREG_KILL_ALL;endif;251;251
src/env/env_register.c;1;1;1;artifact;252;300
src/env/env_register.c;1;DB_ENVREG_KILL_ALL;1 && DB_ENVREG_KILL_ALL;if;301;301
src/env/env_register.c;1;DB_ENVREG_KILL_ALL;1 && DB_ENVREG_KILL_ALL;artifact;302;310
src/env/env_register.c;1;DB_ENVREG_KILL_ALL;1 && DB_ENVREG_KILL_ALL;endif;311;311
src/env/env_register.c;1;1;1;artifact;312;322
src/env/env_register.c;1;DB_ENVREG_KILL_ALL;1 && DB_ENVREG_KILL_ALL;if;323;323
src/env/env_register.c;1;DB_ENVREG_KILL_ALL;1 && DB_ENVREG_KILL_ALL;artifact;324;324
src/env/env_register.c;1;!DB_ENVREG_KILL_ALL;!DB_ENVREG_KILL_ALL && 1;else;325;325
src/env/env_register.c;1;!DB_ENVREG_KILL_ALL;!DB_ENVREG_KILL_ALL && 1;artifact;326;326
src/env/env_register.c;1;!DB_ENVREG_KILL_ALL;!DB_ENVREG_KILL_ALL && 1;endif;327;327
src/env/env_register.c;1;1;1;artifact;328;731
src/env/env_sig.c;1;1;1;ROOT;1;203
src/env/env_sig.c;1;1;1;artifact;1;29
src/env/env_sig.c;1;HAVE_MIXED_SIZE_ADDRESSING;1 && HAVE_MIXED_SIZE_ADDRESSING;if;30;30
src/env/env_sig.c;1;HAVE_MIXED_SIZE_ADDRESSING;1 && HAVE_MIXED_SIZE_ADDRESSING;artifact;31;31
src/env/env_sig.c;1;!HAVE_MIXED_SIZE_ADDRESSING;!HAVE_MIXED_SIZE_ADDRESSING && 1;else;32;32
src/env/env_sig.c;1;!HAVE_MIXED_SIZE_ADDRESSING;!HAVE_MIXED_SIZE_ADDRESSING && 1;artifact;33;33
src/env/env_sig.c;1;!HAVE_MIXED_SIZE_ADDRESSING;!HAVE_MIXED_SIZE_ADDRESSING && 1;endif;34;34
src/env/env_sig.c;1;1;1;artifact;35;50
src/env/env_sig.c;1;HAVE_MUTEX_SUPPORT;1 && HAVE_MUTEX_SUPPORT;if;51;51
src/env/env_sig.c;1;HAVE_MUTEX_SUPPORT;1 && HAVE_MUTEX_SUPPORT;artifact;52;52
src/env/env_sig.c;1;HAVE_MUTEX_SUPPORT;1 && HAVE_MUTEX_SUPPORT;endif;53;53
src/env/env_sig.c;1;1;1;artifact;54;80
src/env/env_sig.c;1;HAVE_MUTEX_SUPPORT;1 && HAVE_MUTEX_SUPPORT;if;81;81
src/env/env_sig.c;1;HAVE_MUTEX_SUPPORT;1 && HAVE_MUTEX_SUPPORT;artifact;82;82
src/env/env_sig.c;1;HAVE_MUTEX_SUPPORT;1 && HAVE_MUTEX_SUPPORT;endif;83;83
src/env/env_sig.c;1;HAVE_MUTEX_SUPPORT;1 && HAVE_MUTEX_SUPPORT;if;84;84
src/env/env_sig.c;1;HAVE_MUTEX_SUPPORT;1 && HAVE_MUTEX_SUPPORT;artifact;85;85
src/env/env_sig.c;1;HAVE_MUTEX_SUPPORT;1 && HAVE_MUTEX_SUPPORT;endif;86;86
src/env/env_sig.c;1;1;1;artifact;87;92
src/env/env_sig.c;1;!HAVE_MIXED_SIZE_ADDRESSING;1 && !HAVE_MIXED_SIZE_ADDRESSING;if;93;93
src/env/env_sig.c;1;!HAVE_MIXED_SIZE_ADDRESSING;1 && !HAVE_MIXED_SIZE_ADDRESSING;artifact;94;176
src/env/env_sig.c;1;HAVE_MUTEX_SUPPORT;1 && !HAVE_MIXED_SIZE_ADDRESSING && HAVE_MUTEX_SUPPORT;if;177;177
src/env/env_sig.c;1;HAVE_MUTEX_SUPPORT;1 && !HAVE_MIXED_SIZE_ADDRESSING && HAVE_MUTEX_SUPPORT;artifact;178;178
src/env/env_sig.c;1;HAVE_MUTEX_SUPPORT;1 && !HAVE_MIXED_SIZE_ADDRESSING && HAVE_MUTEX_SUPPORT;endif;179;179
src/env/env_sig.c;1;!HAVE_MIXED_SIZE_ADDRESSING;1 && !HAVE_MIXED_SIZE_ADDRESSING;artifact;180;197
src/env/env_sig.c;1;!HAVE_MIXED_SIZE_ADDRESSING;1 && !HAVE_MIXED_SIZE_ADDRESSING;endif;198;198
src/env/env_sig.c;1;1;1;artifact;199;202
src/env/env_stat.c;1;1;1;ROOT;1;881
src/env/env_stat.c;1;1;1;artifact;1;17
src/env/env_stat.c;1;HAVE_STATISTICS;1 && HAVE_STATISTICS;if;18;18
src/env/env_stat.c;1;HAVE_STATISTICS;1 && HAVE_STATISTICS;artifact;19;117
src/env/env_stat.c;1;HAVE_REPLICATION_THREADS;1 && HAVE_STATISTICS && HAVE_REPLICATION_THREADS;if;118;118
src/env/env_stat.c;1;HAVE_REPLICATION_THREADS;1 && HAVE_STATISTICS && HAVE_REPLICATION_THREADS;artifact;119;120
src/env/env_stat.c;1;HAVE_REPLICATION_THREADS;1 && HAVE_STATISTICS && HAVE_REPLICATION_THREADS;endif;121;121
src/env/env_stat.c;1;HAVE_STATISTICS;1 && HAVE_STATISTICS;artifact;122;129
src/env/env_stat.c;1;HAVE_MUTEX_SUPPORT;1 && HAVE_STATISTICS && HAVE_MUTEX_SUPPORT;if;130;130
src/env/env_stat.c;1;HAVE_MUTEX_SUPPORT;1 && HAVE_STATISTICS && HAVE_MUTEX_SUPPORT;artifact;131;140
src/env/env_stat.c;1;HAVE_MUTEX_SUPPORT;1 && HAVE_STATISTICS && HAVE_MUTEX_SUPPORT;endif;141;141
src/env/env_stat.c;1;HAVE_STATISTICS;1 && HAVE_STATISTICS;artifact;142;852
src/env/env_stat.c;1;!HAVE_STATISTICS;!HAVE_STATISTICS && 1;else;853;853
src/env/env_stat.c;1;!HAVE_STATISTICS;!HAVE_STATISTICS && 1;artifact;854;878
src/env/env_stat.c;1;!HAVE_STATISTICS;!HAVE_STATISTICS && 1;endif;879;879
src/env/env_stat.c;1;1;1;artifact;880;880
src/fileops/fileops_auto.c;1;1;1;ROOT;1;120
src/fileops/fileops_auto.c;1;1;1;artifact;1;119
src/fileops/fileops_autop.c;1;1;1;ROOT;1;179
src/fileops/fileops_autop.c;1;1;1;artifact;1;178
src/fileops/fop_basic.c;1;1;1;ROOT;1;320
src/fileops/fop_basic.c;1;1;1;artifact;1;82
src/fileops/fop_basic.c;1;!DEFINED___LB__DEBUG_WOP__RB__;1 && !DEFINED___LB__DEBUG_WOP__RB__;if;83;83
src/fileops/fop_basic.c;1;!DEFINED___LB__DEBUG_WOP__RB__;1 && !DEFINED___LB__DEBUG_WOP__RB__;artifact;84;84
src/fileops/fop_basic.c;1;!DEFINED___LB__DEBUG_WOP__RB__;1 && !DEFINED___LB__DEBUG_WOP__RB__;endif;85;85
src/fileops/fop_basic.c;1;1;1;artifact;86;145
src/fileops/fop_basic.c;1;!DEFINED___LB__DEBUG_WOP__RB__;1 && !DEFINED___LB__DEBUG_WOP__RB__;if;146;146
src/fileops/fop_basic.c;1;!DEFINED___LB__DEBUG_WOP__RB__;1 && !DEFINED___LB__DEBUG_WOP__RB__;artifact;147;147
src/fileops/fop_basic.c;1;!DEFINED___LB__DEBUG_WOP__RB__;1 && !DEFINED___LB__DEBUG_WOP__RB__;endif;148;148
src/fileops/fop_basic.c;1;1;1;artifact;149;208
src/fileops/fop_basic.c;1;!DEFINED___LB__DEBUG_WOP__RB__;1 && !DEFINED___LB__DEBUG_WOP__RB__;if;209;209
src/fileops/fop_basic.c;1;!DEFINED___LB__DEBUG_WOP__RB__;1 && !DEFINED___LB__DEBUG_WOP__RB__;artifact;210;210
src/fileops/fop_basic.c;1;!DEFINED___LB__DEBUG_WOP__RB__;1 && !DEFINED___LB__DEBUG_WOP__RB__;endif;211;211
src/fileops/fop_basic.c;1;1;1;artifact;212;285
src/fileops/fop_basic.c;1;!DEFINED___LB__DEBUG_WOP__RB__;1 && !DEFINED___LB__DEBUG_WOP__RB__;if;286;286
src/fileops/fop_basic.c;1;!DEFINED___LB__DEBUG_WOP__RB__;1 && !DEFINED___LB__DEBUG_WOP__RB__;artifact;287;287
src/fileops/fop_basic.c;1;!DEFINED___LB__DEBUG_WOP__RB__;1 && !DEFINED___LB__DEBUG_WOP__RB__;endif;288;288
src/fileops/fop_basic.c;1;1;1;artifact;289;319
src/fileops/fop_rec.c;1;1;1;ROOT;1;699
src/fileops/fop_rec.c;1;1;1;artifact;1;698
src/fileops/fop_util.c;1;1;1;ROOT;1;1843
src/fileops/fop_util.c;1;1;1;artifact;1;40
src/fileops/fop_util.c;1;CRITICALPATH_10266;1 && CRITICALPATH_10266;if;41;41
src/fileops/fop_util.c;1;CRITICALPATH_10266;1 && CRITICALPATH_10266;artifact;42;42
src/fileops/fop_util.c;1;!CRITICALPATH_10266;!CRITICALPATH_10266 && 1;else;43;43
src/fileops/fop_util.c;1;!CRITICALPATH_10266;!CRITICALPATH_10266 && 1;artifact;44;56
src/fileops/fop_util.c;1;!CRITICALPATH_10266;!CRITICALPATH_10266 && 1;endif;57;57
src/fileops/fop_util.c;1;1;1;artifact;58;561
src/fileops/fop_util.c;1;HAVE_VXWORKS;1 && HAVE_VXWORKS;if;562;562
src/fileops/fop_util.c;1;HAVE_VXWORKS;1 && HAVE_VXWORKS;artifact;563;567
src/fileops/fop_util.c;1;!HAVE_VXWORKS;!HAVE_VXWORKS && 1;else;568;568
src/fileops/fop_util.c;1;!HAVE_VXWORKS;!HAVE_VXWORKS && 1;artifact;569;569
src/fileops/fop_util.c;1;!HAVE_VXWORKS;!HAVE_VXWORKS && 1;endif;570;570
src/fileops/fop_util.c;1;1;1;artifact;571;1354
src/fileops/fop_util.c;1;!DEFINED___LB__DEBUG_WOP__RB__ && !DEFINED___LB__DIAGNOSTIC__RB__;1 && !DEFINED___LB__DEBUG_WOP__RB__ && !DEFINED___LB__DIAGNOSTIC__RB__;if;1355;1355
src/fileops/fop_util.c;1;!DEFINED___LB__DEBUG_WOP__RB__ && !DEFINED___LB__DIAGNOSTIC__RB__;1 && !DEFINED___LB__DEBUG_WOP__RB__ && !DEFINED___LB__DIAGNOSTIC__RB__;artifact;1356;1356
src/fileops/fop_util.c;1;!DEFINED___LB__DEBUG_WOP__RB__ && !DEFINED___LB__DIAGNOSTIC__RB__;1 && !DEFINED___LB__DEBUG_WOP__RB__ && !DEFINED___LB__DIAGNOSTIC__RB__;endif;1357;1357
src/fileops/fop_util.c;1;1;1;artifact;1358;1370
src/fileops/fop_util.c;1;!DEFINED___LB__DEBUG_WOP__RB__;1 && !DEFINED___LB__DEBUG_WOP__RB__;if;1371;1371
src/fileops/fop_util.c;1;!DEFINED___LB__DEBUG_WOP__RB__;1 && !DEFINED___LB__DEBUG_WOP__RB__;artifact;1372;1372
src/fileops/fop_util.c;1;!DEFINED___LB__DEBUG_WOP__RB__;1 && !DEFINED___LB__DEBUG_WOP__RB__;endif;1373;1373
src/fileops/fop_util.c;1;1;1;artifact;1374;1771
src/fileops/fop_util.c;1;!DEBUG_WOP;1 && !DEBUG_WOP;if;1772;1772
src/fileops/fop_util.c;1;!DEBUG_WOP;1 && !DEBUG_WOP;artifact;1773;1773
src/fileops/fop_util.c;1;!DEBUG_WOP;1 && !DEBUG_WOP;endif;1774;1774
src/fileops/fop_util.c;1;1;1;artifact;1775;1842
src/hash/hash.c;1;1;1;ROOT;1;2342
src/hash/hash.c;1;1;1;artifact;1;2341
src/hash/hash_auto.c;1;1;1;ROOT;1;211
src/hash/hash_auto.c;1;1;1;artifact;1;210
src/hash/hash_autop.c;1;1;1;ROOT;1;316
src/hash/hash_autop.c;1;1;1;artifact;1;4
src/hash/hash_autop.c;1;HAVE_HASH;1 && HAVE_HASH;if;5;5
src/hash/hash_autop.c;1;HAVE_HASH;1 && HAVE_HASH;artifact;6;313
src/hash/hash_autop.c;1;HAVE_HASH;1 && HAVE_HASH;endif;314;314
src/hash/hash_autop.c;1;1;1;artifact;315;315
src/hash/hash_compact.c;1;1;1;ROOT;1;551
src/hash/hash_compact.c;1;1;1;artifact;1;417
src/hash/hash_compact.c;1;HAVE_FTRUNCATE;1 && HAVE_FTRUNCATE;if;418;418
src/hash/hash_compact.c;1;HAVE_FTRUNCATE;1 && HAVE_FTRUNCATE;artifact;419;548
src/hash/hash_compact.c;1;HAVE_FTRUNCATE;1 && HAVE_FTRUNCATE;endif;549;549
src/hash/hash_compact.c;1;1;1;artifact;550;550
src/hash/hash_conv.c;1;1;1;ROOT;1;112
src/hash/hash_conv.c;1;1;1;artifact;1;111
src/hash/hash_dup.c;1;1;1;ROOT;1;945
src/hash/hash_dup.c;1;1;1;artifact;1;944
src/hash/hash_func.c;1;1;1;ROOT;1;242
src/hash/hash_func.c;1;1;1;artifact;1;241
src/hash/hash_meta.c;1;1;1;ROOT;1;172
src/hash/hash_meta.c;1;1;1;artifact;1;171
src/hash/hash_method.c;1;1;1;ROOT;1;252
src/hash/hash_method.c;1;1;1;artifact;1;251
src/hash/hash_open.c;1;1;1;ROOT;1;586
src/hash/hash_open.c;1;1;1;artifact;1;253
src/hash/hash_open.c;1;HAVE_PARTITION;1 && HAVE_PARTITION;if;254;254
src/hash/hash_open.c;1;HAVE_PARTITION;1 && HAVE_PARTITION;artifact;255;255
src/hash/hash_open.c;1;HAVE_PARTITION;1 && HAVE_PARTITION;endif;256;256
src/hash/hash_open.c;1;1;1;artifact;257;307
src/hash/hash_open.c;1;HAVE_PARTITION;1 && HAVE_PARTITION;if;308;308
src/hash/hash_open.c;1;HAVE_PARTITION;1 && HAVE_PARTITION;artifact;309;315
src/hash/hash_open.c;1;HAVE_PARTITION;1 && HAVE_PARTITION;endif;316;316
src/hash/hash_open.c;1;1;1;artifact;317;433
src/hash/hash_open.c;1;DIAGNOSTIC;1 && DIAGNOSTIC;if;434;434
src/hash/hash_open.c;1;DIAGNOSTIC;1 && DIAGNOSTIC;artifact;435;435
src/hash/hash_open.c;1;DIAGNOSTIC;1 && DIAGNOSTIC;endif;436;436
src/hash/hash_open.c;1;1;1;artifact;437;537
src/hash/hash_open.c;1;!DEFINED___LB__DEBUG_WOP__RB__;1 && !DEFINED___LB__DEBUG_WOP__RB__;if;538;538
src/hash/hash_open.c;1;!DEFINED___LB__DEBUG_WOP__RB__;1 && !DEFINED___LB__DEBUG_WOP__RB__;artifact;539;539
src/hash/hash_open.c;1;!DEFINED___LB__DEBUG_WOP__RB__;1 && !DEFINED___LB__DEBUG_WOP__RB__;endif;540;540
src/hash/hash_open.c;1;1;1;artifact;541;585
src/hash/hash_page.c;1;1;1;ROOT;1;3184
src/hash/hash_page.c;1;1;1;artifact;1;934
src/hash/hash_page.c;1;HAVE_STATISTICS;1 && HAVE_STATISTICS;if;935;935
src/hash/hash_page.c;1;HAVE_STATISTICS;1 && HAVE_STATISTICS;artifact;936;937
src/hash/hash_page.c;1;HAVE_STATISTICS;1 && HAVE_STATISTICS;endif;938;938
src/hash/hash_page.c;1;1;1;artifact;939;3183
src/hash/hash_rec.c;1;1;1;ROOT;1;1898
src/hash/hash_rec.c;1;1;1;artifact;1;1897
src/hash/hash_reclaim.c;1;1;1;ROOT;1;100
src/hash/hash_reclaim.c;1;1;1;artifact;1;99
src/hash/hash_stat.c;1;1;1;ROOT;1;520
src/hash/hash_stat.c;1;1;1;artifact;1;16
src/hash/hash_stat.c;1;HAVE_STATISTICS;1 && HAVE_STATISTICS;if;17;17
src/hash/hash_stat.c;1;HAVE_STATISTICS;1 && HAVE_STATISTICS;artifact;18;348
src/hash/hash_stat.c;1;!HAVE_STATISTICS;!HAVE_STATISTICS && 1;else;349;349
src/hash/hash_stat.c;1;!HAVE_STATISTICS;!HAVE_STATISTICS && 1;artifact;350;361
src/hash/hash_stat.c;1;!HAVE_STATISTICS;!HAVE_STATISTICS && 1;endif;362;362
src/hash/hash_stat.c;1;1;1;artifact;363;519
src/hash/hash_stub.c;1;1;1;ROOT;1;472
src/hash/hash_stub.c;1;1;1;artifact;1;8
src/hash/hash_stub.c;1;!HAVE_HASH;1 && !HAVE_HASH;if;9;9
src/hash/hash_stub.c;1;!HAVE_HASH;1 && !HAVE_HASH;artifact;10;469
src/hash/hash_stub.c;1;!HAVE_HASH;1 && !HAVE_HASH;endif;470;470
src/hash/hash_stub.c;1;1;1;artifact;471;471
src/hash/hash_upgrade.c;1;1;1;ROOT;1;325
src/hash/hash_upgrade.c;1;1;1;artifact;1;324
src/hash/hash_verify.c;1;1;1;ROOT;1;1159
src/hash/hash_verify.c;1;1;1;artifact;1;1158
src/heap/heap.c;1;1;1;ROOT;1;2814
src/heap/heap.c;1;1;1;artifact;1;490
src/heap/heap.c;1;DIAGNOSTIC;1 && DIAGNOSTIC;if;491;491
src/heap/heap.c;1;DIAGNOSTIC;1 && DIAGNOSTIC;artifact;492;492
src/heap/heap.c;1;DIAGNOSTIC;1 && DIAGNOSTIC;endif;493;493
src/heap/heap.c;1;1;1;artifact;494;2813
src/heap/heap_auto.c;1;1;1;ROOT;1;75
src/heap/heap_auto.c;1;1;1;artifact;1;74
src/heap/heap_autop.c;1;1;1;ROOT;1;107
src/heap/heap_autop.c;1;1;1;artifact;1;4
src/heap/heap_autop.c;1;HAVE_HEAP;1 && HAVE_HEAP;if;5;5
src/heap/heap_autop.c;1;HAVE_HEAP;1 && HAVE_HEAP;artifact;6;104
src/heap/heap_autop.c;1;HAVE_HEAP;1 && HAVE_HEAP;endif;105;105
src/heap/heap_autop.c;1;1;1;artifact;106;106
src/heap/heap_backup.c;1;1;1;ROOT;1;68
src/heap/heap_backup.c;1;1;1;artifact;1;67
src/heap/heap_conv.c;1;1;1;ROOT;1;95
src/heap/heap_conv.c;1;1;1;artifact;1;94
src/heap/heap_method.c;1;1;1;ROOT;1;170
src/heap/heap_method.c;1;1;1;artifact;1;169
src/heap/heap_open.c;1;1;1;ROOT;1;441
src/heap/heap_open.c;1;1;1;artifact;1;440
src/heap/heap_rec.c;1;1;1;ROOT;1;388
src/heap/heap_rec.c;1;1;1;artifact;1;387
src/heap/heap_reclaim.c;1;1;1;ROOT;1;154
src/heap/heap_reclaim.c;1;1;1;artifact;1;153
src/heap/heap_stat.c;1;1;1;ROOT;1;291
src/heap/heap_stat.c;1;1;1;artifact;1;16
src/heap/heap_stat.c;1;HAVE_STATISTICS;1 && HAVE_STATISTICS;if;17;17
src/heap/heap_stat.c;1;HAVE_STATISTICS;1 && HAVE_STATISTICS;artifact;18;218
src/heap/heap_stat.c;1;!HAVE_STATISTICS;!HAVE_STATISTICS && 1;else;219;219
src/heap/heap_stat.c;1;!HAVE_STATISTICS;!HAVE_STATISTICS && 1;artifact;220;231
src/heap/heap_stat.c;1;!HAVE_STATISTICS;!HAVE_STATISTICS && 1;endif;232;232
src/heap/heap_stat.c;1;1;1;artifact;233;290
src/heap/heap_stub.c;1;1;1;ROOT;1;330
src/heap/heap_stub.c;1;1;1;artifact;1;8
src/heap/heap_stub.c;1;!HAVE_HEAP;1 && !HAVE_HEAP;if;9;9
src/heap/heap_stub.c;1;!HAVE_HEAP;1 && !HAVE_HEAP;artifact;10;327
src/heap/heap_stub.c;1;!HAVE_HEAP;1 && !HAVE_HEAP;endif;328;328
src/heap/heap_stub.c;1;1;1;artifact;329;329
src/heap/heap_verify.c;1;1;1;ROOT;1;470
src/heap/heap_verify.c;1;1;1;artifact;1;283
src/heap/heap_verify.c;1;!HAVE_FTRUNCATE;1 && !HAVE_FTRUNCATE;if;284;284
src/heap/heap_verify.c;1;!HAVE_FTRUNCATE;1 && !HAVE_FTRUNCATE;artifact;285;285
src/heap/heap_verify.c;1;!HAVE_FTRUNCATE;1 && !HAVE_FTRUNCATE;endif;286;286
src/heap/heap_verify.c;1;1;1;artifact;287;469
src/hmac/hmac.c;1;1;1;ROOT;1;225
src/hmac/hmac.c;1;1;1;artifact;1;224
src/hmac/sha1.c;1;1;1;ROOT;1;291
src/hmac/sha1.c;1;1;1;artifact;1;103
src/hmac/sha1.c;1;VERBOSE;1 && VERBOSE;if;104;104
src/hmac/sha1.c;1;VERBOSE;1 && VERBOSE;artifact;105;119
src/hmac/sha1.c;1;VERBOSE;1 && VERBOSE;endif;120;120
src/hmac/sha1.c;1;1;1;artifact;121;140
src/hmac/sha1.c;1;SHA1HANDSOFF;1 && SHA1HANDSOFF;if;141;141
src/hmac/sha1.c;1;SHA1HANDSOFF;1 && SHA1HANDSOFF;artifact;142;145
src/hmac/sha1.c;1;!SHA1HANDSOFF;!SHA1HANDSOFF && 1;else;146;146
src/hmac/sha1.c;1;!SHA1HANDSOFF;!SHA1HANDSOFF && 1;artifact;147;147
src/hmac/sha1.c;1;!SHA1HANDSOFF;!SHA1HANDSOFF && 1;endif;148;148
src/hmac/sha1.c;1;1;1;artifact;149;225
src/hmac/sha1.c;1;VERBOSE;1 && VERBOSE;if;226;226
src/hmac/sha1.c;1;VERBOSE;1 && VERBOSE;artifact;227;227
src/hmac/sha1.c;1;VERBOSE;1 && VERBOSE;endif;228;228
src/hmac/sha1.c;1;1;1;artifact;229;242
src/hmac/sha1.c;1;VERBOSE;1 && VERBOSE;if;243;243
src/hmac/sha1.c;1;VERBOSE;1 && VERBOSE;artifact;244;244
src/hmac/sha1.c;1;VERBOSE;1 && VERBOSE;endif;245;245
src/hmac/sha1.c;1;1;1;artifact;246;283
src/hmac/sha1.c;1;SHA1HANDSOFF;1 && SHA1HANDSOFF;if;284;284
src/hmac/sha1.c;1;SHA1HANDSOFF;1 && SHA1HANDSOFF;artifact;285;285
src/hmac/sha1.c;1;SHA1HANDSOFF;1 && SHA1HANDSOFF;endif;286;286
src/hmac/sha1.c;1;1;1;artifact;287;290
src/lock/lock.c;1;1;1;ROOT;1;2022
src/lock/lock.c;1;1;1;artifact;1;36
src/lock/lock.c;1;DEBUG;1 && DEBUG;if;37;37
src/lock/lock.c;1;DEBUG;1 && DEBUG;artifact;38;38
src/lock/lock.c;1;DEBUG;1 && DEBUG;endif;39;39
src/lock/lock.c;1;1;1;artifact;40;336
src/lock/lock.c;1;DEFINED___LB__DEBUG__RB__ && DEFINED___LB__HAVE_STATISTICS__RB__;1 && DEFINED___LB__DEBUG__RB__ && DEFINED___LB__HAVE_STATISTICS__RB__;if;337;337
src/lock/lock.c;1;DEFINED___LB__DEBUG__RB__ && DEFINED___LB__HAVE_STATISTICS__RB__;1 && DEFINED___LB__DEBUG__RB__ && DEFINED___LB__HAVE_STATISTICS__RB__;artifact;338;345
src/lock/lock.c;1;DEFINED___LB__DEBUG__RB__ && DEFINED___LB__HAVE_STATISTICS__RB__;1 && DEFINED___LB__DEBUG__RB__ && DEFINED___LB__HAVE_STATISTICS__RB__;endif;346;346
src/lock/lock.c;1;1;1;artifact;347;484
src/lock/lock.c;1;DEBUG;1 && DEBUG;if;485;485
src/lock/lock.c;1;DEBUG;1 && DEBUG;artifact;486;486
src/lock/lock.c;1;DEBUG;1 && DEBUG;endif;487;487
src/lock/lock.c;1;1;1;artifact;488;570
src/lock/lock.c;1;DIAGNOSTIC;1 && DIAGNOSTIC;if;571;571
src/lock/lock.c;1;DIAGNOSTIC;1 && DIAGNOSTIC;artifact;572;582
src/lock/lock.c;1;DIAGNOSTIC;1 && DIAGNOSTIC;endif;583;583
src/lock/lock.c;1;1;1;artifact;584;585
src/lock/lock.c;1;HAVE_STATISTICS;1 && HAVE_STATISTICS;if;586;586
src/lock/lock.c;1;HAVE_STATISTICS;1 && HAVE_STATISTICS;artifact;587;594
src/lock/lock.c;1;HAVE_STATISTICS;1 && HAVE_STATISTICS;endif;595;595
src/lock/lock.c;1;1;1;artifact;596;646
src/lock/lock.c;1;DIAGNOSTIC;1 && DIAGNOSTIC;if;647;647
src/lock/lock.c;1;DIAGNOSTIC;1 && DIAGNOSTIC;artifact;648;649
src/lock/lock.c;1;DIAGNOSTIC;1 && DIAGNOSTIC;endif;650;650
src/lock/lock.c;1;1;1;artifact;651;678
src/lock/lock.c;1;DIAGNOSTIC;1 && DIAGNOSTIC;if;679;679
src/lock/lock.c;1;DIAGNOSTIC;1 && DIAGNOSTIC;artifact;680;683
src/lock/lock.c;1;DIAGNOSTIC;1 && DIAGNOSTIC;endif;684;684
src/lock/lock.c;1;1;1;artifact;685;791
src/lock/lock.c;1;HAVE_STATISTICS;1 && HAVE_STATISTICS;if;792;792
src/lock/lock.c;1;HAVE_STATISTICS;1 && HAVE_STATISTICS;artifact;793;805
src/lock/lock.c;1;HAVE_STATISTICS;1 && HAVE_STATISTICS;endif;806;806
src/lock/lock.c;1;1;1;artifact;807;1012
src/lock/lock.c;1;HAVE_STATISTICS;1 && HAVE_STATISTICS;if;1013;1013
src/lock/lock.c;1;HAVE_STATISTICS;1 && HAVE_STATISTICS;artifact;1014;1022
src/lock/lock.c;1;HAVE_STATISTICS;1 && HAVE_STATISTICS;endif;1023;1023
src/lock/lock.c;1;1;1;artifact;1024;1282
src/lock/lock.c;1;HAVE_STATISTICS;1 && HAVE_STATISTICS;if;1283;1283
src/lock/lock.c;1;HAVE_STATISTICS;1 && HAVE_STATISTICS;artifact;1284;1287
src/lock/lock.c;1;HAVE_STATISTICS;1 && HAVE_STATISTICS;endif;1288;1288
src/lock/lock.c;1;1;1;artifact;1289;1444
src/lock/lock.c;1;DEBUG;1 && DEBUG;if;1445;1445
src/lock/lock.c;1;DEBUG;1 && DEBUG;artifact;1446;1446
src/lock/lock.c;1;DEBUG;1 && DEBUG;endif;1447;1447
src/lock/lock.c;1;1;1;artifact;1448;1528
src/lock/lock.c;1;HAVE_STATISTICS;1 && HAVE_STATISTICS;if;1529;1529
src/lock/lock.c;1;HAVE_STATISTICS;1 && HAVE_STATISTICS;artifact;1530;1543
src/lock/lock.c;1;HAVE_STATISTICS;1 && HAVE_STATISTICS;endif;1544;1544
src/lock/lock.c;1;1;1;artifact;1545;1555
src/lock/lock.c;1;HAVE_STATISTICS;1 && HAVE_STATISTICS;if;1556;1556
src/lock/lock.c;1;HAVE_STATISTICS;1 && HAVE_STATISTICS;artifact;1557;1558
src/lock/lock.c;1;HAVE_STATISTICS;1 && HAVE_STATISTICS;endif;1559;1559
src/lock/lock.c;1;1;1;artifact;1560;2021
src/lock/lock_deadlock.c;1;1;1;ROOT;1;1065
src/lock/lock_deadlock.c;1;1;1;artifact;1;56
src/lock/lock_deadlock.c;1;DIAGNOSTIC;1 && DIAGNOSTIC;if;57;57
src/lock/lock_deadlock.c;1;DIAGNOSTIC;1 && DIAGNOSTIC;artifact;58;59
src/lock/lock_deadlock.c;1;DIAGNOSTIC;1 && DIAGNOSTIC;endif;60;60
src/lock/lock_deadlock.c;1;1;1;artifact;61;171
src/lock/lock_deadlock.c;1;DIAGNOSTIC;1 && DIAGNOSTIC;if;172;172
src/lock/lock_deadlock.c;1;DIAGNOSTIC;1 && DIAGNOSTIC;artifact;173;174
src/lock/lock_deadlock.c;1;DIAGNOSTIC;1 && DIAGNOSTIC;endif;175;175
src/lock/lock_deadlock.c;1;1;1;artifact;176;925
src/lock/lock_deadlock.c;1;DIAGNOSTIC;1 && DIAGNOSTIC;if;926;926
src/lock/lock_deadlock.c;1;DIAGNOSTIC;1 && DIAGNOSTIC;artifact;927;952
src/lock/lock_deadlock.c;1;DIAGNOSTIC;1 && DIAGNOSTIC;endif;953;953
src/lock/lock_deadlock.c;1;1;1;artifact;954;1064
src/lock/lock_failchk.c;1;1;1;ROOT;1;116
src/lock/lock_failchk.c;1;1;1;artifact;1;115
src/lock/lock_id.c;1;1;1;ROOT;1;574
src/lock/lock_id.c;1;1;1;artifact;1;360
src/lock/lock_id.c;1;HAVE_STATISTICS;1 && HAVE_STATISTICS;if;361;361
src/lock/lock_id.c;1;HAVE_STATISTICS;1 && HAVE_STATISTICS;artifact;362;366
src/lock/lock_id.c;1;HAVE_STATISTICS;1 && HAVE_STATISTICS;endif;367;367
src/lock/lock_id.c;1;1;1;artifact;368;389
src/lock/lock_id.c;1;DIAGNOSTIC;1 && DIAGNOSTIC;if;390;390
src/lock/lock_id.c;1;DIAGNOSTIC;1 && DIAGNOSTIC;artifact;391;392
src/lock/lock_id.c;1;DIAGNOSTIC;1 && DIAGNOSTIC;endif;393;393
src/lock/lock_id.c;1;1;1;artifact;394;573
src/lock/lock_list.c;1;1;1;ROOT;1;367
src/lock/lock_list.c;1;1;1;artifact;1;366
src/lock/lock_method.c;1;1;1;ROOT;1;632
src/lock/lock_method.c;1;1;1;artifact;1;631
src/lock/lock_region.c;1;1;1;ROOT;1;580
src/lock/lock_region.c;1;1;1;artifact;1;87
src/lock/lock_region.c;1;HAVE_STATISTICS;1 && HAVE_STATISTICS;if;88;88
src/lock/lock_region.c;1;HAVE_STATISTICS;1 && HAVE_STATISTICS;artifact;89;89
src/lock/lock_region.c;1;HAVE_STATISTICS;1 && HAVE_STATISTICS;endif;90;90
src/lock/lock_region.c;1;1;1;artifact;91;230
src/lock/lock_region.c;1;HAVE_STATISTICS;1 && HAVE_STATISTICS;if;231;231
src/lock/lock_region.c;1;HAVE_STATISTICS;1 && HAVE_STATISTICS;artifact;232;237
src/lock/lock_region.c;1;HAVE_STATISTICS;1 && HAVE_STATISTICS;endif;238;238
src/lock/lock_region.c;1;1;1;artifact;239;568
src/lock/lock_region.c;1;HAVE_STATISTICS;1 && HAVE_STATISTICS;if;569;569
src/lock/lock_region.c;1;HAVE_STATISTICS;1 && HAVE_STATISTICS;artifact;570;571
src/lock/lock_region.c;1;HAVE_STATISTICS;1 && HAVE_STATISTICS;endif;572;572
src/lock/lock_region.c;1;1;1;artifact;573;579
src/lock/lock_stat.c;1;1;1;ROOT;1;772
src/lock/lock_stat.c;1;1;1;artifact;1;16
src/lock/lock_stat.c;1;HAVE_STATISTICS;1 && HAVE_STATISTICS;if;17;17
src/lock/lock_stat.c;1;HAVE_STATISTICS;1 && HAVE_STATISTICS;artifact;18;273
src/lock/lock_stat.c;1;LOCK_DIAGNOSTIC;1 && HAVE_STATISTICS && LOCK_DIAGNOSTIC;if;274;274
src/lock/lock_stat.c;1;LOCK_DIAGNOSTIC;1 && HAVE_STATISTICS && LOCK_DIAGNOSTIC;artifact;275;320
src/lock/lock_stat.c;1;LOCK_DIAGNOSTIC;1 && HAVE_STATISTICS && LOCK_DIAGNOSTIC;endif;321;321
src/lock/lock_stat.c;1;HAVE_STATISTICS;1 && HAVE_STATISTICS;artifact;322;463
src/lock/lock_stat.c;1;HAVE_STRFTIME;1 && HAVE_STATISTICS && HAVE_STRFTIME;if;464;464
src/lock/lock_stat.c;1;HAVE_STRFTIME;1 && HAVE_STATISTICS && HAVE_STRFTIME;artifact;465;471
src/lock/lock_stat.c;1;HAVE_STRFTIME;1 && HAVE_STATISTICS && HAVE_STRFTIME;endif;472;472
src/lock/lock_stat.c;1;HAVE_STATISTICS;1 && HAVE_STATISTICS;artifact;473;542
src/lock/lock_stat.c;1;HAVE_STRFTIME;1 && HAVE_STATISTICS && HAVE_STRFTIME;if;543;543
src/lock/lock_stat.c;1;HAVE_STRFTIME;1 && HAVE_STATISTICS && HAVE_STRFTIME;artifact;544;550
src/lock/lock_stat.c;1;HAVE_STRFTIME;1 && HAVE_STATISTICS && HAVE_STRFTIME;endif;551;551
src/lock/lock_stat.c;1;HAVE_STATISTICS;1 && HAVE_STATISTICS;artifact;552;559
src/lock/lock_stat.c;1;HAVE_STRFTIME;1 && HAVE_STATISTICS && HAVE_STRFTIME;if;560;560
src/lock/lock_stat.c;1;HAVE_STRFTIME;1 && HAVE_STATISTICS && HAVE_STRFTIME;artifact;561;567
src/lock/lock_stat.c;1;HAVE_STRFTIME;1 && HAVE_STATISTICS && HAVE_STRFTIME;endif;568;568
src/lock/lock_stat.c;1;HAVE_STATISTICS;1 && HAVE_STATISTICS;artifact;569;746
src/lock/lock_stat.c;1;!HAVE_STATISTICS;!HAVE_STATISTICS && 1;else;747;747
src/lock/lock_stat.c;1;!HAVE_STATISTICS;!HAVE_STATISTICS && 1;artifact;748;769
src/lock/lock_stat.c;1;!HAVE_STATISTICS;!HAVE_STATISTICS && 1;endif;770;770
src/lock/lock_stat.c;1;1;1;artifact;771;771
src/lock/lock_stub.c;1;1;1;ROOT;1;633
src/lock/lock_stub.c;1;1;1;artifact;1;632
src/lock/lock_timer.c;1;1;1;ROOT;1;130
src/lock/lock_timer.c;1;1;1;artifact;1;129
src/lock/lock_util.c;1;1;1;ROOT;1;100
src/lock/lock_util.c;1;1;1;artifact;1;99
src/log/log.c;1;1;1;ROOT;1;1729
src/log/log.c;1;1;1;artifact;1;616
src/log/log.c;1;DEFINED___LB__HAVE_LOG_CHECKSUM__RB__;1 && DEFINED___LB__HAVE_LOG_CHECKSUM__RB__;if;617;617
src/log/log.c;1;DEFINED___LB__HAVE_LOG_CHECKSUM__RB__;1 && DEFINED___LB__HAVE_LOG_CHECKSUM__RB__;artifact;618;619
src/log/log.c;1;!DEFINED___LB__HAVE_LOG_CHECKSUM__RB__;!DEFINED___LB__HAVE_LOG_CHECKSUM__RB__ && 1;else;620;620
src/log/log.c;1;!DEFINED___LB__HAVE_LOG_CHECKSUM__RB__;!DEFINED___LB__HAVE_LOG_CHECKSUM__RB__ && 1;artifact;621;621
src/log/log.c;1;!DEFINED___LB__HAVE_LOG_CHECKSUM__RB__;!DEFINED___LB__HAVE_LOG_CHECKSUM__RB__ && 1;endif;622;622
src/log/log.c;1;1;1;artifact;623;710
src/log/log.c;1;HAVE_LOG_CHECKSUM;1 && HAVE_LOG_CHECKSUM;if;711;711
src/log/log.c;1;HAVE_LOG_CHECKSUM;1 && HAVE_LOG_CHECKSUM;artifact;712;731
src/log/log.c;1;HAVE_LOG_CHECKSUM;1 && HAVE_LOG_CHECKSUM;endif;732;732
src/log/log.c;1;1;1;artifact;733;797
src/log/log.c;1;HAVE_LOG_CHECKSUM;1 && HAVE_LOG_CHECKSUM;if;798;798
src/log/log.c;1;HAVE_LOG_CHECKSUM;1 && HAVE_LOG_CHECKSUM;artifact;799;831
src/log/log.c;1;HAVE_LOG_CHECKSUM;1 && HAVE_LOG_CHECKSUM;endif;832;832
src/log/log.c;1;1;1;artifact;833;1415
src/log/log.c;1;DIAGNOSTIC;1 && DIAGNOSTIC;if;1416;1416
src/log/log.c;1;DIAGNOSTIC;1 && DIAGNOSTIC;artifact;1417;1417
src/log/log.c;1;DIAGNOSTIC;1 && DIAGNOSTIC;endif;1418;1418
src/log/log.c;1;1;1;artifact;1419;1457
src/log/log.c;1;DIAGNOSTIC;1 && DIAGNOSTIC;if;1458;1458
src/log/log.c;1;DIAGNOSTIC;1 && DIAGNOSTIC;artifact;1459;1466
src/log/log.c;1;DIAGNOSTIC;1 && DIAGNOSTIC;endif;1467;1467
src/log/log.c;1;1;1;artifact;1468;1728
src/log/log_archive.c;1;1;1;ROOT;1;645
src/log/log_archive.c;1;1;1;artifact;1;83
src/log/log_archive.c;1;HAVE_GETCWD;1 && HAVE_GETCWD;if;84;84
src/log/log_archive.c;1;HAVE_GETCWD;1 && HAVE_GETCWD;artifact;85;85
src/log/log_archive.c;1;HAVE_GETCWD;1 && HAVE_GETCWD;endif;86;86
src/log/log_archive.c;1;1;1;artifact;87;128
src/log/log_archive.c;1;HAVE_GETCWD;1 && HAVE_GETCWD;if;129;129
src/log/log_archive.c;1;HAVE_GETCWD;1 && HAVE_GETCWD;artifact;130;147
src/log/log_archive.c;1;HAVE_GETCWD;1 && HAVE_GETCWD;endif;148;148
src/log/log_archive.c;1;1;1;artifact;149;159
src/log/log_archive.c;1;UMRW;1 && UMRW;if;160;160
src/log/log_archive.c;1;UMRW;1 && UMRW;artifact;161;161
src/log/log_archive.c;1;UMRW;1 && UMRW;endif;162;162
src/log/log_archive.c;1;1;1;artifact;163;331
src/log/log_archive.c;1;HAVE_REPLICATION_THREADS;1 && HAVE_REPLICATION_THREADS;if;332;332
src/log/log_archive.c;1;HAVE_REPLICATION_THREADS;1 && HAVE_REPLICATION_THREADS;artifact;333;338
src/log/log_archive.c;1;!HAVE_REPLICATION_THREADS;!HAVE_REPLICATION_THREADS && 1;else;339;339
src/log/log_archive.c;1;!HAVE_REPLICATION_THREADS;!HAVE_REPLICATION_THREADS && 1;artifact;340;340
src/log/log_archive.c;1;!HAVE_REPLICATION_THREADS;!HAVE_REPLICATION_THREADS && 1;endif;341;341
src/log/log_archive.c;1;1;1;artifact;342;644
src/log/log_compare.c;1;1;1;ROOT;1;68
src/log/log_compare.c;1;1;1;artifact;1;67
src/log/log_debug.c;1;1;1;ROOT;1;148
src/log/log_debug.c;1;1;1;artifact;1;24
src/log/log_debug.c;1;STDC_HEADERS;1 && STDC_HEADERS;if;25;25
src/log/log_debug.c;1;STDC_HEADERS;1 && STDC_HEADERS;artifact;26;26
src/log/log_debug.c;1;!STDC_HEADERS;!STDC_HEADERS && 1;else;27;27
src/log/log_debug.c;1;!STDC_HEADERS;!STDC_HEADERS && 1;artifact;28;32
src/log/log_debug.c;1;!STDC_HEADERS;!STDC_HEADERS && 1;endif;33;33
src/log/log_debug.c;1;1;1;artifact;34;37
src/log/log_debug.c;1;STDC_HEADERS;1 && STDC_HEADERS;if;38;38
src/log/log_debug.c;1;STDC_HEADERS;1 && STDC_HEADERS;artifact;39;39
src/log/log_debug.c;1;!STDC_HEADERS;!STDC_HEADERS && 1;else;40;40
src/log/log_debug.c;1;!STDC_HEADERS;!STDC_HEADERS && 1;artifact;41;41
src/log/log_debug.c;1;!STDC_HEADERS;!STDC_HEADERS && 1;endif;42;42
src/log/log_debug.c;1;1;1;artifact;43;90
src/log/log_debug.c;1;STDC_HEADERS;1 && STDC_HEADERS;if;91;91
src/log/log_debug.c;1;STDC_HEADERS;1 && STDC_HEADERS;artifact;92;92
src/log/log_debug.c;1;!STDC_HEADERS;!STDC_HEADERS && 1;else;93;93
src/log/log_debug.c;1;!STDC_HEADERS;!STDC_HEADERS && 1;artifact;94;98
src/log/log_debug.c;1;!STDC_HEADERS;!STDC_HEADERS && 1;endif;99;99
src/log/log_debug.c;1;1;1;artifact;100;103
src/log/log_debug.c;1;STDC_HEADERS;1 && STDC_HEADERS;if;104;104
src/log/log_debug.c;1;STDC_HEADERS;1 && STDC_HEADERS;artifact;105;105
src/log/log_debug.c;1;!STDC_HEADERS;!STDC_HEADERS && 1;else;106;106
src/log/log_debug.c;1;!STDC_HEADERS;!STDC_HEADERS && 1;artifact;107;107
src/log/log_debug.c;1;!STDC_HEADERS;!STDC_HEADERS && 1;endif;108;108
src/log/log_debug.c;1;1;1;artifact;109;147
src/log/log_get.c;1;1;1;ROOT;1;1628
src/log/log_get.c;1;1;1;artifact;1;393
src/log/log_get.c;1;HAVE_LOG_CHECKSUM;1 && HAVE_LOG_CHECKSUM;if;394;394
src/log/log_get.c;1;HAVE_LOG_CHECKSUM;1 && HAVE_LOG_CHECKSUM;artifact;395;397
src/log/log_get.c;1;HAVE_LOG_CHECKSUM;1 && HAVE_LOG_CHECKSUM;endif;398;398
src/log/log_get.c;1;1;1;artifact;399;414
src/log/log_get.c;1;HAVE_LOG_CHECKSUM;1 && HAVE_LOG_CHECKSUM;if;415;415
src/log/log_get.c;1;HAVE_LOG_CHECKSUM;1 && HAVE_LOG_CHECKSUM;artifact;416;416
src/log/log_get.c;1;HAVE_LOG_CHECKSUM;1 && HAVE_LOG_CHECKSUM;endif;417;417
src/log/log_get.c;1;1;1;artifact;418;643
src/log/log_get.c;1;HAVE_LOG_CHECKSUM;1 && HAVE_LOG_CHECKSUM;if;644;644
src/log/log_get.c;1;HAVE_LOG_CHECKSUM;1 && HAVE_LOG_CHECKSUM;artifact;645;734
src/log/log_get.c;1;HAVE_LOG_CHECKSUM;1 && HAVE_LOG_CHECKSUM;endif;735;735
src/log/log_get.c;1;1;1;artifact;736;1627
src/log/log_method.c;1;1;1;ROOT;1;535
src/log/log_method.c;1;1;1;artifact;1;534
src/log/log_print.c;1;1;1;ROOT;1;382
src/log/log_print.c;1;1;1;artifact;1;381
src/log/log_put.c;1;1;1;ROOT;1;2043
src/log/log_put.c;1;1;1;artifact;1;123
src/log/log_put.c;1;HAVE_REPLICATION_THREADS;1 && HAVE_REPLICATION_THREADS;if;124;124
src/log/log_put.c;1;HAVE_REPLICATION_THREADS;1 && HAVE_REPLICATION_THREADS;artifact;125;128
src/log/log_put.c;1;HAVE_REPLICATION_THREADS;1 && HAVE_REPLICATION_THREADS;endif;129;129
src/log/log_put.c;1;1;1;artifact;130;130
src/log/log_put.c;1;!DEFINED___LB__DEBUG_ROP__RB__ && !DEFINED___LB__DEBUG_WOP__RB__;1 && !DEFINED___LB__DEBUG_ROP__RB__ && !DEFINED___LB__DEBUG_WOP__RB__;if;131;131
src/log/log_put.c;1;!DEFINED___LB__DEBUG_ROP__RB__ && !DEFINED___LB__DEBUG_WOP__RB__;1 && !DEFINED___LB__DEBUG_ROP__RB__ && !DEFINED___LB__DEBUG_WOP__RB__;artifact;132;135
src/log/log_put.c;1;!DEFINED___LB__DEBUG_ROP__RB__ && !DEFINED___LB__DEBUG_WOP__RB__;1 && !DEFINED___LB__DEBUG_ROP__RB__ && !DEFINED___LB__DEBUG_WOP__RB__;endif;136;136
src/log/log_put.c;1;1;1;artifact;137;164
src/log/log_put.c;1;HAVE_LOG_CHECKSUM;1 && HAVE_LOG_CHECKSUM;if;165;165
src/log/log_put.c;1;HAVE_LOG_CHECKSUM;1 && HAVE_LOG_CHECKSUM;artifact;166;166
src/log/log_put.c;1;HAVE_LOG_CHECKSUM;1 && HAVE_LOG_CHECKSUM;endif;167;167
src/log/log_put.c;1;1;1;artifact;168;184
src/log/log_put.c;1;HAVE_REPLICATION;1 && HAVE_REPLICATION;if;185;185
src/log/log_put.c;1;HAVE_REPLICATION;1 && HAVE_REPLICATION;artifact;186;263
src/log/log_put.c;1;HAVE_STATISTICS;1 && HAVE_REPLICATION && HAVE_STATISTICS;if;264;264
src/log/log_put.c;1;HAVE_STATISTICS;1 && HAVE_REPLICATION && HAVE_STATISTICS;artifact;265;266
src/log/log_put.c;1;HAVE_STATISTICS;1 && HAVE_REPLICATION && HAVE_STATISTICS;endif;267;267
src/log/log_put.c;1;HAVE_REPLICATION;1 && HAVE_REPLICATION;artifact;268;296
src/log/log_put.c;1;HAVE_REPLICATION;1 && HAVE_REPLICATION;endif;297;297
src/log/log_put.c;1;1;1;artifact;298;805
src/log/log_put.c;1;HAVE_LOG_CHECKSUM;1 && HAVE_LOG_CHECKSUM;if;806;806
src/log/log_put.c;1;HAVE_LOG_CHECKSUM;1 && HAVE_LOG_CHECKSUM;artifact;807;829
src/log/log_put.c;1;HAVE_LOG_CHECKSUM;1 && HAVE_LOG_CHECKSUM;endif;830;830
src/log/log_put.c;1;1;1;artifact;831;1176
src/log/log_put.c;1;HAVE_STATISTICS;1 && HAVE_STATISTICS;if;1177;1177
src/log/log_put.c;1;HAVE_STATISTICS;1 && HAVE_STATISTICS;artifact;1178;1182
src/log/log_put.c;1;HAVE_STATISTICS;1 && HAVE_STATISTICS;endif;1183;1183
src/log/log_put.c;1;1;1;artifact;1184;1295
src/log/log_put.c;1;HAVE_FILESYSTEM_NOTZERO;1 && HAVE_FILESYSTEM_NOTZERO;if;1296;1296
src/log/log_put.c;1;HAVE_FILESYSTEM_NOTZERO;1 && HAVE_FILESYSTEM_NOTZERO;artifact;1297;1297
src/log/log_put.c;1;!HAVE_FILESYSTEM_NOTZERO;!HAVE_FILESYSTEM_NOTZERO && 1;else;1298;1298
src/log/log_put.c;1;!HAVE_FILESYSTEM_NOTZERO;!HAVE_FILESYSTEM_NOTZERO && 1;artifact;1299;1299
src/log/log_put.c;1;!HAVE_FILESYSTEM_NOTZERO;!HAVE_FILESYSTEM_NOTZERO && 1;endif;1300;1300
src/log/log_put.c;1;1;1;artifact;1301;1323
src/log/log_put.c;1;HAVE_STATISTICS;1 && HAVE_STATISTICS;if;1324;1324
src/log/log_put.c;1;HAVE_STATISTICS;1 && HAVE_STATISTICS;artifact;1325;1329
src/log/log_put.c;1;HAVE_STATISTICS;1 && HAVE_STATISTICS;endif;1330;1330
src/log/log_put.c;1;1;1;artifact;1331;1653
src/log/log_put.c;1;STDC_HEADERS;1 && STDC_HEADERS;if;1654;1654
src/log/log_put.c;1;STDC_HEADERS;1 && STDC_HEADERS;artifact;1655;1658
src/log/log_put.c;1;!STDC_HEADERS;!STDC_HEADERS && 1;else;1659;1659
src/log/log_put.c;1;!STDC_HEADERS;!STDC_HEADERS && 1;artifact;1660;1673
src/log/log_put.c;1;!STDC_HEADERS;!STDC_HEADERS && 1;endif;1674;1674
src/log/log_put.c;1;1;1;artifact;1675;1717
src/log/log_put.c;1;STDC_HEADERS;1 && STDC_HEADERS;if;1718;1718
src/log/log_put.c;1;STDC_HEADERS;1 && STDC_HEADERS;artifact;1719;1722
src/log/log_put.c;1;!STDC_HEADERS;!STDC_HEADERS && 1;else;1723;1723
src/log/log_put.c;1;!STDC_HEADERS;!STDC_HEADERS && 1;artifact;1724;1736
src/log/log_put.c;1;!STDC_HEADERS;!STDC_HEADERS && 1;endif;1737;1737
src/log/log_put.c;1;1;1;artifact;1738;1748
src/log/log_put.c;1;STDC_HEADERS;1 && STDC_HEADERS;if;1749;1749
src/log/log_put.c;1;STDC_HEADERS;1 && STDC_HEADERS;artifact;1750;1753
src/log/log_put.c;1;!STDC_HEADERS;!STDC_HEADERS && 1;else;1754;1754
src/log/log_put.c;1;!STDC_HEADERS;!STDC_HEADERS && 1;artifact;1755;1767
src/log/log_put.c;1;!STDC_HEADERS;!STDC_HEADERS && 1;endif;1768;1768
src/log/log_put.c;1;1;1;artifact;1769;1851
src/log/log_put.c;1;DIAGNOSTIC;1 && DIAGNOSTIC;if;1852;1852
src/log/log_put.c;1;DIAGNOSTIC;1 && DIAGNOSTIC;artifact;1853;1857
src/log/log_put.c;1;!DIAGNOSTIC;!DIAGNOSTIC && 1;else;1858;1858
src/log/log_put.c;1;!DIAGNOSTIC;!DIAGNOSTIC && 1;artifact;1859;1859
src/log/log_put.c;1;!DIAGNOSTIC;!DIAGNOSTIC && 1;endif;1860;1860
src/log/log_put.c;1;1;1;artifact;1861;2009
src/log/log_put.c;1;DIAGNOSTIC;1 && DIAGNOSTIC;if;2010;2010
src/log/log_put.c;1;DIAGNOSTIC;1 && DIAGNOSTIC;artifact;2011;2021
src/log/log_put.c;1;DIAGNOSTIC;1 && DIAGNOSTIC;endif;2022;2022
src/log/log_put.c;1;1;1;artifact;2023;2027
src/log/log_put.c;1;LOG_DIAGNOSTIC;1 && LOG_DIAGNOSTIC;if;2028;2028
src/log/log_put.c;1;LOG_DIAGNOSTIC;1 && LOG_DIAGNOSTIC;artifact;2029;2031
src/log/log_put.c;1;LOG_DIAGNOSTIC;1 && LOG_DIAGNOSTIC;endif;2032;2032
src/log/log_put.c;1;1;1;artifact;2033;2033
src/log/log_put.c;1;DIAGNOSTIC;1 && DIAGNOSTIC;if;2034;2034
src/log/log_put.c;1;DIAGNOSTIC;1 && DIAGNOSTIC;artifact;2035;2035
src/log/log_put.c;1;!DIAGNOSTIC;!DIAGNOSTIC && 1;else;2036;2036
src/log/log_put.c;1;!DIAGNOSTIC;!DIAGNOSTIC && 1;artifact;2037;2038
src/log/log_put.c;1;!DIAGNOSTIC;!DIAGNOSTIC && 1;endif;2039;2039
src/log/log_put.c;1;1;1;artifact;2040;2042
src/log/log_stat.c;1;1;1;ROOT;1;338
src/log/log_stat.c;1;1;1;artifact;1;14
src/log/log_stat.c;1;HAVE_STATISTICS;1 && HAVE_STATISTICS;if;15;15
src/log/log_stat.c;1;HAVE_STATISTICS;1 && HAVE_STATISTICS;artifact;16;312
src/log/log_stat.c;1;!HAVE_STATISTICS;!HAVE_STATISTICS && 1;else;313;313
src/log/log_stat.c;1;!HAVE_STATISTICS;!HAVE_STATISTICS && 1;artifact;314;335
src/log/log_stat.c;1;!HAVE_STATISTICS;!HAVE_STATISTICS && 1;endif;336;336
src/log/log_stat.c;1;1;1;artifact;337;337
src/log/log_verify.c;1;1;1;ROOT;1;439
src/log/log_verify.c;1;1;1;artifact;1;371
src/log/log_verify.c;1;HAVE_HASH;1 && HAVE_HASH;if;372;372
src/log/log_verify.c;1;HAVE_HASH;1 && HAVE_HASH;artifact;373;374
src/log/log_verify.c;1;HAVE_HASH;1 && HAVE_HASH;endif;375;375
src/log/log_verify.c;1;HAVE_HEAP;1 && HAVE_HEAP;if;376;376
src/log/log_verify.c;1;HAVE_HEAP;1 && HAVE_HEAP;artifact;377;378
src/log/log_verify.c;1;HAVE_HEAP;1 && HAVE_HEAP;endif;379;379
src/log/log_verify.c;1;HAVE_QUEUE;1 && HAVE_QUEUE;if;380;380
src/log/log_verify.c;1;HAVE_QUEUE;1 && HAVE_QUEUE;artifact;381;382
src/log/log_verify.c;1;HAVE_QUEUE;1 && HAVE_QUEUE;endif;383;383
src/log/log_verify.c;1;1;1;artifact;384;438
src/log/log_verify_auto.c;1;1;1;ROOT;1;320
src/log/log_verify_auto.c;1;1;1;artifact;1;187
src/log/log_verify_auto.c;1;HAVE_HASH;1 && HAVE_HASH;if;188;188
src/log/log_verify_auto.c;1;HAVE_HASH;1 && HAVE_HASH;artifact;189;234
src/log/log_verify_auto.c;1;HAVE_HASH;1 && HAVE_HASH;endif;235;235
src/log/log_verify_auto.c;1;HAVE_HEAP;1 && HAVE_HEAP;if;236;236
src/log/log_verify_auto.c;1;HAVE_HEAP;1 && HAVE_HEAP;artifact;237;260
src/log/log_verify_auto.c;1;HAVE_HEAP;1 && HAVE_HEAP;endif;261;261
src/log/log_verify_auto.c;1;HAVE_QUEUE;1 && HAVE_QUEUE;if;262;262
src/log/log_verify_auto.c;1;HAVE_QUEUE;1 && HAVE_QUEUE;artifact;263;290
src/log/log_verify_auto.c;1;HAVE_QUEUE;1 && HAVE_QUEUE;endif;291;291
src/log/log_verify_auto.c;1;1;1;artifact;292;319
src/log/log_verify_int.c;1;1;1;ROOT;1;4355
src/log/log_verify_int.c;1;1;1;artifact;1;2504
src/log/log_verify_int.c;1;HAVE_HASH;1 && HAVE_HASH;if;2505;2505
src/log/log_verify_int.c;1;HAVE_HASH;1 && HAVE_HASH;artifact;2506;2994
src/log/log_verify_int.c;1;HAVE_HASH;1 && HAVE_HASH;endif;2995;2995
src/log/log_verify_int.c;1;1;1;artifact;2996;2996
src/log/log_verify_int.c;1;HAVE_HEAP;1 && HAVE_HEAP;if;2997;2997
src/log/log_verify_int.c;1;HAVE_HEAP;1 && HAVE_HEAP;artifact;2998;3133
src/log/log_verify_int.c;1;HAVE_HEAP;1 && HAVE_HEAP;endif;3134;3134
src/log/log_verify_int.c;1;1;1;artifact;3135;3135
src/log/log_verify_int.c;1;HAVE_QUEUE;1 && HAVE_QUEUE;if;3136;3136
src/log/log_verify_int.c;1;HAVE_QUEUE;1 && HAVE_QUEUE;artifact;3137;3315
src/log/log_verify_int.c;1;HAVE_QUEUE;1 && HAVE_QUEUE;endif;3316;3316
src/log/log_verify_int.c;1;1;1;artifact;3317;4354
src/log/log_verify_stub.c;1;1;1;ROOT;1;81
src/log/log_verify_stub.c;1;1;1;artifact;1;8
src/log/log_verify_stub.c;1;!HAVE_VERIFY;1 && !HAVE_VERIFY;if;9;9
src/log/log_verify_stub.c;1;!HAVE_VERIFY;1 && !HAVE_VERIFY;artifact;10;78
src/log/log_verify_stub.c;1;!HAVE_VERIFY;1 && !HAVE_VERIFY;endif;79;79
src/log/log_verify_stub.c;1;1;1;artifact;80;80
src/log/log_verify_util.c;1;1;1;ROOT;1;2236
src/log/log_verify_util.c;1;1;1;artifact;1;2193
src/log/log_verify_util.c;1;HAVE_HASH;1 && HAVE_HASH;if;2194;2194
src/log/log_verify_util.c;1;HAVE_HASH;1 && HAVE_HASH;artifact;2195;2207
src/log/log_verify_util.c;1;HAVE_HASH;1 && HAVE_HASH;endif;2208;2208
src/log/log_verify_util.c;1;HAVE_QUEUE;1 && HAVE_QUEUE;if;2209;2209
src/log/log_verify_util.c;1;HAVE_QUEUE;1 && HAVE_QUEUE;artifact;2210;2214
src/log/log_verify_util.c;1;HAVE_QUEUE;1 && HAVE_QUEUE;endif;2215;2215
src/log/log_verify_util.c;1;1;1;artifact;2216;2235
src/mp/mp_alloc.c;1;1;1;ROOT;1;726
src/mp/mp_alloc.c;1;1;1;artifact;1;19
src/mp/mp_alloc.c;1;!DEFINED___LB__MPOOL_ALLOC_SEARCH_LIMIT__RB__;1 && !DEFINED___LB__MPOOL_ALLOC_SEARCH_LIMIT__RB__;if;20;20
src/mp/mp_alloc.c;1;!DEFINED___LB__MPOOL_ALLOC_SEARCH_LIMIT__RB__;1 && !DEFINED___LB__MPOOL_ALLOC_SEARCH_LIMIT__RB__;artifact;21;21
src/mp/mp_alloc.c;1;!DEFINED___LB__MPOOL_ALLOC_SEARCH_LIMIT__RB__;1 && !DEFINED___LB__MPOOL_ALLOC_SEARCH_LIMIT__RB__;endif;22;22
src/mp/mp_alloc.c;1;1;1;artifact;23;120
src/mp/mp_alloc.c;1;HAVE_STATISTICS;1 && HAVE_STATISTICS;if;121;121
src/mp/mp_alloc.c;1;HAVE_STATISTICS;1 && HAVE_STATISTICS;artifact;122;139
src/mp/mp_alloc.c;1;HAVE_STATISTICS;1 && HAVE_STATISTICS;endif;140;140
src/mp/mp_alloc.c;1;1;1;artifact;141;313
src/mp/mp_alloc.c;1;MPOOL_ALLOC_SEARCH_DYN;1 && MPOOL_ALLOC_SEARCH_DYN;if;314;314
src/mp/mp_alloc.c;1;MPOOL_ALLOC_SEARCH_DYN;1 && MPOOL_ALLOC_SEARCH_DYN;artifact;315;317
src/mp/mp_alloc.c;1;MPOOL_ALLOC_SEARCH_DYN;1 && MPOOL_ALLOC_SEARCH_DYN;endif;318;318
src/mp/mp_alloc.c;1;1;1;artifact;319;342
src/mp/mp_alloc.c;1;MPOOL_ALLOC_SEARCH_DYN;1 && MPOOL_ALLOC_SEARCH_DYN;if;343;343
src/mp/mp_alloc.c;1;MPOOL_ALLOC_SEARCH_DYN;1 && MPOOL_ALLOC_SEARCH_DYN;artifact;344;346
src/mp/mp_alloc.c;1;MPOOL_ALLOC_SEARCH_DYN;1 && MPOOL_ALLOC_SEARCH_DYN;endif;347;347
src/mp/mp_alloc.c;1;1;1;artifact;348;725
src/mp/mp_backup.c;1;1;1;ROOT;1;335
src/mp/mp_backup.c;1;1;1;artifact;1;12
src/mp/mp_backup.c;1;!HAVE_ATOMICFILEREAD;1 && !HAVE_ATOMICFILEREAD;if;13;13
src/mp/mp_backup.c;1;!HAVE_ATOMICFILEREAD;1 && !HAVE_ATOMICFILEREAD;artifact;14;14
src/mp/mp_backup.c;1;!HAVE_ATOMICFILEREAD;1 && !HAVE_ATOMICFILEREAD;endif;15;15
src/mp/mp_backup.c;1;1;1;artifact;16;16
src/mp/mp_backup.c;1;!HAVE_ATOMICFILEREAD;1 && !HAVE_ATOMICFILEREAD;if;17;17
src/mp/mp_backup.c;1;!HAVE_ATOMICFILEREAD;1 && !HAVE_ATOMICFILEREAD;artifact;18;19
src/mp/mp_backup.c;1;!HAVE_ATOMICFILEREAD;1 && !HAVE_ATOMICFILEREAD;endif;20;20
src/mp/mp_backup.c;1;1;1;artifact;21;39
src/mp/mp_backup.c;1;!HAVE_ATOMICFILEREAD;1 && !HAVE_ATOMICFILEREAD;if;40;40
src/mp/mp_backup.c;1;!HAVE_ATOMICFILEREAD;1 && !HAVE_ATOMICFILEREAD;artifact;41;41
src/mp/mp_backup.c;1;!HAVE_ATOMICFILEREAD;1 && !HAVE_ATOMICFILEREAD;endif;42;42
src/mp/mp_backup.c;1;1;1;artifact;43;79
src/mp/mp_backup.c;1;!HAVE_ATOMICFILEREAD;1 && !HAVE_ATOMICFILEREAD;if;80;80
src/mp/mp_backup.c;1;!HAVE_ATOMICFILEREAD;1 && !HAVE_ATOMICFILEREAD;artifact;81;95
src/mp/mp_backup.c;1;HAVE_ATOMICFILEREAD;HAVE_ATOMICFILEREAD && 1;else;96;96
src/mp/mp_backup.c;1;HAVE_ATOMICFILEREAD;HAVE_ATOMICFILEREAD && 1;artifact;97;97
src/mp/mp_backup.c;1;HAVE_ATOMICFILEREAD;HAVE_ATOMICFILEREAD && 1;endif;98;98
src/mp/mp_backup.c;1;1;1;artifact;99;162
src/mp/mp_backup.c;1;!HAVE_ATOMICFILEREAD;1 && !HAVE_ATOMICFILEREAD;if;163;163
src/mp/mp_backup.c;1;!HAVE_ATOMICFILEREAD;1 && !HAVE_ATOMICFILEREAD;artifact;164;179
src/mp/mp_backup.c;1;!HAVE_ATOMICFILEREAD;1 && !HAVE_ATOMICFILEREAD;endif;180;180
src/mp/mp_backup.c;1;1;1;artifact;181;224
src/mp/mp_backup.c;1;!HAVE_ATOMICFILEREAD;1 && !HAVE_ATOMICFILEREAD;if;225;225
src/mp/mp_backup.c;1;!HAVE_ATOMICFILEREAD;1 && !HAVE_ATOMICFILEREAD;artifact;226;231
src/mp/mp_backup.c;1;HAVE_ATOMICFILEREAD;HAVE_ATOMICFILEREAD && 1;else;232;232
src/mp/mp_backup.c;1;HAVE_ATOMICFILEREAD;HAVE_ATOMICFILEREAD && 1;artifact;233;233
src/mp/mp_backup.c;1;HAVE_ATOMICFILEREAD;HAVE_ATOMICFILEREAD && 1;endif;234;234
src/mp/mp_backup.c;1;1;1;artifact;235;254
src/mp/mp_backup.c;1;!HAVE_ATOMICFILEREAD;1 && !HAVE_ATOMICFILEREAD;if;255;255
src/mp/mp_backup.c;1;!HAVE_ATOMICFILEREAD;1 && !HAVE_ATOMICFILEREAD;artifact;256;256
src/mp/mp_backup.c;1;!HAVE_ATOMICFILEREAD;1 && !HAVE_ATOMICFILEREAD;endif;257;257
src/mp/mp_backup.c;1;1;1;artifact;258;262
src/mp/mp_backup.c;1;!HAVE_ATOMICFILEREAD;1 && !HAVE_ATOMICFILEREAD;if;263;263
src/mp/mp_backup.c;1;!HAVE_ATOMICFILEREAD;1 && !HAVE_ATOMICFILEREAD;artifact;264;267
src/mp/mp_backup.c;1;HAVE_ATOMICFILEREAD;HAVE_ATOMICFILEREAD && 1;else;268;268
src/mp/mp_backup.c;1;HAVE_ATOMICFILEREAD;HAVE_ATOMICFILEREAD && 1;artifact;269;269
src/mp/mp_backup.c;1;HAVE_ATOMICFILEREAD;HAVE_ATOMICFILEREAD && 1;endif;270;270
src/mp/mp_backup.c;1;1;1;artifact;271;277
src/mp/mp_backup.c;1;!HAVE_ATOMICFILEREAD;1 && !HAVE_ATOMICFILEREAD;if;278;278
src/mp/mp_backup.c;1;!HAVE_ATOMICFILEREAD;1 && !HAVE_ATOMICFILEREAD;artifact;279;309
src/mp/mp_backup.c;1;!HAVE_ATOMICFILEREAD;1 && !HAVE_ATOMICFILEREAD;endif;310;310
src/mp/mp_backup.c;1;1;1;artifact;311;320
src/mp/mp_backup.c;1;HAVE_ATOMICFILEREAD;1 && HAVE_ATOMICFILEREAD;if;321;321
src/mp/mp_backup.c;1;HAVE_ATOMICFILEREAD;1 && HAVE_ATOMICFILEREAD;artifact;322;323
src/mp/mp_backup.c;1;!HAVE_ATOMICFILEREAD;!HAVE_ATOMICFILEREAD && 1;else;324;324
src/mp/mp_backup.c;1;!HAVE_ATOMICFILEREAD;!HAVE_ATOMICFILEREAD && 1;artifact;325;331
src/mp/mp_backup.c;1;!HAVE_ATOMICFILEREAD;!HAVE_ATOMICFILEREAD && 1;endif;332;332
src/mp/mp_backup.c;1;1;1;artifact;333;334
src/mp/mp_bh.c;1;1;1;ROOT;1;692
src/mp/mp_bh.c;1;1;1;artifact;1;275
src/mp/mp_bh.c;1;DEFINED___LB__DIAGNOSTIC__RB__ || DEFINED___LB__UMRW__RB__;1 && (DEFINED___LB__DIAGNOSTIC__RB__ || DEFINED___LB__UMRW__RB__);if;276;276
src/mp/mp_bh.c;1;DEFINED___LB__DIAGNOSTIC__RB__ || DEFINED___LB__UMRW__RB__;1 && (DEFINED___LB__DIAGNOSTIC__RB__ || DEFINED___LB__UMRW__RB__);artifact;277;282
src/mp/mp_bh.c;1;DEFINED___LB__DIAGNOSTIC__RB__ || DEFINED___LB__UMRW__RB__;1 && (DEFINED___LB__DIAGNOSTIC__RB__ || DEFINED___LB__UMRW__RB__);endif;283;283
src/mp/mp_bh.c;1;1;1;artifact;284;356
src/mp/mp_bh.c;1;DIAGNOSTIC;1 && DIAGNOSTIC;if;357;357
src/mp/mp_bh.c;1;DIAGNOSTIC;1 && DIAGNOSTIC;artifact;358;396
src/mp/mp_bh.c;1;DIAGNOSTIC;1 && DIAGNOSTIC;endif;397;397
src/mp/mp_bh.c;1;1;1;artifact;398;398
src/mp/mp_bh.c;1;!HAVE_ATOMICFILEREAD;1 && !HAVE_ATOMICFILEREAD;if;399;399
src/mp/mp_bh.c;1;!HAVE_ATOMICFILEREAD;1 && !HAVE_ATOMICFILEREAD;artifact;400;410
src/mp/mp_bh.c;1;!HAVE_ATOMICFILEREAD;1 && !HAVE_ATOMICFILEREAD;endif;411;411
src/mp/mp_bh.c;1;1;1;artifact;412;434
src/mp/mp_bh.c;1;!HAVE_ATOMICFILEREAD;1 && !HAVE_ATOMICFILEREAD;if;435;435
src/mp/mp_bh.c;1;!HAVE_ATOMICFILEREAD;1 && !HAVE_ATOMICFILEREAD;artifact;436;436
src/mp/mp_bh.c;1;!HAVE_ATOMICFILEREAD;1 && !HAVE_ATOMICFILEREAD;endif;437;437
src/mp/mp_bh.c;1;1;1;artifact;438;442
src/mp/mp_bh.c;1;!HAVE_ATOMICFILEREAD;1 && !HAVE_ATOMICFILEREAD;if;443;443
src/mp/mp_bh.c;1;!HAVE_ATOMICFILEREAD;1 && !HAVE_ATOMICFILEREAD;artifact;444;444
src/mp/mp_bh.c;1;!HAVE_ATOMICFILEREAD;1 && !HAVE_ATOMICFILEREAD;endif;445;445
src/mp/mp_bh.c;1;1;1;artifact;446;572
src/mp/mp_bh.c;1;DIAGNOSTIC;1 && DIAGNOSTIC;if;573;573
src/mp/mp_bh.c;1;DIAGNOSTIC;1 && DIAGNOSTIC;artifact;574;574
src/mp/mp_bh.c;1;DIAGNOSTIC;1 && DIAGNOSTIC;endif;575;575
src/mp/mp_bh.c;1;1;1;artifact;576;578
src/mp/mp_bh.c;1;DIAG_MVCC;1 && DIAG_MVCC;if;579;579
src/mp/mp_bh.c;1;DIAG_MVCC;1 && DIAG_MVCC;artifact;580;580
src/mp/mp_bh.c;1;DIAG_MVCC;1 && DIAG_MVCC;endif;581;581
src/mp/mp_bh.c;1;1;1;artifact;582;588
src/mp/mp_bh.c;1;DIAG_MVCC;1 && DIAG_MVCC;if;589;589
src/mp/mp_bh.c;1;DIAG_MVCC;1 && DIAG_MVCC;artifact;590;591
src/mp/mp_bh.c;1;DIAG_MVCC;1 && DIAG_MVCC;endif;592;592
src/mp/mp_bh.c;1;1;1;artifact;593;691
src/mp/mp_fget.c;1;1;1;ROOT;1;1232
src/mp/mp_fget.c;1;1;1;artifact;1;14
src/mp/mp_fget.c;1;DIAGNOSTIC;1 && DIAGNOSTIC;if;15;15
src/mp/mp_fget.c;1;DIAGNOSTIC;1 && DIAGNOSTIC;artifact;16;18
src/mp/mp_fget.c;1;DIAGNOSTIC;1 && DIAGNOSTIC;endif;19;19
src/mp/mp_fget.c;1;1;1;artifact;20;130
src/mp/mp_fget.c;1;DIAGNOSTIC;1 && DIAGNOSTIC;if;131;131
src/mp/mp_fget.c;1;DIAGNOSTIC;1 && DIAGNOSTIC;artifact;132;133
src/mp/mp_fget.c;1;DIAGNOSTIC;1 && DIAGNOSTIC;endif;134;134
src/mp/mp_fget.c;1;1;1;artifact;135;318
src/mp/mp_fget.c;1;HAVE_SHARED_LATCHES;1 && HAVE_SHARED_LATCHES;if;319;319
src/mp/mp_fget.c;1;HAVE_SHARED_LATCHES;1 && HAVE_SHARED_LATCHES;artifact;320;328
src/mp/mp_fget.c;1;!HAVE_SHARED_LATCHES;!HAVE_SHARED_LATCHES && 1;else;329;329
src/mp/mp_fget.c;1;!HAVE_SHARED_LATCHES;!HAVE_SHARED_LATCHES && 1;artifact;330;330
src/mp/mp_fget.c;1;!HAVE_SHARED_LATCHES;!HAVE_SHARED_LATCHES && 1;endif;331;331
src/mp/mp_fget.c;1;1;1;artifact;332;389
src/mp/mp_fget.c;1;HAVE_STATISTICS;1 && HAVE_STATISTICS;if;390;390
src/mp/mp_fget.c;1;HAVE_STATISTICS;1 && HAVE_STATISTICS;artifact;391;402
src/mp/mp_fget.c;1;HAVE_STATISTICS;1 && HAVE_STATISTICS;endif;403;403
src/mp/mp_fget.c;1;1;1;artifact;404;652
src/mp/mp_fget.c;1;DIAGNOSTIC;1 && DIAGNOSTIC;if;653;653
src/mp/mp_fget.c;1;DIAGNOSTIC;1 && DIAGNOSTIC;artifact;654;659
src/mp/mp_fget.c;1;DIAGNOSTIC;1 && DIAGNOSTIC;endif;660;660
src/mp/mp_fget.c;1;1;1;artifact;661;845
src/mp/mp_fget.c;1;DEFINED___LB__DIAGNOSTIC__RB__ || DEFINED___LB__UMRW__RB__;1 && (DEFINED___LB__DIAGNOSTIC__RB__ || DEFINED___LB__UMRW__RB__);if;846;846
src/mp/mp_fget.c;1;DEFINED___LB__DIAGNOSTIC__RB__ || DEFINED___LB__UMRW__RB__;1 && (DEFINED___LB__DIAGNOSTIC__RB__ || DEFINED___LB__UMRW__RB__);artifact;847;849
src/mp/mp_fget.c;1;DEFINED___LB__DIAGNOSTIC__RB__ || DEFINED___LB__UMRW__RB__;1 && (DEFINED___LB__DIAGNOSTIC__RB__ || DEFINED___LB__UMRW__RB__);endif;850;850
src/mp/mp_fget.c;1;1;1;artifact;851;982
src/mp/mp_fget.c;1;DEFINED___LB__DIAGNOSTIC__RB__ || DEFINED___LB__UMRW__RB__;1 && (DEFINED___LB__DIAGNOSTIC__RB__ || DEFINED___LB__UMRW__RB__);if;983;983
src/mp/mp_fget.c;1;DEFINED___LB__DIAGNOSTIC__RB__ || DEFINED___LB__UMRW__RB__;1 && (DEFINED___LB__DIAGNOSTIC__RB__ || DEFINED___LB__UMRW__RB__);artifact;984;987
src/mp/mp_fget.c;1;DEFINED___LB__DIAGNOSTIC__RB__ || DEFINED___LB__UMRW__RB__;1 && (DEFINED___LB__DIAGNOSTIC__RB__ || DEFINED___LB__UMRW__RB__);endif;988;988
src/mp/mp_fget.c;1;1;1;artifact;989;1071
src/mp/mp_fget.c;1;DIAGNOSTIC;1 && DIAGNOSTIC;if;1072;1072
src/mp/mp_fget.c;1;DIAGNOSTIC;1 && DIAGNOSTIC;artifact;1073;1073
src/mp/mp_fget.c;1;DIAGNOSTIC;1 && DIAGNOSTIC;endif;1074;1074
src/mp/mp_fget.c;1;1;1;artifact;1075;1077
src/mp/mp_fget.c;1;DIAGNOSTIC;1 && DIAGNOSTIC;if;1078;1078
src/mp/mp_fget.c;1;DIAGNOSTIC;1 && DIAGNOSTIC;artifact;1079;1079
src/mp/mp_fget.c;1;DIAGNOSTIC;1 && DIAGNOSTIC;endif;1080;1080
src/mp/mp_fget.c;1;1;1;artifact;1081;1083
src/mp/mp_fget.c;1;HAVE_SHARED_LATCHES;1 && HAVE_SHARED_LATCHES;if;1084;1084
src/mp/mp_fget.c;1;HAVE_SHARED_LATCHES;1 && HAVE_SHARED_LATCHES;artifact;1085;1098
src/mp/mp_fget.c;1;HAVE_SHARED_LATCHES;1 && HAVE_SHARED_LATCHES;endif;1099;1099
src/mp/mp_fget.c;1;1;1;artifact;1100;1105
src/mp/mp_fget.c;1;DIAGNOSTIC;1 && DIAGNOSTIC;if;1106;1106
src/mp/mp_fget.c;1;DIAGNOSTIC;1 && DIAGNOSTIC;artifact;1107;1122
src/mp/mp_fget.c;1;DIAGNOSTIC;1 && DIAGNOSTIC;endif;1123;1123
src/mp/mp_fget.c;1;1;1;artifact;1124;1160
src/mp/mp_fget.c;1;DIAGNOSTIC;1 && DIAGNOSTIC;if;1161;1161
src/mp/mp_fget.c;1;DIAGNOSTIC;1 && DIAGNOSTIC;artifact;1162;1169
src/mp/mp_fget.c;1;DIAGNOSTIC;1 && DIAGNOSTIC;endif;1170;1170
src/mp/mp_fget.c;1;1;1;artifact;1171;1180
src/mp/mp_fget.c;1;DIAGNOSTIC;1 && DIAGNOSTIC;if;1181;1181
src/mp/mp_fget.c;1;DIAGNOSTIC;1 && DIAGNOSTIC;artifact;1182;1192
src/mp/mp_fget.c;1;DIAGNOSTIC;1 && DIAGNOSTIC;endif;1193;1193
src/mp/mp_fget.c;1;1;1;artifact;1194;1231
src/mp/mp_fmethod.c;1;1;1;ROOT;1;591
src/mp/mp_fmethod.c;1;1;1;artifact;1;590
src/mp/mp_fopen.c;1;1;1;ROOT;1;1222
src/mp/mp_fopen.c;1;1;1;artifact;1;856
src/mp/mp_fopen.c;1;!HAVE_ATOMICFILEREAD;1 && !HAVE_ATOMICFILEREAD;if;857;857
src/mp/mp_fopen.c;1;!HAVE_ATOMICFILEREAD;1 && !HAVE_ATOMICFILEREAD;artifact;858;860
src/mp/mp_fopen.c;1;!HAVE_ATOMICFILEREAD;1 && !HAVE_ATOMICFILEREAD;endif;861;861
src/mp/mp_fopen.c;1;1;1;artifact;862;1066
src/mp/mp_fopen.c;1;HAVE_STATISTICS;1 && HAVE_STATISTICS;if;1067;1067
src/mp/mp_fopen.c;1;HAVE_STATISTICS;1 && HAVE_STATISTICS;artifact;1068;1068
src/mp/mp_fopen.c;1;HAVE_STATISTICS;1 && HAVE_STATISTICS;endif;1069;1069
src/mp/mp_fopen.c;1;1;1;artifact;1070;1101
src/mp/mp_fopen.c;1;!HAVE_ATOMICFILEREAD;1 && !HAVE_ATOMICFILEREAD;if;1102;1102
src/mp/mp_fopen.c;1;!HAVE_ATOMICFILEREAD;1 && !HAVE_ATOMICFILEREAD;artifact;1103;1104
src/mp/mp_fopen.c;1;!HAVE_ATOMICFILEREAD;1 && !HAVE_ATOMICFILEREAD;endif;1105;1105
src/mp/mp_fopen.c;1;1;1;artifact;1106;1123
src/mp/mp_fopen.c;1;HAVE_STATISTICS;1 && HAVE_STATISTICS;if;1124;1124
src/mp/mp_fopen.c;1;HAVE_STATISTICS;1 && HAVE_STATISTICS;artifact;1125;1132
src/mp/mp_fopen.c;1;HAVE_STATISTICS;1 && HAVE_STATISTICS;endif;1133;1133
src/mp/mp_fopen.c;1;1;1;artifact;1134;1221
src/mp/mp_fput.c;1;1;1;ROOT;1;376
src/mp/mp_fput.c;1;1;1;artifact;1;106
src/mp/mp_fput.c;1;DIAGNOSTIC;1 && DIAGNOSTIC;if;107;107
src/mp/mp_fput.c;1;DIAGNOSTIC;1 && DIAGNOSTIC;artifact;108;121
src/mp/mp_fput.c;1;DIAGNOSTIC;1 && DIAGNOSTIC;endif;122;122
src/mp/mp_fput.c;1;1;1;artifact;123;197
src/mp/mp_fput.c;1;DIAG_MVCC;1 && DIAG_MVCC;if;198;198
src/mp/mp_fput.c;1;DIAG_MVCC;1 && DIAG_MVCC;artifact;199;202
src/mp/mp_fput.c;1;DIAG_MVCC;1 && DIAG_MVCC;endif;203;203
src/mp/mp_fput.c;1;1;1;artifact;204;375
src/mp/mp_fset.c;1;1;1;ROOT;1;172
src/mp/mp_fset.c;1;1;1;artifact;1;37
src/mp/mp_fset.c;1;DIAG_MVCC;1 && DIAG_MVCC;if;38;38
src/mp/mp_fset.c;1;DIAG_MVCC;1 && DIAG_MVCC;artifact;39;39
src/mp/mp_fset.c;1;DIAG_MVCC;1 && DIAG_MVCC;endif;40;40
src/mp/mp_fset.c;1;1;1;artifact;41;124
src/mp/mp_fset.c;1;DIAGNOSTIC;1 && DIAGNOSTIC;if;125;125
src/mp/mp_fset.c;1;DIAGNOSTIC;1 && DIAGNOSTIC;artifact;126;126
src/mp/mp_fset.c;1;DIAGNOSTIC;1 && DIAGNOSTIC;endif;127;127
src/mp/mp_fset.c;1;1;1;artifact;128;129
src/mp/mp_fset.c;1;DIAGNOSTIC;1 && DIAGNOSTIC;if;130;130
src/mp/mp_fset.c;1;DIAGNOSTIC;1 && DIAGNOSTIC;artifact;131;131
src/mp/mp_fset.c;1;DIAGNOSTIC;1 && DIAGNOSTIC;endif;132;132
src/mp/mp_fset.c;1;1;1;artifact;133;134
src/mp/mp_fset.c;1;DIAG_MVCC;1 && DIAG_MVCC;if;135;135
src/mp/mp_fset.c;1;DIAG_MVCC;1 && DIAG_MVCC;artifact;136;137
src/mp/mp_fset.c;1;DIAG_MVCC;1 && DIAG_MVCC;endif;138;138
src/mp/mp_fset.c;1;1;1;artifact;139;171
src/mp/mp_method.c;1;1;1;ROOT;1;1093
src/mp/mp_method.c;1;1;1;artifact;1;870
src/mp/mp_method.c;1;HAVE_FTRUNCATE;1 && HAVE_FTRUNCATE;if;871;871
src/mp/mp_method.c;1;HAVE_FTRUNCATE;1 && HAVE_FTRUNCATE;artifact;872;873
src/mp/mp_method.c;1;!HAVE_FTRUNCATE;!HAVE_FTRUNCATE && 1;else;874;874
src/mp/mp_method.c;1;!HAVE_FTRUNCATE;!HAVE_FTRUNCATE && 1;artifact;875;876
src/mp/mp_method.c;1;!HAVE_FTRUNCATE;!HAVE_FTRUNCATE && 1;endif;877;877
src/mp/mp_method.c;1;1;1;artifact;878;893
src/mp/mp_method.c;1;HAVE_FTRUNCATE;1 && HAVE_FTRUNCATE;if;894;894
src/mp/mp_method.c;1;HAVE_FTRUNCATE;1 && HAVE_FTRUNCATE;artifact;895;1041
src/mp/mp_method.c;1;HAVE_MIXED_SIZE_ADDRESSING;1 && HAVE_FTRUNCATE && HAVE_MIXED_SIZE_ADDRESSING;if;1042;1042
src/mp/mp_method.c;1;HAVE_MIXED_SIZE_ADDRESSING;1 && HAVE_FTRUNCATE && HAVE_MIXED_SIZE_ADDRESSING;artifact;1043;1048
src/mp/mp_method.c;1;HAVE_MIXED_SIZE_ADDRESSING;1 && HAVE_FTRUNCATE && HAVE_MIXED_SIZE_ADDRESSING;endif;1049;1049
src/mp/mp_method.c;1;HAVE_FTRUNCATE;1 && HAVE_FTRUNCATE;artifact;1050;1067
src/mp/mp_method.c;1;HAVE_FTRUNCATE;1 && HAVE_FTRUNCATE;endif;1068;1068
src/mp/mp_method.c;1;1;1;artifact;1069;1092
src/mp/mp_mvcc.c;1;1;1;ROOT;1;638
src/mp/mp_mvcc.c;1;1;1;artifact;1;273
src/mp/mp_mvcc.c;1;DIAG_MVCC;1 && DIAG_MVCC;if;274;274
src/mp/mp_mvcc.c;1;DIAG_MVCC;1 && DIAG_MVCC;artifact;275;275
src/mp/mp_mvcc.c;1;!DIAG_MVCC;!DIAG_MVCC && 1;else;276;276
src/mp/mp_mvcc.c;1;!DIAG_MVCC;!DIAG_MVCC && 1;artifact;277;277
src/mp/mp_mvcc.c;1;!DIAG_MVCC;!DIAG_MVCC && 1;endif;278;278
src/mp/mp_mvcc.c;1;1;1;artifact;279;383
src/mp/mp_mvcc.c;1;DIAGNOSTIC;1 && DIAGNOSTIC;if;384;384
src/mp/mp_mvcc.c;1;DIAGNOSTIC;1 && DIAGNOSTIC;artifact;385;385
src/mp/mp_mvcc.c;1;DIAGNOSTIC;1 && DIAGNOSTIC;endif;386;386
src/mp/mp_mvcc.c;1;1;1;artifact;387;392
src/mp/mp_mvcc.c;1;HAVE_FTRUNCATE;1 && HAVE_FTRUNCATE;if;393;393
src/mp/mp_mvcc.c;1;HAVE_FTRUNCATE;1 && HAVE_FTRUNCATE;artifact;394;394
src/mp/mp_mvcc.c;1;HAVE_FTRUNCATE;1 && HAVE_FTRUNCATE;endif;395;395
src/mp/mp_mvcc.c;1;1;1;artifact;396;423
src/mp/mp_mvcc.c;1;DIAG_MVCC;1 && DIAG_MVCC;if;424;424
src/mp/mp_mvcc.c;1;DIAG_MVCC;1 && DIAG_MVCC;artifact;425;425
src/mp/mp_mvcc.c;1;!DIAG_MVCC;!DIAG_MVCC && 1;else;426;426
src/mp/mp_mvcc.c;1;!DIAG_MVCC;!DIAG_MVCC && 1;artifact;427;427
src/mp/mp_mvcc.c;1;!DIAG_MVCC;!DIAG_MVCC && 1;endif;428;428
src/mp/mp_mvcc.c;1;1;1;artifact;429;514
src/mp/mp_mvcc.c;1;HAVE_FTRUNCATE;1 && HAVE_FTRUNCATE;if;515;515
src/mp/mp_mvcc.c;1;HAVE_FTRUNCATE;1 && HAVE_FTRUNCATE;artifact;516;540
src/mp/mp_mvcc.c;1;HAVE_FTRUNCATE;1 && HAVE_FTRUNCATE;endif;541;541
src/mp/mp_mvcc.c;1;1;1;artifact;542;609
src/mp/mp_mvcc.c;1;HAVE_STATISTICS;1 && HAVE_STATISTICS;if;610;610
src/mp/mp_mvcc.c;1;HAVE_STATISTICS;1 && HAVE_STATISTICS;artifact;611;616
src/mp/mp_mvcc.c;1;HAVE_STATISTICS;1 && HAVE_STATISTICS;endif;617;617
src/mp/mp_mvcc.c;1;1;1;artifact;618;637
src/mp/mp_region.c;1;1;1;ROOT;1;622
src/mp/mp_region.c;1;1;1;artifact;1;305
src/mp/mp_region.c;1;HAVE_STATISTICS;1 && HAVE_STATISTICS;if;306;306
src/mp/mp_region.c;1;HAVE_STATISTICS;1 && HAVE_STATISTICS;artifact;307;308
src/mp/mp_region.c;1;HAVE_STATISTICS;1 && HAVE_STATISTICS;endif;309;309
src/mp/mp_region.c;1;1;1;artifact;310;621
src/mp/mp_register.c;1;1;1;ROOT;1;118
src/mp/mp_register.c;1;1;1;artifact;1;117
src/mp/mp_resize.c;1;1;1;ROOT;1;607
src/mp/mp_resize.c;1;1;1;artifact;1;606
src/mp/mp_stat.c;1;1;1;ROOT;1;907
src/mp/mp_stat.c;1;1;1;artifact;1;16
src/mp/mp_stat.c;1;HAVE_STATISTICS;1 && HAVE_STATISTICS;if;17;17
src/mp/mp_stat.c;1;HAVE_STATISTICS;1 && HAVE_STATISTICS;artifact;18;858
src/mp/mp_stat.c;1;!HAVE_STATISTICS;!HAVE_STATISTICS && 1;else;859;859
src/mp/mp_stat.c;1;!HAVE_STATISTICS;!HAVE_STATISTICS && 1;artifact;860;883
src/mp/mp_stat.c;1;!HAVE_STATISTICS;!HAVE_STATISTICS && 1;endif;884;884
src/mp/mp_stat.c;1;1;1;artifact;885;906
src/mp/mp_sync.c;1;1;1;ROOT;1;967
src/mp/mp_sync.c;1;1;1;artifact;1;351
src/mp/mp_sync.c;1;DIAGNOSTIC;1 && DIAGNOSTIC;if;352;352
src/mp/mp_sync.c;1;DIAGNOSTIC;1 && DIAGNOSTIC;artifact;353;353
src/mp/mp_sync.c;1;!DIAGNOSTIC;!DIAGNOSTIC && 1;else;354;354
src/mp/mp_sync.c;1;!DIAGNOSTIC;!DIAGNOSTIC && 1;artifact;355;355
src/mp/mp_sync.c;1;!DIAGNOSTIC;!DIAGNOSTIC && 1;endif;356;356
src/mp/mp_sync.c;1;1;1;artifact;357;966
src/mp/mp_trickle.c;1;1;1;ROOT;1;114
src/mp/mp_trickle.c;1;1;1;artifact;1;113
src/mutex/mut_alloc.c;1;1;1;ROOT;1;293
src/mutex/mut_alloc.c;1;1;1;artifact;1;177
src/mutex/mut_alloc.c;1;HAVE_STATISTICS;1 && HAVE_STATISTICS;if;178;178
src/mutex/mut_alloc.c;1;HAVE_STATISTICS;1 && HAVE_STATISTICS;artifact;179;179
src/mutex/mut_alloc.c;1;!HAVE_STATISTICS;!HAVE_STATISTICS && 1;else;180;180
src/mutex/mut_alloc.c;1;!HAVE_STATISTICS;!HAVE_STATISTICS && 1;artifact;181;181
src/mutex/mut_alloc.c;1;!HAVE_STATISTICS;!HAVE_STATISTICS && 1;endif;182;182
src/mutex/mut_alloc.c;1;1;1;artifact;183;292
src/mutex/mut_failchk.c;1;1;1;ROOT;1;78
src/mutex/mut_failchk.c;1;1;1;artifact;1;77
src/mutex/mut_fcntl.c;1;1;1;ROOT;1;250
src/mutex/mut_fcntl.c;1;1;1;artifact;1;62
src/mutex/mut_fcntl.c;1;HAVE_STATISTICS;1 && HAVE_STATISTICS;if;63;63
src/mutex/mut_fcntl.c;1;HAVE_STATISTICS;1 && HAVE_STATISTICS;artifact;64;67
src/mutex/mut_fcntl.c;1;HAVE_STATISTICS;1 && HAVE_STATISTICS;endif;68;68
src/mutex/mut_fcntl.c;1;1;1;artifact;69;148
src/mutex/mut_fcntl.c;1;DIAGNOSTIC;1 && DIAGNOSTIC;if;149;149
src/mutex/mut_fcntl.c;1;DIAGNOSTIC;1 && DIAGNOSTIC;artifact;150;155
src/mutex/mut_fcntl.c;1;DIAGNOSTIC;1 && DIAGNOSTIC;endif;156;156
src/mutex/mut_fcntl.c;1;1;1;artifact;157;213
src/mutex/mut_fcntl.c;1;DIAGNOSTIC;1 && DIAGNOSTIC;if;214;214
src/mutex/mut_fcntl.c;1;DIAGNOSTIC;1 && DIAGNOSTIC;artifact;215;219
src/mutex/mut_fcntl.c;1;DIAGNOSTIC;1 && DIAGNOSTIC;endif;220;220
src/mutex/mut_fcntl.c;1;1;1;artifact;221;249
src/mutex/mut_method.c;1;1;1;ROOT;1;484
src/mutex/mut_method.c;1;1;1;artifact;1;373
src/mutex/mut_method.c;1;!DEFINED___LB__HAVE_ATOMIC_SUPPORT__RB__ && DEFINED___LB__HAVE_MUTEX_SUPPORT__RB__;1 && !DEFINED___LB__HAVE_ATOMIC_SUPPORT__RB__ && DEFINED___LB__HAVE_MUTEX_SUPPORT__RB__;if;374;374
src/mutex/mut_method.c;1;!DEFINED___LB__HAVE_ATOMIC_SUPPORT__RB__ && DEFINED___LB__HAVE_MUTEX_SUPPORT__RB__;1 && !DEFINED___LB__HAVE_ATOMIC_SUPPORT__RB__ && DEFINED___LB__HAVE_MUTEX_SUPPORT__RB__;artifact;375;481
src/mutex/mut_method.c;1;!DEFINED___LB__HAVE_ATOMIC_SUPPORT__RB__ && DEFINED___LB__HAVE_MUTEX_SUPPORT__RB__;1 && !DEFINED___LB__HAVE_ATOMIC_SUPPORT__RB__ && DEFINED___LB__HAVE_MUTEX_SUPPORT__RB__;endif;482;482
src/mutex/mut_method.c;1;1;1;artifact;483;483
src/mutex/mut_pthread.c;1;1;1;ROOT;1;772
src/mutex/mut_pthread.c;1;1;1;artifact;1;18
src/mutex/mut_pthread.c;1;HAVE_MUTEX_SOLARIS_LWP;1 && HAVE_MUTEX_SOLARIS_LWP;if;19;19
src/mutex/mut_pthread.c;1;HAVE_MUTEX_SOLARIS_LWP;1 && HAVE_MUTEX_SOLARIS_LWP;artifact;20;27
src/mutex/mut_pthread.c;1;HAVE_MUTEX_SOLARIS_LWP;1 && HAVE_MUTEX_SOLARIS_LWP;endif;28;28
src/mutex/mut_pthread.c;1;HAVE_MUTEX_UI_THREADS;1 && HAVE_MUTEX_UI_THREADS;if;29;29
src/mutex/mut_pthread.c;1;HAVE_MUTEX_UI_THREADS;1 && HAVE_MUTEX_UI_THREADS;artifact;30;36
src/mutex/mut_pthread.c;1;HAVE_MUTEX_UI_THREADS;1 && HAVE_MUTEX_UI_THREADS;endif;37;37
src/mutex/mut_pthread.c;1;1;1;artifact;38;85
src/mutex/mut_pthread.c;1;!HAVE_MUTEX_HYBRID;1 && !HAVE_MUTEX_HYBRID;if;86;86
src/mutex/mut_pthread.c;1;!HAVE_MUTEX_HYBRID;1 && !HAVE_MUTEX_HYBRID;artifact;87;89
src/mutex/mut_pthread.c;1;!HAVE_MUTEX_HYBRID;1 && !HAVE_MUTEX_HYBRID;endif;90;90
src/mutex/mut_pthread.c;1;1;1;artifact;91;91
src/mutex/mut_pthread.c;1;HAVE_MUTEX_PTHREADS;1 && HAVE_MUTEX_PTHREADS;if;92;92
src/mutex/mut_pthread.c;1;HAVE_MUTEX_PTHREADS;1 && HAVE_MUTEX_PTHREADS;artifact;93;93
src/mutex/mut_pthread.c;1;!HAVE_MUTEX_THREAD_ONLY;1 && HAVE_MUTEX_PTHREADS && !HAVE_MUTEX_THREAD_ONLY;if;94;94
src/mutex/mut_pthread.c;1;!HAVE_MUTEX_THREAD_ONLY;1 && HAVE_MUTEX_PTHREADS && !HAVE_MUTEX_THREAD_ONLY;artifact;95;96
src/mutex/mut_pthread.c;1;!HAVE_MUTEX_THREAD_ONLY;1 && HAVE_MUTEX_PTHREADS && !HAVE_MUTEX_THREAD_ONLY;endif;97;97
src/mutex/mut_pthread.c;1;HAVE_MUTEX_PTHREADS;1 && HAVE_MUTEX_PTHREADS;artifact;98;100
src/mutex/mut_pthread.c;1;!HAVE_MUTEX_HYBRID;1 && HAVE_MUTEX_PTHREADS && !HAVE_MUTEX_HYBRID;if;101;101
src/mutex/mut_pthread.c;1;!HAVE_MUTEX_HYBRID;1 && HAVE_MUTEX_PTHREADS && !HAVE_MUTEX_HYBRID;artifact;102;102
src/mutex/mut_pthread.c;1;DEFINED___LB__HAVE_SHARED_LATCHES__RB__;1 && HAVE_MUTEX_PTHREADS && !HAVE_MUTEX_HYBRID && DEFINED___LB__HAVE_SHARED_LATCHES__RB__;if;103;103
src/mutex/mut_pthread.c;1;DEFINED___LB__HAVE_SHARED_LATCHES__RB__;1 && HAVE_MUTEX_PTHREADS && !HAVE_MUTEX_HYBRID && DEFINED___LB__HAVE_SHARED_LATCHES__RB__;artifact;104;104
src/mutex/mut_pthread.c;1;!HAVE_MUTEX_THREAD_ONLY;1 && HAVE_MUTEX_PTHREADS && !HAVE_MUTEX_HYBRID && DEFINED___LB__HAVE_SHARED_LATCHES__RB__ && !HAVE_MUTEX_THREAD_ONLY;if;105;105
src/mutex/mut_pthread.c;1;!HAVE_MUTEX_THREAD_ONLY;1 && HAVE_MUTEX_PTHREADS && !HAVE_MUTEX_HYBRID && DEFINED___LB__HAVE_SHARED_LATCHES__RB__ && !HAVE_MUTEX_THREAD_ONLY;artifact;106;113
src/mutex/mut_pthread.c;1;!HAVE_MUTEX_THREAD_ONLY;1 && HAVE_MUTEX_PTHREADS && !HAVE_MUTEX_HYBRID && DEFINED___LB__HAVE_SHARED_LATCHES__RB__ && !HAVE_MUTEX_THREAD_ONLY;endif;114;114
src/mutex/mut_pthread.c;1;DEFINED___LB__HAVE_SHARED_LATCHES__RB__;1 && HAVE_MUTEX_PTHREADS && !HAVE_MUTEX_HYBRID && DEFINED___LB__HAVE_SHARED_LATCHES__RB__;artifact;115;124
src/mutex/mut_pthread.c;1;DEFINED___LB__HAVE_SHARED_LATCHES__RB__;1 && HAVE_MUTEX_PTHREADS && !HAVE_MUTEX_HYBRID && DEFINED___LB__HAVE_SHARED_LATCHES__RB__;endif;125;125
src/mutex/mut_pthread.c;1;!HAVE_MUTEX_HYBRID;1 && HAVE_MUTEX_PTHREADS && !HAVE_MUTEX_HYBRID;artifact;126;126
src/mutex/mut_pthread.c;1;!HAVE_MUTEX_HYBRID;1 && HAVE_MUTEX_PTHREADS && !HAVE_MUTEX_HYBRID;endif;127;127
src/mutex/mut_pthread.c;1;!HAVE_MUTEX_THREAD_ONLY;1 && HAVE_MUTEX_PTHREADS && !HAVE_MUTEX_THREAD_ONLY;if;128;128
src/mutex/mut_pthread.c;1;!HAVE_MUTEX_THREAD_ONLY;1 && HAVE_MUTEX_PTHREADS && !HAVE_MUTEX_THREAD_ONLY;artifact;129;136
src/mutex/mut_pthread.c;1;!HAVE_MUTEX_THREAD_ONLY;1 && HAVE_MUTEX_PTHREADS && !HAVE_MUTEX_THREAD_ONLY;endif;137;137
src/mutex/mut_pthread.c;1;HAVE_MUTEX_PTHREADS;1 && HAVE_MUTEX_PTHREADS;artifact;138;147
src/mutex/mut_pthread.c;1;!HAVE_MUTEX_THREAD_ONLY;1 && HAVE_MUTEX_PTHREADS && !HAVE_MUTEX_THREAD_ONLY;if;148;148
src/mutex/mut_pthread.c;1;!HAVE_MUTEX_THREAD_ONLY;1 && HAVE_MUTEX_PTHREADS && !HAVE_MUTEX_THREAD_ONLY;artifact;149;157
src/mutex/mut_pthread.c;1;!HAVE_MUTEX_THREAD_ONLY;1 && HAVE_MUTEX_PTHREADS && !HAVE_MUTEX_THREAD_ONLY;endif;158;158
src/mutex/mut_pthread.c;1;HAVE_MUTEX_PTHREADS;1 && HAVE_MUTEX_PTHREADS;artifact;159;169
src/mutex/mut_pthread.c;1;HAVE_MUTEX_PTHREADS;1 && HAVE_MUTEX_PTHREADS;endif;170;170
src/mutex/mut_pthread.c;1;HAVE_MUTEX_SOLARIS_LWP;1 && HAVE_MUTEX_SOLARIS_LWP;if;171;171
src/mutex/mut_pthread.c;1;HAVE_MUTEX_SOLARIS_LWP;1 && HAVE_MUTEX_SOLARIS_LWP;artifact;172;200
src/mutex/mut_pthread.c;1;HAVE_MUTEX_SOLARIS_LWP;1 && HAVE_MUTEX_SOLARIS_LWP;endif;201;201
src/mutex/mut_pthread.c;1;HAVE_MUTEX_UI_THREADS;1 && HAVE_MUTEX_UI_THREADS;if;202;202
src/mutex/mut_pthread.c;1;HAVE_MUTEX_UI_THREADS;1 && HAVE_MUTEX_UI_THREADS;artifact;203;213
src/mutex/mut_pthread.c;1;HAVE_MUTEX_UI_THREADS;1 && HAVE_MUTEX_UI_THREADS;endif;214;214
src/mutex/mut_pthread.c;1;1;1;artifact;215;306
src/mutex/mut_pthread.c;1;MUTEX_DIAG;1 && MUTEX_DIAG;if;307;307
src/mutex/mut_pthread.c;1;MUTEX_DIAG;1 && MUTEX_DIAG;artifact;308;309
src/mutex/mut_pthread.c;1;MUTEX_DIAG;1 && MUTEX_DIAG;endif;310;310
src/mutex/mut_pthread.c;1;1;1;artifact;311;322
src/mutex/mut_pthread.c;1;MUTEX_DIAG;1 && MUTEX_DIAG;if;323;323
src/mutex/mut_pthread.c;1;MUTEX_DIAG;1 && MUTEX_DIAG;artifact;324;325
src/mutex/mut_pthread.c;1;MUTEX_DIAG;1 && MUTEX_DIAG;endif;326;326
src/mutex/mut_pthread.c;1;1;1;artifact;327;336
src/mutex/mut_pthread.c;1;ETIME;1 && ETIME;if;337;337
src/mutex/mut_pthread.c;1;ETIME;1 && ETIME;artifact;338;338
src/mutex/mut_pthread.c;1;ETIME;1 && ETIME;endif;339;339
src/mutex/mut_pthread.c;1;1;1;artifact;340;354
src/mutex/mut_pthread.c;1;!HAVE_MUTEX_HYBRID;1 && !HAVE_MUTEX_HYBRID;if;355;355
src/mutex/mut_pthread.c;1;!HAVE_MUTEX_HYBRID;1 && !HAVE_MUTEX_HYBRID;artifact;356;387
src/mutex/mut_pthread.c;1;DEFINED___LB__HAVE_STATISTICS__RB__;1 && !HAVE_MUTEX_HYBRID && DEFINED___LB__HAVE_STATISTICS__RB__;if;388;388
src/mutex/mut_pthread.c;1;DEFINED___LB__HAVE_STATISTICS__RB__;1 && !HAVE_MUTEX_HYBRID && DEFINED___LB__HAVE_STATISTICS__RB__;artifact;389;400
src/mutex/mut_pthread.c;1;DEFINED___LB__HAVE_STATISTICS__RB__;1 && !HAVE_MUTEX_HYBRID && DEFINED___LB__HAVE_STATISTICS__RB__;endif;401;401
src/mutex/mut_pthread.c;1;!HAVE_MUTEX_HYBRID;1 && !HAVE_MUTEX_HYBRID;artifact;402;433
src/mutex/mut_pthread.c;1;DIAGNOSTIC;1 && !HAVE_MUTEX_HYBRID && DIAGNOSTIC;if;434;434
src/mutex/mut_pthread.c;1;DIAGNOSTIC;1 && !HAVE_MUTEX_HYBRID && DIAGNOSTIC;artifact;435;444
src/mutex/mut_pthread.c;1;DIAGNOSTIC;1 && !HAVE_MUTEX_HYBRID && DIAGNOSTIC;endif;445;445
src/mutex/mut_pthread.c;1;!HAVE_MUTEX_HYBRID;1 && !HAVE_MUTEX_HYBRID;artifact;446;449
src/mutex/mut_pthread.c;1;DIAGNOSTIC;1 && !HAVE_MUTEX_HYBRID && DIAGNOSTIC;if;450;450
src/mutex/mut_pthread.c;1;DIAGNOSTIC;1 && !HAVE_MUTEX_HYBRID && DIAGNOSTIC;artifact;451;456
src/mutex/mut_pthread.c;1;DIAGNOSTIC;1 && !HAVE_MUTEX_HYBRID && DIAGNOSTIC;endif;457;457
src/mutex/mut_pthread.c;1;!HAVE_MUTEX_HYBRID;1 && !HAVE_MUTEX_HYBRID;artifact;458;463
src/mutex/mut_pthread.c;1;!HAVE_MUTEX_HYBRID;1 && !HAVE_MUTEX_HYBRID;endif;464;464
src/mutex/mut_pthread.c;1;1;1;artifact;465;465
src/mutex/mut_pthread.c;1;DEFINED___LB__HAVE_SHARED_LATCHES__RB__ && !DEFINED___LB__HAVE_MUTEX_HYBRID__RB__;1 && DEFINED___LB__HAVE_SHARED_LATCHES__RB__ && !DEFINED___LB__HAVE_MUTEX_HYBRID__RB__;if;466;466
src/mutex/mut_pthread.c;1;DEFINED___LB__HAVE_SHARED_LATCHES__RB__ && !DEFINED___LB__HAVE_MUTEX_HYBRID__RB__;1 && DEFINED___LB__HAVE_SHARED_LATCHES__RB__ && !DEFINED___LB__HAVE_MUTEX_HYBRID__RB__;artifact;467;493
src/mutex/mut_pthread.c;1;DEFINED___LB__HAVE_STATISTICS__RB__;1 && DEFINED___LB__HAVE_SHARED_LATCHES__RB__ && !DEFINED___LB__HAVE_MUTEX_HYBRID__RB__ && DEFINED___LB__HAVE_STATISTICS__RB__;if;494;494
src/mutex/mut_pthread.c;1;DEFINED___LB__HAVE_STATISTICS__RB__;1 && DEFINED___LB__HAVE_SHARED_LATCHES__RB__ && !DEFINED___LB__HAVE_MUTEX_HYBRID__RB__ && DEFINED___LB__HAVE_STATISTICS__RB__;artifact;495;507
src/mutex/mut_pthread.c;1;DEFINED___LB__HAVE_STATISTICS__RB__;1 && DEFINED___LB__HAVE_SHARED_LATCHES__RB__ && !DEFINED___LB__HAVE_MUTEX_HYBRID__RB__ && DEFINED___LB__HAVE_STATISTICS__RB__;endif;508;508
src/mutex/mut_pthread.c;1;DEFINED___LB__HAVE_SHARED_LATCHES__RB__ && !DEFINED___LB__HAVE_MUTEX_HYBRID__RB__;1 && DEFINED___LB__HAVE_SHARED_LATCHES__RB__ && !DEFINED___LB__HAVE_MUTEX_HYBRID__RB__;artifact;509;516
src/mutex/mut_pthread.c;1;DIAGNOSTIC;1 && DEFINED___LB__HAVE_SHARED_LATCHES__RB__ && !DEFINED___LB__HAVE_MUTEX_HYBRID__RB__ && DIAGNOSTIC;if;517;517
src/mutex/mut_pthread.c;1;DIAGNOSTIC;1 && DEFINED___LB__HAVE_SHARED_LATCHES__RB__ && !DEFINED___LB__HAVE_MUTEX_HYBRID__RB__ && DIAGNOSTIC;artifact;518;523
src/mutex/mut_pthread.c;1;DIAGNOSTIC;1 && DEFINED___LB__HAVE_SHARED_LATCHES__RB__ && !DEFINED___LB__HAVE_MUTEX_HYBRID__RB__ && DIAGNOSTIC;endif;524;524
src/mutex/mut_pthread.c;1;DEFINED___LB__HAVE_SHARED_LATCHES__RB__ && !DEFINED___LB__HAVE_MUTEX_HYBRID__RB__;1 && DEFINED___LB__HAVE_SHARED_LATCHES__RB__ && !DEFINED___LB__HAVE_MUTEX_HYBRID__RB__;artifact;525;529
src/mutex/mut_pthread.c;1;DEFINED___LB__HAVE_SHARED_LATCHES__RB__ && !DEFINED___LB__HAVE_MUTEX_HYBRID__RB__;1 && DEFINED___LB__HAVE_SHARED_LATCHES__RB__ && !DEFINED___LB__HAVE_MUTEX_HYBRID__RB__;endif;530;530
src/mutex/mut_pthread.c;1;1;1;artifact;531;531
src/mutex/mut_pthread.c;1;HAVE_MUTEX_HYBRID;1 && HAVE_MUTEX_HYBRID;if;532;532
src/mutex/mut_pthread.c;1;HAVE_MUTEX_HYBRID;1 && HAVE_MUTEX_HYBRID;artifact;533;597
src/mutex/mut_pthread.c;1;DIAGNOSTIC;1 && HAVE_MUTEX_HYBRID && DIAGNOSTIC;if;598;598
src/mutex/mut_pthread.c;1;DIAGNOSTIC;1 && HAVE_MUTEX_HYBRID && DIAGNOSTIC;artifact;599;604
src/mutex/mut_pthread.c;1;DIAGNOSTIC;1 && HAVE_MUTEX_HYBRID && DIAGNOSTIC;endif;605;605
src/mutex/mut_pthread.c;1;HAVE_MUTEX_HYBRID;1 && HAVE_MUTEX_HYBRID;artifact;606;613
src/mutex/mut_pthread.c;1;HAVE_MUTEX_HYBRID;1 && HAVE_MUTEX_HYBRID;endif;614;614
src/mutex/mut_pthread.c;1;1;1;artifact;615;629
src/mutex/mut_pthread.c;1;DEFINED___LB__MUTEX_DIAG__RB__ && DEFINED___LB__HAVE_MUTEX_HYBRID__RB__;1 && DEFINED___LB__MUTEX_DIAG__RB__ && DEFINED___LB__HAVE_MUTEX_HYBRID__RB__;if;630;630
src/mutex/mut_pthread.c;1;DEFINED___LB__MUTEX_DIAG__RB__ && DEFINED___LB__HAVE_MUTEX_HYBRID__RB__;1 && DEFINED___LB__MUTEX_DIAG__RB__ && DEFINED___LB__HAVE_MUTEX_HYBRID__RB__;artifact;631;631
src/mutex/mut_pthread.c;1;DEFINED___LB__MUTEX_DIAG__RB__ && DEFINED___LB__HAVE_MUTEX_HYBRID__RB__;1 && DEFINED___LB__MUTEX_DIAG__RB__ && DEFINED___LB__HAVE_MUTEX_HYBRID__RB__;endif;632;632
src/mutex/mut_pthread.c;1;1;1;artifact;633;639
src/mutex/mut_pthread.c;1;DEFINED___LB__MUTEX_DIAG__RB__ && DEFINED___LB__HAVE_MUTEX_HYBRID__RB__;1 && DEFINED___LB__MUTEX_DIAG__RB__ && DEFINED___LB__HAVE_MUTEX_HYBRID__RB__;if;640;640
src/mutex/mut_pthread.c;1;DEFINED___LB__MUTEX_DIAG__RB__ && DEFINED___LB__HAVE_MUTEX_HYBRID__RB__;1 && DEFINED___LB__MUTEX_DIAG__RB__ && DEFINED___LB__HAVE_MUTEX_HYBRID__RB__;artifact;641;641
src/mutex/mut_pthread.c;1;DEFINED___LB__MUTEX_DIAG__RB__ && DEFINED___LB__HAVE_MUTEX_HYBRID__RB__;1 && DEFINED___LB__MUTEX_DIAG__RB__ && DEFINED___LB__HAVE_MUTEX_HYBRID__RB__;endif;642;642
src/mutex/mut_pthread.c;1;1;1;artifact;643;643
src/mutex/mut_pthread.c;1;!DEFINED___LB__HAVE_MUTEX_HYBRID__RB__ && DEFINED___LB__DIAGNOSTIC__RB__;1 && !DEFINED___LB__HAVE_MUTEX_HYBRID__RB__ && DEFINED___LB__DIAGNOSTIC__RB__;if;644;644
src/mutex/mut_pthread.c;1;!DEFINED___LB__HAVE_MUTEX_HYBRID__RB__ && DEFINED___LB__DIAGNOSTIC__RB__;1 && !DEFINED___LB__HAVE_MUTEX_HYBRID__RB__ && DEFINED___LB__DIAGNOSTIC__RB__;artifact;645;649
src/mutex/mut_pthread.c;1;!DEFINED___LB__HAVE_MUTEX_HYBRID__RB__ && DEFINED___LB__DIAGNOSTIC__RB__;1 && !DEFINED___LB__HAVE_MUTEX_HYBRID__RB__ && DEFINED___LB__DIAGNOSTIC__RB__;endif;650;650
src/mutex/mut_pthread.c;1;1;1;artifact;651;655
src/mutex/mut_pthread.c;1;HAVE_MUTEX_HYBRID;1 && HAVE_MUTEX_HYBRID;if;656;656
src/mutex/mut_pthread.c;1;HAVE_MUTEX_HYBRID;1 && HAVE_MUTEX_HYBRID;artifact;657;658
src/mutex/mut_pthread.c;1;!HAVE_MUTEX_HYBRID;!HAVE_MUTEX_HYBRID && 1;else;659;659
src/mutex/mut_pthread.c;1;!HAVE_MUTEX_HYBRID;!HAVE_MUTEX_HYBRID && 1;artifact;660;660
src/mutex/mut_pthread.c;1;!HAVE_MUTEX_HYBRID;!HAVE_MUTEX_HYBRID && 1;endif;661;661
src/mutex/mut_pthread.c;1;1;1;artifact;662;670
src/mutex/mut_pthread.c;1;!HAVE_MUTEX_HYBRID;1 && !HAVE_MUTEX_HYBRID;if;671;671
src/mutex/mut_pthread.c;1;!HAVE_MUTEX_HYBRID;1 && !HAVE_MUTEX_HYBRID;artifact;672;672
src/mutex/mut_pthread.c;1;!HAVE_MUTEX_HYBRID;1 && !HAVE_MUTEX_HYBRID;endif;673;673
src/mutex/mut_pthread.c;1;1;1;artifact;674;676
src/mutex/mut_pthread.c;1;DEFINED___LB__HAVE_SHARED_LATCHES__RB__ && !DEFINED___LB__HAVE_MUTEX_HYBRID__RB__;1 && DEFINED___LB__HAVE_SHARED_LATCHES__RB__ && !DEFINED___LB__HAVE_MUTEX_HYBRID__RB__;if;677;677
src/mutex/mut_pthread.c;1;DEFINED___LB__HAVE_SHARED_LATCHES__RB__ && !DEFINED___LB__HAVE_MUTEX_HYBRID__RB__;1 && DEFINED___LB__HAVE_SHARED_LATCHES__RB__ && !DEFINED___LB__HAVE_MUTEX_HYBRID__RB__;artifact;678;680
src/mutex/mut_pthread.c;1;DEFINED___LB__HAVE_SHARED_LATCHES__RB__ && !DEFINED___LB__HAVE_MUTEX_HYBRID__RB__;1 && DEFINED___LB__HAVE_SHARED_LATCHES__RB__ && !DEFINED___LB__HAVE_MUTEX_HYBRID__RB__;endif;681;681
src/mutex/mut_pthread.c;1;1;1;artifact;682;687
src/mutex/mut_pthread.c;1;DEFINED___LB__MUTEX_DIAG__RB__ && DEFINED___LB__HAVE_MUTEX_HYBRID__RB__;1 && DEFINED___LB__MUTEX_DIAG__RB__ && DEFINED___LB__HAVE_MUTEX_HYBRID__RB__;if;688;688
src/mutex/mut_pthread.c;1;DEFINED___LB__MUTEX_DIAG__RB__ && DEFINED___LB__HAVE_MUTEX_HYBRID__RB__;1 && DEFINED___LB__MUTEX_DIAG__RB__ && DEFINED___LB__HAVE_MUTEX_HYBRID__RB__;artifact;689;692
src/mutex/mut_pthread.c;1;DEFINED___LB__MUTEX_DIAG__RB__ && DEFINED___LB__HAVE_MUTEX_HYBRID__RB__;1 && DEFINED___LB__MUTEX_DIAG__RB__ && DEFINED___LB__HAVE_MUTEX_HYBRID__RB__;endif;693;693
src/mutex/mut_pthread.c;1;1;1;artifact;694;728
src/mutex/mut_pthread.c;1;!HAVE_MUTEX_HYBRID;1 && !HAVE_MUTEX_HYBRID;if;729;729
src/mutex/mut_pthread.c;1;!HAVE_MUTEX_HYBRID;1 && !HAVE_MUTEX_HYBRID;artifact;730;730
src/mutex/mut_pthread.c;1;DEFINED___LB__HAVE_SHARED_LATCHES__RB__;1 && !HAVE_MUTEX_HYBRID && DEFINED___LB__HAVE_SHARED_LATCHES__RB__;if;731;731
src/mutex/mut_pthread.c;1;DEFINED___LB__HAVE_SHARED_LATCHES__RB__;1 && !HAVE_MUTEX_HYBRID && DEFINED___LB__HAVE_SHARED_LATCHES__RB__;artifact;732;737
src/mutex/mut_pthread.c;1;HAVE_PTHREAD_RWLOCK_REINIT_OKAY;1 && !HAVE_MUTEX_HYBRID && DEFINED___LB__HAVE_SHARED_LATCHES__RB__ && HAVE_PTHREAD_RWLOCK_REINIT_OKAY;if;738;738
src/mutex/mut_pthread.c;1;HAVE_PTHREAD_RWLOCK_REINIT_OKAY;1 && !HAVE_MUTEX_HYBRID && DEFINED___LB__HAVE_SHARED_LATCHES__RB__ && HAVE_PTHREAD_RWLOCK_REINIT_OKAY;artifact;739;739
src/mutex/mut_pthread.c;1;HAVE_PTHREAD_RWLOCK_REINIT_OKAY;1 && !HAVE_MUTEX_HYBRID && DEFINED___LB__HAVE_SHARED_LATCHES__RB__ && HAVE_PTHREAD_RWLOCK_REINIT_OKAY;endif;740;740
src/mutex/mut_pthread.c;1;DEFINED___LB__HAVE_SHARED_LATCHES__RB__;1 && !HAVE_MUTEX_HYBRID && DEFINED___LB__HAVE_SHARED_LATCHES__RB__;artifact;741;744
src/mutex/mut_pthread.c;1;DEFINED___LB__HAVE_SHARED_LATCHES__RB__;1 && !HAVE_MUTEX_HYBRID && DEFINED___LB__HAVE_SHARED_LATCHES__RB__;endif;745;745
src/mutex/mut_pthread.c;1;!HAVE_MUTEX_HYBRID;1 && !HAVE_MUTEX_HYBRID;artifact;746;746
src/mutex/mut_pthread.c;1;!HAVE_MUTEX_HYBRID;1 && !HAVE_MUTEX_HYBRID;endif;747;747
src/mutex/mut_pthread.c;1;1;1;artifact;748;753
src/mutex/mut_pthread.c;1;HAVE_PTHREAD_COND_REINIT_OKAY;1 && HAVE_PTHREAD_COND_REINIT_OKAY;if;754;754
src/mutex/mut_pthread.c;1;HAVE_PTHREAD_COND_REINIT_OKAY;1 && HAVE_PTHREAD_COND_REINIT_OKAY;artifact;755;755
src/mutex/mut_pthread.c;1;HAVE_PTHREAD_COND_REINIT_OKAY;1 && HAVE_PTHREAD_COND_REINIT_OKAY;endif;756;756
src/mutex/mut_pthread.c;1;1;1;artifact;757;771
src/mutex/mut_region.c;1;1;1;ROOT;1;470
src/mutex/mut_region.c;1;1;1;artifact;1;38
src/mutex/mut_region.c;1;!HAVE_ATOMIC_SUPPORT;1 && !HAVE_ATOMIC_SUPPORT;if;39;39
src/mutex/mut_region.c;1;!HAVE_ATOMIC_SUPPORT;1 && !HAVE_ATOMIC_SUPPORT;artifact;40;40
src/mutex/mut_region.c;1;!HAVE_ATOMIC_SUPPORT;1 && !HAVE_ATOMIC_SUPPORT;endif;41;41
src/mutex/mut_region.c;1;1;1;artifact;42;108
src/mutex/mut_region.c;1;!HAVE_ATOMIC_SUPPORT;1 && !HAVE_ATOMIC_SUPPORT;if;109;109
src/mutex/mut_region.c;1;!HAVE_ATOMIC_SUPPORT;1 && !HAVE_ATOMIC_SUPPORT;artifact;110;116
src/mutex/mut_region.c;1;!HAVE_ATOMIC_SUPPORT;1 && !HAVE_ATOMIC_SUPPORT;endif;117;117
src/mutex/mut_region.c;1;1;1;artifact;118;253
src/mutex/mut_region.c;1;HAVE_SHARED_LATCHES;1 && HAVE_SHARED_LATCHES;if;254;254
src/mutex/mut_region.c;1;HAVE_SHARED_LATCHES;1 && HAVE_SHARED_LATCHES;artifact;255;269
src/mutex/mut_region.c;1;HAVE_SHARED_LATCHES;1 && HAVE_SHARED_LATCHES;endif;270;270
src/mutex/mut_region.c;1;1;1;artifact;271;301
src/mutex/mut_region.c;1;HAVE_MUTEX_SYSTEM_RESOURCES;1 && HAVE_MUTEX_SYSTEM_RESOURCES;if;302;302
src/mutex/mut_region.c;1;HAVE_MUTEX_SYSTEM_RESOURCES;1 && HAVE_MUTEX_SYSTEM_RESOURCES;artifact;303;307
src/mutex/mut_region.c;1;HAVE_MUTEX_SYSTEM_RESOURCES;1 && HAVE_MUTEX_SYSTEM_RESOURCES;endif;308;308
src/mutex/mut_region.c;1;1;1;artifact;309;390
src/mutex/mut_region.c;1;HAVE_MUTEX_SYSTEM_RESOURCES;1 && HAVE_MUTEX_SYSTEM_RESOURCES;if;391;391
src/mutex/mut_region.c;1;HAVE_MUTEX_SYSTEM_RESOURCES;1 && HAVE_MUTEX_SYSTEM_RESOURCES;artifact;392;467
src/mutex/mut_region.c;1;HAVE_MUTEX_SYSTEM_RESOURCES;1 && HAVE_MUTEX_SYSTEM_RESOURCES;endif;468;468
src/mutex/mut_region.c;1;1;1;artifact;469;469
src/mutex/mut_stat.c;1;1;1;ROOT;1;581
src/mutex/mut_stat.c;1;1;1;artifact;1;14
src/mutex/mut_stat.c;1;HAVE_STATISTICS;1 && HAVE_STATISTICS;if;15;15
src/mutex/mut_stat.c;1;HAVE_STATISTICS;1 && HAVE_STATISTICS;artifact;16;378
src/mutex/mut_stat.c;1;DEFINED___LB__HAVE_SHARED_LATCHES__RB__ && (DEFINED___LB__HAVE_MUTEX_HYBRID__RB__ || !DEFINED___LB__HAVE_MUTEX_PTHREADS__RB__);1 && HAVE_STATISTICS && DEFINED___LB__HAVE_SHARED_LATCHES__RB__ && (DEFINED___LB__HAVE_MUTEX_HYBRID__RB__ || !DEFINED___LB__HAVE_MUTEX_PTHREADS__RB__);if;379;380
src/mutex/mut_stat.c;1;DEFINED___LB__HAVE_SHARED_LATCHES__RB__ && (DEFINED___LB__HAVE_MUTEX_HYBRID__RB__ || !DEFINED___LB__HAVE_MUTEX_PTHREADS__RB__);1 && HAVE_STATISTICS && DEFINED___LB__HAVE_SHARED_LATCHES__RB__ && (DEFINED___LB__HAVE_MUTEX_HYBRID__RB__ || !DEFINED___LB__HAVE_MUTEX_PTHREADS__RB__);artifact;381;381
src/mutex/mut_stat.c;1;DEFINED___LB__HAVE_SHARED_LATCHES__RB__ && (DEFINED___LB__HAVE_MUTEX_HYBRID__RB__ || !DEFINED___LB__HAVE_MUTEX_PTHREADS__RB__);1 && HAVE_STATISTICS && DEFINED___LB__HAVE_SHARED_LATCHES__RB__ && (DEFINED___LB__HAVE_MUTEX_HYBRID__RB__ || !DEFINED___LB__HAVE_MUTEX_PTHREADS__RB__);endif;382;382
src/mutex/mut_stat.c;1;HAVE_STATISTICS;1 && HAVE_STATISTICS;artifact;383;405
src/mutex/mut_stat.c;1;DEFINED___LB__HAVE_SHARED_LATCHES__RB__;1 && HAVE_STATISTICS && DEFINED___LB__HAVE_SHARED_LATCHES__RB__;if;406;406
src/mutex/mut_stat.c;1;DEFINED___LB__HAVE_SHARED_LATCHES__RB__;1 && HAVE_STATISTICS && DEFINED___LB__HAVE_SHARED_LATCHES__RB__;artifact;407;420
src/mutex/mut_stat.c;1;DEFINED___LB__HAVE_SHARED_LATCHES__RB__;1 && HAVE_STATISTICS && DEFINED___LB__HAVE_SHARED_LATCHES__RB__;endif;421;421
src/mutex/mut_stat.c;1;HAVE_STATISTICS;1 && HAVE_STATISTICS;artifact;422;427
src/mutex/mut_stat.c;1;DEFINED___LB__HAVE_SHARED_LATCHES__RB__ && (DEFINED___LB__HAVE_MUTEX_HYBRID__RB__ || !DEFINED___LB__HAVE_MUTEX_PTHREADS__RB__);1 && HAVE_STATISTICS && DEFINED___LB__HAVE_SHARED_LATCHES__RB__ && (DEFINED___LB__HAVE_MUTEX_HYBRID__RB__ || !DEFINED___LB__HAVE_MUTEX_PTHREADS__RB__);if;428;429
src/mutex/mut_stat.c;1;DEFINED___LB__HAVE_SHARED_LATCHES__RB__ && (DEFINED___LB__HAVE_MUTEX_HYBRID__RB__ || !DEFINED___LB__HAVE_MUTEX_PTHREADS__RB__);1 && HAVE_STATISTICS && DEFINED___LB__HAVE_SHARED_LATCHES__RB__ && (DEFINED___LB__HAVE_MUTEX_HYBRID__RB__ || !DEFINED___LB__HAVE_MUTEX_PTHREADS__RB__);artifact;430;440
src/mutex/mut_stat.c;1;DEFINED___LB__HAVE_SHARED_LATCHES__RB__ && (DEFINED___LB__HAVE_MUTEX_HYBRID__RB__ || !DEFINED___LB__HAVE_MUTEX_PTHREADS__RB__);1 && HAVE_STATISTICS && DEFINED___LB__HAVE_SHARED_LATCHES__RB__ && (DEFINED___LB__HAVE_MUTEX_HYBRID__RB__ || !DEFINED___LB__HAVE_MUTEX_PTHREADS__RB__);endif;441;441
src/mutex/mut_stat.c;1;HAVE_STATISTICS;1 && HAVE_STATISTICS;artifact;442;444
src/mutex/mut_stat.c;1;HAVE_MUTEX_HYBRID;1 && HAVE_STATISTICS && HAVE_MUTEX_HYBRID;if;445;445
src/mutex/mut_stat.c;1;HAVE_MUTEX_HYBRID;1 && HAVE_STATISTICS && HAVE_MUTEX_HYBRID;artifact;446;448
src/mutex/mut_stat.c;1;HAVE_MUTEX_HYBRID;1 && HAVE_STATISTICS && HAVE_MUTEX_HYBRID;endif;449;449
src/mutex/mut_stat.c;1;HAVE_STATISTICS;1 && HAVE_STATISTICS;artifact;450;547
src/mutex/mut_stat.c;1;HAVE_SHARED_LATCHES;1 && HAVE_STATISTICS && HAVE_SHARED_LATCHES;if;548;548
src/mutex/mut_stat.c;1;HAVE_SHARED_LATCHES;1 && HAVE_STATISTICS && HAVE_SHARED_LATCHES;artifact;549;549
src/mutex/mut_stat.c;1;HAVE_SHARED_LATCHES;1 && HAVE_STATISTICS && HAVE_SHARED_LATCHES;endif;550;550
src/mutex/mut_stat.c;1;HAVE_MUTEX_HYBRID;1 && HAVE_STATISTICS && HAVE_MUTEX_HYBRID;if;551;551
src/mutex/mut_stat.c;1;HAVE_MUTEX_HYBRID;1 && HAVE_STATISTICS && HAVE_MUTEX_HYBRID;artifact;552;552
src/mutex/mut_stat.c;1;HAVE_MUTEX_HYBRID;1 && HAVE_STATISTICS && HAVE_MUTEX_HYBRID;endif;553;553
src/mutex/mut_stat.c;1;HAVE_STATISTICS;1 && HAVE_STATISTICS;artifact;554;555
src/mutex/mut_stat.c;1;!HAVE_STATISTICS;!HAVE_STATISTICS && 1;else;556;556
src/mutex/mut_stat.c;1;!HAVE_STATISTICS;!HAVE_STATISTICS && 1;artifact;557;578
src/mutex/mut_stat.c;1;!HAVE_STATISTICS;!HAVE_STATISTICS && 1;endif;579;579
src/mutex/mut_stat.c;1;1;1;artifact;580;580
src/mutex/mut_stub.c;1;1;1;ROOT;1;254
src/mutex/mut_stub.c;1;1;1;artifact;1;8
src/mutex/mut_stub.c;1;!HAVE_MUTEX_SUPPORT;1 && !HAVE_MUTEX_SUPPORT;if;9;9
src/mutex/mut_stub.c;1;!HAVE_MUTEX_SUPPORT;1 && !HAVE_MUTEX_SUPPORT;artifact;10;251
src/mutex/mut_stub.c;1;!HAVE_MUTEX_SUPPORT;1 && !HAVE_MUTEX_SUPPORT;endif;252;252
src/mutex/mut_stub.c;1;1;1;artifact;253;253
src/mutex/mut_tas.c;1;1;1;ROOT;1;610
src/mutex/mut_tas.c;1;1;1;artifact;1;33
src/mutex/mut_tas.c;1;!HAVE_MUTEX_HYBRID;1 && !HAVE_MUTEX_HYBRID;if;34;34
src/mutex/mut_tas.c;1;!HAVE_MUTEX_HYBRID;1 && !HAVE_MUTEX_HYBRID;artifact;35;35
src/mutex/mut_tas.c;1;!HAVE_MUTEX_HYBRID;1 && !HAVE_MUTEX_HYBRID;endif;36;36
src/mutex/mut_tas.c;1;1;1;artifact;37;47
src/mutex/mut_tas.c;1;HAVE_SHARED_LATCHES;1 && HAVE_SHARED_LATCHES;if;48;48
src/mutex/mut_tas.c;1;HAVE_SHARED_LATCHES;1 && HAVE_SHARED_LATCHES;artifact;49;51
src/mutex/mut_tas.c;1;HAVE_SHARED_LATCHES;1 && HAVE_SHARED_LATCHES;endif;52;52
src/mutex/mut_tas.c;1;1;1;artifact;53;58
src/mutex/mut_tas.c;1;HAVE_MUTEX_HYBRID;1 && HAVE_MUTEX_HYBRID;if;59;59
src/mutex/mut_tas.c;1;HAVE_MUTEX_HYBRID;1 && HAVE_MUTEX_HYBRID;artifact;60;62
src/mutex/mut_tas.c;1;HAVE_MUTEX_HYBRID;1 && HAVE_MUTEX_HYBRID;endif;63;63
src/mutex/mut_tas.c;1;1;1;artifact;64;85
src/mutex/mut_tas.c;1;HAVE_MUTEX_HYBRID;1 && HAVE_MUTEX_HYBRID;if;86;86
src/mutex/mut_tas.c;1;HAVE_MUTEX_HYBRID;1 && HAVE_MUTEX_HYBRID;artifact;87;87
src/mutex/mut_tas.c;1;!HAVE_MUTEX_HYBRID;!HAVE_MUTEX_HYBRID && 1;else;88;88
src/mutex/mut_tas.c;1;!HAVE_MUTEX_HYBRID;!HAVE_MUTEX_HYBRID && 1;artifact;89;90
src/mutex/mut_tas.c;1;!HAVE_MUTEX_HYBRID;!HAVE_MUTEX_HYBRID && 1;endif;91;91
src/mutex/mut_tas.c;1;1;1;artifact;92;103
src/mutex/mut_tas.c;1;HAVE_STATISTICS;1 && HAVE_STATISTICS;if;104;104
src/mutex/mut_tas.c;1;HAVE_STATISTICS;1 && HAVE_STATISTICS;artifact;105;109
src/mutex/mut_tas.c;1;HAVE_STATISTICS;1 && HAVE_STATISTICS;endif;110;110
src/mutex/mut_tas.c;1;1;1;artifact;111;111
src/mutex/mut_tas.c;1;!HAVE_MUTEX_HYBRID;1 && !HAVE_MUTEX_HYBRID;if;112;112
src/mutex/mut_tas.c;1;!HAVE_MUTEX_HYBRID;1 && !HAVE_MUTEX_HYBRID;artifact;113;119
src/mutex/mut_tas.c;1;!HAVE_MUTEX_HYBRID;1 && !HAVE_MUTEX_HYBRID;endif;120;120
src/mutex/mut_tas.c;1;1;1;artifact;121;136
src/mutex/mut_tas.c;1;HAVE_MUTEX_S390_CC_ASSEMBLY;1 && HAVE_MUTEX_S390_CC_ASSEMBLY;if;137;137
src/mutex/mut_tas.c;1;HAVE_MUTEX_S390_CC_ASSEMBLY;1 && HAVE_MUTEX_S390_CC_ASSEMBLY;artifact;138;140
src/mutex/mut_tas.c;1;HAVE_MUTEX_S390_CC_ASSEMBLY;1 && HAVE_MUTEX_S390_CC_ASSEMBLY;endif;141;141
src/mutex/mut_tas.c;1;1;1;artifact;142;142
src/mutex/mut_tas.c;1;HAVE_MUTEX_HPPA_MSEM_INIT;1 && HAVE_MUTEX_HPPA_MSEM_INIT;if;143;143
src/mutex/mut_tas.c;1;HAVE_MUTEX_HPPA_MSEM_INIT;1 && HAVE_MUTEX_HPPA_MSEM_INIT;artifact;144;144
src/mutex/mut_tas.c;1;HAVE_MUTEX_HPPA_MSEM_INIT;1 && HAVE_MUTEX_HPPA_MSEM_INIT;endif;145;145
src/mutex/mut_tas.c;1;1;1;artifact;146;170
src/mutex/mut_tas.c;1;HAVE_MUTEX_HPPA_MSEM_INIT;1 && HAVE_MUTEX_HPPA_MSEM_INIT;if;171;171
src/mutex/mut_tas.c;1;HAVE_MUTEX_HPPA_MSEM_INIT;1 && HAVE_MUTEX_HPPA_MSEM_INIT;artifact;172;190
src/mutex/mut_tas.c;1;HAVE_MUTEX_HPPA_MSEM_INIT;1 && HAVE_MUTEX_HPPA_MSEM_INIT;endif;191;191
src/mutex/mut_tas.c;1;DIAGNOSTIC;1 && DIAGNOSTIC;if;192;192
src/mutex/mut_tas.c;1;DIAGNOSTIC;1 && DIAGNOSTIC;artifact;193;201
src/mutex/mut_tas.c;1;DIAGNOSTIC;1 && DIAGNOSTIC;endif;202;202
src/mutex/mut_tas.c;1;1;1;artifact;203;205
src/mutex/mut_tas.c;1;DIAGNOSTIC;1 && DIAGNOSTIC;if;206;206
src/mutex/mut_tas.c;1;DIAGNOSTIC;1 && DIAGNOSTIC;artifact;207;212
src/mutex/mut_tas.c;1;DIAGNOSTIC;1 && DIAGNOSTIC;endif;213;213
src/mutex/mut_tas.c;1;1;1;artifact;214;229
src/mutex/mut_tas.c;1;!HAVE_MUTEX_HYBRID;1 && !HAVE_MUTEX_HYBRID;if;230;230
src/mutex/mut_tas.c;1;!HAVE_MUTEX_HYBRID;1 && !HAVE_MUTEX_HYBRID;artifact;231;235
src/mutex/mut_tas.c;1;!HAVE_MUTEX_HYBRID;1 && !HAVE_MUTEX_HYBRID;endif;236;236
src/mutex/mut_tas.c;1;1;1;artifact;237;250
src/mutex/mut_tas.c;1;DEFINED___LB__HAVE_MUTEX_HYBRID__RB__;1 && DEFINED___LB__HAVE_MUTEX_HYBRID__RB__;if;251;251
src/mutex/mut_tas.c;1;DEFINED___LB__HAVE_MUTEX_HYBRID__RB__;1 && DEFINED___LB__HAVE_MUTEX_HYBRID__RB__;artifact;252;257
src/mutex/mut_tas.c;1;!DEFINED___LB__HAVE_MUTEX_HYBRID__RB__;!DEFINED___LB__HAVE_MUTEX_HYBRID__RB__ && 1;else;258;258
src/mutex/mut_tas.c;1;!DEFINED___LB__HAVE_MUTEX_HYBRID__RB__;!DEFINED___LB__HAVE_MUTEX_HYBRID__RB__ && 1;artifact;259;260
src/mutex/mut_tas.c;1;!DEFINED___LB__HAVE_MUTEX_HYBRID__RB__;!DEFINED___LB__HAVE_MUTEX_HYBRID__RB__ && 1;endif;261;261
src/mutex/mut_tas.c;1;1;1;artifact;262;309
src/mutex/mut_tas.c;1;DEFINED___LB__HAVE_SHARED_LATCHES__RB__;1 && DEFINED___LB__HAVE_SHARED_LATCHES__RB__;if;310;310
src/mutex/mut_tas.c;1;DEFINED___LB__HAVE_SHARED_LATCHES__RB__;1 && DEFINED___LB__HAVE_SHARED_LATCHES__RB__;artifact;311;329
src/mutex/mut_tas.c;1;!HAVE_MUTEX_HYBRID;1 && DEFINED___LB__HAVE_SHARED_LATCHES__RB__ && !HAVE_MUTEX_HYBRID;if;330;330
src/mutex/mut_tas.c;1;!HAVE_MUTEX_HYBRID;1 && DEFINED___LB__HAVE_SHARED_LATCHES__RB__ && !HAVE_MUTEX_HYBRID;artifact;331;331
src/mutex/mut_tas.c;1;!HAVE_MUTEX_HYBRID;1 && DEFINED___LB__HAVE_SHARED_LATCHES__RB__ && !HAVE_MUTEX_HYBRID;endif;332;332
src/mutex/mut_tas.c;1;DEFINED___LB__HAVE_SHARED_LATCHES__RB__;1 && DEFINED___LB__HAVE_SHARED_LATCHES__RB__;artifact;333;344
src/mutex/mut_tas.c;1;HAVE_STATISTICS;1 && DEFINED___LB__HAVE_SHARED_LATCHES__RB__ && HAVE_STATISTICS;if;345;345
src/mutex/mut_tas.c;1;HAVE_STATISTICS;1 && DEFINED___LB__HAVE_SHARED_LATCHES__RB__ && HAVE_STATISTICS;artifact;346;351
src/mutex/mut_tas.c;1;HAVE_STATISTICS;1 && DEFINED___LB__HAVE_SHARED_LATCHES__RB__ && HAVE_STATISTICS;endif;352;352
src/mutex/mut_tas.c;1;DEFINED___LB__HAVE_SHARED_LATCHES__RB__;1 && DEFINED___LB__HAVE_SHARED_LATCHES__RB__;artifact;353;353
src/mutex/mut_tas.c;1;!HAVE_MUTEX_HYBRID;1 && DEFINED___LB__HAVE_SHARED_LATCHES__RB__ && !HAVE_MUTEX_HYBRID;if;354;354
src/mutex/mut_tas.c;1;!HAVE_MUTEX_HYBRID;1 && DEFINED___LB__HAVE_SHARED_LATCHES__RB__ && !HAVE_MUTEX_HYBRID;artifact;355;361
src/mutex/mut_tas.c;1;!HAVE_MUTEX_HYBRID;1 && DEFINED___LB__HAVE_SHARED_LATCHES__RB__ && !HAVE_MUTEX_HYBRID;endif;362;362
src/mutex/mut_tas.c;1;DEFINED___LB__HAVE_SHARED_LATCHES__RB__;1 && DEFINED___LB__HAVE_SHARED_LATCHES__RB__;artifact;363;409
src/mutex/mut_tas.c;1;HAVE_MUTEX_HYBRID;1 && DEFINED___LB__HAVE_SHARED_LATCHES__RB__ && HAVE_MUTEX_HYBRID;if;410;410
src/mutex/mut_tas.c;1;HAVE_MUTEX_HYBRID;1 && DEFINED___LB__HAVE_SHARED_LATCHES__RB__ && HAVE_MUTEX_HYBRID;artifact;411;423
src/mutex/mut_tas.c;1;!HAVE_MUTEX_HYBRID;!HAVE_MUTEX_HYBRID && 1 && DEFINED___LB__HAVE_SHARED_LATCHES__RB__;else;424;424
src/mutex/mut_tas.c;1;!HAVE_MUTEX_HYBRID;!HAVE_MUTEX_HYBRID && 1 && DEFINED___LB__HAVE_SHARED_LATCHES__RB__;artifact;425;429
src/mutex/mut_tas.c;1;!HAVE_MUTEX_HYBRID;!HAVE_MUTEX_HYBRID && 1 && DEFINED___LB__HAVE_SHARED_LATCHES__RB__;endif;430;430
src/mutex/mut_tas.c;1;DEFINED___LB__HAVE_SHARED_LATCHES__RB__;1 && DEFINED___LB__HAVE_SHARED_LATCHES__RB__;artifact;431;473
src/mutex/mut_tas.c;1;DEFINED___LB__HAVE_SHARED_LATCHES__RB__;1 && DEFINED___LB__HAVE_SHARED_LATCHES__RB__;endif;474;474
src/mutex/mut_tas.c;1;1;1;artifact;475;493
src/mutex/mut_tas.c;1;HAVE_MUTEX_HYBRID;1 && HAVE_MUTEX_HYBRID;if;494;494
src/mutex/mut_tas.c;1;HAVE_MUTEX_HYBRID;1 && HAVE_MUTEX_HYBRID;artifact;495;495
src/mutex/mut_tas.c;1;MUTEX_DIAG;1 && HAVE_MUTEX_HYBRID && MUTEX_DIAG;if;496;496
src/mutex/mut_tas.c;1;MUTEX_DIAG;1 && HAVE_MUTEX_HYBRID && MUTEX_DIAG;artifact;497;497
src/mutex/mut_tas.c;1;MUTEX_DIAG;1 && HAVE_MUTEX_HYBRID && MUTEX_DIAG;endif;498;498
src/mutex/mut_tas.c;1;HAVE_MUTEX_HYBRID;1 && HAVE_MUTEX_HYBRID;endif;499;499
src/mutex/mut_tas.c;1;HAVE_SHARED_LATCHES;1 && HAVE_SHARED_LATCHES;if;500;500
src/mutex/mut_tas.c;1;HAVE_SHARED_LATCHES;1 && HAVE_SHARED_LATCHES;artifact;501;501
src/mutex/mut_tas.c;1;HAVE_SHARED_LATCHES;1 && HAVE_SHARED_LATCHES;endif;502;502
src/mutex/mut_tas.c;1;1;1;artifact;503;508
src/mutex/mut_tas.c;1;DEFINED___LB__HAVE_MUTEX_HYBRID__RB__ && DEFINED___LB__MUTEX_DIAG__RB__;1 && DEFINED___LB__HAVE_MUTEX_HYBRID__RB__ && DEFINED___LB__MUTEX_DIAG__RB__;if;509;509
src/mutex/mut_tas.c;1;DEFINED___LB__HAVE_MUTEX_HYBRID__RB__ && DEFINED___LB__MUTEX_DIAG__RB__;1 && DEFINED___LB__HAVE_MUTEX_HYBRID__RB__ && DEFINED___LB__MUTEX_DIAG__RB__;artifact;510;510
src/mutex/mut_tas.c;1;DEFINED___LB__HAVE_MUTEX_HYBRID__RB__ && DEFINED___LB__MUTEX_DIAG__RB__;1 && DEFINED___LB__HAVE_MUTEX_HYBRID__RB__ && DEFINED___LB__MUTEX_DIAG__RB__;endif;511;511
src/mutex/mut_tas.c;1;1;1;artifact;512;512
src/mutex/mut_tas.c;1;DEFINED___LB__DIAGNOSTIC__RB__;1 && DEFINED___LB__DIAGNOSTIC__RB__;if;513;513
src/mutex/mut_tas.c;1;DEFINED___LB__HAVE_SHARED_LATCHES__RB__;1 && DEFINED___LB__DIAGNOSTIC__RB__ && DEFINED___LB__HAVE_SHARED_LATCHES__RB__;if;514;514
src/mutex/mut_tas.c;1;DEFINED___LB__HAVE_SHARED_LATCHES__RB__;1 && DEFINED___LB__DIAGNOSTIC__RB__ && DEFINED___LB__HAVE_SHARED_LATCHES__RB__;artifact;515;522
src/mutex/mut_tas.c;1;DEFINED___LB__HAVE_SHARED_LATCHES__RB__;1 && DEFINED___LB__DIAGNOSTIC__RB__ && DEFINED___LB__HAVE_SHARED_LATCHES__RB__;endif;523;523
src/mutex/mut_tas.c;1;DEFINED___LB__DIAGNOSTIC__RB__;1 && DEFINED___LB__DIAGNOSTIC__RB__;artifact;524;528
src/mutex/mut_tas.c;1;DEFINED___LB__DIAGNOSTIC__RB__;1 && DEFINED___LB__DIAGNOSTIC__RB__;endif;529;529
src/mutex/mut_tas.c;1;1;1;artifact;530;530
src/mutex/mut_tas.c;1;HAVE_SHARED_LATCHES;1 && HAVE_SHARED_LATCHES;if;531;531
src/mutex/mut_tas.c;1;HAVE_SHARED_LATCHES;1 && HAVE_SHARED_LATCHES;artifact;532;548
src/mutex/mut_tas.c;1;HAVE_SHARED_LATCHES;1 && HAVE_SHARED_LATCHES;endif;549;549
src/mutex/mut_tas.c;1;1;1;artifact;550;554
src/mutex/mut_tas.c;1;HAVE_MUTEX_HYBRID;1 && HAVE_MUTEX_HYBRID;if;555;555
src/mutex/mut_tas.c;1;DIAGNOSTIC;1 && HAVE_MUTEX_HYBRID && DIAGNOSTIC;if;556;556
src/mutex/mut_tas.c;1;DIAGNOSTIC;1 && HAVE_MUTEX_HYBRID && DIAGNOSTIC;artifact;557;558
src/mutex/mut_tas.c;1;DIAGNOSTIC;1 && HAVE_MUTEX_HYBRID && DIAGNOSTIC;endif;559;559
src/mutex/mut_tas.c;1;HAVE_MUTEX_HYBRID;1 && HAVE_MUTEX_HYBRID;artifact;560;566
src/mutex/mut_tas.c;1;MUTEX_DIAG;1 && HAVE_MUTEX_HYBRID && MUTEX_DIAG;if;567;567
src/mutex/mut_tas.c;1;MUTEX_DIAG;1 && HAVE_MUTEX_HYBRID && MUTEX_DIAG;artifact;568;571
src/mutex/mut_tas.c;1;MUTEX_DIAG;1 && HAVE_MUTEX_HYBRID && MUTEX_DIAG;endif;572;572
src/mutex/mut_tas.c;1;HAVE_MUTEX_HYBRID;1 && HAVE_MUTEX_HYBRID;endif;573;573
src/mutex/mut_tas.c;1;1;1;artifact;574;589
src/mutex/mut_tas.c;1;HAVE_MUTEX_HYBRID;1 && HAVE_MUTEX_HYBRID;if;590;590
src/mutex/mut_tas.c;1;HAVE_MUTEX_HYBRID;1 && HAVE_MUTEX_HYBRID;artifact;591;591
src/mutex/mut_tas.c;1;HAVE_MUTEX_HYBRID;1 && HAVE_MUTEX_HYBRID;endif;592;592
src/mutex/mut_tas.c;1;1;1;artifact;593;600
src/mutex/mut_tas.c;1;HAVE_MUTEX_HYBRID;1 && HAVE_MUTEX_HYBRID;if;601;601
src/mutex/mut_tas.c;1;HAVE_MUTEX_HYBRID;1 && HAVE_MUTEX_HYBRID;artifact;602;603
src/mutex/mut_tas.c;1;HAVE_MUTEX_HYBRID;1 && HAVE_MUTEX_HYBRID;endif;604;604
src/mutex/mut_tas.c;1;1;1;artifact;605;609
src/mutex/mut_win32.c;1;1;1;ROOT;1;591
src/mutex/mut_win32.c;1;1;1;artifact;1;44
src/mutex/mut_win32.c;1;!DB_WINCE;1 && !DB_WINCE;if;45;45
src/mutex/mut_win32.c;1;!DB_WINCE;1 && !DB_WINCE;artifact;46;57
src/mutex/mut_win32.c;1;!DB_WINCE;1 && !DB_WINCE;endif;58;58
src/mutex/mut_win32.c;1;1;1;artifact;59;94
src/mutex/mut_win32.c;1;MUTEX_DIAG;1 && MUTEX_DIAG;if;95;95
src/mutex/mut_win32.c;1;MUTEX_DIAG;1 && MUTEX_DIAG;artifact;96;96
src/mutex/mut_win32.c;1;MUTEX_DIAG;1 && MUTEX_DIAG;endif;97;97
src/mutex/mut_win32.c;1;1;1;artifact;98;158
src/mutex/mut_win32.c;1;DIAGNOSTIC;1 && DIAGNOSTIC;if;159;159
src/mutex/mut_win32.c;1;DIAGNOSTIC;1 && DIAGNOSTIC;artifact;160;167
src/mutex/mut_win32.c;1;DIAGNOSTIC;1 && DIAGNOSTIC;endif;168;168
src/mutex/mut_win32.c;1;1;1;artifact;169;171
src/mutex/mut_win32.c;1;HAVE_STATISTICS;1 && HAVE_STATISTICS;if;172;172
src/mutex/mut_win32.c;1;HAVE_STATISTICS;1 && HAVE_STATISTICS;artifact;173;176
src/mutex/mut_win32.c;1;HAVE_STATISTICS;1 && HAVE_STATISTICS;endif;177;177
src/mutex/mut_win32.c;1;1;1;artifact;178;180
src/mutex/mut_win32.c;1;MUTEX_DIAG;1 && MUTEX_DIAG;if;181;181
src/mutex/mut_win32.c;1;MUTEX_DIAG;1 && MUTEX_DIAG;artifact;182;188
src/mutex/mut_win32.c;1;MUTEX_DIAG;1 && MUTEX_DIAG;endif;189;189
src/mutex/mut_win32.c;1;1;1;artifact;190;191
src/mutex/mut_win32.c;1;DIAGNOSTIC;1 && DIAGNOSTIC;if;192;192
src/mutex/mut_win32.c;1;DIAGNOSTIC;1 && DIAGNOSTIC;artifact;193;198
src/mutex/mut_win32.c;1;DIAGNOSTIC;1 && DIAGNOSTIC;endif;199;199
src/mutex/mut_win32.c;1;1;1;artifact;200;227
src/mutex/mut_win32.c;1;MUTEX_DIAG;1 && MUTEX_DIAG;if;228;228
src/mutex/mut_win32.c;1;MUTEX_DIAG;1 && MUTEX_DIAG;artifact;229;232
src/mutex/mut_win32.c;1;MUTEX_DIAG;1 && MUTEX_DIAG;endif;233;233
src/mutex/mut_win32.c;1;1;1;artifact;234;301
src/mutex/mut_win32.c;1;DEFINED___LB__HAVE_SHARED_LATCHES__RB__;1 && DEFINED___LB__HAVE_SHARED_LATCHES__RB__;if;302;302
src/mutex/mut_win32.c;1;DEFINED___LB__HAVE_SHARED_LATCHES__RB__;1 && DEFINED___LB__HAVE_SHARED_LATCHES__RB__;artifact;303;320
src/mutex/mut_win32.c;1;MUTEX_DIAG;1 && DEFINED___LB__HAVE_SHARED_LATCHES__RB__ && MUTEX_DIAG;if;321;321
src/mutex/mut_win32.c;1;MUTEX_DIAG;1 && DEFINED___LB__HAVE_SHARED_LATCHES__RB__ && MUTEX_DIAG;artifact;322;322
src/mutex/mut_win32.c;1;MUTEX_DIAG;1 && DEFINED___LB__HAVE_SHARED_LATCHES__RB__ && MUTEX_DIAG;endif;323;323
src/mutex/mut_win32.c;1;DEFINED___LB__HAVE_SHARED_LATCHES__RB__;1 && DEFINED___LB__HAVE_SHARED_LATCHES__RB__;artifact;324;373
src/mutex/mut_win32.c;1;HAVE_STATISTICS;1 && DEFINED___LB__HAVE_SHARED_LATCHES__RB__ && HAVE_STATISTICS;if;374;374
src/mutex/mut_win32.c;1;HAVE_STATISTICS;1 && DEFINED___LB__HAVE_SHARED_LATCHES__RB__ && HAVE_STATISTICS;artifact;375;378
src/mutex/mut_win32.c;1;HAVE_STATISTICS;1 && DEFINED___LB__HAVE_SHARED_LATCHES__RB__ && HAVE_STATISTICS;endif;379;379
src/mutex/mut_win32.c;1;DEFINED___LB__HAVE_SHARED_LATCHES__RB__;1 && DEFINED___LB__HAVE_SHARED_LATCHES__RB__;artifact;380;382
src/mutex/mut_win32.c;1;MUTEX_DIAG;1 && DEFINED___LB__HAVE_SHARED_LATCHES__RB__ && MUTEX_DIAG;if;383;383
src/mutex/mut_win32.c;1;MUTEX_DIAG;1 && DEFINED___LB__HAVE_SHARED_LATCHES__RB__ && MUTEX_DIAG;artifact;384;390
src/mutex/mut_win32.c;1;MUTEX_DIAG;1 && DEFINED___LB__HAVE_SHARED_LATCHES__RB__ && MUTEX_DIAG;endif;391;391
src/mutex/mut_win32.c;1;DEFINED___LB__HAVE_SHARED_LATCHES__RB__;1 && DEFINED___LB__HAVE_SHARED_LATCHES__RB__;artifact;392;393
src/mutex/mut_win32.c;1;DIAGNOSTIC;1 && DEFINED___LB__HAVE_SHARED_LATCHES__RB__ && DIAGNOSTIC;if;394;394
src/mutex/mut_win32.c;1;DIAGNOSTIC;1 && DEFINED___LB__HAVE_SHARED_LATCHES__RB__ && DIAGNOSTIC;artifact;395;400
src/mutex/mut_win32.c;1;DIAGNOSTIC;1 && DEFINED___LB__HAVE_SHARED_LATCHES__RB__ && DIAGNOSTIC;endif;401;401
src/mutex/mut_win32.c;1;DEFINED___LB__HAVE_SHARED_LATCHES__RB__;1 && DEFINED___LB__HAVE_SHARED_LATCHES__RB__;artifact;402;412
src/mutex/mut_win32.c;1;MUTEX_DIAG;1 && DEFINED___LB__HAVE_SHARED_LATCHES__RB__ && MUTEX_DIAG;if;413;413
src/mutex/mut_win32.c;1;MUTEX_DIAG;1 && DEFINED___LB__HAVE_SHARED_LATCHES__RB__ && MUTEX_DIAG;artifact;414;417
src/mutex/mut_win32.c;1;MUTEX_DIAG;1 && DEFINED___LB__HAVE_SHARED_LATCHES__RB__ && MUTEX_DIAG;endif;418;418
src/mutex/mut_win32.c;1;DEFINED___LB__HAVE_SHARED_LATCHES__RB__;1 && DEFINED___LB__HAVE_SHARED_LATCHES__RB__;artifact;419;468
src/mutex/mut_win32.c;1;DEFINED___LB__HAVE_SHARED_LATCHES__RB__;1 && DEFINED___LB__HAVE_SHARED_LATCHES__RB__;endif;469;469
src/mutex/mut_win32.c;1;1;1;artifact;470;485
src/mutex/mut_win32.c;1;MUTEX_DIAG;1 && MUTEX_DIAG;if;486;486
src/mutex/mut_win32.c;1;MUTEX_DIAG;1 && MUTEX_DIAG;artifact;487;487
src/mutex/mut_win32.c;1;MUTEX_DIAG;1 && MUTEX_DIAG;endif;488;488
src/mutex/mut_win32.c;1;1;1;artifact;489;495
src/mutex/mut_win32.c;1;DIAGNOSTIC;1 && DIAGNOSTIC;if;496;496
src/mutex/mut_win32.c;1;DIAGNOSTIC;1 && DIAGNOSTIC;artifact;497;503
src/mutex/mut_win32.c;1;DIAGNOSTIC;1 && DIAGNOSTIC;endif;504;504
src/mutex/mut_win32.c;1;1;1;artifact;505;510
src/mutex/mut_win32.c;1;HAVE_SHARED_LATCHES;1 && HAVE_SHARED_LATCHES;if;511;511
src/mutex/mut_win32.c;1;HAVE_SHARED_LATCHES;1 && HAVE_SHARED_LATCHES;artifact;512;525
src/mutex/mut_win32.c;1;HAVE_SHARED_LATCHES;1 && HAVE_SHARED_LATCHES;endif;526;526
src/mutex/mut_win32.c;1;1;1;artifact;527;535
src/mutex/mut_win32.c;1;MUTEX_DIAG;1 && MUTEX_DIAG;if;536;536
src/mutex/mut_win32.c;1;MUTEX_DIAG;1 && MUTEX_DIAG;artifact;537;540
src/mutex/mut_win32.c;1;MUTEX_DIAG;1 && MUTEX_DIAG;endif;541;541
src/mutex/mut_win32.c;1;1;1;artifact;542;570
src/mutex/mut_win32.c;1;!DB_WINCE;1 && !DB_WINCE;if;571;571
src/mutex/mut_win32.c;1;!DB_WINCE;1 && !DB_WINCE;artifact;572;588
src/mutex/mut_win32.c;1;!DB_WINCE;1 && !DB_WINCE;endif;589;589
src/mutex/mut_win32.c;1;1;1;artifact;590;590
src/mutex/test_mutex.c;1;1;1;ROOT;1;1053
src/mutex/test_mutex.c;1;1;1;artifact;1;14
src/mutex/test_mutex.c;1;DB_WIN32;1 && DB_WIN32;if;15;15
src/mutex/test_mutex.c;1;DB_WIN32;1 && DB_WIN32;artifact;16;30
src/mutex/test_mutex.c;1;!DB_WIN32;!DB_WIN32 && 1;else;31;31
src/mutex/test_mutex.c;1;!DB_WIN32;!DB_WIN32 && 1;artifact;32;46
src/mutex/test_mutex.c;1;!DEFINED___LB__HAVE_MUTEX_FCNTL__RB__ && DEFINED___LB__HAVE_PTHREAD_YIELD__RB__;!DB_WIN32 && 1 && !DEFINED___LB__HAVE_MUTEX_FCNTL__RB__ && DEFINED___LB__HAVE_PTHREAD_YIELD__RB__;if;47;47
src/mutex/test_mutex.c;1;!DEFINED___LB__HAVE_MUTEX_FCNTL__RB__ && DEFINED___LB__HAVE_PTHREAD_YIELD__RB__;!DB_WIN32 && 1 && !DEFINED___LB__HAVE_MUTEX_FCNTL__RB__ && DEFINED___LB__HAVE_PTHREAD_YIELD__RB__;artifact;48;57
src/mutex/test_mutex.c;1;!DEFINED___LB__HAVE_MUTEX_FCNTL__RB__ && DEFINED___LB__HAVE_PTHREAD_YIELD__RB__;!DB_WIN32 && 1 && !DEFINED___LB__HAVE_MUTEX_FCNTL__RB__ && DEFINED___LB__HAVE_PTHREAD_YIELD__RB__;endif;58;58
src/mutex/test_mutex.c;1;!DB_WIN32;!DB_WIN32 && 1;endif;59;59
src/mutex/test_mutex.c;1;1;1;artifact;60;86
src/mutex/test_mutex.c;1;MUTEX_THREAD_TEST;1 && MUTEX_THREAD_TEST;if;87;87
src/mutex/test_mutex.c;1;MUTEX_THREAD_TEST;1 && MUTEX_THREAD_TEST;artifact;88;89
src/mutex/test_mutex.c;1;MUTEX_THREAD_TEST;1 && MUTEX_THREAD_TEST;endif;90;90
src/mutex/test_mutex.c;1;1;1;artifact;91;91
src/mutex/test_mutex.c;1;!HAVE_MMAP;1 && !HAVE_MMAP;if;92;92
src/mutex/test_mutex.c;1;!HAVE_MMAP;1 && !HAVE_MMAP;artifact;93;94
src/mutex/test_mutex.c;1;MUTEX_THREAD_TEST && HAVE_MMAP;MUTEX_THREAD_TEST && HAVE_MMAP && 1;elif;95;95
src/mutex/test_mutex.c;1;MUTEX_THREAD_TEST && HAVE_MMAP;MUTEX_THREAD_TEST && HAVE_MMAP && 1;artifact;96;97
src/mutex/test_mutex.c;1;!MUTEX_THREAD_TEST && HAVE_MMAP;!MUTEX_THREAD_TEST && HAVE_MMAP && 1;else;98;98
src/mutex/test_mutex.c;1;!MUTEX_THREAD_TEST && HAVE_MMAP;!MUTEX_THREAD_TEST && HAVE_MMAP && 1;artifact;99;100
src/mutex/test_mutex.c;1;!MUTEX_THREAD_TEST && HAVE_MMAP;!MUTEX_THREAD_TEST && HAVE_MMAP && 1;endif;101;101
src/mutex/test_mutex.c;1;1;1;artifact;102;163
src/mutex/test_mutex.c;1;!DEFINED___LB__MUTEX_THREAD_TEST__RB__;1 && !DEFINED___LB__MUTEX_THREAD_TEST__RB__;if;164;164
src/mutex/test_mutex.c;1;!DEFINED___LB__MUTEX_THREAD_TEST__RB__;1 && !DEFINED___LB__MUTEX_THREAD_TEST__RB__;artifact;165;170
src/mutex/test_mutex.c;1;!DEFINED___LB__MUTEX_THREAD_TEST__RB__;1 && !DEFINED___LB__MUTEX_THREAD_TEST__RB__;endif;171;171
src/mutex/test_mutex.c;1;1;1;artifact;172;359
src/mutex/test_mutex.c;1;DEFINED___LB__MUTEX_THREAD_TEST__RB__;1 && DEFINED___LB__MUTEX_THREAD_TEST__RB__;if;360;360
src/mutex/test_mutex.c;1;DEFINED___LB__MUTEX_THREAD_TEST__RB__;1 && DEFINED___LB__MUTEX_THREAD_TEST__RB__;artifact;361;380
src/mutex/test_mutex.c;1;!DEFINED___LB__MUTEX_THREAD_TEST__RB__;!DEFINED___LB__MUTEX_THREAD_TEST__RB__ && 1;else;381;381
src/mutex/test_mutex.c;1;!DEFINED___LB__MUTEX_THREAD_TEST__RB__;!DEFINED___LB__MUTEX_THREAD_TEST__RB__ && 1;artifact;382;382
src/mutex/test_mutex.c;1;!DEFINED___LB__MUTEX_THREAD_TEST__RB__;!DEFINED___LB__MUTEX_THREAD_TEST__RB__ && 1;endif;383;383
src/mutex/test_mutex.c;1;1;1;artifact;384;388
src/mutex/test_mutex.c;1;DEFINED___LB__MUTEX_THREAD_TEST__RB__;1 && DEFINED___LB__MUTEX_THREAD_TEST__RB__;if;389;389
src/mutex/test_mutex.c;1;DEFINED___LB__MUTEX_THREAD_TEST__RB__;1 && DEFINED___LB__MUTEX_THREAD_TEST__RB__;artifact;390;402
src/mutex/test_mutex.c;1;DEFINED___LB__MUTEX_THREAD_TEST__RB__;1 && DEFINED___LB__MUTEX_THREAD_TEST__RB__;endif;403;403
src/mutex/test_mutex.c;1;1;1;artifact;404;416
src/mutex/test_mutex.c;1;DEFINED___LB__MUTEX_THREAD_TEST__RB__;1 && DEFINED___LB__MUTEX_THREAD_TEST__RB__;if;417;417
src/mutex/test_mutex.c;1;DEFINED___LB__MUTEX_THREAD_TEST__RB__;1 && DEFINED___LB__MUTEX_THREAD_TEST__RB__;artifact;418;418
src/mutex/test_mutex.c;1;!DEFINED___LB__MUTEX_THREAD_TEST__RB__;!DEFINED___LB__MUTEX_THREAD_TEST__RB__ && 1;else;419;419
src/mutex/test_mutex.c;1;!DEFINED___LB__MUTEX_THREAD_TEST__RB__;!DEFINED___LB__MUTEX_THREAD_TEST__RB__ && 1;artifact;420;420
src/mutex/test_mutex.c;1;!DEFINED___LB__MUTEX_THREAD_TEST__RB__;!DEFINED___LB__MUTEX_THREAD_TEST__RB__ && 1;endif;421;421
src/mutex/test_mutex.c;1;1;1;artifact;422;536
src/mutex/test_mutex.c;1;DEFINED___LB__MUTEX_THREAD_TEST__RB__;1 && DEFINED___LB__MUTEX_THREAD_TEST__RB__;if;537;537
src/mutex/test_mutex.c;1;DEFINED___LB__MUTEX_THREAD_TEST__RB__;1 && DEFINED___LB__MUTEX_THREAD_TEST__RB__;artifact;538;549
src/mutex/test_mutex.c;1;!DEFINED___LB__MUTEX_THREAD_TEST__RB__;!DEFINED___LB__MUTEX_THREAD_TEST__RB__ && 1;else;550;550
src/mutex/test_mutex.c;1;!DEFINED___LB__MUTEX_THREAD_TEST__RB__;!DEFINED___LB__MUTEX_THREAD_TEST__RB__ && 1;artifact;551;551
src/mutex/test_mutex.c;1;!DEFINED___LB__MUTEX_THREAD_TEST__RB__;!DEFINED___LB__MUTEX_THREAD_TEST__RB__ && 1;endif;552;552
src/mutex/test_mutex.c;1;1;1;artifact;553;557
src/mutex/test_mutex.c;1;DEFINED___LB__MUTEX_THREAD_TEST__RB__;1 && DEFINED___LB__MUTEX_THREAD_TEST__RB__;if;558;558
src/mutex/test_mutex.c;1;DEFINED___LB__MUTEX_THREAD_TEST__RB__;1 && DEFINED___LB__MUTEX_THREAD_TEST__RB__;artifact;559;569
src/mutex/test_mutex.c;1;DEFINED___LB__MUTEX_THREAD_TEST__RB__;1 && DEFINED___LB__MUTEX_THREAD_TEST__RB__;endif;570;570
src/mutex/test_mutex.c;1;1;1;artifact;571;588
src/mutex/test_mutex.c;1;DEFINED___LB__MUTEX_THREAD_TEST__RB__;1 && DEFINED___LB__MUTEX_THREAD_TEST__RB__;if;589;589
src/mutex/test_mutex.c;1;DEFINED___LB__MUTEX_THREAD_TEST__RB__;1 && DEFINED___LB__MUTEX_THREAD_TEST__RB__;artifact;590;590
src/mutex/test_mutex.c;1;!DEFINED___LB__MUTEX_THREAD_TEST__RB__;!DEFINED___LB__MUTEX_THREAD_TEST__RB__ && 1;else;591;591
src/mutex/test_mutex.c;1;!DEFINED___LB__MUTEX_THREAD_TEST__RB__;!DEFINED___LB__MUTEX_THREAD_TEST__RB__ && 1;artifact;592;592
src/mutex/test_mutex.c;1;!DEFINED___LB__MUTEX_THREAD_TEST__RB__;!DEFINED___LB__MUTEX_THREAD_TEST__RB__ && 1;endif;593;593
src/mutex/test_mutex.c;1;1;1;artifact;594;819
src/mutex/test_mutex.c;1;HAVE_STATISTICS;1 && HAVE_STATISTICS;if;820;820
src/mutex/test_mutex.c;1;HAVE_STATISTICS;1 && HAVE_STATISTICS;artifact;821;831
src/mutex/test_mutex.c;1;HAVE_STATISTICS;1 && HAVE_STATISTICS;endif;832;832
src/mutex/test_mutex.c;1;1;1;artifact;833;948
src/mutex/test_mutex.c;1;DEFINED___LB__DB_WIN32__RB__;1 && DEFINED___LB__DB_WIN32__RB__;if;949;949
src/mutex/test_mutex.c;1;DEFINED___LB__DB_WIN32__RB__;1 && DEFINED___LB__DB_WIN32__RB__;artifact;950;950
src/mutex/test_mutex.c;1;DEFINED___LB__DB_WIN32__RB__;1 && DEFINED___LB__DB_WIN32__RB__;endif;951;951
src/mutex/test_mutex.c;1;1;1;artifact;952;954
src/mutex/test_mutex.c;1;DEFINED___LB__DB_WIN32__RB__;1 && DEFINED___LB__DB_WIN32__RB__;if;955;955
src/mutex/test_mutex.c;1;DEFINED___LB__DB_WIN32__RB__;1 && DEFINED___LB__DB_WIN32__RB__;artifact;956;968
src/mutex/test_mutex.c;1;!DEFINED___LB__HAVE_VXWORKS__RB__ && !DEFINED___LB__DB_WIN32__RB__;!DEFINED___LB__HAVE_VXWORKS__RB__ && !DEFINED___LB__DB_WIN32__RB__ && 1;elif;969;969
src/mutex/test_mutex.c;1;!DEFINED___LB__HAVE_VXWORKS__RB__ && !DEFINED___LB__DB_WIN32__RB__;!DEFINED___LB__HAVE_VXWORKS__RB__ && !DEFINED___LB__DB_WIN32__RB__ && 1;artifact;970;979
src/mutex/test_mutex.c;1;!DEFINED___LB__HAVE_VXWORKS__RB__ && !DEFINED___LB__DB_WIN32__RB__;!DEFINED___LB__HAVE_VXWORKS__RB__ && !DEFINED___LB__DB_WIN32__RB__ && 1;endif;980;980
src/mutex/test_mutex.c;1;1;1;artifact;981;1025
src/mutex/test_mutex.c;1;HAVE_VXWORKS;1 && HAVE_VXWORKS;if;1026;1026
src/mutex/test_mutex.c;1;HAVE_VXWORKS;1 && HAVE_VXWORKS;artifact;1027;1028
src/mutex/test_mutex.c;1;DEFINED___LB__HAVE_QNX__RB__ && !HAVE_VXWORKS;DEFINED___LB__HAVE_QNX__RB__ && !HAVE_VXWORKS && 1;elif;1029;1029
src/mutex/test_mutex.c;1;DEFINED___LB__HAVE_QNX__RB__ && !HAVE_VXWORKS;DEFINED___LB__HAVE_QNX__RB__ && !HAVE_VXWORKS && 1;artifact;1030;1038
src/mutex/test_mutex.c;1;DEFINED___LB__DB_WIN32__RB__ && !DEFINED___LB__HAVE_QNX__RB__ && !HAVE_VXWORKS;DEFINED___LB__DB_WIN32__RB__ && !DEFINED___LB__HAVE_QNX__RB__ && !HAVE_VXWORKS && 1;elif;1039;1039
src/mutex/test_mutex.c;1;DEFINED___LB__DB_WIN32__RB__ && !DEFINED___LB__HAVE_QNX__RB__ && !HAVE_VXWORKS;DEFINED___LB__DB_WIN32__RB__ && !DEFINED___LB__HAVE_QNX__RB__ && !HAVE_VXWORKS && 1;artifact;1040;1040
src/mutex/test_mutex.c;1;!DEFINED___LB__DB_WIN32__RB__ && !DEFINED___LB__HAVE_QNX__RB__ && !HAVE_VXWORKS;!DEFINED___LB__DB_WIN32__RB__ && !DEFINED___LB__HAVE_QNX__RB__ && !HAVE_VXWORKS && 1;else;1041;1041
src/mutex/test_mutex.c;1;!DEFINED___LB__DB_WIN32__RB__ && !DEFINED___LB__HAVE_QNX__RB__ && !HAVE_VXWORKS;!DEFINED___LB__DB_WIN32__RB__ && !DEFINED___LB__HAVE_QNX__RB__ && !HAVE_VXWORKS && 1;artifact;1042;1049
src/mutex/test_mutex.c;1;!DEFINED___LB__DB_WIN32__RB__ && !DEFINED___LB__HAVE_QNX__RB__ && !HAVE_VXWORKS;!DEFINED___LB__DB_WIN32__RB__ && !DEFINED___LB__HAVE_QNX__RB__ && !HAVE_VXWORKS && 1;endif;1050;1050
src/mutex/test_mutex.c;1;1;1;artifact;1051;1052
src/os/os_abort.c;1;1;1;ROOT;1;35
src/os/os_abort.c;1;1;1;artifact;1;23
src/os/os_abort.c;1;HAVE_ABORT;1 && HAVE_ABORT;if;24;24
src/os/os_abort.c;1;HAVE_ABORT;1 && HAVE_ABORT;artifact;25;26
src/os/os_abort.c;1;HAVE_ABORT;1 && HAVE_ABORT;endif;27;27
src/os/os_abort.c;1;SIGABRT;1 && SIGABRT;if;28;28
src/os/os_abort.c;1;SIGABRT;1 && SIGABRT;artifact;29;29
src/os/os_abort.c;1;SIGABRT;1 && SIGABRT;endif;30;30
src/os/os_abort.c;1;1;1;artifact;31;34
src/os/os_abs.c;1;1;1;ROOT;1;26
src/os/os_abs.c;1;1;1;artifact;1;25
src/os/os_addrinfo.c;1;1;1;ROOT;1;181
src/os/os_addrinfo.c;1;1;1;artifact;1;34
src/os/os_addrinfo.c;1;HAVE_GETADDRINFO;1 && HAVE_GETADDRINFO;if;35;35
src/os/os_addrinfo.c;1;HAVE_GETADDRINFO;1 && HAVE_GETADDRINFO;artifact;36;43
src/os/os_addrinfo.c;1;DB_WIN32;1 && HAVE_GETADDRINFO && DB_WIN32;if;44;44
src/os/os_addrinfo.c;1;DB_WIN32;1 && HAVE_GETADDRINFO && DB_WIN32;artifact;45;45
src/os/os_addrinfo.c;1;!DB_WIN32;!DB_WIN32 && 1 && HAVE_GETADDRINFO;else;46;46
src/os/os_addrinfo.c;1;!DB_WIN32;!DB_WIN32 && 1 && HAVE_GETADDRINFO;artifact;47;47
src/os/os_addrinfo.c;1;!DB_WIN32;!DB_WIN32 && 1 && HAVE_GETADDRINFO;endif;48;48
src/os/os_addrinfo.c;1;HAVE_GETADDRINFO;1 && HAVE_GETADDRINFO;artifact;49;49
src/os/os_addrinfo.c;1;!HAVE_GETADDRINFO;!HAVE_GETADDRINFO && 1;else;50;50
src/os/os_addrinfo.c;1;!HAVE_GETADDRINFO;!HAVE_GETADDRINFO && 1;artifact;51;60
src/os/os_addrinfo.c;1;!INADDR_NONE;!HAVE_GETADDRINFO && 1 && !INADDR_NONE;if;61;61
src/os/os_addrinfo.c;1;!INADDR_NONE;!HAVE_GETADDRINFO && 1 && !INADDR_NONE;artifact;62;62
src/os/os_addrinfo.c;1;!INADDR_NONE;!HAVE_GETADDRINFO && 1 && !INADDR_NONE;endif;63;63
src/os/os_addrinfo.c;1;!HAVE_GETADDRINFO;!HAVE_GETADDRINFO && 1;artifact;64;79
src/os/os_addrinfo.c;1;DB_WIN32;!HAVE_GETADDRINFO && 1 && DB_WIN32;if;80;80
src/os/os_addrinfo.c;1;DB_WIN32;!HAVE_GETADDRINFO && 1 && DB_WIN32;artifact;81;85
src/os/os_addrinfo.c;1;!DB_WIN32;!DB_WIN32 && !HAVE_GETADDRINFO && 1;else;86;86
src/os/os_addrinfo.c;1;!DB_WIN32;!DB_WIN32 && !HAVE_GETADDRINFO && 1;artifact;87;97
src/os/os_addrinfo.c;1;HAVE_HSTRERROR;!DB_WIN32 && !HAVE_GETADDRINFO && 1 && HAVE_HSTRERROR;if;98;98
src/os/os_addrinfo.c;1;HAVE_HSTRERROR;!DB_WIN32 && !HAVE_GETADDRINFO && 1 && HAVE_HSTRERROR;artifact;99;103
src/os/os_addrinfo.c;1;!HAVE_HSTRERROR;!HAVE_HSTRERROR && !DB_WIN32 && !HAVE_GETADDRINFO && 1;else;104;104
src/os/os_addrinfo.c;1;!HAVE_HSTRERROR;!HAVE_HSTRERROR && !DB_WIN32 && !HAVE_GETADDRINFO && 1;artifact;105;109
src/os/os_addrinfo.c;1;!HAVE_HSTRERROR;!HAVE_HSTRERROR && !DB_WIN32 && !HAVE_GETADDRINFO && 1;endif;110;110
src/os/os_addrinfo.c;1;!DB_WIN32;!DB_WIN32 && !HAVE_GETADDRINFO && 1;artifact;111;121
src/os/os_addrinfo.c;1;!DB_WIN32;!DB_WIN32 && !HAVE_GETADDRINFO && 1;endif;122;122
src/os/os_addrinfo.c;1;!HAVE_GETADDRINFO;!HAVE_GETADDRINFO && 1;artifact;123;145
src/os/os_addrinfo.c;1;!HAVE_GETADDRINFO;!HAVE_GETADDRINFO && 1;endif;146;146
src/os/os_addrinfo.c;1;1;1;artifact;147;160
src/os/os_addrinfo.c;1;HAVE_GETADDRINFO;1 && HAVE_GETADDRINFO;if;161;161
src/os/os_addrinfo.c;1;HAVE_GETADDRINFO;1 && HAVE_GETADDRINFO;artifact;162;164
src/os/os_addrinfo.c;1;!HAVE_GETADDRINFO;!HAVE_GETADDRINFO && 1;else;165;165
src/os/os_addrinfo.c;1;!HAVE_GETADDRINFO;!HAVE_GETADDRINFO && 1;artifact;166;177
src/os/os_addrinfo.c;1;!HAVE_GETADDRINFO;!HAVE_GETADDRINFO && 1;endif;178;178
src/os/os_addrinfo.c;1;1;1;artifact;179;180
src/os/os_alloc.c;1;1;1;ROOT;1;466
src/os/os_alloc.c;1;1;1;artifact;1;12
src/os/os_alloc.c;1;DIAGNOSTIC;1 && DIAGNOSTIC;if;13;13
src/os/os_alloc.c;1;DIAGNOSTIC;1 && DIAGNOSTIC;artifact;14;19
src/os/os_alloc.c;1;DIAGNOSTIC;1 && DIAGNOSTIC;endif;20;20
src/os/os_alloc.c;1;1;1;artifact;21;246
src/os/os_alloc.c;1;DIAGNOSTIC;1 && DIAGNOSTIC;if;247;247
src/os/os_alloc.c;1;DIAGNOSTIC;1 && DIAGNOSTIC;artifact;248;249
src/os/os_alloc.c;1;DIAGNOSTIC;1 && DIAGNOSTIC;endif;250;250
src/os/os_alloc.c;1;1;1;artifact;251;271
src/os/os_alloc.c;1;DIAGNOSTIC;1 && DIAGNOSTIC;if;272;272
src/os/os_alloc.c;1;DIAGNOSTIC;1 && DIAGNOSTIC;artifact;273;284
src/os/os_alloc.c;1;DIAGNOSTIC;1 && DIAGNOSTIC;endif;285;285
src/os/os_alloc.c;1;1;1;artifact;286;315
src/os/os_alloc.c;1;DIAGNOSTIC;1 && DIAGNOSTIC;if;316;316
src/os/os_alloc.c;1;DIAGNOSTIC;1 && DIAGNOSTIC;artifact;317;329
src/os/os_alloc.c;1;DIAGNOSTIC;1 && DIAGNOSTIC;endif;330;330
src/os/os_alloc.c;1;1;1;artifact;331;354
src/os/os_alloc.c;1;DIAGNOSTIC;1 && DIAGNOSTIC;if;355;355
src/os/os_alloc.c;1;DIAGNOSTIC;1 && DIAGNOSTIC;artifact;356;359
src/os/os_alloc.c;1;DIAGNOSTIC;1 && DIAGNOSTIC;endif;360;360
src/os/os_alloc.c;1;1;1;artifact;361;377
src/os/os_alloc.c;1;DIAGNOSTIC;1 && DIAGNOSTIC;if;378;378
src/os/os_alloc.c;1;DIAGNOSTIC;1 && DIAGNOSTIC;artifact;379;379
src/os/os_alloc.c;1;DIAGNOSTIC;1 && DIAGNOSTIC;endif;380;380
src/os/os_alloc.c;1;1;1;artifact;381;388
src/os/os_alloc.c;1;DIAGNOSTIC;1 && DIAGNOSTIC;if;389;389
src/os/os_alloc.c;1;DIAGNOSTIC;1 && DIAGNOSTIC;artifact;390;401
src/os/os_alloc.c;1;!DIAGNOSTIC;!DIAGNOSTIC && 1;else;402;402
src/os/os_alloc.c;1;!DIAGNOSTIC;!DIAGNOSTIC && 1;artifact;403;403
src/os/os_alloc.c;1;!DIAGNOSTIC;!DIAGNOSTIC && 1;endif;404;404
src/os/os_alloc.c;1;1;1;artifact;405;411
src/os/os_alloc.c;1;DIAGNOSTIC;1 && DIAGNOSTIC;if;412;412
src/os/os_alloc.c;1;DIAGNOSTIC;1 && DIAGNOSTIC;artifact;413;425
src/os/os_alloc.c;1;DIAGNOSTIC;1 && DIAGNOSTIC;endif;426;426
src/os/os_alloc.c;1;1;1;artifact;427;465
src/os/os_clock.c;1;1;1;ROOT;1;75
src/os/os_clock.c;1;1;1;artifact;1;27
src/os/os_clock.c;1;DEFINED___LB__HAVE_CLOCK_GETTIME__RB__;1 && DEFINED___LB__HAVE_CLOCK_GETTIME__RB__;if;28;28
src/os/os_clock.c;1;DEFINED___LB__HAVE_CLOCK_MONOTONIC__RB__;1 && DEFINED___LB__HAVE_CLOCK_GETTIME__RB__ && DEFINED___LB__HAVE_CLOCK_MONOTONIC__RB__;if;29;29
src/os/os_clock.c;1;DEFINED___LB__HAVE_CLOCK_MONOTONIC__RB__;1 && DEFINED___LB__HAVE_CLOCK_GETTIME__RB__ && DEFINED___LB__HAVE_CLOCK_MONOTONIC__RB__;artifact;30;33
src/os/os_clock.c;1;DEFINED___LB__HAVE_CLOCK_MONOTONIC__RB__;1 && DEFINED___LB__HAVE_CLOCK_GETTIME__RB__ && DEFINED___LB__HAVE_CLOCK_MONOTONIC__RB__;endif;34;34
src/os/os_clock.c;1;DEFINED___LB__HAVE_CLOCK_GETTIME__RB__;1 && DEFINED___LB__HAVE_CLOCK_GETTIME__RB__;artifact;35;42
src/os/os_clock.c;1;DEFINED___LB__HAVE_GETTIMEOFDAY__RB__ && !DEFINED___LB__HAVE_CLOCK_GETTIME__RB__;DEFINED___LB__HAVE_GETTIMEOFDAY__RB__ && !DEFINED___LB__HAVE_CLOCK_GETTIME__RB__ && 1;elif;43;43
src/os/os_clock.c;1;DEFINED___LB__HAVE_GETTIMEOFDAY__RB__ && !DEFINED___LB__HAVE_CLOCK_GETTIME__RB__;DEFINED___LB__HAVE_GETTIMEOFDAY__RB__ && !DEFINED___LB__HAVE_CLOCK_GETTIME__RB__ && 1;artifact;44;53
src/os/os_clock.c;1;DEFINED___LB__HAVE_TIME__RB__ && !DEFINED___LB__HAVE_GETTIMEOFDAY__RB__ && !DEFINED___LB__HAVE_CLOCK_GETTIME__RB__;DEFINED___LB__HAVE_TIME__RB__ && !DEFINED___LB__HAVE_GETTIMEOFDAY__RB__ && !DEFINED___LB__HAVE_CLOCK_GETTIME__RB__ && 1;elif;54;54
src/os/os_clock.c;1;DEFINED___LB__HAVE_TIME__RB__ && !DEFINED___LB__HAVE_GETTIMEOFDAY__RB__ && !DEFINED___LB__HAVE_CLOCK_GETTIME__RB__;DEFINED___LB__HAVE_TIME__RB__ && !DEFINED___LB__HAVE_GETTIMEOFDAY__RB__ && !DEFINED___LB__HAVE_CLOCK_GETTIME__RB__ && 1;artifact;55;64
src/os/os_clock.c;1;!DEFINED___LB__HAVE_TIME__RB__ && !DEFINED___LB__HAVE_GETTIMEOFDAY__RB__ && !DEFINED___LB__HAVE_CLOCK_GETTIME__RB__;!DEFINED___LB__HAVE_TIME__RB__ && !DEFINED___LB__HAVE_GETTIMEOFDAY__RB__ && !DEFINED___LB__HAVE_CLOCK_GETTIME__RB__ && 1;else;65;65
src/os/os_clock.c;1;!DEFINED___LB__HAVE_TIME__RB__ && !DEFINED___LB__HAVE_GETTIMEOFDAY__RB__ && !DEFINED___LB__HAVE_CLOCK_GETTIME__RB__;!DEFINED___LB__HAVE_TIME__RB__ && !DEFINED___LB__HAVE_GETTIMEOFDAY__RB__ && !DEFINED___LB__HAVE_CLOCK_GETTIME__RB__ && 1;artifact;66;66
src/os/os_clock.c;1;!DEFINED___LB__HAVE_TIME__RB__ && !DEFINED___LB__HAVE_GETTIMEOFDAY__RB__ && !DEFINED___LB__HAVE_CLOCK_GETTIME__RB__;!DEFINED___LB__HAVE_TIME__RB__ && !DEFINED___LB__HAVE_GETTIMEOFDAY__RB__ && !DEFINED___LB__HAVE_CLOCK_GETTIME__RB__ && 1;endif;67;67
src/os/os_clock.c;1;1;1;artifact;68;74
src/os/os_config.c;1;1;1;ROOT;1;72
src/os/os_config.c;1;1;1;artifact;1;38
src/os/os_config.c;1;HAVE_O_DIRECT;1 && HAVE_O_DIRECT;if;39;39
src/os/os_config.c;1;HAVE_O_DIRECT;1 && HAVE_O_DIRECT;artifact;40;40
src/os/os_config.c;1;HAVE_O_DIRECT;1 && HAVE_O_DIRECT;endif;41;41
src/os/os_config.c;1;DEFINED___LB__HAVE_DIRECTIO__RB__ && DEFINED___LB__DIRECTIO_ON__RB__;1 && DEFINED___LB__HAVE_DIRECTIO__RB__ && DEFINED___LB__DIRECTIO_ON__RB__;if;42;42
src/os/os_config.c;1;DEFINED___LB__HAVE_DIRECTIO__RB__ && DEFINED___LB__DIRECTIO_ON__RB__;1 && DEFINED___LB__HAVE_DIRECTIO__RB__ && DEFINED___LB__DIRECTIO_ON__RB__;artifact;43;43
src/os/os_config.c;1;DEFINED___LB__HAVE_DIRECTIO__RB__ && DEFINED___LB__DIRECTIO_ON__RB__;1 && DEFINED___LB__HAVE_DIRECTIO__RB__ && DEFINED___LB__DIRECTIO_ON__RB__;endif;44;44
src/os/os_config.c;1;1;1;artifact;45;71
src/os/os_cpu.c;1;1;1;ROOT;1;49
src/os/os_cpu.c;1;1;1;artifact;1;12
src/os/os_cpu.c;1;HAVE_SYSTEM_INCLUDE_FILES;1 && HAVE_SYSTEM_INCLUDE_FILES;if;13;13
src/os/os_cpu.c;1;DEFINED___LB__HAVE_PSTAT_GETDYNAMIC__RB__;1 && HAVE_SYSTEM_INCLUDE_FILES && DEFINED___LB__HAVE_PSTAT_GETDYNAMIC__RB__;if;14;14
src/os/os_cpu.c;1;DEFINED___LB__HAVE_PSTAT_GETDYNAMIC__RB__;1 && HAVE_SYSTEM_INCLUDE_FILES && DEFINED___LB__HAVE_PSTAT_GETDYNAMIC__RB__;artifact;15;15
src/os/os_cpu.c;1;DEFINED___LB__HAVE_PSTAT_GETDYNAMIC__RB__;1 && HAVE_SYSTEM_INCLUDE_FILES && DEFINED___LB__HAVE_PSTAT_GETDYNAMIC__RB__;endif;16;16
src/os/os_cpu.c;1;HAVE_SYSTEM_INCLUDE_FILES;1 && HAVE_SYSTEM_INCLUDE_FILES;endif;17;17
src/os/os_cpu.c;1;1;1;artifact;18;27
src/os/os_cpu.c;1;DEFINED___LB__HAVE_PSTAT_GETDYNAMIC__RB__;1 && DEFINED___LB__HAVE_PSTAT_GETDYNAMIC__RB__;if;28;28
src/os/os_cpu.c;1;DEFINED___LB__HAVE_PSTAT_GETDYNAMIC__RB__;1 && DEFINED___LB__HAVE_PSTAT_GETDYNAMIC__RB__;artifact;29;35
src/os/os_cpu.c;1;DEFINED___LB__HAVE_SYSCONF__RB__ && DEFINED___LB___SC_NPROCESSORS_ONLN__RB__ && !DEFINED___LB__HAVE_PSTAT_GETDYNAMIC__RB__;DEFINED___LB__HAVE_SYSCONF__RB__ && DEFINED___LB___SC_NPROCESSORS_ONLN__RB__ && !DEFINED___LB__HAVE_PSTAT_GETDYNAMIC__RB__ && 1;elif;36;36
src/os/os_cpu.c;1;DEFINED___LB__HAVE_SYSCONF__RB__ && DEFINED___LB___SC_NPROCESSORS_ONLN__RB__ && !DEFINED___LB__HAVE_PSTAT_GETDYNAMIC__RB__;DEFINED___LB__HAVE_SYSCONF__RB__ && DEFINED___LB___SC_NPROCESSORS_ONLN__RB__ && !DEFINED___LB__HAVE_PSTAT_GETDYNAMIC__RB__ && 1;artifact;37;43
src/os/os_cpu.c;1;(!DEFINED___LB__HAVE_SYSCONF__RB__ || !DEFINED___LB___SC_NPROCESSORS_ONLN__RB__) && !DEFINED___LB__HAVE_PSTAT_GETDYNAMIC__RB__;(!DEFINED___LB__HAVE_SYSCONF__RB__ || !DEFINED___LB___SC_NPROCESSORS_ONLN__RB__) && !DEFINED___LB__HAVE_PSTAT_GETDYNAMIC__RB__ && 1;else;44;44
src/os/os_cpu.c;1;(!DEFINED___LB__HAVE_SYSCONF__RB__ || !DEFINED___LB___SC_NPROCESSORS_ONLN__RB__) && !DEFINED___LB__HAVE_PSTAT_GETDYNAMIC__RB__;(!DEFINED___LB__HAVE_SYSCONF__RB__ || !DEFINED___LB___SC_NPROCESSORS_ONLN__RB__) && !DEFINED___LB__HAVE_PSTAT_GETDYNAMIC__RB__ && 1;artifact;45;45
src/os/os_cpu.c;1;(!DEFINED___LB__HAVE_SYSCONF__RB__ || !DEFINED___LB___SC_NPROCESSORS_ONLN__RB__) && !DEFINED___LB__HAVE_PSTAT_GETDYNAMIC__RB__;(!DEFINED___LB__HAVE_SYSCONF__RB__ || !DEFINED___LB___SC_NPROCESSORS_ONLN__RB__) && !DEFINED___LB__HAVE_PSTAT_GETDYNAMIC__RB__ && 1;endif;46;46
src/os/os_cpu.c;1;1;1;artifact;47;48
src/os/os_ctime.c;1;1;1;ROOT;1;49
src/os/os_ctime.c;1;1;1;artifact;1;33
src/os/os_ctime.c;1;DEFINED___LB__HAVE_VXWORKS__RB__;1 && DEFINED___LB__HAVE_VXWORKS__RB__;if;34;34
src/os/os_ctime.c;1;DEFINED___LB__HAVE_VXWORKS__RB__;1 && DEFINED___LB__HAVE_VXWORKS__RB__;artifact;35;38
src/os/os_ctime.c;1;DEFINED___LB__HAVE_CTIME_R_3ARG__RB__ && !DEFINED___LB__HAVE_VXWORKS__RB__;DEFINED___LB__HAVE_CTIME_R_3ARG__RB__ && !DEFINED___LB__HAVE_VXWORKS__RB__ && 1;elif;39;39
src/os/os_ctime.c;1;DEFINED___LB__HAVE_CTIME_R_3ARG__RB__ && !DEFINED___LB__HAVE_VXWORKS__RB__;DEFINED___LB__HAVE_CTIME_R_3ARG__RB__ && !DEFINED___LB__HAVE_VXWORKS__RB__ && 1;artifact;40;40
src/os/os_ctime.c;1;DEFINED___LB__HAVE_CTIME_R__RB__ && !DEFINED___LB__HAVE_CTIME_R_3ARG__RB__ && !DEFINED___LB__HAVE_VXWORKS__RB__;DEFINED___LB__HAVE_CTIME_R__RB__ && !DEFINED___LB__HAVE_CTIME_R_3ARG__RB__ && !DEFINED___LB__HAVE_VXWORKS__RB__ && 1;elif;41;41
src/os/os_ctime.c;1;DEFINED___LB__HAVE_CTIME_R__RB__ && !DEFINED___LB__HAVE_CTIME_R_3ARG__RB__ && !DEFINED___LB__HAVE_VXWORKS__RB__;DEFINED___LB__HAVE_CTIME_R__RB__ && !DEFINED___LB__HAVE_CTIME_R_3ARG__RB__ && !DEFINED___LB__HAVE_VXWORKS__RB__ && 1;artifact;42;42
src/os/os_ctime.c;1;!DEFINED___LB__HAVE_CTIME_R__RB__ && !DEFINED___LB__HAVE_CTIME_R_3ARG__RB__ && !DEFINED___LB__HAVE_VXWORKS__RB__;!DEFINED___LB__HAVE_CTIME_R__RB__ && !DEFINED___LB__HAVE_CTIME_R_3ARG__RB__ && !DEFINED___LB__HAVE_VXWORKS__RB__ && 1;else;43;43
src/os/os_ctime.c;1;!DEFINED___LB__HAVE_CTIME_R__RB__ && !DEFINED___LB__HAVE_CTIME_R_3ARG__RB__ && !DEFINED___LB__HAVE_VXWORKS__RB__;!DEFINED___LB__HAVE_CTIME_R__RB__ && !DEFINED___LB__HAVE_CTIME_R_3ARG__RB__ && !DEFINED___LB__HAVE_VXWORKS__RB__ && 1;artifact;44;44
src/os/os_ctime.c;1;!DEFINED___LB__HAVE_CTIME_R__RB__ && !DEFINED___LB__HAVE_CTIME_R_3ARG__RB__ && !DEFINED___LB__HAVE_VXWORKS__RB__;!DEFINED___LB__HAVE_CTIME_R__RB__ && !DEFINED___LB__HAVE_CTIME_R_3ARG__RB__ && !DEFINED___LB__HAVE_VXWORKS__RB__ && 1;endif;45;45
src/os/os_ctime.c;1;1;1;artifact;46;48
src/os/os_dir.c;1;1;1;ROOT;1;142
src/os/os_dir.c;1;1;1;artifact;1;10
src/os/os_dir.c;1;HAVE_DIRENT_H;1 && HAVE_DIRENT_H;if;11;11
src/os/os_dir.c;1;HAVE_DIRENT_H;1 && HAVE_DIRENT_H;artifact;12;13
src/os/os_dir.c;1;!HAVE_DIRENT_H;!HAVE_DIRENT_H && 1;else;14;14
src/os/os_dir.c;1;!HAVE_DIRENT_H;!HAVE_DIRENT_H && 1;artifact;15;16
src/os/os_dir.c;1;HAVE_SYS_NDIR_H;!HAVE_DIRENT_H && 1 && HAVE_SYS_NDIR_H;if;17;17
src/os/os_dir.c;1;HAVE_SYS_NDIR_H;!HAVE_DIRENT_H && 1 && HAVE_SYS_NDIR_H;artifact;18;18
src/os/os_dir.c;1;HAVE_SYS_NDIR_H;!HAVE_DIRENT_H && 1 && HAVE_SYS_NDIR_H;endif;19;19
src/os/os_dir.c;1;HAVE_SYS_DIR_H;!HAVE_DIRENT_H && 1 && HAVE_SYS_DIR_H;if;20;20
src/os/os_dir.c;1;HAVE_SYS_DIR_H;!HAVE_DIRENT_H && 1 && HAVE_SYS_DIR_H;artifact;21;21
src/os/os_dir.c;1;HAVE_SYS_DIR_H;!HAVE_DIRENT_H && 1 && HAVE_SYS_DIR_H;endif;22;22
src/os/os_dir.c;1;HAVE_NDIR_H;!HAVE_DIRENT_H && 1 && HAVE_NDIR_H;if;23;23
src/os/os_dir.c;1;HAVE_NDIR_H;!HAVE_DIRENT_H && 1 && HAVE_NDIR_H;artifact;24;24
src/os/os_dir.c;1;HAVE_NDIR_H;!HAVE_DIRENT_H && 1 && HAVE_NDIR_H;endif;25;25
src/os/os_dir.c;1;!HAVE_DIRENT_H;!HAVE_DIRENT_H && 1;endif;26;26
src/os/os_dir.c;1;1;1;artifact;27;85
src/os/os_dir.c;1;HAVE_QNX;1 && HAVE_QNX;if;86;86
src/os/os_dir.c;1;HAVE_QNX;1 && HAVE_QNX;artifact;87;87
src/os/os_dir.c;1;!HAVE_QNX;!HAVE_QNX && 1;else;88;88
src/os/os_dir.c;1;!HAVE_QNX;!HAVE_QNX && 1;artifact;89;89
src/os/os_dir.c;1;!HAVE_QNX;!HAVE_QNX && 1;endif;90;90
src/os/os_dir.c;1;1;1;artifact;91;141
src/os/os_errno.c;1;1;1;ROOT;1;131
src/os/os_errno.c;1;1;1;artifact;1;45
src/os/os_errno.c;1;0;1 && 0;if;46;46
src/os/os_errno.c;1;0;1 && 0;artifact;47;59
src/os/os_errno.c;1;0;1 && 0;endif;60;60
src/os/os_errno.c;1;1;1;artifact;61;130
src/os/os_fid.c;1;1;1;ROOT;1;137
src/os/os_fid.c;1;1;1;artifact;1;30
src/os/os_fid.c;1;HAVE_STAT;1 && HAVE_STAT;if;31;31
src/os/os_fid.c;1;HAVE_STAT;1 && HAVE_STAT;artifact;32;86
src/os/os_fid.c;1;!HAVE_STAT;!HAVE_STAT && 1;else;87;87
src/os/os_fid.c;1;!HAVE_STAT;!HAVE_STAT && 1;artifact;88;95
src/os/os_fid.c;1;!HAVE_STAT;!HAVE_STAT && 1;endif;96;96
src/os/os_fid.c;1;1;1;artifact;97;136
src/os/os_flock.c;1;1;1;ROOT;1;66
src/os/os_flock.c;1;1;1;artifact;1;25
src/os/os_flock.c;1;HAVE_FCNTL;1 && HAVE_FCNTL;if;26;26
src/os/os_flock.c;1;HAVE_FCNTL;1 && HAVE_FCNTL;artifact;27;54
src/os/os_flock.c;1;!HAVE_FCNTL;!HAVE_FCNTL && 1;else;55;55
src/os/os_flock.c;1;!HAVE_FCNTL;!HAVE_FCNTL && 1;artifact;56;62
src/os/os_flock.c;1;!HAVE_FCNTL;!HAVE_FCNTL && 1;endif;63;63
src/os/os_flock.c;1;1;1;artifact;64;65
src/os/os_fsync.c;1;1;1;ROOT;1;106
src/os/os_fsync.c;1;1;1;artifact;1;12
src/os/os_fsync.c;1;HAVE_VXWORKS;1 && HAVE_VXWORKS;if;13;13
src/os/os_fsync.c;1;HAVE_VXWORKS;1 && HAVE_VXWORKS;artifact;14;32
src/os/os_fsync.c;1;HAVE_VXWORKS;1 && HAVE_VXWORKS;endif;33;33
src/os/os_fsync.c;1;1;1;artifact;34;34
src/os/os_fsync.c;1;__hp3000s900;1 && __hp3000s900;if;35;35
src/os/os_fsync.c;1;__hp3000s900;1 && __hp3000s900;artifact;36;47
src/os/os_fsync.c;1;__hp3000s900;1 && __hp3000s900;endif;48;48
src/os/os_fsync.c;1;1;1;artifact;49;81
src/os/os_fsync.c;1;DEFINED___LB__F_FULLFSYNC__RB__;1 && DEFINED___LB__F_FULLFSYNC__RB__;if;82;82
src/os/os_fsync.c;1;DEFINED___LB__F_FULLFSYNC__RB__;1 && DEFINED___LB__F_FULLFSYNC__RB__;artifact;83;89
src/os/os_fsync.c;1;DEFINED___LB__HAVE_QNX__RB__ && !DEFINED___LB__F_FULLFSYNC__RB__;DEFINED___LB__HAVE_QNX__RB__ && !DEFINED___LB__F_FULLFSYNC__RB__ && 1;elif;90;90
src/os/os_fsync.c;1;DEFINED___LB__HAVE_QNX__RB__ && !DEFINED___LB__F_FULLFSYNC__RB__;DEFINED___LB__HAVE_QNX__RB__ && !DEFINED___LB__F_FULLFSYNC__RB__ && 1;artifact;91;91
src/os/os_fsync.c;1;DEFINED___LB__HAVE_FDATASYNC__RB__ && !DEFINED___LB__HAVE_QNX__RB__ && !DEFINED___LB__F_FULLFSYNC__RB__;DEFINED___LB__HAVE_FDATASYNC__RB__ && !DEFINED___LB__HAVE_QNX__RB__ && !DEFINED___LB__F_FULLFSYNC__RB__ && 1;elif;92;92
src/os/os_fsync.c;1;DEFINED___LB__HAVE_FDATASYNC__RB__ && !DEFINED___LB__HAVE_QNX__RB__ && !DEFINED___LB__F_FULLFSYNC__RB__;DEFINED___LB__HAVE_FDATASYNC__RB__ && !DEFINED___LB__HAVE_QNX__RB__ && !DEFINED___LB__F_FULLFSYNC__RB__ && 1;artifact;93;93
src/os/os_fsync.c;1;!DEFINED___LB__HAVE_FDATASYNC__RB__ && !DEFINED___LB__HAVE_QNX__RB__ && !DEFINED___LB__F_FULLFSYNC__RB__;!DEFINED___LB__HAVE_FDATASYNC__RB__ && !DEFINED___LB__HAVE_QNX__RB__ && !DEFINED___LB__F_FULLFSYNC__RB__ && 1;else;94;94
src/os/os_fsync.c;1;!DEFINED___LB__HAVE_FDATASYNC__RB__ && !DEFINED___LB__HAVE_QNX__RB__ && !DEFINED___LB__F_FULLFSYNC__RB__;!DEFINED___LB__HAVE_FDATASYNC__RB__ && !DEFINED___LB__HAVE_QNX__RB__ && !DEFINED___LB__F_FULLFSYNC__RB__ && 1;artifact;95;95
src/os/os_fsync.c;1;!DEFINED___LB__HAVE_FDATASYNC__RB__ && !DEFINED___LB__HAVE_QNX__RB__ && !DEFINED___LB__F_FULLFSYNC__RB__;!DEFINED___LB__HAVE_FDATASYNC__RB__ && !DEFINED___LB__HAVE_QNX__RB__ && !DEFINED___LB__F_FULLFSYNC__RB__ && 1;endif;96;96
src/os/os_fsync.c;1;1;1;artifact;97;105
src/os/os_getenv.c;1;1;1;ROOT;1;60
src/os/os_getenv.c;1;1;1;artifact;1;35
src/os/os_getenv.c;1;HAVE_GETENV;1 && HAVE_GETENV;if;36;36
src/os/os_getenv.c;1;HAVE_GETENV;1 && HAVE_GETENV;artifact;37;50
src/os/os_getenv.c;1;!HAVE_GETENV;!HAVE_GETENV && 1;else;51;51
src/os/os_getenv.c;1;!HAVE_GETENV;!HAVE_GETENV && 1;artifact;52;54
src/os/os_getenv.c;1;!HAVE_GETENV;!HAVE_GETENV && 1;endif;55;55
src/os/os_getenv.c;1;1;1;artifact;56;59
src/os/os_handle.c;1;1;1;ROOT;1;245
src/os/os_handle.c;1;1;1;artifact;1;29
src/os/os_handle.c;1;HAVE_VXWORKS;1 && HAVE_VXWORKS;if;30;30
src/os/os_handle.c;1;HAVE_VXWORKS;1 && HAVE_VXWORKS;artifact;31;31
src/os/os_handle.c;1;HAVE_VXWORKS;1 && HAVE_VXWORKS;endif;32;32
src/os/os_handle.c;1;1;1;artifact;33;63
src/os/os_handle.c;1;HAVE_VXWORKS;1 && HAVE_VXWORKS;if;64;64
src/os/os_handle.c;1;HAVE_VXWORKS;1 && HAVE_VXWORKS;artifact;65;109
src/os/os_handle.c;1;HAVE_VXWORKS;1 && HAVE_VXWORKS;endif;110;110
src/os/os_handle.c;1;__VMS;1 && __VMS;if;111;111
src/os/os_handle.c;1;__VMS;1 && __VMS;artifact;112;121
src/os/os_handle.c;1;!__VMS;!__VMS && 1;else;122;122
src/os/os_handle.c;1;!__VMS;!__VMS && 1;artifact;123;123
src/os/os_handle.c;1;!__VMS;!__VMS && 1;endif;124;124
src/os/os_handle.c;1;1;1;artifact;125;158
src/os/os_handle.c;1;DEFINED___LB__HAVE_FCNTL_F_SETFD__RB__;1 && DEFINED___LB__HAVE_FCNTL_F_SETFD__RB__;if;159;159
src/os/os_handle.c;1;DEFINED___LB__HAVE_FCNTL_F_SETFD__RB__;1 && DEFINED___LB__HAVE_FCNTL_F_SETFD__RB__;artifact;160;168
src/os/os_handle.c;1;!DEFINED___LB__HAVE_FCNTL_F_SETFD__RB__;!DEFINED___LB__HAVE_FCNTL_F_SETFD__RB__ && 1;else;169;169
src/os/os_handle.c;1;!DEFINED___LB__HAVE_FCNTL_F_SETFD__RB__;!DEFINED___LB__HAVE_FCNTL_F_SETFD__RB__ && 1;artifact;170;170
src/os/os_handle.c;1;!DEFINED___LB__HAVE_FCNTL_F_SETFD__RB__;!DEFINED___LB__HAVE_FCNTL_F_SETFD__RB__ && 1;endif;171;171
src/os/os_handle.c;1;1;1;artifact;172;244
src/os/os_map.c;1;1;1;ROOT;1;609
src/os/os_map.c;1;1;1;artifact;1;12
src/os/os_map.c;1;HAVE_SYSTEM_INCLUDE_FILES;1 && HAVE_SYSTEM_INCLUDE_FILES;if;13;13
src/os/os_map.c;1;HAVE_MMAP;1 && HAVE_SYSTEM_INCLUDE_FILES && HAVE_MMAP;if;14;14
src/os/os_map.c;1;HAVE_MMAP;1 && HAVE_SYSTEM_INCLUDE_FILES && HAVE_MMAP;artifact;15;15
src/os/os_map.c;1;HAVE_MMAP;1 && HAVE_SYSTEM_INCLUDE_FILES && HAVE_MMAP;endif;16;16
src/os/os_map.c;1;HAVE_SYSTEM_INCLUDE_FILES;1 && HAVE_SYSTEM_INCLUDE_FILES;artifact;17;17
src/os/os_map.c;1;HAVE_SHMGET;1 && HAVE_SYSTEM_INCLUDE_FILES && HAVE_SHMGET;if;18;18
src/os/os_map.c;1;HAVE_SHMGET;1 && HAVE_SYSTEM_INCLUDE_FILES && HAVE_SHMGET;artifact;19;20
src/os/os_map.c;1;HAVE_SHMGET;1 && HAVE_SYSTEM_INCLUDE_FILES && HAVE_SHMGET;endif;21;21
src/os/os_map.c;1;HAVE_SYSTEM_INCLUDE_FILES;1 && HAVE_SYSTEM_INCLUDE_FILES;endif;22;22
src/os/os_map.c;1;1;1;artifact;23;23
src/os/os_map.c;1;HAVE_MMAP;1 && HAVE_MMAP;if;24;24
src/os/os_map.c;1;HAVE_MMAP;1 && HAVE_MMAP;artifact;25;25
src/os/os_map.c;1;HAVE_MMAP;1 && HAVE_MMAP;endif;26;26
src/os/os_map.c;1;HAVE_SHMGET;1 && HAVE_SHMGET;if;27;27
src/os/os_map.c;1;HAVE_SHMGET;1 && HAVE_SHMGET;artifact;28;28
src/os/os_map.c;1;!HAVE_SHMGET;!HAVE_SHMGET && 1;else;29;29
src/os/os_map.c;1;!HAVE_SHMGET;!HAVE_SHMGET && 1;artifact;30;30
src/os/os_map.c;1;!HAVE_SHMGET;!HAVE_SHMGET && 1;endif;31;31
src/os/os_map.c;1;1;1;artifact;32;81
src/os/os_map.c;1;DEFINED___LB__HAVE_MUTEX_HPPA_MSEM_INIT__RB__;1 && DEFINED___LB__HAVE_MUTEX_HPPA_MSEM_INIT__RB__;if;82;82
src/os/os_map.c;1;DEFINED___LB__HAVE_MUTEX_HPPA_MSEM_INIT__RB__;1 && DEFINED___LB__HAVE_MUTEX_HPPA_MSEM_INIT__RB__;artifact;83;85
src/os/os_map.c;1;DEFINED___LB__HAVE_MUTEX_HPPA_MSEM_INIT__RB__;1 && DEFINED___LB__HAVE_MUTEX_HPPA_MSEM_INIT__RB__;endif;86;86
src/os/os_map.c;1;DEFINED___LB__HAVE_SHMGET__RB__;1 && DEFINED___LB__HAVE_SHMGET__RB__;if;87;87
src/os/os_map.c;1;DEFINED___LB__HAVE_SHMGET__RB__;1 && DEFINED___LB__HAVE_SHMGET__RB__;artifact;88;168
src/os/os_map.c;1;HAVE_SHMCTL_SHM_LOCK;1 && DEFINED___LB__HAVE_SHMGET__RB__ && HAVE_SHMCTL_SHM_LOCK;if;169;169
src/os/os_map.c;1;HAVE_SHMCTL_SHM_LOCK;1 && DEFINED___LB__HAVE_SHMGET__RB__ && HAVE_SHMCTL_SHM_LOCK;artifact;170;171
src/os/os_map.c;1;!HAVE_SHMCTL_SHM_LOCK;!HAVE_SHMCTL_SHM_LOCK && 1 && DEFINED___LB__HAVE_SHMGET__RB__;else;172;172
src/os/os_map.c;1;!HAVE_SHMCTL_SHM_LOCK;!HAVE_SHMCTL_SHM_LOCK && 1 && DEFINED___LB__HAVE_SHMGET__RB__;artifact;173;173
src/os/os_map.c;1;!HAVE_SHMCTL_SHM_LOCK;!HAVE_SHMCTL_SHM_LOCK && 1 && DEFINED___LB__HAVE_SHMGET__RB__;endif;174;174
src/os/os_map.c;1;DEFINED___LB__HAVE_SHMGET__RB__;1 && DEFINED___LB__HAVE_SHMGET__RB__;artifact;175;184
src/os/os_map.c;1;!DEFINED___LB__HAVE_SHMGET__RB__;!DEFINED___LB__HAVE_SHMGET__RB__ && 1;else;185;185
src/os/os_map.c;1;!DEFINED___LB__HAVE_SHMGET__RB__;!DEFINED___LB__HAVE_SHMGET__RB__ && 1;artifact;186;186
src/os/os_map.c;1;!DEFINED___LB__HAVE_SHMGET__RB__;!DEFINED___LB__HAVE_SHMGET__RB__ && 1;endif;187;187
src/os/os_map.c;1;1;1;artifact;188;189
src/os/os_map.c;1;HAVE_MMAP;1 && HAVE_MMAP;if;190;190
src/os/os_map.c;1;HAVE_MMAP;1 && HAVE_MMAP;artifact;191;234
src/os/os_map.c;1;!HAVE_MMAP;!HAVE_MMAP && 1;else;235;235
src/os/os_map.c;1;!HAVE_MMAP;!HAVE_MMAP && 1;artifact;236;240
src/os/os_map.c;1;!HAVE_MMAP;!HAVE_MMAP && 1;endif;241;241
src/os/os_map.c;1;1;1;artifact;242;273
src/os/os_map.c;1;HAVE_SHMGET;1 && HAVE_SHMGET;if;274;274
src/os/os_map.c;1;HAVE_SHMGET;1 && HAVE_SHMGET;artifact;275;299
src/os/os_map.c;1;!HAVE_SHMGET;!HAVE_SHMGET && 1;else;300;300
src/os/os_map.c;1;!HAVE_SHMGET;!HAVE_SHMGET && 1;artifact;301;301
src/os/os_map.c;1;!HAVE_SHMGET;!HAVE_SHMGET && 1;endif;302;302
src/os/os_map.c;1;1;1;artifact;303;304
src/os/os_map.c;1;HAVE_MMAP;1 && HAVE_MMAP;if;305;305
src/os/os_map.c;1;HAVE_MUNLOCK;1 && HAVE_MMAP && HAVE_MUNLOCK;if;306;306
src/os/os_map.c;1;HAVE_MUNLOCK;1 && HAVE_MMAP && HAVE_MUNLOCK;artifact;307;308
src/os/os_map.c;1;HAVE_MUNLOCK;1 && HAVE_MMAP && HAVE_MUNLOCK;endif;309;309
src/os/os_map.c;1;HAVE_MMAP;1 && HAVE_MMAP;artifact;310;326
src/os/os_map.c;1;!HAVE_MMAP;!HAVE_MMAP && 1;else;327;327
src/os/os_map.c;1;!HAVE_MMAP;!HAVE_MMAP && 1;artifact;328;330
src/os/os_map.c;1;!HAVE_MMAP;!HAVE_MMAP && 1;endif;331;331
src/os/os_map.c;1;1;1;artifact;332;348
src/os/os_map.c;1;DEFINED___LB__HAVE_MMAP__RB__ && !DEFINED___LB__HAVE_QNX__RB__;1 && DEFINED___LB__HAVE_MMAP__RB__ && !DEFINED___LB__HAVE_QNX__RB__;if;349;349
src/os/os_map.c;1;DEFINED___LB__HAVE_MMAP__RB__ && !DEFINED___LB__HAVE_QNX__RB__;1 && DEFINED___LB__HAVE_MMAP__RB__ && !DEFINED___LB__HAVE_QNX__RB__;artifact;350;365
src/os/os_map.c;1;!DEFINED___LB__HAVE_MMAP__RB__ || DEFINED___LB__HAVE_QNX__RB__;(!DEFINED___LB__HAVE_MMAP__RB__ || DEFINED___LB__HAVE_QNX__RB__) && 1;else;366;366
src/os/os_map.c;1;!DEFINED___LB__HAVE_MMAP__RB__ || DEFINED___LB__HAVE_QNX__RB__;(!DEFINED___LB__HAVE_MMAP__RB__ || DEFINED___LB__HAVE_QNX__RB__) && 1;artifact;367;373
src/os/os_map.c;1;!DEFINED___LB__HAVE_MMAP__RB__ || DEFINED___LB__HAVE_QNX__RB__;(!DEFINED___LB__HAVE_MMAP__RB__ || DEFINED___LB__HAVE_QNX__RB__) && 1;endif;374;374
src/os/os_map.c;1;1;1;artifact;375;405
src/os/os_map.c;1;HAVE_MMAP;1 && HAVE_MMAP;if;406;406
src/os/os_map.c;1;HAVE_MUNLOCK;1 && HAVE_MMAP && HAVE_MUNLOCK;if;407;407
src/os/os_map.c;1;HAVE_MUNLOCK;1 && HAVE_MMAP && HAVE_MUNLOCK;artifact;408;413
src/os/os_map.c;1;!HAVE_MUNLOCK;!HAVE_MUNLOCK && 1 && HAVE_MMAP;else;414;414
src/os/os_map.c;1;!HAVE_MUNLOCK;!HAVE_MUNLOCK && 1 && HAVE_MMAP;artifact;415;415
src/os/os_map.c;1;!HAVE_MUNLOCK;!HAVE_MUNLOCK && 1 && HAVE_MMAP;endif;416;416
src/os/os_map.c;1;HAVE_MMAP;1 && HAVE_MMAP;artifact;417;418
src/os/os_map.c;1;!HAVE_MMAP;!HAVE_MMAP && 1;else;419;419
src/os/os_map.c;1;!HAVE_MMAP;!HAVE_MMAP && 1;artifact;420;421
src/os/os_map.c;1;!HAVE_MMAP;!HAVE_MMAP && 1;endif;422;422
src/os/os_map.c;1;1;1;artifact;423;425
src/os/os_map.c;1;HAVE_MMAP;1 && HAVE_MMAP;if;426;426
src/os/os_map.c;1;HAVE_MMAP;1 && HAVE_MMAP;artifact;427;462
src/os/os_map.c;1;MAP_FILE;1 && HAVE_MMAP && MAP_FILE;if;463;463
src/os/os_map.c;1;MAP_FILE;1 && HAVE_MMAP && MAP_FILE;artifact;464;469
src/os/os_map.c;1;MAP_FILE;1 && HAVE_MMAP && MAP_FILE;endif;470;470
src/os/os_map.c;1;HAVE_MMAP;1 && HAVE_MMAP;artifact;471;478
src/os/os_map.c;1;MAP_HASSEMAPHORE;1 && HAVE_MMAP && MAP_HASSEMAPHORE;if;479;479
src/os/os_map.c;1;MAP_HASSEMAPHORE;1 && HAVE_MMAP && MAP_HASSEMAPHORE;artifact;480;481
src/os/os_map.c;1;!MAP_HASSEMAPHORE;!MAP_HASSEMAPHORE && 1 && HAVE_MMAP;else;482;482
src/os/os_map.c;1;!MAP_HASSEMAPHORE;!MAP_HASSEMAPHORE && 1 && HAVE_MMAP;artifact;483;483
src/os/os_map.c;1;!MAP_HASSEMAPHORE;!MAP_HASSEMAPHORE && 1 && HAVE_MMAP;endif;484;484
src/os/os_map.c;1;HAVE_MMAP;1 && HAVE_MMAP;artifact;485;494
src/os/os_map.c;1;MAP_NOSYNC;1 && HAVE_MMAP && MAP_NOSYNC;if;495;495
src/os/os_map.c;1;MAP_NOSYNC;1 && HAVE_MMAP && MAP_NOSYNC;artifact;496;496
src/os/os_map.c;1;MAP_NOSYNC;1 && HAVE_MMAP && MAP_NOSYNC;endif;497;497
src/os/os_map.c;1;HAVE_MMAP;1 && HAVE_MMAP;artifact;498;513
src/os/os_map.c;1;VMS;1 && HAVE_MMAP && VMS;if;514;514
src/os/os_map.c;1;VMS;1 && HAVE_MMAP && VMS;artifact;515;516
src/os/os_map.c;1;VMS;1 && HAVE_MMAP && VMS;endif;517;517
src/os/os_map.c;1;HAVE_MMAP;1 && HAVE_MMAP;artifact;518;519
src/os/os_map.c;1;!MAP_FAILED;1 && HAVE_MMAP && !MAP_FAILED;if;520;520
src/os/os_map.c;1;!MAP_FAILED;1 && HAVE_MMAP && !MAP_FAILED;artifact;521;521
src/os/os_map.c;1;!MAP_FAILED;1 && HAVE_MMAP && !MAP_FAILED;endif;522;522
src/os/os_map.c;1;HAVE_MMAP;1 && HAVE_MMAP;artifact;523;539
src/os/os_map.c;1;HAVE_MLOCK;1 && HAVE_MMAP && HAVE_MLOCK;if;540;540
src/os/os_map.c;1;HAVE_MLOCK;1 && HAVE_MMAP && HAVE_MLOCK;artifact;541;541
src/os/os_map.c;1;!HAVE_MLOCK;!HAVE_MLOCK && 1 && HAVE_MMAP;else;542;542
src/os/os_map.c;1;!HAVE_MLOCK;!HAVE_MLOCK && 1 && HAVE_MMAP;artifact;543;543
src/os/os_map.c;1;!HAVE_MLOCK;!HAVE_MLOCK && 1 && HAVE_MMAP;endif;544;544
src/os/os_map.c;1;HAVE_MMAP;1 && HAVE_MMAP;artifact;545;553
src/os/os_map.c;1;HAVE_MMAP;1 && HAVE_MMAP;endif;554;554
src/os/os_map.c;1;1;1;artifact;555;555
src/os/os_map.c;1;HAVE_SHMGET;1 && HAVE_SHMGET;if;556;556
src/os/os_map.c;1;!SHM_R;1 && HAVE_SHMGET && !SHM_R;if;557;557
src/os/os_map.c;1;!SHM_R;1 && HAVE_SHMGET && !SHM_R;artifact;558;558
src/os/os_map.c;1;!SHM_R;1 && HAVE_SHMGET && !SHM_R;endif;559;559
src/os/os_map.c;1;!SHM_W;1 && HAVE_SHMGET && !SHM_W;if;560;560
src/os/os_map.c;1;!SHM_W;1 && HAVE_SHMGET && !SHM_W;artifact;561;561
src/os/os_map.c;1;!SHM_W;1 && HAVE_SHMGET && !SHM_W;endif;562;562
src/os/os_map.c;1;HAVE_SHMGET;1 && HAVE_SHMGET;artifact;563;593
src/os/os_map.c;1;!HAVE_SHMGET;!HAVE_SHMGET && 1;else;594;594
src/os/os_map.c;1;!HAVE_SHMGET;!HAVE_SHMGET && 1;artifact;595;606
src/os/os_map.c;1;!HAVE_SHMGET;!HAVE_SHMGET && 1;endif;607;607
src/os/os_map.c;1;1;1;artifact;608;608
src/os/os_mkdir.c;1;1;1;ROOT;1;54
src/os/os_mkdir.c;1;1;1;artifact;1;34
src/os/os_mkdir.c;1;DEFINED___LB__HAVE_VXWORKS__RB__;1 && DEFINED___LB__HAVE_VXWORKS__RB__;if;35;35
src/os/os_mkdir.c;1;DEFINED___LB__HAVE_VXWORKS__RB__;1 && DEFINED___LB__HAVE_VXWORKS__RB__;artifact;36;36
src/os/os_mkdir.c;1;!DEFINED___LB__HAVE_VXWORKS__RB__;!DEFINED___LB__HAVE_VXWORKS__RB__ && 1;else;37;37
src/os/os_mkdir.c;1;!DEFINED___LB__HAVE_VXWORKS__RB__;!DEFINED___LB__HAVE_VXWORKS__RB__ && 1;artifact;38;38
src/os/os_mkdir.c;1;!DEFINED___LB__HAVE_VXWORKS__RB__;!DEFINED___LB__HAVE_VXWORKS__RB__ && 1;endif;39;39
src/os/os_mkdir.c;1;1;1;artifact;40;43
src/os/os_mkdir.c;1;!DEFINED___LB__HAVE_VXWORKS__RB__;1 && !DEFINED___LB__HAVE_VXWORKS__RB__;if;44;44
src/os/os_mkdir.c;1;!DEFINED___LB__HAVE_VXWORKS__RB__;1 && !DEFINED___LB__HAVE_VXWORKS__RB__;artifact;45;49
src/os/os_mkdir.c;1;!DEFINED___LB__HAVE_VXWORKS__RB__;1 && !DEFINED___LB__HAVE_VXWORKS__RB__;endif;50;50
src/os/os_mkdir.c;1;1;1;artifact;51;53
src/os/os_open.c;1;1;1;ROOT;1;164
src/os/os_open.c;1;1;1;artifact;1;50
src/os/os_open.c;1;DEFINED___LB__O_BINARY__RB__;1 && DEFINED___LB__O_BINARY__RB__;if;51;51
src/os/os_open.c;1;DEFINED___LB__O_BINARY__RB__;1 && DEFINED___LB__O_BINARY__RB__;artifact;52;58
src/os/os_open.c;1;DEFINED___LB__O_BINARY__RB__;1 && DEFINED___LB__O_BINARY__RB__;endif;59;59
src/os/os_open.c;1;1;1;artifact;60;71
src/os/os_open.c;1;HAVE_O_DIRECT;1 && HAVE_O_DIRECT;if;72;72
src/os/os_open.c;1;HAVE_O_DIRECT;1 && HAVE_O_DIRECT;artifact;73;74
src/os/os_open.c;1;HAVE_O_DIRECT;1 && HAVE_O_DIRECT;endif;75;75
src/os/os_open.c;1;O_DSYNC;1 && O_DSYNC;if;76;76
src/os/os_open.c;1;O_DSYNC;1 && O_DSYNC;artifact;77;78
src/os/os_open.c;1;O_DSYNC;1 && O_DSYNC;endif;79;79
src/os/os_open.c;1;1;1;artifact;80;98
src/os/os_open.c;1;HAVE_QNX;1 && HAVE_QNX;if;99;99
src/os/os_open.c;1;HAVE_QNX;1 && HAVE_QNX;artifact;100;102
src/os/os_open.c;1;HAVE_QNX;1 && HAVE_QNX;endif;103;103
src/os/os_open.c;1;1;1;artifact;104;109
src/os/os_open.c;1;HAVE_FCHMOD;1 && HAVE_FCHMOD;if;110;110
src/os/os_open.c;1;HAVE_FCHMOD;1 && HAVE_FCHMOD;artifact;111;120
src/os/os_open.c;1;HAVE_FCHMOD;1 && HAVE_FCHMOD;endif;121;121
src/os/os_open.c;1;1;1;artifact;122;122
src/os/os_open.c;1;O_DSYNC;1 && O_DSYNC;if;123;123
src/os/os_open.c;1;O_DSYNC;1 && O_DSYNC;artifact;124;129
src/os/os_open.c;1;O_DSYNC;1 && O_DSYNC;endif;130;130
src/os/os_open.c;1;1;1;artifact;131;131
src/os/os_open.c;1;DEFINED___LB__HAVE_DIRECTIO__RB__ && DEFINED___LB__DIRECTIO_ON__RB__;1 && DEFINED___LB__HAVE_DIRECTIO__RB__ && DEFINED___LB__DIRECTIO_ON__RB__;if;132;132
src/os/os_open.c;1;DEFINED___LB__HAVE_DIRECTIO__RB__ && DEFINED___LB__DIRECTIO_ON__RB__;1 && DEFINED___LB__HAVE_DIRECTIO__RB__ && DEFINED___LB__DIRECTIO_ON__RB__;artifact;133;139
src/os/os_open.c;1;DEFINED___LB__HAVE_DIRECTIO__RB__ && DEFINED___LB__DIRECTIO_ON__RB__;1 && DEFINED___LB__HAVE_DIRECTIO__RB__ && DEFINED___LB__DIRECTIO_ON__RB__;endif;140;140
src/os/os_open.c;1;1;1;artifact;141;152
src/os/os_open.c;1;DEFINED___LB__HAVE_UNLINK_WITH_OPEN_FAILURE__RB__ || DEFINED___LB__CONFIG_TEST__RB__;1 && (DEFINED___LB__HAVE_UNLINK_WITH_OPEN_FAILURE__RB__ || DEFINED___LB__CONFIG_TEST__RB__);if;153;153
src/os/os_open.c;1;DEFINED___LB__HAVE_UNLINK_WITH_OPEN_FAILURE__RB__ || DEFINED___LB__CONFIG_TEST__RB__;1 && (DEFINED___LB__HAVE_UNLINK_WITH_OPEN_FAILURE__RB__ || DEFINED___LB__CONFIG_TEST__RB__);artifact;154;154
src/os/os_open.c;1;!DEFINED___LB__HAVE_UNLINK_WITH_OPEN_FAILURE__RB__ && !DEFINED___LB__CONFIG_TEST__RB__;!DEFINED___LB__HAVE_UNLINK_WITH_OPEN_FAILURE__RB__ && !DEFINED___LB__CONFIG_TEST__RB__ && 1;else;155;155
src/os/os_open.c;1;!DEFINED___LB__HAVE_UNLINK_WITH_OPEN_FAILURE__RB__ && !DEFINED___LB__CONFIG_TEST__RB__;!DEFINED___LB__HAVE_UNLINK_WITH_OPEN_FAILURE__RB__ && !DEFINED___LB__CONFIG_TEST__RB__ && 1;artifact;156;156
src/os/os_open.c;1;!DEFINED___LB__HAVE_UNLINK_WITH_OPEN_FAILURE__RB__ && !DEFINED___LB__CONFIG_TEST__RB__;!DEFINED___LB__HAVE_UNLINK_WITH_OPEN_FAILURE__RB__ && !DEFINED___LB__CONFIG_TEST__RB__ && 1;endif;157;157
src/os/os_open.c;1;1;1;artifact;158;163
src/os/os_path.c;1;1;1;ROOT;1;29
src/os/os_path.c;1;1;1;artifact;1;28
src/os/os_pid.c;1;1;1;ROOT;1;65
src/os/os_pid.c;1;1;1;artifact;1;33
src/os/os_pid.c;1;DEFINED___LB__HAVE_VXWORKS__RB__;1 && DEFINED___LB__HAVE_VXWORKS__RB__;if;34;34
src/os/os_pid.c;1;DEFINED___LB__HAVE_VXWORKS__RB__;1 && DEFINED___LB__HAVE_VXWORKS__RB__;artifact;35;35
src/os/os_pid.c;1;!DEFINED___LB__HAVE_VXWORKS__RB__;!DEFINED___LB__HAVE_VXWORKS__RB__ && 1;else;36;36
src/os/os_pid.c;1;!DEFINED___LB__HAVE_VXWORKS__RB__;!DEFINED___LB__HAVE_VXWORKS__RB__ && 1;artifact;37;37
src/os/os_pid.c;1;!DEFINED___LB__HAVE_VXWORKS__RB__;!DEFINED___LB__HAVE_VXWORKS__RB__ && 1;endif;38;38
src/os/os_pid.c;1;1;1;artifact;39;49
src/os/os_pid.c;1;DEFINED___LB__HAVE_PTHREAD_SELF__RB__;1 && DEFINED___LB__HAVE_PTHREAD_SELF__RB__;if;50;50
src/os/os_pid.c;1;DEFINED___LB__HAVE_PTHREAD_SELF__RB__;1 && DEFINED___LB__HAVE_PTHREAD_SELF__RB__;artifact;51;51
src/os/os_pid.c;1;DEFINED___LB__HAVE_MUTEX_UI_THREADS__RB__ && !DEFINED___LB__HAVE_PTHREAD_SELF__RB__;DEFINED___LB__HAVE_MUTEX_UI_THREADS__RB__ && !DEFINED___LB__HAVE_PTHREAD_SELF__RB__ && 1;elif;52;52
src/os/os_pid.c;1;DEFINED___LB__HAVE_MUTEX_UI_THREADS__RB__ && !DEFINED___LB__HAVE_PTHREAD_SELF__RB__;DEFINED___LB__HAVE_MUTEX_UI_THREADS__RB__ && !DEFINED___LB__HAVE_PTHREAD_SELF__RB__ && 1;artifact;53;53
src/os/os_pid.c;1;DEFINED___LB__DB_WIN32__RB__ && !DEFINED___LB__HAVE_MUTEX_UI_THREADS__RB__ && !DEFINED___LB__HAVE_PTHREAD_SELF__RB__;DEFINED___LB__DB_WIN32__RB__ && !DEFINED___LB__HAVE_MUTEX_UI_THREADS__RB__ && !DEFINED___LB__HAVE_PTHREAD_SELF__RB__ && 1;elif;54;54
src/os/os_pid.c;1;DEFINED___LB__DB_WIN32__RB__ && !DEFINED___LB__HAVE_MUTEX_UI_THREADS__RB__ && !DEFINED___LB__HAVE_PTHREAD_SELF__RB__;DEFINED___LB__DB_WIN32__RB__ && !DEFINED___LB__HAVE_MUTEX_UI_THREADS__RB__ && !DEFINED___LB__HAVE_PTHREAD_SELF__RB__ && 1;artifact;55;55
src/os/os_pid.c;1;!DEFINED___LB__DB_WIN32__RB__ && !DEFINED___LB__HAVE_MUTEX_UI_THREADS__RB__ && !DEFINED___LB__HAVE_PTHREAD_SELF__RB__;!DEFINED___LB__DB_WIN32__RB__ && !DEFINED___LB__HAVE_MUTEX_UI_THREADS__RB__ && !DEFINED___LB__HAVE_PTHREAD_SELF__RB__ && 1;else;56;56
src/os/os_pid.c;1;!DEFINED___LB__DB_WIN32__RB__ && !DEFINED___LB__HAVE_MUTEX_UI_THREADS__RB__ && !DEFINED___LB__HAVE_PTHREAD_SELF__RB__;!DEFINED___LB__DB_WIN32__RB__ && !DEFINED___LB__HAVE_MUTEX_UI_THREADS__RB__ && !DEFINED___LB__HAVE_PTHREAD_SELF__RB__ && 1;artifact;57;60
src/os/os_pid.c;1;!DEFINED___LB__DB_WIN32__RB__ && !DEFINED___LB__HAVE_MUTEX_UI_THREADS__RB__ && !DEFINED___LB__HAVE_PTHREAD_SELF__RB__;!DEFINED___LB__DB_WIN32__RB__ && !DEFINED___LB__HAVE_MUTEX_UI_THREADS__RB__ && !DEFINED___LB__HAVE_PTHREAD_SELF__RB__ && 1;endif;61;61
src/os/os_pid.c;1;1;1;artifact;62;64
src/os/os_rename.c;1;1;1;ROOT;1;55
src/os/os_rename.c;1;1;1;artifact;1;54
src/os/os_root.c;1;1;1;ROOT;1;29
src/os/os_root.c;1;1;1;artifact;1;21
src/os/os_root.c;1;HAVE_GETUID;1 && HAVE_GETUID;if;22;22
src/os/os_root.c;1;HAVE_GETUID;1 && HAVE_GETUID;artifact;23;23
src/os/os_root.c;1;!HAVE_GETUID;!HAVE_GETUID && 1;else;24;24
src/os/os_root.c;1;!HAVE_GETUID;!HAVE_GETUID && 1;artifact;25;25
src/os/os_root.c;1;!HAVE_GETUID;!HAVE_GETUID && 1;endif;26;26
src/os/os_root.c;1;1;1;artifact;27;28
src/os/os_rpath.c;1;1;1;ROOT;1;38
src/os/os_rpath.c;1;1;1;artifact;1;37
src/os/os_rw.c;1;1;1;ROOT;1;293
src/os/os_rw.c;1;1;1;artifact;1;29
src/os/os_rw.c;1;DEFINED___LB__HAVE_PREAD__RB__ && DEFINED___LB__HAVE_PWRITE__RB__;1 && DEFINED___LB__HAVE_PREAD__RB__ && DEFINED___LB__HAVE_PWRITE__RB__;if;30;30
src/os/os_rw.c;1;DEFINED___LB__HAVE_PREAD__RB__ && DEFINED___LB__HAVE_PWRITE__RB__;1 && DEFINED___LB__HAVE_PREAD__RB__ && DEFINED___LB__HAVE_PWRITE__RB__;artifact;31;33
src/os/os_rw.c;1;DEFINED___LB__HAVE_PREAD__RB__ && DEFINED___LB__HAVE_PWRITE__RB__;1 && DEFINED___LB__HAVE_PREAD__RB__ && DEFINED___LB__HAVE_PWRITE__RB__;endif;34;34
src/os/os_rw.c;1;1;1;artifact;35;47
src/os/os_rw.c;1;DEFINED___LB__HAVE_PREAD__RB__ && DEFINED___LB__HAVE_PWRITE__RB__;1 && DEFINED___LB__HAVE_PREAD__RB__ && DEFINED___LB__HAVE_PWRITE__RB__;if;48;48
src/os/os_rw.c;1;DEFINED___LB__HAVE_PREAD__RB__ && DEFINED___LB__HAVE_PWRITE__RB__;1 && DEFINED___LB__HAVE_PREAD__RB__ && DEFINED___LB__HAVE_PWRITE__RB__;artifact;49;56
src/os/os_rw.c;1;DEFINED___LB__HAVE_STATISTICS__RB__;1 && DEFINED___LB__HAVE_PREAD__RB__ && DEFINED___LB__HAVE_PWRITE__RB__ && DEFINED___LB__HAVE_STATISTICS__RB__;if;57;57
src/os/os_rw.c;1;DEFINED___LB__HAVE_STATISTICS__RB__;1 && DEFINED___LB__HAVE_PREAD__RB__ && DEFINED___LB__HAVE_PWRITE__RB__ && DEFINED___LB__HAVE_STATISTICS__RB__;artifact;58;58
src/os/os_rw.c;1;DEFINED___LB__HAVE_STATISTICS__RB__;1 && DEFINED___LB__HAVE_PREAD__RB__ && DEFINED___LB__HAVE_PWRITE__RB__ && DEFINED___LB__HAVE_STATISTICS__RB__;endif;59;59
src/os/os_rw.c;1;DEFINED___LB__HAVE_PREAD__RB__ && DEFINED___LB__HAVE_PWRITE__RB__;1 && DEFINED___LB__HAVE_PREAD__RB__ && DEFINED___LB__HAVE_PWRITE__RB__;artifact;60;74
src/os/os_rw.c;1;HAVE_FILESYSTEM_NOTZERO;1 && DEFINED___LB__HAVE_PREAD__RB__ && DEFINED___LB__HAVE_PWRITE__RB__ && HAVE_FILESYSTEM_NOTZERO;if;75;75
src/os/os_rw.c;1;HAVE_FILESYSTEM_NOTZERO;1 && DEFINED___LB__HAVE_PREAD__RB__ && DEFINED___LB__HAVE_PWRITE__RB__ && HAVE_FILESYSTEM_NOTZERO;artifact;76;77
src/os/os_rw.c;1;HAVE_FILESYSTEM_NOTZERO;1 && DEFINED___LB__HAVE_PREAD__RB__ && DEFINED___LB__HAVE_PWRITE__RB__ && HAVE_FILESYSTEM_NOTZERO;endif;78;78
src/os/os_rw.c;1;DEFINED___LB__HAVE_STATISTICS__RB__;1 && DEFINED___LB__HAVE_PREAD__RB__ && DEFINED___LB__HAVE_PWRITE__RB__ && DEFINED___LB__HAVE_STATISTICS__RB__;if;79;79
src/os/os_rw.c;1;DEFINED___LB__HAVE_STATISTICS__RB__;1 && DEFINED___LB__HAVE_PREAD__RB__ && DEFINED___LB__HAVE_PWRITE__RB__ && DEFINED___LB__HAVE_STATISTICS__RB__;artifact;80;80
src/os/os_rw.c;1;DEFINED___LB__HAVE_STATISTICS__RB__;1 && DEFINED___LB__HAVE_PREAD__RB__ && DEFINED___LB__HAVE_PWRITE__RB__ && DEFINED___LB__HAVE_STATISTICS__RB__;endif;81;81
src/os/os_rw.c;1;DEFINED___LB__HAVE_PREAD__RB__ && DEFINED___LB__HAVE_PWRITE__RB__;1 && DEFINED___LB__HAVE_PREAD__RB__ && DEFINED___LB__HAVE_PWRITE__RB__;artifact;82;101
src/os/os_rw.c;1;DEFINED___LB__HAVE_PREAD__RB__ && DEFINED___LB__HAVE_PWRITE__RB__;1 && DEFINED___LB__HAVE_PREAD__RB__ && DEFINED___LB__HAVE_PWRITE__RB__;endif;102;102
src/os/os_rw.c;1;1;1;artifact;103;149
src/os/os_rw.c;1;DEFINED___LB__HAVE_STATISTICS__RB__;1 && DEFINED___LB__HAVE_STATISTICS__RB__;if;150;150
src/os/os_rw.c;1;DEFINED___LB__HAVE_STATISTICS__RB__;1 && DEFINED___LB__HAVE_STATISTICS__RB__;artifact;151;151
src/os/os_rw.c;1;DEFINED___LB__HAVE_STATISTICS__RB__;1 && DEFINED___LB__HAVE_STATISTICS__RB__;endif;152;152
src/os/os_rw.c;1;1;1;artifact;153;204
src/os/os_rw.c;1;HAVE_FILESYSTEM_NOTZERO;1 && HAVE_FILESYSTEM_NOTZERO;if;205;205
src/os/os_rw.c;1;HAVE_FILESYSTEM_NOTZERO;1 && HAVE_FILESYSTEM_NOTZERO;artifact;206;211
src/os/os_rw.c;1;HAVE_FILESYSTEM_NOTZERO;1 && HAVE_FILESYSTEM_NOTZERO;endif;212;212
src/os/os_rw.c;1;1;1;artifact;213;239
src/os/os_rw.c;1;DEFINED___LB__HAVE_STATISTICS__RB__;1 && DEFINED___LB__HAVE_STATISTICS__RB__;if;240;240
src/os/os_rw.c;1;DEFINED___LB__HAVE_STATISTICS__RB__;1 && DEFINED___LB__HAVE_STATISTICS__RB__;artifact;241;241
src/os/os_rw.c;1;DEFINED___LB__HAVE_STATISTICS__RB__;1 && DEFINED___LB__HAVE_STATISTICS__RB__;endif;242;242
src/os/os_rw.c;1;1;1;artifact;243;247
src/os/os_rw.c;1;DEFINED___LB__HAVE_FILESYSTEM_NOTZERO__RB__ && DEFINED___LB__DIAGNOSTIC__RB__;1 && DEFINED___LB__HAVE_FILESYSTEM_NOTZERO__RB__ && DEFINED___LB__DIAGNOSTIC__RB__;if;248;248
src/os/os_rw.c;1;DEFINED___LB__HAVE_FILESYSTEM_NOTZERO__RB__ && DEFINED___LB__DIAGNOSTIC__RB__;1 && DEFINED___LB__HAVE_FILESYSTEM_NOTZERO__RB__ && DEFINED___LB__DIAGNOSTIC__RB__;artifact;249;256
src/os/os_rw.c;1;DEFINED___LB__HAVE_FILESYSTEM_NOTZERO__RB__ && DEFINED___LB__DIAGNOSTIC__RB__;1 && DEFINED___LB__HAVE_FILESYSTEM_NOTZERO__RB__ && DEFINED___LB__DIAGNOSTIC__RB__;endif;257;257
src/os/os_rw.c;1;1;1;artifact;258;292
src/os/os_seek.c;1;1;1;ROOT;1;68
src/os/os_seek.c;1;1;1;artifact;1;35
src/os/os_seek.c;1;DEFINED___LB__HAVE_STATISTICS__RB__;1 && DEFINED___LB__HAVE_STATISTICS__RB__;if;36;36
src/os/os_seek.c;1;DEFINED___LB__HAVE_STATISTICS__RB__;1 && DEFINED___LB__HAVE_STATISTICS__RB__;artifact;37;37
src/os/os_seek.c;1;DEFINED___LB__HAVE_STATISTICS__RB__;1 && DEFINED___LB__HAVE_STATISTICS__RB__;endif;38;38
src/os/os_seek.c;1;1;1;artifact;39;67
src/os/os_stack.c;1;1;1;ROOT;1;47
src/os/os_stack.c;1;1;1;artifact;1;11
src/os/os_stack.c;1;DEFINED___LB__HAVE_SYSTEM_INCLUDE_FILES__RB__ && DEFINED___LB__HAVE_BACKTRACE__RB__ && DEFINED___LB__HAVE_BACKTRACE_SYMBOLS__RB__ && DEFINED___LB__HAVE_EXECINFO_H__RB__;1 && DEFINED___LB__HAVE_SYSTEM_INCLUDE_FILES__RB__ && DEFINED___LB__HAVE_BACKTRACE__RB__ && DEFINED___LB__HAVE_BACKTRACE_SYMBOLS__RB__ && DEFINED___LB__HAVE_EXECINFO_H__RB__;if;12;13
src/os/os_stack.c;1;DEFINED___LB__HAVE_SYSTEM_INCLUDE_FILES__RB__ && DEFINED___LB__HAVE_BACKTRACE__RB__ && DEFINED___LB__HAVE_BACKTRACE_SYMBOLS__RB__ && DEFINED___LB__HAVE_EXECINFO_H__RB__;1 && DEFINED___LB__HAVE_SYSTEM_INCLUDE_FILES__RB__ && DEFINED___LB__HAVE_BACKTRACE__RB__ && DEFINED___LB__HAVE_BACKTRACE_SYMBOLS__RB__ && DEFINED___LB__HAVE_EXECINFO_H__RB__;artifact;14;14
src/os/os_stack.c;1;DEFINED___LB__HAVE_SYSTEM_INCLUDE_FILES__RB__ && DEFINED___LB__HAVE_BACKTRACE__RB__ && DEFINED___LB__HAVE_BACKTRACE_SYMBOLS__RB__ && DEFINED___LB__HAVE_EXECINFO_H__RB__;1 && DEFINED___LB__HAVE_SYSTEM_INCLUDE_FILES__RB__ && DEFINED___LB__HAVE_BACKTRACE__RB__ && DEFINED___LB__HAVE_BACKTRACE_SYMBOLS__RB__ && DEFINED___LB__HAVE_EXECINFO_H__RB__;endif;15;15
src/os/os_stack.c;1;1;1;artifact;16;26
src/os/os_stack.c;1;DEFINED___LB__HAVE_BACKTRACE__RB__ && DEFINED___LB__HAVE_BACKTRACE_SYMBOLS__RB__;1 && DEFINED___LB__HAVE_BACKTRACE__RB__ && DEFINED___LB__HAVE_BACKTRACE_SYMBOLS__RB__;if;27;27
src/os/os_stack.c;1;DEFINED___LB__HAVE_BACKTRACE__RB__ && DEFINED___LB__HAVE_BACKTRACE_SYMBOLS__RB__;1 && DEFINED___LB__HAVE_BACKTRACE__RB__ && DEFINED___LB__HAVE_BACKTRACE_SYMBOLS__RB__;artifact;28;42
src/os/os_stack.c;1;DEFINED___LB__HAVE_BACKTRACE__RB__ && DEFINED___LB__HAVE_BACKTRACE_SYMBOLS__RB__;1 && DEFINED___LB__HAVE_BACKTRACE__RB__ && DEFINED___LB__HAVE_BACKTRACE_SYMBOLS__RB__;endif;43;43
src/os/os_stack.c;1;1;1;artifact;44;46
src/os/os_stat.c;1;1;1;ROOT;1;110
src/os/os_stat.c;1;1;1;artifact;1;42
src/os/os_stat.c;1;!DEFINED___LB__S_ISDIR__RB__ || DEFINED___LB__STAT_MACROS_BROKEN__RB__;1 && (!DEFINED___LB__S_ISDIR__RB__ || DEFINED___LB__STAT_MACROS_BROKEN__RB__);if;43;43
src/os/os_stat.c;1;!DEFINED___LB__S_ISDIR__RB__ || DEFINED___LB__STAT_MACROS_BROKEN__RB__;1 && (!DEFINED___LB__S_ISDIR__RB__ || DEFINED___LB__STAT_MACROS_BROKEN__RB__);artifact;44;44
src/os/os_stat.c;1;_S_IFDIR;1 && (!DEFINED___LB__S_ISDIR__RB__ || DEFINED___LB__STAT_MACROS_BROKEN__RB__) && _S_IFDIR;if;45;45
src/os/os_stat.c;1;_S_IFDIR;1 && (!DEFINED___LB__S_ISDIR__RB__ || DEFINED___LB__STAT_MACROS_BROKEN__RB__) && _S_IFDIR;artifact;46;46
src/os/os_stat.c;1;!_S_IFDIR;!_S_IFDIR && 1 && (!DEFINED___LB__S_ISDIR__RB__ || DEFINED___LB__STAT_MACROS_BROKEN__RB__);else;47;47
src/os/os_stat.c;1;!_S_IFDIR;!_S_IFDIR && 1 && (!DEFINED___LB__S_ISDIR__RB__ || DEFINED___LB__STAT_MACROS_BROKEN__RB__);artifact;48;48
src/os/os_stat.c;1;!_S_IFDIR;!_S_IFDIR && 1 && (!DEFINED___LB__S_ISDIR__RB__ || DEFINED___LB__STAT_MACROS_BROKEN__RB__);endif;49;49
src/os/os_stat.c;1;!DEFINED___LB__S_ISDIR__RB__ || DEFINED___LB__STAT_MACROS_BROKEN__RB__;1 && (!DEFINED___LB__S_ISDIR__RB__ || DEFINED___LB__STAT_MACROS_BROKEN__RB__);endif;50;50
src/os/os_stat.c;1;1;1;artifact;51;99
src/os/os_stat.c;1;HAVE_STRUCT_STAT_ST_BLKSIZE;1 && HAVE_STRUCT_STAT_ST_BLKSIZE;if;100;100
src/os/os_stat.c;1;HAVE_STRUCT_STAT_ST_BLKSIZE;1 && HAVE_STRUCT_STAT_ST_BLKSIZE;artifact;101;102
src/os/os_stat.c;1;!HAVE_STRUCT_STAT_ST_BLKSIZE;!HAVE_STRUCT_STAT_ST_BLKSIZE && 1;else;103;103
src/os/os_stat.c;1;!HAVE_STRUCT_STAT_ST_BLKSIZE;!HAVE_STRUCT_STAT_ST_BLKSIZE && 1;artifact;104;105
src/os/os_stat.c;1;!HAVE_STRUCT_STAT_ST_BLKSIZE;!HAVE_STRUCT_STAT_ST_BLKSIZE && 1;endif;106;106
src/os/os_stat.c;1;1;1;artifact;107;109
src/os/os_tmpdir.c;1;1;1;ROOT;1;143
src/os/os_tmpdir.c;1;1;1;artifact;1;12
src/os/os_tmpdir.c;1;HAVE_SYSTEM_INCLUDE_FILES;1 && HAVE_SYSTEM_INCLUDE_FILES;if;13;13
src/os/os_tmpdir.c;1;macintosh;1 && HAVE_SYSTEM_INCLUDE_FILES && macintosh;if;14;14
src/os/os_tmpdir.c;1;macintosh;1 && HAVE_SYSTEM_INCLUDE_FILES && macintosh;artifact;15;15
src/os/os_tmpdir.c;1;macintosh;1 && HAVE_SYSTEM_INCLUDE_FILES && macintosh;endif;16;16
src/os/os_tmpdir.c;1;HAVE_SYSTEM_INCLUDE_FILES;1 && HAVE_SYSTEM_INCLUDE_FILES;endif;17;17
src/os/os_tmpdir.c;1;1;1;artifact;18;76
src/os/os_tmpdir.c;1;macintosh;1 && macintosh;if;77;77
src/os/os_tmpdir.c;1;macintosh;1 && macintosh;artifact;78;85
src/os/os_tmpdir.c;1;macintosh;1 && macintosh;endif;86;86
src/os/os_tmpdir.c;1;DB_WIN32;1 && DB_WIN32;if;87;87
src/os/os_tmpdir.c;1;DB_WIN32;1 && DB_WIN32;artifact;88;109
src/os/os_tmpdir.c;1;DB_WIN32;1 && DB_WIN32;endif;110;110
src/os/os_tmpdir.c;1;1;1;artifact;111;122
src/os/os_tmpdir.c;1;DB_WIN32;1 && DB_WIN32;if;123;123
src/os/os_tmpdir.c;1;DB_WIN32;1 && DB_WIN32;artifact;124;126
src/os/os_tmpdir.c;1;!DB_WIN32;!DB_WIN32 && 1;else;127;127
src/os/os_tmpdir.c;1;!DB_WIN32;!DB_WIN32 && 1;artifact;128;130
src/os/os_tmpdir.c;1;DEFINED___LB__ANDROID__RB__ || DEFINED___LB__DB_ANDROID__RB__;!DB_WIN32 && 1 && (DEFINED___LB__ANDROID__RB__ || DEFINED___LB__DB_ANDROID__RB__);if;131;131
src/os/os_tmpdir.c;1;DEFINED___LB__ANDROID__RB__ || DEFINED___LB__DB_ANDROID__RB__;!DB_WIN32 && 1 && (DEFINED___LB__ANDROID__RB__ || DEFINED___LB__DB_ANDROID__RB__);artifact;132;132
src/os/os_tmpdir.c;1;DEFINED___LB__ANDROID__RB__ || DEFINED___LB__DB_ANDROID__RB__;!DB_WIN32 && 1 && (DEFINED___LB__ANDROID__RB__ || DEFINED___LB__DB_ANDROID__RB__);endif;133;133
src/os/os_tmpdir.c;1;!DB_WIN32;!DB_WIN32 && 1;endif;134;134
src/os/os_tmpdir.c;1;1;1;artifact;135;142
src/os/os_truncate.c;1;1;1;ROOT;1;65
src/os/os_truncate.c;1;1;1;artifact;1;48
src/os/os_truncate.c;1;HAVE_FTRUNCATE;1 && HAVE_FTRUNCATE;if;49;49
src/os/os_truncate.c;1;HAVE_FTRUNCATE;1 && HAVE_FTRUNCATE;artifact;50;50
src/os/os_truncate.c;1;!HAVE_FTRUNCATE;!HAVE_FTRUNCATE && 1;else;51;51
src/os/os_truncate.c;1;!HAVE_FTRUNCATE;!HAVE_FTRUNCATE && 1;artifact;52;52
src/os/os_truncate.c;1;!HAVE_FTRUNCATE;!HAVE_FTRUNCATE && 1;endif;53;53
src/os/os_truncate.c;1;1;1;artifact;54;64
src/os/os_uid.c;1;1;1;ROOT;1;57
src/os/os_uid.c;1;1;1;artifact;1;56
src/os/os_unlink.c;1;1;1;ROOT;1;82
src/os/os_unlink.c;1;1;1;artifact;1;44
src/os/os_unlink.c;1;HAVE_QNX;1 && HAVE_QNX;if;45;45
src/os/os_unlink.c;1;HAVE_QNX;1 && HAVE_QNX;artifact;46;52
src/os/os_unlink.c;1;HAVE_QNX;1 && HAVE_QNX;endif;53;53
src/os/os_unlink.c;1;1;1;artifact;54;81
src/os/os_yield.c;1;1;1;ROOT;1;97
src/os/os_yield.c;1;1;1;artifact;1;12
src/os/os_yield.c;1;DEFINED___LB__HAVE_SYSTEM_INCLUDE_FILES__RB__ && DEFINED___LB__HAVE_SCHED_YIELD__RB__;1 && DEFINED___LB__HAVE_SYSTEM_INCLUDE_FILES__RB__ && DEFINED___LB__HAVE_SCHED_YIELD__RB__;if;13;13
src/os/os_yield.c;1;DEFINED___LB__HAVE_SYSTEM_INCLUDE_FILES__RB__ && DEFINED___LB__HAVE_SCHED_YIELD__RB__;1 && DEFINED___LB__HAVE_SYSTEM_INCLUDE_FILES__RB__ && DEFINED___LB__HAVE_SCHED_YIELD__RB__;artifact;14;14
src/os/os_yield.c;1;DEFINED___LB__HAVE_SYSTEM_INCLUDE_FILES__RB__ && DEFINED___LB__HAVE_SCHED_YIELD__RB__;1 && DEFINED___LB__HAVE_SYSTEM_INCLUDE_FILES__RB__ && DEFINED___LB__HAVE_SCHED_YIELD__RB__;endif;15;15
src/os/os_yield.c;1;1;1;artifact;16;49
src/os/os_yield.c;1;DEFINED___LB__HAVE_MUTEX_UI_THREADS__RB__;1 && DEFINED___LB__HAVE_MUTEX_UI_THREADS__RB__;if;50;50
src/os/os_yield.c;1;DEFINED___LB__HAVE_MUTEX_UI_THREADS__RB__;1 && DEFINED___LB__HAVE_MUTEX_UI_THREADS__RB__;artifact;51;51
src/os/os_yield.c;1;DEFINED___LB__HAVE_PTHREAD_YIELD__RB__ && !DEFINED___LB__HAVE_MUTEX_UI_THREADS__RB__;DEFINED___LB__HAVE_PTHREAD_YIELD__RB__ && !DEFINED___LB__HAVE_MUTEX_UI_THREADS__RB__ && 1;elif;52;52
src/os/os_yield.c;1;DEFINED___LB__HAVE_PTHREAD_YIELD__RB__ && !DEFINED___LB__HAVE_MUTEX_UI_THREADS__RB__;DEFINED___LB__HAVE_PTHREAD_YIELD__RB__ && !DEFINED___LB__HAVE_MUTEX_UI_THREADS__RB__ && 1;artifact;53;53
src/os/os_yield.c;1;DEFINED___LB__HAVE_SCHED_YIELD__RB__ && !DEFINED___LB__HAVE_PTHREAD_YIELD__RB__ && !DEFINED___LB__HAVE_MUTEX_UI_THREADS__RB__;DEFINED___LB__HAVE_SCHED_YIELD__RB__ && !DEFINED___LB__HAVE_PTHREAD_YIELD__RB__ && !DEFINED___LB__HAVE_MUTEX_UI_THREADS__RB__ && 1;elif;54;54
src/os/os_yield.c;1;DEFINED___LB__HAVE_SCHED_YIELD__RB__ && !DEFINED___LB__HAVE_PTHREAD_YIELD__RB__ && !DEFINED___LB__HAVE_MUTEX_UI_THREADS__RB__;DEFINED___LB__HAVE_SCHED_YIELD__RB__ && !DEFINED___LB__HAVE_PTHREAD_YIELD__RB__ && !DEFINED___LB__HAVE_MUTEX_UI_THREADS__RB__ && 1;artifact;55;55
src/os/os_yield.c;1;DEFINED___LB__HAVE_YIELD__RB__ && !DEFINED___LB__HAVE_SCHED_YIELD__RB__ && !DEFINED___LB__HAVE_PTHREAD_YIELD__RB__ && !DEFINED___LB__HAVE_MUTEX_UI_THREADS__RB__;DEFINED___LB__HAVE_YIELD__RB__ && !DEFINED___LB__HAVE_SCHED_YIELD__RB__ && !DEFINED___LB__HAVE_PTHREAD_YIELD__RB__ && !DEFINED___LB__HAVE_MUTEX_UI_THREADS__RB__ && 1;elif;56;56
src/os/os_yield.c;1;DEFINED___LB__HAVE_YIELD__RB__ && !DEFINED___LB__HAVE_SCHED_YIELD__RB__ && !DEFINED___LB__HAVE_PTHREAD_YIELD__RB__ && !DEFINED___LB__HAVE_MUTEX_UI_THREADS__RB__;DEFINED___LB__HAVE_YIELD__RB__ && !DEFINED___LB__HAVE_SCHED_YIELD__RB__ && !DEFINED___LB__HAVE_PTHREAD_YIELD__RB__ && !DEFINED___LB__HAVE_MUTEX_UI_THREADS__RB__ && 1;artifact;57;57
src/os/os_yield.c;1;!DEFINED___LB__HAVE_YIELD__RB__ && !DEFINED___LB__HAVE_SCHED_YIELD__RB__ && !DEFINED___LB__HAVE_PTHREAD_YIELD__RB__ && !DEFINED___LB__HAVE_MUTEX_UI_THREADS__RB__;!DEFINED___LB__HAVE_YIELD__RB__ && !DEFINED___LB__HAVE_SCHED_YIELD__RB__ && !DEFINED___LB__HAVE_PTHREAD_YIELD__RB__ && !DEFINED___LB__HAVE_MUTEX_UI_THREADS__RB__ && 1;else;58;58
src/os/os_yield.c;1;!DEFINED___LB__HAVE_YIELD__RB__ && !DEFINED___LB__HAVE_SCHED_YIELD__RB__ && !DEFINED___LB__HAVE_PTHREAD_YIELD__RB__ && !DEFINED___LB__HAVE_MUTEX_UI_THREADS__RB__;!DEFINED___LB__HAVE_YIELD__RB__ && !DEFINED___LB__HAVE_SCHED_YIELD__RB__ && !DEFINED___LB__HAVE_PTHREAD_YIELD__RB__ && !DEFINED___LB__HAVE_MUTEX_UI_THREADS__RB__ && 1;artifact;59;59
src/os/os_yield.c;1;!DEFINED___LB__HAVE_YIELD__RB__ && !DEFINED___LB__HAVE_SCHED_YIELD__RB__ && !DEFINED___LB__HAVE_PTHREAD_YIELD__RB__ && !DEFINED___LB__HAVE_MUTEX_UI_THREADS__RB__;!DEFINED___LB__HAVE_YIELD__RB__ && !DEFINED___LB__HAVE_SCHED_YIELD__RB__ && !DEFINED___LB__HAVE_PTHREAD_YIELD__RB__ && !DEFINED___LB__HAVE_MUTEX_UI_THREADS__RB__ && 1;endif;60;60
src/os/os_yield.c;1;1;1;artifact;61;96
src/qam/qam.c;1;1;1;ROOT;1;1762
src/qam/qam.c;1;1;1;artifact;1;610
src/qam/qam.c;1;DEBUG_WOP;1 && DEBUG_WOP;if;611;611
src/qam/qam.c;1;DEBUG_WOP;1 && DEBUG_WOP;artifact;612;612
src/qam/qam.c;1;DEBUG_WOP;1 && DEBUG_WOP;endif;613;613
src/qam/qam.c;1;1;1;artifact;614;841
src/qam/qam.c;1;QDEBUG;1 && QDEBUG;if;842;842
src/qam/qam.c;1;QDEBUG;1 && QDEBUG;artifact;843;847
src/qam/qam.c;1;QDEBUG;1 && QDEBUG;endif;848;848
src/qam/qam.c;1;1;1;artifact;849;922
src/qam/qam.c;1;QDEBUG;1 && QDEBUG;if;923;923
src/qam/qam.c;1;QDEBUG;1 && QDEBUG;artifact;924;929
src/qam/qam.c;1;QDEBUG;1 && QDEBUG;endif;930;930
src/qam/qam.c;1;1;1;artifact;931;1000
src/qam/qam.c;1;QDEBUG;1 && QDEBUG;if;1001;1001
src/qam/qam.c;1;QDEBUG;1 && QDEBUG;artifact;1002;1005
src/qam/qam.c;1;QDEBUG;1 && QDEBUG;endif;1006;1006
src/qam/qam.c;1;1;1;artifact;1007;1151
src/qam/qam.c;1;QDEBUG;1 && QDEBUG;if;1152;1152
src/qam/qam.c;1;QDEBUG;1 && QDEBUG;artifact;1153;1157
src/qam/qam.c;1;QDEBUG;1 && QDEBUG;endif;1158;1158
src/qam/qam.c;1;1;1;artifact;1159;1276
src/qam/qam.c;1;QDEBUG;1 && QDEBUG;if;1277;1277
src/qam/qam.c;1;QDEBUG;1 && QDEBUG;artifact;1278;1282
src/qam/qam.c;1;QDEBUG;1 && QDEBUG;endif;1283;1283
src/qam/qam.c;1;1;1;artifact;1284;1342
src/qam/qam.c;1;QDEBUG;1 && QDEBUG;if;1343;1343
src/qam/qam.c;1;QDEBUG;1 && QDEBUG;artifact;1344;1347
src/qam/qam.c;1;QDEBUG;1 && QDEBUG;endif;1348;1348
src/qam/qam.c;1;1;1;artifact;1349;1761
src/qam/qam_auto.c;1;1;1;ROOT;1;85
src/qam/qam_auto.c;1;1;1;artifact;1;84
src/qam/qam_autop.c;1;1;1;ROOT;1;128
src/qam/qam_autop.c;1;1;1;artifact;1;4
src/qam/qam_autop.c;1;HAVE_QUEUE;1 && HAVE_QUEUE;if;5;5
src/qam/qam_autop.c;1;HAVE_QUEUE;1 && HAVE_QUEUE;artifact;6;125
src/qam/qam_autop.c;1;HAVE_QUEUE;1 && HAVE_QUEUE;endif;126;126
src/qam/qam_autop.c;1;1;1;artifact;127;127
src/qam/qam_conv.c;1;1;1;ROOT;1;81
src/qam/qam_conv.c;1;1;1;artifact;1;80
src/qam/qam_files.c;1;1;1;ROOT;1;941
src/qam/qam_files.c;1;1;1;artifact;1;940
src/qam/qam_method.c;1;1;1;ROOT;1;401
src/qam/qam_method.c;1;1;1;artifact;1;176
src/qam/qam_method.c;1;HAVE_STATISTICS;1 && HAVE_STATISTICS;if;177;177
src/qam/qam_method.c;1;HAVE_STATISTICS;1 && HAVE_STATISTICS;artifact;178;179
src/qam/qam_method.c;1;!HAVE_STATISTICS;!HAVE_STATISTICS && 1;else;180;180
src/qam/qam_method.c;1;!HAVE_STATISTICS;!HAVE_STATISTICS && 1;artifact;181;182
src/qam/qam_method.c;1;!HAVE_STATISTICS;!HAVE_STATISTICS && 1;endif;183;183
src/qam/qam_method.c;1;1;1;artifact;184;191
src/qam/qam_method.c;1;HAVE_STATISTICS;1 && HAVE_STATISTICS;if;192;192
src/qam/qam_method.c;1;HAVE_STATISTICS;1 && HAVE_STATISTICS;artifact;193;258
src/qam/qam_method.c;1;HAVE_STATISTICS;1 && HAVE_STATISTICS;endif;259;259
src/qam/qam_method.c;1;1;1;artifact;260;400
src/qam/qam_open.c;1;1;1;ROOT;1;348
src/qam/qam_open.c;1;1;1;artifact;1;347
src/qam/qam_rec.c;1;1;1;ROOT;1;689
src/qam/qam_rec.c;1;1;1;artifact;1;688
src/qam/qam_stat.c;1;1;1;ROOT;1;257
src/qam/qam_stat.c;1;1;1;artifact;1;17
src/qam/qam_stat.c;1;HAVE_STATISTICS;1 && HAVE_STATISTICS;if;18;18
src/qam/qam_stat.c;1;HAVE_STATISTICS;1 && HAVE_STATISTICS;artifact;19;241
src/qam/qam_stat.c;1;!HAVE_STATISTICS;!HAVE_STATISTICS && 1;else;242;242
src/qam/qam_stat.c;1;!HAVE_STATISTICS;!HAVE_STATISTICS && 1;artifact;243;254
src/qam/qam_stat.c;1;!HAVE_STATISTICS;!HAVE_STATISTICS && 1;endif;255;255
src/qam/qam_stat.c;1;1;1;artifact;256;256
src/qam/qam_stub.c;1;1;1;ROOT;1;341
src/qam/qam_stub.c;1;1;1;artifact;1;8
src/qam/qam_stub.c;1;!HAVE_QUEUE;1 && !HAVE_QUEUE;if;9;9
src/qam/qam_stub.c;1;!HAVE_QUEUE;1 && !HAVE_QUEUE;artifact;10;338
src/qam/qam_stub.c;1;!HAVE_QUEUE;1 && !HAVE_QUEUE;endif;339;339
src/qam/qam_stub.c;1;1;1;artifact;340;340
src/qam/qam_upgrade.c;1;1;1;ROOT;1;103
src/qam/qam_upgrade.c;1;1;1;artifact;1;102
src/qam/qam_verify.c;1;1;1;ROOT;1;655
src/qam/qam_verify.c;1;1;1;artifact;1;654
src/rep/rep_automsg.c;1;1;1;ROOT;1;1043
src/rep/rep_automsg.c;1;1;1;artifact;1;1042
src/rep/rep_backup.c;1;1;1;ROOT;1;3570
src/rep/rep_backup.c;1;1;1;artifact;1;737
src/rep/rep_backup.c;1;HAVE_QUEUE;1 && HAVE_QUEUE;if;738;738
src/rep/rep_backup.c;1;HAVE_QUEUE;1 && HAVE_QUEUE;artifact;739;739
src/rep/rep_backup.c;1;HAVE_QUEUE;1 && HAVE_QUEUE;endif;740;740
src/rep/rep_backup.c;1;1;1;artifact;741;814
src/rep/rep_backup.c;1;HAVE_QUEUE;1 && HAVE_QUEUE;if;815;815
src/rep/rep_backup.c;1;HAVE_QUEUE;1 && HAVE_QUEUE;artifact;816;822
src/rep/rep_backup.c;1;HAVE_QUEUE;1 && HAVE_QUEUE;endif;823;823
src/rep/rep_backup.c;1;1;1;artifact;824;1221
src/rep/rep_backup.c;1;HAVE_REPLICATION_THREADS;1 && HAVE_REPLICATION_THREADS;if;1222;1222
src/rep/rep_backup.c;1;HAVE_REPLICATION_THREADS;1 && HAVE_REPLICATION_THREADS;artifact;1223;1223
src/rep/rep_backup.c;1;HAVE_REPLICATION_THREADS;1 && HAVE_REPLICATION_THREADS;endif;1224;1224
src/rep/rep_backup.c;1;1;1;artifact;1225;1232
src/rep/rep_backup.c;1;HAVE_REPLICATION_THREADS;1 && HAVE_REPLICATION_THREADS;if;1233;1233
src/rep/rep_backup.c;1;HAVE_REPLICATION_THREADS;1 && HAVE_REPLICATION_THREADS;artifact;1234;1234
src/rep/rep_backup.c;1;HAVE_REPLICATION_THREADS;1 && HAVE_REPLICATION_THREADS;endif;1235;1235
src/rep/rep_backup.c;1;1;1;artifact;1236;1356
src/rep/rep_backup.c;1;HAVE_REPLICATION_THREADS;1 && HAVE_REPLICATION_THREADS;if;1357;1357
src/rep/rep_backup.c;1;HAVE_REPLICATION_THREADS;1 && HAVE_REPLICATION_THREADS;artifact;1358;1366
src/rep/rep_backup.c;1;HAVE_REPLICATION_THREADS;1 && HAVE_REPLICATION_THREADS;endif;1367;1367
src/rep/rep_backup.c;1;1;1;artifact;1368;1370
src/rep/rep_backup.c;1;HAVE_REPLICATION_THREADS;1 && HAVE_REPLICATION_THREADS;if;1371;1371
src/rep/rep_backup.c;1;HAVE_REPLICATION_THREADS;1 && HAVE_REPLICATION_THREADS;artifact;1372;1373
src/rep/rep_backup.c;1;HAVE_REPLICATION_THREADS;1 && HAVE_REPLICATION_THREADS;endif;1374;1374
src/rep/rep_backup.c;1;1;1;artifact;1375;1444
src/rep/rep_backup.c;1;HAVE_QUEUE;1 && HAVE_QUEUE;if;1445;1445
src/rep/rep_backup.c;1;HAVE_QUEUE;1 && HAVE_QUEUE;artifact;1446;1446
src/rep/rep_backup.c;1;HAVE_QUEUE;1 && HAVE_QUEUE;endif;1447;1447
src/rep/rep_backup.c;1;1;1;artifact;1448;1458
src/rep/rep_backup.c;1;HAVE_QUEUE;1 && HAVE_QUEUE;if;1459;1459
src/rep/rep_backup.c;1;HAVE_QUEUE;1 && HAVE_QUEUE;artifact;1460;1492
src/rep/rep_backup.c;1;HAVE_QUEUE;1 && HAVE_QUEUE;endif;1493;1493
src/rep/rep_backup.c;1;1;1;artifact;1494;1518
src/rep/rep_backup.c;1;HAVE_QUEUE;1 && HAVE_QUEUE;if;1519;1519
src/rep/rep_backup.c;1;HAVE_QUEUE;1 && HAVE_QUEUE;artifact;1520;1520
src/rep/rep_backup.c;1;HAVE_QUEUE;1 && HAVE_QUEUE;endif;1521;1521
src/rep/rep_backup.c;1;1;1;artifact;1522;1871
src/rep/rep_backup.c;1;HAVE_QUEUE;1 && HAVE_QUEUE;if;1872;1872
src/rep/rep_backup.c;1;HAVE_QUEUE;1 && HAVE_QUEUE;artifact;1873;1874
src/rep/rep_backup.c;1;!HAVE_QUEUE;!HAVE_QUEUE && 1;else;1875;1875
src/rep/rep_backup.c;1;!HAVE_QUEUE;!HAVE_QUEUE && 1;artifact;1876;1879
src/rep/rep_backup.c;1;!HAVE_QUEUE;!HAVE_QUEUE && 1;endif;1880;1880
src/rep/rep_backup.c;1;1;1;artifact;1881;1922
src/rep/rep_backup.c;1;HAVE_QUEUE;1 && HAVE_QUEUE;if;1923;1923
src/rep/rep_backup.c;1;HAVE_QUEUE;1 && HAVE_QUEUE;artifact;1924;1927
src/rep/rep_backup.c;1;HAVE_QUEUE;1 && HAVE_QUEUE;endif;1928;1928
src/rep/rep_backup.c;1;1;1;artifact;1929;2989
src/rep/rep_backup.c;1;!HAVE_QUEUE;1 && !HAVE_QUEUE;if;2990;2990
src/rep/rep_backup.c;1;!HAVE_QUEUE;1 && !HAVE_QUEUE;artifact;2991;2994
src/rep/rep_backup.c;1;HAVE_QUEUE;HAVE_QUEUE && 1;else;2995;2995
src/rep/rep_backup.c;1;HAVE_QUEUE;HAVE_QUEUE && 1;artifact;2996;3107
src/rep/rep_backup.c;1;HAVE_QUEUE;HAVE_QUEUE && 1;endif;3108;3108
src/rep/rep_backup.c;1;1;1;artifact;3109;3301
src/rep/rep_backup.c;1;HAVE_REPLICATION_THREADS;1 && HAVE_REPLICATION_THREADS;if;3302;3302
src/rep/rep_backup.c;1;HAVE_REPLICATION_THREADS;1 && HAVE_REPLICATION_THREADS;artifact;3303;3303
src/rep/rep_backup.c;1;HAVE_REPLICATION_THREADS;1 && HAVE_REPLICATION_THREADS;endif;3304;3304
src/rep/rep_backup.c;1;1;1;artifact;3305;3312
src/rep/rep_backup.c;1;HAVE_REPLICATION_THREADS;1 && HAVE_REPLICATION_THREADS;if;3313;3313
src/rep/rep_backup.c;1;HAVE_REPLICATION_THREADS;1 && HAVE_REPLICATION_THREADS;artifact;3314;3314
src/rep/rep_backup.c;1;HAVE_REPLICATION_THREADS;1 && HAVE_REPLICATION_THREADS;endif;3315;3315
src/rep/rep_backup.c;1;1;1;artifact;3316;3348
src/rep/rep_backup.c;1;HAVE_REPLICATION_THREADS;1 && HAVE_REPLICATION_THREADS;if;3349;3349
src/rep/rep_backup.c;1;HAVE_REPLICATION_THREADS;1 && HAVE_REPLICATION_THREADS;artifact;3350;3369
src/rep/rep_backup.c;1;HAVE_REPLICATION_THREADS;1 && HAVE_REPLICATION_THREADS;endif;3370;3370
src/rep/rep_backup.c;1;1;1;artifact;3371;3376
src/rep/rep_backup.c;1;HAVE_REPLICATION_THREADS;1 && HAVE_REPLICATION_THREADS;if;3377;3377
src/rep/rep_backup.c;1;HAVE_REPLICATION_THREADS;1 && HAVE_REPLICATION_THREADS;artifact;3378;3379
src/rep/rep_backup.c;1;HAVE_REPLICATION_THREADS;1 && HAVE_REPLICATION_THREADS;endif;3380;3380
src/rep/rep_backup.c;1;1;1;artifact;3381;3569
src/rep/rep_elect.c;1;1;1;ROOT;1;1488
src/rep/rep_elect.c;1;1;1;artifact;1;304
src/rep/rep_elect.c;1;CONFIG_TEST;1 && CONFIG_TEST;if;305;305
src/rep/rep_elect.c;1;CONFIG_TEST;1 && CONFIG_TEST;artifact;306;315
src/rep/rep_elect.c;1;CONFIG_TEST;1 && CONFIG_TEST;endif;316;316
src/rep/rep_elect.c;1;1;1;artifact;317;582
src/rep/rep_elect.c;1;CONFIG_TEST;1 && CONFIG_TEST;if;583;583
src/rep/rep_elect.c;1;CONFIG_TEST;1 && CONFIG_TEST;artifact;584;587
src/rep/rep_elect.c;1;CONFIG_TEST;1 && CONFIG_TEST;endif;588;588
src/rep/rep_elect.c;1;1;1;artifact;589;1487
src/rep/rep_lease.c;1;1;1;ROOT;1;547
src/rep/rep_lease.c;1;1;1;artifact;1;309
src/rep/rep_lease.c;1;HAVE_STATISTICS;1 && HAVE_STATISTICS;if;310;310
src/rep/rep_lease.c;1;HAVE_STATISTICS;1 && HAVE_STATISTICS;artifact;311;311
src/rep/rep_lease.c;1;HAVE_STATISTICS;1 && HAVE_STATISTICS;endif;312;312
src/rep/rep_lease.c;1;1;1;artifact;313;365
src/rep/rep_lease.c;1;HAVE_STATISTICS;1 && HAVE_STATISTICS;if;366;366
src/rep/rep_lease.c;1;HAVE_STATISTICS;1 && HAVE_STATISTICS;artifact;367;367
src/rep/rep_lease.c;1;HAVE_STATISTICS;1 && HAVE_STATISTICS;endif;368;368
src/rep/rep_lease.c;1;1;1;artifact;369;390
src/rep/rep_lease.c;1;HAVE_STATISTICS;1 && HAVE_STATISTICS;if;391;391
src/rep/rep_lease.c;1;HAVE_STATISTICS;1 && HAVE_STATISTICS;artifact;392;392
src/rep/rep_lease.c;1;HAVE_STATISTICS;1 && HAVE_STATISTICS;endif;393;393
src/rep/rep_lease.c;1;1;1;artifact;394;546
src/rep/rep_log.c;1;1;1;ROOT;1;1062
src/rep/rep_log.c;1;1;1;artifact;1;1061
src/rep/rep_method.c;1;1;1;ROOT;1;3034
src/rep/rep_method.c;1;1;1;artifact;1;69
src/rep/rep_method.c;1;HAVE_REPLICATION_THREADS;1 && HAVE_REPLICATION_THREADS;if;70;70
src/rep/rep_method.c;1;HAVE_REPLICATION_THREADS;1 && HAVE_REPLICATION_THREADS;artifact;71;74
src/rep/rep_method.c;1;HAVE_REPLICATION_THREADS;1 && HAVE_REPLICATION_THREADS;endif;75;75
src/rep/rep_method.c;1;1;1;artifact;76;95
src/rep/rep_method.c;1;HAVE_REPLICATION_THREADS;1 && HAVE_REPLICATION_THREADS;if;96;96
src/rep/rep_method.c;1;HAVE_REPLICATION_THREADS;1 && HAVE_REPLICATION_THREADS;artifact;97;97
src/rep/rep_method.c;1;HAVE_REPLICATION_THREADS;1 && HAVE_REPLICATION_THREADS;endif;98;98
src/rep/rep_method.c;1;1;1;artifact;99;204
src/rep/rep_method.c;1;HAVE_REPLICATION_THREADS;1 && HAVE_REPLICATION_THREADS;if;205;205
src/rep/rep_method.c;1;HAVE_REPLICATION_THREADS;1 && HAVE_REPLICATION_THREADS;artifact;206;207
src/rep/rep_method.c;1;HAVE_REPLICATION_THREADS;1 && HAVE_REPLICATION_THREADS;endif;208;208
src/rep/rep_method.c;1;1;1;artifact;209;288
src/rep/rep_method.c;1;HAVE_REPLICATION_THREADS;1 && HAVE_REPLICATION_THREADS;if;289;289
src/rep/rep_method.c;1;HAVE_REPLICATION_THREADS;1 && HAVE_REPLICATION_THREADS;artifact;290;297
src/rep/rep_method.c;1;HAVE_REPLICATION_THREADS;1 && HAVE_REPLICATION_THREADS;endif;298;298
src/rep/rep_method.c;1;1;1;artifact;299;681
src/rep/rep_method.c;1;DIAGNOSTIC;1 && DIAGNOSTIC;if;682;682
src/rep/rep_method.c;1;DIAGNOSTIC;1 && DIAGNOSTIC;artifact;683;685
src/rep/rep_method.c;1;DIAGNOSTIC;1 && DIAGNOSTIC;endif;686;686
src/rep/rep_method.c;1;1;1;artifact;687;1774
src/rep/rep_method.c;1;HAVE_REPLICATION_THREADS;1 && HAVE_REPLICATION_THREADS;if;1775;1775
src/rep/rep_method.c;1;HAVE_REPLICATION_THREADS;1 && HAVE_REPLICATION_THREADS;artifact;1776;1776
src/rep/rep_method.c;1;HAVE_REPLICATION_THREADS;1 && HAVE_REPLICATION_THREADS;endif;1777;1777
src/rep/rep_method.c;1;1;1;artifact;1778;1884
src/rep/rep_method.c;1;HAVE_REPLICATION_THREADS;1 && HAVE_REPLICATION_THREADS;if;1885;1885
src/rep/rep_method.c;1;HAVE_REPLICATION_THREADS;1 && HAVE_REPLICATION_THREADS;artifact;1886;1915
src/rep/rep_method.c;1;HAVE_REPLICATION_THREADS;1 && HAVE_REPLICATION_THREADS;endif;1916;1916
src/rep/rep_method.c;1;1;1;artifact;1917;1965
src/rep/rep_method.c;1;HAVE_REPLICATION_THREADS;1 && HAVE_REPLICATION_THREADS;if;1966;1966
src/rep/rep_method.c;1;HAVE_REPLICATION_THREADS;1 && HAVE_REPLICATION_THREADS;artifact;1967;1986
src/rep/rep_method.c;1;HAVE_REPLICATION_THREADS;1 && HAVE_REPLICATION_THREADS;endif;1987;1987
src/rep/rep_method.c;1;1;1;artifact;1988;3033
src/rep/rep_record.c;1;1;1;ROOT;1;2588
src/rep/rep_record.c;1;1;1;artifact;1;508
src/rep/rep_record.c;1;DIAGNOSTIC;1 && DIAGNOSTIC;if;509;509
src/rep/rep_record.c;1;DIAGNOSTIC;1 && DIAGNOSTIC;artifact;510;512
src/rep/rep_record.c;1;DIAGNOSTIC;1 && DIAGNOSTIC;endif;513;513
src/rep/rep_record.c;1;1;1;artifact;514;562
src/rep/rep_record.c;1;CONFIG_TEST;1 && CONFIG_TEST;if;563;563
src/rep/rep_record.c;1;CONFIG_TEST;1 && CONFIG_TEST;artifact;564;573
src/rep/rep_record.c;1;CONFIG_TEST;1 && CONFIG_TEST;endif;574;574
src/rep/rep_record.c;1;1;1;artifact;575;614
src/rep/rep_record.c;1;NOTYET;1 && NOTYET;if;615;615
src/rep/rep_record.c;1;NOTYET;1 && NOTYET;artifact;616;621
src/rep/rep_record.c;1;NOTYET;1 && NOTYET;endif;622;622
src/rep/rep_record.c;1;1;1;artifact;623;659
src/rep/rep_record.c;1;CONFIG_TEST;1 && CONFIG_TEST;if;660;660
src/rep/rep_record.c;1;CONFIG_TEST;1 && CONFIG_TEST;artifact;661;661
src/rep/rep_record.c;1;CONFIG_TEST;1 && CONFIG_TEST;endif;662;662
src/rep/rep_record.c;1;1;1;artifact;663;1283
src/rep/rep_record.c;1;HAVE_STATISTICS;1 && HAVE_STATISTICS;if;1284;1284
src/rep/rep_record.c;1;HAVE_STATISTICS;1 && HAVE_STATISTICS;artifact;1285;1289
src/rep/rep_record.c;1;HAVE_STATISTICS;1 && HAVE_STATISTICS;endif;1290;1290
src/rep/rep_record.c;1;1;1;artifact;1291;1678
src/rep/rep_record.c;1;HAVE_STATISTICS;1 && HAVE_STATISTICS;if;1679;1679
src/rep/rep_record.c;1;HAVE_STATISTICS;1 && HAVE_STATISTICS;artifact;1680;1684
src/rep/rep_record.c;1;HAVE_STATISTICS;1 && HAVE_STATISTICS;endif;1685;1685
src/rep/rep_record.c;1;1;1;artifact;1686;2587
src/rep/rep_region.c;1;1;1;ROOT;1;612
src/rep/rep_region.c;1;1;1;artifact;1;140
src/rep/rep_region.c;1;HAVE_REPLICATION_THREADS;1 && HAVE_REPLICATION_THREADS;if;141;141
src/rep/rep_region.c;1;HAVE_REPLICATION_THREADS;1 && HAVE_REPLICATION_THREADS;artifact;142;143
src/rep/rep_region.c;1;HAVE_REPLICATION_THREADS;1 && HAVE_REPLICATION_THREADS;endif;144;144
src/rep/rep_region.c;1;1;1;artifact;145;159
src/rep/rep_region.c;1;HAVE_REPLICATION_THREADS;1 && HAVE_REPLICATION_THREADS;if;160;160
src/rep/rep_region.c;1;HAVE_REPLICATION_THREADS;1 && HAVE_REPLICATION_THREADS;artifact;161;162
src/rep/rep_region.c;1;HAVE_REPLICATION_THREADS;1 && HAVE_REPLICATION_THREADS;endif;163;163
src/rep/rep_region.c;1;1;1;artifact;164;252
src/rep/rep_region.c;1;HAVE_REPLICATION_THREADS;1 && HAVE_REPLICATION_THREADS;if;253;253
src/rep/rep_region.c;1;HAVE_REPLICATION_THREADS;1 && HAVE_REPLICATION_THREADS;artifact;254;254
src/rep/rep_region.c;1;HAVE_REPLICATION_THREADS;1 && HAVE_REPLICATION_THREADS;endif;255;255
src/rep/rep_region.c;1;1;1;artifact;256;611
src/rep/rep_stat.c;1;1;1;ROOT;1;694
src/rep/rep_stat.c;1;1;1;artifact;1;14
src/rep/rep_stat.c;1;HAVE_STATISTICS;1 && HAVE_STATISTICS;if;15;15
src/rep/rep_stat.c;1;HAVE_STATISTICS;1 && HAVE_STATISTICS;artifact;16;668
src/rep/rep_stat.c;1;!HAVE_STATISTICS;!HAVE_STATISTICS && 1;else;669;669
src/rep/rep_stat.c;1;!HAVE_STATISTICS;!HAVE_STATISTICS && 1;artifact;670;691
src/rep/rep_stat.c;1;!HAVE_STATISTICS;!HAVE_STATISTICS && 1;endif;692;692
src/rep/rep_stat.c;1;1;1;artifact;693;693
src/rep/rep_stub.c;1;1;1;ROOT;1;427
src/rep/rep_stub.c;1;1;1;artifact;1;8
src/rep/rep_stub.c;1;!HAVE_REPLICATION;1 && !HAVE_REPLICATION;if;9;9
src/rep/rep_stub.c;1;!HAVE_REPLICATION;1 && !HAVE_REPLICATION;artifact;10;424
src/rep/rep_stub.c;1;!HAVE_REPLICATION;1 && !HAVE_REPLICATION;endif;425;425
src/rep/rep_stub.c;1;1;1;artifact;426;426
src/rep/rep_util.c;1;1;1;ROOT;1;2793
src/rep/rep_util.c;1;1;1;artifact;1;16
src/rep/rep_util.c;1;REP_DIAGNOSTIC;1 && REP_DIAGNOSTIC;if;17;17
src/rep/rep_util.c;1;REP_DIAGNOSTIC;1 && REP_DIAGNOSTIC;artifact;18;22
src/rep/rep_util.c;1;REP_DIAGNOSTIC;1 && REP_DIAGNOSTIC;endif;23;23
src/rep/rep_util.c;1;1;1;artifact;24;43
src/rep/rep_util.c;1;REP_DIAGNOSTIC;1 && REP_DIAGNOSTIC;if;44;44
src/rep/rep_util.c;1;REP_DIAGNOSTIC;1 && REP_DIAGNOSTIC;artifact;45;45
src/rep/rep_util.c;1;REP_DIAGNOSTIC;1 && REP_DIAGNOSTIC;endif;46;46
src/rep/rep_util.c;1;1;1;artifact;47;355
src/rep/rep_util.c;1;DEFINED___LB__DEBUG_ROP__RB__ || DEFINED___LB__DEBUG_WOP__RB__;1 && (DEFINED___LB__DEBUG_ROP__RB__ || DEFINED___LB__DEBUG_WOP__RB__);if;356;356
src/rep/rep_util.c;1;DEFINED___LB__DEBUG_ROP__RB__ || DEFINED___LB__DEBUG_WOP__RB__;1 && (DEFINED___LB__DEBUG_ROP__RB__ || DEFINED___LB__DEBUG_WOP__RB__);artifact;357;358
src/rep/rep_util.c;1;DEFINED___LB__DEBUG_ROP__RB__ || DEFINED___LB__DEBUG_WOP__RB__;1 && (DEFINED___LB__DEBUG_ROP__RB__ || DEFINED___LB__DEBUG_WOP__RB__);endif;359;359
src/rep/rep_util.c;1;1;1;artifact;360;445
src/rep/rep_util.c;1;REP_DIAGNOSTIC;1 && REP_DIAGNOSTIC;if;446;446
src/rep/rep_util.c;1;REP_DIAGNOSTIC;1 && REP_DIAGNOSTIC;artifact;447;449
src/rep/rep_util.c;1;REP_DIAGNOSTIC;1 && REP_DIAGNOSTIC;endif;450;450
src/rep/rep_util.c;1;1;1;artifact;451;510
src/rep/rep_util.c;1;HAVE_STATISTICS;1 && HAVE_STATISTICS;if;511;511
src/rep/rep_util.c;1;HAVE_STATISTICS;1 && HAVE_STATISTICS;artifact;512;514
src/rep/rep_util.c;1;!HAVE_STATISTICS;!HAVE_STATISTICS && 1;else;515;515
src/rep/rep_util.c;1;!HAVE_STATISTICS;!HAVE_STATISTICS && 1;artifact;516;516
src/rep/rep_util.c;1;!HAVE_STATISTICS;!HAVE_STATISTICS && 1;endif;517;517
src/rep/rep_util.c;1;1;1;artifact;518;520
src/rep/rep_util.c;1;REP_DIAGNOSTIC;1 && REP_DIAGNOSTIC;if;521;521
src/rep/rep_util.c;1;REP_DIAGNOSTIC;1 && REP_DIAGNOSTIC;artifact;522;552
src/rep/rep_util.c;1;REP_DIAGNOSTIC;1 && REP_DIAGNOSTIC;endif;553;553
src/rep/rep_util.c;1;1;1;artifact;554;958
src/rep/rep_util.c;1;HAVE_STATISTICS;1 && HAVE_STATISTICS;if;959;959
src/rep/rep_util.c;1;HAVE_STATISTICS;1 && HAVE_STATISTICS;artifact;960;962
src/rep/rep_util.c;1;HAVE_STATISTICS;1 && HAVE_STATISTICS;endif;963;963
src/rep/rep_util.c;1;1;1;artifact;964;1085
src/rep/rep_util.c;1;HAVE_STATISTICS;1 && HAVE_STATISTICS;if;1086;1086
src/rep/rep_util.c;1;HAVE_STATISTICS;1 && HAVE_STATISTICS;artifact;1087;1090
src/rep/rep_util.c;1;!HAVE_STATISTICS;!HAVE_STATISTICS && 1;else;1091;1091
src/rep/rep_util.c;1;!HAVE_STATISTICS;!HAVE_STATISTICS && 1;artifact;1092;1095
src/rep/rep_util.c;1;!HAVE_STATISTICS;!HAVE_STATISTICS && 1;endif;1096;1096
src/rep/rep_util.c;1;1;1;artifact;1097;1568
src/rep/rep_util.c;1;DIAGNOSTIC;1 && DIAGNOSTIC;if;1569;1569
src/rep/rep_util.c;1;DIAGNOSTIC;1 && DIAGNOSTIC;artifact;1570;1581
src/rep/rep_util.c;1;DIAGNOSTIC;1 && DIAGNOSTIC;endif;1582;1582
src/rep/rep_util.c;1;1;1;artifact;1583;2090
src/rep/rep_util.c;1;STDC_HEADERS;1 && STDC_HEADERS;if;2091;2091
src/rep/rep_util.c;1;STDC_HEADERS;1 && STDC_HEADERS;artifact;2092;2092
src/rep/rep_util.c;1;!STDC_HEADERS;!STDC_HEADERS && 1;else;2093;2093
src/rep/rep_util.c;1;!STDC_HEADERS;!STDC_HEADERS && 1;artifact;2094;2098
src/rep/rep_util.c;1;!STDC_HEADERS;!STDC_HEADERS && 1;endif;2099;2099
src/rep/rep_util.c;1;1;1;artifact;2100;2103
src/rep/rep_util.c;1;STDC_HEADERS;1 && STDC_HEADERS;if;2104;2104
src/rep/rep_util.c;1;STDC_HEADERS;1 && STDC_HEADERS;artifact;2105;2105
src/rep/rep_util.c;1;!STDC_HEADERS;!STDC_HEADERS && 1;else;2106;2106
src/rep/rep_util.c;1;!STDC_HEADERS;!STDC_HEADERS && 1;artifact;2107;2107
src/rep/rep_util.c;1;!STDC_HEADERS;!STDC_HEADERS && 1;endif;2108;2108
src/rep/rep_util.c;1;1;1;artifact;2109;2121
src/rep/rep_util.c;1;STDC_HEADERS;1 && STDC_HEADERS;if;2122;2122
src/rep/rep_util.c;1;STDC_HEADERS;1 && STDC_HEADERS;artifact;2123;2123
src/rep/rep_util.c;1;!STDC_HEADERS;!STDC_HEADERS && 1;else;2124;2124
src/rep/rep_util.c;1;!STDC_HEADERS;!STDC_HEADERS && 1;artifact;2125;2129
src/rep/rep_util.c;1;!STDC_HEADERS;!STDC_HEADERS && 1;endif;2130;2130
src/rep/rep_util.c;1;1;1;artifact;2131;2134
src/rep/rep_util.c;1;STDC_HEADERS;1 && STDC_HEADERS;if;2135;2135
src/rep/rep_util.c;1;STDC_HEADERS;1 && STDC_HEADERS;artifact;2136;2136
src/rep/rep_util.c;1;!STDC_HEADERS;!STDC_HEADERS && 1;else;2137;2137
src/rep/rep_util.c;1;!STDC_HEADERS;!STDC_HEADERS && 1;artifact;2138;2138
src/rep/rep_util.c;1;!STDC_HEADERS;!STDC_HEADERS && 1;endif;2139;2139
src/rep/rep_util.c;1;1;1;artifact;2140;2792
src/rep/rep_verify.c;1;1;1;ROOT;1;753
src/rep/rep_verify.c;1;1;1;artifact;1;53
src/rep/rep_verify.c;1;DIAGNOSTIC;1 && DIAGNOSTIC;if;54;54
src/rep/rep_verify.c;1;DIAGNOSTIC;1 && DIAGNOSTIC;artifact;55;62
src/rep/rep_verify.c;1;DIAGNOSTIC;1 && DIAGNOSTIC;endif;63;63
src/rep/rep_verify.c;1;1;1;artifact;64;211
src/rep/rep_verify.c;1;HAVE_STATISTICS;1 && HAVE_STATISTICS;if;212;212
src/rep/rep_verify.c;1;HAVE_STATISTICS;1 && HAVE_STATISTICS;artifact;213;214
src/rep/rep_verify.c;1;HAVE_STATISTICS;1 && HAVE_STATISTICS;endif;215;215
src/rep/rep_verify.c;1;1;1;artifact;216;752
src/repmgr/repmgr_auto.c;1;1;1;ROOT;1;34
src/repmgr/repmgr_auto.c;1;1;1;artifact;1;33
src/repmgr/repmgr_automsg.c;1;1;1;ROOT;1;759
src/repmgr/repmgr_automsg.c;1;1;1;artifact;1;758
src/repmgr/repmgr_autop.c;1;1;1;ROOT;1;46
src/repmgr/repmgr_autop.c;1;1;1;artifact;1;4
src/repmgr/repmgr_autop.c;1;HAVE_REPLICATION_THREADS;1 && HAVE_REPLICATION_THREADS;if;5;5
src/repmgr/repmgr_autop.c;1;HAVE_REPLICATION_THREADS;1 && HAVE_REPLICATION_THREADS;artifact;6;43
src/repmgr/repmgr_autop.c;1;HAVE_REPLICATION_THREADS;1 && HAVE_REPLICATION_THREADS;endif;44;44
src/repmgr/repmgr_autop.c;1;1;1;artifact;45;45
src/repmgr/repmgr_elect.c;1;1;1;ROOT;1;587
src/repmgr/repmgr_elect.c;1;1;1;artifact;1;116
src/repmgr/repmgr_elect.c;1;DB_WIN32;1 && DB_WIN32;if;117;117
src/repmgr/repmgr_elect.c;1;DB_WIN32;1 && DB_WIN32;artifact;118;119
src/repmgr/repmgr_elect.c;1;!DB_WIN32;!DB_WIN32 && 1;else;120;120
src/repmgr/repmgr_elect.c;1;!DB_WIN32;!DB_WIN32 && 1;artifact;121;121
src/repmgr/repmgr_elect.c;1;!DB_WIN32;!DB_WIN32 && 1;endif;122;122
src/repmgr/repmgr_elect.c;1;1;1;artifact;123;293
src/repmgr/repmgr_elect.c;1;DB_WIN32;1 && DB_WIN32;if;294;294
src/repmgr/repmgr_elect.c;1;DB_WIN32;1 && DB_WIN32;artifact;295;320
src/repmgr/repmgr_elect.c;1;!DB_WIN32;!DB_WIN32 && 1;else;321;321
src/repmgr/repmgr_elect.c;1;!DB_WIN32;!DB_WIN32 && 1;artifact;322;327
src/repmgr/repmgr_elect.c;1;!DB_WIN32;!DB_WIN32 && 1;endif;328;328
src/repmgr/repmgr_elect.c;1;1;1;artifact;329;354
src/repmgr/repmgr_elect.c;1;HAVE_STATISTICS;1 && HAVE_STATISTICS;if;355;355
src/repmgr/repmgr_elect.c;1;HAVE_STATISTICS;1 && HAVE_STATISTICS;artifact;356;371
src/repmgr/repmgr_elect.c;1;!HAVE_STATISTICS;!HAVE_STATISTICS && 1;else;372;372
src/repmgr/repmgr_elect.c;1;!HAVE_STATISTICS;!HAVE_STATISTICS && 1;artifact;373;375
src/repmgr/repmgr_elect.c;1;!HAVE_STATISTICS;!HAVE_STATISTICS && 1;endif;376;376
src/repmgr/repmgr_elect.c;1;1;1;artifact;377;586
src/repmgr/repmgr_method.c;1;1;1;ROOT;1;3094
src/repmgr/repmgr_method.c;1;1;1;artifact;1;1830
src/repmgr/repmgr_method.c;1;!DIAGNOSTIC;1 && !DIAGNOSTIC;if;1831;1831
src/repmgr/repmgr_method.c;1;!DIAGNOSTIC;1 && !DIAGNOSTIC;artifact;1832;1832
src/repmgr/repmgr_method.c;1;!DIAGNOSTIC;1 && !DIAGNOSTIC;endif;1833;1833
src/repmgr/repmgr_method.c;1;1;1;artifact;1834;3093
src/repmgr/repmgr_msg.c;1;1;1;ROOT;1;1657
src/repmgr/repmgr_msg.c;1;1;1;artifact;1;361
src/repmgr/repmgr_msg.c;1;CONFIG_TEST;1 && CONFIG_TEST;if;362;362
src/repmgr/repmgr_msg.c;1;CONFIG_TEST;1 && CONFIG_TEST;artifact;363;366
src/repmgr/repmgr_msg.c;1;CONFIG_TEST;1 && CONFIG_TEST;endif;367;367
src/repmgr/repmgr_msg.c;1;1;1;artifact;368;1656
src/repmgr/repmgr_net.c;1;1;1;ROOT;1;2045
src/repmgr/repmgr_net.c;1;1;1;artifact;1;66
src/repmgr/repmgr_net.c;1;CONFIG_TEST;1 && CONFIG_TEST;if;67;67
src/repmgr/repmgr_net.c;1;CONFIG_TEST;1 && CONFIG_TEST;artifact;68;68
src/repmgr/repmgr_net.c;1;CONFIG_TEST;1 && CONFIG_TEST;endif;69;69
src/repmgr/repmgr_net.c;1;1;1;artifact;70;108
src/repmgr/repmgr_net.c;1;CONFIG_TEST;1 && CONFIG_TEST;if;109;109
src/repmgr/repmgr_net.c;1;CONFIG_TEST;1 && CONFIG_TEST;artifact;110;110
src/repmgr/repmgr_net.c;1;!CONFIG_TEST;!CONFIG_TEST && 1;else;111;111
src/repmgr/repmgr_net.c;1;!CONFIG_TEST;!CONFIG_TEST && 1;artifact;112;112
src/repmgr/repmgr_net.c;1;!CONFIG_TEST;!CONFIG_TEST && 1;endif;113;113
src/repmgr/repmgr_net.c;1;1;1;artifact;114;1018
src/repmgr/repmgr_net.c;1;DEFINED___LB__DB_REPMGR_EAGAIN__RB__ && DB_REPMGR_EAGAIN__NEQ__WOULDBLOCK;1 && DEFINED___LB__DB_REPMGR_EAGAIN__RB__ && DB_REPMGR_EAGAIN__NEQ__WOULDBLOCK;if;1019;1019
src/repmgr/repmgr_net.c;1;DEFINED___LB__DB_REPMGR_EAGAIN__RB__ && DB_REPMGR_EAGAIN__NEQ__WOULDBLOCK;1 && DEFINED___LB__DB_REPMGR_EAGAIN__RB__ && DB_REPMGR_EAGAIN__NEQ__WOULDBLOCK;artifact;1020;1020
src/repmgr/repmgr_net.c;1;DEFINED___LB__DB_REPMGR_EAGAIN__RB__ && DB_REPMGR_EAGAIN__NEQ__WOULDBLOCK;1 && DEFINED___LB__DB_REPMGR_EAGAIN__RB__ && DB_REPMGR_EAGAIN__NEQ__WOULDBLOCK;endif;1021;1021
src/repmgr/repmgr_net.c;1;1;1;artifact;1022;1023
src/repmgr/repmgr_net.c;1;EBADF;1 && EBADF;if;1024;1024
src/repmgr/repmgr_net.c;1;EBADF;1 && EBADF;artifact;1025;1025
src/repmgr/repmgr_net.c;1;EBADF;1 && EBADF;endif;1026;1026
src/repmgr/repmgr_net.c;1;1;1;artifact;1027;1414
src/repmgr/repmgr_net.c;1;DB_WIN32;1 && DB_WIN32;if;1415;1415
src/repmgr/repmgr_net.c;1;DB_WIN32;1 && DB_WIN32;artifact;1416;1416
src/repmgr/repmgr_net.c;1;DB_WIN32;1 && DB_WIN32;endif;1417;1417
src/repmgr/repmgr_net.c;1;1;1;artifact;1418;1425
src/repmgr/repmgr_net.c;1;DB_WIN32;1 && DB_WIN32;if;1426;1426
src/repmgr/repmgr_net.c;1;DB_WIN32;1 && DB_WIN32;artifact;1427;1435
src/repmgr/repmgr_net.c;1;DB_WIN32;1 && DB_WIN32;endif;1436;1436
src/repmgr/repmgr_net.c;1;1;1;artifact;1437;1918
src/repmgr/repmgr_net.c;1;CONFIG_TEST;1 && CONFIG_TEST;if;1919;1919
src/repmgr/repmgr_net.c;1;CONFIG_TEST;1 && CONFIG_TEST;artifact;1920;2042
src/repmgr/repmgr_net.c;1;CONFIG_TEST;1 && CONFIG_TEST;endif;2043;2043
src/repmgr/repmgr_net.c;1;1;1;artifact;2044;2044
src/repmgr/repmgr_posix.c;1;1;1;ROOT;1;806
src/repmgr/repmgr_posix.c;1;1;1;artifact;1;39
src/repmgr/repmgr_posix.c;1;DEFINED___LB___POSIX_THREAD_ATTR_STACKSIZE__RB__ && DEFINED___LB__DB_STACKSIZE__RB__;1 && DEFINED___LB___POSIX_THREAD_ATTR_STACKSIZE__RB__ && DEFINED___LB__DB_STACKSIZE__RB__;if;40;40
src/repmgr/repmgr_posix.c;1;DEFINED___LB___POSIX_THREAD_ATTR_STACKSIZE__RB__ && DEFINED___LB__DB_STACKSIZE__RB__;1 && DEFINED___LB___POSIX_THREAD_ATTR_STACKSIZE__RB__ && DEFINED___LB__DB_STACKSIZE__RB__;artifact;41;53
src/repmgr/repmgr_posix.c;1;PTHREAD_STACK_MIN;1 && DEFINED___LB___POSIX_THREAD_ATTR_STACKSIZE__RB__ && DEFINED___LB__DB_STACKSIZE__RB__ && PTHREAD_STACK_MIN;if;54;54
src/repmgr/repmgr_posix.c;1;PTHREAD_STACK_MIN;1 && DEFINED___LB___POSIX_THREAD_ATTR_STACKSIZE__RB__ && DEFINED___LB__DB_STACKSIZE__RB__ && PTHREAD_STACK_MIN;artifact;55;56
src/repmgr/repmgr_posix.c;1;PTHREAD_STACK_MIN;1 && DEFINED___LB___POSIX_THREAD_ATTR_STACKSIZE__RB__ && DEFINED___LB__DB_STACKSIZE__RB__ && PTHREAD_STACK_MIN;endif;57;57
src/repmgr/repmgr_posix.c;1;DEFINED___LB___POSIX_THREAD_ATTR_STACKSIZE__RB__ && DEFINED___LB__DB_STACKSIZE__RB__;1 && DEFINED___LB___POSIX_THREAD_ATTR_STACKSIZE__RB__ && DEFINED___LB__DB_STACKSIZE__RB__;artifact;58;62
src/repmgr/repmgr_posix.c;1;!DEFINED___LB___POSIX_THREAD_ATTR_STACKSIZE__RB__ || !DEFINED___LB__DB_STACKSIZE__RB__;(!DEFINED___LB___POSIX_THREAD_ATTR_STACKSIZE__RB__ || !DEFINED___LB__DB_STACKSIZE__RB__) && 1;else;63;63
src/repmgr/repmgr_posix.c;1;!DEFINED___LB___POSIX_THREAD_ATTR_STACKSIZE__RB__ || !DEFINED___LB__DB_STACKSIZE__RB__;(!DEFINED___LB___POSIX_THREAD_ATTR_STACKSIZE__RB__ || !DEFINED___LB__DB_STACKSIZE__RB__) && 1;artifact;64;64
src/repmgr/repmgr_posix.c;1;!DEFINED___LB___POSIX_THREAD_ATTR_STACKSIZE__RB__ || !DEFINED___LB__DB_STACKSIZE__RB__;(!DEFINED___LB___POSIX_THREAD_ATTR_STACKSIZE__RB__ || !DEFINED___LB__DB_STACKSIZE__RB__) && 1;endif;65;65
src/repmgr/repmgr_posix.c;1;1;1;artifact;66;805
src/repmgr/repmgr_queue.c;1;1;1;ROOT;1;182
src/repmgr/repmgr_queue.c;1;1;1;artifact;1;63
src/repmgr/repmgr_queue.c;1;DB_WIN32;1 && DB_WIN32;if;64;64
src/repmgr/repmgr_queue.c;1;DB_WIN32;1 && DB_WIN32;artifact;65;65
src/repmgr/repmgr_queue.c;1;DB_WIN32;1 && DB_WIN32;endif;66;66
src/repmgr/repmgr_queue.c;1;1;1;artifact;67;73
src/repmgr/repmgr_queue.c;1;DB_WIN32;1 && DB_WIN32;if;74;74
src/repmgr/repmgr_queue.c;1;DB_WIN32;1 && DB_WIN32;artifact;75;95
src/repmgr/repmgr_queue.c;1;!DB_WIN32;!DB_WIN32 && 1;else;96;96
src/repmgr/repmgr_queue.c;1;!DB_WIN32;!DB_WIN32 && 1;artifact;97;99
src/repmgr/repmgr_queue.c;1;!DB_WIN32;!DB_WIN32 && 1;endif;100;100
src/repmgr/repmgr_queue.c;1;1;1;artifact;101;181
src/repmgr/repmgr_rec.c;1;1;1;ROOT;1;47
src/repmgr/repmgr_rec.c;1;1;1;artifact;1;46
src/repmgr/repmgr_sel.c;1;1;1;ROOT;1;2098
src/repmgr/repmgr_sel.c;1;1;1;artifact;1;108
src/repmgr/repmgr_sel.c;1;DB_WIN32;1 && DB_WIN32;if;109;109
src/repmgr/repmgr_sel.c;1;DB_WIN32;1 && DB_WIN32;artifact;110;111
src/repmgr/repmgr_sel.c;1;!DB_WIN32;!DB_WIN32 && 1;else;112;112
src/repmgr/repmgr_sel.c;1;!DB_WIN32;!DB_WIN32 && 1;artifact;113;116
src/repmgr/repmgr_sel.c;1;EPROTO;!DB_WIN32 && 1 && EPROTO;if;117;117
src/repmgr/repmgr_sel.c;1;EPROTO;!DB_WIN32 && 1 && EPROTO;artifact;118;118
src/repmgr/repmgr_sel.c;1;EPROTO;!DB_WIN32 && 1 && EPROTO;endif;119;119
src/repmgr/repmgr_sel.c;1;!DB_WIN32;!DB_WIN32 && 1;artifact;120;121
src/repmgr/repmgr_sel.c;1;ENONET;!DB_WIN32 && 1 && ENONET;if;122;122
src/repmgr/repmgr_sel.c;1;ENONET;!DB_WIN32 && 1 && ENONET;artifact;123;123
src/repmgr/repmgr_sel.c;1;ENONET;!DB_WIN32 && 1 && ENONET;endif;124;124
src/repmgr/repmgr_sel.c;1;!DB_WIN32;!DB_WIN32 && 1;artifact;125;127
src/repmgr/repmgr_sel.c;1;!DB_WIN32;!DB_WIN32 && 1;endif;128;128
src/repmgr/repmgr_sel.c;1;1;1;artifact;129;686
src/repmgr/repmgr_sel.c;1;!DB_WIN32;1 && !DB_WIN32;if;687;687
src/repmgr/repmgr_sel.c;1;!DB_WIN32;1 && !DB_WIN32;artifact;688;689
src/repmgr/repmgr_sel.c;1;!DB_WIN32;1 && !DB_WIN32;endif;690;690
src/repmgr/repmgr_sel.c;1;1;1;artifact;691;691
src/repmgr/repmgr_sel.c;1;DEFINED___LB__DB_REPMGR_EAGAIN__RB__ && DB_REPMGR_EAGAIN__NEQ__WOULDBLOCK;1 && DEFINED___LB__DB_REPMGR_EAGAIN__RB__ && DB_REPMGR_EAGAIN__NEQ__WOULDBLOCK;if;692;692
src/repmgr/repmgr_sel.c;1;DEFINED___LB__DB_REPMGR_EAGAIN__RB__ && DB_REPMGR_EAGAIN__NEQ__WOULDBLOCK;1 && DEFINED___LB__DB_REPMGR_EAGAIN__RB__ && DB_REPMGR_EAGAIN__NEQ__WOULDBLOCK;artifact;693;693
src/repmgr/repmgr_sel.c;1;DEFINED___LB__DB_REPMGR_EAGAIN__RB__ && DB_REPMGR_EAGAIN__NEQ__WOULDBLOCK;1 && DEFINED___LB__DB_REPMGR_EAGAIN__RB__ && DB_REPMGR_EAGAIN__NEQ__WOULDBLOCK;endif;694;694
src/repmgr/repmgr_sel.c;1;1;1;artifact;695;715
src/repmgr/repmgr_sel.c;1;EBADF;1 && EBADF;if;716;716
src/repmgr/repmgr_sel.c;1;EBADF;1 && EBADF;artifact;717;717
src/repmgr/repmgr_sel.c;1;EBADF;1 && EBADF;endif;718;718
src/repmgr/repmgr_sel.c;1;1;1;artifact;719;2061
src/repmgr/repmgr_sel.c;1;DEFINED___LB__DB_REPMGR_EAGAIN__RB__ && DB_REPMGR_EAGAIN__NEQ__WOULDBLOCK;1 && DEFINED___LB__DB_REPMGR_EAGAIN__RB__ && DB_REPMGR_EAGAIN__NEQ__WOULDBLOCK;if;2062;2062
src/repmgr/repmgr_sel.c;1;DEFINED___LB__DB_REPMGR_EAGAIN__RB__ && DB_REPMGR_EAGAIN__NEQ__WOULDBLOCK;1 && DEFINED___LB__DB_REPMGR_EAGAIN__RB__ && DB_REPMGR_EAGAIN__NEQ__WOULDBLOCK;artifact;2063;2063
src/repmgr/repmgr_sel.c;1;DEFINED___LB__DB_REPMGR_EAGAIN__RB__ && DB_REPMGR_EAGAIN__NEQ__WOULDBLOCK;1 && DEFINED___LB__DB_REPMGR_EAGAIN__RB__ && DB_REPMGR_EAGAIN__NEQ__WOULDBLOCK;endif;2064;2064
src/repmgr/repmgr_sel.c;1;1;1;artifact;2065;2097
src/repmgr/repmgr_stat.c;1;1;1;ROOT;1;365
src/repmgr/repmgr_stat.c;1;1;1;artifact;1;12
src/repmgr/repmgr_stat.c;1;HAVE_STATISTICS;1 && HAVE_STATISTICS;if;13;13
src/repmgr/repmgr_stat.c;1;HAVE_STATISTICS;1 && HAVE_STATISTICS;artifact;14;214
src/repmgr/repmgr_stat.c;1;!HAVE_STATISTICS;!HAVE_STATISTICS && 1;else;215;215
src/repmgr/repmgr_stat.c;1;!HAVE_STATISTICS;!HAVE_STATISTICS && 1;artifact;216;237
src/repmgr/repmgr_stat.c;1;!HAVE_STATISTICS;!HAVE_STATISTICS && 1;endif;238;238
src/repmgr/repmgr_stat.c;1;1;1;artifact;239;364
src/repmgr/repmgr_stub.c;1;1;1;ROOT;1;264
src/repmgr/repmgr_stub.c;1;1;1;artifact;1;8
src/repmgr/repmgr_stub.c;1;!HAVE_REPLICATION_THREADS;1 && !HAVE_REPLICATION_THREADS;if;9;9
src/repmgr/repmgr_stub.c;1;!HAVE_REPLICATION_THREADS;1 && !HAVE_REPLICATION_THREADS;artifact;10;261
src/repmgr/repmgr_stub.c;1;!HAVE_REPLICATION_THREADS;1 && !HAVE_REPLICATION_THREADS;endif;262;262
src/repmgr/repmgr_stub.c;1;1;1;artifact;263;263
src/repmgr/repmgr_util.c;1;1;1;ROOT;1;2088
src/repmgr/repmgr_util.c;1;1;1;artifact;1;183
src/repmgr/repmgr_util.c;1;DB_WIN32;1 && DB_WIN32;if;184;184
src/repmgr/repmgr_util.c;1;DB_WIN32;1 && DB_WIN32;artifact;185;185
src/repmgr/repmgr_util.c;1;DB_WIN32;1 && DB_WIN32;endif;186;186
src/repmgr/repmgr_util.c;1;1;1;artifact;187;207
src/repmgr/repmgr_util.c;1;SO_KEEPALIVE;1 && SO_KEEPALIVE;if;208;208
src/repmgr/repmgr_util.c;1;SO_KEEPALIVE;1 && SO_KEEPALIVE;artifact;209;216
src/repmgr/repmgr_util.c;1;SO_KEEPALIVE;1 && SO_KEEPALIVE;endif;217;217
src/repmgr/repmgr_util.c;1;1;1;artifact;218;2087
src/repmgr/repmgr_windows.c;1;1;1;ROOT;1;851
src/repmgr/repmgr_windows.c;1;1;1;artifact;1;850
src/sequence/seq_stat.c;1;1;1;ROOT;1;277
src/sequence/seq_stat.c;1;1;1;artifact;1;9
src/sequence/seq_stat.c;1;HAVE_64BIT_TYPES;1 && HAVE_64BIT_TYPES;if;10;10
src/sequence/seq_stat.c;1;HAVE_64BIT_TYPES;1 && HAVE_64BIT_TYPES;artifact;11;16
src/sequence/seq_stat.c;1;HAVE_STATISTICS;1 && HAVE_64BIT_TYPES && HAVE_STATISTICS;if;17;17
src/sequence/seq_stat.c;1;HAVE_STATISTICS;1 && HAVE_64BIT_TYPES && HAVE_STATISTICS;artifact;18;230
src/sequence/seq_stat.c;1;!HAVE_STATISTICS;!HAVE_STATISTICS && 1 && HAVE_64BIT_TYPES;else;231;231
src/sequence/seq_stat.c;1;!HAVE_STATISTICS;!HAVE_STATISTICS && 1 && HAVE_64BIT_TYPES;artifact;232;273
src/sequence/seq_stat.c;1;!HAVE_STATISTICS;!HAVE_STATISTICS && 1 && HAVE_64BIT_TYPES;endif;274;274
src/sequence/seq_stat.c;1;HAVE_64BIT_TYPES;1 && HAVE_64BIT_TYPES;endif;275;275
src/sequence/seq_stat.c;1;1;1;artifact;276;276
src/sequence/sequence.c;1;1;1;ROOT;1;1013
src/sequence/sequence.c;1;1;1;artifact;1;17
src/sequence/sequence.c;1;HAVE_64BIT_TYPES;1 && HAVE_64BIT_TYPES;if;18;18
src/sequence/sequence.c;1;HAVE_64BIT_TYPES;1 && HAVE_64BIT_TYPES;artifact;19;996
src/sequence/sequence.c;1;!HAVE_64BIT_TYPES;!HAVE_64BIT_TYPES && 1;else;997;997
src/sequence/sequence.c;1;!HAVE_64BIT_TYPES;!HAVE_64BIT_TYPES && 1;artifact;998;1010
src/sequence/sequence.c;1;!HAVE_64BIT_TYPES;!HAVE_64BIT_TYPES && 1;endif;1011;1011
src/sequence/sequence.c;1;1;1;artifact;1012;1012
src/txn/txn.c;1;1;1;ROOT;1;2171
src/txn/txn.c;1;1;1;artifact;1;390
src/txn/txn.c;1;HAVE_STATISTICS;1 && HAVE_STATISTICS;if;391;391
src/txn/txn.c;1;HAVE_STATISTICS;1 && HAVE_STATISTICS;artifact;392;396
src/txn/txn.c;1;HAVE_STATISTICS;1 && HAVE_STATISTICS;endif;397;397
src/txn/txn.c;1;1;1;artifact;398;793
src/txn/txn.c;1;DIAGNOSTIC;1 && DIAGNOSTIC;if;794;794
src/txn/txn.c;1;DIAGNOSTIC;1 && DIAGNOSTIC;artifact;795;803
src/txn/txn.c;1;DIAGNOSTIC;1 && DIAGNOSTIC;endif;804;804
src/txn/txn.c;1;1;1;artifact;805;959
src/txn/txn.c;1;DIAGNOSTIC;1 && DIAGNOSTIC;if;960;960
src/txn/txn.c;1;DIAGNOSTIC;1 && DIAGNOSTIC;artifact;961;967
src/txn/txn.c;1;DIAGNOSTIC;1 && DIAGNOSTIC;endif;968;968
src/txn/txn.c;1;1;1;artifact;969;1387
src/txn/txn.c;1;DIAGNOSTIC;1 && DIAGNOSTIC;if;1388;1388
src/txn/txn.c;1;DIAGNOSTIC;1 && DIAGNOSTIC;artifact;1389;1395
src/txn/txn.c;1;DIAGNOSTIC;1 && DIAGNOSTIC;endif;1396;1396
src/txn/txn.c;1;1;1;artifact;1397;1686
src/txn/txn.c;1;HAVE_STATISTICS;1 && HAVE_STATISTICS;if;1687;1687
src/txn/txn.c;1;HAVE_STATISTICS;1 && HAVE_STATISTICS;artifact;1688;1695
src/txn/txn.c;1;HAVE_STATISTICS;1 && HAVE_STATISTICS;endif;1696;1696
src/txn/txn.c;1;1;1;artifact;1697;1707
src/txn/txn.c;1;HAVE_STATISTICS;1 && HAVE_STATISTICS;if;1708;1708
src/txn/txn.c;1;HAVE_STATISTICS;1 && HAVE_STATISTICS;artifact;1709;1715
src/txn/txn.c;1;HAVE_STATISTICS;1 && HAVE_STATISTICS;endif;1716;1716
src/txn/txn.c;1;1;1;artifact;1717;1985
src/txn/txn.c;1;HAVE_LOG_CHECKSUM;1 && HAVE_LOG_CHECKSUM;if;1986;1986
src/txn/txn.c;1;HAVE_LOG_CHECKSUM;1 && HAVE_LOG_CHECKSUM;artifact;1987;1990
src/txn/txn.c;1;HAVE_LOG_CHECKSUM;1 && HAVE_LOG_CHECKSUM;endif;1991;1991
src/txn/txn.c;1;1;1;artifact;1992;2170
src/txn/txn_auto.c;1;1;1;ROOT;1;95
src/txn/txn_auto.c;1;1;1;artifact;1;94
src/txn/txn_autop.c;1;1;1;ROOT;1;177
src/txn/txn_autop.c;1;1;1;artifact;1;176
src/txn/txn_chkpt.c;1;1;1;ROOT;1;421
src/txn/txn_chkpt.c;1;1;1;artifact;1;217
src/txn/txn_chkpt.c;1;HAVE_REPLICATION_THREADS;1 && HAVE_REPLICATION_THREADS;if;218;218
src/txn/txn_chkpt.c;1;HAVE_REPLICATION_THREADS;1 && HAVE_REPLICATION_THREADS;artifact;219;229
src/txn/txn_chkpt.c;1;HAVE_REPLICATION_THREADS;1 && HAVE_REPLICATION_THREADS;endif;230;230
src/txn/txn_chkpt.c;1;1;1;artifact;231;262
src/txn/txn_chkpt.c;1;!CONFIG_TEST;1 && !CONFIG_TEST;if;263;263
src/txn/txn_chkpt.c;1;!CONFIG_TEST;1 && !CONFIG_TEST;artifact;264;268
src/txn/txn_chkpt.c;1;!CONFIG_TEST;1 && !CONFIG_TEST;endif;269;269
src/txn/txn_chkpt.c;1;1;1;artifact;270;420
src/txn/txn_failchk.c;1;1;1;ROOT;1;103
src/txn/txn_failchk.c;1;1;1;artifact;1;102
src/txn/txn_method.c;1;1;1;ROOT;1;126
src/txn/txn_method.c;1;1;1;artifact;1;125
src/txn/txn_rec.c;1;1;1;ROOT;1;618
src/txn/txn_rec.c;1;1;1;artifact;1;65
src/txn/txn_rec.c;1;DEBUG_RECOVER;1 && DEBUG_RECOVER;if;66;66
src/txn/txn_rec.c;1;DEBUG_RECOVER;1 && DEBUG_RECOVER;artifact;67;67
src/txn/txn_rec.c;1;DEBUG_RECOVER;1 && DEBUG_RECOVER;endif;68;68
src/txn/txn_rec.c;1;1;1;artifact;69;151
src/txn/txn_rec.c;1;DEBUG_RECOVER;1 && DEBUG_RECOVER;if;152;152
src/txn/txn_rec.c;1;DEBUG_RECOVER;1 && DEBUG_RECOVER;artifact;153;153
src/txn/txn_rec.c;1;DEBUG_RECOVER;1 && DEBUG_RECOVER;endif;154;154
src/txn/txn_rec.c;1;1;1;artifact;155;264
src/txn/txn_rec.c;1;DEBUG_RECOVER;1 && DEBUG_RECOVER;if;265;265
src/txn/txn_rec.c;1;DEBUG_RECOVER;1 && DEBUG_RECOVER;artifact;266;266
src/txn/txn_rec.c;1;DEBUG_RECOVER;1 && DEBUG_RECOVER;endif;267;267
src/txn/txn_rec.c;1;1;1;artifact;268;297
src/txn/txn_rec.c;1;DEBUG_RECOVER;1 && DEBUG_RECOVER;if;298;298
src/txn/txn_rec.c;1;DEBUG_RECOVER;1 && DEBUG_RECOVER;artifact;299;299
src/txn/txn_rec.c;1;DEBUG_RECOVER;1 && DEBUG_RECOVER;endif;300;300
src/txn/txn_rec.c;1;1;1;artifact;301;457
src/txn/txn_rec.c;1;HAVE_STATISTICS;1 && HAVE_STATISTICS;if;458;458
src/txn/txn_rec.c;1;HAVE_STATISTICS;1 && HAVE_STATISTICS;artifact;459;462
src/txn/txn_rec.c;1;HAVE_STATISTICS;1 && HAVE_STATISTICS;endif;463;463
src/txn/txn_rec.c;1;1;1;artifact;464;485
src/txn/txn_rec.c;1;DEBUG_RECOVER;1 && DEBUG_RECOVER;if;486;486
src/txn/txn_rec.c;1;DEBUG_RECOVER;1 && DEBUG_RECOVER;artifact;487;487
src/txn/txn_rec.c;1;DEBUG_RECOVER;1 && DEBUG_RECOVER;endif;488;488
src/txn/txn_rec.c;1;1;1;artifact;489;523
src/txn/txn_rec.c;1;DEBUG_RECOVER;1 && DEBUG_RECOVER;if;524;524
src/txn/txn_rec.c;1;DEBUG_RECOVER;1 && DEBUG_RECOVER;artifact;525;525
src/txn/txn_rec.c;1;DEBUG_RECOVER;1 && DEBUG_RECOVER;endif;526;526
src/txn/txn_rec.c;1;1;1;artifact;527;603
src/txn/txn_rec.c;1;DEBUG_RECOVER;1 && DEBUG_RECOVER;if;604;604
src/txn/txn_rec.c;1;DEBUG_RECOVER;1 && DEBUG_RECOVER;artifact;605;605
src/txn/txn_rec.c;1;DEBUG_RECOVER;1 && DEBUG_RECOVER;endif;606;606
src/txn/txn_rec.c;1;1;1;artifact;607;617
src/txn/txn_recover.c;1;1;1;ROOT;1;319
src/txn/txn_recover.c;1;1;1;artifact;1;318
src/txn/txn_region.c;1;1;1;ROOT;1;520
src/txn/txn_region.c;1;1;1;artifact;1;132
src/txn/txn_region.c;1;HAVE_STATISTICS;1 && HAVE_STATISTICS;if;133;133
src/txn/txn_region.c;1;HAVE_STATISTICS;1 && HAVE_STATISTICS;artifact;134;135
src/txn/txn_region.c;1;HAVE_STATISTICS;1 && HAVE_STATISTICS;endif;136;136
src/txn/txn_region.c;1;1;1;artifact;137;519
src/txn/txn_stat.c;1;1;1;ROOT;1;463
src/txn/txn_stat.c;1;1;1;artifact;1;15
src/txn/txn_stat.c;1;HAVE_STATISTICS;1 && HAVE_STATISTICS;if;16;16
src/txn/txn_stat.c;1;HAVE_STATISTICS;1 && HAVE_STATISTICS;artifact;17;437
src/txn/txn_stat.c;1;!HAVE_STATISTICS;!HAVE_STATISTICS && 1;else;438;438
src/txn/txn_stat.c;1;!HAVE_STATISTICS;!HAVE_STATISTICS && 1;artifact;439;460
src/txn/txn_stat.c;1;!HAVE_STATISTICS;!HAVE_STATISTICS && 1;endif;461;461
src/txn/txn_stat.c;1;1;1;artifact;462;462
src/txn/txn_util.c;1;1;1;ROOT;1;698
src/txn/txn_util.c;1;1;1;artifact;1;606
src/txn/txn_util.c;1;DIAGNOSTIC;1 && DIAGNOSTIC;if;607;607
src/txn/txn_util.c;1;DIAGNOSTIC;1 && DIAGNOSTIC;artifact;608;608
src/txn/txn_util.c;1;DIAGNOSTIC;1 && DIAGNOSTIC;endif;609;609
src/txn/txn_util.c;1;1;1;artifact;610;639
src/txn/txn_util.c;1;DIAGNOSTIC;1 && DIAGNOSTIC;if;640;640
src/txn/txn_util.c;1;DIAGNOSTIC;1 && DIAGNOSTIC;artifact;641;641
src/txn/txn_util.c;1;DIAGNOSTIC;1 && DIAGNOSTIC;endif;642;642
src/txn/txn_util.c;1;1;1;artifact;643;697
src/xa/xa.c;1;1;1;ROOT;1;1070
src/xa/xa.c;1;1;1;artifact;1;1069
src/xa/xa_map.c;1;1;1;ROOT;1;154
src/xa/xa_map.c;1;1;1;artifact;1;153
test/3n1/bench3n.cpp;1;1;1;ROOT;1;751
test/3n1/bench3n.cpp;1;1;1;artifact;1;405
test/3n1/bench3n.cpp;1;STORE_AS_STRING;1 && STORE_AS_STRING;if;406;406
test/3n1/bench3n.cpp;1;STORE_AS_STRING;1 && STORE_AS_STRING;artifact;407;409
test/3n1/bench3n.cpp;1;!STORE_AS_STRING;!STORE_AS_STRING && 1;else;410;410
test/3n1/bench3n.cpp;1;!STORE_AS_STRING;!STORE_AS_STRING && 1;artifact;411;412
test/3n1/bench3n.cpp;1;!STORE_AS_STRING;!STORE_AS_STRING && 1;endif;413;413
test/3n1/bench3n.cpp;1;1;1;artifact;414;419
test/3n1/bench3n.cpp;1;STORE_AS_STRING;1 && STORE_AS_STRING;if;420;420
test/3n1/bench3n.cpp;1;STORE_AS_STRING;1 && STORE_AS_STRING;artifact;421;421
test/3n1/bench3n.cpp;1;!STORE_AS_STRING;!STORE_AS_STRING && 1;else;422;422
test/3n1/bench3n.cpp;1;!STORE_AS_STRING;!STORE_AS_STRING && 1;artifact;423;423
test/3n1/bench3n.cpp;1;!STORE_AS_STRING;!STORE_AS_STRING && 1;endif;424;424
test/3n1/bench3n.cpp;1;1;1;artifact;425;432
test/3n1/bench3n.cpp;1;STORE_AS_STRING;1 && STORE_AS_STRING;if;433;433
test/3n1/bench3n.cpp;1;STORE_AS_STRING;1 && STORE_AS_STRING;artifact;434;435
test/3n1/bench3n.cpp;1;!STORE_AS_STRING;!STORE_AS_STRING && 1;else;436;436
test/3n1/bench3n.cpp;1;!STORE_AS_STRING;!STORE_AS_STRING && 1;artifact;437;438
test/3n1/bench3n.cpp;1;!STORE_AS_STRING;!STORE_AS_STRING && 1;endif;439;439
test/3n1/bench3n.cpp;1;1;1;artifact;440;453
test/3n1/bench3n.cpp;1;STORE_AS_STRING;1 && STORE_AS_STRING;if;454;454
test/3n1/bench3n.cpp;1;STORE_AS_STRING;1 && STORE_AS_STRING;artifact;455;456
test/3n1/bench3n.cpp;1;!STORE_AS_STRING;!STORE_AS_STRING && 1;else;457;457
test/3n1/bench3n.cpp;1;!STORE_AS_STRING;!STORE_AS_STRING && 1;artifact;458;458
test/3n1/bench3n.cpp;1;!STORE_AS_STRING;!STORE_AS_STRING && 1;endif;459;459
test/3n1/bench3n.cpp;1;1;1;artifact;460;750
test/3n1/bench3n.h;1;1;1;ROOT;1;74
test/3n1/bench3n.h;1;1;1;artifact;1;73
test/c/common/test_util.h;1;1;1;ROOT;1;78
test/c/common/test_util.h;1;1;1;artifact;1;77
test/c/cutest/CuTest.c;1;1;1;ROOT;1;462
test/c/cutest/CuTest.c;1;1;1;artifact;1;461
test/c/cutest/CuTest.h;1;1;1;ROOT;1;162
test/c/cutest/CuTest.h;1;1;1;artifact;1;7
test/c/cutest/CuTest.h;1;!CU_TEST_H;1 && !CU_TEST_H;if;8;8
test/c/cutest/CuTest.h;1;!CU_TEST_H;1 && !CU_TEST_H;artifact;9;159
test/c/cutest/CuTest.h;1;!CU_TEST_H;1 && !CU_TEST_H;endif;160;160
test/c/cutest/CuTest.h;1;1;1;artifact;161;161
test/c/cutest/CuTests.c;1;1;1;ROOT;1;289
test/c/cutest/CuTests.c;1;1;1;artifact;1;288
test/c/cutest/Runner.c;1;1;1;ROOT;1;129
test/c/cutest/Runner.c;1;1;1;artifact;1;20
test/c/cutest/Runner.c;1;_WIN32;1 && _WIN32;if;21;21
test/c/cutest/Runner.c;1;_WIN32;1 && _WIN32;artifact;22;22
test/c/cutest/Runner.c;1;_WIN32;1 && _WIN32;endif;23;23
test/c/cutest/Runner.c;1;1;1;artifact;24;128
test/c/suites/TestChannel.c;1;1;1;ROOT;1;1394
test/c/suites/TestChannel.c;1;1;1;artifact;1;14
test/c/suites/TestChannel.c;1;!_WIN32;1 && !_WIN32;if;15;15
test/c/suites/TestChannel.c;1;!_WIN32;1 && !_WIN32;artifact;16;19
test/c/suites/TestChannel.c;1;!_WIN32;1 && !_WIN32;endif;20;20
test/c/suites/TestChannel.c;1;1;1;artifact;21;29
test/c/suites/TestChannel.c;1;_WIN32;1 && _WIN32;if;30;30
test/c/suites/TestChannel.c;1;_WIN32;1 && _WIN32;artifact;31;45
test/c/suites/TestChannel.c;1;!_WIN32;!_WIN32 && 1;else;46;46
test/c/suites/TestChannel.c;1;!_WIN32;!_WIN32 && 1;artifact;47;55
test/c/suites/TestChannel.c;1;!_WIN32;!_WIN32 && 1;endif;56;56
test/c/suites/TestChannel.c;1;1;1;artifact;57;391
test/c/suites/TestChannel.c;1;HAVE_REPLICATION;1 && HAVE_REPLICATION;if;392;392
test/c/suites/TestChannel.c;1;HAVE_REPLICATION;1 && HAVE_REPLICATION;artifact;393;408
test/c/suites/TestChannel.c;1;_WIN32;1 && HAVE_REPLICATION && _WIN32;if;409;409
test/c/suites/TestChannel.c;1;_WIN32;1 && HAVE_REPLICATION && _WIN32;artifact;410;410
test/c/suites/TestChannel.c;1;_WIN32;1 && HAVE_REPLICATION && _WIN32;endif;411;411
test/c/suites/TestChannel.c;1;HAVE_REPLICATION;1 && HAVE_REPLICATION;artifact;412;619
test/c/suites/TestChannel.c;1;!_WIN32;1 && HAVE_REPLICATION && !_WIN32;if;620;620
test/c/suites/TestChannel.c;1;!_WIN32;1 && HAVE_REPLICATION && !_WIN32;artifact;621;621
test/c/suites/TestChannel.c;1;!_WIN32;1 && HAVE_REPLICATION && !_WIN32;endif;622;622
test/c/suites/TestChannel.c;1;HAVE_REPLICATION;1 && HAVE_REPLICATION;artifact;623;790
test/c/suites/TestChannel.c;1;!HAVE_REPLICATION;!HAVE_REPLICATION && 1;else;791;791
test/c/suites/TestChannel.c;1;!HAVE_REPLICATION;!HAVE_REPLICATION && 1;artifact;792;792
test/c/suites/TestChannel.c;1;!HAVE_REPLICATION;!HAVE_REPLICATION && 1;endif;793;793
test/c/suites/TestChannel.c;1;1;1;artifact;794;843
test/c/suites/TestChannel.c;1;!_WIN32;1 && !_WIN32;if;844;844
test/c/suites/TestChannel.c;1;!_WIN32;1 && !_WIN32;artifact;845;845
test/c/suites/TestChannel.c;1;!_WIN32;1 && !_WIN32;endif;846;846
test/c/suites/TestChannel.c;1;1;1;artifact;847;854
test/c/suites/TestChannel.c;1;_WIN32;1 && _WIN32;if;855;855
test/c/suites/TestChannel.c;1;_WIN32;1 && _WIN32;artifact;856;856
test/c/suites/TestChannel.c;1;!_WIN32;!_WIN32 && 1;else;857;857
test/c/suites/TestChannel.c;1;!_WIN32;!_WIN32 && 1;artifact;858;860
test/c/suites/TestChannel.c;1;!_WIN32;!_WIN32 && 1;endif;861;861
test/c/suites/TestChannel.c;1;1;1;artifact;862;1287
test/c/suites/TestChannel.c;1;HAVE_REPLICATION;1 && HAVE_REPLICATION;if;1288;1288
test/c/suites/TestChannel.c;1;HAVE_REPLICATION;1 && HAVE_REPLICATION;artifact;1289;1293
test/c/suites/TestChannel.c;1;_WIN32;1 && HAVE_REPLICATION && _WIN32;if;1294;1294
test/c/suites/TestChannel.c;1;_WIN32;1 && HAVE_REPLICATION && _WIN32;artifact;1295;1295
test/c/suites/TestChannel.c;1;!EADDRINUSE;1 && HAVE_REPLICATION && _WIN32 && !EADDRINUSE;if;1296;1296
test/c/suites/TestChannel.c;1;!EADDRINUSE;1 && HAVE_REPLICATION && _WIN32 && !EADDRINUSE;artifact;1297;1297
test/c/suites/TestChannel.c;1;!EADDRINUSE;1 && HAVE_REPLICATION && _WIN32 && !EADDRINUSE;endif;1298;1298
test/c/suites/TestChannel.c;1;_WIN32;1 && HAVE_REPLICATION && _WIN32;artifact;1299;1303
test/c/suites/TestChannel.c;1;_WIN32;1 && HAVE_REPLICATION && _WIN32;endif;1304;1304
test/c/suites/TestChannel.c;1;HAVE_REPLICATION;1 && HAVE_REPLICATION;artifact;1305;1377
test/c/suites/TestChannel.c;1;_WIN32;1 && HAVE_REPLICATION && _WIN32;if;1378;1378
test/c/suites/TestChannel.c;1;_WIN32;1 && HAVE_REPLICATION && _WIN32;artifact;1379;1384
test/c/suites/TestChannel.c;1;_WIN32;1 && HAVE_REPLICATION && _WIN32;endif;1385;1385
test/c/suites/TestChannel.c;1;HAVE_REPLICATION;1 && HAVE_REPLICATION;artifact;1386;1387
test/c/suites/TestChannel.c;1;!HAVE_REPLICATION;!HAVE_REPLICATION && 1;else;1388;1388
test/c/suites/TestChannel.c;1;!HAVE_REPLICATION;!HAVE_REPLICATION && 1;artifact;1389;1389
test/c/suites/TestChannel.c;1;!HAVE_REPLICATION;!HAVE_REPLICATION && 1;endif;1390;1390
test/c/suites/TestChannel.c;1;1;1;artifact;1391;1393
test/c/suites/TestDbHotBackup.c;1;1;1;ROOT;1;947
test/c/suites/TestDbHotBackup.c;1;1;1;artifact;1;946
test/c/suites/TestDbTuner.c;1;1;1;ROOT;1;251
test/c/suites/TestDbTuner.c;1;1;1;artifact;1;116
test/c/suites/TestDbTuner.c;1;_WIN32;1 && _WIN32;if;117;117
test/c/suites/TestDbTuner.c;1;_WIN32;1 && _WIN32;artifact;118;119
test/c/suites/TestDbTuner.c;1;!_WIN32;!_WIN32 && 1;else;120;120
test/c/suites/TestDbTuner.c;1;!_WIN32;!_WIN32 && 1;artifact;121;122
test/c/suites/TestDbTuner.c;1;!_WIN32;!_WIN32 && 1;endif;123;123
test/c/suites/TestDbTuner.c;1;1;1;artifact;124;250
test/c/suites/TestEncryption.c;1;1;1;ROOT;1;380
test/c/suites/TestEncryption.c;1;1;1;artifact;1;63
test/c/suites/TestEncryption.c;1;HAVE_CRYPTO;1 && HAVE_CRYPTO;if;64;64
test/c/suites/TestEncryption.c;1;HAVE_CRYPTO;1 && HAVE_CRYPTO;artifact;65;65
test/c/suites/TestEncryption.c;1;!HAVE_CRYPTO;!HAVE_CRYPTO && 1;else;66;66
test/c/suites/TestEncryption.c;1;!HAVE_CRYPTO;!HAVE_CRYPTO && 1;artifact;67;67
test/c/suites/TestEncryption.c;1;!HAVE_CRYPTO;!HAVE_CRYPTO && 1;endif;68;68
test/c/suites/TestEncryption.c;1;1;1;artifact;69;103
test/c/suites/TestEncryption.c;1;HAVE_CRYPTO;1 && HAVE_CRYPTO;if;104;104
test/c/suites/TestEncryption.c;1;HAVE_CRYPTO;1 && HAVE_CRYPTO;artifact;105;105
test/c/suites/TestEncryption.c;1;!HAVE_CRYPTO;!HAVE_CRYPTO && 1;else;106;106
test/c/suites/TestEncryption.c;1;!HAVE_CRYPTO;!HAVE_CRYPTO && 1;artifact;107;107
test/c/suites/TestEncryption.c;1;!HAVE_CRYPTO;!HAVE_CRYPTO && 1;endif;108;108
test/c/suites/TestEncryption.c;1;1;1;artifact;109;113
test/c/suites/TestEncryption.c;1;HAVE_CRYPTO;1 && HAVE_CRYPTO;if;114;114
test/c/suites/TestEncryption.c;1;HAVE_CRYPTO;1 && HAVE_CRYPTO;artifact;115;116
test/c/suites/TestEncryption.c;1;!HAVE_CRYPTO;!HAVE_CRYPTO && 1;else;117;117
test/c/suites/TestEncryption.c;1;!HAVE_CRYPTO;!HAVE_CRYPTO && 1;artifact;118;119
test/c/suites/TestEncryption.c;1;!HAVE_CRYPTO;!HAVE_CRYPTO && 1;endif;120;120
test/c/suites/TestEncryption.c;1;1;1;artifact;121;125
test/c/suites/TestEncryption.c;1;HAVE_CRYPTO;1 && HAVE_CRYPTO;if;126;126
test/c/suites/TestEncryption.c;1;HAVE_CRYPTO;1 && HAVE_CRYPTO;artifact;127;128
test/c/suites/TestEncryption.c;1;!HAVE_CRYPTO;!HAVE_CRYPTO && 1;else;129;129
test/c/suites/TestEncryption.c;1;!HAVE_CRYPTO;!HAVE_CRYPTO && 1;artifact;130;131
test/c/suites/TestEncryption.c;1;!HAVE_CRYPTO;!HAVE_CRYPTO && 1;endif;132;132
test/c/suites/TestEncryption.c;1;1;1;artifact;133;137
test/c/suites/TestEncryption.c;1;HAVE_CRYPTO;1 && HAVE_CRYPTO;if;138;138
test/c/suites/TestEncryption.c;1;HAVE_CRYPTO;1 && HAVE_CRYPTO;artifact;139;140
test/c/suites/TestEncryption.c;1;!HAVE_CRYPTO;!HAVE_CRYPTO && 1;else;141;141
test/c/suites/TestEncryption.c;1;!HAVE_CRYPTO;!HAVE_CRYPTO && 1;artifact;142;143
test/c/suites/TestEncryption.c;1;!HAVE_CRYPTO;!HAVE_CRYPTO && 1;endif;144;144
test/c/suites/TestEncryption.c;1;1;1;artifact;145;379
test/c/suites/TestEnvConfig.c;1;1;1;ROOT;1;305
test/c/suites/TestEnvConfig.c;1;1;1;artifact;1;304
test/c/suites/TestEnvMethod.c;1;1;1;ROOT;1;39
test/c/suites/TestEnvMethod.c;1;1;1;artifact;1;14
test/c/suites/TestEnvMethod.c;1;HAVE_HASH;1 && HAVE_HASH;if;15;15
test/c/suites/TestEnvMethod.c;1;HAVE_HASH;1 && HAVE_HASH;artifact;16;32
test/c/suites/TestEnvMethod.c;1;!HAVE_HASH;!HAVE_HASH && 1;else;33;33
test/c/suites/TestEnvMethod.c;1;!HAVE_HASH;!HAVE_HASH && 1;artifact;34;34
test/c/suites/TestEnvMethod.c;1;!HAVE_HASH;!HAVE_HASH && 1;endif;35;35
test/c/suites/TestEnvMethod.c;1;1;1;artifact;36;38
test/c/suites/TestKeyExistErrorReturn.c;1;1;1;ROOT;1;275
test/c/suites/TestKeyExistErrorReturn.c;1;1;1;artifact;1;21
test/c/suites/TestKeyExistErrorReturn.c;1;_WIN32;1 && _WIN32;if;22;22
test/c/suites/TestKeyExistErrorReturn.c;1;_WIN32;1 && _WIN32;artifact;23;43
test/c/suites/TestKeyExistErrorReturn.c;1;!_WIN32;!_WIN32 && 1;else;44;44
test/c/suites/TestKeyExistErrorReturn.c;1;!_WIN32;!_WIN32 && 1;artifact;45;57
test/c/suites/TestKeyExistErrorReturn.c;1;!_WIN32;!_WIN32 && 1;endif;58;58
test/c/suites/TestKeyExistErrorReturn.c;1;1;1;artifact;59;274
test/c/suites/TestPartial.c;1;1;1;ROOT;1;387
test/c/suites/TestPartial.c;1;1;1;artifact;1;59
test/c/suites/TestPartial.c;1;HAVE_QUEUE;1 && HAVE_QUEUE;if;60;60
test/c/suites/TestPartial.c;1;HAVE_QUEUE;1 && HAVE_QUEUE;artifact;61;81
test/c/suites/TestPartial.c;1;!HAVE_QUEUE;!HAVE_QUEUE && 1;else;82;82
test/c/suites/TestPartial.c;1;!HAVE_QUEUE;!HAVE_QUEUE && 1;artifact;83;83
test/c/suites/TestPartial.c;1;!HAVE_QUEUE;!HAVE_QUEUE && 1;endif;84;84
test/c/suites/TestPartial.c;1;1;1;artifact;85;386
test/c/suites/TestQueue.c;1;1;1;ROOT;1;847
test/c/suites/TestQueue.c;1;1;1;artifact;1;19
test/c/suites/TestQueue.c;1;!_WINDOWS;1 && !_WINDOWS;if;20;20
test/c/suites/TestQueue.c;1;!_WINDOWS;1 && !_WINDOWS;artifact;21;22
test/c/suites/TestQueue.c;1;!_WINDOWS;1 && !_WINDOWS;endif;23;23
test/c/suites/TestQueue.c;1;1;1;artifact;24;782
test/c/suites/TestQueue.c;1;VERBOSE;1 && VERBOSE;if;783;783
test/c/suites/TestQueue.c;1;VERBOSE;1 && VERBOSE;artifact;784;788
test/c/suites/TestQueue.c;1;VERBOSE;1 && VERBOSE;endif;789;789
test/c/suites/TestQueue.c;1;1;1;artifact;790;846
test/c/test_api_methods.c;1;1;1;ROOT;1;97
test/c/test_api_methods.c;1;1;1;artifact;1;16
test/c/test_api_methods.c;1;__linux__;1 && __linux__;if;17;17
test/c/test_api_methods.c;1;__linux__;1 && __linux__;artifact;18;18
test/c/test_api_methods.c;1;__linux__;1 && __linux__;endif;19;19
test/c/test_api_methods.c;1;1;1;artifact;20;96
test/c/test_log_verify.c;1;1;1;ROOT;1;267
test/c/test_log_verify.c;1;1;1;artifact;1;266
test/cxx/TestConstruct01.cpp;1;1;1;ROOT;1;323
test/cxx/TestConstruct01.cpp;1;1;1;artifact;1;20
test/cxx/TestConstruct01.cpp;1;!_MSC_VER;1 && !_MSC_VER;if;21;21
test/cxx/TestConstruct01.cpp;1;!_MSC_VER;1 && !_MSC_VER;artifact;22;22
test/cxx/TestConstruct01.cpp;1;!_MSC_VER;1 && !_MSC_VER;endif;23;23
test/cxx/TestConstruct01.cpp;1;1;1;artifact;24;52
test/cxx/TestConstruct01.cpp;1;VERBOSE;1 && VERBOSE;if;53;53
test/cxx/TestConstruct01.cpp;1;VERBOSE;1 && VERBOSE;artifact;54;54
test/cxx/TestConstruct01.cpp;1;!VERBOSE;!VERBOSE && 1;else;55;55
test/cxx/TestConstruct01.cpp;1;!VERBOSE;!VERBOSE && 1;artifact;56;56
test/cxx/TestConstruct01.cpp;1;!VERBOSE;!VERBOSE && 1;endif;57;57
test/cxx/TestConstruct01.cpp;1;1;1;artifact;58;74
test/cxx/TestConstruct01.cpp;1;0;1 && 0;if;75;75
test/cxx/TestConstruct01.cpp;1;0;1 && 0;artifact;76;82
test/cxx/TestConstruct01.cpp;1;0;1 && 0;endif;83;83
test/cxx/TestConstruct01.cpp;1;1;1;artifact;84;322
test/cxx/TestGetSetMethods.cpp;1;1;1;ROOT;1;90
test/cxx/TestGetSetMethods.cpp;1;1;1;artifact;1;89
test/cxx/TestKeyRange.cpp;1;1;1;ROOT;1;171
test/cxx/TestKeyRange.cpp;1;1;1;artifact;1;19
test/cxx/TestKeyRange.cpp;1;!_MSC_VER;1 && !_MSC_VER;if;20;20
test/cxx/TestKeyRange.cpp;1;!_MSC_VER;1 && !_MSC_VER;artifact;21;21
test/cxx/TestKeyRange.cpp;1;!_MSC_VER;1 && !_MSC_VER;endif;22;22
test/cxx/TestKeyRange.cpp;1;1;1;artifact;23;170
test/cxx/TestLogc.cpp;1;1;1;ROOT;1;110
test/cxx/TestLogc.cpp;1;1;1;artifact;1;109
test/cxx/TestMulti.cpp;1;1;1;ROOT;1;216
test/cxx/TestMulti.cpp;1;1;1;artifact;1;8
test/cxx/TestMulti.cpp;1;HAVE_STRING_H;1 && HAVE_STRING_H;if;9;9
test/cxx/TestMulti.cpp;1;HAVE_STRING_H;1 && HAVE_STRING_H;artifact;10;10
test/cxx/TestMulti.cpp;1;HAVE_STRING_H;1 && HAVE_STRING_H;endif;11;11
test/cxx/TestMulti.cpp;1;1;1;artifact;12;215
test/cxx/TestSimpleAccess.cpp;1;1;1;ROOT;1;69
test/cxx/TestSimpleAccess.cpp;1;1;1;artifact;1;68
test/cxx/TestTruncate.cpp;1;1;1;ROOT;1;86
test/cxx/TestTruncate.cpp;1;1;1;artifact;1;85
test/micro/source/b_curalloc.c;1;1;1;ROOT;1;71
test/micro/source/b_curalloc.c;1;1;1;artifact;1;39
test/micro/source/b_curalloc.c;1;(DB_VERSION_MAJOR__GT__4 || DB_VERSION_MAJOR__EQ__4) && (DB_VERSION_MAJOR__GT__4 || DB_VERSION_MINOR__GEQ__1);1 && (DB_VERSION_MAJOR__GT__4 || DB_VERSION_MAJOR__EQ__4) && (DB_VERSION_MAJOR__GT__4 || DB_VERSION_MINOR__GEQ__1);if;40;40
test/micro/source/b_curalloc.c;1;(DB_VERSION_MAJOR__GT__4 || DB_VERSION_MAJOR__EQ__4) && (DB_VERSION_MAJOR__GT__4 || DB_VERSION_MINOR__GEQ__1);1 && (DB_VERSION_MAJOR__GT__4 || DB_VERSION_MAJOR__EQ__4) && (DB_VERSION_MAJOR__GT__4 || DB_VERSION_MINOR__GEQ__1);artifact;41;42
test/micro/source/b_curalloc.c;1;!DB_VERSION_MAJOR__GT__4 && (!DB_VERSION_MAJOR__EQ__4 || !DB_VERSION_MINOR__GEQ__1);!DB_VERSION_MAJOR__GT__4 && (!DB_VERSION_MAJOR__EQ__4 || !DB_VERSION_MINOR__GEQ__1) && 1;else;43;43
test/micro/source/b_curalloc.c;1;!DB_VERSION_MAJOR__GT__4 && (!DB_VERSION_MAJOR__EQ__4 || !DB_VERSION_MINOR__GEQ__1);!DB_VERSION_MAJOR__GT__4 && (!DB_VERSION_MAJOR__EQ__4 || !DB_VERSION_MINOR__GEQ__1) && 1;artifact;44;45
test/micro/source/b_curalloc.c;1;!DB_VERSION_MAJOR__GT__4 && (!DB_VERSION_MAJOR__EQ__4 || !DB_VERSION_MINOR__GEQ__1);!DB_VERSION_MAJOR__GT__4 && (!DB_VERSION_MAJOR__EQ__4 || !DB_VERSION_MINOR__GEQ__1) && 1;endif;46;46
test/micro/source/b_curalloc.c;1;1;1;artifact;47;70
test/micro/source/b_curwalk.c;1;1;1;ROOT;1;243
test/micro/source/b_curwalk.c;1;1;1;artifact;1;20
test/micro/source/b_curwalk.c;1;(DB_VERSION_MAJOR__GT__5 || DB_VERSION_MAJOR__EQ__5) && (DB_VERSION_MAJOR__GT__5 || DB_VERSION_MINOR__GEQ__2);1 && (DB_VERSION_MAJOR__GT__5 || DB_VERSION_MAJOR__EQ__5) && (DB_VERSION_MAJOR__GT__5 || DB_VERSION_MINOR__GEQ__2);if;21;21
test/micro/source/b_curwalk.c;1;(DB_VERSION_MAJOR__GT__5 || DB_VERSION_MAJOR__EQ__5) && (DB_VERSION_MAJOR__GT__5 || DB_VERSION_MINOR__GEQ__2);1 && (DB_VERSION_MAJOR__GT__5 || DB_VERSION_MAJOR__EQ__5) && (DB_VERSION_MAJOR__GT__5 || DB_VERSION_MINOR__GEQ__2);artifact;22;22
test/micro/source/b_curwalk.c;1;(DB_VERSION_MAJOR__GT__5 || DB_VERSION_MAJOR__EQ__5) && (DB_VERSION_MAJOR__GT__5 || DB_VERSION_MINOR__GEQ__2);1 && (DB_VERSION_MAJOR__GT__5 || DB_VERSION_MAJOR__EQ__5) && (DB_VERSION_MAJOR__GT__5 || DB_VERSION_MINOR__GEQ__2);endif;23;23
test/micro/source/b_curwalk.c;1;1;1;artifact;24;67
test/micro/source/b_curwalk.c;1;(DB_VERSION_MAJOR__GT__5 || DB_VERSION_MAJOR__EQ__5) && (DB_VERSION_MAJOR__GT__5 || DB_VERSION_MINOR__GEQ__2);1 && (DB_VERSION_MAJOR__GT__5 || DB_VERSION_MAJOR__EQ__5) && (DB_VERSION_MAJOR__GT__5 || DB_VERSION_MINOR__GEQ__2);if;68;68
test/micro/source/b_curwalk.c;1;(DB_VERSION_MAJOR__GT__5 || DB_VERSION_MAJOR__EQ__5) && (DB_VERSION_MAJOR__GT__5 || DB_VERSION_MINOR__GEQ__2);1 && (DB_VERSION_MAJOR__GT__5 || DB_VERSION_MAJOR__EQ__5) && (DB_VERSION_MAJOR__GT__5 || DB_VERSION_MINOR__GEQ__2);artifact;69;72
test/micro/source/b_curwalk.c;1;!DB_VERSION_MAJOR__GT__5 && (!DB_VERSION_MAJOR__EQ__5 || !DB_VERSION_MINOR__GEQ__2);!DB_VERSION_MAJOR__GT__5 && (!DB_VERSION_MAJOR__EQ__5 || !DB_VERSION_MINOR__GEQ__2) && 1;else;73;73
test/micro/source/b_curwalk.c;1;!DB_VERSION_MAJOR__GT__5 && (!DB_VERSION_MAJOR__EQ__5 || !DB_VERSION_MINOR__GEQ__2);!DB_VERSION_MAJOR__GT__5 && (!DB_VERSION_MAJOR__EQ__5 || !DB_VERSION_MINOR__GEQ__2) && 1;artifact;74;76
test/micro/source/b_curwalk.c;1;!DB_VERSION_MAJOR__GT__5 && (!DB_VERSION_MAJOR__EQ__5 || !DB_VERSION_MINOR__GEQ__2);!DB_VERSION_MAJOR__GT__5 && (!DB_VERSION_MAJOR__EQ__5 || !DB_VERSION_MINOR__GEQ__2) && 1;endif;77;77
test/micro/source/b_curwalk.c;1;1;1;artifact;78;113
test/micro/source/b_curwalk.c;1;(DB_VERSION_MAJOR__GT__5 || DB_VERSION_MAJOR__EQ__5) && (DB_VERSION_MAJOR__GT__5 || DB_VERSION_MINOR__GEQ__2);1 && (DB_VERSION_MAJOR__GT__5 || DB_VERSION_MAJOR__EQ__5) && (DB_VERSION_MAJOR__GT__5 || DB_VERSION_MINOR__GEQ__2);if;114;114
test/micro/source/b_curwalk.c;1;(DB_VERSION_MAJOR__GT__5 || DB_VERSION_MAJOR__EQ__5) && (DB_VERSION_MAJOR__GT__5 || DB_VERSION_MINOR__GEQ__2);1 && (DB_VERSION_MAJOR__GT__5 || DB_VERSION_MAJOR__EQ__5) && (DB_VERSION_MAJOR__GT__5 || DB_VERSION_MINOR__GEQ__2);artifact;115;120
test/micro/source/b_curwalk.c;1;!DB_VERSION_MAJOR__GT__5 && (!DB_VERSION_MAJOR__EQ__5 || !DB_VERSION_MINOR__GEQ__2);!DB_VERSION_MAJOR__GT__5 && (!DB_VERSION_MAJOR__EQ__5 || !DB_VERSION_MINOR__GEQ__2) && 1;else;121;121
test/micro/source/b_curwalk.c;1;!DB_VERSION_MAJOR__GT__5 && (!DB_VERSION_MAJOR__EQ__5 || !DB_VERSION_MINOR__GEQ__2);!DB_VERSION_MAJOR__GT__5 && (!DB_VERSION_MAJOR__EQ__5 || !DB_VERSION_MINOR__GEQ__2) && 1;artifact;122;126
test/micro/source/b_curwalk.c;1;!DB_VERSION_MAJOR__GT__5 && (!DB_VERSION_MAJOR__EQ__5 || !DB_VERSION_MINOR__GEQ__2);!DB_VERSION_MAJOR__GT__5 && (!DB_VERSION_MAJOR__EQ__5 || !DB_VERSION_MINOR__GEQ__2) && 1;endif;127;127
test/micro/source/b_curwalk.c;1;1;1;artifact;128;128
test/micro/source/b_curwalk.c;1;(DB_VERSION_MAJOR__LT__3 || DB_VERSION_MAJOR__EQ__3) && (DB_VERSION_MAJOR__LT__3 || DB_VERSION_MINOR__EQ__0);1 && (DB_VERSION_MAJOR__LT__3 || DB_VERSION_MAJOR__EQ__3) && (DB_VERSION_MAJOR__LT__3 || DB_VERSION_MINOR__EQ__0);if;129;129
test/micro/source/b_curwalk.c;1;(DB_VERSION_MAJOR__LT__3 || DB_VERSION_MAJOR__EQ__3) && (DB_VERSION_MAJOR__LT__3 || DB_VERSION_MINOR__EQ__0);1 && (DB_VERSION_MAJOR__LT__3 || DB_VERSION_MAJOR__EQ__3) && (DB_VERSION_MAJOR__LT__3 || DB_VERSION_MINOR__EQ__0);artifact;130;137
test/micro/source/b_curwalk.c;1;(DB_VERSION_MAJOR__LT__3 || DB_VERSION_MAJOR__EQ__3) && (DB_VERSION_MAJOR__LT__3 || DB_VERSION_MINOR__EQ__0);1 && (DB_VERSION_MAJOR__LT__3 || DB_VERSION_MAJOR__EQ__3) && (DB_VERSION_MAJOR__LT__3 || DB_VERSION_MINOR__EQ__0);endif;138;138
test/micro/source/b_curwalk.c;1;1;1;artifact;139;153
test/micro/source/b_curwalk.c;1;(DB_VERSION_MAJOR__GT__4 || DB_VERSION_MAJOR__EQ__4) && (DB_VERSION_MAJOR__GT__4 || DB_VERSION_MINOR__GEQ__1);1 && (DB_VERSION_MAJOR__GT__4 || DB_VERSION_MAJOR__EQ__4) && (DB_VERSION_MAJOR__GT__4 || DB_VERSION_MINOR__GEQ__1);if;154;154
test/micro/source/b_curwalk.c;1;(DB_VERSION_MAJOR__GT__4 || DB_VERSION_MAJOR__EQ__4) && (DB_VERSION_MAJOR__GT__4 || DB_VERSION_MINOR__GEQ__1);1 && (DB_VERSION_MAJOR__GT__4 || DB_VERSION_MAJOR__EQ__4) && (DB_VERSION_MAJOR__GT__4 || DB_VERSION_MINOR__GEQ__1);artifact;155;156
test/micro/source/b_curwalk.c;1;!DB_VERSION_MAJOR__GT__4 && (!DB_VERSION_MAJOR__EQ__4 || !DB_VERSION_MINOR__GEQ__1);!DB_VERSION_MAJOR__GT__4 && (!DB_VERSION_MAJOR__EQ__4 || !DB_VERSION_MINOR__GEQ__1) && 1;else;157;157
test/micro/source/b_curwalk.c;1;!DB_VERSION_MAJOR__GT__4 && (!DB_VERSION_MAJOR__EQ__4 || !DB_VERSION_MINOR__GEQ__1);!DB_VERSION_MAJOR__GT__4 && (!DB_VERSION_MAJOR__EQ__4 || !DB_VERSION_MINOR__GEQ__1) && 1;artifact;158;159
test/micro/source/b_curwalk.c;1;!DB_VERSION_MAJOR__GT__4 && (!DB_VERSION_MAJOR__EQ__4 || !DB_VERSION_MINOR__GEQ__1);!DB_VERSION_MAJOR__GT__4 && (!DB_VERSION_MAJOR__EQ__4 || !DB_VERSION_MINOR__GEQ__1) && 1;endif;160;160
test/micro/source/b_curwalk.c;1;1;1;artifact;161;179
test/micro/source/b_curwalk.c;1;(DB_VERSION_MAJOR__GT__5 || DB_VERSION_MAJOR__EQ__5) && (DB_VERSION_MAJOR__GT__5 || DB_VERSION_MINOR__GEQ__2);1 && (DB_VERSION_MAJOR__GT__5 || DB_VERSION_MAJOR__EQ__5) && (DB_VERSION_MAJOR__GT__5 || DB_VERSION_MINOR__GEQ__2);if;180;180
test/micro/source/b_curwalk.c;1;(DB_VERSION_MAJOR__GT__5 || DB_VERSION_MAJOR__EQ__5) && (DB_VERSION_MAJOR__GT__5 || DB_VERSION_MINOR__GEQ__2);1 && (DB_VERSION_MAJOR__GT__5 || DB_VERSION_MAJOR__EQ__5) && (DB_VERSION_MAJOR__GT__5 || DB_VERSION_MINOR__GEQ__2);artifact;181;186
test/micro/source/b_curwalk.c;1;(DB_VERSION_MAJOR__GT__5 || DB_VERSION_MAJOR__EQ__5) && (DB_VERSION_MAJOR__GT__5 || DB_VERSION_MINOR__GEQ__2);1 && (DB_VERSION_MAJOR__GT__5 || DB_VERSION_MAJOR__EQ__5) && (DB_VERSION_MAJOR__GT__5 || DB_VERSION_MINOR__GEQ__2);endif;187;187
test/micro/source/b_curwalk.c;1;1;1;artifact;188;242
test/micro/source/b_del.c;1;1;1;ROOT;1;204
test/micro/source/b_del.c;1;1;1;artifact;1;20
test/micro/source/b_del.c;1;(DB_VERSION_MAJOR__GT__5 || DB_VERSION_MAJOR__EQ__5) && (DB_VERSION_MAJOR__GT__5 || DB_VERSION_MINOR__GEQ__2);1 && (DB_VERSION_MAJOR__GT__5 || DB_VERSION_MAJOR__EQ__5) && (DB_VERSION_MAJOR__GT__5 || DB_VERSION_MINOR__GEQ__2);if;21;21
test/micro/source/b_del.c;1;(DB_VERSION_MAJOR__GT__5 || DB_VERSION_MAJOR__EQ__5) && (DB_VERSION_MAJOR__GT__5 || DB_VERSION_MINOR__GEQ__2);1 && (DB_VERSION_MAJOR__GT__5 || DB_VERSION_MAJOR__EQ__5) && (DB_VERSION_MAJOR__GT__5 || DB_VERSION_MINOR__GEQ__2);artifact;22;22
test/micro/source/b_del.c;1;(DB_VERSION_MAJOR__GT__5 || DB_VERSION_MAJOR__EQ__5) && (DB_VERSION_MAJOR__GT__5 || DB_VERSION_MINOR__GEQ__2);1 && (DB_VERSION_MAJOR__GT__5 || DB_VERSION_MAJOR__EQ__5) && (DB_VERSION_MAJOR__GT__5 || DB_VERSION_MINOR__GEQ__2);endif;23;23
test/micro/source/b_del.c;1;1;1;artifact;24;49
test/micro/source/b_del.c;1;(DB_VERSION_MAJOR__GT__5 || DB_VERSION_MAJOR__EQ__5) && (DB_VERSION_MAJOR__GT__5 || DB_VERSION_MINOR__GEQ__2);1 && (DB_VERSION_MAJOR__GT__5 || DB_VERSION_MAJOR__EQ__5) && (DB_VERSION_MAJOR__GT__5 || DB_VERSION_MINOR__GEQ__2);if;50;50
test/micro/source/b_del.c;1;(DB_VERSION_MAJOR__GT__5 || DB_VERSION_MAJOR__EQ__5) && (DB_VERSION_MAJOR__GT__5 || DB_VERSION_MINOR__GEQ__2);1 && (DB_VERSION_MAJOR__GT__5 || DB_VERSION_MAJOR__EQ__5) && (DB_VERSION_MAJOR__GT__5 || DB_VERSION_MINOR__GEQ__2);artifact;51;54
test/micro/source/b_del.c;1;!DB_VERSION_MAJOR__GT__5 && (!DB_VERSION_MAJOR__EQ__5 || !DB_VERSION_MINOR__GEQ__2);!DB_VERSION_MAJOR__GT__5 && (!DB_VERSION_MAJOR__EQ__5 || !DB_VERSION_MINOR__GEQ__2) && 1;else;55;55
test/micro/source/b_del.c;1;!DB_VERSION_MAJOR__GT__5 && (!DB_VERSION_MAJOR__EQ__5 || !DB_VERSION_MINOR__GEQ__2);!DB_VERSION_MAJOR__GT__5 && (!DB_VERSION_MAJOR__EQ__5 || !DB_VERSION_MINOR__GEQ__2) && 1;artifact;56;58
test/micro/source/b_del.c;1;!DB_VERSION_MAJOR__GT__5 && (!DB_VERSION_MAJOR__EQ__5 || !DB_VERSION_MINOR__GEQ__2);!DB_VERSION_MAJOR__GT__5 && (!DB_VERSION_MAJOR__EQ__5 || !DB_VERSION_MINOR__GEQ__2) && 1;endif;59;59
test/micro/source/b_del.c;1;1;1;artifact;60;97
test/micro/source/b_del.c;1;(DB_VERSION_MAJOR__GT__5 || DB_VERSION_MAJOR__EQ__5) && (DB_VERSION_MAJOR__GT__5 || DB_VERSION_MINOR__GEQ__2);1 && (DB_VERSION_MAJOR__GT__5 || DB_VERSION_MAJOR__EQ__5) && (DB_VERSION_MAJOR__GT__5 || DB_VERSION_MINOR__GEQ__2);if;98;98
test/micro/source/b_del.c;1;(DB_VERSION_MAJOR__GT__5 || DB_VERSION_MAJOR__EQ__5) && (DB_VERSION_MAJOR__GT__5 || DB_VERSION_MINOR__GEQ__2);1 && (DB_VERSION_MAJOR__GT__5 || DB_VERSION_MAJOR__EQ__5) && (DB_VERSION_MAJOR__GT__5 || DB_VERSION_MINOR__GEQ__2);artifact;99;103
test/micro/source/b_del.c;1;(DB_VERSION_MAJOR__GT__5 || DB_VERSION_MAJOR__EQ__5) && (DB_VERSION_MAJOR__GT__5 || DB_VERSION_MINOR__GEQ__2);1 && (DB_VERSION_MAJOR__GT__5 || DB_VERSION_MAJOR__EQ__5) && (DB_VERSION_MAJOR__GT__5 || DB_VERSION_MINOR__GEQ__2);endif;104;104
test/micro/source/b_del.c;1;1;1;artifact;105;109
test/micro/source/b_del.c;1;(DB_VERSION_MAJOR__GT__4 || DB_VERSION_MAJOR__EQ__4) && (DB_VERSION_MAJOR__GT__4 || DB_VERSION_MINOR__GEQ__1);1 && (DB_VERSION_MAJOR__GT__4 || DB_VERSION_MAJOR__EQ__4) && (DB_VERSION_MAJOR__GT__4 || DB_VERSION_MINOR__GEQ__1);if;110;110
test/micro/source/b_del.c;1;(DB_VERSION_MAJOR__GT__4 || DB_VERSION_MAJOR__EQ__4) && (DB_VERSION_MAJOR__GT__4 || DB_VERSION_MINOR__GEQ__1);1 && (DB_VERSION_MAJOR__GT__4 || DB_VERSION_MAJOR__EQ__4) && (DB_VERSION_MAJOR__GT__4 || DB_VERSION_MINOR__GEQ__1);artifact;111;112
test/micro/source/b_del.c;1;!DB_VERSION_MAJOR__GT__4 && (!DB_VERSION_MAJOR__EQ__4 || !DB_VERSION_MINOR__GEQ__1);!DB_VERSION_MAJOR__GT__4 && (!DB_VERSION_MAJOR__EQ__4 || !DB_VERSION_MINOR__GEQ__1) && 1;else;113;113
test/micro/source/b_del.c;1;!DB_VERSION_MAJOR__GT__4 && (!DB_VERSION_MAJOR__EQ__4 || !DB_VERSION_MINOR__GEQ__1);!DB_VERSION_MAJOR__GT__4 && (!DB_VERSION_MAJOR__EQ__4 || !DB_VERSION_MINOR__GEQ__1) && 1;artifact;114;115
test/micro/source/b_del.c;1;!DB_VERSION_MAJOR__GT__4 && (!DB_VERSION_MAJOR__EQ__4 || !DB_VERSION_MINOR__GEQ__1);!DB_VERSION_MAJOR__GT__4 && (!DB_VERSION_MAJOR__EQ__4 || !DB_VERSION_MINOR__GEQ__1) && 1;endif;116;116
test/micro/source/b_del.c;1;1;1;artifact;117;130
test/micro/source/b_del.c;1;(DB_VERSION_MAJOR__GT__5 || DB_VERSION_MAJOR__EQ__5) && (DB_VERSION_MAJOR__GT__5 || DB_VERSION_MINOR__GEQ__2);1 && (DB_VERSION_MAJOR__GT__5 || DB_VERSION_MAJOR__EQ__5) && (DB_VERSION_MAJOR__GT__5 || DB_VERSION_MINOR__GEQ__2);if;131;131
test/micro/source/b_del.c;1;(DB_VERSION_MAJOR__GT__5 || DB_VERSION_MAJOR__EQ__5) && (DB_VERSION_MAJOR__GT__5 || DB_VERSION_MINOR__GEQ__2);1 && (DB_VERSION_MAJOR__GT__5 || DB_VERSION_MAJOR__EQ__5) && (DB_VERSION_MAJOR__GT__5 || DB_VERSION_MINOR__GEQ__2);artifact;132;135
test/micro/source/b_del.c;1;(DB_VERSION_MAJOR__GT__5 || DB_VERSION_MAJOR__EQ__5) && (DB_VERSION_MAJOR__GT__5 || DB_VERSION_MINOR__GEQ__2);1 && (DB_VERSION_MAJOR__GT__5 || DB_VERSION_MAJOR__EQ__5) && (DB_VERSION_MAJOR__GT__5 || DB_VERSION_MINOR__GEQ__2);endif;136;136
test/micro/source/b_del.c;1;1;1;artifact;137;153
test/micro/source/b_del.c;1;(DB_VERSION_MAJOR__GT__5 || DB_VERSION_MAJOR__EQ__5) && (DB_VERSION_MAJOR__GT__5 || DB_VERSION_MINOR__GEQ__2);1 && (DB_VERSION_MAJOR__GT__5 || DB_VERSION_MAJOR__EQ__5) && (DB_VERSION_MAJOR__GT__5 || DB_VERSION_MINOR__GEQ__2);if;154;154
test/micro/source/b_del.c;1;(DB_VERSION_MAJOR__GT__5 || DB_VERSION_MAJOR__EQ__5) && (DB_VERSION_MAJOR__GT__5 || DB_VERSION_MINOR__GEQ__2);1 && (DB_VERSION_MAJOR__GT__5 || DB_VERSION_MAJOR__EQ__5) && (DB_VERSION_MAJOR__GT__5 || DB_VERSION_MINOR__GEQ__2);artifact;155;158
test/micro/source/b_del.c;1;(DB_VERSION_MAJOR__GT__5 || DB_VERSION_MAJOR__EQ__5) && (DB_VERSION_MAJOR__GT__5 || DB_VERSION_MINOR__GEQ__2);1 && (DB_VERSION_MAJOR__GT__5 || DB_VERSION_MAJOR__EQ__5) && (DB_VERSION_MAJOR__GT__5 || DB_VERSION_MINOR__GEQ__2);endif;159;159
test/micro/source/b_del.c;1;1;1;artifact;160;203
test/micro/source/b_get.c;1;1;1;ROOT;1;190
test/micro/source/b_get.c;1;1;1;artifact;1;27
test/micro/source/b_get.c;1;(DB_VERSION_MAJOR__GT__5 || DB_VERSION_MAJOR__EQ__5) && (DB_VERSION_MAJOR__GT__5 || DB_VERSION_MINOR__GEQ__2);1 && (DB_VERSION_MAJOR__GT__5 || DB_VERSION_MAJOR__EQ__5) && (DB_VERSION_MAJOR__GT__5 || DB_VERSION_MINOR__GEQ__2);if;28;28
test/micro/source/b_get.c;1;(DB_VERSION_MAJOR__GT__5 || DB_VERSION_MAJOR__EQ__5) && (DB_VERSION_MAJOR__GT__5 || DB_VERSION_MINOR__GEQ__2);1 && (DB_VERSION_MAJOR__GT__5 || DB_VERSION_MAJOR__EQ__5) && (DB_VERSION_MAJOR__GT__5 || DB_VERSION_MINOR__GEQ__2);artifact;29;29
test/micro/source/b_get.c;1;(DB_VERSION_MAJOR__GT__5 || DB_VERSION_MAJOR__EQ__5) && (DB_VERSION_MAJOR__GT__5 || DB_VERSION_MINOR__GEQ__2);1 && (DB_VERSION_MAJOR__GT__5 || DB_VERSION_MAJOR__EQ__5) && (DB_VERSION_MAJOR__GT__5 || DB_VERSION_MINOR__GEQ__2);endif;30;30
test/micro/source/b_get.c;1;1;1;artifact;31;55
test/micro/source/b_get.c;1;(DB_VERSION_MAJOR__GT__5 || DB_VERSION_MAJOR__EQ__5) && (DB_VERSION_MAJOR__GT__5 || DB_VERSION_MINOR__GEQ__2);1 && (DB_VERSION_MAJOR__GT__5 || DB_VERSION_MAJOR__EQ__5) && (DB_VERSION_MAJOR__GT__5 || DB_VERSION_MINOR__GEQ__2);if;56;56
test/micro/source/b_get.c;1;(DB_VERSION_MAJOR__GT__5 || DB_VERSION_MAJOR__EQ__5) && (DB_VERSION_MAJOR__GT__5 || DB_VERSION_MINOR__GEQ__2);1 && (DB_VERSION_MAJOR__GT__5 || DB_VERSION_MAJOR__EQ__5) && (DB_VERSION_MAJOR__GT__5 || DB_VERSION_MINOR__GEQ__2);artifact;57;60
test/micro/source/b_get.c;1;!DB_VERSION_MAJOR__GT__5 && (!DB_VERSION_MAJOR__EQ__5 || !DB_VERSION_MINOR__GEQ__2);!DB_VERSION_MAJOR__GT__5 && (!DB_VERSION_MAJOR__EQ__5 || !DB_VERSION_MINOR__GEQ__2) && 1;else;61;61
test/micro/source/b_get.c;1;!DB_VERSION_MAJOR__GT__5 && (!DB_VERSION_MAJOR__EQ__5 || !DB_VERSION_MINOR__GEQ__2);!DB_VERSION_MAJOR__GT__5 && (!DB_VERSION_MAJOR__EQ__5 || !DB_VERSION_MINOR__GEQ__2) && 1;artifact;62;64
test/micro/source/b_get.c;1;!DB_VERSION_MAJOR__GT__5 && (!DB_VERSION_MAJOR__EQ__5 || !DB_VERSION_MINOR__GEQ__2);!DB_VERSION_MAJOR__GT__5 && (!DB_VERSION_MAJOR__EQ__5 || !DB_VERSION_MINOR__GEQ__2) && 1;endif;65;65
test/micro/source/b_get.c;1;1;1;artifact;66;103
test/micro/source/b_get.c;1;DB_VERSION_MAJOR__EQ__4 && DB_VERSION_MINOR__EQ__7 && DB_VERSION_PATCH__EQ__30;1 && DB_VERSION_MAJOR__EQ__4 && DB_VERSION_MINOR__EQ__7 && DB_VERSION_PATCH__EQ__30;if;104;104
test/micro/source/b_get.c;1;DB_VERSION_MAJOR__EQ__4 && DB_VERSION_MINOR__EQ__7 && DB_VERSION_PATCH__EQ__30;1 && DB_VERSION_MAJOR__EQ__4 && DB_VERSION_MINOR__EQ__7 && DB_VERSION_PATCH__EQ__30;artifact;105;123
test/micro/source/b_get.c;1;DB_VERSION_MAJOR__EQ__4 && DB_VERSION_MINOR__EQ__7 && DB_VERSION_PATCH__EQ__30;1 && DB_VERSION_MAJOR__EQ__4 && DB_VERSION_MINOR__EQ__7 && DB_VERSION_PATCH__EQ__30;endif;124;124
test/micro/source/b_get.c;1;1;1;artifact;125;125
test/micro/source/b_get.c;1;(DB_VERSION_MAJOR__GT__4 || DB_VERSION_MAJOR__EQ__4) && (DB_VERSION_MAJOR__GT__4 || DB_VERSION_MINOR__GEQ__1);1 && (DB_VERSION_MAJOR__GT__4 || DB_VERSION_MAJOR__EQ__4) && (DB_VERSION_MAJOR__GT__4 || DB_VERSION_MINOR__GEQ__1);if;126;126
test/micro/source/b_get.c;1;(DB_VERSION_MAJOR__GT__4 || DB_VERSION_MAJOR__EQ__4) && (DB_VERSION_MAJOR__GT__4 || DB_VERSION_MINOR__GEQ__1);1 && (DB_VERSION_MAJOR__GT__4 || DB_VERSION_MAJOR__EQ__4) && (DB_VERSION_MAJOR__GT__4 || DB_VERSION_MINOR__GEQ__1);artifact;127;128
test/micro/source/b_get.c;1;!DB_VERSION_MAJOR__GT__4 && (!DB_VERSION_MAJOR__EQ__4 || !DB_VERSION_MINOR__GEQ__1);!DB_VERSION_MAJOR__GT__4 && (!DB_VERSION_MAJOR__EQ__4 || !DB_VERSION_MINOR__GEQ__1) && 1;else;129;129
test/micro/source/b_get.c;1;!DB_VERSION_MAJOR__GT__4 && (!DB_VERSION_MAJOR__EQ__4 || !DB_VERSION_MINOR__GEQ__1);!DB_VERSION_MAJOR__GT__4 && (!DB_VERSION_MAJOR__EQ__4 || !DB_VERSION_MINOR__GEQ__1) && 1;artifact;130;131
test/micro/source/b_get.c;1;!DB_VERSION_MAJOR__GT__4 && (!DB_VERSION_MAJOR__EQ__4 || !DB_VERSION_MINOR__GEQ__1);!DB_VERSION_MAJOR__GT__4 && (!DB_VERSION_MAJOR__EQ__4 || !DB_VERSION_MINOR__GEQ__1) && 1;endif;132;132
test/micro/source/b_get.c;1;1;1;artifact;133;142
test/micro/source/b_get.c;1;(DB_VERSION_MAJOR__GT__5 || DB_VERSION_MAJOR__EQ__5) && (DB_VERSION_MAJOR__GT__5 || DB_VERSION_MINOR__GEQ__2);1 && (DB_VERSION_MAJOR__GT__5 || DB_VERSION_MAJOR__EQ__5) && (DB_VERSION_MAJOR__GT__5 || DB_VERSION_MINOR__GEQ__2);if;143;143
test/micro/source/b_get.c;1;(DB_VERSION_MAJOR__GT__5 || DB_VERSION_MAJOR__EQ__5) && (DB_VERSION_MAJOR__GT__5 || DB_VERSION_MINOR__GEQ__2);1 && (DB_VERSION_MAJOR__GT__5 || DB_VERSION_MAJOR__EQ__5) && (DB_VERSION_MAJOR__GT__5 || DB_VERSION_MINOR__GEQ__2);artifact;144;147
test/micro/source/b_get.c;1;(DB_VERSION_MAJOR__GT__5 || DB_VERSION_MAJOR__EQ__5) && (DB_VERSION_MAJOR__GT__5 || DB_VERSION_MINOR__GEQ__2);1 && (DB_VERSION_MAJOR__GT__5 || DB_VERSION_MAJOR__EQ__5) && (DB_VERSION_MAJOR__GT__5 || DB_VERSION_MINOR__GEQ__2);endif;148;148
test/micro/source/b_get.c;1;1;1;artifact;149;161
test/micro/source/b_get.c;1;(DB_VERSION_MAJOR__GT__5 || DB_VERSION_MAJOR__EQ__5) && (DB_VERSION_MAJOR__GT__5 || DB_VERSION_MINOR__GEQ__2);1 && (DB_VERSION_MAJOR__GT__5 || DB_VERSION_MAJOR__EQ__5) && (DB_VERSION_MAJOR__GT__5 || DB_VERSION_MINOR__GEQ__2);if;162;162
test/micro/source/b_get.c;1;(DB_VERSION_MAJOR__GT__5 || DB_VERSION_MAJOR__EQ__5) && (DB_VERSION_MAJOR__GT__5 || DB_VERSION_MINOR__GEQ__2);1 && (DB_VERSION_MAJOR__GT__5 || DB_VERSION_MAJOR__EQ__5) && (DB_VERSION_MAJOR__GT__5 || DB_VERSION_MINOR__GEQ__2);artifact;163;164
test/micro/source/b_get.c;1;!DB_VERSION_MAJOR__GT__5 && (!DB_VERSION_MAJOR__EQ__5 || !DB_VERSION_MINOR__GEQ__2);!DB_VERSION_MAJOR__GT__5 && (!DB_VERSION_MAJOR__EQ__5 || !DB_VERSION_MINOR__GEQ__2) && 1;else;165;165
test/micro/source/b_get.c;1;!DB_VERSION_MAJOR__GT__5 && (!DB_VERSION_MAJOR__EQ__5 || !DB_VERSION_MINOR__GEQ__2);!DB_VERSION_MAJOR__GT__5 && (!DB_VERSION_MAJOR__EQ__5 || !DB_VERSION_MINOR__GEQ__2) && 1;artifact;166;166
test/micro/source/b_get.c;1;!DB_VERSION_MAJOR__GT__5 && (!DB_VERSION_MAJOR__EQ__5 || !DB_VERSION_MINOR__GEQ__2);!DB_VERSION_MAJOR__GT__5 && (!DB_VERSION_MAJOR__EQ__5 || !DB_VERSION_MINOR__GEQ__2) && 1;endif;167;167
test/micro/source/b_get.c;1;1;1;artifact;168;189
test/micro/source/b_inmem.c;1;1;1;ROOT;1;428
test/micro/source/b_inmem.c;1;1;1;artifact;1;10
test/micro/source/b_inmem.c;1;(DB_VERSION_MAJOR__GT__4 || DB_VERSION_MAJOR__EQ__4) && (DB_VERSION_MAJOR__GT__4 || DB_VERSION_MINOR__GT__0);1 && (DB_VERSION_MAJOR__GT__4 || DB_VERSION_MAJOR__EQ__4) && (DB_VERSION_MAJOR__GT__4 || DB_VERSION_MINOR__GT__0);if;11;11
test/micro/source/b_inmem.c;1;(DB_VERSION_MAJOR__GT__4 || DB_VERSION_MAJOR__EQ__4) && (DB_VERSION_MAJOR__GT__4 || DB_VERSION_MINOR__GT__0);1 && (DB_VERSION_MAJOR__GT__4 || DB_VERSION_MAJOR__EQ__4) && (DB_VERSION_MAJOR__GT__4 || DB_VERSION_MINOR__GT__0);artifact;12;127
test/micro/source/b_inmem.c;1;0;1 && (DB_VERSION_MAJOR__GT__4 || DB_VERSION_MAJOR__EQ__4) && (DB_VERSION_MAJOR__GT__4 || DB_VERSION_MINOR__GT__0) && 0;if;128;128
test/micro/source/b_inmem.c;1;0;1 && (DB_VERSION_MAJOR__GT__4 || DB_VERSION_MAJOR__EQ__4) && (DB_VERSION_MAJOR__GT__4 || DB_VERSION_MINOR__GT__0) && 0;artifact;129;131
test/micro/source/b_inmem.c;1;0;1 && (DB_VERSION_MAJOR__GT__4 || DB_VERSION_MAJOR__EQ__4) && (DB_VERSION_MAJOR__GT__4 || DB_VERSION_MINOR__GT__0) && 0;endif;132;132
test/micro/source/b_inmem.c;1;(DB_VERSION_MAJOR__GT__4 || DB_VERSION_MAJOR__EQ__4) && (DB_VERSION_MAJOR__GT__4 || DB_VERSION_MINOR__GT__0);1 && (DB_VERSION_MAJOR__GT__4 || DB_VERSION_MAJOR__EQ__4) && (DB_VERSION_MAJOR__GT__4 || DB_VERSION_MINOR__GT__0);artifact;133;157
test/micro/source/b_inmem.c;1;0;1 && (DB_VERSION_MAJOR__GT__4 || DB_VERSION_MAJOR__EQ__4) && (DB_VERSION_MAJOR__GT__4 || DB_VERSION_MINOR__GT__0) && 0;if;158;158
test/micro/source/b_inmem.c;1;0;1 && (DB_VERSION_MAJOR__GT__4 || DB_VERSION_MAJOR__EQ__4) && (DB_VERSION_MAJOR__GT__4 || DB_VERSION_MINOR__GT__0) && 0;artifact;159;161
test/micro/source/b_inmem.c;1;0;1 && (DB_VERSION_MAJOR__GT__4 || DB_VERSION_MAJOR__EQ__4) && (DB_VERSION_MAJOR__GT__4 || DB_VERSION_MINOR__GT__0) && 0;endif;162;162
test/micro/source/b_inmem.c;1;(DB_VERSION_MAJOR__GT__4 || DB_VERSION_MAJOR__EQ__4) && (DB_VERSION_MAJOR__GT__4 || DB_VERSION_MINOR__GT__0);1 && (DB_VERSION_MAJOR__GT__4 || DB_VERSION_MAJOR__EQ__4) && (DB_VERSION_MAJOR__GT__4 || DB_VERSION_MINOR__GT__0);artifact;163;198
test/micro/source/b_inmem.c;1;DB_AUTO_COMMIT;1 && (DB_VERSION_MAJOR__GT__4 || DB_VERSION_MAJOR__EQ__4) && (DB_VERSION_MAJOR__GT__4 || DB_VERSION_MINOR__GT__0) && DB_AUTO_COMMIT;if;199;199
test/micro/source/b_inmem.c;1;DB_AUTO_COMMIT;1 && (DB_VERSION_MAJOR__GT__4 || DB_VERSION_MAJOR__EQ__4) && (DB_VERSION_MAJOR__GT__4 || DB_VERSION_MINOR__GT__0) && DB_AUTO_COMMIT;artifact;200;200
test/micro/source/b_inmem.c;1;DB_AUTO_COMMIT;1 && (DB_VERSION_MAJOR__GT__4 || DB_VERSION_MAJOR__EQ__4) && (DB_VERSION_MAJOR__GT__4 || DB_VERSION_MINOR__GT__0) && DB_AUTO_COMMIT;endif;201;201
test/micro/source/b_inmem.c;1;(DB_VERSION_MAJOR__GT__4 || DB_VERSION_MAJOR__EQ__4) && (DB_VERSION_MAJOR__GT__4 || DB_VERSION_MINOR__GT__0);1 && (DB_VERSION_MAJOR__GT__4 || DB_VERSION_MAJOR__EQ__4) && (DB_VERSION_MAJOR__GT__4 || DB_VERSION_MINOR__GT__0);artifact;202;206
test/micro/source/b_inmem.c;1;DB_VERSION_MINOR__GEQ__7 || DB_VERSION_MAJOR__GT__4;1 && (DB_VERSION_MAJOR__GT__4 || DB_VERSION_MAJOR__EQ__4) && (DB_VERSION_MAJOR__GT__4 || DB_VERSION_MINOR__GT__0) && (DB_VERSION_MINOR__GEQ__7 || DB_VERSION_MAJOR__GT__4);if;207;207
test/micro/source/b_inmem.c;1;DB_VERSION_MINOR__GEQ__7 || DB_VERSION_MAJOR__GT__4;1 && (DB_VERSION_MAJOR__GT__4 || DB_VERSION_MAJOR__EQ__4) && (DB_VERSION_MAJOR__GT__4 || DB_VERSION_MINOR__GT__0) && (DB_VERSION_MINOR__GEQ__7 || DB_VERSION_MAJOR__GT__4);artifact;208;209
test/micro/source/b_inmem.c;1;!DB_VERSION_MINOR__GEQ__7 && !DB_VERSION_MAJOR__GT__4;!DB_VERSION_MINOR__GEQ__7 && !DB_VERSION_MAJOR__GT__4 && 1 && (DB_VERSION_MAJOR__GT__4 || DB_VERSION_MAJOR__EQ__4) && (DB_VERSION_MAJOR__GT__4 || DB_VERSION_MINOR__GT__0);else;210;210
test/micro/source/b_inmem.c;1;!DB_VERSION_MINOR__GEQ__7 && !DB_VERSION_MAJOR__GT__4;!DB_VERSION_MINOR__GEQ__7 && !DB_VERSION_MAJOR__GT__4 && 1 && (DB_VERSION_MAJOR__GT__4 || DB_VERSION_MAJOR__EQ__4) && (DB_VERSION_MAJOR__GT__4 || DB_VERSION_MINOR__GT__0);artifact;211;211
test/micro/source/b_inmem.c;1;!DB_VERSION_MINOR__GEQ__7 && !DB_VERSION_MAJOR__GT__4;!DB_VERSION_MINOR__GEQ__7 && !DB_VERSION_MAJOR__GT__4 && 1 && (DB_VERSION_MAJOR__GT__4 || DB_VERSION_MAJOR__EQ__4) && (DB_VERSION_MAJOR__GT__4 || DB_VERSION_MINOR__GT__0);endif;212;212
test/micro/source/b_inmem.c;1;DB_LOG_INMEMORY;1 && (DB_VERSION_MAJOR__GT__4 || DB_VERSION_MAJOR__EQ__4) && (DB_VERSION_MAJOR__GT__4 || DB_VERSION_MINOR__GT__0) && DB_LOG_INMEMORY;if;213;213
test/micro/source/b_inmem.c;1;DB_LOG_INMEMORY;1 && (DB_VERSION_MAJOR__GT__4 || DB_VERSION_MAJOR__EQ__4) && (DB_VERSION_MAJOR__GT__4 || DB_VERSION_MINOR__GT__0) && DB_LOG_INMEMORY;artifact;214;214
test/micro/source/b_inmem.c;1;DB_LOG_INMEMORY;1 && (DB_VERSION_MAJOR__GT__4 || DB_VERSION_MAJOR__EQ__4) && (DB_VERSION_MAJOR__GT__4 || DB_VERSION_MINOR__GT__0) && DB_LOG_INMEMORY;endif;215;215
test/micro/source/b_inmem.c;1;DB_LOG_IN_MEMORY;1 && (DB_VERSION_MAJOR__GT__4 || DB_VERSION_MAJOR__EQ__4) && (DB_VERSION_MAJOR__GT__4 || DB_VERSION_MINOR__GT__0) && DB_LOG_IN_MEMORY;if;216;216
test/micro/source/b_inmem.c;1;DB_LOG_IN_MEMORY;1 && (DB_VERSION_MAJOR__GT__4 || DB_VERSION_MAJOR__EQ__4) && (DB_VERSION_MAJOR__GT__4 || DB_VERSION_MINOR__GT__0) && DB_LOG_IN_MEMORY;artifact;217;217
test/micro/source/b_inmem.c;1;DB_LOG_IN_MEMORY;1 && (DB_VERSION_MAJOR__GT__4 || DB_VERSION_MAJOR__EQ__4) && (DB_VERSION_MAJOR__GT__4 || DB_VERSION_MINOR__GT__0) && DB_LOG_IN_MEMORY;endif;218;218
test/micro/source/b_inmem.c;1;(DB_VERSION_MAJOR__GT__4 || DB_VERSION_MAJOR__EQ__4) && (DB_VERSION_MAJOR__GT__4 || DB_VERSION_MINOR__GT__0);1 && (DB_VERSION_MAJOR__GT__4 || DB_VERSION_MAJOR__EQ__4) && (DB_VERSION_MAJOR__GT__4 || DB_VERSION_MINOR__GT__0);artifact;219;357
test/micro/source/b_inmem.c;1;DEFINED___LB__DB_LOG_INMEMORY__RB__ || DEFINED___LB__DB_LOG_IN_MEMORY__RB__;1 && (DB_VERSION_MAJOR__GT__4 || DB_VERSION_MAJOR__EQ__4) && (DB_VERSION_MAJOR__GT__4 || DB_VERSION_MINOR__GT__0) && (DEFINED___LB__DB_LOG_INMEMORY__RB__ || DEFINED___LB__DB_LOG_IN_MEMORY__RB__);if;358;358
test/micro/source/b_inmem.c;1;DEFINED___LB__DB_LOG_INMEMORY__RB__;1 && (DB_VERSION_MAJOR__GT__4 || DB_VERSION_MAJOR__EQ__4) && (DB_VERSION_MAJOR__GT__4 || DB_VERSION_MINOR__GT__0) && DEFINED___LB__DB_LOG_INMEMORY__RB__;if;359;359
test/micro/source/b_inmem.c;1;DEFINED___LB__DB_LOG_INMEMORY__RB__;1 && (DB_VERSION_MAJOR__GT__4 || DB_VERSION_MAJOR__EQ__4) && (DB_VERSION_MAJOR__GT__4 || DB_VERSION_MINOR__GT__0) && DEFINED___LB__DB_LOG_INMEMORY__RB__;artifact;360;360
test/micro/source/b_inmem.c;1;!DEFINED___LB__DB_LOG_INMEMORY__RB__;!DEFINED___LB__DB_LOG_INMEMORY__RB__ && 1 && (DB_VERSION_MAJOR__GT__4 || DB_VERSION_MAJOR__EQ__4) && (DB_VERSION_MAJOR__GT__4 || DB_VERSION_MINOR__GT__0) && (DEFINED___LB__DB_LOG_INMEMORY__RB__ || DEFINED___LB__DB_LOG_IN_MEMORY__RB__);else;361;361
test/micro/source/b_inmem.c;1;!DEFINED___LB__DB_LOG_INMEMORY__RB__;!DEFINED___LB__DB_LOG_INMEMORY__RB__ && 1 && (DB_VERSION_MAJOR__GT__4 || DB_VERSION_MAJOR__EQ__4) && (DB_VERSION_MAJOR__GT__4 || DB_VERSION_MINOR__GT__0) && (DEFINED___LB__DB_LOG_INMEMORY__RB__ || DEFINED___LB__DB_LOG_IN_MEMORY__RB__);artifact;362;362
test/micro/source/b_inmem.c;1;!DEFINED___LB__DB_LOG_INMEMORY__RB__;!DEFINED___LB__DB_LOG_INMEMORY__RB__ && 1 && (DB_VERSION_MAJOR__GT__4 || DB_VERSION_MAJOR__EQ__4) && (DB_VERSION_MAJOR__GT__4 || DB_VERSION_MINOR__GT__0) && (DEFINED___LB__DB_LOG_INMEMORY__RB__ || DEFINED___LB__DB_LOG_IN_MEMORY__RB__);endif;363;363
test/micro/source/b_inmem.c;1;DEFINED___LB__DB_LOG_INMEMORY__RB__ || DEFINED___LB__DB_LOG_IN_MEMORY__RB__;1 && (DB_VERSION_MAJOR__GT__4 || DB_VERSION_MAJOR__EQ__4) && (DB_VERSION_MAJOR__GT__4 || DB_VERSION_MINOR__GT__0) && (DEFINED___LB__DB_LOG_INMEMORY__RB__ || DEFINED___LB__DB_LOG_IN_MEMORY__RB__);artifact;364;366
test/micro/source/b_inmem.c;1;!DEFINED___LB__DB_LOG_INMEMORY__RB__ && !DEFINED___LB__DB_LOG_IN_MEMORY__RB__;!DEFINED___LB__DB_LOG_INMEMORY__RB__ && !DEFINED___LB__DB_LOG_IN_MEMORY__RB__ && 1 && (DB_VERSION_MAJOR__GT__4 || DB_VERSION_MAJOR__EQ__4) && (DB_VERSION_MAJOR__GT__4 || DB_VERSION_MINOR__GT__0);else;367;367
test/micro/source/b_inmem.c;1;!DEFINED___LB__DB_LOG_INMEMORY__RB__ && !DEFINED___LB__DB_LOG_IN_MEMORY__RB__;!DEFINED___LB__DB_LOG_INMEMORY__RB__ && !DEFINED___LB__DB_LOG_IN_MEMORY__RB__ && 1 && (DB_VERSION_MAJOR__GT__4 || DB_VERSION_MAJOR__EQ__4) && (DB_VERSION_MAJOR__GT__4 || DB_VERSION_MINOR__GT__0);artifact;368;368
test/micro/source/b_inmem.c;1;!DEFINED___LB__DB_LOG_INMEMORY__RB__ && !DEFINED___LB__DB_LOG_IN_MEMORY__RB__;!DEFINED___LB__DB_LOG_INMEMORY__RB__ && !DEFINED___LB__DB_LOG_IN_MEMORY__RB__ && 1 && (DB_VERSION_MAJOR__GT__4 || DB_VERSION_MAJOR__EQ__4) && (DB_VERSION_MAJOR__GT__4 || DB_VERSION_MINOR__GT__0);endif;369;369
test/micro/source/b_inmem.c;1;(DB_VERSION_MAJOR__GT__4 || DB_VERSION_MAJOR__EQ__4) && (DB_VERSION_MAJOR__GT__4 || DB_VERSION_MINOR__GT__0);1 && (DB_VERSION_MAJOR__GT__4 || DB_VERSION_MAJOR__EQ__4) && (DB_VERSION_MAJOR__GT__4 || DB_VERSION_MINOR__GT__0);artifact;370;379
test/micro/source/b_inmem.c;1;DB_TXN_WRITE_NOSYNC;1 && (DB_VERSION_MAJOR__GT__4 || DB_VERSION_MAJOR__EQ__4) && (DB_VERSION_MAJOR__GT__4 || DB_VERSION_MINOR__GT__0) && DB_TXN_WRITE_NOSYNC;if;380;380
test/micro/source/b_inmem.c;1;DB_TXN_WRITE_NOSYNC;1 && (DB_VERSION_MAJOR__GT__4 || DB_VERSION_MAJOR__EQ__4) && (DB_VERSION_MAJOR__GT__4 || DB_VERSION_MINOR__GT__0) && DB_TXN_WRITE_NOSYNC;artifact;381;384
test/micro/source/b_inmem.c;1;!DB_TXN_WRITE_NOSYNC;!DB_TXN_WRITE_NOSYNC && 1 && (DB_VERSION_MAJOR__GT__4 || DB_VERSION_MAJOR__EQ__4) && (DB_VERSION_MAJOR__GT__4 || DB_VERSION_MINOR__GT__0);else;385;385
test/micro/source/b_inmem.c;1;!DB_TXN_WRITE_NOSYNC;!DB_TXN_WRITE_NOSYNC && 1 && (DB_VERSION_MAJOR__GT__4 || DB_VERSION_MAJOR__EQ__4) && (DB_VERSION_MAJOR__GT__4 || DB_VERSION_MINOR__GT__0);artifact;386;386
test/micro/source/b_inmem.c;1;!DB_TXN_WRITE_NOSYNC;!DB_TXN_WRITE_NOSYNC && 1 && (DB_VERSION_MAJOR__GT__4 || DB_VERSION_MAJOR__EQ__4) && (DB_VERSION_MAJOR__GT__4 || DB_VERSION_MINOR__GT__0);endif;387;387
test/micro/source/b_inmem.c;1;(DB_VERSION_MAJOR__GT__4 || DB_VERSION_MAJOR__EQ__4) && (DB_VERSION_MAJOR__GT__4 || DB_VERSION_MINOR__GT__0);1 && (DB_VERSION_MAJOR__GT__4 || DB_VERSION_MAJOR__EQ__4) && (DB_VERSION_MAJOR__GT__4 || DB_VERSION_MINOR__GT__0);artifact;388;417
test/micro/source/b_inmem.c;1;!DB_VERSION_MAJOR__GT__4 && (!DB_VERSION_MAJOR__EQ__4 || !DB_VERSION_MINOR__GT__0);!DB_VERSION_MAJOR__GT__4 && (!DB_VERSION_MAJOR__EQ__4 || !DB_VERSION_MINOR__GT__0) && 1;else;418;418
test/micro/source/b_inmem.c;1;!DB_VERSION_MAJOR__GT__4 && (!DB_VERSION_MAJOR__EQ__4 || !DB_VERSION_MINOR__GT__0);!DB_VERSION_MAJOR__GT__4 && (!DB_VERSION_MAJOR__EQ__4 || !DB_VERSION_MINOR__GT__0) && 1;artifact;419;425
test/micro/source/b_inmem.c;1;!DB_VERSION_MAJOR__GT__4 && (!DB_VERSION_MAJOR__EQ__4 || !DB_VERSION_MINOR__GT__0);!DB_VERSION_MAJOR__GT__4 && (!DB_VERSION_MAJOR__EQ__4 || !DB_VERSION_MINOR__GT__0) && 1;endif;426;426
test/micro/source/b_inmem.c;1;1;1;artifact;427;427
test/micro/source/b_latch.c;1;1;1;ROOT;1;201
test/micro/source/b_latch.c;1;1;1;artifact;1;10
test/micro/source/b_latch.c;1;_POSIX_THREADS;1 && _POSIX_THREADS;if;11;11
test/micro/source/b_latch.c;1;_POSIX_THREADS;1 && _POSIX_THREADS;artifact;12;20
test/micro/source/b_latch.c;1;_POSIX_THREADS;1 && _POSIX_THREADS;endif;21;21
test/micro/source/b_latch.c;1;1;1;artifact;22;28
test/micro/source/b_latch.c;1;(DB_VERSION_MAJOR__LT__4 || DB_VERSION_MAJOR__EQ__4) && (DB_VERSION_MAJOR__LT__4 || DB_VERSION_MINOR__LT__7);1 && (DB_VERSION_MAJOR__LT__4 || DB_VERSION_MAJOR__EQ__4) && (DB_VERSION_MAJOR__LT__4 || DB_VERSION_MINOR__LT__7);if;29;29
test/micro/source/b_latch.c;1;(DB_VERSION_MAJOR__LT__4 || DB_VERSION_MAJOR__EQ__4) && (DB_VERSION_MAJOR__LT__4 || DB_VERSION_MINOR__LT__7);1 && (DB_VERSION_MAJOR__LT__4 || DB_VERSION_MAJOR__EQ__4) && (DB_VERSION_MAJOR__LT__4 || DB_VERSION_MINOR__LT__7);artifact;30;30
test/micro/source/b_latch.c;1;!DB_VERSION_MAJOR__LT__4 && (!DB_VERSION_MAJOR__EQ__4 || !DB_VERSION_MINOR__LT__7);!DB_VERSION_MAJOR__LT__4 && (!DB_VERSION_MAJOR__EQ__4 || !DB_VERSION_MINOR__LT__7) && 1;else;31;31
test/micro/source/b_latch.c;1;!DB_VERSION_MAJOR__LT__4 && (!DB_VERSION_MAJOR__EQ__4 || !DB_VERSION_MINOR__LT__7);!DB_VERSION_MAJOR__LT__4 && (!DB_VERSION_MAJOR__EQ__4 || !DB_VERSION_MINOR__LT__7) && 1;artifact;32;32
test/micro/source/b_latch.c;1;!DB_VERSION_MAJOR__LT__4 && (!DB_VERSION_MAJOR__EQ__4 || !DB_VERSION_MINOR__LT__7);!DB_VERSION_MAJOR__LT__4 && (!DB_VERSION_MAJOR__EQ__4 || !DB_VERSION_MINOR__LT__7) && 1;endif;33;33
test/micro/source/b_latch.c;1;1;1;artifact;34;74
test/micro/source/b_latch.c;1;_POSIX_THREADS;1 && _POSIX_THREADS;if;75;75
test/micro/source/b_latch.c;1;_POSIX_THREADS;1 && _POSIX_THREADS;artifact;76;92
test/micro/source/b_latch.c;1;_POSIX_THREADS;1 && _POSIX_THREADS;endif;93;93
test/micro/source/b_latch.c;1;1;1;artifact;94;109
test/micro/source/b_latch.c;1;_POSIX_THREADS;1 && _POSIX_THREADS;if;110;110
test/micro/source/b_latch.c;1;_POSIX_THREADS;1 && _POSIX_THREADS;artifact;111;113
test/micro/source/b_latch.c;1;_POSIX_THREADS;1 && _POSIX_THREADS;endif;114;114
test/micro/source/b_latch.c;1;1;1;artifact;115;137
test/micro/source/b_latch.c;1;!_POSIX_THREADS;1 && !_POSIX_THREADS;if;138;138
test/micro/source/b_latch.c;1;!_POSIX_THREADS;1 && !_POSIX_THREADS;artifact;139;144
test/micro/source/b_latch.c;1;!_POSIX_THREADS;1 && !_POSIX_THREADS;endif;145;145
test/micro/source/b_latch.c;1;1;1;artifact;146;149
test/micro/source/b_latch.c;1;DB_VERSION_MAJOR__EQ__3 && DB_VERSION_MINOR__LT__1;1 && DB_VERSION_MAJOR__EQ__3 && DB_VERSION_MINOR__LT__1;if;150;150
test/micro/source/b_latch.c;1;DB_VERSION_MAJOR__EQ__3 && DB_VERSION_MINOR__LT__1;1 && DB_VERSION_MAJOR__EQ__3 && DB_VERSION_MINOR__LT__1;artifact;151;153
test/micro/source/b_latch.c;1;!DB_VERSION_MAJOR__EQ__3 || !DB_VERSION_MINOR__LT__1;(!DB_VERSION_MAJOR__EQ__3 || !DB_VERSION_MINOR__LT__1) && 1;else;154;154
test/micro/source/b_latch.c;1;!DB_VERSION_MAJOR__EQ__3 || !DB_VERSION_MINOR__LT__1;(!DB_VERSION_MAJOR__EQ__3 || !DB_VERSION_MINOR__LT__1) && 1;artifact;155;157
test/micro/source/b_latch.c;1;!DB_VERSION_MAJOR__EQ__3 || !DB_VERSION_MINOR__LT__1;(!DB_VERSION_MAJOR__EQ__3 || !DB_VERSION_MINOR__LT__1) && 1;endif;158;158
test/micro/source/b_latch.c;1;1;1;artifact;159;160
test/micro/source/b_latch.c;1;_POSIX_THREADS;1 && _POSIX_THREADS;if;161;161
test/micro/source/b_latch.c;1;_POSIX_THREADS;1 && _POSIX_THREADS;artifact;162;167
test/micro/source/b_latch.c;1;_POSIX_THREADS;1 && _POSIX_THREADS;endif;168;168
test/micro/source/b_latch.c;1;1;1;artifact;169;173
test/micro/source/b_latch.c;1;_POSIX_THREADS;1 && _POSIX_THREADS;if;174;174
test/micro/source/b_latch.c;1;_POSIX_THREADS;1 && _POSIX_THREADS;artifact;175;185
test/micro/source/b_latch.c;1;_POSIX_THREADS;1 && _POSIX_THREADS;endif;186;186
test/micro/source/b_latch.c;1;1;1;artifact;187;200
test/micro/source/b_load.c;1;1;1;ROOT;1;199
test/micro/source/b_load.c;1;1;1;artifact;1;19
test/micro/source/b_load.c;1;(DB_VERSION_MAJOR__GT__5 || DB_VERSION_MAJOR__EQ__5) && (DB_VERSION_MAJOR__GT__5 || DB_VERSION_MINOR__GEQ__2);1 && (DB_VERSION_MAJOR__GT__5 || DB_VERSION_MAJOR__EQ__5) && (DB_VERSION_MAJOR__GT__5 || DB_VERSION_MINOR__GEQ__2);if;20;20
test/micro/source/b_load.c;1;(DB_VERSION_MAJOR__GT__5 || DB_VERSION_MAJOR__EQ__5) && (DB_VERSION_MAJOR__GT__5 || DB_VERSION_MINOR__GEQ__2);1 && (DB_VERSION_MAJOR__GT__5 || DB_VERSION_MAJOR__EQ__5) && (DB_VERSION_MAJOR__GT__5 || DB_VERSION_MINOR__GEQ__2);artifact;21;21
test/micro/source/b_load.c;1;(DB_VERSION_MAJOR__GT__5 || DB_VERSION_MAJOR__EQ__5) && (DB_VERSION_MAJOR__GT__5 || DB_VERSION_MINOR__GEQ__2);1 && (DB_VERSION_MAJOR__GT__5 || DB_VERSION_MAJOR__EQ__5) && (DB_VERSION_MAJOR__GT__5 || DB_VERSION_MINOR__GEQ__2);endif;22;22
test/micro/source/b_load.c;1;1;1;artifact;23;51
test/micro/source/b_load.c;1;(DB_VERSION_MAJOR__GT__5 || DB_VERSION_MAJOR__EQ__5) && (DB_VERSION_MAJOR__GT__5 || DB_VERSION_MINOR__GEQ__2);1 && (DB_VERSION_MAJOR__GT__5 || DB_VERSION_MAJOR__EQ__5) && (DB_VERSION_MAJOR__GT__5 || DB_VERSION_MINOR__GEQ__2);if;52;52
test/micro/source/b_load.c;1;(DB_VERSION_MAJOR__GT__5 || DB_VERSION_MAJOR__EQ__5) && (DB_VERSION_MAJOR__GT__5 || DB_VERSION_MINOR__GEQ__2);1 && (DB_VERSION_MAJOR__GT__5 || DB_VERSION_MAJOR__EQ__5) && (DB_VERSION_MAJOR__GT__5 || DB_VERSION_MINOR__GEQ__2);artifact;53;56
test/micro/source/b_load.c;1;!DB_VERSION_MAJOR__GT__5 && (!DB_VERSION_MAJOR__EQ__5 || !DB_VERSION_MINOR__GEQ__2);!DB_VERSION_MAJOR__GT__5 && (!DB_VERSION_MAJOR__EQ__5 || !DB_VERSION_MINOR__GEQ__2) && 1;else;57;57
test/micro/source/b_load.c;1;!DB_VERSION_MAJOR__GT__5 && (!DB_VERSION_MAJOR__EQ__5 || !DB_VERSION_MINOR__GEQ__2);!DB_VERSION_MAJOR__GT__5 && (!DB_VERSION_MAJOR__EQ__5 || !DB_VERSION_MINOR__GEQ__2) && 1;artifact;58;60
test/micro/source/b_load.c;1;!DB_VERSION_MAJOR__GT__5 && (!DB_VERSION_MAJOR__EQ__5 || !DB_VERSION_MINOR__GEQ__2);!DB_VERSION_MAJOR__GT__5 && (!DB_VERSION_MAJOR__EQ__5 || !DB_VERSION_MINOR__GEQ__2) && 1;endif;61;61
test/micro/source/b_load.c;1;1;1;artifact;62;92
test/micro/source/b_load.c;1;(DB_VERSION_MAJOR__GT__5 || DB_VERSION_MAJOR__EQ__5) && (DB_VERSION_MAJOR__GT__5 || DB_VERSION_MINOR__GEQ__2);1 && (DB_VERSION_MAJOR__GT__5 || DB_VERSION_MAJOR__EQ__5) && (DB_VERSION_MAJOR__GT__5 || DB_VERSION_MINOR__GEQ__2);if;93;93
test/micro/source/b_load.c;1;(DB_VERSION_MAJOR__GT__5 || DB_VERSION_MAJOR__EQ__5) && (DB_VERSION_MAJOR__GT__5 || DB_VERSION_MINOR__GEQ__2);1 && (DB_VERSION_MAJOR__GT__5 || DB_VERSION_MAJOR__EQ__5) && (DB_VERSION_MAJOR__GT__5 || DB_VERSION_MINOR__GEQ__2);artifact;94;99
test/micro/source/b_load.c;1;!DB_VERSION_MAJOR__GT__5 && (!DB_VERSION_MAJOR__EQ__5 || !DB_VERSION_MINOR__GEQ__2);!DB_VERSION_MAJOR__GT__5 && (!DB_VERSION_MAJOR__EQ__5 || !DB_VERSION_MINOR__GEQ__2) && 1;else;100;100
test/micro/source/b_load.c;1;!DB_VERSION_MAJOR__GT__5 && (!DB_VERSION_MAJOR__EQ__5 || !DB_VERSION_MINOR__GEQ__2);!DB_VERSION_MAJOR__GT__5 && (!DB_VERSION_MAJOR__EQ__5 || !DB_VERSION_MINOR__GEQ__2) && 1;artifact;101;105
test/micro/source/b_load.c;1;!DB_VERSION_MAJOR__GT__5 && (!DB_VERSION_MAJOR__EQ__5 || !DB_VERSION_MINOR__GEQ__2);!DB_VERSION_MAJOR__GT__5 && (!DB_VERSION_MAJOR__EQ__5 || !DB_VERSION_MINOR__GEQ__2) && 1;endif;106;106
test/micro/source/b_load.c;1;1;1;artifact;107;107
test/micro/source/b_load.c;1;(DB_VERSION_MAJOR__LT__3 || DB_VERSION_MAJOR__EQ__3) && (DB_VERSION_MAJOR__LT__3 || DB_VERSION_MINOR__LT__1);1 && (DB_VERSION_MAJOR__LT__3 || DB_VERSION_MAJOR__EQ__3) && (DB_VERSION_MAJOR__LT__3 || DB_VERSION_MINOR__LT__1);if;108;108
test/micro/source/b_load.c;1;(DB_VERSION_MAJOR__LT__3 || DB_VERSION_MAJOR__EQ__3) && (DB_VERSION_MAJOR__LT__3 || DB_VERSION_MINOR__LT__1);1 && (DB_VERSION_MAJOR__LT__3 || DB_VERSION_MAJOR__EQ__3) && (DB_VERSION_MAJOR__LT__3 || DB_VERSION_MINOR__LT__1);artifact;109;114
test/micro/source/b_load.c;1;(DB_VERSION_MAJOR__LT__3 || DB_VERSION_MAJOR__EQ__3) && (DB_VERSION_MAJOR__LT__3 || DB_VERSION_MINOR__LT__1);1 && (DB_VERSION_MAJOR__LT__3 || DB_VERSION_MAJOR__EQ__3) && (DB_VERSION_MAJOR__LT__3 || DB_VERSION_MINOR__LT__1);endif;115;115
test/micro/source/b_load.c;1;1;1;artifact;116;127
test/micro/source/b_load.c;1;(DB_VERSION_MAJOR__GT__4 || DB_VERSION_MAJOR__EQ__4) && (DB_VERSION_MAJOR__GT__4 || DB_VERSION_MINOR__GEQ__1);1 && (DB_VERSION_MAJOR__GT__4 || DB_VERSION_MAJOR__EQ__4) && (DB_VERSION_MAJOR__GT__4 || DB_VERSION_MINOR__GEQ__1);if;128;128
test/micro/source/b_load.c;1;(DB_VERSION_MAJOR__GT__4 || DB_VERSION_MAJOR__EQ__4) && (DB_VERSION_MAJOR__GT__4 || DB_VERSION_MINOR__GEQ__1);1 && (DB_VERSION_MAJOR__GT__4 || DB_VERSION_MAJOR__EQ__4) && (DB_VERSION_MAJOR__GT__4 || DB_VERSION_MINOR__GEQ__1);artifact;129;130
test/micro/source/b_load.c;1;!DB_VERSION_MAJOR__GT__4 && (!DB_VERSION_MAJOR__EQ__4 || !DB_VERSION_MINOR__GEQ__1);!DB_VERSION_MAJOR__GT__4 && (!DB_VERSION_MAJOR__EQ__4 || !DB_VERSION_MINOR__GEQ__1) && 1;else;131;131
test/micro/source/b_load.c;1;!DB_VERSION_MAJOR__GT__4 && (!DB_VERSION_MAJOR__EQ__4 || !DB_VERSION_MINOR__GEQ__1);!DB_VERSION_MAJOR__GT__4 && (!DB_VERSION_MAJOR__EQ__4 || !DB_VERSION_MINOR__GEQ__1) && 1;artifact;132;133
test/micro/source/b_load.c;1;!DB_VERSION_MAJOR__GT__4 && (!DB_VERSION_MAJOR__EQ__4 || !DB_VERSION_MINOR__GEQ__1);!DB_VERSION_MAJOR__GT__4 && (!DB_VERSION_MAJOR__EQ__4 || !DB_VERSION_MINOR__GEQ__1) && 1;endif;134;134
test/micro/source/b_load.c;1;1;1;artifact;135;162
test/micro/source/b_load.c;1;(DB_VERSION_MAJOR__GT__5 || DB_VERSION_MAJOR__EQ__5) && (DB_VERSION_MAJOR__GT__5 || DB_VERSION_MINOR__GEQ__2);1 && (DB_VERSION_MAJOR__GT__5 || DB_VERSION_MAJOR__EQ__5) && (DB_VERSION_MAJOR__GT__5 || DB_VERSION_MINOR__GEQ__2);if;163;163
test/micro/source/b_load.c;1;(DB_VERSION_MAJOR__GT__5 || DB_VERSION_MAJOR__EQ__5) && (DB_VERSION_MAJOR__GT__5 || DB_VERSION_MINOR__GEQ__2);1 && (DB_VERSION_MAJOR__GT__5 || DB_VERSION_MAJOR__EQ__5) && (DB_VERSION_MAJOR__GT__5 || DB_VERSION_MINOR__GEQ__2);artifact;164;169
test/micro/source/b_load.c;1;(DB_VERSION_MAJOR__GT__5 || DB_VERSION_MAJOR__EQ__5) && (DB_VERSION_MAJOR__GT__5 || DB_VERSION_MINOR__GEQ__2);1 && (DB_VERSION_MAJOR__GT__5 || DB_VERSION_MAJOR__EQ__5) && (DB_VERSION_MAJOR__GT__5 || DB_VERSION_MINOR__GEQ__2);endif;170;170
test/micro/source/b_load.c;1;1;1;artifact;171;198
test/micro/source/b_open.c;1;1;1;ROOT;1;159
test/micro/source/b_open.c;1;1;1;artifact;1;45
test/micro/source/b_open.c;1;(DB_VERSION_MAJOR__GT__5 || DB_VERSION_MAJOR__EQ__5) && (DB_VERSION_MAJOR__GT__5 || DB_VERSION_MINOR__GEQ__2);1 && (DB_VERSION_MAJOR__GT__5 || DB_VERSION_MAJOR__EQ__5) && (DB_VERSION_MAJOR__GT__5 || DB_VERSION_MINOR__GEQ__2);if;46;46
test/micro/source/b_open.c;1;(DB_VERSION_MAJOR__GT__5 || DB_VERSION_MAJOR__EQ__5) && (DB_VERSION_MAJOR__GT__5 || DB_VERSION_MINOR__GEQ__2);1 && (DB_VERSION_MAJOR__GT__5 || DB_VERSION_MAJOR__EQ__5) && (DB_VERSION_MAJOR__GT__5 || DB_VERSION_MINOR__GEQ__2);artifact;47;50
test/micro/source/b_open.c;1;!DB_VERSION_MAJOR__GT__5 && (!DB_VERSION_MAJOR__EQ__5 || !DB_VERSION_MINOR__GEQ__2);!DB_VERSION_MAJOR__GT__5 && (!DB_VERSION_MAJOR__EQ__5 || !DB_VERSION_MINOR__GEQ__2) && 1;else;51;51
test/micro/source/b_open.c;1;!DB_VERSION_MAJOR__GT__5 && (!DB_VERSION_MAJOR__EQ__5 || !DB_VERSION_MINOR__GEQ__2);!DB_VERSION_MAJOR__GT__5 && (!DB_VERSION_MAJOR__EQ__5 || !DB_VERSION_MINOR__GEQ__2) && 1;artifact;52;54
test/micro/source/b_open.c;1;!DB_VERSION_MAJOR__GT__5 && (!DB_VERSION_MAJOR__EQ__5 || !DB_VERSION_MINOR__GEQ__2);!DB_VERSION_MAJOR__GT__5 && (!DB_VERSION_MAJOR__EQ__5 || !DB_VERSION_MINOR__GEQ__2) && 1;endif;55;55
test/micro/source/b_open.c;1;1;1;artifact;56;85
test/micro/source/b_open.c;1;DB_VERSION_MAJOR__LT__4;1 && DB_VERSION_MAJOR__LT__4;if;86;86
test/micro/source/b_open.c;1;DB_VERSION_MAJOR__LT__4;1 && DB_VERSION_MAJOR__LT__4;artifact;87;92
test/micro/source/b_open.c;1;DB_VERSION_MAJOR__LT__4;1 && DB_VERSION_MAJOR__LT__4;endif;93;93
test/micro/source/b_open.c;1;(DB_VERSION_MAJOR__LT__4 || DB_VERSION_MAJOR__EQ__4) && (DB_VERSION_MAJOR__LT__4 || DB_VERSION_MINOR__LT__4);1 && (DB_VERSION_MAJOR__LT__4 || DB_VERSION_MAJOR__EQ__4) && (DB_VERSION_MAJOR__LT__4 || DB_VERSION_MINOR__LT__4);if;94;94
test/micro/source/b_open.c;1;(DB_VERSION_MAJOR__LT__4 || DB_VERSION_MAJOR__EQ__4) && (DB_VERSION_MAJOR__LT__4 || DB_VERSION_MINOR__LT__4);1 && (DB_VERSION_MAJOR__LT__4 || DB_VERSION_MAJOR__EQ__4) && (DB_VERSION_MAJOR__LT__4 || DB_VERSION_MINOR__LT__4);artifact;95;99
test/micro/source/b_open.c;1;(DB_VERSION_MAJOR__LT__4 || DB_VERSION_MAJOR__EQ__4) && (DB_VERSION_MAJOR__LT__4 || DB_VERSION_MINOR__LT__4);1 && (DB_VERSION_MAJOR__LT__4 || DB_VERSION_MAJOR__EQ__4) && (DB_VERSION_MAJOR__LT__4 || DB_VERSION_MINOR__LT__4);endif;100;100
test/micro/source/b_open.c;1;1;1;artifact;101;104
test/micro/source/b_open.c;1;DB_VERSION_MAJOR__EQ__3 && DB_VERSION_MINOR__EQ__0;1 && DB_VERSION_MAJOR__EQ__3 && DB_VERSION_MINOR__EQ__0;if;105;105
test/micro/source/b_open.c;1;DB_VERSION_MAJOR__EQ__3 && DB_VERSION_MINOR__EQ__0;1 && DB_VERSION_MAJOR__EQ__3 && DB_VERSION_MINOR__EQ__0;artifact;106;107
test/micro/source/b_open.c;1;!DB_VERSION_MAJOR__EQ__3 || !DB_VERSION_MINOR__EQ__0;(!DB_VERSION_MAJOR__EQ__3 || !DB_VERSION_MINOR__EQ__0) && 1;else;108;108
test/micro/source/b_open.c;1;!DB_VERSION_MAJOR__EQ__3 || !DB_VERSION_MINOR__EQ__0;(!DB_VERSION_MAJOR__EQ__3 || !DB_VERSION_MINOR__EQ__0) && 1;artifact;109;110
test/micro/source/b_open.c;1;!DB_VERSION_MAJOR__EQ__3 || !DB_VERSION_MINOR__EQ__0;(!DB_VERSION_MAJOR__EQ__3 || !DB_VERSION_MINOR__EQ__0) && 1;endif;111;111
test/micro/source/b_open.c;1;1;1;artifact;112;115
test/micro/source/b_open.c;1;(DB_VERSION_MAJOR__GT__4 || DB_VERSION_MAJOR__EQ__4) && (DB_VERSION_MAJOR__GT__4 || DB_VERSION_MINOR__GEQ__1);1 && (DB_VERSION_MAJOR__GT__4 || DB_VERSION_MAJOR__EQ__4) && (DB_VERSION_MAJOR__GT__4 || DB_VERSION_MINOR__GEQ__1);if;116;116
test/micro/source/b_open.c;1;(DB_VERSION_MAJOR__GT__4 || DB_VERSION_MAJOR__EQ__4) && (DB_VERSION_MAJOR__GT__4 || DB_VERSION_MINOR__GEQ__1);1 && (DB_VERSION_MAJOR__GT__4 || DB_VERSION_MAJOR__EQ__4) && (DB_VERSION_MAJOR__GT__4 || DB_VERSION_MINOR__GEQ__1);artifact;117;118
test/micro/source/b_open.c;1;!DB_VERSION_MAJOR__GT__4 && (!DB_VERSION_MAJOR__EQ__4 || !DB_VERSION_MINOR__GEQ__1);!DB_VERSION_MAJOR__GT__4 && (!DB_VERSION_MAJOR__EQ__4 || !DB_VERSION_MINOR__GEQ__1) && 1;else;119;119
test/micro/source/b_open.c;1;!DB_VERSION_MAJOR__GT__4 && (!DB_VERSION_MAJOR__EQ__4 || !DB_VERSION_MINOR__GEQ__1);!DB_VERSION_MAJOR__GT__4 && (!DB_VERSION_MAJOR__EQ__4 || !DB_VERSION_MINOR__GEQ__1) && 1;artifact;120;121
test/micro/source/b_open.c;1;!DB_VERSION_MAJOR__GT__4 && (!DB_VERSION_MAJOR__EQ__4 || !DB_VERSION_MINOR__GEQ__1);!DB_VERSION_MAJOR__GT__4 && (!DB_VERSION_MAJOR__EQ__4 || !DB_VERSION_MINOR__GEQ__1) && 1;endif;122;122
test/micro/source/b_open.c;1;1;1;artifact;123;128
test/micro/source/b_open.c;1;(DB_VERSION_MAJOR__GT__4 || DB_VERSION_MAJOR__EQ__4) && (DB_VERSION_MAJOR__GT__4 || DB_VERSION_MINOR__GEQ__1);1 && (DB_VERSION_MAJOR__GT__4 || DB_VERSION_MAJOR__EQ__4) && (DB_VERSION_MAJOR__GT__4 || DB_VERSION_MINOR__GEQ__1);if;129;129
test/micro/source/b_open.c;1;(DB_VERSION_MAJOR__GT__4 || DB_VERSION_MAJOR__EQ__4) && (DB_VERSION_MAJOR__GT__4 || DB_VERSION_MINOR__GEQ__1);1 && (DB_VERSION_MAJOR__GT__4 || DB_VERSION_MAJOR__EQ__4) && (DB_VERSION_MAJOR__GT__4 || DB_VERSION_MINOR__GEQ__1);artifact;130;131
test/micro/source/b_open.c;1;!DB_VERSION_MAJOR__GT__4 && (!DB_VERSION_MAJOR__EQ__4 || !DB_VERSION_MINOR__GEQ__1);!DB_VERSION_MAJOR__GT__4 && (!DB_VERSION_MAJOR__EQ__4 || !DB_VERSION_MINOR__GEQ__1) && 1;else;132;132
test/micro/source/b_open.c;1;!DB_VERSION_MAJOR__GT__4 && (!DB_VERSION_MAJOR__EQ__4 || !DB_VERSION_MINOR__GEQ__1);!DB_VERSION_MAJOR__GT__4 && (!DB_VERSION_MAJOR__EQ__4 || !DB_VERSION_MINOR__GEQ__1) && 1;artifact;133;134
test/micro/source/b_open.c;1;!DB_VERSION_MAJOR__GT__4 && (!DB_VERSION_MAJOR__EQ__4 || !DB_VERSION_MINOR__GEQ__1);!DB_VERSION_MAJOR__GT__4 && (!DB_VERSION_MAJOR__EQ__4 || !DB_VERSION_MINOR__GEQ__1) && 1;endif;135;135
test/micro/source/b_open.c;1;1;1;artifact;136;158
test/micro/source/b_put.c;1;1;1;ROOT;1;252
test/micro/source/b_put.c;1;1;1;artifact;1;21
test/micro/source/b_put.c;1;(DB_VERSION_MAJOR__GT__5 || DB_VERSION_MAJOR__EQ__5) && (DB_VERSION_MAJOR__GT__5 || DB_VERSION_MINOR__GEQ__2);1 && (DB_VERSION_MAJOR__GT__5 || DB_VERSION_MAJOR__EQ__5) && (DB_VERSION_MAJOR__GT__5 || DB_VERSION_MINOR__GEQ__2);if;22;22
test/micro/source/b_put.c;1;(DB_VERSION_MAJOR__GT__5 || DB_VERSION_MAJOR__EQ__5) && (DB_VERSION_MAJOR__GT__5 || DB_VERSION_MINOR__GEQ__2);1 && (DB_VERSION_MAJOR__GT__5 || DB_VERSION_MAJOR__EQ__5) && (DB_VERSION_MAJOR__GT__5 || DB_VERSION_MINOR__GEQ__2);artifact;23;23
test/micro/source/b_put.c;1;(DB_VERSION_MAJOR__GT__5 || DB_VERSION_MAJOR__EQ__5) && (DB_VERSION_MAJOR__GT__5 || DB_VERSION_MINOR__GEQ__2);1 && (DB_VERSION_MAJOR__GT__5 || DB_VERSION_MAJOR__EQ__5) && (DB_VERSION_MAJOR__GT__5 || DB_VERSION_MINOR__GEQ__2);endif;24;24
test/micro/source/b_put.c;1;1;1;artifact;25;58
test/micro/source/b_put.c;1;(DB_VERSION_MAJOR__GT__5 || DB_VERSION_MAJOR__EQ__5) && (DB_VERSION_MAJOR__GT__5 || DB_VERSION_MINOR__GEQ__2);1 && (DB_VERSION_MAJOR__GT__5 || DB_VERSION_MAJOR__EQ__5) && (DB_VERSION_MAJOR__GT__5 || DB_VERSION_MINOR__GEQ__2);if;59;59
test/micro/source/b_put.c;1;(DB_VERSION_MAJOR__GT__5 || DB_VERSION_MAJOR__EQ__5) && (DB_VERSION_MAJOR__GT__5 || DB_VERSION_MINOR__GEQ__2);1 && (DB_VERSION_MAJOR__GT__5 || DB_VERSION_MAJOR__EQ__5) && (DB_VERSION_MAJOR__GT__5 || DB_VERSION_MINOR__GEQ__2);artifact;60;63
test/micro/source/b_put.c;1;!DB_VERSION_MAJOR__GT__5 && (!DB_VERSION_MAJOR__EQ__5 || !DB_VERSION_MINOR__GEQ__2);!DB_VERSION_MAJOR__GT__5 && (!DB_VERSION_MAJOR__EQ__5 || !DB_VERSION_MINOR__GEQ__2) && 1;else;64;64
test/micro/source/b_put.c;1;!DB_VERSION_MAJOR__GT__5 && (!DB_VERSION_MAJOR__EQ__5 || !DB_VERSION_MINOR__GEQ__2);!DB_VERSION_MAJOR__GT__5 && (!DB_VERSION_MAJOR__EQ__5 || !DB_VERSION_MINOR__GEQ__2) && 1;artifact;65;67
test/micro/source/b_put.c;1;!DB_VERSION_MAJOR__GT__5 && (!DB_VERSION_MAJOR__EQ__5 || !DB_VERSION_MINOR__GEQ__2);!DB_VERSION_MAJOR__GT__5 && (!DB_VERSION_MAJOR__EQ__5 || !DB_VERSION_MINOR__GEQ__2) && 1;endif;68;68
test/micro/source/b_put.c;1;1;1;artifact;69;98
test/micro/source/b_put.c;1;(DB_VERSION_MAJOR__LT__3 || DB_VERSION_MAJOR__EQ__3) && (DB_VERSION_MAJOR__LT__3 || DB_VERSION_MINOR__LT__3);1 && (DB_VERSION_MAJOR__LT__3 || DB_VERSION_MAJOR__EQ__3) && (DB_VERSION_MAJOR__LT__3 || DB_VERSION_MINOR__LT__3);if;99;99
test/micro/source/b_put.c;1;(DB_VERSION_MAJOR__LT__3 || DB_VERSION_MAJOR__EQ__3) && (DB_VERSION_MAJOR__LT__3 || DB_VERSION_MINOR__LT__3);1 && (DB_VERSION_MAJOR__LT__3 || DB_VERSION_MAJOR__EQ__3) && (DB_VERSION_MAJOR__LT__3 || DB_VERSION_MINOR__LT__3);artifact;100;104
test/micro/source/b_put.c;1;(DB_VERSION_MAJOR__LT__3 || DB_VERSION_MAJOR__EQ__3) && (DB_VERSION_MAJOR__LT__3 || DB_VERSION_MINOR__LT__3);1 && (DB_VERSION_MAJOR__LT__3 || DB_VERSION_MAJOR__EQ__3) && (DB_VERSION_MAJOR__LT__3 || DB_VERSION_MINOR__LT__3);endif;105;105
test/micro/source/b_put.c;1;1;1;artifact;106;110
test/micro/source/b_put.c;1;DB_VERSION_MAJOR__EQ__3 && DB_VERSION_MINOR__LT__1;1 && DB_VERSION_MAJOR__EQ__3 && DB_VERSION_MINOR__LT__1;if;111;111
test/micro/source/b_put.c;1;DB_VERSION_MAJOR__EQ__3 && DB_VERSION_MINOR__LT__1;1 && DB_VERSION_MAJOR__EQ__3 && DB_VERSION_MINOR__LT__1;artifact;112;113
test/micro/source/b_put.c;1;!DB_VERSION_MAJOR__EQ__3 || !DB_VERSION_MINOR__LT__1;(!DB_VERSION_MAJOR__EQ__3 || !DB_VERSION_MINOR__LT__1) && 1;else;114;114
test/micro/source/b_put.c;1;!DB_VERSION_MAJOR__EQ__3 || !DB_VERSION_MINOR__LT__1;(!DB_VERSION_MAJOR__EQ__3 || !DB_VERSION_MINOR__LT__1) && 1;artifact;115;116
test/micro/source/b_put.c;1;!DB_VERSION_MAJOR__EQ__3 || !DB_VERSION_MINOR__LT__1;(!DB_VERSION_MAJOR__EQ__3 || !DB_VERSION_MINOR__LT__1) && 1;endif;117;117
test/micro/source/b_put.c;1;1;1;artifact;118;125
test/micro/source/b_put.c;1;(DB_VERSION_MAJOR__GT__4 || DB_VERSION_MAJOR__EQ__4) && (DB_VERSION_MAJOR__GT__4 || DB_VERSION_MINOR__GEQ__1);1 && (DB_VERSION_MAJOR__GT__4 || DB_VERSION_MAJOR__EQ__4) && (DB_VERSION_MAJOR__GT__4 || DB_VERSION_MINOR__GEQ__1);if;126;126
test/micro/source/b_put.c;1;(DB_VERSION_MAJOR__GT__4 || DB_VERSION_MAJOR__EQ__4) && (DB_VERSION_MAJOR__GT__4 || DB_VERSION_MINOR__GEQ__1);1 && (DB_VERSION_MAJOR__GT__4 || DB_VERSION_MAJOR__EQ__4) && (DB_VERSION_MAJOR__GT__4 || DB_VERSION_MINOR__GEQ__1);artifact;127;128
test/micro/source/b_put.c;1;!DB_VERSION_MAJOR__GT__4 && (!DB_VERSION_MAJOR__EQ__4 || !DB_VERSION_MINOR__GEQ__1);!DB_VERSION_MAJOR__GT__4 && (!DB_VERSION_MAJOR__EQ__4 || !DB_VERSION_MINOR__GEQ__1) && 1;else;129;129
test/micro/source/b_put.c;1;!DB_VERSION_MAJOR__GT__4 && (!DB_VERSION_MAJOR__EQ__4 || !DB_VERSION_MINOR__GEQ__1);!DB_VERSION_MAJOR__GT__4 && (!DB_VERSION_MAJOR__EQ__4 || !DB_VERSION_MINOR__GEQ__1) && 1;artifact;130;131
test/micro/source/b_put.c;1;!DB_VERSION_MAJOR__GT__4 && (!DB_VERSION_MAJOR__EQ__4 || !DB_VERSION_MINOR__GEQ__1);!DB_VERSION_MAJOR__GT__4 && (!DB_VERSION_MAJOR__EQ__4 || !DB_VERSION_MINOR__GEQ__1) && 1;endif;132;132
test/micro/source/b_put.c;1;1;1;artifact;133;140
test/micro/source/b_put.c;1;(DB_VERSION_MAJOR__GT__4 || DB_VERSION_MAJOR__EQ__4) && (DB_VERSION_MAJOR__GT__4 || DB_VERSION_MINOR__GEQ__1);1 && (DB_VERSION_MAJOR__GT__4 || DB_VERSION_MAJOR__EQ__4) && (DB_VERSION_MAJOR__GT__4 || DB_VERSION_MINOR__GEQ__1);if;141;141
test/micro/source/b_put.c;1;(DB_VERSION_MAJOR__GT__4 || DB_VERSION_MAJOR__EQ__4) && (DB_VERSION_MAJOR__GT__4 || DB_VERSION_MINOR__GEQ__1);1 && (DB_VERSION_MAJOR__GT__4 || DB_VERSION_MAJOR__EQ__4) && (DB_VERSION_MAJOR__GT__4 || DB_VERSION_MINOR__GEQ__1);artifact;142;143
test/micro/source/b_put.c;1;!DB_VERSION_MAJOR__GT__4 && (!DB_VERSION_MAJOR__EQ__4 || !DB_VERSION_MINOR__GEQ__1);!DB_VERSION_MAJOR__GT__4 && (!DB_VERSION_MAJOR__EQ__4 || !DB_VERSION_MINOR__GEQ__1) && 1;else;144;144
test/micro/source/b_put.c;1;!DB_VERSION_MAJOR__GT__4 && (!DB_VERSION_MAJOR__EQ__4 || !DB_VERSION_MINOR__GEQ__1);!DB_VERSION_MAJOR__GT__4 && (!DB_VERSION_MAJOR__EQ__4 || !DB_VERSION_MINOR__GEQ__1) && 1;artifact;145;146
test/micro/source/b_put.c;1;!DB_VERSION_MAJOR__GT__4 && (!DB_VERSION_MAJOR__EQ__4 || !DB_VERSION_MINOR__GEQ__1);!DB_VERSION_MAJOR__GT__4 && (!DB_VERSION_MAJOR__EQ__4 || !DB_VERSION_MINOR__GEQ__1) && 1;endif;147;147
test/micro/source/b_put.c;1;(DB_VERSION_MAJOR__GT__4 || DB_VERSION_MAJOR__EQ__4) && (DB_VERSION_MAJOR__GT__4 || DB_VERSION_MINOR__GEQ__1);1 && (DB_VERSION_MAJOR__GT__4 || DB_VERSION_MAJOR__EQ__4) && (DB_VERSION_MAJOR__GT__4 || DB_VERSION_MINOR__GEQ__1);if;148;148
test/micro/source/b_put.c;1;(DB_VERSION_MAJOR__GT__4 || DB_VERSION_MAJOR__EQ__4) && (DB_VERSION_MAJOR__GT__4 || DB_VERSION_MINOR__GEQ__1);1 && (DB_VERSION_MAJOR__GT__4 || DB_VERSION_MAJOR__EQ__4) && (DB_VERSION_MAJOR__GT__4 || DB_VERSION_MINOR__GEQ__1);artifact;149;154
test/micro/source/b_put.c;1;!DB_VERSION_MAJOR__GT__4 && (!DB_VERSION_MAJOR__EQ__4 || !DB_VERSION_MINOR__GEQ__1);!DB_VERSION_MAJOR__GT__4 && (!DB_VERSION_MAJOR__EQ__4 || !DB_VERSION_MINOR__GEQ__1) && 1;else;155;155
test/micro/source/b_put.c;1;!DB_VERSION_MAJOR__GT__4 && (!DB_VERSION_MAJOR__EQ__4 || !DB_VERSION_MINOR__GEQ__1);!DB_VERSION_MAJOR__GT__4 && (!DB_VERSION_MAJOR__EQ__4 || !DB_VERSION_MINOR__GEQ__1) && 1;artifact;156;157
test/micro/source/b_put.c;1;!DB_VERSION_MAJOR__GT__4 && (!DB_VERSION_MAJOR__EQ__4 || !DB_VERSION_MINOR__GEQ__1);!DB_VERSION_MAJOR__GT__4 && (!DB_VERSION_MAJOR__EQ__4 || !DB_VERSION_MINOR__GEQ__1) && 1;endif;158;158
test/micro/source/b_put.c;1;1;1;artifact;159;170
test/micro/source/b_put.c;1;(DB_VERSION_MAJOR__GT__5 || DB_VERSION_MAJOR__EQ__5) && (DB_VERSION_MAJOR__GT__5 || DB_VERSION_MINOR__GEQ__2);1 && (DB_VERSION_MAJOR__GT__5 || DB_VERSION_MAJOR__EQ__5) && (DB_VERSION_MAJOR__GT__5 || DB_VERSION_MINOR__GEQ__2);if;171;171
test/micro/source/b_put.c;1;(DB_VERSION_MAJOR__GT__5 || DB_VERSION_MAJOR__EQ__5) && (DB_VERSION_MAJOR__GT__5 || DB_VERSION_MINOR__GEQ__2);1 && (DB_VERSION_MAJOR__GT__5 || DB_VERSION_MAJOR__EQ__5) && (DB_VERSION_MAJOR__GT__5 || DB_VERSION_MINOR__GEQ__2);artifact;172;175
test/micro/source/b_put.c;1;(DB_VERSION_MAJOR__GT__5 || DB_VERSION_MAJOR__EQ__5) && (DB_VERSION_MAJOR__GT__5 || DB_VERSION_MINOR__GEQ__2);1 && (DB_VERSION_MAJOR__GT__5 || DB_VERSION_MAJOR__EQ__5) && (DB_VERSION_MAJOR__GT__5 || DB_VERSION_MINOR__GEQ__2);endif;176;176
test/micro/source/b_put.c;1;1;1;artifact;177;196
test/micro/source/b_put.c;1;(DB_VERSION_MAJOR__GT__5 || DB_VERSION_MAJOR__EQ__5) && (DB_VERSION_MAJOR__GT__5 || DB_VERSION_MINOR__GEQ__2);1 && (DB_VERSION_MAJOR__GT__5 || DB_VERSION_MAJOR__EQ__5) && (DB_VERSION_MAJOR__GT__5 || DB_VERSION_MINOR__GEQ__2);if;197;197
test/micro/source/b_put.c;1;(DB_VERSION_MAJOR__GT__5 || DB_VERSION_MAJOR__EQ__5) && (DB_VERSION_MAJOR__GT__5 || DB_VERSION_MINOR__GEQ__2);1 && (DB_VERSION_MAJOR__GT__5 || DB_VERSION_MAJOR__EQ__5) && (DB_VERSION_MAJOR__GT__5 || DB_VERSION_MINOR__GEQ__2);artifact;198;199
test/micro/source/b_put.c;1;!DB_VERSION_MAJOR__GT__5 && (!DB_VERSION_MAJOR__EQ__5 || !DB_VERSION_MINOR__GEQ__2);!DB_VERSION_MAJOR__GT__5 && (!DB_VERSION_MAJOR__EQ__5 || !DB_VERSION_MINOR__GEQ__2) && 1;else;200;200
test/micro/source/b_put.c;1;!DB_VERSION_MAJOR__GT__5 && (!DB_VERSION_MAJOR__EQ__5 || !DB_VERSION_MINOR__GEQ__2);!DB_VERSION_MAJOR__GT__5 && (!DB_VERSION_MAJOR__EQ__5 || !DB_VERSION_MINOR__GEQ__2) && 1;artifact;201;201
test/micro/source/b_put.c;1;!DB_VERSION_MAJOR__GT__5 && (!DB_VERSION_MAJOR__EQ__5 || !DB_VERSION_MINOR__GEQ__2);!DB_VERSION_MAJOR__GT__5 && (!DB_VERSION_MAJOR__EQ__5 || !DB_VERSION_MINOR__GEQ__2) && 1;endif;202;202
test/micro/source/b_put.c;1;1;1;artifact;203;251
test/micro/source/b_recover.c;1;1;1;ROOT;1;143
test/micro/source/b_recover.c;1;1;1;artifact;1;27
test/micro/source/b_recover.c;1;DB_VERSION_MAJOR__LT__4;1 && DB_VERSION_MAJOR__LT__4;if;28;28
test/micro/source/b_recover.c;1;DB_VERSION_MAJOR__LT__4;1 && DB_VERSION_MAJOR__LT__4;artifact;29;29
test/micro/source/b_recover.c;1;DB_VERSION_MAJOR__LT__4;1 && DB_VERSION_MAJOR__LT__4;endif;30;30
test/micro/source/b_recover.c;1;1;1;artifact;31;57
test/micro/source/b_recover.c;1;DB_VERSION_MAJOR__EQ__3 && DB_VERSION_MINOR__EQ__0;1 && DB_VERSION_MAJOR__EQ__3 && DB_VERSION_MINOR__EQ__0;if;58;58
test/micro/source/b_recover.c;1;DB_VERSION_MAJOR__EQ__3 && DB_VERSION_MINOR__EQ__0;1 && DB_VERSION_MAJOR__EQ__3 && DB_VERSION_MINOR__EQ__0;artifact;59;59
test/micro/source/b_recover.c;1;DB_VERSION_MAJOR__EQ__3 && DB_VERSION_MINOR__EQ__0;1 && DB_VERSION_MAJOR__EQ__3 && DB_VERSION_MINOR__EQ__0;endif;60;60
test/micro/source/b_recover.c;1;DB_VERSION_MAJOR__EQ__3 && DB_VERSION_MINOR__EQ__1;1 && DB_VERSION_MAJOR__EQ__3 && DB_VERSION_MINOR__EQ__1;if;61;61
test/micro/source/b_recover.c;1;DB_VERSION_MAJOR__EQ__3 && DB_VERSION_MINOR__EQ__1;1 && DB_VERSION_MAJOR__EQ__3 && DB_VERSION_MINOR__EQ__1;artifact;62;62
test/micro/source/b_recover.c;1;DB_VERSION_MAJOR__EQ__3 && DB_VERSION_MINOR__EQ__1;1 && DB_VERSION_MAJOR__EQ__3 && DB_VERSION_MINOR__EQ__1;endif;63;63
test/micro/source/b_recover.c;1;DB_VERSION_MAJOR__GT__3 || DB_VERSION_MINOR__GT__1;1 && (DB_VERSION_MAJOR__GT__3 || DB_VERSION_MINOR__GT__1);if;64;64
test/micro/source/b_recover.c;1;DB_VERSION_MAJOR__GT__3 || DB_VERSION_MINOR__GT__1;1 && (DB_VERSION_MAJOR__GT__3 || DB_VERSION_MINOR__GT__1);artifact;65;65
test/micro/source/b_recover.c;1;DB_VERSION_MAJOR__GT__3 || DB_VERSION_MINOR__GT__1;1 && (DB_VERSION_MAJOR__GT__3 || DB_VERSION_MINOR__GT__1);endif;66;66
test/micro/source/b_recover.c;1;1;1;artifact;67;69
test/micro/source/b_recover.c;1;(DB_VERSION_MAJOR__GT__4 || DB_VERSION_MAJOR__EQ__4) && (DB_VERSION_MAJOR__GT__4 || DB_VERSION_MINOR__GEQ__1);1 && (DB_VERSION_MAJOR__GT__4 || DB_VERSION_MAJOR__EQ__4) && (DB_VERSION_MAJOR__GT__4 || DB_VERSION_MINOR__GEQ__1);if;70;70
test/micro/source/b_recover.c;1;(DB_VERSION_MAJOR__GT__4 || DB_VERSION_MAJOR__EQ__4) && (DB_VERSION_MAJOR__GT__4 || DB_VERSION_MINOR__GEQ__1);1 && (DB_VERSION_MAJOR__GT__4 || DB_VERSION_MAJOR__EQ__4) && (DB_VERSION_MAJOR__GT__4 || DB_VERSION_MINOR__GEQ__1);artifact;71;72
test/micro/source/b_recover.c;1;!DB_VERSION_MAJOR__GT__4 && (!DB_VERSION_MAJOR__EQ__4 || !DB_VERSION_MINOR__GEQ__1);!DB_VERSION_MAJOR__GT__4 && (!DB_VERSION_MAJOR__EQ__4 || !DB_VERSION_MINOR__GEQ__1) && 1;else;73;73
test/micro/source/b_recover.c;1;!DB_VERSION_MAJOR__GT__4 && (!DB_VERSION_MAJOR__EQ__4 || !DB_VERSION_MINOR__GEQ__1);!DB_VERSION_MAJOR__GT__4 && (!DB_VERSION_MAJOR__EQ__4 || !DB_VERSION_MINOR__GEQ__1) && 1;artifact;74;75
test/micro/source/b_recover.c;1;!DB_VERSION_MAJOR__GT__4 && (!DB_VERSION_MAJOR__EQ__4 || !DB_VERSION_MINOR__GEQ__1);!DB_VERSION_MAJOR__GT__4 && (!DB_VERSION_MAJOR__EQ__4 || !DB_VERSION_MINOR__GEQ__1) && 1;endif;76;76
test/micro/source/b_recover.c;1;1;1;artifact;77;85
test/micro/source/b_recover.c;1;DB_VERSION_MAJOR__LT__4;1 && DB_VERSION_MAJOR__LT__4;if;86;86
test/micro/source/b_recover.c;1;DB_VERSION_MAJOR__LT__4;1 && DB_VERSION_MAJOR__LT__4;artifact;87;90
test/micro/source/b_recover.c;1;!DB_VERSION_MAJOR__LT__4;!DB_VERSION_MAJOR__LT__4 && 1;else;91;91
test/micro/source/b_recover.c;1;!DB_VERSION_MAJOR__LT__4;!DB_VERSION_MAJOR__LT__4 && 1;artifact;92;95
test/micro/source/b_recover.c;1;!DB_VERSION_MAJOR__LT__4;!DB_VERSION_MAJOR__LT__4 && 1;endif;96;96
test/micro/source/b_recover.c;1;1;1;artifact;97;109
test/micro/source/b_recover.c;1;DB_VERSION_MAJOR__EQ__3 && DB_VERSION_MINOR__EQ__0;1 && DB_VERSION_MAJOR__EQ__3 && DB_VERSION_MINOR__EQ__0;if;110;110
test/micro/source/b_recover.c;1;DB_VERSION_MAJOR__EQ__3 && DB_VERSION_MINOR__EQ__0;1 && DB_VERSION_MAJOR__EQ__3 && DB_VERSION_MINOR__EQ__0;artifact;111;112
test/micro/source/b_recover.c;1;DB_VERSION_MAJOR__EQ__3 && DB_VERSION_MINOR__EQ__0;1 && DB_VERSION_MAJOR__EQ__3 && DB_VERSION_MINOR__EQ__0;endif;113;113
test/micro/source/b_recover.c;1;DB_VERSION_MAJOR__EQ__3 && DB_VERSION_MINOR__EQ__1;1 && DB_VERSION_MAJOR__EQ__3 && DB_VERSION_MINOR__EQ__1;if;114;114
test/micro/source/b_recover.c;1;DB_VERSION_MAJOR__EQ__3 && DB_VERSION_MINOR__EQ__1;1 && DB_VERSION_MAJOR__EQ__3 && DB_VERSION_MINOR__EQ__1;artifact;115;116
test/micro/source/b_recover.c;1;DB_VERSION_MAJOR__EQ__3 && DB_VERSION_MINOR__EQ__1;1 && DB_VERSION_MAJOR__EQ__3 && DB_VERSION_MINOR__EQ__1;endif;117;117
test/micro/source/b_recover.c;1;DB_VERSION_MAJOR__GT__3 || DB_VERSION_MINOR__GT__1;1 && (DB_VERSION_MAJOR__GT__3 || DB_VERSION_MINOR__GT__1);if;118;118
test/micro/source/b_recover.c;1;DB_VERSION_MAJOR__GT__3 || DB_VERSION_MINOR__GT__1;1 && (DB_VERSION_MAJOR__GT__3 || DB_VERSION_MINOR__GT__1);artifact;119;120
test/micro/source/b_recover.c;1;DB_VERSION_MAJOR__GT__3 || DB_VERSION_MINOR__GT__1;1 && (DB_VERSION_MAJOR__GT__3 || DB_VERSION_MINOR__GT__1);endif;121;121
test/micro/source/b_recover.c;1;1;1;artifact;122;142
test/micro/source/b_txn.c;1;1;1;ROOT;1;95
test/micro/source/b_txn.c;1;1;1;artifact;1;42
test/micro/source/b_txn.c;1;DB_VERSION_MAJOR__EQ__3 && DB_VERSION_MINOR__LT__1;1 && DB_VERSION_MAJOR__EQ__3 && DB_VERSION_MINOR__LT__1;if;43;43
test/micro/source/b_txn.c;1;DB_VERSION_MAJOR__EQ__3 && DB_VERSION_MINOR__LT__1;1 && DB_VERSION_MAJOR__EQ__3 && DB_VERSION_MINOR__LT__1;artifact;44;46
test/micro/source/b_txn.c;1;!DB_VERSION_MAJOR__EQ__3 || !DB_VERSION_MINOR__LT__1;(!DB_VERSION_MAJOR__EQ__3 || !DB_VERSION_MINOR__LT__1) && 1;else;47;47
test/micro/source/b_txn.c;1;!DB_VERSION_MAJOR__EQ__3 || !DB_VERSION_MINOR__LT__1;(!DB_VERSION_MAJOR__EQ__3 || !DB_VERSION_MINOR__LT__1) && 1;artifact;48;50
test/micro/source/b_txn.c;1;!DB_VERSION_MAJOR__EQ__3 || !DB_VERSION_MINOR__LT__1;(!DB_VERSION_MAJOR__EQ__3 || !DB_VERSION_MINOR__LT__1) && 1;endif;51;51
test/micro/source/b_txn.c;1;1;1;artifact;52;56
test/micro/source/b_txn.c;1;DB_VERSION_MAJOR__LT__4;1 && DB_VERSION_MAJOR__LT__4;if;57;57
test/micro/source/b_txn.c;1;DB_VERSION_MAJOR__LT__4;1 && DB_VERSION_MAJOR__LT__4;artifact;58;59
test/micro/source/b_txn.c;1;!DB_VERSION_MAJOR__LT__4;!DB_VERSION_MAJOR__LT__4 && 1;else;60;60
test/micro/source/b_txn.c;1;!DB_VERSION_MAJOR__LT__4;!DB_VERSION_MAJOR__LT__4 && 1;artifact;61;63
test/micro/source/b_txn.c;1;!DB_VERSION_MAJOR__LT__4;!DB_VERSION_MAJOR__LT__4 && 1;endif;64;64
test/micro/source/b_txn.c;1;1;1;artifact;65;67
test/micro/source/b_txn.c;1;DB_VERSION_MAJOR__LT__4;1 && DB_VERSION_MAJOR__LT__4;if;68;68
test/micro/source/b_txn.c;1;DB_VERSION_MAJOR__LT__4;1 && DB_VERSION_MAJOR__LT__4;artifact;69;70
test/micro/source/b_txn.c;1;!DB_VERSION_MAJOR__LT__4;!DB_VERSION_MAJOR__LT__4 && 1;else;71;71
test/micro/source/b_txn.c;1;!DB_VERSION_MAJOR__LT__4;!DB_VERSION_MAJOR__LT__4 && 1;artifact;72;74
test/micro/source/b_txn.c;1;!DB_VERSION_MAJOR__LT__4;!DB_VERSION_MAJOR__LT__4 && 1;endif;75;75
test/micro/source/b_txn.c;1;1;1;artifact;76;94
test/micro/source/b_txn_write.c;1;1;1;ROOT;1;174
test/micro/source/b_txn_write.c;1;1;1;artifact;1;11
test/micro/source/b_txn_write.c;1;DB_INIT_REP;1 && DB_INIT_REP;if;12;12
test/micro/source/b_txn_write.c;1;DB_INIT_REP;1 && DB_INIT_REP;artifact;13;35
test/micro/source/b_txn_write.c;1;DB_INIT_REP;1 && DB_INIT_REP;endif;36;36
test/micro/source/b_txn_write.c;1;1;1;artifact;37;64
test/micro/source/b_txn_write.c;1;DB_INIT_REP;1 && DB_INIT_REP;if;65;65
test/micro/source/b_txn_write.c;1;DB_INIT_REP;1 && DB_INIT_REP;artifact;66;66
test/micro/source/b_txn_write.c;1;!DB_INIT_REP;!DB_INIT_REP && 1;else;67;67
test/micro/source/b_txn_write.c;1;!DB_INIT_REP;!DB_INIT_REP && 1;artifact;68;68
test/micro/source/b_txn_write.c;1;!DB_INIT_REP;!DB_INIT_REP && 1;endif;69;69
test/micro/source/b_txn_write.c;1;1;1;artifact;70;72
test/micro/source/b_txn_write.c;1;DB_TXN_WRITE_NOSYNC;1 && DB_TXN_WRITE_NOSYNC;if;73;73
test/micro/source/b_txn_write.c;1;DB_TXN_WRITE_NOSYNC;1 && DB_TXN_WRITE_NOSYNC;artifact;74;74
test/micro/source/b_txn_write.c;1;!DB_TXN_WRITE_NOSYNC;!DB_TXN_WRITE_NOSYNC && 1;else;75;75
test/micro/source/b_txn_write.c;1;!DB_TXN_WRITE_NOSYNC;!DB_TXN_WRITE_NOSYNC && 1;artifact;76;76
test/micro/source/b_txn_write.c;1;!DB_TXN_WRITE_NOSYNC;!DB_TXN_WRITE_NOSYNC && 1;endif;77;77
test/micro/source/b_txn_write.c;1;1;1;artifact;78;91
test/micro/source/b_txn_write.c;1;DB_INIT_REP;1 && DB_INIT_REP;if;92;92
test/micro/source/b_txn_write.c;1;DB_INIT_REP;1 && DB_INIT_REP;artifact;93;93
test/micro/source/b_txn_write.c;1;(DB_VERSION_MAJOR__GT__4 || DB_VERSION_MAJOR__EQ__4) && (DB_VERSION_MAJOR__GT__4 || DB_VERSION_MINOR__GEQ__5);1 && DB_INIT_REP && (DB_VERSION_MAJOR__GT__4 || DB_VERSION_MAJOR__EQ__4) && (DB_VERSION_MAJOR__GT__4 || DB_VERSION_MINOR__GEQ__5);if;94;94
test/micro/source/b_txn_write.c;1;(DB_VERSION_MAJOR__GT__4 || DB_VERSION_MAJOR__EQ__4) && (DB_VERSION_MAJOR__GT__4 || DB_VERSION_MINOR__GEQ__5);1 && DB_INIT_REP && (DB_VERSION_MAJOR__GT__4 || DB_VERSION_MAJOR__EQ__4) && (DB_VERSION_MAJOR__GT__4 || DB_VERSION_MINOR__GEQ__5);artifact;95;96
test/micro/source/b_txn_write.c;1;(!DB_VERSION_MAJOR__EQ__4 || !DB_VERSION_MINOR__GEQ__5) && !DB_VERSION_MAJOR__GT__4;(!DB_VERSION_MAJOR__EQ__4 || !DB_VERSION_MINOR__GEQ__5) && !DB_VERSION_MAJOR__GT__4 && 1 && DB_INIT_REP;else;97;97
test/micro/source/b_txn_write.c;1;(!DB_VERSION_MAJOR__EQ__4 || !DB_VERSION_MINOR__GEQ__5) && !DB_VERSION_MAJOR__GT__4;(!DB_VERSION_MAJOR__EQ__4 || !DB_VERSION_MINOR__GEQ__5) && !DB_VERSION_MAJOR__GT__4 && 1 && DB_INIT_REP;artifact;98;99
test/micro/source/b_txn_write.c;1;(!DB_VERSION_MAJOR__EQ__4 || !DB_VERSION_MINOR__GEQ__5) && !DB_VERSION_MAJOR__GT__4;(!DB_VERSION_MAJOR__EQ__4 || !DB_VERSION_MINOR__GEQ__5) && !DB_VERSION_MAJOR__GT__4 && 1 && DB_INIT_REP;endif;100;100
test/micro/source/b_txn_write.c;1;DB_INIT_REP;1 && DB_INIT_REP;artifact;101;102
test/micro/source/b_txn_write.c;1;DB_INIT_REP;1 && DB_INIT_REP;endif;103;103
test/micro/source/b_txn_write.c;1;1;1;artifact;104;105
test/micro/source/b_txn_write.c;1;DB_VERSION_MAJOR__EQ__3 && DB_VERSION_MINOR__EQ__0;1 && DB_VERSION_MAJOR__EQ__3 && DB_VERSION_MINOR__EQ__0;if;106;106
test/micro/source/b_txn_write.c;1;DB_VERSION_MAJOR__EQ__3 && DB_VERSION_MINOR__EQ__0;1 && DB_VERSION_MAJOR__EQ__3 && DB_VERSION_MINOR__EQ__0;artifact;107;108
test/micro/source/b_txn_write.c;1;DB_VERSION_MAJOR__EQ__3 && DB_VERSION_MINOR__EQ__0;1 && DB_VERSION_MAJOR__EQ__3 && DB_VERSION_MINOR__EQ__0;endif;109;109
test/micro/source/b_txn_write.c;1;DB_VERSION_MAJOR__EQ__3 && DB_VERSION_MINOR__EQ__1;1 && DB_VERSION_MAJOR__EQ__3 && DB_VERSION_MINOR__EQ__1;if;110;110
test/micro/source/b_txn_write.c;1;DB_VERSION_MAJOR__EQ__3 && DB_VERSION_MINOR__EQ__1;1 && DB_VERSION_MAJOR__EQ__3 && DB_VERSION_MINOR__EQ__1;artifact;111;112
test/micro/source/b_txn_write.c;1;DB_VERSION_MAJOR__EQ__3 && DB_VERSION_MINOR__EQ__1;1 && DB_VERSION_MAJOR__EQ__3 && DB_VERSION_MINOR__EQ__1;endif;113;113
test/micro/source/b_txn_write.c;1;DB_VERSION_MAJOR__GT__3 || DB_VERSION_MINOR__GT__1;1 && (DB_VERSION_MAJOR__GT__3 || DB_VERSION_MINOR__GT__1);if;114;114
test/micro/source/b_txn_write.c;1;DB_VERSION_MAJOR__GT__3 || DB_VERSION_MINOR__GT__1;1 && (DB_VERSION_MAJOR__GT__3 || DB_VERSION_MINOR__GT__1);artifact;115;117
test/micro/source/b_txn_write.c;1;DB_VERSION_MAJOR__GT__3 || DB_VERSION_MINOR__GT__1;1 && (DB_VERSION_MAJOR__GT__3 || DB_VERSION_MINOR__GT__1);endif;118;118
test/micro/source/b_txn_write.c;1;1;1;artifact;119;119
test/micro/source/b_txn_write.c;1;DB_INIT_REP;1 && DB_INIT_REP;if;120;120
test/micro/source/b_txn_write.c;1;DB_INIT_REP;1 && DB_INIT_REP;artifact;121;123
test/micro/source/b_txn_write.c;1;DB_INIT_REP;1 && DB_INIT_REP;endif;124;124
test/micro/source/b_txn_write.c;1;1;1;artifact;125;127
test/micro/source/b_txn_write.c;1;(DB_VERSION_MAJOR__GT__4 || DB_VERSION_MAJOR__EQ__4) && (DB_VERSION_MAJOR__GT__4 || DB_VERSION_MINOR__GEQ__1);1 && (DB_VERSION_MAJOR__GT__4 || DB_VERSION_MAJOR__EQ__4) && (DB_VERSION_MAJOR__GT__4 || DB_VERSION_MINOR__GEQ__1);if;128;128
test/micro/source/b_txn_write.c;1;(DB_VERSION_MAJOR__GT__4 || DB_VERSION_MAJOR__EQ__4) && (DB_VERSION_MAJOR__GT__4 || DB_VERSION_MINOR__GEQ__1);1 && (DB_VERSION_MAJOR__GT__4 || DB_VERSION_MAJOR__EQ__4) && (DB_VERSION_MAJOR__GT__4 || DB_VERSION_MINOR__GEQ__1);artifact;129;130
test/micro/source/b_txn_write.c;1;!DB_VERSION_MAJOR__GT__4 && (!DB_VERSION_MAJOR__EQ__4 || !DB_VERSION_MINOR__GEQ__1);!DB_VERSION_MAJOR__GT__4 && (!DB_VERSION_MAJOR__EQ__4 || !DB_VERSION_MINOR__GEQ__1) && 1;else;131;131
test/micro/source/b_txn_write.c;1;!DB_VERSION_MAJOR__GT__4 && (!DB_VERSION_MAJOR__EQ__4 || !DB_VERSION_MINOR__GEQ__1);!DB_VERSION_MAJOR__GT__4 && (!DB_VERSION_MAJOR__EQ__4 || !DB_VERSION_MINOR__GEQ__1) && 1;artifact;132;133
test/micro/source/b_txn_write.c;1;!DB_VERSION_MAJOR__GT__4 && (!DB_VERSION_MAJOR__EQ__4 || !DB_VERSION_MINOR__GEQ__1);!DB_VERSION_MAJOR__GT__4 && (!DB_VERSION_MAJOR__EQ__4 || !DB_VERSION_MINOR__GEQ__1) && 1;endif;134;134
test/micro/source/b_txn_write.c;1;1;1;artifact;135;144
test/micro/source/b_txn_write.c;1;DB_VERSION_MAJOR__LT__4;1 && DB_VERSION_MAJOR__LT__4;if;145;145
test/micro/source/b_txn_write.c;1;DB_VERSION_MAJOR__LT__4;1 && DB_VERSION_MAJOR__LT__4;artifact;146;148
test/micro/source/b_txn_write.c;1;!DB_VERSION_MAJOR__LT__4;!DB_VERSION_MAJOR__LT__4 && 1;else;149;149
test/micro/source/b_txn_write.c;1;!DB_VERSION_MAJOR__LT__4;!DB_VERSION_MAJOR__LT__4 && 1;artifact;150;152
test/micro/source/b_txn_write.c;1;!DB_VERSION_MAJOR__LT__4;!DB_VERSION_MAJOR__LT__4 && 1;endif;153;153
test/micro/source/b_txn_write.c;1;1;1;artifact;154;173
test/micro/source/b_uname.c;1;1;1;ROOT;1;149
test/micro/source/b_uname.c;1;1;1;artifact;1;34
test/micro/source/b_uname.c;1;DB_WIN32;1 && DB_WIN32;if;35;35
test/micro/source/b_uname.c;1;DB_WIN32;1 && DB_WIN32;artifact;36;43
test/micro/source/b_uname.c;1;DB_WINCE;1 && DB_WIN32 && DB_WINCE;if;44;44
test/micro/source/b_uname.c;1;DB_WINCE;1 && DB_WIN32 && DB_WINCE;artifact;45;45
test/micro/source/b_uname.c;1;!DB_WINCE;!DB_WINCE && 1 && DB_WIN32;else;46;46
test/micro/source/b_uname.c;1;!DB_WINCE;!DB_WINCE && 1 && DB_WIN32;artifact;47;54
test/micro/source/b_uname.c;1;!DB_WINCE;!DB_WINCE && 1 && DB_WIN32;endif;55;55
test/micro/source/b_uname.c;1;DB_WIN32;1 && DB_WIN32;artifact;56;114
test/micro/source/b_uname.c;1;DEFINED___LB__HAVE_VXWORKS__RB__ && !DB_WIN32;DEFINED___LB__HAVE_VXWORKS__RB__ && !DB_WIN32 && 1;elif;115;115
test/micro/source/b_uname.c;1;DEFINED___LB__HAVE_VXWORKS__RB__ && !DB_WIN32;DEFINED___LB__HAVE_VXWORKS__RB__ && !DB_WIN32 && 1;artifact;116;123
test/micro/source/b_uname.c;1;!DEFINED___LB__HAVE_VXWORKS__RB__ && !DB_WIN32;!DEFINED___LB__HAVE_VXWORKS__RB__ && !DB_WIN32 && 1;else;124;124
test/micro/source/b_uname.c;1;!DEFINED___LB__HAVE_VXWORKS__RB__ && !DB_WIN32;!DEFINED___LB__HAVE_VXWORKS__RB__ && !DB_WIN32 && 1;artifact;125;146
test/micro/source/b_uname.c;1;!DEFINED___LB__HAVE_VXWORKS__RB__ && !DB_WIN32;!DEFINED___LB__HAVE_VXWORKS__RB__ && !DB_WIN32 && 1;endif;147;147
test/micro/source/b_uname.c;1;1;1;artifact;148;148
test/micro/source/b_util.c;1;1;1;ROOT;1;172
test/micro/source/b_util.c;1;1;1;artifact;1;15
test/micro/source/b_util.c;1;(DEFINED___LB__HAVE_HASH__RB__ || DB_VERSION_MAJOR__LT__4 || DB_VERSION_MAJOR__EQ__4) && (DEFINED___LB__HAVE_HASH__RB__ || DB_VERSION_MAJOR__LT__4 || DB_VERSION_MINOR__LT__2);1 && (DEFINED___LB__HAVE_HASH__RB__ || DB_VERSION_MAJOR__LT__4 || DB_VERSION_MAJOR__EQ__4) && (DEFINED___LB__HAVE_HASH__RB__ || DB_VERSION_MAJOR__LT__4 || DB_VERSION_MINOR__LT__2);if;16;17
test/micro/source/b_util.c;1;(DEFINED___LB__HAVE_HASH__RB__ || DB_VERSION_MAJOR__LT__4 || DB_VERSION_MAJOR__EQ__4) && (DEFINED___LB__HAVE_HASH__RB__ || DB_VERSION_MAJOR__LT__4 || DB_VERSION_MINOR__LT__2);1 && (DEFINED___LB__HAVE_HASH__RB__ || DB_VERSION_MAJOR__LT__4 || DB_VERSION_MAJOR__EQ__4) && (DEFINED___LB__HAVE_HASH__RB__ || DB_VERSION_MAJOR__LT__4 || DB_VERSION_MINOR__LT__2);artifact;18;18
test/micro/source/b_util.c;1;!DEFINED___LB__HAVE_HASH__RB__ && !DB_VERSION_MAJOR__LT__4 && (!DB_VERSION_MAJOR__EQ__4 || !DB_VERSION_MINOR__LT__2);!DEFINED___LB__HAVE_HASH__RB__ && !DB_VERSION_MAJOR__LT__4 && (!DB_VERSION_MAJOR__EQ__4 || !DB_VERSION_MINOR__LT__2) && 1;else;19;19
test/micro/source/b_util.c;1;!DEFINED___LB__HAVE_HASH__RB__ && !DB_VERSION_MAJOR__LT__4 && (!DB_VERSION_MAJOR__EQ__4 || !DB_VERSION_MINOR__LT__2);!DEFINED___LB__HAVE_HASH__RB__ && !DB_VERSION_MAJOR__LT__4 && (!DB_VERSION_MAJOR__EQ__4 || !DB_VERSION_MINOR__LT__2) && 1;artifact;20;22
test/micro/source/b_util.c;1;!DEFINED___LB__HAVE_HASH__RB__ && !DB_VERSION_MAJOR__LT__4 && (!DB_VERSION_MAJOR__EQ__4 || !DB_VERSION_MINOR__LT__2);!DEFINED___LB__HAVE_HASH__RB__ && !DB_VERSION_MAJOR__LT__4 && (!DB_VERSION_MAJOR__EQ__4 || !DB_VERSION_MINOR__LT__2) && 1;endif;23;23
test/micro/source/b_util.c;1;1;1;artifact;24;28
test/micro/source/b_util.c;1;(DEFINED___LB__HAVE_HEAP__RB__ || DB_VERSION_MAJOR__LT__5 || DB_VERSION_MAJOR__EQ__5) && (DEFINED___LB__HAVE_HEAP__RB__ || DB_VERSION_MAJOR__LT__5 || DB_VERSION_MINOR__LT__2);1 && (DEFINED___LB__HAVE_HEAP__RB__ || DB_VERSION_MAJOR__LT__5 || DB_VERSION_MAJOR__EQ__5) && (DEFINED___LB__HAVE_HEAP__RB__ || DB_VERSION_MAJOR__LT__5 || DB_VERSION_MINOR__LT__2);if;29;30
test/micro/source/b_util.c;1;(DEFINED___LB__HAVE_HEAP__RB__ || DB_VERSION_MAJOR__LT__5 || DB_VERSION_MAJOR__EQ__5) && (DEFINED___LB__HAVE_HEAP__RB__ || DB_VERSION_MAJOR__LT__5 || DB_VERSION_MINOR__LT__2);1 && (DEFINED___LB__HAVE_HEAP__RB__ || DB_VERSION_MAJOR__LT__5 || DB_VERSION_MAJOR__EQ__5) && (DEFINED___LB__HAVE_HEAP__RB__ || DB_VERSION_MAJOR__LT__5 || DB_VERSION_MINOR__LT__2);artifact;31;31
test/micro/source/b_util.c;1;!DEFINED___LB__HAVE_HEAP__RB__ && !DB_VERSION_MAJOR__LT__5 && (!DB_VERSION_MAJOR__EQ__5 || !DB_VERSION_MINOR__LT__2);!DEFINED___LB__HAVE_HEAP__RB__ && !DB_VERSION_MAJOR__LT__5 && (!DB_VERSION_MAJOR__EQ__5 || !DB_VERSION_MINOR__LT__2) && 1;else;32;32
test/micro/source/b_util.c;1;!DEFINED___LB__HAVE_HEAP__RB__ && !DB_VERSION_MAJOR__LT__5 && (!DB_VERSION_MAJOR__EQ__5 || !DB_VERSION_MINOR__LT__2);!DEFINED___LB__HAVE_HEAP__RB__ && !DB_VERSION_MAJOR__LT__5 && (!DB_VERSION_MAJOR__EQ__5 || !DB_VERSION_MINOR__LT__2) && 1;artifact;33;35
test/micro/source/b_util.c;1;!DEFINED___LB__HAVE_HEAP__RB__ && !DB_VERSION_MAJOR__LT__5 && (!DB_VERSION_MAJOR__EQ__5 || !DB_VERSION_MINOR__LT__2);!DEFINED___LB__HAVE_HEAP__RB__ && !DB_VERSION_MAJOR__LT__5 && (!DB_VERSION_MAJOR__EQ__5 || !DB_VERSION_MINOR__LT__2) && 1;endif;36;36
test/micro/source/b_util.c;1;1;1;artifact;37;41
test/micro/source/b_util.c;1;(DEFINED___LB__HAVE_QUEUE__RB__ || DB_VERSION_MAJOR__LT__4 || DB_VERSION_MAJOR__EQ__4) && (DEFINED___LB__HAVE_QUEUE__RB__ || DB_VERSION_MAJOR__LT__4 || DB_VERSION_MINOR__LT__2);1 && (DEFINED___LB__HAVE_QUEUE__RB__ || DB_VERSION_MAJOR__LT__4 || DB_VERSION_MAJOR__EQ__4) && (DEFINED___LB__HAVE_QUEUE__RB__ || DB_VERSION_MAJOR__LT__4 || DB_VERSION_MINOR__LT__2);if;42;43
test/micro/source/b_util.c;1;(DEFINED___LB__HAVE_QUEUE__RB__ || DB_VERSION_MAJOR__LT__4 || DB_VERSION_MAJOR__EQ__4) && (DEFINED___LB__HAVE_QUEUE__RB__ || DB_VERSION_MAJOR__LT__4 || DB_VERSION_MINOR__LT__2);1 && (DEFINED___LB__HAVE_QUEUE__RB__ || DB_VERSION_MAJOR__LT__4 || DB_VERSION_MAJOR__EQ__4) && (DEFINED___LB__HAVE_QUEUE__RB__ || DB_VERSION_MAJOR__LT__4 || DB_VERSION_MINOR__LT__2);artifact;44;44
test/micro/source/b_util.c;1;!DEFINED___LB__HAVE_QUEUE__RB__ && !DB_VERSION_MAJOR__LT__4 && (!DB_VERSION_MAJOR__EQ__4 || !DB_VERSION_MINOR__LT__2);!DEFINED___LB__HAVE_QUEUE__RB__ && !DB_VERSION_MAJOR__LT__4 && (!DB_VERSION_MAJOR__EQ__4 || !DB_VERSION_MINOR__LT__2) && 1;else;45;45
test/micro/source/b_util.c;1;!DEFINED___LB__HAVE_QUEUE__RB__ && !DB_VERSION_MAJOR__LT__4 && (!DB_VERSION_MAJOR__EQ__4 || !DB_VERSION_MINOR__LT__2);!DEFINED___LB__HAVE_QUEUE__RB__ && !DB_VERSION_MAJOR__LT__4 && (!DB_VERSION_MAJOR__EQ__4 || !DB_VERSION_MINOR__LT__2) && 1;artifact;46;48
test/micro/source/b_util.c;1;!DEFINED___LB__HAVE_QUEUE__RB__ && !DB_VERSION_MAJOR__LT__4 && (!DB_VERSION_MAJOR__EQ__4 || !DB_VERSION_MINOR__LT__2);!DEFINED___LB__HAVE_QUEUE__RB__ && !DB_VERSION_MAJOR__LT__4 && (!DB_VERSION_MAJOR__EQ__4 || !DB_VERSION_MINOR__LT__2) && 1;endif;49;49
test/micro/source/b_util.c;1;1;1;artifact;50;60
test/micro/source/b_util.c;1;(DB_VERSION_MAJOR__GT__4 || DB_VERSION_MAJOR__EQ__4) && (DB_VERSION_MAJOR__GT__4 || DB_VERSION_MINOR__GT__3);1 && (DB_VERSION_MAJOR__GT__4 || DB_VERSION_MAJOR__EQ__4) && (DB_VERSION_MAJOR__GT__4 || DB_VERSION_MINOR__GT__3);if;61;61
test/micro/source/b_util.c;1;(DB_VERSION_MAJOR__GT__4 || DB_VERSION_MAJOR__EQ__4) && (DB_VERSION_MAJOR__GT__4 || DB_VERSION_MINOR__GT__3);1 && (DB_VERSION_MAJOR__GT__4 || DB_VERSION_MAJOR__EQ__4) && (DB_VERSION_MAJOR__GT__4 || DB_VERSION_MINOR__GT__3);artifact;62;62
test/micro/source/b_util.c;1;!DB_VERSION_MAJOR__GT__4 && (!DB_VERSION_MAJOR__EQ__4 || !DB_VERSION_MINOR__GT__3);!DB_VERSION_MAJOR__GT__4 && (!DB_VERSION_MAJOR__EQ__4 || !DB_VERSION_MINOR__GT__3) && 1;else;63;63
test/micro/source/b_util.c;1;!DB_VERSION_MAJOR__GT__4 && (!DB_VERSION_MAJOR__EQ__4 || !DB_VERSION_MINOR__GT__3);!DB_VERSION_MAJOR__GT__4 && (!DB_VERSION_MAJOR__EQ__4 || !DB_VERSION_MINOR__GT__3) && 1;artifact;64;64
test/micro/source/b_util.c;1;!DB_VERSION_MAJOR__GT__4 && (!DB_VERSION_MAJOR__EQ__4 || !DB_VERSION_MINOR__GT__3);!DB_VERSION_MAJOR__GT__4 && (!DB_VERSION_MAJOR__EQ__4 || !DB_VERSION_MINOR__GT__3) && 1;endif;65;65
test/micro/source/b_util.c;1;1;1;artifact;66;72
test/micro/source/b_util.c;1;(DB_VERSION_MAJOR__GT__4 || DB_VERSION_MAJOR__EQ__4) && (DB_VERSION_MAJOR__GT__4 || DB_VERSION_MINOR__GT__4);1 && (DB_VERSION_MAJOR__GT__4 || DB_VERSION_MAJOR__EQ__4) && (DB_VERSION_MAJOR__GT__4 || DB_VERSION_MINOR__GT__4);if;73;73
test/micro/source/b_util.c;1;(DB_VERSION_MAJOR__GT__4 || DB_VERSION_MAJOR__EQ__4) && (DB_VERSION_MAJOR__GT__4 || DB_VERSION_MINOR__GT__4);1 && (DB_VERSION_MAJOR__GT__4 || DB_VERSION_MAJOR__EQ__4) && (DB_VERSION_MAJOR__GT__4 || DB_VERSION_MINOR__GT__4);artifact;74;74
test/micro/source/b_util.c;1;!DB_VERSION_MAJOR__GT__4 && (!DB_VERSION_MAJOR__EQ__4 || !DB_VERSION_MINOR__GT__4);!DB_VERSION_MAJOR__GT__4 && (!DB_VERSION_MAJOR__EQ__4 || !DB_VERSION_MINOR__GT__4) && 1;else;75;75
test/micro/source/b_util.c;1;!DB_VERSION_MAJOR__GT__4 && (!DB_VERSION_MAJOR__EQ__4 || !DB_VERSION_MINOR__GT__4);!DB_VERSION_MAJOR__GT__4 && (!DB_VERSION_MAJOR__EQ__4 || !DB_VERSION_MINOR__GT__4) && 1;artifact;76;76
test/micro/source/b_util.c;1;!DB_VERSION_MAJOR__GT__4 && (!DB_VERSION_MAJOR__EQ__4 || !DB_VERSION_MINOR__GT__4);!DB_VERSION_MAJOR__GT__4 && (!DB_VERSION_MAJOR__EQ__4 || !DB_VERSION_MINOR__GT__4) && 1;endif;77;77
test/micro/source/b_util.c;1;1;1;artifact;78;116
test/micro/source/b_util.c;1;(DB_VERSION_MAJOR__GT__4 || DB_VERSION_MAJOR__EQ__4) && (DB_VERSION_MAJOR__GT__4 || DB_VERSION_MINOR__GT__6);1 && (DB_VERSION_MAJOR__GT__4 || DB_VERSION_MAJOR__EQ__4) && (DB_VERSION_MAJOR__GT__4 || DB_VERSION_MINOR__GT__6);if;117;117
test/micro/source/b_util.c;1;(DB_VERSION_MAJOR__GT__4 || DB_VERSION_MAJOR__EQ__4) && (DB_VERSION_MAJOR__GT__4 || DB_VERSION_MINOR__GT__6);1 && (DB_VERSION_MAJOR__GT__4 || DB_VERSION_MAJOR__EQ__4) && (DB_VERSION_MAJOR__GT__4 || DB_VERSION_MINOR__GT__6);artifact;118;119
test/micro/source/b_util.c;1;!DB_VERSION_MAJOR__GT__4 && (!DB_VERSION_MAJOR__EQ__4 || !DB_VERSION_MINOR__GT__6);!DB_VERSION_MAJOR__GT__4 && (!DB_VERSION_MAJOR__EQ__4 || !DB_VERSION_MINOR__GT__6) && 1;else;120;120
test/micro/source/b_util.c;1;!DB_VERSION_MAJOR__GT__4 && (!DB_VERSION_MAJOR__EQ__4 || !DB_VERSION_MINOR__GT__6);!DB_VERSION_MAJOR__GT__4 && (!DB_VERSION_MAJOR__EQ__4 || !DB_VERSION_MINOR__GT__6) && 1;artifact;121;122
test/micro/source/b_util.c;1;!DB_VERSION_MAJOR__GT__4 && (!DB_VERSION_MAJOR__EQ__4 || !DB_VERSION_MINOR__GT__6);!DB_VERSION_MAJOR__GT__4 && (!DB_VERSION_MAJOR__EQ__4 || !DB_VERSION_MINOR__GT__6) && 1;endif;123;123
test/micro/source/b_util.c;1;1;1;artifact;124;151
test/micro/source/b_util.c;1;(DB_VERSION_MAJOR__LT__4 || DB_VERSION_MAJOR__EQ__4) && (DB_VERSION_MAJOR__LT__4 || DB_VERSION_MINOR__LT__6);1 && (DB_VERSION_MAJOR__LT__4 || DB_VERSION_MAJOR__EQ__4) && (DB_VERSION_MAJOR__LT__4 || DB_VERSION_MINOR__LT__6);if;152;152
test/micro/source/b_util.c;1;(DB_VERSION_MAJOR__LT__4 || DB_VERSION_MAJOR__EQ__4) && (DB_VERSION_MAJOR__LT__4 || DB_VERSION_MINOR__LT__6);1 && (DB_VERSION_MAJOR__LT__4 || DB_VERSION_MAJOR__EQ__4) && (DB_VERSION_MAJOR__LT__4 || DB_VERSION_MINOR__LT__6);artifact;153;153
test/micro/source/b_util.c;1;DB_VERSION_MAJOR__EQ__4 && DB_VERSION_MINOR__EQ__6 && !DB_VERSION_MAJOR__LT__4 && (!DB_VERSION_MAJOR__EQ__4 || !DB_VERSION_MINOR__LT__6);DB_VERSION_MAJOR__EQ__4 && DB_VERSION_MINOR__EQ__6 && !DB_VERSION_MAJOR__LT__4 && (!DB_VERSION_MAJOR__EQ__4 || !DB_VERSION_MINOR__LT__6) && 1;elif;154;154
test/micro/source/b_util.c;1;DB_VERSION_MAJOR__EQ__4 && DB_VERSION_MINOR__EQ__6 && !DB_VERSION_MAJOR__LT__4 && (!DB_VERSION_MAJOR__EQ__4 || !DB_VERSION_MINOR__LT__6);DB_VERSION_MAJOR__EQ__4 && DB_VERSION_MINOR__EQ__6 && !DB_VERSION_MAJOR__LT__4 && (!DB_VERSION_MAJOR__EQ__4 || !DB_VERSION_MINOR__LT__6) && 1;artifact;155;155
test/micro/source/b_util.c;1;(!DB_VERSION_MAJOR__EQ__4 || !DB_VERSION_MINOR__EQ__6) && !DB_VERSION_MAJOR__LT__4 && (!DB_VERSION_MAJOR__EQ__4 || !DB_VERSION_MINOR__LT__6);(!DB_VERSION_MAJOR__EQ__4 || !DB_VERSION_MINOR__EQ__6) && !DB_VERSION_MAJOR__LT__4 && (!DB_VERSION_MAJOR__EQ__4 || !DB_VERSION_MINOR__LT__6) && 1;else;156;156
test/micro/source/b_util.c;1;(!DB_VERSION_MAJOR__EQ__4 || !DB_VERSION_MINOR__EQ__6) && !DB_VERSION_MAJOR__LT__4 && (!DB_VERSION_MAJOR__EQ__4 || !DB_VERSION_MINOR__LT__6);(!DB_VERSION_MAJOR__EQ__4 || !DB_VERSION_MINOR__EQ__6) && !DB_VERSION_MAJOR__LT__4 && (!DB_VERSION_MAJOR__EQ__4 || !DB_VERSION_MINOR__LT__6) && 1;artifact;157;157
test/micro/source/b_util.c;1;(!DB_VERSION_MAJOR__EQ__4 || !DB_VERSION_MINOR__EQ__6) && !DB_VERSION_MAJOR__LT__4 && (!DB_VERSION_MAJOR__EQ__4 || !DB_VERSION_MINOR__LT__6);(!DB_VERSION_MAJOR__EQ__4 || !DB_VERSION_MINOR__EQ__6) && !DB_VERSION_MAJOR__LT__4 && (!DB_VERSION_MAJOR__EQ__4 || !DB_VERSION_MINOR__LT__6) && 1;endif;158;158
test/micro/source/b_util.c;1;1;1;artifact;159;164
test/micro/source/b_util.c;1;(DB_VERSION_MAJOR__LT__4 || DB_VERSION_MAJOR__EQ__4) && (DB_VERSION_MAJOR__LT__4 || DB_VERSION_MINOR__LT__7);1 && (DB_VERSION_MAJOR__LT__4 || DB_VERSION_MAJOR__EQ__4) && (DB_VERSION_MAJOR__LT__4 || DB_VERSION_MINOR__LT__7);if;165;165
test/micro/source/b_util.c;1;(DB_VERSION_MAJOR__LT__4 || DB_VERSION_MAJOR__EQ__4) && (DB_VERSION_MAJOR__LT__4 || DB_VERSION_MINOR__LT__7);1 && (DB_VERSION_MAJOR__LT__4 || DB_VERSION_MAJOR__EQ__4) && (DB_VERSION_MAJOR__LT__4 || DB_VERSION_MINOR__LT__7);artifact;166;166
test/micro/source/b_util.c;1;!DB_VERSION_MAJOR__LT__4 && (!DB_VERSION_MAJOR__EQ__4 || !DB_VERSION_MINOR__LT__7);!DB_VERSION_MAJOR__LT__4 && (!DB_VERSION_MAJOR__EQ__4 || !DB_VERSION_MINOR__LT__7) && 1;else;167;167
test/micro/source/b_util.c;1;!DB_VERSION_MAJOR__LT__4 && (!DB_VERSION_MAJOR__EQ__4 || !DB_VERSION_MINOR__LT__7);!DB_VERSION_MAJOR__LT__4 && (!DB_VERSION_MAJOR__EQ__4 || !DB_VERSION_MINOR__LT__7) && 1;artifact;168;168
test/micro/source/b_util.c;1;!DB_VERSION_MAJOR__LT__4 && (!DB_VERSION_MAJOR__EQ__4 || !DB_VERSION_MINOR__LT__7);!DB_VERSION_MAJOR__LT__4 && (!DB_VERSION_MAJOR__EQ__4 || !DB_VERSION_MINOR__LT__7) && 1;endif;169;169
test/micro/source/b_util.c;1;1;1;artifact;170;171
test/micro/source/b_workload.c;1;1;1;ROOT;1;633
test/micro/source/b_workload.c;1;1;1;artifact;1;162
test/micro/source/b_workload.c;1;DB_VERSION_MAJOR__EQ__3 && DB_VERSION_MINOR__LT__1;1 && DB_VERSION_MAJOR__EQ__3 && DB_VERSION_MINOR__LT__1;if;163;163
test/micro/source/b_workload.c;1;DB_VERSION_MAJOR__EQ__3 && DB_VERSION_MINOR__LT__1;1 && DB_VERSION_MAJOR__EQ__3 && DB_VERSION_MINOR__LT__1;artifact;164;165
test/micro/source/b_workload.c;1;!DB_VERSION_MAJOR__EQ__3 || !DB_VERSION_MINOR__LT__1;(!DB_VERSION_MAJOR__EQ__3 || !DB_VERSION_MINOR__LT__1) && 1;else;166;166
test/micro/source/b_workload.c;1;!DB_VERSION_MAJOR__EQ__3 || !DB_VERSION_MINOR__LT__1;(!DB_VERSION_MAJOR__EQ__3 || !DB_VERSION_MINOR__LT__1) && 1;artifact;167;168
test/micro/source/b_workload.c;1;!DB_VERSION_MAJOR__EQ__3 || !DB_VERSION_MINOR__LT__1;(!DB_VERSION_MAJOR__EQ__3 || !DB_VERSION_MINOR__LT__1) && 1;endif;169;169
test/micro/source/b_workload.c;1;1;1;artifact;170;185
test/micro/source/b_workload.c;1;(DB_VERSION_MAJOR__GT__4 || DB_VERSION_MAJOR__EQ__4) && (DB_VERSION_MAJOR__GT__4 || DB_VERSION_MINOR__GEQ__1);1 && (DB_VERSION_MAJOR__GT__4 || DB_VERSION_MAJOR__EQ__4) && (DB_VERSION_MAJOR__GT__4 || DB_VERSION_MINOR__GEQ__1);if;186;186
test/micro/source/b_workload.c;1;(DB_VERSION_MAJOR__GT__4 || DB_VERSION_MAJOR__EQ__4) && (DB_VERSION_MAJOR__GT__4 || DB_VERSION_MINOR__GEQ__1);1 && (DB_VERSION_MAJOR__GT__4 || DB_VERSION_MAJOR__EQ__4) && (DB_VERSION_MAJOR__GT__4 || DB_VERSION_MINOR__GEQ__1);artifact;187;188
test/micro/source/b_workload.c;1;!DB_VERSION_MAJOR__GT__4 && (!DB_VERSION_MAJOR__EQ__4 || !DB_VERSION_MINOR__GEQ__1);!DB_VERSION_MAJOR__GT__4 && (!DB_VERSION_MAJOR__EQ__4 || !DB_VERSION_MINOR__GEQ__1) && 1;else;189;189
test/micro/source/b_workload.c;1;!DB_VERSION_MAJOR__GT__4 && (!DB_VERSION_MAJOR__EQ__4 || !DB_VERSION_MINOR__GEQ__1);!DB_VERSION_MAJOR__GT__4 && (!DB_VERSION_MAJOR__EQ__4 || !DB_VERSION_MINOR__GEQ__1) && 1;artifact;190;191
test/micro/source/b_workload.c;1;!DB_VERSION_MAJOR__GT__4 && (!DB_VERSION_MAJOR__EQ__4 || !DB_VERSION_MINOR__GEQ__1);!DB_VERSION_MAJOR__GT__4 && (!DB_VERSION_MAJOR__EQ__4 || !DB_VERSION_MINOR__GEQ__1) && 1;endif;192;192
test/micro/source/b_workload.c;1;1;1;artifact;193;405
test/micro/source/b_workload.c;1;DB_WIN32;1 && DB_WIN32;if;406;406
test/micro/source/b_workload.c;1;DB_WIN32;1 && DB_WIN32;artifact;407;407
test/micro/source/b_workload.c;1;!DB_WIN32;!DB_WIN32 && 1;else;408;408
test/micro/source/b_workload.c;1;!DB_WIN32;!DB_WIN32 && 1;artifact;409;409
test/micro/source/b_workload.c;1;!DB_WIN32;!DB_WIN32 && 1;endif;410;410
test/micro/source/b_workload.c;1;1;1;artifact;411;415
test/micro/source/b_workload.c;1;DB_BENCH_INCLUDE_CONFIG_SUMMARY;1 && DB_BENCH_INCLUDE_CONFIG_SUMMARY;if;416;416
test/micro/source/b_workload.c;1;DB_BENCH_INCLUDE_CONFIG_SUMMARY;1 && DB_BENCH_INCLUDE_CONFIG_SUMMARY;artifact;417;443
test/micro/source/b_workload.c;1;DB_BENCH_INCLUDE_CONFIG_SUMMARY;1 && DB_BENCH_INCLUDE_CONFIG_SUMMARY;endif;444;444
test/micro/source/b_workload.c;1;1;1;artifact;445;466
test/micro/source/b_workload.c;1;DB_WIN32;1 && DB_WIN32;if;467;467
test/micro/source/b_workload.c;1;DB_WIN32;1 && DB_WIN32;artifact;468;468
test/micro/source/b_workload.c;1;!DB_WIN32;!DB_WIN32 && 1;else;469;469
test/micro/source/b_workload.c;1;!DB_WIN32;!DB_WIN32 && 1;artifact;470;470
test/micro/source/b_workload.c;1;!DB_WIN32;!DB_WIN32 && 1;endif;471;471
test/micro/source/b_workload.c;1;1;1;artifact;472;477
test/micro/source/b_workload.c;1;(DB_VERSION_MAJOR__LT__3 || DB_VERSION_MAJOR__EQ__3) && (DB_VERSION_MAJOR__LT__3 || DB_VERSION_MINOR__LEQ__2);1 && (DB_VERSION_MAJOR__LT__3 || DB_VERSION_MAJOR__EQ__3) && (DB_VERSION_MAJOR__LT__3 || DB_VERSION_MINOR__LEQ__2);if;478;478
test/micro/source/b_workload.c;1;(DB_VERSION_MAJOR__LT__3 || DB_VERSION_MAJOR__EQ__3) && (DB_VERSION_MAJOR__LT__3 || DB_VERSION_MINOR__LEQ__2);1 && (DB_VERSION_MAJOR__LT__3 || DB_VERSION_MAJOR__EQ__3) && (DB_VERSION_MAJOR__LT__3 || DB_VERSION_MINOR__LEQ__2);artifact;479;479
test/micro/source/b_workload.c;1;(DB_VERSION_MAJOR__LT__4 || DB_VERSION_MAJOR__EQ__4) && (DB_VERSION_MAJOR__LT__4 || DB_VERSION_MINOR__LEQ__2) && !DB_VERSION_MAJOR__LT__3 && (!DB_VERSION_MAJOR__EQ__3 || !DB_VERSION_MINOR__LEQ__2);(DB_VERSION_MAJOR__LT__4 || DB_VERSION_MAJOR__EQ__4) && (DB_VERSION_MAJOR__LT__4 || DB_VERSION_MINOR__LEQ__2) && !DB_VERSION_MAJOR__LT__3 && (!DB_VERSION_MAJOR__EQ__3 || !DB_VERSION_MINOR__LEQ__2) && 1;elif;480;480
test/micro/source/b_workload.c;1;(DB_VERSION_MAJOR__LT__4 || DB_VERSION_MAJOR__EQ__4) && (DB_VERSION_MAJOR__LT__4 || DB_VERSION_MINOR__LEQ__2) && !DB_VERSION_MAJOR__LT__3 && (!DB_VERSION_MAJOR__EQ__3 || !DB_VERSION_MINOR__LEQ__2);(DB_VERSION_MAJOR__LT__4 || DB_VERSION_MAJOR__EQ__4) && (DB_VERSION_MAJOR__LT__4 || DB_VERSION_MINOR__LEQ__2) && !DB_VERSION_MAJOR__LT__3 && (!DB_VERSION_MAJOR__EQ__3 || !DB_VERSION_MINOR__LEQ__2) && 1;artifact;481;481
test/micro/source/b_workload.c;1;!DB_VERSION_MAJOR__LT__4 && (!DB_VERSION_MAJOR__EQ__4 || !DB_VERSION_MINOR__LEQ__2) && !DB_VERSION_MAJOR__LT__3 && (!DB_VERSION_MAJOR__EQ__3 || !DB_VERSION_MINOR__LEQ__2);!DB_VERSION_MAJOR__LT__4 && (!DB_VERSION_MAJOR__EQ__4 || !DB_VERSION_MINOR__LEQ__2) && !DB_VERSION_MAJOR__LT__3 && (!DB_VERSION_MAJOR__EQ__3 || !DB_VERSION_MINOR__LEQ__2) && 1;else;482;482
test/micro/source/b_workload.c;1;!DB_VERSION_MAJOR__LT__4 && (!DB_VERSION_MAJOR__EQ__4 || !DB_VERSION_MINOR__LEQ__2) && !DB_VERSION_MAJOR__LT__3 && (!DB_VERSION_MAJOR__EQ__3 || !DB_VERSION_MINOR__LEQ__2);!DB_VERSION_MAJOR__LT__4 && (!DB_VERSION_MAJOR__EQ__4 || !DB_VERSION_MINOR__LEQ__2) && !DB_VERSION_MAJOR__LT__3 && (!DB_VERSION_MAJOR__EQ__3 || !DB_VERSION_MINOR__LEQ__2) && 1;artifact;483;483
test/micro/source/b_workload.c;1;!DB_VERSION_MAJOR__LT__4 && (!DB_VERSION_MAJOR__EQ__4 || !DB_VERSION_MINOR__LEQ__2) && !DB_VERSION_MAJOR__LT__3 && (!DB_VERSION_MAJOR__EQ__3 || !DB_VERSION_MINOR__LEQ__2);!DB_VERSION_MAJOR__LT__4 && (!DB_VERSION_MAJOR__EQ__4 || !DB_VERSION_MINOR__LEQ__2) && !DB_VERSION_MAJOR__LT__3 && (!DB_VERSION_MAJOR__EQ__3 || !DB_VERSION_MINOR__LEQ__2) && 1;endif;484;484
test/micro/source/b_workload.c;1;1;1;artifact;485;498
test/micro/source/b_workload.c;1;(DB_VERSION_MAJOR__LT__3 || DB_VERSION_MAJOR__EQ__3) && (DB_VERSION_MAJOR__LT__3 || DB_VERSION_MINOR__LEQ__2);1 && (DB_VERSION_MAJOR__LT__3 || DB_VERSION_MAJOR__EQ__3) && (DB_VERSION_MAJOR__LT__3 || DB_VERSION_MINOR__LEQ__2);if;499;499
test/micro/source/b_workload.c;1;(DB_VERSION_MAJOR__LT__3 || DB_VERSION_MAJOR__EQ__3) && (DB_VERSION_MAJOR__LT__3 || DB_VERSION_MINOR__LEQ__2);1 && (DB_VERSION_MAJOR__LT__3 || DB_VERSION_MAJOR__EQ__3) && (DB_VERSION_MAJOR__LT__3 || DB_VERSION_MINOR__LEQ__2);artifact;500;500
test/micro/source/b_workload.c;1;(DB_VERSION_MAJOR__LT__4 || DB_VERSION_MAJOR__EQ__4) && (DB_VERSION_MAJOR__LT__4 || DB_VERSION_MINOR__LEQ__2) && !DB_VERSION_MAJOR__LT__3 && (!DB_VERSION_MAJOR__EQ__3 || !DB_VERSION_MINOR__LEQ__2);(DB_VERSION_MAJOR__LT__4 || DB_VERSION_MAJOR__EQ__4) && (DB_VERSION_MAJOR__LT__4 || DB_VERSION_MINOR__LEQ__2) && !DB_VERSION_MAJOR__LT__3 && (!DB_VERSION_MAJOR__EQ__3 || !DB_VERSION_MINOR__LEQ__2) && 1;elif;501;501
test/micro/source/b_workload.c;1;(DB_VERSION_MAJOR__LT__4 || DB_VERSION_MAJOR__EQ__4) && (DB_VERSION_MAJOR__LT__4 || DB_VERSION_MINOR__LEQ__2) && !DB_VERSION_MAJOR__LT__3 && (!DB_VERSION_MAJOR__EQ__3 || !DB_VERSION_MINOR__LEQ__2);(DB_VERSION_MAJOR__LT__4 || DB_VERSION_MAJOR__EQ__4) && (DB_VERSION_MAJOR__LT__4 || DB_VERSION_MINOR__LEQ__2) && !DB_VERSION_MAJOR__LT__3 && (!DB_VERSION_MAJOR__EQ__3 || !DB_VERSION_MINOR__LEQ__2) && 1;artifact;502;502
test/micro/source/b_workload.c;1;!DB_VERSION_MAJOR__LT__4 && (!DB_VERSION_MAJOR__EQ__4 || !DB_VERSION_MINOR__LEQ__2) && !DB_VERSION_MAJOR__LT__3 && (!DB_VERSION_MAJOR__EQ__3 || !DB_VERSION_MINOR__LEQ__2);!DB_VERSION_MAJOR__LT__4 && (!DB_VERSION_MAJOR__EQ__4 || !DB_VERSION_MINOR__LEQ__2) && !DB_VERSION_MAJOR__LT__3 && (!DB_VERSION_MAJOR__EQ__3 || !DB_VERSION_MINOR__LEQ__2) && 1;else;503;503
test/micro/source/b_workload.c;1;!DB_VERSION_MAJOR__LT__4 && (!DB_VERSION_MAJOR__EQ__4 || !DB_VERSION_MINOR__LEQ__2) && !DB_VERSION_MAJOR__LT__3 && (!DB_VERSION_MAJOR__EQ__3 || !DB_VERSION_MINOR__LEQ__2);!DB_VERSION_MAJOR__LT__4 && (!DB_VERSION_MAJOR__EQ__4 || !DB_VERSION_MINOR__LEQ__2) && !DB_VERSION_MAJOR__LT__3 && (!DB_VERSION_MAJOR__EQ__3 || !DB_VERSION_MINOR__LEQ__2) && 1;artifact;504;504
test/micro/source/b_workload.c;1;!DB_VERSION_MAJOR__LT__4 && (!DB_VERSION_MAJOR__EQ__4 || !DB_VERSION_MINOR__LEQ__2) && !DB_VERSION_MAJOR__LT__3 && (!DB_VERSION_MAJOR__EQ__3 || !DB_VERSION_MINOR__LEQ__2);!DB_VERSION_MAJOR__LT__4 && (!DB_VERSION_MAJOR__EQ__4 || !DB_VERSION_MINOR__LEQ__2) && !DB_VERSION_MAJOR__LT__3 && (!DB_VERSION_MAJOR__EQ__3 || !DB_VERSION_MINOR__LEQ__2) && 1;endif;505;505
test/micro/source/b_workload.c;1;1;1;artifact;506;632
test/micro/source/b_workload.h;1;1;1;ROOT;1;155
test/micro/source/b_workload.h;1;1;1;artifact;1;154
test/micro/source/bench.h;1;1;1;ROOT;1;220
test/micro/source/bench.h;1;1;1;artifact;1;7
test/micro/source/bench.h;1;!_BENCH_H_;1 && !_BENCH_H_;if;8;8
test/micro/source/bench.h;1;!_BENCH_H_;1 && !_BENCH_H_;artifact;9;13
test/micro/source/bench.h;1;(DB_VERSION_MAJOR__LT__4 || DB_VERSION_MAJOR__EQ__4) && (DB_VERSION_MAJOR__LT__4 || DB_VERSION_MINOR__LT__5);1 && !_BENCH_H_ && (DB_VERSION_MAJOR__LT__4 || DB_VERSION_MAJOR__EQ__4) && (DB_VERSION_MAJOR__LT__4 || DB_VERSION_MINOR__LT__5);if;14;14
test/micro/source/bench.h;1;(DB_VERSION_MAJOR__LT__4 || DB_VERSION_MAJOR__EQ__4) && (DB_VERSION_MAJOR__LT__4 || DB_VERSION_MINOR__LT__5);1 && !_BENCH_H_ && (DB_VERSION_MAJOR__LT__4 || DB_VERSION_MAJOR__EQ__4) && (DB_VERSION_MAJOR__LT__4 || DB_VERSION_MINOR__LT__5);artifact;15;18
test/micro/source/bench.h;1;DB_WIN32;1 && !_BENCH_H_ && (DB_VERSION_MAJOR__LT__4 || DB_VERSION_MAJOR__EQ__4) && (DB_VERSION_MAJOR__LT__4 || DB_VERSION_MINOR__LT__5) && DB_WIN32;if;19;19
test/micro/source/bench.h;1;DB_WIN32;1 && !_BENCH_H_ && (DB_VERSION_MAJOR__LT__4 || DB_VERSION_MAJOR__EQ__4) && (DB_VERSION_MAJOR__LT__4 || DB_VERSION_MINOR__LT__5) && DB_WIN32;artifact;20;23
test/micro/source/bench.h;1;!DB_WIN32;!DB_WIN32 && 1 && !_BENCH_H_ && (DB_VERSION_MAJOR__LT__4 || DB_VERSION_MAJOR__EQ__4) && (DB_VERSION_MAJOR__LT__4 || DB_VERSION_MINOR__LT__5);else;24;24
test/micro/source/bench.h;1;!DB_WIN32;!DB_WIN32 && 1 && !_BENCH_H_ && (DB_VERSION_MAJOR__LT__4 || DB_VERSION_MAJOR__EQ__4) && (DB_VERSION_MAJOR__LT__4 || DB_VERSION_MINOR__LT__5);artifact;25;31
test/micro/source/bench.h;1;!DB_WIN32;!DB_WIN32 && 1 && !_BENCH_H_ && (DB_VERSION_MAJOR__LT__4 || DB_VERSION_MAJOR__EQ__4) && (DB_VERSION_MAJOR__LT__4 || DB_VERSION_MINOR__LT__5);endif;32;32
test/micro/source/bench.h;1;(DB_VERSION_MAJOR__LT__4 || DB_VERSION_MAJOR__EQ__4) && (DB_VERSION_MAJOR__LT__4 || DB_VERSION_MINOR__LT__5);1 && !_BENCH_H_ && (DB_VERSION_MAJOR__LT__4 || DB_VERSION_MAJOR__EQ__4) && (DB_VERSION_MAJOR__LT__4 || DB_VERSION_MINOR__LT__5);endif;33;33
test/micro/source/bench.h;1;!_BENCH_H_;1 && !_BENCH_H_;artifact;34;51
test/micro/source/bench.h;1;!NS_PER_SEC;1 && !_BENCH_H_ && !NS_PER_SEC;if;52;52
test/micro/source/bench.h;1;!NS_PER_SEC;1 && !_BENCH_H_ && !NS_PER_SEC;artifact;53;53
test/micro/source/bench.h;1;!NS_PER_SEC;1 && !_BENCH_H_ && !NS_PER_SEC;endif;54;54
test/micro/source/bench.h;1;!NS_PER_US;1 && !_BENCH_H_ && !NS_PER_US;if;55;55
test/micro/source/bench.h;1;!NS_PER_US;1 && !_BENCH_H_ && !NS_PER_US;artifact;56;56
test/micro/source/bench.h;1;!NS_PER_US;1 && !_BENCH_H_ && !NS_PER_US;endif;57;57
test/micro/source/bench.h;1;!MS_PER_NS;1 && !_BENCH_H_ && !MS_PER_NS;if;58;58
test/micro/source/bench.h;1;!MS_PER_NS;1 && !_BENCH_H_ && !MS_PER_NS;artifact;59;59
test/micro/source/bench.h;1;!MS_PER_NS;1 && !_BENCH_H_ && !MS_PER_NS;endif;60;60
test/micro/source/bench.h;1;!_BENCH_H_;1 && !_BENCH_H_;artifact;61;61
test/micro/source/bench.h;1;DB_TIMEOUT_TO_TIMESPEC;1 && !_BENCH_H_ && DB_TIMEOUT_TO_TIMESPEC;if;62;62
test/micro/source/bench.h;1;DB_TIMEOUT_TO_TIMESPEC;1 && !_BENCH_H_ && DB_TIMEOUT_TO_TIMESPEC;artifact;63;68
test/micro/source/bench.h;1;HAVE_GETRUSAGE;1 && !_BENCH_H_ && DB_TIMEOUT_TO_TIMESPEC && HAVE_GETRUSAGE;if;69;69
test/micro/source/bench.h;1;HAVE_GETRUSAGE;1 && !_BENCH_H_ && DB_TIMEOUT_TO_TIMESPEC && HAVE_GETRUSAGE;artifact;70;83
test/micro/source/bench.h;1;DEFINED___LB__DB_WIN32__RB__ && !DEFINED___LB__DB_WINCE__RB__ && !HAVE_GETRUSAGE;DEFINED___LB__DB_WIN32__RB__ && !DEFINED___LB__DB_WINCE__RB__ && !HAVE_GETRUSAGE && 1 && !_BENCH_H_ && DB_TIMEOUT_TO_TIMESPEC;elif;84;84
test/micro/source/bench.h;1;DEFINED___LB__DB_WIN32__RB__ && !DEFINED___LB__DB_WINCE__RB__ && !HAVE_GETRUSAGE;DEFINED___LB__DB_WIN32__RB__ && !DEFINED___LB__DB_WINCE__RB__ && !HAVE_GETRUSAGE && 1 && !_BENCH_H_ && DB_TIMEOUT_TO_TIMESPEC;artifact;85;105
test/micro/source/bench.h;1;(!DEFINED___LB__DB_WIN32__RB__ || DEFINED___LB__DB_WINCE__RB__) && !HAVE_GETRUSAGE;(!DEFINED___LB__DB_WIN32__RB__ || DEFINED___LB__DB_WINCE__RB__) && !HAVE_GETRUSAGE && 1 && !_BENCH_H_ && DB_TIMEOUT_TO_TIMESPEC;else;106;106
test/micro/source/bench.h;1;(!DEFINED___LB__DB_WIN32__RB__ || DEFINED___LB__DB_WINCE__RB__) && !HAVE_GETRUSAGE;(!DEFINED___LB__DB_WIN32__RB__ || DEFINED___LB__DB_WINCE__RB__) && !HAVE_GETRUSAGE && 1 && !_BENCH_H_ && DB_TIMEOUT_TO_TIMESPEC;artifact;107;107
test/micro/source/bench.h;1;(DB_VERSION_MAJOR__GT__4 || DB_VERSION_MAJOR__EQ__4) && (DB_VERSION_MAJOR__GT__4 || DB_VERSION_MINOR__GT__6);(!DEFINED___LB__DB_WIN32__RB__ || DEFINED___LB__DB_WINCE__RB__) && !HAVE_GETRUSAGE && 1 && !_BENCH_H_ && DB_TIMEOUT_TO_TIMESPEC && (DB_VERSION_MAJOR__GT__4 || DB_VERSION_MAJOR__EQ__4) && (DB_VERSION_MAJOR__GT__4 || DB_VERSION_MINOR__GT__6);if;108;108
test/micro/source/bench.h;1;(DB_VERSION_MAJOR__GT__4 || DB_VERSION_MAJOR__EQ__4) && (DB_VERSION_MAJOR__GT__4 || DB_VERSION_MINOR__GT__6);(!DEFINED___LB__DB_WIN32__RB__ || DEFINED___LB__DB_WINCE__RB__) && !HAVE_GETRUSAGE && 1 && !_BENCH_H_ && DB_TIMEOUT_TO_TIMESPEC && (DB_VERSION_MAJOR__GT__4 || DB_VERSION_MAJOR__EQ__4) && (DB_VERSION_MAJOR__GT__4 || DB_VERSION_MINOR__GT__6);artifact;109;110
test/micro/source/bench.h;1;!DB_VERSION_MAJOR__GT__4 && (!DB_VERSION_MAJOR__EQ__4 || !DB_VERSION_MINOR__GT__6);!DB_VERSION_MAJOR__GT__4 && (!DB_VERSION_MAJOR__EQ__4 || !DB_VERSION_MINOR__GT__6) && (!DEFINED___LB__DB_WIN32__RB__ || DEFINED___LB__DB_WINCE__RB__) && !HAVE_GETRUSAGE && 1 && !_BENCH_H_ && DB_TIMEOUT_TO_TIMESPEC;else;111;111
test/micro/source/bench.h;1;!DB_VERSION_MAJOR__GT__4 && (!DB_VERSION_MAJOR__EQ__4 || !DB_VERSION_MINOR__GT__6);!DB_VERSION_MAJOR__GT__4 && (!DB_VERSION_MAJOR__EQ__4 || !DB_VERSION_MINOR__GT__6) && (!DEFINED___LB__DB_WIN32__RB__ || DEFINED___LB__DB_WINCE__RB__) && !HAVE_GETRUSAGE && 1 && !_BENCH_H_ && DB_TIMEOUT_TO_TIMESPEC;artifact;112;113
test/micro/source/bench.h;1;!DB_VERSION_MAJOR__GT__4 && (!DB_VERSION_MAJOR__EQ__4 || !DB_VERSION_MINOR__GT__6);!DB_VERSION_MAJOR__GT__4 && (!DB_VERSION_MAJOR__EQ__4 || !DB_VERSION_MINOR__GT__6) && (!DEFINED___LB__DB_WIN32__RB__ || DEFINED___LB__DB_WINCE__RB__) && !HAVE_GETRUSAGE && 1 && !_BENCH_H_ && DB_TIMEOUT_TO_TIMESPEC;endif;114;114
test/micro/source/bench.h;1;(!DEFINED___LB__DB_WIN32__RB__ || DEFINED___LB__DB_WINCE__RB__) && !HAVE_GETRUSAGE;(!DEFINED___LB__DB_WIN32__RB__ || DEFINED___LB__DB_WINCE__RB__) && !HAVE_GETRUSAGE && 1 && !_BENCH_H_ && DB_TIMEOUT_TO_TIMESPEC;endif;115;115
test/micro/source/bench.h;1;DB_TIMEOUT_TO_TIMESPEC;1 && !_BENCH_H_ && DB_TIMEOUT_TO_TIMESPEC;artifact;116;116
test/micro/source/bench.h;1;!DB_TIMEOUT_TO_TIMESPEC;!DB_TIMEOUT_TO_TIMESPEC && 1 && !_BENCH_H_;else;117;117
test/micro/source/bench.h;1;!DB_TIMEOUT_TO_TIMESPEC;!DB_TIMEOUT_TO_TIMESPEC && 1 && !_BENCH_H_;artifact;118;118
test/micro/source/bench.h;1;DEFINED___LB__HAVE_CLOCK_GETTIME__RB__;!DB_TIMEOUT_TO_TIMESPEC && 1 && !_BENCH_H_ && DEFINED___LB__HAVE_CLOCK_GETTIME__RB__;if;119;119
test/micro/source/bench.h;1;DEFINED___LB__HAVE_CLOCK_GETTIME__RB__;!DB_TIMEOUT_TO_TIMESPEC && 1 && !_BENCH_H_ && DEFINED___LB__HAVE_CLOCK_GETTIME__RB__;artifact;120;120
test/micro/source/bench.h;1;!DEFINED___LB__HAVE_CLOCK_GETTIME__RB__;!DEFINED___LB__HAVE_CLOCK_GETTIME__RB__ && !DB_TIMEOUT_TO_TIMESPEC && 1 && !_BENCH_H_;else;121;121
test/micro/source/bench.h;1;!DEFINED___LB__HAVE_CLOCK_GETTIME__RB__;!DEFINED___LB__HAVE_CLOCK_GETTIME__RB__ && !DB_TIMEOUT_TO_TIMESPEC && 1 && !_BENCH_H_;artifact;122;125
test/micro/source/bench.h;1;!DEFINED___LB__HAVE_CLOCK_GETTIME__RB__;!DEFINED___LB__HAVE_CLOCK_GETTIME__RB__ && !DB_TIMEOUT_TO_TIMESPEC && 1 && !_BENCH_H_;endif;126;126
test/micro/source/bench.h;1;!DB_TIMEOUT_TO_TIMESPEC;!DB_TIMEOUT_TO_TIMESPEC && 1 && !_BENCH_H_;artifact;127;149
test/micro/source/bench.h;1;DEFINED___LB__HAVE_CLOCK_GETTIME__RB__;!DB_TIMEOUT_TO_TIMESPEC && 1 && !_BENCH_H_ && DEFINED___LB__HAVE_CLOCK_GETTIME__RB__;if;150;150
test/micro/source/bench.h;1;DEFINED___LB__HAVE_CLOCK_GETTIME__RB__;!DB_TIMEOUT_TO_TIMESPEC && 1 && !_BENCH_H_ && DEFINED___LB__HAVE_CLOCK_GETTIME__RB__;artifact;151;154
test/micro/source/bench.h;1;DEFINED___LB__DB_WIN32__RB__ && !DEFINED___LB__HAVE_CLOCK_GETTIME__RB__;DEFINED___LB__DB_WIN32__RB__ && !DEFINED___LB__HAVE_CLOCK_GETTIME__RB__ && !DB_TIMEOUT_TO_TIMESPEC && 1 && !_BENCH_H_;elif;155;155
test/micro/source/bench.h;1;DEFINED___LB__DB_WIN32__RB__ && !DEFINED___LB__HAVE_CLOCK_GETTIME__RB__;DEFINED___LB__DB_WIN32__RB__ && !DEFINED___LB__HAVE_CLOCK_GETTIME__RB__ && !DB_TIMEOUT_TO_TIMESPEC && 1 && !_BENCH_H_;artifact;156;161
test/micro/source/bench.h;1;!DEFINED___LB__DB_WIN32__RB__ && !DEFINED___LB__HAVE_CLOCK_GETTIME__RB__;!DEFINED___LB__DB_WIN32__RB__ && !DEFINED___LB__HAVE_CLOCK_GETTIME__RB__ && !DB_TIMEOUT_TO_TIMESPEC && 1 && !_BENCH_H_;else;162;162
test/micro/source/bench.h;1;!DEFINED___LB__DB_WIN32__RB__ && !DEFINED___LB__HAVE_CLOCK_GETTIME__RB__;!DEFINED___LB__DB_WIN32__RB__ && !DEFINED___LB__HAVE_CLOCK_GETTIME__RB__ && !DB_TIMEOUT_TO_TIMESPEC && 1 && !_BENCH_H_;artifact;163;168
test/micro/source/bench.h;1;!DEFINED___LB__DB_WIN32__RB__ && !DEFINED___LB__HAVE_CLOCK_GETTIME__RB__;!DEFINED___LB__DB_WIN32__RB__ && !DEFINED___LB__HAVE_CLOCK_GETTIME__RB__ && !DB_TIMEOUT_TO_TIMESPEC && 1 && !_BENCH_H_;endif;169;169
test/micro/source/bench.h;1;!DB_TIMEOUT_TO_TIMESPEC;!DB_TIMEOUT_TO_TIMESPEC && 1 && !_BENCH_H_;endif;170;170
test/micro/source/bench.h;1;!_BENCH_H_;1 && !_BENCH_H_;artifact;171;217
test/micro/source/bench.h;1;!_BENCH_H_;1 && !_BENCH_H_;endif;218;218
test/micro/source/bench.h;1;1;1;artifact;219;219
test/micro/source/test_micro.c;1;1;1;ROOT;1;213
test/micro/source/test_micro.c;1;1;1;artifact;1;103
test/micro/source/test_micro.c;1;HAVE_GETOPT_OPTRESET;1 && HAVE_GETOPT_OPTRESET;if;104;104
test/micro/source/test_micro.c;1;HAVE_GETOPT_OPTRESET;1 && HAVE_GETOPT_OPTRESET;artifact;105;105
test/micro/source/test_micro.c;1;HAVE_GETOPT_OPTRESET;1 && HAVE_GETOPT_OPTRESET;endif;106;106
test/micro/source/test_micro.c;1;1;1;artifact;107;174
test/micro/source/test_micro.c;1;HAVE_GETOPT_OPTRESET;1 && HAVE_GETOPT_OPTRESET;if;175;175
test/micro/source/test_micro.c;1;HAVE_GETOPT_OPTRESET;1 && HAVE_GETOPT_OPTRESET;artifact;176;176
test/micro/source/test_micro.c;1;HAVE_GETOPT_OPTRESET;1 && HAVE_GETOPT_OPTRESET;endif;177;177
test/micro/source/test_micro.c;1;1;1;artifact;178;191
test/micro/source/test_micro.c;1;(DB_VERSION_MAJOR__LT__4 || DB_VERSION_MAJOR__EQ__4) && (DB_VERSION_MAJOR__LT__4 || DB_VERSION_MINOR__LT__1);1 && (DB_VERSION_MAJOR__LT__4 || DB_VERSION_MAJOR__EQ__4) && (DB_VERSION_MAJOR__LT__4 || DB_VERSION_MINOR__LT__1);if;192;192
test/micro/source/test_micro.c;1;(DB_VERSION_MAJOR__LT__4 || DB_VERSION_MAJOR__EQ__4) && (DB_VERSION_MAJOR__LT__4 || DB_VERSION_MINOR__LT__1);1 && (DB_VERSION_MAJOR__LT__4 || DB_VERSION_MAJOR__EQ__4) && (DB_VERSION_MAJOR__LT__4 || DB_VERSION_MINOR__LT__1);artifact;193;193
test/micro/source/test_micro.c;1;!DB_VERSION_MAJOR__LT__4 && (!DB_VERSION_MAJOR__EQ__4 || !DB_VERSION_MINOR__LT__1);!DB_VERSION_MAJOR__LT__4 && (!DB_VERSION_MAJOR__EQ__4 || !DB_VERSION_MINOR__LT__1) && 1;else;194;194
test/micro/source/test_micro.c;1;!DB_VERSION_MAJOR__LT__4 && (!DB_VERSION_MAJOR__EQ__4 || !DB_VERSION_MINOR__LT__1);!DB_VERSION_MAJOR__LT__4 && (!DB_VERSION_MAJOR__EQ__4 || !DB_VERSION_MINOR__LT__1) && 1;artifact;195;195
test/micro/source/test_micro.c;1;!DB_VERSION_MAJOR__LT__4 && (!DB_VERSION_MAJOR__EQ__4 || !DB_VERSION_MINOR__LT__1);!DB_VERSION_MAJOR__LT__4 && (!DB_VERSION_MAJOR__EQ__4 || !DB_VERSION_MINOR__LT__1) && 1;endif;196;196
test/micro/source/test_micro.c;1;1;1;artifact;197;212
test/xa/src1/client.c;1;1;1;ROOT;1;264
test/xa/src1/client.c;1;1;1;artifact;1;263
test/xa/src1/datafml.h;1;1;1;ROOT;1;13
test/xa/src1/datafml.h;1;1;1;artifact;1;12
test/xa/src1/hdbrec.h;1;1;1;ROOT;1;22
test/xa/src1/hdbrec.h;1;1;1;artifact;1;6
test/xa/src1/hdbrec.h;1;!HDBREC_H;1 && !HDBREC_H;if;7;7
test/xa/src1/hdbrec.h;1;!HDBREC_H;1 && !HDBREC_H;artifact;8;19
test/xa/src1/hdbrec.h;1;!HDBREC_H;1 && !HDBREC_H;endif;20;20
test/xa/src1/hdbrec.h;1;1;1;artifact;21;21
test/xa/src1/htimestampxa.c;1;1;1;ROOT;1;22
test/xa/src1/htimestampxa.c;1;1;1;artifact;1;21
test/xa/src1/htimestampxa.h;1;1;1;ROOT;1;21
test/xa/src1/htimestampxa.h;1;1;1;artifact;1;6
test/xa/src1/htimestampxa.h;1;!HTIMESTAMPXA_H;1 && !HTIMESTAMPXA_H;if;7;7
test/xa/src1/htimestampxa.h;1;!HTIMESTAMPXA_H;1 && !HTIMESTAMPXA_H;artifact;8;18
test/xa/src1/htimestampxa.h;1;!HTIMESTAMPXA_H;1 && !HTIMESTAMPXA_H;endif;19;19
test/xa/src1/htimestampxa.h;1;1;1;artifact;20;20
test/xa/src1/server.c;1;1;1;ROOT;1;178
test/xa/src1/server.c;1;1;1;artifact;1;36
test/xa/src1/server.c;1;SERVER1;1 && SERVER1;if;37;37
test/xa/src1/server.c;1;SERVER1;1 && SERVER1;artifact;38;39
test/xa/src1/server.c;1;SERVER1;1 && SERVER1;endif;40;40
test/xa/src1/server.c;1;SERVER2;1 && SERVER2;if;41;41
test/xa/src1/server.c;1;SERVER2;1 && SERVER2;artifact;42;43
test/xa/src1/server.c;1;SERVER2;1 && SERVER2;endif;44;44
test/xa/src1/server.c;1;1;1;artifact;45;92
test/xa/src1/server.c;1;SERVER1;1 && SERVER1;if;93;93
test/xa/src1/server.c;1;SERVER1;1 && SERVER1;artifact;94;115
test/xa/src1/server.c;1;SERVER1;1 && SERVER1;endif;116;116
test/xa/src1/server.c;1;1;1;artifact;117;177
test/xa/src2/bdb1.c;1;1;1;ROOT;1;206
test/xa/src2/bdb1.c;1;1;1;artifact;1;205
test/xa/src2/bdb2.c;1;1;1;ROOT;1;114
test/xa/src2/bdb2.c;1;1;1;artifact;1;113
test/xa/src2/client.c;1;1;1;ROOT;1;144
test/xa/src2/client.c;1;1;1;artifact;1;143
test/xa/src3/client.c;1;1;1;ROOT;1;288
test/xa/src3/client.c;1;1;1;artifact;1;287
test/xa/src3/server.c;1;1;1;ROOT;1;121
test/xa/src3/server.c;1;1;1;artifact;1;26
test/xa/src3/server.c;1;SERVER1;1 && SERVER1;if;27;27
test/xa/src3/server.c;1;SERVER1;1 && SERVER1;artifact;28;29
test/xa/src3/server.c;1;SERVER1;1 && SERVER1;endif;30;30
test/xa/src3/server.c;1;SERVER2;1 && SERVER2;if;31;31
test/xa/src3/server.c;1;SERVER2;1 && SERVER2;artifact;32;33
test/xa/src3/server.c;1;SERVER2;1 && SERVER2;endif;34;34
test/xa/src3/server.c;1;1;1;artifact;35;72
test/xa/src3/server.c;1;SERVER1;1 && SERVER1;if;73;73
test/xa/src3/server.c;1;SERVER1;1 && SERVER1;artifact;74;74
test/xa/src3/server.c;1;!SERVER1;!SERVER1 && 1;else;75;75
test/xa/src3/server.c;1;!SERVER1;!SERVER1 && 1;artifact;76;76
test/xa/src3/server.c;1;!SERVER1;!SERVER1 && 1;endif;77;77
test/xa/src3/server.c;1;1;1;artifact;78;120
test/xa/src4/client.c;1;1;1;ROOT;1;167
test/xa/src4/client.c;1;1;1;artifact;1;166
test/xa/src4/server.c;1;1;1;ROOT;1;129
test/xa/src4/server.c;1;1;1;artifact;1;33
test/xa/src4/server.c;1;SERVER1;1 && SERVER1;if;34;34
test/xa/src4/server.c;1;SERVER1;1 && SERVER1;artifact;35;36
test/xa/src4/server.c;1;SERVER1;1 && SERVER1;endif;37;37
test/xa/src4/server.c;1;SERVER2;1 && SERVER2;if;38;38
test/xa/src4/server.c;1;SERVER2;1 && SERVER2;artifact;39;40
test/xa/src4/server.c;1;SERVER2;1 && SERVER2;endif;41;41
test/xa/src4/server.c;1;1;1;artifact;42;80
test/xa/src4/server.c;1;SERVER1;1 && SERVER1;if;81;81
test/xa/src4/server.c;1;SERVER1;1 && SERVER1;artifact;82;82
test/xa/src4/server.c;1;!SERVER1;!SERVER1 && 1;else;83;83
test/xa/src4/server.c;1;!SERVER1;!SERVER1 && 1;artifact;84;84
test/xa/src4/server.c;1;!SERVER1;!SERVER1 && 1;endif;85;85
test/xa/src4/server.c;1;1;1;artifact;86;112
test/xa/src4/server.c;1;SERVER2;1 && SERVER2;if;113;113
test/xa/src4/server.c;1;SERVER2;1 && SERVER2;artifact;114;114
test/xa/src4/server.c;1;SERVER2;1 && SERVER2;endif;115;115
test/xa/src4/server.c;1;1;1;artifact;116;128
test/xa/src5/client.c;1;1;1;ROOT;1;344
test/xa/src5/client.c;1;1;1;artifact;1;343
test/xa/src5/server.c;1;1;1;ROOT;1;152
test/xa/src5/server.c;1;1;1;artifact;1;37
test/xa/src5/server.c;1;MVCC_FLAG;1 && MVCC_FLAG;if;38;38
test/xa/src5/server.c;1;MVCC_FLAG;1 && MVCC_FLAG;artifact;39;39
test/xa/src5/server.c;1;MVCC_FLAG;1 && MVCC_FLAG;endif;40;40
test/xa/src5/server.c;1;1;1;artifact;41;151
test/xa/utilities/bdb_xa_util.c;1;1;1;ROOT;1;261
test/xa/utilities/bdb_xa_util.c;1;1;1;artifact;1;260
test/xa/utilities/bdb_xa_util.h;1;1;1;ROOT;1;59
test/xa/utilities/bdb_xa_util.h;1;1;1;artifact;1;16
test/xa/utilities/bdb_xa_util.h;1;VERBOSE;1 && VERBOSE;if;17;17
test/xa/utilities/bdb_xa_util.h;1;VERBOSE;1 && VERBOSE;artifact;18;18
test/xa/utilities/bdb_xa_util.h;1;!VERBOSE;!VERBOSE && 1;else;19;19
test/xa/utilities/bdb_xa_util.h;1;!VERBOSE;!VERBOSE && 1;artifact;20;20
test/xa/utilities/bdb_xa_util.h;1;!VERBOSE;!VERBOSE && 1;endif;21;21
test/xa/utilities/bdb_xa_util.h;1;1;1;artifact;22;58
util/db_archive.c;1;1;1;ROOT;1;193
util/db_archive.c;1;1;1;artifact;1;12
util/db_archive.c;1;!lint;1 && !lint;if;13;13
util/db_archive.c;1;!lint;1 && !lint;artifact;14;15
util/db_archive.c;1;!lint;1 && !lint;endif;16;16
util/db_archive.c;1;1;1;artifact;17;192
util/db_checkpoint.c;1;1;1;ROOT;1;248
util/db_checkpoint.c;1;1;1;artifact;1;12
util/db_checkpoint.c;1;!lint;1 && !lint;if;13;13
util/db_checkpoint.c;1;!lint;1 && !lint;artifact;14;15
util/db_checkpoint.c;1;!lint;1 && !lint;endif;16;16
util/db_checkpoint.c;1;1;1;artifact;17;152
util/db_checkpoint.c;1;HAVE_REPLICATION_THREADS;1 && HAVE_REPLICATION_THREADS;if;153;153
util/db_checkpoint.c;1;HAVE_REPLICATION_THREADS;1 && HAVE_REPLICATION_THREADS;artifact;154;154
util/db_checkpoint.c;1;!HAVE_REPLICATION_THREADS;!HAVE_REPLICATION_THREADS && 1;else;155;155
util/db_checkpoint.c;1;!HAVE_REPLICATION_THREADS;!HAVE_REPLICATION_THREADS && 1;artifact;156;156
util/db_checkpoint.c;1;!HAVE_REPLICATION_THREADS;!HAVE_REPLICATION_THREADS && 1;endif;157;157
util/db_checkpoint.c;1;1;1;artifact;158;247
util/db_deadlock.c;1;1;1;ROOT;1;245
util/db_deadlock.c;1;1;1;artifact;1;12
util/db_deadlock.c;1;!lint;1 && !lint;if;13;13
util/db_deadlock.c;1;!lint;1 && !lint;artifact;14;15
util/db_deadlock.c;1;!lint;1 && !lint;endif;16;16
util/db_deadlock.c;1;1;1;artifact;17;244
util/db_dump.c;1;1;1;ROOT;1;536
util/db_dump.c;1;1;1;artifact;1;14
util/db_dump.c;1;!lint;1 && !lint;if;15;15
util/db_dump.c;1;!lint;1 && !lint;artifact;16;17
util/db_dump.c;1;!lint;1 && !lint;endif;18;18
util/db_dump.c;1;1;1;artifact;19;226
util/db_dump.c;1;0;1 && 0;if;227;227
util/db_dump.c;1;0;1 && 0;artifact;228;233
util/db_dump.c;1;0;1 && 0;endif;234;234
util/db_dump.c;1;1;1;artifact;235;423
util/db_dump.c;1;0;1 && 0;if;424;424
util/db_dump.c;1;0;1 && 0;artifact;425;432
util/db_dump.c;1;0;1 && 0;endif;433;433
util/db_dump.c;1;1;1;artifact;434;535
util/db_dump185.c;1;1;1;ROOT;1;360
util/db_dump185.c;1;1;1;artifact;1;8
util/db_dump185.c;1;!lint;1 && !lint;if;9;9
util/db_dump185.c;1;!lint;1 && !lint;artifact;10;11
util/db_dump185.c;1;!lint;1 && !lint;endif;12;12
util/db_dump185.c;1;1;1;artifact;13;22
util/db_dump185.c;1;HAVE_DB_185_H;1 && HAVE_DB_185_H;if;23;23
util/db_dump185.c;1;HAVE_DB_185_H;1 && HAVE_DB_185_H;artifact;24;24
util/db_dump185.c;1;!HAVE_DB_185_H;!HAVE_DB_185_H && 1;else;25;25
util/db_dump185.c;1;!HAVE_DB_185_H;!HAVE_DB_185_H && 1;artifact;26;26
util/db_dump185.c;1;!HAVE_DB_185_H;!HAVE_DB_185_H && 1;endif;27;27
util/db_dump185.c;1;1;1;artifact;28;295
util/db_dump185.c;1;NOT_AVAILABLE_IN_185;1 && NOT_AVAILABLE_IN_185;if;296;296
util/db_dump185.c;1;NOT_AVAILABLE_IN_185;1 && NOT_AVAILABLE_IN_185;artifact;297;298
util/db_dump185.c;1;NOT_AVAILABLE_IN_185;1 && NOT_AVAILABLE_IN_185;endif;299;299
util/db_dump185.c;1;1;1;artifact;300;359
util/db_hotbackup.c;1;1;1;ROOT;1;553
util/db_hotbackup.c;1;1;1;artifact;1;15
util/db_hotbackup.c;1;!lint;1 && !lint;if;16;16
util/db_hotbackup.c;1;!lint;1 && !lint;artifact;17;18
util/db_hotbackup.c;1;!lint;1 && !lint;endif;19;19
util/db_hotbackup.c;1;1;1;artifact;20;552
util/db_load.c;1;1;1;ROOT;1;1509
util/db_load.c;1;1;1;artifact;1;14
util/db_load.c;1;!lint;1 && !lint;if;15;15
util/db_load.c;1;!lint;1 && !lint;artifact;16;17
util/db_load.c;1;!lint;1 && !lint;endif;18;18
util/db_load.c;1;1;1;artifact;19;432
util/db_load.c;1;0;1 && 0;if;433;433
util/db_load.c;1;0;1 && 0;artifact;434;449
util/db_load.c;1;0;1 && 0;endif;450;450
util/db_load.c;1;1;1;artifact;451;1508
util/db_log_verify.c;1;1;1;ROOT;1;340
util/db_log_verify.c;1;1;1;artifact;1;339
util/db_printlog.c;1;1;1;ROOT;1;690
util/db_printlog.c;1;1;1;artifact;1;15
util/db_printlog.c;1;HAVE_HEAP;1 && HAVE_HEAP;if;16;16
util/db_printlog.c;1;HAVE_HEAP;1 && HAVE_HEAP;artifact;17;17
util/db_printlog.c;1;HAVE_HEAP;1 && HAVE_HEAP;endif;18;18
util/db_printlog.c;1;1;1;artifact;19;21
util/db_printlog.c;1;!lint;1 && !lint;if;22;22
util/db_printlog.c;1;!lint;1 && !lint;artifact;23;24
util/db_printlog.c;1;!lint;1 && !lint;endif;25;25
util/db_printlog.c;1;1;1;artifact;26;374
util/db_printlog.c;1;HAVE_HASH;1 && HAVE_HASH;if;375;375
util/db_printlog.c;1;HAVE_HASH;1 && HAVE_HASH;artifact;376;377
util/db_printlog.c;1;HAVE_HASH;1 && HAVE_HASH;endif;378;378
util/db_printlog.c;1;HAVE_HEAP;1 && HAVE_HEAP;if;379;379
util/db_printlog.c;1;HAVE_HEAP;1 && HAVE_HEAP;artifact;380;381
util/db_printlog.c;1;HAVE_HEAP;1 && HAVE_HEAP;endif;382;382
util/db_printlog.c;1;HAVE_QUEUE;1 && HAVE_QUEUE;if;383;383
util/db_printlog.c;1;HAVE_QUEUE;1 && HAVE_QUEUE;artifact;384;385
util/db_printlog.c;1;HAVE_QUEUE;1 && HAVE_QUEUE;endif;386;386
util/db_printlog.c;1;HAVE_REPLICATION_THREADS;1 && HAVE_REPLICATION_THREADS;if;387;387
util/db_printlog.c;1;HAVE_REPLICATION_THREADS;1 && HAVE_REPLICATION_THREADS;artifact;388;389
util/db_printlog.c;1;HAVE_REPLICATION_THREADS;1 && HAVE_REPLICATION_THREADS;endif;390;390
util/db_printlog.c;1;1;1;artifact;391;451
util/db_printlog.c;1;HAVE_HASH;1 && HAVE_HASH;if;452;452
util/db_printlog.c;1;HAVE_HASH;1 && HAVE_HASH;artifact;453;458
util/db_printlog.c;1;HAVE_HASH;1 && HAVE_HASH;endif;459;459
util/db_printlog.c;1;1;1;artifact;460;545
util/db_printlog.c;1;HAVE_HASH;1 && HAVE_HASH;if;546;546
util/db_printlog.c;1;HAVE_HASH;1 && HAVE_HASH;artifact;547;552
util/db_printlog.c;1;HAVE_HASH;1 && HAVE_HASH;endif;553;553
util/db_printlog.c;1;1;1;artifact;554;689
util/db_recover.c;1;1;1;ROOT;1;324
util/db_recover.c;1;1;1;artifact;1;12
util/db_recover.c;1;!lint;1 && !lint;if;13;13
util/db_recover.c;1;!lint;1 && !lint;artifact;14;15
util/db_recover.c;1;!lint;1 && !lint;endif;16;16
util/db_recover.c;1;1;1;artifact;17;323
util/db_replicate.c;1;1;1;ROOT;1;421
util/db_replicate.c;1;1;1;artifact;1;12
util/db_replicate.c;1;!lint;1 && !lint;if;13;13
util/db_replicate.c;1;!lint;1 && !lint;artifact;14;15
util/db_replicate.c;1;!lint;1 && !lint;endif;16;16
util/db_replicate.c;1;1;1;artifact;17;19
util/db_replicate.c;1;!HAVE_REPLICATION_THREADS;1 && !HAVE_REPLICATION_THREADS;if;20;20
util/db_replicate.c;1;!HAVE_REPLICATION_THREADS;1 && !HAVE_REPLICATION_THREADS;artifact;21;31
util/db_replicate.c;1;HAVE_REPLICATION_THREADS;HAVE_REPLICATION_THREADS && 1;else;32;32
util/db_replicate.c;1;HAVE_REPLICATION_THREADS;HAVE_REPLICATION_THREADS && 1;artifact;33;418
util/db_replicate.c;1;HAVE_REPLICATION_THREADS;HAVE_REPLICATION_THREADS && 1;endif;419;419
util/db_replicate.c;1;1;1;artifact;420;420
util/db_stat.c;1;1;1;ROOT;1;485
util/db_stat.c;1;1;1;artifact;1;12
util/db_stat.c;1;!lint;1 && !lint;if;13;13
util/db_stat.c;1;!lint;1 && !lint;artifact;14;15
util/db_stat.c;1;!lint;1 && !lint;endif;16;16
util/db_stat.c;1;1;1;artifact;17;352
util/db_stat.c;1;HAVE_REPLICATION_THREADS;1 && HAVE_REPLICATION_THREADS;if;353;353
util/db_stat.c;1;HAVE_REPLICATION_THREADS;1 && HAVE_REPLICATION_THREADS;artifact;354;355
util/db_stat.c;1;HAVE_REPLICATION_THREADS;1 && HAVE_REPLICATION_THREADS;endif;356;356
util/db_stat.c;1;1;1;artifact;357;484
util/db_tuner.c;1;1;1;ROOT;1;1337
util/db_tuner.c;1;1;1;artifact;1;54
util/db_tuner.c;1;!lint;1 && !lint;if;55;55
util/db_tuner.c;1;!lint;1 && !lint;artifact;56;57
util/db_tuner.c;1;!lint;1 && !lint;endif;58;58
util/db_tuner.c;1;1;1;artifact;59;1336
util/db_upgrade.c;1;1;1;ROOT;1;207
util/db_upgrade.c;1;1;1;artifact;1;12
util/db_upgrade.c;1;!lint;1 && !lint;if;13;13
util/db_upgrade.c;1;!lint;1 && !lint;artifact;14;15
util/db_upgrade.c;1;!lint;1 && !lint;endif;16;16
util/db_upgrade.c;1;1;1;artifact;17;206
util/db_verify.c;1;1;1;ROOT;1;291
util/db_verify.c;1;1;1;artifact;1;12
util/db_verify.c;1;!lint;1 && !lint;if;13;13
util/db_verify.c;1;!lint;1 && !lint;artifact;14;15
util/db_verify.c;1;!lint;1 && !lint;endif;16;16
util/db_verify.c;1;1;1;artifact;17;290
