Path;File Condition;Block Condition;Presence Condition;Line Type;start;end
doc/doxygen/doc_compression.h;1;1;1;ROOT;1;93
doc/doxygen/doc_compression.h;1;1;1;artifact;1;92
doc/doxygen/doc_control_processor.h;1;1;1;ROOT;1;186
doc/doxygen/doc_control_processor.h;1;1;1;artifact;1;185
doc/doxygen/doc_control_tls.h;1;1;1;ROOT;1;106
doc/doxygen/doc_control_tls.h;1;1;1;artifact;1;105
doc/doxygen/doc_data_control.h;1;1;1;ROOT;1;104
doc/doxygen/doc_data_control.h;1;1;1;artifact;1;103
doc/doxygen/doc_data_crypto.h;1;1;1;ROOT;1;72
doc/doxygen/doc_data_crypto.h;1;1;1;artifact;1;71
doc/doxygen/doc_eventloop.h;1;1;1;ROOT;1;68
doc/doxygen/doc_eventloop.h;1;1;1;artifact;1;67
doc/doxygen/doc_external_multiplexer.h;1;1;1;ROOT;1;47
doc/doxygen/doc_external_multiplexer.h;1;1;1;artifact;1;46
doc/doxygen/doc_fragmentation.h;1;1;1;ROOT;1;97
doc/doxygen/doc_fragmentation.h;1;1;1;artifact;1;96
doc/doxygen/doc_internal_multiplexer.h;1;1;1;ROOT;1;45
doc/doxygen/doc_internal_multiplexer.h;1;1;1;artifact;1;44
doc/doxygen/doc_key_generation.h;1;1;1;ROOT;1;160
doc/doxygen/doc_key_generation.h;1;1;1;artifact;1;159
doc/doxygen/doc_mainpage.h;1;1;1;ROOT;1;163
doc/doxygen/doc_mainpage.h;1;1;1;artifact;1;162
doc/doxygen/doc_memory_management.h;1;1;1;ROOT;1;100
doc/doxygen/doc_memory_management.h;1;1;1;artifact;1;99
doc/doxygen/doc_protocol_overview.h;1;1;1;ROOT;1;199
doc/doxygen/doc_protocol_overview.h;1;1;1;artifact;1;198
doc/doxygen/doc_reliable.h;1;1;1;ROOT;1;50
doc/doxygen/doc_reliable.h;1;1;1;artifact;1;49
doc/doxygen/doc_tunnel_state.h;1;1;1;ROOT;1;156
doc/doxygen/doc_tunnel_state.h;1;1;1;artifact;1;155
include/openvpn-msg.h;1;1;1;ROOT;1;149
include/openvpn-msg.h;1;1;1;artifact;1;23
include/openvpn-msg.h;1;!OPENVPN_MSG_H_;1 && !OPENVPN_MSG_H_;if;24;24
include/openvpn-msg.h;1;!OPENVPN_MSG_H_;1 && !OPENVPN_MSG_H_;artifact;25;146
include/openvpn-msg.h;1;!OPENVPN_MSG_H_;1 && !OPENVPN_MSG_H_;endif;147;147
include/openvpn-msg.h;1;1;1;artifact;148;148
sample/sample-plugins/client-connect/sample-client-connect.c;1;1;1;ROOT;1;617
sample/sample-plugins/client-connect/sample-client-connect.c;1;1;1;artifact;1;616
sample/sample-plugins/defer/multi-auth.c;1;1;1;ROOT;1;416
sample/sample-plugins/defer/multi-auth.c;1;1;1;artifact;1;415
sample/sample-plugins/keying-material-exporter-demo/keyingmaterialexporter.c;1;1;1;ROOT;1;301
sample/sample-plugins/keying-material-exporter-demo/keyingmaterialexporter.c;1;1;1;artifact;1;36
sample/sample-plugins/keying-material-exporter-demo/keyingmaterialexporter.c;1;!MAXPATH;1 && !MAXPATH;if;37;37
sample/sample-plugins/keying-material-exporter-demo/keyingmaterialexporter.c;1;!MAXPATH;1 && !MAXPATH;artifact;38;38
sample/sample-plugins/keying-material-exporter-demo/keyingmaterialexporter.c;1;!MAXPATH;1 && !MAXPATH;endif;39;39
sample/sample-plugins/keying-material-exporter-demo/keyingmaterialexporter.c;1;1;1;artifact;40;300
sample/sample-plugins/log/log.c;1;1;1;ROOT;1;212
sample/sample-plugins/log/log.c;1;1;1;artifact;1;211
sample/sample-plugins/log/log_v3.c;1;1;1;ROOT;1;298
sample/sample-plugins/log/log_v3.c;1;1;1;artifact;1;297
sample/sample-plugins/simple/base64.c;1;1;1;ROOT;1;205
sample/sample-plugins/simple/base64.c;1;1;1;artifact;1;204
sample/sample-plugins/simple/simple.c;1;1;1;ROOT;1;132
sample/sample-plugins/simple/simple.c;1;1;1;artifact;1;131
src/compat/compat-basename.c;1;1;1;ROOT;1;50
src/compat/compat-basename.c;1;1;1;artifact;1;23
src/compat/compat-basename.c;1;HAVE_CONFIG_H;1 && HAVE_CONFIG_H;if;24;24
src/compat/compat-basename.c;1;HAVE_CONFIG_H;1 && HAVE_CONFIG_H;artifact;25;25
src/compat/compat-basename.c;1;HAVE_CONFIG_H;1 && HAVE_CONFIG_H;endif;26;26
src/compat/compat-basename.c;1;1;1;artifact;27;27
src/compat/compat-basename.c;1;!HAVE_BASENAME;1 && !HAVE_BASENAME;if;28;28
src/compat/compat-basename.c;1;!HAVE_BASENAME;1 && !HAVE_BASENAME;artifact;29;47
src/compat/compat-basename.c;1;!HAVE_BASENAME;1 && !HAVE_BASENAME;endif;48;48
src/compat/compat-basename.c;1;1;1;artifact;49;49
src/compat/compat-daemon.c;1;1;1;ROOT;1;107
src/compat/compat-daemon.c;1;1;1;artifact;1;23
src/compat/compat-daemon.c;1;HAVE_CONFIG_H;1 && HAVE_CONFIG_H;if;24;24
src/compat/compat-daemon.c;1;HAVE_CONFIG_H;1 && HAVE_CONFIG_H;artifact;25;25
src/compat/compat-daemon.c;1;HAVE_CONFIG_H;1 && HAVE_CONFIG_H;endif;26;26
src/compat/compat-daemon.c;1;1;1;artifact;27;27
src/compat/compat-daemon.c;1;!HAVE_DAEMON;1 && !HAVE_DAEMON;if;28;28
src/compat/compat-daemon.c;1;!HAVE_DAEMON;1 && !HAVE_DAEMON;artifact;29;29
src/compat/compat-daemon.c;1;HAVE_UNISTD_H;1 && !HAVE_DAEMON && HAVE_UNISTD_H;if;30;30
src/compat/compat-daemon.c;1;HAVE_UNISTD_H;1 && !HAVE_DAEMON && HAVE_UNISTD_H;artifact;31;31
src/compat/compat-daemon.c;1;HAVE_UNISTD_H;1 && !HAVE_DAEMON && HAVE_UNISTD_H;endif;32;32
src/compat/compat-daemon.c;1;!HAVE_DAEMON;1 && !HAVE_DAEMON;artifact;33;35
src/compat/compat-daemon.c;1;HAVE_SYS_TYPES_H;1 && !HAVE_DAEMON && HAVE_SYS_TYPES_H;if;36;36
src/compat/compat-daemon.c;1;HAVE_SYS_TYPES_H;1 && !HAVE_DAEMON && HAVE_SYS_TYPES_H;artifact;37;37
src/compat/compat-daemon.c;1;HAVE_SYS_TYPES_H;1 && !HAVE_DAEMON && HAVE_SYS_TYPES_H;endif;38;38
src/compat/compat-daemon.c;1;!HAVE_DAEMON;1 && !HAVE_DAEMON;artifact;39;39
src/compat/compat-daemon.c;1;HAVE_SYS_STAT_H;1 && !HAVE_DAEMON && HAVE_SYS_STAT_H;if;40;40
src/compat/compat-daemon.c;1;HAVE_SYS_STAT_H;1 && !HAVE_DAEMON && HAVE_SYS_STAT_H;artifact;41;41
src/compat/compat-daemon.c;1;HAVE_SYS_STAT_H;1 && !HAVE_DAEMON && HAVE_SYS_STAT_H;endif;42;42
src/compat/compat-daemon.c;1;!HAVE_DAEMON;1 && !HAVE_DAEMON;artifact;43;43
src/compat/compat-daemon.c;1;HAVE_FCNTL_H;1 && !HAVE_DAEMON && HAVE_FCNTL_H;if;44;44
src/compat/compat-daemon.c;1;HAVE_FCNTL_H;1 && !HAVE_DAEMON && HAVE_FCNTL_H;artifact;45;45
src/compat/compat-daemon.c;1;HAVE_FCNTL_H;1 && !HAVE_DAEMON && HAVE_FCNTL_H;endif;46;46
src/compat/compat-daemon.c;1;!HAVE_DAEMON;1 && !HAVE_DAEMON;artifact;47;52
src/compat/compat-daemon.c;1;DEFINED___LB__HAVE_FORK__RB__ && DEFINED___LB__HAVE_SETSID__RB__;1 && !HAVE_DAEMON && DEFINED___LB__HAVE_FORK__RB__ && DEFINED___LB__HAVE_SETSID__RB__;if;53;53
src/compat/compat-daemon.c;1;DEFINED___LB__HAVE_FORK__RB__ && DEFINED___LB__HAVE_SETSID__RB__;1 && !HAVE_DAEMON && DEFINED___LB__HAVE_FORK__RB__ && DEFINED___LB__HAVE_SETSID__RB__;artifact;54;80
src/compat/compat-daemon.c;1;DEFINED___LB__HAVE_DUP__RB__ && DEFINED___LB__HAVE_DUP2__RB__;1 && !HAVE_DAEMON && DEFINED___LB__HAVE_FORK__RB__ && DEFINED___LB__HAVE_SETSID__RB__ && DEFINED___LB__HAVE_DUP__RB__ && DEFINED___LB__HAVE_DUP2__RB__;if;81;81
src/compat/compat-daemon.c;1;DEFINED___LB__HAVE_DUP__RB__ && DEFINED___LB__HAVE_DUP2__RB__;1 && !HAVE_DAEMON && DEFINED___LB__HAVE_FORK__RB__ && DEFINED___LB__HAVE_SETSID__RB__ && DEFINED___LB__HAVE_DUP__RB__ && DEFINED___LB__HAVE_DUP2__RB__;artifact;82;92
src/compat/compat-daemon.c;1;DEFINED___LB__HAVE_DUP__RB__ && DEFINED___LB__HAVE_DUP2__RB__;1 && !HAVE_DAEMON && DEFINED___LB__HAVE_FORK__RB__ && DEFINED___LB__HAVE_SETSID__RB__ && DEFINED___LB__HAVE_DUP__RB__ && DEFINED___LB__HAVE_DUP2__RB__;endif;93;93
src/compat/compat-daemon.c;1;DEFINED___LB__HAVE_FORK__RB__ && DEFINED___LB__HAVE_SETSID__RB__;1 && !HAVE_DAEMON && DEFINED___LB__HAVE_FORK__RB__ && DEFINED___LB__HAVE_SETSID__RB__;artifact;94;96
src/compat/compat-daemon.c;1;!DEFINED___LB__HAVE_FORK__RB__ || !DEFINED___LB__HAVE_SETSID__RB__;(!DEFINED___LB__HAVE_FORK__RB__ || !DEFINED___LB__HAVE_SETSID__RB__) && 1 && !HAVE_DAEMON;else;97;97
src/compat/compat-daemon.c;1;!DEFINED___LB__HAVE_FORK__RB__ || !DEFINED___LB__HAVE_SETSID__RB__;(!DEFINED___LB__HAVE_FORK__RB__ || !DEFINED___LB__HAVE_SETSID__RB__) && 1 && !HAVE_DAEMON;artifact;98;101
src/compat/compat-daemon.c;1;!DEFINED___LB__HAVE_FORK__RB__ || !DEFINED___LB__HAVE_SETSID__RB__;(!DEFINED___LB__HAVE_FORK__RB__ || !DEFINED___LB__HAVE_SETSID__RB__) && 1 && !HAVE_DAEMON;endif;102;102
src/compat/compat-daemon.c;1;!HAVE_DAEMON;1 && !HAVE_DAEMON;artifact;103;104
src/compat/compat-daemon.c;1;!HAVE_DAEMON;1 && !HAVE_DAEMON;endif;105;105
src/compat/compat-daemon.c;1;1;1;artifact;106;106
src/compat/compat-dirname.c;1;1;1;ROOT;1;146
src/compat/compat-dirname.c;1;1;1;artifact;1;23
src/compat/compat-dirname.c;1;HAVE_CONFIG_H;1 && HAVE_CONFIG_H;if;24;24
src/compat/compat-dirname.c;1;HAVE_CONFIG_H;1 && HAVE_CONFIG_H;artifact;25;25
src/compat/compat-dirname.c;1;HAVE_CONFIG_H;1 && HAVE_CONFIG_H;endif;26;26
src/compat/compat-dirname.c;1;1;1;artifact;27;28
src/compat/compat-dirname.c;1;!HAVE_DIRNAME;1 && !HAVE_DIRNAME;if;29;29
src/compat/compat-dirname.c;1;!HAVE_DIRNAME;1 && !HAVE_DIRNAME;artifact;30;143
src/compat/compat-dirname.c;1;!HAVE_DIRNAME;1 && !HAVE_DIRNAME;endif;144;144
src/compat/compat-dirname.c;1;1;1;artifact;145;145
src/compat/compat-gettimeofday.c;1;1;1;ROOT;1;133
src/compat/compat-gettimeofday.c;1;1;1;artifact;1;23
src/compat/compat-gettimeofday.c;1;HAVE_CONFIG_H;1 && HAVE_CONFIG_H;if;24;24
src/compat/compat-gettimeofday.c;1;HAVE_CONFIG_H;1 && HAVE_CONFIG_H;artifact;25;25
src/compat/compat-gettimeofday.c;1;HAVE_CONFIG_H;1 && HAVE_CONFIG_H;endif;26;26
src/compat/compat-gettimeofday.c;1;1;1;artifact;27;27
src/compat/compat-gettimeofday.c;1;!HAVE_GETTIMEOFDAY;1 && !HAVE_GETTIMEOFDAY;if;28;28
src/compat/compat-gettimeofday.c;1;!HAVE_GETTIMEOFDAY;1 && !HAVE_GETTIMEOFDAY;artifact;29;31
src/compat/compat-gettimeofday.c;1;_WIN32;1 && !HAVE_GETTIMEOFDAY && _WIN32;if;32;32
src/compat/compat-gettimeofday.c;1;_WIN32;1 && !HAVE_GETTIMEOFDAY && _WIN32;artifact;33;115
src/compat/compat-gettimeofday.c;1;!_WIN32;!_WIN32 && 1 && !HAVE_GETTIMEOFDAY;else;116;116
src/compat/compat-gettimeofday.c;1;!_WIN32;!_WIN32 && 1 && !HAVE_GETTIMEOFDAY;artifact;117;128
src/compat/compat-gettimeofday.c;1;!_WIN32;!_WIN32 && 1 && !HAVE_GETTIMEOFDAY;endif;129;129
src/compat/compat-gettimeofday.c;1;!HAVE_GETTIMEOFDAY;1 && !HAVE_GETTIMEOFDAY;artifact;130;130
src/compat/compat-gettimeofday.c;1;!HAVE_GETTIMEOFDAY;1 && !HAVE_GETTIMEOFDAY;endif;131;131
src/compat/compat-gettimeofday.c;1;1;1;artifact;132;132
src/compat/compat-strsep.c;1;1;1;ROOT;1;61
src/compat/compat-strsep.c;1;1;1;artifact;1;24
src/compat/compat-strsep.c;1;HAVE_CONFIG_H;1 && HAVE_CONFIG_H;if;25;25
src/compat/compat-strsep.c;1;HAVE_CONFIG_H;1 && HAVE_CONFIG_H;artifact;26;26
src/compat/compat-strsep.c;1;HAVE_CONFIG_H;1 && HAVE_CONFIG_H;endif;27;27
src/compat/compat-strsep.c;1;1;1;artifact;28;28
src/compat/compat-strsep.c;1;!HAVE_STRSEP;1 && !HAVE_STRSEP;if;29;29
src/compat/compat-strsep.c;1;!HAVE_STRSEP;1 && !HAVE_STRSEP;artifact;30;58
src/compat/compat-strsep.c;1;!HAVE_STRSEP;1 && !HAVE_STRSEP;endif;59;59
src/compat/compat-strsep.c;1;1;1;artifact;60;60
src/compat/compat.h;1;1;1;ROOT;1;67
src/compat/compat.h;1;1;1;artifact;1;23
src/compat/compat.h;1;!COMPAT_H;1 && !COMPAT_H;if;24;24
src/compat/compat.h;1;!COMPAT_H;1 && !COMPAT_H;artifact;25;26
src/compat/compat.h;1;_WIN32;1 && !COMPAT_H && _WIN32;if;27;27
src/compat/compat.h;1;_WIN32;1 && !COMPAT_H && _WIN32;artifact;28;29
src/compat/compat.h;1;_WIN32;1 && !COMPAT_H && _WIN32;endif;30;30
src/compat/compat.h;1;!COMPAT_H;1 && !COMPAT_H;artifact;31;31
src/compat/compat.h;1;HAVE_SYS_TIME_H;1 && !COMPAT_H && HAVE_SYS_TIME_H;if;32;32
src/compat/compat.h;1;HAVE_SYS_TIME_H;1 && !COMPAT_H && HAVE_SYS_TIME_H;artifact;33;33
src/compat/compat.h;1;HAVE_SYS_TIME_H;1 && !COMPAT_H && HAVE_SYS_TIME_H;endif;34;34
src/compat/compat.h;1;!COMPAT_H;1 && !COMPAT_H;artifact;35;35
src/compat/compat.h;1;HAVE_SYS_SOCKET_H;1 && !COMPAT_H && HAVE_SYS_SOCKET_H;if;36;36
src/compat/compat.h;1;HAVE_SYS_SOCKET_H;1 && !COMPAT_H && HAVE_SYS_SOCKET_H;artifact;37;37
src/compat/compat.h;1;HAVE_SYS_SOCKET_H;1 && !COMPAT_H && HAVE_SYS_SOCKET_H;endif;38;38
src/compat/compat.h;1;!COMPAT_H;1 && !COMPAT_H;artifact;39;39
src/compat/compat.h;1;!HAVE_DIRNAME;1 && !COMPAT_H && !HAVE_DIRNAME;if;40;40
src/compat/compat.h;1;!HAVE_DIRNAME;1 && !COMPAT_H && !HAVE_DIRNAME;artifact;41;42
src/compat/compat.h;1;!HAVE_DIRNAME;1 && !COMPAT_H && !HAVE_DIRNAME;endif;43;43
src/compat/compat.h;1;!COMPAT_H;1 && !COMPAT_H;artifact;44;44
src/compat/compat.h;1;!HAVE_BASENAME;1 && !COMPAT_H && !HAVE_BASENAME;if;45;45
src/compat/compat.h;1;!HAVE_BASENAME;1 && !COMPAT_H && !HAVE_BASENAME;artifact;46;47
src/compat/compat.h;1;!HAVE_BASENAME;1 && !COMPAT_H && !HAVE_BASENAME;endif;48;48
src/compat/compat.h;1;!COMPAT_H;1 && !COMPAT_H;artifact;49;49
src/compat/compat.h;1;!HAVE_GETTIMEOFDAY;1 && !COMPAT_H && !HAVE_GETTIMEOFDAY;if;50;50
src/compat/compat.h;1;!HAVE_GETTIMEOFDAY;1 && !COMPAT_H && !HAVE_GETTIMEOFDAY;artifact;51;52
src/compat/compat.h;1;!HAVE_GETTIMEOFDAY;1 && !COMPAT_H && !HAVE_GETTIMEOFDAY;endif;53;53
src/compat/compat.h;1;!COMPAT_H;1 && !COMPAT_H;artifact;54;54
src/compat/compat.h;1;!HAVE_DAEMON;1 && !COMPAT_H && !HAVE_DAEMON;if;55;55
src/compat/compat.h;1;!HAVE_DAEMON;1 && !COMPAT_H && !HAVE_DAEMON;artifact;56;57
src/compat/compat.h;1;!HAVE_DAEMON;1 && !COMPAT_H && !HAVE_DAEMON;endif;58;58
src/compat/compat.h;1;!COMPAT_H;1 && !COMPAT_H;artifact;59;59
src/compat/compat.h;1;!HAVE_STRSEP;1 && !COMPAT_H && !HAVE_STRSEP;if;60;60
src/compat/compat.h;1;!HAVE_STRSEP;1 && !COMPAT_H && !HAVE_STRSEP;artifact;61;62
src/compat/compat.h;1;!HAVE_STRSEP;1 && !COMPAT_H && !HAVE_STRSEP;endif;63;63
src/compat/compat.h;1;!COMPAT_H;1 && !COMPAT_H;artifact;64;64
src/compat/compat.h;1;!COMPAT_H;1 && !COMPAT_H;endif;65;65
src/compat/compat.h;1;1;1;artifact;66;66
src/openvpn/argv.c;1;1;1;ROOT;1;504
src/openvpn/argv.c;1;1;1;artifact;1;29
src/openvpn/argv.c;1;HAVE_CONFIG_H;1 && HAVE_CONFIG_H;if;30;30
src/openvpn/argv.c;1;HAVE_CONFIG_H;1 && HAVE_CONFIG_H;artifact;31;31
src/openvpn/argv.c;1;HAVE_CONFIG_H;1 && HAVE_CONFIG_H;endif;32;32
src/openvpn/argv.c;1;1;1;artifact;33;503
src/openvpn/argv.h;1;1;1;ROOT;1;78
src/openvpn/argv.h;1;1;1;artifact;1;29
src/openvpn/argv.h;1;!ARGV_H;1 && !ARGV_H;if;30;30
src/openvpn/argv.h;1;!ARGV_H;1 && !ARGV_H;artifact;31;56
src/openvpn/argv.h;1;__GNUC__;1 && !ARGV_H && __GNUC__;if;57;57
src/openvpn/argv.h;1;__USE_MINGW_ANSI_STDIO;1 && !ARGV_H && __GNUC__ && __USE_MINGW_ANSI_STDIO;if;58;58
src/openvpn/argv.h;1;__USE_MINGW_ANSI_STDIO;1 && !ARGV_H && __GNUC__ && __USE_MINGW_ANSI_STDIO;artifact;59;59
src/openvpn/argv.h;1;!__USE_MINGW_ANSI_STDIO;!__USE_MINGW_ANSI_STDIO && 1 && !ARGV_H && __GNUC__;else;60;60
src/openvpn/argv.h;1;!__USE_MINGW_ANSI_STDIO;!__USE_MINGW_ANSI_STDIO && 1 && !ARGV_H && __GNUC__;artifact;61;61
src/openvpn/argv.h;1;!__USE_MINGW_ANSI_STDIO;!__USE_MINGW_ANSI_STDIO && 1 && !ARGV_H && __GNUC__;endif;62;62
src/openvpn/argv.h;1;__GNUC__;1 && !ARGV_H && __GNUC__;endif;63;63
src/openvpn/argv.h;1;!ARGV_H;1 && !ARGV_H;artifact;64;66
src/openvpn/argv.h;1;__GNUC__;1 && !ARGV_H && __GNUC__;if;67;67
src/openvpn/argv.h;1;__USE_MINGW_ANSI_STDIO;1 && !ARGV_H && __GNUC__ && __USE_MINGW_ANSI_STDIO;if;68;68
src/openvpn/argv.h;1;__USE_MINGW_ANSI_STDIO;1 && !ARGV_H && __GNUC__ && __USE_MINGW_ANSI_STDIO;artifact;69;69
src/openvpn/argv.h;1;!__USE_MINGW_ANSI_STDIO;!__USE_MINGW_ANSI_STDIO && 1 && !ARGV_H && __GNUC__;else;70;70
src/openvpn/argv.h;1;!__USE_MINGW_ANSI_STDIO;!__USE_MINGW_ANSI_STDIO && 1 && !ARGV_H && __GNUC__;artifact;71;71
src/openvpn/argv.h;1;!__USE_MINGW_ANSI_STDIO;!__USE_MINGW_ANSI_STDIO && 1 && !ARGV_H && __GNUC__;endif;72;72
src/openvpn/argv.h;1;__GNUC__;1 && !ARGV_H && __GNUC__;endif;73;73
src/openvpn/argv.h;1;!ARGV_H;1 && !ARGV_H;artifact;74;75
src/openvpn/argv.h;1;!ARGV_H;1 && !ARGV_H;endif;76;76
src/openvpn/argv.h;1;1;1;artifact;77;77
src/openvpn/auth_token.c;1;1;1;ROOT;1;483
src/openvpn/auth_token.c;1;HAVE_CONFIG_H;1 && HAVE_CONFIG_H;if;1;1
src/openvpn/auth_token.c;1;HAVE_CONFIG_H;1 && HAVE_CONFIG_H;artifact;2;2
src/openvpn/auth_token.c;1;HAVE_CONFIG_H;1 && HAVE_CONFIG_H;endif;3;3
src/openvpn/auth_token.c;1;1;1;artifact;4;23
src/openvpn/auth_token.c;1;AUTH_TOKEN_SESSION_ID_LEN__MOD__3;1 && AUTH_TOKEN_SESSION_ID_LEN__MOD__3;if;24;24
src/openvpn/auth_token.c;1;AUTH_TOKEN_SESSION_ID_LEN__MOD__3;1 && AUTH_TOKEN_SESSION_ID_LEN__MOD__3;artifact;25;25
src/openvpn/auth_token.c;1;AUTH_TOKEN_SESSION_ID_LEN__MOD__3;1 && AUTH_TOKEN_SESSION_ID_LEN__MOD__3;endif;26;26
src/openvpn/auth_token.c;1;1;1;artifact;27;482
src/openvpn/auth_token.h;1;1;1;ROOT;1;151
src/openvpn/auth_token.h;1;1;1;artifact;1;22
src/openvpn/auth_token.h;1;!AUTH_TOKEN_H;1 && !AUTH_TOKEN_H;if;23;23
src/openvpn/auth_token.h;1;!AUTH_TOKEN_H;1 && !AUTH_TOKEN_H;artifact;24;148
src/openvpn/auth_token.h;1;!AUTH_TOKEN_H;1 && !AUTH_TOKEN_H;endif;149;149
src/openvpn/auth_token.h;1;1;1;artifact;150;150
src/openvpn/base64.c;1;1;1;ROOT;1;202
src/openvpn/base64.c;1;1;1;artifact;1;33
src/openvpn/base64.c;1;HAVE_CONFIG_H;1 && HAVE_CONFIG_H;if;34;34
src/openvpn/base64.c;1;HAVE_CONFIG_H;1 && HAVE_CONFIG_H;artifact;35;35
src/openvpn/base64.c;1;HAVE_CONFIG_H;1 && HAVE_CONFIG_H;endif;36;36
src/openvpn/base64.c;1;1;1;artifact;37;201
src/openvpn/base64.h;1;1;1;ROOT;1;51
src/openvpn/base64.h;1;1;1;artifact;1;33
src/openvpn/base64.h;1;!_BASE64_H_;1 && !_BASE64_H_;if;34;34
src/openvpn/base64.h;1;!_BASE64_H_;1 && !_BASE64_H_;artifact;35;48
src/openvpn/base64.h;1;!_BASE64_H_;1 && !_BASE64_H_;endif;49;49
src/openvpn/base64.h;1;1;1;artifact;50;50
src/openvpn/basic.h;1;1;1;ROOT;1;39
src/openvpn/basic.h;1;1;1;artifact;1;23
src/openvpn/basic.h;1;!BASIC_H;1 && !BASIC_H;if;24;24
src/openvpn/basic.h;1;!BASIC_H;1 && !BASIC_H;artifact;25;36
src/openvpn/basic.h;1;!BASIC_H;1 && !BASIC_H;endif;37;37
src/openvpn/basic.h;1;1;1;artifact;38;38
src/openvpn/block_dns.c;1;1;1;ROOT;1;425
src/openvpn/block_dns.c;1;1;1;artifact;1;25
src/openvpn/block_dns.c;1;HAVE_CONFIG_H;1 && HAVE_CONFIG_H;if;26;26
src/openvpn/block_dns.c;1;HAVE_CONFIG_H;1 && HAVE_CONFIG_H;artifact;27;27
src/openvpn/block_dns.c;1;HAVE_CONFIG_H;1 && HAVE_CONFIG_H;endif;28;28
src/openvpn/block_dns.c;1;1;1;artifact;29;31
src/openvpn/block_dns.c;1;_WIN32;1 && _WIN32;if;32;32
src/openvpn/block_dns.c;1;_WIN32;1 && _WIN32;artifact;33;45
src/openvpn/block_dns.c;1;!FWPM_SESSION_FLAG_DYNAMIC;1 && _WIN32 && !FWPM_SESSION_FLAG_DYNAMIC;if;46;46
src/openvpn/block_dns.c;1;!FWPM_SESSION_FLAG_DYNAMIC;1 && _WIN32 && !FWPM_SESSION_FLAG_DYNAMIC;artifact;47;47
src/openvpn/block_dns.c;1;!FWPM_SESSION_FLAG_DYNAMIC;1 && _WIN32 && !FWPM_SESSION_FLAG_DYNAMIC;endif;48;48
src/openvpn/block_dns.c;1;_WIN32;1 && _WIN32;artifact;49;422
src/openvpn/block_dns.c;1;_WIN32;1 && _WIN32;endif;423;423
src/openvpn/block_dns.c;1;1;1;artifact;424;424
src/openvpn/block_dns.h;1;1;1;ROOT;1;71
src/openvpn/block_dns.h;1;1;1;artifact;1;23
src/openvpn/block_dns.h;1;_WIN32;1 && _WIN32;if;24;24
src/openvpn/block_dns.h;1;_WIN32;1 && _WIN32;artifact;25;25
src/openvpn/block_dns.h;1;!OPENVPN_BLOCK_DNS_H;1 && _WIN32 && !OPENVPN_BLOCK_DNS_H;if;26;26
src/openvpn/block_dns.h;1;!OPENVPN_BLOCK_DNS_H;1 && _WIN32 && !OPENVPN_BLOCK_DNS_H;artifact;27;67
src/openvpn/block_dns.h;1;!OPENVPN_BLOCK_DNS_H;1 && _WIN32 && !OPENVPN_BLOCK_DNS_H;endif;68;68
src/openvpn/block_dns.h;1;_WIN32;1 && _WIN32;endif;69;69
src/openvpn/block_dns.h;1;1;1;artifact;70;70
src/openvpn/buffer.c;1;1;1;ROOT;1;1391
src/openvpn/buffer.c;1;1;1;artifact;1;23
src/openvpn/buffer.c;1;HAVE_CONFIG_H;1 && HAVE_CONFIG_H;if;24;24
src/openvpn/buffer.c;1;HAVE_CONFIG_H;1 && HAVE_CONFIG_H;artifact;25;25
src/openvpn/buffer.c;1;HAVE_CONFIG_H;1 && HAVE_CONFIG_H;endif;26;26
src/openvpn/buffer.c;1;1;1;artifact;27;58
src/openvpn/buffer.c;1;DMALLOC;1 && DMALLOC;if;59;59
src/openvpn/buffer.c;1;DMALLOC;1 && DMALLOC;artifact;60;60
src/openvpn/buffer.c;1;!DMALLOC;!DMALLOC && 1;else;61;61
src/openvpn/buffer.c;1;!DMALLOC;!DMALLOC && 1;artifact;62;62
src/openvpn/buffer.c;1;!DMALLOC;!DMALLOC && 1;endif;63;63
src/openvpn/buffer.c;1;1;1;artifact;64;73
src/openvpn/buffer.c;1;DMALLOC;1 && DMALLOC;if;74;74
src/openvpn/buffer.c;1;DMALLOC;1 && DMALLOC;artifact;75;75
src/openvpn/buffer.c;1;!DMALLOC;!DMALLOC && 1;else;76;76
src/openvpn/buffer.c;1;!DMALLOC;!DMALLOC && 1;artifact;77;77
src/openvpn/buffer.c;1;!DMALLOC;!DMALLOC && 1;endif;78;78
src/openvpn/buffer.c;1;1;1;artifact;79;84
src/openvpn/buffer.c;1;DMALLOC;1 && DMALLOC;if;85;85
src/openvpn/buffer.c;1;DMALLOC;1 && DMALLOC;artifact;86;86
src/openvpn/buffer.c;1;!DMALLOC;!DMALLOC && 1;else;87;87
src/openvpn/buffer.c;1;!DMALLOC;!DMALLOC && 1;artifact;88;88
src/openvpn/buffer.c;1;!DMALLOC;!DMALLOC && 1;endif;89;89
src/openvpn/buffer.c;1;1;1;artifact;90;98
src/openvpn/buffer.c;1;DMALLOC;1 && DMALLOC;if;99;99
src/openvpn/buffer.c;1;DMALLOC;1 && DMALLOC;artifact;100;100
src/openvpn/buffer.c;1;!DMALLOC;!DMALLOC && 1;else;101;101
src/openvpn/buffer.c;1;!DMALLOC;!DMALLOC && 1;artifact;102;102
src/openvpn/buffer.c;1;!DMALLOC;!DMALLOC && 1;endif;103;103
src/openvpn/buffer.c;1;1;1;artifact;104;111
src/openvpn/buffer.c;1;DMALLOC;1 && DMALLOC;if;112;112
src/openvpn/buffer.c;1;DMALLOC;1 && DMALLOC;artifact;113;113
src/openvpn/buffer.c;1;!DMALLOC;!DMALLOC && 1;else;114;114
src/openvpn/buffer.c;1;!DMALLOC;!DMALLOC && 1;artifact;115;115
src/openvpn/buffer.c;1;!DMALLOC;!DMALLOC && 1;endif;116;116
src/openvpn/buffer.c;1;1;1;artifact;117;121
src/openvpn/buffer.c;1;DMALLOC;1 && DMALLOC;if;122;122
src/openvpn/buffer.c;1;DMALLOC;1 && DMALLOC;artifact;123;123
src/openvpn/buffer.c;1;!DMALLOC;!DMALLOC && 1;else;124;124
src/openvpn/buffer.c;1;!DMALLOC;!DMALLOC && 1;artifact;125;125
src/openvpn/buffer.c;1;!DMALLOC;!DMALLOC && 1;endif;126;126
src/openvpn/buffer.c;1;1;1;artifact;127;131
src/openvpn/buffer.c;1;BUF_INIT_TRACKING;1 && BUF_INIT_TRACKING;if;132;132
src/openvpn/buffer.c;1;BUF_INIT_TRACKING;1 && BUF_INIT_TRACKING;artifact;133;153
src/openvpn/buffer.c;1;!BUF_INIT_TRACKING;!BUF_INIT_TRACKING && 1;else;154;154
src/openvpn/buffer.c;1;!BUF_INIT_TRACKING;!BUF_INIT_TRACKING && 1;artifact;155;158
src/openvpn/buffer.c;1;!BUF_INIT_TRACKING;!BUF_INIT_TRACKING && 1;endif;159;159
src/openvpn/buffer.c;1;1;1;artifact;160;350
src/openvpn/buffer.c;1;DMALLOC;1 && DMALLOC;if;351;351
src/openvpn/buffer.c;1;DMALLOC;1 && DMALLOC;artifact;352;352
src/openvpn/buffer.c;1;!DMALLOC;!DMALLOC && 1;else;353;353
src/openvpn/buffer.c;1;!DMALLOC;!DMALLOC && 1;artifact;354;354
src/openvpn/buffer.c;1;!DMALLOC;!DMALLOC && 1;endif;355;355
src/openvpn/buffer.c;1;1;1;artifact;356;360
src/openvpn/buffer.c;1;DMALLOC;1 && DMALLOC;if;361;361
src/openvpn/buffer.c;1;DMALLOC;1 && DMALLOC;artifact;362;362
src/openvpn/buffer.c;1;!DMALLOC;!DMALLOC && 1;else;363;363
src/openvpn/buffer.c;1;!DMALLOC;!DMALLOC && 1;artifact;364;364
src/openvpn/buffer.c;1;!DMALLOC;!DMALLOC && 1;endif;365;365
src/openvpn/buffer.c;1;1;1;artifact;366;372
src/openvpn/buffer.c;1;DMALLOC;1 && DMALLOC;if;373;373
src/openvpn/buffer.c;1;DMALLOC;1 && DMALLOC;artifact;374;374
src/openvpn/buffer.c;1;!DMALLOC;!DMALLOC && 1;else;375;375
src/openvpn/buffer.c;1;!DMALLOC;!DMALLOC && 1;artifact;376;376
src/openvpn/buffer.c;1;!DMALLOC;!DMALLOC && 1;endif;377;377
src/openvpn/buffer.c;1;1;1;artifact;378;379
src/openvpn/buffer.c;1;!ZERO_BUFFER_ON_ALLOC;1 && !ZERO_BUFFER_ON_ALLOC;if;380;380
src/openvpn/buffer.c;1;!ZERO_BUFFER_ON_ALLOC;1 && !ZERO_BUFFER_ON_ALLOC;artifact;381;381
src/openvpn/buffer.c;1;!ZERO_BUFFER_ON_ALLOC;1 && !ZERO_BUFFER_ON_ALLOC;endif;382;382
src/openvpn/buffer.c;1;1;1;artifact;383;459
src/openvpn/buffer.c;1;DMALLOC;1 && DMALLOC;if;460;460
src/openvpn/buffer.c;1;DMALLOC;1 && DMALLOC;artifact;461;461
src/openvpn/buffer.c;1;!DMALLOC;!DMALLOC && 1;else;462;462
src/openvpn/buffer.c;1;!DMALLOC;!DMALLOC && 1;artifact;463;463
src/openvpn/buffer.c;1;!DMALLOC;!DMALLOC && 1;endif;464;464
src/openvpn/buffer.c;1;1;1;artifact;465;663
src/openvpn/buffer.c;1;DMALLOC;1 && DMALLOC;if;664;664
src/openvpn/buffer.c;1;DMALLOC;1 && DMALLOC;artifact;665;665
src/openvpn/buffer.c;1;!DMALLOC;!DMALLOC && 1;else;666;666
src/openvpn/buffer.c;1;!DMALLOC;!DMALLOC && 1;artifact;667;667
src/openvpn/buffer.c;1;!DMALLOC;!DMALLOC && 1;endif;668;668
src/openvpn/buffer.c;1;1;1;artifact;669;676
src/openvpn/buffer.c;1;DMALLOC;1 && DMALLOC;if;677;677
src/openvpn/buffer.c;1;DMALLOC;1 && DMALLOC;artifact;678;678
src/openvpn/buffer.c;1;!DMALLOC;!DMALLOC && 1;else;679;679
src/openvpn/buffer.c;1;!DMALLOC;!DMALLOC && 1;artifact;680;680
src/openvpn/buffer.c;1;!DMALLOC;!DMALLOC && 1;endif;681;681
src/openvpn/buffer.c;1;1;1;artifact;682;688
src/openvpn/buffer.c;1;DMALLOC;1 && DMALLOC;if;689;689
src/openvpn/buffer.c;1;DMALLOC;1 && DMALLOC;artifact;690;690
src/openvpn/buffer.c;1;!DMALLOC;!DMALLOC && 1;else;691;691
src/openvpn/buffer.c;1;!DMALLOC;!DMALLOC && 1;artifact;692;692
src/openvpn/buffer.c;1;!DMALLOC;!DMALLOC && 1;endif;693;693
src/openvpn/buffer.c;1;1;1;artifact;694;766
src/openvpn/buffer.c;1;DMALLOC;1 && DMALLOC;if;767;767
src/openvpn/buffer.c;1;DMALLOC;1 && DMALLOC;artifact;768;768
src/openvpn/buffer.c;1;!DMALLOC;!DMALLOC && 1;else;769;769
src/openvpn/buffer.c;1;!DMALLOC;!DMALLOC && 1;artifact;770;770
src/openvpn/buffer.c;1;!DMALLOC;!DMALLOC && 1;endif;771;771
src/openvpn/buffer.c;1;1;1;artifact;772;776
src/openvpn/buffer.c;1;DMALLOC;1 && DMALLOC;if;777;777
src/openvpn/buffer.c;1;DMALLOC;1 && DMALLOC;artifact;778;778
src/openvpn/buffer.c;1;!DMALLOC;!DMALLOC && 1;else;779;779
src/openvpn/buffer.c;1;!DMALLOC;!DMALLOC && 1;artifact;780;780
src/openvpn/buffer.c;1;!DMALLOC;!DMALLOC && 1;endif;781;781
src/openvpn/buffer.c;1;1;1;artifact;782;1126
src/openvpn/buffer.c;1;VERIFY_ALIGNMENT;1 && VERIFY_ALIGNMENT;if;1127;1127
src/openvpn/buffer.c;1;VERIFY_ALIGNMENT;1 && VERIFY_ALIGNMENT;artifact;1128;1152
src/openvpn/buffer.c;1;VERIFY_ALIGNMENT;1 && VERIFY_ALIGNMENT;endif;1153;1153
src/openvpn/buffer.c;1;1;1;artifact;1154;1390
src/openvpn/buffer.h;1;1;1;ROOT;1;1225
src/openvpn/buffer.h;1;1;1;artifact;1;23
src/openvpn/buffer.h;1;!BUFFER_H;1 && !BUFFER_H;if;24;24
src/openvpn/buffer.h;1;!BUFFER_H;1 && !BUFFER_H;artifact;25;40
src/openvpn/buffer.h;1;VERIFY_ALIGNMENT;1 && !BUFFER_H && VERIFY_ALIGNMENT;if;41;41
src/openvpn/buffer.h;1;VERIFY_ALIGNMENT;1 && !BUFFER_H && VERIFY_ALIGNMENT;artifact;42;42
src/openvpn/buffer.h;1;VERIFY_ALIGNMENT;1 && !BUFFER_H && VERIFY_ALIGNMENT;endif;43;43
src/openvpn/buffer.h;1;!BUFFER_H;1 && !BUFFER_H;artifact;44;69
src/openvpn/buffer.h;1;BUF_INIT_TRACKING;1 && !BUFFER_H && BUF_INIT_TRACKING;if;70;70
src/openvpn/buffer.h;1;BUF_INIT_TRACKING;1 && !BUFFER_H && BUF_INIT_TRACKING;artifact;71;72
src/openvpn/buffer.h;1;BUF_INIT_TRACKING;1 && !BUFFER_H && BUF_INIT_TRACKING;endif;73;73
src/openvpn/buffer.h;1;!BUFFER_H;1 && !BUFFER_H;artifact;74;150
src/openvpn/buffer.h;1;DMALLOC;1 && !BUFFER_H && DMALLOC;if;151;151
src/openvpn/buffer.h;1;DMALLOC;1 && !BUFFER_H && DMALLOC;artifact;152;171
src/openvpn/buffer.h;1;!DMALLOC;!DMALLOC && 1 && !BUFFER_H;else;172;172
src/openvpn/buffer.h;1;!DMALLOC;!DMALLOC && 1 && !BUFFER_H;artifact;173;185
src/openvpn/buffer.h;1;!DMALLOC;!DMALLOC && 1 && !BUFFER_H;endif;186;186
src/openvpn/buffer.h;1;!BUFFER_H;1 && !BUFFER_H;artifact;187;203
src/openvpn/buffer.h;1;BUF_INIT_TRACKING;1 && !BUFFER_H && BUF_INIT_TRACKING;if;204;204
src/openvpn/buffer.h;1;BUF_INIT_TRACKING;1 && !BUFFER_H && BUF_INIT_TRACKING;artifact;205;207
src/openvpn/buffer.h;1;!BUF_INIT_TRACKING;!BUF_INIT_TRACKING && 1 && !BUFFER_H;else;208;208
src/openvpn/buffer.h;1;!BUF_INIT_TRACKING;!BUF_INIT_TRACKING && 1 && !BUFFER_H;artifact;209;209
src/openvpn/buffer.h;1;!BUF_INIT_TRACKING;!BUF_INIT_TRACKING && 1 && !BUFFER_H;endif;210;210
src/openvpn/buffer.h;1;!BUFFER_H;1 && !BUFFER_H;artifact;211;415
src/openvpn/buffer.h;1;DEFINED___LB___WIN32__RB__;1 && !BUFFER_H && DEFINED___LB___WIN32__RB__;if;416;416
src/openvpn/buffer.h;1;DEFINED___LB___WIN32__RB__;1 && !BUFFER_H && DEFINED___LB___WIN32__RB__;artifact;417;417
src/openvpn/buffer.h;1;(DEFINED___LB____GNUC____RB__ || DEFINED___LB____clang____RB__) && !DEFINED___LB___WIN32__RB__;(DEFINED___LB____GNUC____RB__ || DEFINED___LB____clang____RB__) && !DEFINED___LB___WIN32__RB__ && 1 && !BUFFER_H;elif;418;418
src/openvpn/buffer.h;1;(DEFINED___LB____GNUC____RB__ || DEFINED___LB____clang____RB__) && !DEFINED___LB___WIN32__RB__;(DEFINED___LB____GNUC____RB__ || DEFINED___LB____clang____RB__) && !DEFINED___LB___WIN32__RB__ && 1 && !BUFFER_H;artifact;419;420
src/openvpn/buffer.h;1;!DEFINED___LB____GNUC____RB__ && !DEFINED___LB____clang____RB__ && !DEFINED___LB___WIN32__RB__;!DEFINED___LB____GNUC____RB__ && !DEFINED___LB____clang____RB__ && !DEFINED___LB___WIN32__RB__ && 1 && !BUFFER_H;else;421;421
src/openvpn/buffer.h;1;!DEFINED___LB____GNUC____RB__ && !DEFINED___LB____clang____RB__ && !DEFINED___LB___WIN32__RB__;!DEFINED___LB____GNUC____RB__ && !DEFINED___LB____clang____RB__ && !DEFINED___LB___WIN32__RB__ && 1 && !BUFFER_H;artifact;422;426
src/openvpn/buffer.h;1;!DEFINED___LB____GNUC____RB__ && !DEFINED___LB____clang____RB__ && !DEFINED___LB___WIN32__RB__;!DEFINED___LB____GNUC____RB__ && !DEFINED___LB____clang____RB__ && !DEFINED___LB___WIN32__RB__ && 1 && !BUFFER_H;endif;427;427
src/openvpn/buffer.h;1;!BUFFER_H;1 && !BUFFER_H;artifact;428;436
src/openvpn/buffer.h;1;__GNUC__;1 && !BUFFER_H && __GNUC__;if;437;437
src/openvpn/buffer.h;1;__USE_MINGW_ANSI_STDIO;1 && !BUFFER_H && __GNUC__ && __USE_MINGW_ANSI_STDIO;if;438;438
src/openvpn/buffer.h;1;__USE_MINGW_ANSI_STDIO;1 && !BUFFER_H && __GNUC__ && __USE_MINGW_ANSI_STDIO;artifact;439;439
src/openvpn/buffer.h;1;!__USE_MINGW_ANSI_STDIO;!__USE_MINGW_ANSI_STDIO && 1 && !BUFFER_H && __GNUC__;else;440;440
src/openvpn/buffer.h;1;!__USE_MINGW_ANSI_STDIO;!__USE_MINGW_ANSI_STDIO && 1 && !BUFFER_H && __GNUC__;artifact;441;441
src/openvpn/buffer.h;1;!__USE_MINGW_ANSI_STDIO;!__USE_MINGW_ANSI_STDIO && 1 && !BUFFER_H && __GNUC__;endif;442;442
src/openvpn/buffer.h;1;__GNUC__;1 && !BUFFER_H && __GNUC__;endif;443;443
src/openvpn/buffer.h;1;!BUFFER_H;1 && !BUFFER_H;artifact;444;978
src/openvpn/buffer.h;1;VERIFY_ALIGNMENT;1 && !BUFFER_H && VERIFY_ALIGNMENT;if;979;979
src/openvpn/buffer.h;1;VERIFY_ALIGNMENT;1 && !BUFFER_H && VERIFY_ALIGNMENT;artifact;980;982
src/openvpn/buffer.h;1;!VERIFY_ALIGNMENT;!VERIFY_ALIGNMENT && 1 && !BUFFER_H;else;983;983
src/openvpn/buffer.h;1;!VERIFY_ALIGNMENT;!VERIFY_ALIGNMENT && 1 && !BUFFER_H;artifact;984;984
src/openvpn/buffer.h;1;!VERIFY_ALIGNMENT;!VERIFY_ALIGNMENT && 1 && !BUFFER_H;endif;985;985
src/openvpn/buffer.h;1;!BUFFER_H;1 && !BUFFER_H;artifact;986;1222
src/openvpn/buffer.h;1;!BUFFER_H;1 && !BUFFER_H;endif;1223;1223
src/openvpn/buffer.h;1;1;1;artifact;1224;1224
src/openvpn/circ_list.h;1;1;1;ROOT;1;79
src/openvpn/circ_list.h;1;1;1;artifact;1;23
src/openvpn/circ_list.h;1;!CIRC_LIST_H;1 && !CIRC_LIST_H;if;24;24
src/openvpn/circ_list.h;1;!CIRC_LIST_H;1 && !CIRC_LIST_H;artifact;25;76
src/openvpn/circ_list.h;1;!CIRC_LIST_H;1 && !CIRC_LIST_H;endif;77;77
src/openvpn/circ_list.h;1;1;1;artifact;78;78
src/openvpn/clinat.c;1;1;1;ROOT;1;278
src/openvpn/clinat.c;1;1;1;artifact;1;23
src/openvpn/clinat.c;1;HAVE_CONFIG_H;1 && HAVE_CONFIG_H;if;24;24
src/openvpn/clinat.c;1;HAVE_CONFIG_H;1 && HAVE_CONFIG_H;artifact;25;25
src/openvpn/clinat.c;1;HAVE_CONFIG_H;1 && HAVE_CONFIG_H;endif;26;26
src/openvpn/clinat.c;1;1;1;artifact;27;151
src/openvpn/clinat.c;1;0;1 && 0;if;152;152
src/openvpn/clinat.c;1;0;1 && 0;artifact;153;165
src/openvpn/clinat.c;1;0;1 && 0;endif;166;166
src/openvpn/clinat.c;1;1;1;artifact;167;277
src/openvpn/clinat.h;1;1;1;ROOT;1;69
src/openvpn/clinat.h;1;1;1;artifact;1;23
src/openvpn/clinat.h;1;!DEFINED___LB__CLINAT_H__RB__;1 && !DEFINED___LB__CLINAT_H__RB__;if;24;24
src/openvpn/clinat.h;1;!DEFINED___LB__CLINAT_H__RB__;1 && !DEFINED___LB__CLINAT_H__RB__;artifact;25;66
src/openvpn/clinat.h;1;!DEFINED___LB__CLINAT_H__RB__;1 && !DEFINED___LB__CLINAT_H__RB__;endif;67;67
src/openvpn/clinat.h;1;1;1;artifact;68;68
src/openvpn/common.h;1;1;1;ROOT;1;102
src/openvpn/common.h;1;1;1;artifact;1;23
src/openvpn/common.h;1;!COMMON_H;1 && !COMMON_H;if;24;24
src/openvpn/common.h;1;!COMMON_H;1 && !COMMON_H;artifact;25;45
src/openvpn/common.h;1;_WIN64;1 && !COMMON_H && _WIN64;if;46;46
src/openvpn/common.h;1;_WIN64;1 && !COMMON_H && _WIN64;artifact;47;47
src/openvpn/common.h;1;!_WIN64;!_WIN64 && 1 && !COMMON_H;else;48;48
src/openvpn/common.h;1;!_WIN64;!_WIN64 && 1 && !COMMON_H;artifact;49;49
src/openvpn/common.h;1;!_WIN64;!_WIN64 && 1 && !COMMON_H;endif;50;50
src/openvpn/common.h;1;!COMMON_H;1 && !COMMON_H;artifact;51;54
src/openvpn/common.h;1;_WIN64;1 && !COMMON_H && _WIN64;if;55;55
src/openvpn/common.h;1;_WIN64;1 && !COMMON_H && _WIN64;artifact;56;56
src/openvpn/common.h;1;!_WIN64;!_WIN64 && 1 && !COMMON_H;else;57;57
src/openvpn/common.h;1;!_WIN64;!_WIN64 && 1 && !COMMON_H;artifact;58;58
src/openvpn/common.h;1;!_WIN64;!_WIN64 && 1 && !COMMON_H;endif;59;59
src/openvpn/common.h;1;!COMMON_H;1 && !COMMON_H;artifact;60;99
src/openvpn/common.h;1;!COMMON_H;1 && !COMMON_H;endif;100;100
src/openvpn/common.h;1;1;1;artifact;101;101
src/openvpn/comp-lz4.c;1;1;1;ROOT;1;313
src/openvpn/comp-lz4.c;1;1;1;artifact;1;24
src/openvpn/comp-lz4.c;1;HAVE_CONFIG_H;1 && HAVE_CONFIG_H;if;25;25
src/openvpn/comp-lz4.c;1;HAVE_CONFIG_H;1 && HAVE_CONFIG_H;artifact;26;26
src/openvpn/comp-lz4.c;1;HAVE_CONFIG_H;1 && HAVE_CONFIG_H;endif;27;27
src/openvpn/comp-lz4.c;1;1;1;artifact;28;30
src/openvpn/comp-lz4.c;1;DEFINED___LB__ENABLE_LZ4__RB__;1 && DEFINED___LB__ENABLE_LZ4__RB__;if;31;31
src/openvpn/comp-lz4.c;1;DEFINED___LB__ENABLE_LZ4__RB__;1 && DEFINED___LB__ENABLE_LZ4__RB__;artifact;32;310
src/openvpn/comp-lz4.c;1;DEFINED___LB__ENABLE_LZ4__RB__;1 && DEFINED___LB__ENABLE_LZ4__RB__;endif;311;311
src/openvpn/comp-lz4.c;1;1;1;artifact;312;312
src/openvpn/comp-lz4.h;1;1;1;ROOT;1;43
src/openvpn/comp-lz4.h;1;1;1;artifact;1;24
src/openvpn/comp-lz4.h;1;!OPENVPN_COMP_LZ4_H;1 && !OPENVPN_COMP_LZ4_H;if;25;25
src/openvpn/comp-lz4.h;1;!OPENVPN_COMP_LZ4_H;1 && !OPENVPN_COMP_LZ4_H;artifact;26;27
src/openvpn/comp-lz4.h;1;DEFINED___LB__ENABLE_LZ4__RB__;1 && !OPENVPN_COMP_LZ4_H && DEFINED___LB__ENABLE_LZ4__RB__;if;28;28
src/openvpn/comp-lz4.h;1;DEFINED___LB__ENABLE_LZ4__RB__;1 && !OPENVPN_COMP_LZ4_H && DEFINED___LB__ENABLE_LZ4__RB__;artifact;29;39
src/openvpn/comp-lz4.h;1;DEFINED___LB__ENABLE_LZ4__RB__;1 && !OPENVPN_COMP_LZ4_H && DEFINED___LB__ENABLE_LZ4__RB__;endif;40;40
src/openvpn/comp-lz4.h;1;!OPENVPN_COMP_LZ4_H;1 && !OPENVPN_COMP_LZ4_H;endif;41;41
src/openvpn/comp-lz4.h;1;1;1;artifact;42;42
src/openvpn/comp.c;1;1;1;ROOT;1;208
src/openvpn/comp.c;1;1;1;artifact;1;23
src/openvpn/comp.c;1;HAVE_CONFIG_H;1 && HAVE_CONFIG_H;if;24;24
src/openvpn/comp.c;1;HAVE_CONFIG_H;1 && HAVE_CONFIG_H;artifact;25;25
src/openvpn/comp.c;1;HAVE_CONFIG_H;1 && HAVE_CONFIG_H;endif;26;26
src/openvpn/comp.c;1;1;1;artifact;27;32
src/openvpn/comp.c;1;USE_COMP;1 && USE_COMP;if;33;33
src/openvpn/comp.c;1;USE_COMP;1 && USE_COMP;artifact;34;56
src/openvpn/comp.c;1;ENABLE_LZO;1 && USE_COMP && ENABLE_LZO;if;57;57
src/openvpn/comp.c;1;ENABLE_LZO;1 && USE_COMP && ENABLE_LZO;artifact;58;63
src/openvpn/comp.c;1;ENABLE_LZO;1 && USE_COMP && ENABLE_LZO;endif;64;64
src/openvpn/comp.c;1;ENABLE_LZ4;1 && USE_COMP && ENABLE_LZ4;if;65;65
src/openvpn/comp.c;1;ENABLE_LZ4;1 && USE_COMP && ENABLE_LZ4;artifact;66;76
src/openvpn/comp.c;1;ENABLE_LZ4;1 && USE_COMP && ENABLE_LZ4;endif;77;77
src/openvpn/comp.c;1;USE_COMP;1 && USE_COMP;artifact;78;143
src/openvpn/comp.c;1;DEFINED___LB__ENABLE_LZ4__RB__;1 && USE_COMP && DEFINED___LB__ENABLE_LZ4__RB__;if;144;144
src/openvpn/comp.c;1;DEFINED___LB__ENABLE_LZ4__RB__;1 && USE_COMP && DEFINED___LB__ENABLE_LZ4__RB__;artifact;145;146
src/openvpn/comp.c;1;DEFINED___LB__ENABLE_LZ4__RB__;1 && USE_COMP && DEFINED___LB__ENABLE_LZ4__RB__;endif;147;147
src/openvpn/comp.c;1;DEFINED___LB__ENABLE_LZO__RB__;1 && USE_COMP && DEFINED___LB__ENABLE_LZO__RB__;if;148;148
src/openvpn/comp.c;1;DEFINED___LB__ENABLE_LZO__RB__;1 && USE_COMP && DEFINED___LB__ENABLE_LZO__RB__;artifact;149;150
src/openvpn/comp.c;1;DEFINED___LB__ENABLE_LZO__RB__;1 && USE_COMP && DEFINED___LB__ENABLE_LZO__RB__;endif;151;151
src/openvpn/comp.c;1;USE_COMP;1 && USE_COMP;artifact;152;159
src/openvpn/comp.c;1;USE_COMP;1 && USE_COMP;endif;160;160
src/openvpn/comp.c;1;1;1;artifact;161;172
src/openvpn/comp.c;1;USE_COMP;1 && USE_COMP;if;173;173
src/openvpn/comp.c;1;USE_COMP;1 && USE_COMP;artifact;174;175
src/openvpn/comp.c;1;!USE_COMP;!USE_COMP && 1;else;176;176
src/openvpn/comp.c;1;!USE_COMP;!USE_COMP && 1;artifact;177;178
src/openvpn/comp.c;1;!USE_COMP;!USE_COMP && 1;endif;179;179
src/openvpn/comp.c;1;1;1;artifact;180;188
src/openvpn/comp.c;1;!ENABLE_LZ4;1 && !ENABLE_LZ4;if;189;189
src/openvpn/comp.c;1;!ENABLE_LZ4;1 && !ENABLE_LZ4;artifact;190;195
src/openvpn/comp.c;1;!ENABLE_LZ4;1 && !ENABLE_LZ4;endif;196;196
src/openvpn/comp.c;1;!ENABLE_LZO;1 && !ENABLE_LZO;if;197;197
src/openvpn/comp.c;1;!ENABLE_LZO;1 && !ENABLE_LZO;artifact;198;203
src/openvpn/comp.c;1;!ENABLE_LZO;1 && !ENABLE_LZO;endif;204;204
src/openvpn/comp.c;1;1;1;artifact;205;207
src/openvpn/comp.h;1;1;1;ROOT;1;211
src/openvpn/comp.h;1;1;1;artifact;1;27
src/openvpn/comp.h;1;!OPENVPN_COMP_H;1 && !OPENVPN_COMP_H;if;28;28
src/openvpn/comp.h;1;!OPENVPN_COMP_H;1 && !OPENVPN_COMP_H;artifact;29;86
src/openvpn/comp.h;1;USE_COMP;1 && !OPENVPN_COMP_H && USE_COMP;if;87;87
src/openvpn/comp.h;1;USE_COMP;1 && !OPENVPN_COMP_H && USE_COMP;artifact;88;152
src/openvpn/comp.h;1;ENABLE_LZO;1 && !OPENVPN_COMP_H && USE_COMP && ENABLE_LZO;if;153;153
src/openvpn/comp.h;1;ENABLE_LZO;1 && !OPENVPN_COMP_H && USE_COMP && ENABLE_LZO;artifact;154;154
src/openvpn/comp.h;1;ENABLE_LZO;1 && !OPENVPN_COMP_H && USE_COMP && ENABLE_LZO;endif;155;155
src/openvpn/comp.h;1;USE_COMP;1 && !OPENVPN_COMP_H && USE_COMP;artifact;156;156
src/openvpn/comp.h;1;ENABLE_LZ4;1 && !OPENVPN_COMP_H && USE_COMP && ENABLE_LZ4;if;157;157
src/openvpn/comp.h;1;ENABLE_LZ4;1 && !OPENVPN_COMP_H && USE_COMP && ENABLE_LZ4;artifact;158;158
src/openvpn/comp.h;1;ENABLE_LZ4;1 && !OPENVPN_COMP_H && USE_COMP && ENABLE_LZ4;endif;159;159
src/openvpn/comp.h;1;USE_COMP;1 && !OPENVPN_COMP_H && USE_COMP;artifact;160;165
src/openvpn/comp.h;1;ENABLE_LZO;1 && !OPENVPN_COMP_H && USE_COMP && ENABLE_LZO;if;166;166
src/openvpn/comp.h;1;ENABLE_LZO;1 && !OPENVPN_COMP_H && USE_COMP && ENABLE_LZO;artifact;167;167
src/openvpn/comp.h;1;ENABLE_LZO;1 && !OPENVPN_COMP_H && USE_COMP && ENABLE_LZO;endif;168;168
src/openvpn/comp.h;1;ENABLE_LZ4;1 && !OPENVPN_COMP_H && USE_COMP && ENABLE_LZ4;if;169;169
src/openvpn/comp.h;1;ENABLE_LZ4;1 && !OPENVPN_COMP_H && USE_COMP && ENABLE_LZ4;artifact;170;170
src/openvpn/comp.h;1;ENABLE_LZ4;1 && !OPENVPN_COMP_H && USE_COMP && ENABLE_LZ4;endif;171;171
src/openvpn/comp.h;1;USE_COMP;1 && !OPENVPN_COMP_H && USE_COMP;artifact;172;207
src/openvpn/comp.h;1;USE_COMP;1 && !OPENVPN_COMP_H && USE_COMP;endif;208;208
src/openvpn/comp.h;1;!OPENVPN_COMP_H;1 && !OPENVPN_COMP_H;endif;209;209
src/openvpn/comp.h;1;1;1;artifact;210;210
src/openvpn/compstub.c;1;1;1;ROOT;1;178
src/openvpn/compstub.c;1;1;1;artifact;1;23
src/openvpn/compstub.c;1;HAVE_CONFIG_H;1 && HAVE_CONFIG_H;if;24;24
src/openvpn/compstub.c;1;HAVE_CONFIG_H;1 && HAVE_CONFIG_H;artifact;25;25
src/openvpn/compstub.c;1;HAVE_CONFIG_H;1 && HAVE_CONFIG_H;endif;26;26
src/openvpn/compstub.c;1;1;1;artifact;27;29
src/openvpn/compstub.c;1;DEFINED___LB__USE_COMP__RB__;1 && DEFINED___LB__USE_COMP__RB__;if;30;30
src/openvpn/compstub.c;1;DEFINED___LB__USE_COMP__RB__;1 && DEFINED___LB__USE_COMP__RB__;artifact;31;175
src/openvpn/compstub.c;1;DEFINED___LB__USE_COMP__RB__;1 && DEFINED___LB__USE_COMP__RB__;endif;176;176
src/openvpn/compstub.c;1;1;1;artifact;177;177
src/openvpn/console.c;1;1;1;ROOT;1;86
src/openvpn/console.c;1;1;1;artifact;1;25
src/openvpn/console.c;1;HAVE_CONFIG_H;1 && HAVE_CONFIG_H;if;26;26
src/openvpn/console.c;1;HAVE_CONFIG_H;1 && HAVE_CONFIG_H;artifact;27;27
src/openvpn/console.c;1;HAVE_CONFIG_H;1 && HAVE_CONFIG_H;endif;28;28
src/openvpn/console.c;1;1;1;artifact;29;35
src/openvpn/console.c;1;ENABLE_SYSTEMD;1 && ENABLE_SYSTEMD;if;36;36
src/openvpn/console.c;1;ENABLE_SYSTEMD;1 && ENABLE_SYSTEMD;artifact;37;37
src/openvpn/console.c;1;ENABLE_SYSTEMD;1 && ENABLE_SYSTEMD;endif;38;38
src/openvpn/console.c;1;1;1;artifact;39;85
src/openvpn/console.h;1;1;1;ROOT;1;121
src/openvpn/console.h;1;1;1;artifact;1;25
src/openvpn/console.h;1;!CONSOLE_H;1 && !CONSOLE_H;if;26;26
src/openvpn/console.h;1;!CONSOLE_H;1 && !CONSOLE_H;artifact;27;77
src/openvpn/console.h;1;DEFINED___LB__ENABLE_SYSTEMD__RB__;1 && !CONSOLE_H && DEFINED___LB__ENABLE_SYSTEMD__RB__;if;78;78
src/openvpn/console.h;1;DEFINED___LB__ENABLE_SYSTEMD__RB__;1 && !CONSOLE_H && DEFINED___LB__ENABLE_SYSTEMD__RB__;artifact;79;87
src/openvpn/console.h;1;!DEFINED___LB__ENABLE_SYSTEMD__RB__;!DEFINED___LB__ENABLE_SYSTEMD__RB__ && 1 && !CONSOLE_H;else;88;88
src/openvpn/console.h;1;!DEFINED___LB__ENABLE_SYSTEMD__RB__;!DEFINED___LB__ENABLE_SYSTEMD__RB__ && 1 && !CONSOLE_H;artifact;89;98
src/openvpn/console.h;1;!DEFINED___LB__ENABLE_SYSTEMD__RB__;!DEFINED___LB__ENABLE_SYSTEMD__RB__ && 1 && !CONSOLE_H;endif;99;99
src/openvpn/console.h;1;!CONSOLE_H;1 && !CONSOLE_H;artifact;100;118
src/openvpn/console.h;1;!CONSOLE_H;1 && !CONSOLE_H;endif;119;119
src/openvpn/console.h;1;1;1;artifact;120;120
src/openvpn/console_builtin.c;1;1;1;ROOT;1;300
src/openvpn/console_builtin.c;1;1;1;artifact;1;30
src/openvpn/console_builtin.c;1;HAVE_CONFIG_H;1 && HAVE_CONFIG_H;if;31;31
src/openvpn/console_builtin.c;1;HAVE_CONFIG_H;1 && HAVE_CONFIG_H;artifact;32;32
src/openvpn/console_builtin.c;1;HAVE_CONFIG_H;1 && HAVE_CONFIG_H;endif;33;33
src/openvpn/console_builtin.c;1;1;1;artifact;34;40
src/openvpn/console_builtin.c;1;HAVE_TERMIOS_H;1 && HAVE_TERMIOS_H;if;41;41
src/openvpn/console_builtin.c;1;HAVE_TERMIOS_H;1 && HAVE_TERMIOS_H;artifact;42;42
src/openvpn/console_builtin.c;1;HAVE_TERMIOS_H;1 && HAVE_TERMIOS_H;endif;43;43
src/openvpn/console_builtin.c;1;1;1;artifact;44;44
src/openvpn/console_builtin.c;1;_WIN32;1 && _WIN32;if;45;45
src/openvpn/console_builtin.c;1;_WIN32;1 && _WIN32;artifact;46;138
src/openvpn/console_builtin.c;1;_WIN32;1 && _WIN32;endif;139;139
src/openvpn/console_builtin.c;1;1;1;artifact;140;141
src/openvpn/console_builtin.c;1;HAVE_TERMIOS_H;1 && HAVE_TERMIOS_H;if;142;142
src/openvpn/console_builtin.c;1;HAVE_TERMIOS_H;1 && HAVE_TERMIOS_H;artifact;143;180
src/openvpn/console_builtin.c;1;HAVE_TERMIOS_H;1 && HAVE_TERMIOS_H;endif;181;181
src/openvpn/console_builtin.c;1;1;1;artifact;182;202
src/openvpn/console_builtin.c;1;DEFINED___LB___WIN32__RB__;1 && DEFINED___LB___WIN32__RB__;if;203;203
src/openvpn/console_builtin.c;1;DEFINED___LB___WIN32__RB__;1 && DEFINED___LB___WIN32__RB__;artifact;204;204
src/openvpn/console_builtin.c;1;DEFINED___LB__HAVE_TERMIOS_H__RB__ && !DEFINED___LB___WIN32__RB__;DEFINED___LB__HAVE_TERMIOS_H__RB__ && !DEFINED___LB___WIN32__RB__ && 1;elif;205;205
src/openvpn/console_builtin.c;1;DEFINED___LB__HAVE_TERMIOS_H__RB__ && !DEFINED___LB___WIN32__RB__;DEFINED___LB__HAVE_TERMIOS_H__RB__ && !DEFINED___LB___WIN32__RB__ && 1;artifact;206;260
src/openvpn/console_builtin.c;1;!DEFINED___LB__HAVE_TERMIOS_H__RB__ && !DEFINED___LB___WIN32__RB__;!DEFINED___LB__HAVE_TERMIOS_H__RB__ && !DEFINED___LB___WIN32__RB__ && 1;else;261;261
src/openvpn/console_builtin.c;1;!DEFINED___LB__HAVE_TERMIOS_H__RB__ && !DEFINED___LB___WIN32__RB__;!DEFINED___LB__HAVE_TERMIOS_H__RB__ && !DEFINED___LB___WIN32__RB__ && 1;artifact;262;262
src/openvpn/console_builtin.c;1;!DEFINED___LB__HAVE_TERMIOS_H__RB__ && !DEFINED___LB___WIN32__RB__;!DEFINED___LB__HAVE_TERMIOS_H__RB__ && !DEFINED___LB___WIN32__RB__ && 1;endif;263;263
src/openvpn/console_builtin.c;1;1;1;artifact;264;299
src/openvpn/console_systemd.c;1;1;1;ROOT;1;126
src/openvpn/console_systemd.c;1;1;1;artifact;1;31
src/openvpn/console_systemd.c;1;ENABLE_SYSTEMD;1 && ENABLE_SYSTEMD;if;32;32
src/openvpn/console_systemd.c;1;ENABLE_SYSTEMD;1 && ENABLE_SYSTEMD;artifact;33;65
src/openvpn/console_systemd.c;1;SYSTEMD_NEWER_THAN_216;1 && ENABLE_SYSTEMD && SYSTEMD_NEWER_THAN_216;if;66;66
src/openvpn/console_systemd.c;1;SYSTEMD_NEWER_THAN_216;1 && ENABLE_SYSTEMD && SYSTEMD_NEWER_THAN_216;artifact;67;71
src/openvpn/console_systemd.c;1;SYSTEMD_NEWER_THAN_216;1 && ENABLE_SYSTEMD && SYSTEMD_NEWER_THAN_216;endif;72;72
src/openvpn/console_systemd.c;1;ENABLE_SYSTEMD;1 && ENABLE_SYSTEMD;artifact;73;123
src/openvpn/console_systemd.c;1;ENABLE_SYSTEMD;1 && ENABLE_SYSTEMD;endif;124;124
src/openvpn/console_systemd.c;1;1;1;artifact;125;125
src/openvpn/crypto.c;1;1;1;ROOT;1;1813
src/openvpn/crypto.c;1;1;1;artifact;1;24
src/openvpn/crypto.c;1;HAVE_CONFIG_H;1 && HAVE_CONFIG_H;if;25;25
src/openvpn/crypto.c;1;HAVE_CONFIG_H;1 && HAVE_CONFIG_H;artifact;26;26
src/openvpn/crypto.c;1;HAVE_CONFIG_H;1 && HAVE_CONFIG_H;endif;27;27
src/openvpn/crypto.c;1;1;1;artifact;28;764
src/openvpn/crypto.c;1;ENABLE_OFB_CFB_MODE;1 && ENABLE_OFB_CFB_MODE;if;765;765
src/openvpn/crypto.c;1;ENABLE_OFB_CFB_MODE;1 && ENABLE_OFB_CFB_MODE;artifact;766;766
src/openvpn/crypto.c;1;ENABLE_OFB_CFB_MODE;1 && ENABLE_OFB_CFB_MODE;endif;767;767
src/openvpn/crypto.c;1;1;1;artifact;768;1205
src/openvpn/crypto.c;1;0;1 && 0;if;1206;1206
src/openvpn/crypto.c;1;0;1 && 0;artifact;1207;1208
src/openvpn/crypto.c;1;0;1 && 0;endif;1209;1209
src/openvpn/crypto.c;1;1;1;artifact;1210;1325
src/openvpn/crypto.c;1;0;1 && 0;if;1326;1326
src/openvpn/crypto.c;1;0;1 && 0;artifact;1327;1342
src/openvpn/crypto.c;1;0;1 && 0;endif;1343;1343
src/openvpn/crypto.c;1;1;1;artifact;1344;1416
src/openvpn/crypto.c;1;ENABLE_SMALL;1 && ENABLE_SMALL;if;1417;1417
src/openvpn/crypto.c;1;ENABLE_SMALL;1 && ENABLE_SMALL;artifact;1418;1418
src/openvpn/crypto.c;1;!ENABLE_SMALL;!ENABLE_SMALL && 1;else;1419;1419
src/openvpn/crypto.c;1;!ENABLE_SMALL;!ENABLE_SMALL && 1;artifact;1420;1420
src/openvpn/crypto.c;1;!ENABLE_SMALL;!ENABLE_SMALL && 1;endif;1421;1421
src/openvpn/crypto.c;1;1;1;artifact;1422;1812
src/openvpn/crypto.h;1;1;1;ROOT;1;606
src/openvpn/crypto.h;1;1;1;artifact;1;121
src/openvpn/crypto.h;1;!CRYPTO_H;1 && !CRYPTO_H;if;122;122
src/openvpn/crypto.h;1;!CRYPTO_H;1 && !CRYPTO_H;artifact;123;603
src/openvpn/crypto.h;1;!CRYPTO_H;1 && !CRYPTO_H;endif;604;604
src/openvpn/crypto.h;1;1;1;artifact;605;605
src/openvpn/crypto_backend.h;1;1;1;ROOT;1;724
src/openvpn/crypto_backend.h;1;1;1;artifact;1;28
src/openvpn/crypto_backend.h;1;!CRYPTO_BACKEND_H_;1 && !CRYPTO_BACKEND_H_;if;29;29
src/openvpn/crypto_backend.h;1;!CRYPTO_BACKEND_H_;1 && !CRYPTO_BACKEND_H_;artifact;30;31
src/openvpn/crypto_backend.h;1;ENABLE_CRYPTO_OPENSSL;1 && !CRYPTO_BACKEND_H_ && ENABLE_CRYPTO_OPENSSL;if;32;32
src/openvpn/crypto_backend.h;1;ENABLE_CRYPTO_OPENSSL;1 && !CRYPTO_BACKEND_H_ && ENABLE_CRYPTO_OPENSSL;artifact;33;33
src/openvpn/crypto_backend.h;1;ENABLE_CRYPTO_OPENSSL;1 && !CRYPTO_BACKEND_H_ && ENABLE_CRYPTO_OPENSSL;endif;34;34
src/openvpn/crypto_backend.h;1;ENABLE_CRYPTO_MBEDTLS;1 && !CRYPTO_BACKEND_H_ && ENABLE_CRYPTO_MBEDTLS;if;35;35
src/openvpn/crypto_backend.h;1;ENABLE_CRYPTO_MBEDTLS;1 && !CRYPTO_BACKEND_H_ && ENABLE_CRYPTO_MBEDTLS;artifact;36;36
src/openvpn/crypto_backend.h;1;ENABLE_CRYPTO_MBEDTLS;1 && !CRYPTO_BACKEND_H_ && ENABLE_CRYPTO_MBEDTLS;endif;37;37
src/openvpn/crypto_backend.h;1;!CRYPTO_BACKEND_H_;1 && !CRYPTO_BACKEND_H_;artifact;38;95
src/openvpn/crypto_backend.h;1;DMALLOC;1 && !CRYPTO_BACKEND_H_ && DMALLOC;if;96;96
src/openvpn/crypto_backend.h;1;DMALLOC;1 && !CRYPTO_BACKEND_H_ && DMALLOC;artifact;97;103
src/openvpn/crypto_backend.h;1;DMALLOC;1 && !CRYPTO_BACKEND_H_ && DMALLOC;endif;104;104
src/openvpn/crypto_backend.h;1;!CRYPTO_BACKEND_H_;1 && !CRYPTO_BACKEND_H_;artifact;105;721
src/openvpn/crypto_backend.h;1;!CRYPTO_BACKEND_H_;1 && !CRYPTO_BACKEND_H_;endif;722;722
src/openvpn/crypto_backend.h;1;1;1;artifact;723;723
src/openvpn/crypto_mbedtls.c;1;1;1;ROOT;1;1124
src/openvpn/crypto_mbedtls.c;1;1;1;artifact;1;28
src/openvpn/crypto_mbedtls.c;1;HAVE_CONFIG_H;1 && HAVE_CONFIG_H;if;29;29
src/openvpn/crypto_mbedtls.c;1;HAVE_CONFIG_H;1 && HAVE_CONFIG_H;artifact;30;30
src/openvpn/crypto_mbedtls.c;1;HAVE_CONFIG_H;1 && HAVE_CONFIG_H;endif;31;31
src/openvpn/crypto_mbedtls.c;1;1;1;artifact;32;34
src/openvpn/crypto_mbedtls.c;1;DEFINED___LB__ENABLE_CRYPTO_MBEDTLS__RB__;1 && DEFINED___LB__ENABLE_CRYPTO_MBEDTLS__RB__;if;35;35
src/openvpn/crypto_mbedtls.c;1;DEFINED___LB__ENABLE_CRYPTO_MBEDTLS__RB__;1 && DEFINED___LB__ENABLE_CRYPTO_MBEDTLS__RB__;artifact;36;139
src/openvpn/crypto_mbedtls.c;1;DMALLOC;1 && DEFINED___LB__ENABLE_CRYPTO_MBEDTLS__RB__ && DMALLOC;if;140;140
src/openvpn/crypto_mbedtls.c;1;DMALLOC;1 && DEFINED___LB__ENABLE_CRYPTO_MBEDTLS__RB__ && DMALLOC;artifact;141;145
src/openvpn/crypto_mbedtls.c;1;DMALLOC;1 && DEFINED___LB__ENABLE_CRYPTO_MBEDTLS__RB__ && DMALLOC;endif;146;146
src/openvpn/crypto_mbedtls.c;1;DEFINED___LB__ENABLE_CRYPTO_MBEDTLS__RB__;1 && DEFINED___LB__ENABLE_CRYPTO_MBEDTLS__RB__;artifact;147;162
src/openvpn/crypto_mbedtls.c;1;!ENABLE_SMALL;1 && DEFINED___LB__ENABLE_CRYPTO_MBEDTLS__RB__ && !ENABLE_SMALL;if;163;163
src/openvpn/crypto_mbedtls.c;1;!ENABLE_SMALL;1 && DEFINED___LB__ENABLE_CRYPTO_MBEDTLS__RB__ && !ENABLE_SMALL;artifact;164;168
src/openvpn/crypto_mbedtls.c;1;!ENABLE_SMALL;1 && DEFINED___LB__ENABLE_CRYPTO_MBEDTLS__RB__ && !ENABLE_SMALL;endif;169;169
src/openvpn/crypto_mbedtls.c;1;DEFINED___LB__ENABLE_CRYPTO_MBEDTLS__RB__;1 && DEFINED___LB__ENABLE_CRYPTO_MBEDTLS__RB__;artifact;170;204
src/openvpn/crypto_mbedtls.c;1;!ENABLE_SMALL;1 && DEFINED___LB__ENABLE_CRYPTO_MBEDTLS__RB__ && !ENABLE_SMALL;if;205;205
src/openvpn/crypto_mbedtls.c;1;!ENABLE_SMALL;1 && DEFINED___LB__ENABLE_CRYPTO_MBEDTLS__RB__ && !ENABLE_SMALL;artifact;206;210
src/openvpn/crypto_mbedtls.c;1;!ENABLE_SMALL;1 && DEFINED___LB__ENABLE_CRYPTO_MBEDTLS__RB__ && !ENABLE_SMALL;endif;211;211
src/openvpn/crypto_mbedtls.c;1;DEFINED___LB__ENABLE_CRYPTO_MBEDTLS__RB__;1 && DEFINED___LB__ENABLE_CRYPTO_MBEDTLS__RB__;artifact;212;362
src/openvpn/crypto_mbedtls.c;1;ENABLE_PREDICTION_RESISTANCE;1 && DEFINED___LB__ENABLE_CRYPTO_MBEDTLS__RB__ && ENABLE_PREDICTION_RESISTANCE;if;363;363
src/openvpn/crypto_mbedtls.c;1;ENABLE_PREDICTION_RESISTANCE;1 && DEFINED___LB__ENABLE_CRYPTO_MBEDTLS__RB__ && ENABLE_PREDICTION_RESISTANCE;artifact;364;370
src/openvpn/crypto_mbedtls.c;1;ENABLE_PREDICTION_RESISTANCE;1 && DEFINED___LB__ENABLE_CRYPTO_MBEDTLS__RB__ && ENABLE_PREDICTION_RESISTANCE;endif;371;371
src/openvpn/crypto_mbedtls.c;1;DEFINED___LB__ENABLE_CRYPTO_MBEDTLS__RB__;1 && DEFINED___LB__ENABLE_CRYPTO_MBEDTLS__RB__;artifact;372;505
src/openvpn/crypto_mbedtls.c;1;MBEDTLS_CHACHAPOLY_C;1 && DEFINED___LB__ENABLE_CRYPTO_MBEDTLS__RB__ && MBEDTLS_CHACHAPOLY_C;if;506;506
src/openvpn/crypto_mbedtls.c;1;MBEDTLS_CHACHAPOLY_C;1 && DEFINED___LB__ENABLE_CRYPTO_MBEDTLS__RB__ && MBEDTLS_CHACHAPOLY_C;artifact;507;507
src/openvpn/crypto_mbedtls.c;1;MBEDTLS_CHACHAPOLY_C;1 && DEFINED___LB__ENABLE_CRYPTO_MBEDTLS__RB__ && MBEDTLS_CHACHAPOLY_C;endif;508;508
src/openvpn/crypto_mbedtls.c;1;DEFINED___LB__ENABLE_CRYPTO_MBEDTLS__RB__;1 && DEFINED___LB__ENABLE_CRYPTO_MBEDTLS__RB__;artifact;509;538
src/openvpn/crypto_mbedtls.c;1;MBEDTLS_CHACHAPOLY_C;1 && DEFINED___LB__ENABLE_CRYPTO_MBEDTLS__RB__ && MBEDTLS_CHACHAPOLY_C;if;539;539
src/openvpn/crypto_mbedtls.c;1;MBEDTLS_CHACHAPOLY_C;1 && DEFINED___LB__ENABLE_CRYPTO_MBEDTLS__RB__ && MBEDTLS_CHACHAPOLY_C;artifact;540;540
src/openvpn/crypto_mbedtls.c;1;MBEDTLS_CHACHAPOLY_C;1 && DEFINED___LB__ENABLE_CRYPTO_MBEDTLS__RB__ && MBEDTLS_CHACHAPOLY_C;endif;541;541
src/openvpn/crypto_mbedtls.c;1;DEFINED___LB__ENABLE_CRYPTO_MBEDTLS__RB__;1 && DEFINED___LB__ENABLE_CRYPTO_MBEDTLS__RB__;artifact;542;653
src/openvpn/crypto_mbedtls.c;1;MBEDTLS_CHACHAPOLY_C;1 && DEFINED___LB__ENABLE_CRYPTO_MBEDTLS__RB__ && MBEDTLS_CHACHAPOLY_C;if;654;654
src/openvpn/crypto_mbedtls.c;1;MBEDTLS_CHACHAPOLY_C;1 && DEFINED___LB__ENABLE_CRYPTO_MBEDTLS__RB__ && MBEDTLS_CHACHAPOLY_C;artifact;655;655
src/openvpn/crypto_mbedtls.c;1;MBEDTLS_CHACHAPOLY_C;1 && DEFINED___LB__ENABLE_CRYPTO_MBEDTLS__RB__ && MBEDTLS_CHACHAPOLY_C;endif;656;656
src/openvpn/crypto_mbedtls.c;1;DEFINED___LB__ENABLE_CRYPTO_MBEDTLS__RB__;1 && DEFINED___LB__ENABLE_CRYPTO_MBEDTLS__RB__;artifact;657;982
src/openvpn/crypto_mbedtls.c;1;HAVE_MBEDTLS_SSL_TLS_PRF && DEFINED___LB__MBEDTLS_SSL_TLS_PRF_TLS1__RB__;1 && DEFINED___LB__ENABLE_CRYPTO_MBEDTLS__RB__ && HAVE_MBEDTLS_SSL_TLS_PRF && DEFINED___LB__MBEDTLS_SSL_TLS_PRF_TLS1__RB__;if;983;983
src/openvpn/crypto_mbedtls.c;1;HAVE_MBEDTLS_SSL_TLS_PRF && DEFINED___LB__MBEDTLS_SSL_TLS_PRF_TLS1__RB__;1 && DEFINED___LB__ENABLE_CRYPTO_MBEDTLS__RB__ && HAVE_MBEDTLS_SSL_TLS_PRF && DEFINED___LB__MBEDTLS_SSL_TLS_PRF_TLS1__RB__;artifact;984;991
src/openvpn/crypto_mbedtls.c;1;!HAVE_MBEDTLS_SSL_TLS_PRF || !DEFINED___LB__MBEDTLS_SSL_TLS_PRF_TLS1__RB__;(!HAVE_MBEDTLS_SSL_TLS_PRF || !DEFINED___LB__MBEDTLS_SSL_TLS_PRF_TLS1__RB__) && 1 && DEFINED___LB__ENABLE_CRYPTO_MBEDTLS__RB__;else;992;992
src/openvpn/crypto_mbedtls.c;1;!HAVE_MBEDTLS_SSL_TLS_PRF || !DEFINED___LB__MBEDTLS_SSL_TLS_PRF_TLS1__RB__;(!HAVE_MBEDTLS_SSL_TLS_PRF || !DEFINED___LB__MBEDTLS_SSL_TLS_PRF_TLS1__RB__) && 1 && DEFINED___LB__ENABLE_CRYPTO_MBEDTLS__RB__;artifact;993;1010
src/openvpn/crypto_mbedtls.c;1;ENABLE_DEBUG;(!HAVE_MBEDTLS_SSL_TLS_PRF || !DEFINED___LB__MBEDTLS_SSL_TLS_PRF_TLS1__RB__) && 1 && DEFINED___LB__ENABLE_CRYPTO_MBEDTLS__RB__ && ENABLE_DEBUG;if;1011;1011
src/openvpn/crypto_mbedtls.c;1;ENABLE_DEBUG;(!HAVE_MBEDTLS_SSL_TLS_PRF || !DEFINED___LB__MBEDTLS_SSL_TLS_PRF_TLS1__RB__) && 1 && DEFINED___LB__ENABLE_CRYPTO_MBEDTLS__RB__ && ENABLE_DEBUG;artifact;1012;1015
src/openvpn/crypto_mbedtls.c;1;ENABLE_DEBUG;(!HAVE_MBEDTLS_SSL_TLS_PRF || !DEFINED___LB__MBEDTLS_SSL_TLS_PRF_TLS1__RB__) && 1 && DEFINED___LB__ENABLE_CRYPTO_MBEDTLS__RB__ && ENABLE_DEBUG;endif;1016;1016
src/openvpn/crypto_mbedtls.c;1;!HAVE_MBEDTLS_SSL_TLS_PRF || !DEFINED___LB__MBEDTLS_SSL_TLS_PRF_TLS1__RB__;(!HAVE_MBEDTLS_SSL_TLS_PRF || !DEFINED___LB__MBEDTLS_SSL_TLS_PRF_TLS1__RB__) && 1 && DEFINED___LB__ENABLE_CRYPTO_MBEDTLS__RB__;artifact;1017;1120
src/openvpn/crypto_mbedtls.c;1;!HAVE_MBEDTLS_SSL_TLS_PRF || !DEFINED___LB__MBEDTLS_SSL_TLS_PRF_TLS1__RB__;(!HAVE_MBEDTLS_SSL_TLS_PRF || !DEFINED___LB__MBEDTLS_SSL_TLS_PRF_TLS1__RB__) && 1 && DEFINED___LB__ENABLE_CRYPTO_MBEDTLS__RB__;endif;1121;1121
src/openvpn/crypto_mbedtls.c;1;DEFINED___LB__ENABLE_CRYPTO_MBEDTLS__RB__;1 && DEFINED___LB__ENABLE_CRYPTO_MBEDTLS__RB__;endif;1122;1122
src/openvpn/crypto_mbedtls.c;1;1;1;artifact;1123;1123
src/openvpn/crypto_mbedtls.h;1;1;1;ROOT;1;153
src/openvpn/crypto_mbedtls.h;1;1;1;artifact;1;28
src/openvpn/crypto_mbedtls.h;1;!CRYPTO_MBEDTLS_H_;1 && !CRYPTO_MBEDTLS_H_;if;29;29
src/openvpn/crypto_mbedtls.h;1;!CRYPTO_MBEDTLS_H_;1 && !CRYPTO_MBEDTLS_H_;artifact;30;91
src/openvpn/crypto_mbedtls.h;1;ENABLE_PREDICTION_RESISTANCE;1 && !CRYPTO_MBEDTLS_H_ && ENABLE_PREDICTION_RESISTANCE;if;92;92
src/openvpn/crypto_mbedtls.h;1;ENABLE_PREDICTION_RESISTANCE;1 && !CRYPTO_MBEDTLS_H_ && ENABLE_PREDICTION_RESISTANCE;artifact;93;97
src/openvpn/crypto_mbedtls.h;1;ENABLE_PREDICTION_RESISTANCE;1 && !CRYPTO_MBEDTLS_H_ && ENABLE_PREDICTION_RESISTANCE;endif;98;98
src/openvpn/crypto_mbedtls.h;1;!CRYPTO_MBEDTLS_H_;1 && !CRYPTO_MBEDTLS_H_;artifact;99;150
src/openvpn/crypto_mbedtls.h;1;!CRYPTO_MBEDTLS_H_;1 && !CRYPTO_MBEDTLS_H_;endif;151;151
src/openvpn/crypto_mbedtls.h;1;1;1;artifact;152;152
src/openvpn/crypto_openssl.c;1;1;1;ROOT;1;1459
src/openvpn/crypto_openssl.c;1;1;1;artifact;1;28
src/openvpn/crypto_openssl.c;1;HAVE_CONFIG_H;1 && HAVE_CONFIG_H;if;29;29
src/openvpn/crypto_openssl.c;1;HAVE_CONFIG_H;1 && HAVE_CONFIG_H;artifact;30;30
src/openvpn/crypto_openssl.c;1;HAVE_CONFIG_H;1 && HAVE_CONFIG_H;endif;31;31
src/openvpn/crypto_openssl.c;1;1;1;artifact;32;34
src/openvpn/crypto_openssl.c;1;DEFINED___LB__ENABLE_CRYPTO_OPENSSL__RB__;1 && DEFINED___LB__ENABLE_CRYPTO_OPENSSL__RB__;if;35;35
src/openvpn/crypto_openssl.c;1;DEFINED___LB__ENABLE_CRYPTO_OPENSSL__RB__;1 && DEFINED___LB__ENABLE_CRYPTO_OPENSSL__RB__;artifact;36;51
src/openvpn/crypto_openssl.c;1;!DEFINED___LB__LIBRESSL_VERSION_NUMBER__RB__;1 && DEFINED___LB__ENABLE_CRYPTO_OPENSSL__RB__ && !DEFINED___LB__LIBRESSL_VERSION_NUMBER__RB__;if;52;52
src/openvpn/crypto_openssl.c;1;!DEFINED___LB__LIBRESSL_VERSION_NUMBER__RB__;1 && DEFINED___LB__ENABLE_CRYPTO_OPENSSL__RB__ && !DEFINED___LB__LIBRESSL_VERSION_NUMBER__RB__;artifact;53;53
src/openvpn/crypto_openssl.c;1;!DEFINED___LB__LIBRESSL_VERSION_NUMBER__RB__;1 && DEFINED___LB__ENABLE_CRYPTO_OPENSSL__RB__ && !DEFINED___LB__LIBRESSL_VERSION_NUMBER__RB__;endif;54;54
src/openvpn/crypto_openssl.c;1;OPENSSL_VERSION_NUMBER__GEQ__0x30000000L;1 && DEFINED___LB__ENABLE_CRYPTO_OPENSSL__RB__ && OPENSSL_VERSION_NUMBER__GEQ__0x30000000L;if;55;55
src/openvpn/crypto_openssl.c;1;OPENSSL_VERSION_NUMBER__GEQ__0x30000000L;1 && DEFINED___LB__ENABLE_CRYPTO_OPENSSL__RB__ && OPENSSL_VERSION_NUMBER__GEQ__0x30000000L;artifact;56;57
src/openvpn/crypto_openssl.c;1;OPENSSL_VERSION_NUMBER__GEQ__0x30000000L;1 && DEFINED___LB__ENABLE_CRYPTO_OPENSSL__RB__ && OPENSSL_VERSION_NUMBER__GEQ__0x30000000L;endif;58;58
src/openvpn/crypto_openssl.c;1;DEFINED___LB__ENABLE_CRYPTO_OPENSSL__RB__;1 && DEFINED___LB__ENABLE_CRYPTO_OPENSSL__RB__;artifact;59;59
src/openvpn/crypto_openssl.c;1;DEFINED___LB___WIN32__RB__ && DEFINED___LB__OPENSSL_NO_EC__RB__;1 && DEFINED___LB__ENABLE_CRYPTO_OPENSSL__RB__ && DEFINED___LB___WIN32__RB__ && DEFINED___LB__OPENSSL_NO_EC__RB__;if;60;60
src/openvpn/crypto_openssl.c;1;DEFINED___LB___WIN32__RB__ && DEFINED___LB__OPENSSL_NO_EC__RB__;1 && DEFINED___LB__ENABLE_CRYPTO_OPENSSL__RB__ && DEFINED___LB___WIN32__RB__ && DEFINED___LB__OPENSSL_NO_EC__RB__;artifact;61;61
src/openvpn/crypto_openssl.c;1;DEFINED___LB___WIN32__RB__ && DEFINED___LB__OPENSSL_NO_EC__RB__;1 && DEFINED___LB__ENABLE_CRYPTO_OPENSSL__RB__ && DEFINED___LB___WIN32__RB__ && DEFINED___LB__OPENSSL_NO_EC__RB__;endif;62;62
src/openvpn/crypto_openssl.c;1;DEFINED___LB__ENABLE_CRYPTO_OPENSSL__RB__;1 && DEFINED___LB__ENABLE_CRYPTO_OPENSSL__RB__;artifact;63;63
src/openvpn/crypto_openssl.c;1;_MSC_VER;1 && DEFINED___LB__ENABLE_CRYPTO_OPENSSL__RB__ && _MSC_VER;if;64;64
src/openvpn/crypto_openssl.c;1;_MSC_VER;1 && DEFINED___LB__ENABLE_CRYPTO_OPENSSL__RB__ && _MSC_VER;artifact;65;66
src/openvpn/crypto_openssl.c;1;_MSC_VER;1 && DEFINED___LB__ENABLE_CRYPTO_OPENSSL__RB__ && _MSC_VER;endif;67;67
src/openvpn/crypto_openssl.c;1;DEFINED___LB__ENABLE_CRYPTO_OPENSSL__RB__;1 && DEFINED___LB__ENABLE_CRYPTO_OPENSSL__RB__;artifact;68;72
src/openvpn/crypto_openssl.c;1;MAX_CIPHER_KEY_LENGTH__LT__EVP_MAX_KEY_LENGTH;1 && DEFINED___LB__ENABLE_CRYPTO_OPENSSL__RB__ && MAX_CIPHER_KEY_LENGTH__LT__EVP_MAX_KEY_LENGTH;if;73;73
src/openvpn/crypto_openssl.c;1;MAX_CIPHER_KEY_LENGTH__LT__EVP_MAX_KEY_LENGTH;1 && DEFINED___LB__ENABLE_CRYPTO_OPENSSL__RB__ && MAX_CIPHER_KEY_LENGTH__LT__EVP_MAX_KEY_LENGTH;artifact;74;74
src/openvpn/crypto_openssl.c;1;MAX_CIPHER_KEY_LENGTH__LT__EVP_MAX_KEY_LENGTH;1 && DEFINED___LB__ENABLE_CRYPTO_OPENSSL__RB__ && MAX_CIPHER_KEY_LENGTH__LT__EVP_MAX_KEY_LENGTH;endif;75;75
src/openvpn/crypto_openssl.c;1;DEFINED___LB__ENABLE_CRYPTO_OPENSSL__RB__;1 && DEFINED___LB__ENABLE_CRYPTO_OPENSSL__RB__;artifact;76;76
src/openvpn/crypto_openssl.c;1;MAX_HMAC_KEY_LENGTH__LT__EVP_MAX_MD_SIZE;1 && DEFINED___LB__ENABLE_CRYPTO_OPENSSL__RB__ && MAX_HMAC_KEY_LENGTH__LT__EVP_MAX_MD_SIZE;if;77;77
src/openvpn/crypto_openssl.c;1;MAX_HMAC_KEY_LENGTH__LT__EVP_MAX_MD_SIZE;1 && DEFINED___LB__ENABLE_CRYPTO_OPENSSL__RB__ && MAX_HMAC_KEY_LENGTH__LT__EVP_MAX_MD_SIZE;artifact;78;78
src/openvpn/crypto_openssl.c;1;MAX_HMAC_KEY_LENGTH__LT__EVP_MAX_MD_SIZE;1 && DEFINED___LB__ENABLE_CRYPTO_OPENSSL__RB__ && MAX_HMAC_KEY_LENGTH__LT__EVP_MAX_MD_SIZE;endif;79;79
src/openvpn/crypto_openssl.c;1;DEFINED___LB__ENABLE_CRYPTO_OPENSSL__RB__;1 && DEFINED___LB__ENABLE_CRYPTO_OPENSSL__RB__;artifact;80;80
src/openvpn/crypto_openssl.c;1;HAVE_OPENSSL_ENGINE;1 && DEFINED___LB__ENABLE_CRYPTO_OPENSSL__RB__ && HAVE_OPENSSL_ENGINE;if;81;81
src/openvpn/crypto_openssl.c;1;HAVE_OPENSSL_ENGINE;1 && DEFINED___LB__ENABLE_CRYPTO_OPENSSL__RB__ && HAVE_OPENSSL_ENGINE;artifact;82;140
src/openvpn/crypto_openssl.c;1;HAVE_OPENSSL_ENGINE;1 && DEFINED___LB__ENABLE_CRYPTO_OPENSSL__RB__ && HAVE_OPENSSL_ENGINE;endif;141;141
src/openvpn/crypto_openssl.c;1;DEFINED___LB__ENABLE_CRYPTO_OPENSSL__RB__;1 && DEFINED___LB__ENABLE_CRYPTO_OPENSSL__RB__;artifact;142;145
src/openvpn/crypto_openssl.c;1;HAVE_OPENSSL_ENGINE;1 && DEFINED___LB__ENABLE_CRYPTO_OPENSSL__RB__ && HAVE_OPENSSL_ENGINE;if;146;146
src/openvpn/crypto_openssl.c;1;HAVE_OPENSSL_ENGINE;1 && DEFINED___LB__ENABLE_CRYPTO_OPENSSL__RB__ && HAVE_OPENSSL_ENGINE;artifact;147;153
src/openvpn/crypto_openssl.c;1;!HAVE_OPENSSL_ENGINE;!HAVE_OPENSSL_ENGINE && 1 && DEFINED___LB__ENABLE_CRYPTO_OPENSSL__RB__;else;154;154
src/openvpn/crypto_openssl.c;1;!HAVE_OPENSSL_ENGINE;!HAVE_OPENSSL_ENGINE && 1 && DEFINED___LB__ENABLE_CRYPTO_OPENSSL__RB__;artifact;155;155
src/openvpn/crypto_openssl.c;1;!HAVE_OPENSSL_ENGINE;!HAVE_OPENSSL_ENGINE && 1 && DEFINED___LB__ENABLE_CRYPTO_OPENSSL__RB__;endif;156;156
src/openvpn/crypto_openssl.c;1;DEFINED___LB__ENABLE_CRYPTO_OPENSSL__RB__;1 && DEFINED___LB__ENABLE_CRYPTO_OPENSSL__RB__;artifact;157;161
src/openvpn/crypto_openssl.c;1;OPENSSL_VERSION_NUMBER__GEQ__0x30000000L;1 && DEFINED___LB__ENABLE_CRYPTO_OPENSSL__RB__ && OPENSSL_VERSION_NUMBER__GEQ__0x30000000L;if;162;162
src/openvpn/crypto_openssl.c;1;OPENSSL_VERSION_NUMBER__GEQ__0x30000000L;1 && DEFINED___LB__ENABLE_CRYPTO_OPENSSL__RB__ && OPENSSL_VERSION_NUMBER__GEQ__0x30000000L;artifact;163;169
src/openvpn/crypto_openssl.c;1;!OPENSSL_VERSION_NUMBER__GEQ__0x30000000L;!OPENSSL_VERSION_NUMBER__GEQ__0x30000000L && 1 && DEFINED___LB__ENABLE_CRYPTO_OPENSSL__RB__;else;170;170
src/openvpn/crypto_openssl.c;1;!OPENSSL_VERSION_NUMBER__GEQ__0x30000000L;!OPENSSL_VERSION_NUMBER__GEQ__0x30000000L && 1 && DEFINED___LB__ENABLE_CRYPTO_OPENSSL__RB__;artifact;171;172
src/openvpn/crypto_openssl.c;1;!OPENSSL_VERSION_NUMBER__GEQ__0x30000000L;!OPENSSL_VERSION_NUMBER__GEQ__0x30000000L && 1 && DEFINED___LB__ENABLE_CRYPTO_OPENSSL__RB__;endif;173;173
src/openvpn/crypto_openssl.c;1;DEFINED___LB__ENABLE_CRYPTO_OPENSSL__RB__;1 && DEFINED___LB__ENABLE_CRYPTO_OPENSSL__RB__;artifact;174;178
src/openvpn/crypto_openssl.c;1;OPENSSL_VERSION_NUMBER__GEQ__0x30000000L;1 && DEFINED___LB__ENABLE_CRYPTO_OPENSSL__RB__ && OPENSSL_VERSION_NUMBER__GEQ__0x30000000L;if;179;179
src/openvpn/crypto_openssl.c;1;OPENSSL_VERSION_NUMBER__GEQ__0x30000000L;1 && DEFINED___LB__ENABLE_CRYPTO_OPENSSL__RB__ && OPENSSL_VERSION_NUMBER__GEQ__0x30000000L;artifact;180;183
src/openvpn/crypto_openssl.c;1;OPENSSL_VERSION_NUMBER__GEQ__0x30000000L;1 && DEFINED___LB__ENABLE_CRYPTO_OPENSSL__RB__ && OPENSSL_VERSION_NUMBER__GEQ__0x30000000L;endif;184;184
src/openvpn/crypto_openssl.c;1;DEFINED___LB__ENABLE_CRYPTO_OPENSSL__RB__;1 && DEFINED___LB__ENABLE_CRYPTO_OPENSSL__RB__;artifact;185;202
src/openvpn/crypto_openssl.c;1;CRYPTO_MDEBUG;1 && DEFINED___LB__ENABLE_CRYPTO_OPENSSL__RB__ && CRYPTO_MDEBUG;if;203;203
src/openvpn/crypto_openssl.c;1;CRYPTO_MDEBUG;1 && DEFINED___LB__ENABLE_CRYPTO_OPENSSL__RB__ && CRYPTO_MDEBUG;artifact;204;204
src/openvpn/crypto_openssl.c;1;CRYPTO_MDEBUG;1 && DEFINED___LB__ENABLE_CRYPTO_OPENSSL__RB__ && CRYPTO_MDEBUG;endif;205;205
src/openvpn/crypto_openssl.c;1;DEFINED___LB__ENABLE_CRYPTO_OPENSSL__RB__;1 && DEFINED___LB__ENABLE_CRYPTO_OPENSSL__RB__;artifact;206;210
src/openvpn/crypto_openssl.c;1;CRYPTO_MDEBUG;1 && DEFINED___LB__ENABLE_CRYPTO_OPENSSL__RB__ && CRYPTO_MDEBUG;if;211;211
src/openvpn/crypto_openssl.c;1;CRYPTO_MDEBUG;1 && DEFINED___LB__ENABLE_CRYPTO_OPENSSL__RB__ && CRYPTO_MDEBUG;artifact;212;215
src/openvpn/crypto_openssl.c;1;CRYPTO_MDEBUG;1 && DEFINED___LB__ENABLE_CRYPTO_OPENSSL__RB__ && CRYPTO_MDEBUG;endif;216;216
src/openvpn/crypto_openssl.c;1;DEFINED___LB__ENABLE_CRYPTO_OPENSSL__RB__;1 && DEFINED___LB__ENABLE_CRYPTO_OPENSSL__RB__;artifact;217;217
src/openvpn/crypto_openssl.c;1;HAVE_OPENSSL_ENGINE;1 && DEFINED___LB__ENABLE_CRYPTO_OPENSSL__RB__ && HAVE_OPENSSL_ENGINE;if;218;218
src/openvpn/crypto_openssl.c;1;HAVE_OPENSSL_ENGINE;1 && DEFINED___LB__ENABLE_CRYPTO_OPENSSL__RB__ && HAVE_OPENSSL_ENGINE;artifact;219;224
src/openvpn/crypto_openssl.c;1;HAVE_OPENSSL_ENGINE;1 && DEFINED___LB__ENABLE_CRYPTO_OPENSSL__RB__ && HAVE_OPENSSL_ENGINE;endif;225;225
src/openvpn/crypto_openssl.c;1;DEFINED___LB__ENABLE_CRYPTO_OPENSSL__RB__;1 && DEFINED___LB__ENABLE_CRYPTO_OPENSSL__RB__;artifact;226;287
src/openvpn/crypto_openssl.c;1;DMALLOC;1 && DEFINED___LB__ENABLE_CRYPTO_OPENSSL__RB__ && DMALLOC;if;288;288
src/openvpn/crypto_openssl.c;1;DMALLOC;1 && DEFINED___LB__ENABLE_CRYPTO_OPENSSL__RB__ && DMALLOC;artifact;289;313
src/openvpn/crypto_openssl.c;1;DMALLOC;1 && DEFINED___LB__ENABLE_CRYPTO_OPENSSL__RB__ && DMALLOC;endif;314;314
src/openvpn/crypto_openssl.c;1;DEFINED___LB__ENABLE_CRYPTO_OPENSSL__RB__;1 && DEFINED___LB__ENABLE_CRYPTO_OPENSSL__RB__;artifact;315;357
src/openvpn/crypto_openssl.c;1;ENABLE_OFB_CFB_MODE;1 && DEFINED___LB__ENABLE_CRYPTO_OPENSSL__RB__ && ENABLE_OFB_CFB_MODE;if;358;358
src/openvpn/crypto_openssl.c;1;ENABLE_OFB_CFB_MODE;1 && DEFINED___LB__ENABLE_CRYPTO_OPENSSL__RB__ && ENABLE_OFB_CFB_MODE;artifact;359;359
src/openvpn/crypto_openssl.c;1;ENABLE_OFB_CFB_MODE;1 && DEFINED___LB__ENABLE_CRYPTO_OPENSSL__RB__ && ENABLE_OFB_CFB_MODE;endif;360;360
src/openvpn/crypto_openssl.c;1;DEFINED___LB__ENABLE_CRYPTO_OPENSSL__RB__;1 && DEFINED___LB__ENABLE_CRYPTO_OPENSSL__RB__;artifact;361;372
src/openvpn/crypto_openssl.c;1;!ENABLE_SMALL;1 && DEFINED___LB__ENABLE_CRYPTO_OPENSSL__RB__ && !ENABLE_SMALL;if;373;373
src/openvpn/crypto_openssl.c;1;!ENABLE_SMALL;1 && DEFINED___LB__ENABLE_CRYPTO_OPENSSL__RB__ && !ENABLE_SMALL;artifact;374;378
src/openvpn/crypto_openssl.c;1;!ENABLE_SMALL;1 && DEFINED___LB__ENABLE_CRYPTO_OPENSSL__RB__ && !ENABLE_SMALL;endif;379;379
src/openvpn/crypto_openssl.c;1;DEFINED___LB__ENABLE_CRYPTO_OPENSSL__RB__;1 && DEFINED___LB__ENABLE_CRYPTO_OPENSSL__RB__;artifact;380;380
src/openvpn/crypto_openssl.c;1;OPENSSL_VERSION_NUMBER__GEQ__0x30000000L;1 && DEFINED___LB__ENABLE_CRYPTO_OPENSSL__RB__ && OPENSSL_VERSION_NUMBER__GEQ__0x30000000L;if;381;381
src/openvpn/crypto_openssl.c;1;OPENSSL_VERSION_NUMBER__GEQ__0x30000000L;1 && DEFINED___LB__ENABLE_CRYPTO_OPENSSL__RB__ && OPENSSL_VERSION_NUMBER__GEQ__0x30000000L;artifact;382;382
src/openvpn/crypto_openssl.c;1;!OPENSSL_VERSION_NUMBER__GEQ__0x30000000L;!OPENSSL_VERSION_NUMBER__GEQ__0x30000000L && 1 && DEFINED___LB__ENABLE_CRYPTO_OPENSSL__RB__;else;383;383
src/openvpn/crypto_openssl.c;1;!OPENSSL_VERSION_NUMBER__GEQ__0x30000000L;!OPENSSL_VERSION_NUMBER__GEQ__0x30000000L && 1 && DEFINED___LB__ENABLE_CRYPTO_OPENSSL__RB__;artifact;384;385
src/openvpn/crypto_openssl.c;1;DEFINED___LB__LIBRESSL_VERSION_NUMBER__RB__;!OPENSSL_VERSION_NUMBER__GEQ__0x30000000L && 1 && DEFINED___LB__ENABLE_CRYPTO_OPENSSL__RB__ && DEFINED___LB__LIBRESSL_VERSION_NUMBER__RB__;if;386;386
src/openvpn/crypto_openssl.c;1;DEFINED___LB__LIBRESSL_VERSION_NUMBER__RB__;!OPENSSL_VERSION_NUMBER__GEQ__0x30000000L && 1 && DEFINED___LB__ENABLE_CRYPTO_OPENSSL__RB__ && DEFINED___LB__LIBRESSL_VERSION_NUMBER__RB__;artifact;387;395
src/openvpn/crypto_openssl.c;1;!DEFINED___LB__LIBRESSL_VERSION_NUMBER__RB__;!DEFINED___LB__LIBRESSL_VERSION_NUMBER__RB__ && !OPENSSL_VERSION_NUMBER__GEQ__0x30000000L && 1 && DEFINED___LB__ENABLE_CRYPTO_OPENSSL__RB__;else;396;396
src/openvpn/crypto_openssl.c;1;!DEFINED___LB__LIBRESSL_VERSION_NUMBER__RB__;!DEFINED___LB__LIBRESSL_VERSION_NUMBER__RB__ && !OPENSSL_VERSION_NUMBER__GEQ__0x30000000L && 1 && DEFINED___LB__ENABLE_CRYPTO_OPENSSL__RB__;artifact;397;397
src/openvpn/crypto_openssl.c;1;!DEFINED___LB__LIBRESSL_VERSION_NUMBER__RB__;!DEFINED___LB__LIBRESSL_VERSION_NUMBER__RB__ && !OPENSSL_VERSION_NUMBER__GEQ__0x30000000L && 1 && DEFINED___LB__ENABLE_CRYPTO_OPENSSL__RB__;endif;398;398
src/openvpn/crypto_openssl.c;1;!OPENSSL_VERSION_NUMBER__GEQ__0x30000000L;!OPENSSL_VERSION_NUMBER__GEQ__0x30000000L && 1 && DEFINED___LB__ENABLE_CRYPTO_OPENSSL__RB__;artifact;399;402
src/openvpn/crypto_openssl.c;1;!OPENSSL_VERSION_NUMBER__GEQ__0x30000000L;!OPENSSL_VERSION_NUMBER__GEQ__0x30000000L && 1 && DEFINED___LB__ENABLE_CRYPTO_OPENSSL__RB__;endif;403;403
src/openvpn/crypto_openssl.c;1;DEFINED___LB__ENABLE_CRYPTO_OPENSSL__RB__;1 && DEFINED___LB__ENABLE_CRYPTO_OPENSSL__RB__;artifact;404;437
src/openvpn/crypto_openssl.c;1;!ENABLE_SMALL;1 && DEFINED___LB__ENABLE_CRYPTO_OPENSSL__RB__ && !ENABLE_SMALL;if;438;438
src/openvpn/crypto_openssl.c;1;!ENABLE_SMALL;1 && DEFINED___LB__ENABLE_CRYPTO_OPENSSL__RB__ && !ENABLE_SMALL;artifact;439;444
src/openvpn/crypto_openssl.c;1;!ENABLE_SMALL;1 && DEFINED___LB__ENABLE_CRYPTO_OPENSSL__RB__ && !ENABLE_SMALL;endif;445;445
src/openvpn/crypto_openssl.c;1;DEFINED___LB__ENABLE_CRYPTO_OPENSSL__RB__;1 && DEFINED___LB__ENABLE_CRYPTO_OPENSSL__RB__;artifact;446;446
src/openvpn/crypto_openssl.c;1;OPENSSL_VERSION_NUMBER__GEQ__0x30000000L;1 && DEFINED___LB__ENABLE_CRYPTO_OPENSSL__RB__ && OPENSSL_VERSION_NUMBER__GEQ__0x30000000L;if;447;447
src/openvpn/crypto_openssl.c;1;OPENSSL_VERSION_NUMBER__GEQ__0x30000000L;1 && DEFINED___LB__ENABLE_CRYPTO_OPENSSL__RB__ && OPENSSL_VERSION_NUMBER__GEQ__0x30000000L;artifact;448;448
src/openvpn/crypto_openssl.c;1;!OPENSSL_VERSION_NUMBER__GEQ__0x30000000L;!OPENSSL_VERSION_NUMBER__GEQ__0x30000000L && 1 && DEFINED___LB__ENABLE_CRYPTO_OPENSSL__RB__;else;449;449
src/openvpn/crypto_openssl.c;1;!OPENSSL_VERSION_NUMBER__GEQ__0x30000000L;!OPENSSL_VERSION_NUMBER__GEQ__0x30000000L && 1 && DEFINED___LB__ENABLE_CRYPTO_OPENSSL__RB__;artifact;450;454
src/openvpn/crypto_openssl.c;1;LIBRESSL_VERSION_NUMBER;!OPENSSL_VERSION_NUMBER__GEQ__0x30000000L && 1 && DEFINED___LB__ENABLE_CRYPTO_OPENSSL__RB__ && LIBRESSL_VERSION_NUMBER;if;455;455
src/openvpn/crypto_openssl.c;1;LIBRESSL_VERSION_NUMBER;!OPENSSL_VERSION_NUMBER__GEQ__0x30000000L && 1 && DEFINED___LB__ENABLE_CRYPTO_OPENSSL__RB__ && LIBRESSL_VERSION_NUMBER;artifact;456;461
src/openvpn/crypto_openssl.c;1;!LIBRESSL_VERSION_NUMBER;!LIBRESSL_VERSION_NUMBER && !OPENSSL_VERSION_NUMBER__GEQ__0x30000000L && 1 && DEFINED___LB__ENABLE_CRYPTO_OPENSSL__RB__;else;462;462
src/openvpn/crypto_openssl.c;1;!LIBRESSL_VERSION_NUMBER;!LIBRESSL_VERSION_NUMBER && !OPENSSL_VERSION_NUMBER__GEQ__0x30000000L && 1 && DEFINED___LB__ENABLE_CRYPTO_OPENSSL__RB__;artifact;463;463
src/openvpn/crypto_openssl.c;1;!LIBRESSL_VERSION_NUMBER;!LIBRESSL_VERSION_NUMBER && !OPENSSL_VERSION_NUMBER__GEQ__0x30000000L && 1 && DEFINED___LB__ENABLE_CRYPTO_OPENSSL__RB__;endif;464;464
src/openvpn/crypto_openssl.c;1;!OPENSSL_VERSION_NUMBER__GEQ__0x30000000L;!OPENSSL_VERSION_NUMBER__GEQ__0x30000000L && 1 && DEFINED___LB__ENABLE_CRYPTO_OPENSSL__RB__;artifact;465;471
src/openvpn/crypto_openssl.c;1;!OPENSSL_VERSION_NUMBER__GEQ__0x30000000L;!OPENSSL_VERSION_NUMBER__GEQ__0x30000000L && 1 && DEFINED___LB__ENABLE_CRYPTO_OPENSSL__RB__;endif;472;472
src/openvpn/crypto_openssl.c;1;DEFINED___LB__ENABLE_CRYPTO_OPENSSL__RB__;1 && DEFINED___LB__ENABLE_CRYPTO_OPENSSL__RB__;artifact;473;478
src/openvpn/crypto_openssl.c;1;HAVE_OPENSSL_ENGINE;1 && DEFINED___LB__ENABLE_CRYPTO_OPENSSL__RB__ && HAVE_OPENSSL_ENGINE;if;479;479
src/openvpn/crypto_openssl.c;1;HAVE_OPENSSL_ENGINE;1 && DEFINED___LB__ENABLE_CRYPTO_OPENSSL__RB__ && HAVE_OPENSSL_ENGINE;artifact;480;494
src/openvpn/crypto_openssl.c;1;!HAVE_OPENSSL_ENGINE;!HAVE_OPENSSL_ENGINE && 1 && DEFINED___LB__ENABLE_CRYPTO_OPENSSL__RB__;else;495;495
src/openvpn/crypto_openssl.c;1;!HAVE_OPENSSL_ENGINE;!HAVE_OPENSSL_ENGINE && 1 && DEFINED___LB__ENABLE_CRYPTO_OPENSSL__RB__;artifact;496;496
src/openvpn/crypto_openssl.c;1;!HAVE_OPENSSL_ENGINE;!HAVE_OPENSSL_ENGINE && 1 && DEFINED___LB__ENABLE_CRYPTO_OPENSSL__RB__;endif;497;497
src/openvpn/crypto_openssl.c;1;DEFINED___LB__ENABLE_CRYPTO_OPENSSL__RB__;1 && DEFINED___LB__ENABLE_CRYPTO_OPENSSL__RB__;artifact;498;628
src/openvpn/crypto_openssl.c;1;OPENSSL_FIPS;1 && DEFINED___LB__ENABLE_CRYPTO_OPENSSL__RB__ && OPENSSL_FIPS;if;629;629
src/openvpn/crypto_openssl.c;1;OPENSSL_FIPS;1 && DEFINED___LB__ENABLE_CRYPTO_OPENSSL__RB__ && OPENSSL_FIPS;artifact;630;639
src/openvpn/crypto_openssl.c;1;OPENSSL_FIPS;1 && DEFINED___LB__ENABLE_CRYPTO_OPENSSL__RB__ && OPENSSL_FIPS;endif;640;640
src/openvpn/crypto_openssl.c;1;DEFINED___LB__ENABLE_CRYPTO_OPENSSL__RB__;1 && DEFINED___LB__ENABLE_CRYPTO_OPENSSL__RB__;artifact;641;765
src/openvpn/crypto_openssl.c;1;NID_chacha20_poly1305;1 && DEFINED___LB__ENABLE_CRYPTO_OPENSSL__RB__ && NID_chacha20_poly1305;if;766;766
src/openvpn/crypto_openssl.c;1;NID_chacha20_poly1305;1 && DEFINED___LB__ENABLE_CRYPTO_OPENSSL__RB__ && NID_chacha20_poly1305;artifact;767;776
src/openvpn/crypto_openssl.c;1;NID_chacha20_poly1305;1 && DEFINED___LB__ENABLE_CRYPTO_OPENSSL__RB__ && NID_chacha20_poly1305;endif;777;777
src/openvpn/crypto_openssl.c;1;DEFINED___LB__ENABLE_CRYPTO_OPENSSL__RB__;1 && DEFINED___LB__ENABLE_CRYPTO_OPENSSL__RB__;artifact;778;794
src/openvpn/crypto_openssl.c;1;EVP_CIPH_FLAG_CTS;1 && DEFINED___LB__ENABLE_CRYPTO_OPENSSL__RB__ && EVP_CIPH_FLAG_CTS;if;795;795
src/openvpn/crypto_openssl.c;1;EVP_CIPH_FLAG_CTS;1 && DEFINED___LB__ENABLE_CRYPTO_OPENSSL__RB__ && EVP_CIPH_FLAG_CTS;artifact;796;796
src/openvpn/crypto_openssl.c;1;EVP_CIPH_FLAG_CTS;1 && DEFINED___LB__ENABLE_CRYPTO_OPENSSL__RB__ && EVP_CIPH_FLAG_CTS;endif;797;797
src/openvpn/crypto_openssl.c;1;DEFINED___LB__ENABLE_CRYPTO_OPENSSL__RB__;1 && DEFINED___LB__ENABLE_CRYPTO_OPENSSL__RB__;artifact;798;827
src/openvpn/crypto_openssl.c;1;NID_chacha20_poly1305;1 && DEFINED___LB__ENABLE_CRYPTO_OPENSSL__RB__ && NID_chacha20_poly1305;if;828;828
src/openvpn/crypto_openssl.c;1;NID_chacha20_poly1305;1 && DEFINED___LB__ENABLE_CRYPTO_OPENSSL__RB__ && NID_chacha20_poly1305;artifact;829;832
src/openvpn/crypto_openssl.c;1;NID_chacha20_poly1305;1 && DEFINED___LB__ENABLE_CRYPTO_OPENSSL__RB__ && NID_chacha20_poly1305;endif;833;833
src/openvpn/crypto_openssl.c;1;DEFINED___LB__ENABLE_CRYPTO_OPENSSL__RB__;1 && DEFINED___LB__ENABLE_CRYPTO_OPENSSL__RB__;artifact;834;916
src/openvpn/crypto_openssl.c;1;EVP_CIPH_FLAG_CTS;1 && DEFINED___LB__ENABLE_CRYPTO_OPENSSL__RB__ && EVP_CIPH_FLAG_CTS;if;917;917
src/openvpn/crypto_openssl.c;1;EVP_CIPH_FLAG_CTS;1 && DEFINED___LB__ENABLE_CRYPTO_OPENSSL__RB__ && EVP_CIPH_FLAG_CTS;artifact;918;918
src/openvpn/crypto_openssl.c;1;EVP_CIPH_FLAG_CTS;1 && DEFINED___LB__ENABLE_CRYPTO_OPENSSL__RB__ && EVP_CIPH_FLAG_CTS;endif;919;919
src/openvpn/crypto_openssl.c;1;DEFINED___LB__ENABLE_CRYPTO_OPENSSL__RB__;1 && DEFINED___LB__ENABLE_CRYPTO_OPENSSL__RB__;artifact;920;948
src/openvpn/crypto_openssl.c;1;DEFINED___LB__NID_chacha20_poly1305__RB__ && OPENSSL_VERSION_NUMBER__LT__0x30000000L;1 && DEFINED___LB__ENABLE_CRYPTO_OPENSSL__RB__ && DEFINED___LB__NID_chacha20_poly1305__RB__ && OPENSSL_VERSION_NUMBER__LT__0x30000000L;if;949;949
src/openvpn/crypto_openssl.c;1;DEFINED___LB__NID_chacha20_poly1305__RB__ && OPENSSL_VERSION_NUMBER__LT__0x30000000L;1 && DEFINED___LB__ENABLE_CRYPTO_OPENSSL__RB__ && DEFINED___LB__NID_chacha20_poly1305__RB__ && OPENSSL_VERSION_NUMBER__LT__0x30000000L;artifact;950;953
src/openvpn/crypto_openssl.c;1;DEFINED___LB__NID_chacha20_poly1305__RB__ && OPENSSL_VERSION_NUMBER__LT__0x30000000L;1 && DEFINED___LB__ENABLE_CRYPTO_OPENSSL__RB__ && DEFINED___LB__NID_chacha20_poly1305__RB__ && OPENSSL_VERSION_NUMBER__LT__0x30000000L;endif;954;954
src/openvpn/crypto_openssl.c;1;DEFINED___LB__ENABLE_CRYPTO_OPENSSL__RB__;1 && DEFINED___LB__ENABLE_CRYPTO_OPENSSL__RB__;artifact;955;1183
src/openvpn/crypto_openssl.c;1;OPENSSL_VERSION_NUMBER__LT__0x30000000L;1 && DEFINED___LB__ENABLE_CRYPTO_OPENSSL__RB__ && OPENSSL_VERSION_NUMBER__LT__0x30000000L;if;1184;1184
src/openvpn/crypto_openssl.c;1;OPENSSL_VERSION_NUMBER__LT__0x30000000L;1 && DEFINED___LB__ENABLE_CRYPTO_OPENSSL__RB__ && OPENSSL_VERSION_NUMBER__LT__0x30000000L;artifact;1185;1249
src/openvpn/crypto_openssl.c;1;!OPENSSL_VERSION_NUMBER__LT__0x30000000L;!OPENSSL_VERSION_NUMBER__LT__0x30000000L && 1 && DEFINED___LB__ENABLE_CRYPTO_OPENSSL__RB__;else;1250;1250
src/openvpn/crypto_openssl.c;1;!OPENSSL_VERSION_NUMBER__LT__0x30000000L;!OPENSSL_VERSION_NUMBER__LT__0x30000000L && 1 && DEFINED___LB__ENABLE_CRYPTO_OPENSSL__RB__;artifact;1251;1341
src/openvpn/crypto_openssl.c;1;!OPENSSL_VERSION_NUMBER__LT__0x30000000L;!OPENSSL_VERSION_NUMBER__LT__0x30000000L && 1 && DEFINED___LB__ENABLE_CRYPTO_OPENSSL__RB__;endif;1342;1342
src/openvpn/crypto_openssl.c;1;DEFINED___LB__ENABLE_CRYPTO_OPENSSL__RB__;1 && DEFINED___LB__ENABLE_CRYPTO_OPENSSL__RB__;artifact;1343;1348
src/openvpn/crypto_openssl.c;1;OPENSSL_VERSION_NUMBER__GEQ__0x30000000L && !DEFINED___LB__LIBRESSL_VERSION_NUMBER__RB__;1 && DEFINED___LB__ENABLE_CRYPTO_OPENSSL__RB__ && OPENSSL_VERSION_NUMBER__GEQ__0x30000000L && !DEFINED___LB__LIBRESSL_VERSION_NUMBER__RB__;if;1349;1349
src/openvpn/crypto_openssl.c;1;OPENSSL_VERSION_NUMBER__GEQ__0x30000000L && !DEFINED___LB__LIBRESSL_VERSION_NUMBER__RB__;1 && DEFINED___LB__ENABLE_CRYPTO_OPENSSL__RB__ && OPENSSL_VERSION_NUMBER__GEQ__0x30000000L && !DEFINED___LB__LIBRESSL_VERSION_NUMBER__RB__;artifact;1350;1399
src/openvpn/crypto_openssl.c;1;!DEFINED___LB__LIBRESSL_VERSION_NUMBER__RB__ && !DEFINED___LB__ENABLE_CRYPTO_WOLFSSL__RB__ && (!OPENSSL_VERSION_NUMBER__GEQ__0x30000000L || DEFINED___LB__LIBRESSL_VERSION_NUMBER__RB__);!DEFINED___LB__LIBRESSL_VERSION_NUMBER__RB__ && !DEFINED___LB__ENABLE_CRYPTO_WOLFSSL__RB__ && (!OPENSSL_VERSION_NUMBER__GEQ__0x30000000L || DEFINED___LB__LIBRESSL_VERSION_NUMBER__RB__) && 1 && DEFINED___LB__ENABLE_CRYPTO_OPENSSL__RB__;elif;1400;1400
src/openvpn/crypto_openssl.c;1;!DEFINED___LB__LIBRESSL_VERSION_NUMBER__RB__ && !DEFINED___LB__ENABLE_CRYPTO_WOLFSSL__RB__ && (!OPENSSL_VERSION_NUMBER__GEQ__0x30000000L || DEFINED___LB__LIBRESSL_VERSION_NUMBER__RB__);!DEFINED___LB__LIBRESSL_VERSION_NUMBER__RB__ && !DEFINED___LB__ENABLE_CRYPTO_WOLFSSL__RB__ && (!OPENSSL_VERSION_NUMBER__GEQ__0x30000000L || DEFINED___LB__LIBRESSL_VERSION_NUMBER__RB__) && 1 && DEFINED___LB__ENABLE_CRYPTO_OPENSSL__RB__;artifact;1401;1445
src/openvpn/crypto_openssl.c;1;(DEFINED___LB__LIBRESSL_VERSION_NUMBER__RB__ || DEFINED___LB__ENABLE_CRYPTO_WOLFSSL__RB__) && (!OPENSSL_VERSION_NUMBER__GEQ__0x30000000L || DEFINED___LB__LIBRESSL_VERSION_NUMBER__RB__);(DEFINED___LB__LIBRESSL_VERSION_NUMBER__RB__ || DEFINED___LB__ENABLE_CRYPTO_WOLFSSL__RB__) && (!OPENSSL_VERSION_NUMBER__GEQ__0x30000000L || DEFINED___LB__LIBRESSL_VERSION_NUMBER__RB__) && 1 && DEFINED___LB__ENABLE_CRYPTO_OPENSSL__RB__;else;1446;1446
src/openvpn/crypto_openssl.c;1;(DEFINED___LB__LIBRESSL_VERSION_NUMBER__RB__ || DEFINED___LB__ENABLE_CRYPTO_WOLFSSL__RB__) && (!OPENSSL_VERSION_NUMBER__GEQ__0x30000000L || DEFINED___LB__LIBRESSL_VERSION_NUMBER__RB__);(DEFINED___LB__LIBRESSL_VERSION_NUMBER__RB__ || DEFINED___LB__ENABLE_CRYPTO_WOLFSSL__RB__) && (!OPENSSL_VERSION_NUMBER__GEQ__0x30000000L || DEFINED___LB__LIBRESSL_VERSION_NUMBER__RB__) && 1 && DEFINED___LB__ENABLE_CRYPTO_OPENSSL__RB__;artifact;1447;1455
src/openvpn/crypto_openssl.c;1;(DEFINED___LB__LIBRESSL_VERSION_NUMBER__RB__ || DEFINED___LB__ENABLE_CRYPTO_WOLFSSL__RB__) && (!OPENSSL_VERSION_NUMBER__GEQ__0x30000000L || DEFINED___LB__LIBRESSL_VERSION_NUMBER__RB__);(DEFINED___LB__LIBRESSL_VERSION_NUMBER__RB__ || DEFINED___LB__ENABLE_CRYPTO_WOLFSSL__RB__) && (!OPENSSL_VERSION_NUMBER__GEQ__0x30000000L || DEFINED___LB__LIBRESSL_VERSION_NUMBER__RB__) && 1 && DEFINED___LB__ENABLE_CRYPTO_OPENSSL__RB__;endif;1456;1456
src/openvpn/crypto_openssl.c;1;DEFINED___LB__ENABLE_CRYPTO_OPENSSL__RB__;1 && DEFINED___LB__ENABLE_CRYPTO_OPENSSL__RB__;endif;1457;1457
src/openvpn/crypto_openssl.c;1;1;1;artifact;1458;1458
src/openvpn/crypto_openssl.h;1;1;1;ROOT;1;125
src/openvpn/crypto_openssl.h;1;1;1;artifact;1;28
src/openvpn/crypto_openssl.h;1;!CRYPTO_OPENSSL_H_;1 && !CRYPTO_OPENSSL_H_;if;29;29
src/openvpn/crypto_openssl.h;1;!CRYPTO_OPENSSL_H_;1 && !CRYPTO_OPENSSL_H_;artifact;30;35
src/openvpn/crypto_openssl.h;1;OPENSSL_VERSION_NUMBER__GEQ__0x30000000L;1 && !CRYPTO_OPENSSL_H_ && OPENSSL_VERSION_NUMBER__GEQ__0x30000000L;if;36;36
src/openvpn/crypto_openssl.h;1;OPENSSL_VERSION_NUMBER__GEQ__0x30000000L;1 && !CRYPTO_OPENSSL_H_ && OPENSSL_VERSION_NUMBER__GEQ__0x30000000L;artifact;37;37
src/openvpn/crypto_openssl.h;1;OPENSSL_VERSION_NUMBER__GEQ__0x30000000L;1 && !CRYPTO_OPENSSL_H_ && OPENSSL_VERSION_NUMBER__GEQ__0x30000000L;endif;38;38
src/openvpn/crypto_openssl.h;1;!CRYPTO_OPENSSL_H_;1 && !CRYPTO_OPENSSL_H_;artifact;39;46
src/openvpn/crypto_openssl.h;1;OPENSSL_VERSION_NUMBER__LT__0x30000000L;1 && !CRYPTO_OPENSSL_H_ && OPENSSL_VERSION_NUMBER__LT__0x30000000L;if;47;47
src/openvpn/crypto_openssl.h;1;OPENSSL_VERSION_NUMBER__LT__0x30000000L;1 && !CRYPTO_OPENSSL_H_ && OPENSSL_VERSION_NUMBER__LT__0x30000000L;artifact;48;51
src/openvpn/crypto_openssl.h;1;!OPENSSL_VERSION_NUMBER__LT__0x30000000L;!OPENSSL_VERSION_NUMBER__LT__0x30000000L && 1 && !CRYPTO_OPENSSL_H_;else;52;52
src/openvpn/crypto_openssl.h;1;!OPENSSL_VERSION_NUMBER__LT__0x30000000L;!OPENSSL_VERSION_NUMBER__LT__0x30000000L && 1 && !CRYPTO_OPENSSL_H_;artifact;53;59
src/openvpn/crypto_openssl.h;1;!OPENSSL_VERSION_NUMBER__LT__0x30000000L;!OPENSSL_VERSION_NUMBER__LT__0x30000000L && 1 && !CRYPTO_OPENSSL_H_;endif;60;60
src/openvpn/crypto_openssl.h;1;!CRYPTO_OPENSSL_H_;1 && !CRYPTO_OPENSSL_H_;artifact;61;64
src/openvpn/crypto_openssl.h;1;OPENSSL_VERSION_NUMBER__LT__0x30000000L;1 && !CRYPTO_OPENSSL_H_ && OPENSSL_VERSION_NUMBER__LT__0x30000000L;if;65;65
src/openvpn/crypto_openssl.h;1;OPENSSL_VERSION_NUMBER__LT__0x30000000L;1 && !CRYPTO_OPENSSL_H_ && OPENSSL_VERSION_NUMBER__LT__0x30000000L;artifact;66;67
src/openvpn/crypto_openssl.h;1;!OPENSSL_VERSION_NUMBER__LT__0x30000000L;!OPENSSL_VERSION_NUMBER__LT__0x30000000L && 1 && !CRYPTO_OPENSSL_H_;else;68;68
src/openvpn/crypto_openssl.h;1;!OPENSSL_VERSION_NUMBER__LT__0x30000000L;!OPENSSL_VERSION_NUMBER__LT__0x30000000L && 1 && !CRYPTO_OPENSSL_H_;artifact;69;70
src/openvpn/crypto_openssl.h;1;!OPENSSL_VERSION_NUMBER__LT__0x30000000L;!OPENSSL_VERSION_NUMBER__LT__0x30000000L && 1 && !CRYPTO_OPENSSL_H_;endif;71;71
src/openvpn/crypto_openssl.h;1;!CRYPTO_OPENSSL_H_;1 && !CRYPTO_OPENSSL_H_;artifact;72;122
src/openvpn/crypto_openssl.h;1;!CRYPTO_OPENSSL_H_;1 && !CRYPTO_OPENSSL_H_;endif;123;123
src/openvpn/crypto_openssl.h;1;1;1;artifact;124;124
src/openvpn/cryptoapi.c;1;1;1;ROOT;1;523
src/openvpn/cryptoapi.c;1;1;1;artifact;1;31
src/openvpn/cryptoapi.c;1;HAVE_CONFIG_H;1 && HAVE_CONFIG_H;if;32;32
src/openvpn/cryptoapi.c;1;HAVE_CONFIG_H;1 && HAVE_CONFIG_H;artifact;33;33
src/openvpn/cryptoapi.c;1;HAVE_CONFIG_H;1 && HAVE_CONFIG_H;endif;34;34
src/openvpn/cryptoapi.c;1;1;1;artifact;35;37
src/openvpn/cryptoapi.c;1;ENABLE_CRYPTOAPI;1 && ENABLE_CRYPTOAPI;if;38;38
src/openvpn/cryptoapi.c;1;ENABLE_CRYPTOAPI;1 && ENABLE_CRYPTOAPI;artifact;39;55
src/openvpn/cryptoapi.c;1;!HAVE_XKEY_PROVIDER;1 && ENABLE_CRYPTOAPI && !HAVE_XKEY_PROVIDER;if;56;56
src/openvpn/cryptoapi.c;1;!HAVE_XKEY_PROVIDER;1 && ENABLE_CRYPTOAPI && !HAVE_XKEY_PROVIDER;artifact;57;64
src/openvpn/cryptoapi.c;1;HAVE_XKEY_PROVIDER;HAVE_XKEY_PROVIDER && 1 && ENABLE_CRYPTOAPI;else;65;65
src/openvpn/cryptoapi.c;1;HAVE_XKEY_PROVIDER;HAVE_XKEY_PROVIDER && 1 && ENABLE_CRYPTOAPI;artifact;66;519
src/openvpn/cryptoapi.c;1;HAVE_XKEY_PROVIDER;HAVE_XKEY_PROVIDER && 1 && ENABLE_CRYPTOAPI;endif;520;520
src/openvpn/cryptoapi.c;1;ENABLE_CRYPTOAPI;1 && ENABLE_CRYPTOAPI;endif;521;521
src/openvpn/cryptoapi.c;1;1;1;artifact;522;522
src/openvpn/cryptoapi.h;1;1;1;ROOT;1;9
src/openvpn/cryptoapi.h;1;!_CRYPTOAPI_H_;1 && !_CRYPTOAPI_H_;if;1;1
src/openvpn/cryptoapi.h;1;!_CRYPTOAPI_H_;1 && !_CRYPTOAPI_H_;artifact;2;6
src/openvpn/cryptoapi.h;1;!_CRYPTOAPI_H_;1 && !_CRYPTOAPI_H_;endif;7;7
src/openvpn/cryptoapi.h;1;1;1;artifact;8;8
src/openvpn/dco.c;1;1;1;ROOT;1;693
src/openvpn/dco.c;1;1;1;artifact;1;26
src/openvpn/dco.c;1;HAVE_CONFIG_H;1 && HAVE_CONFIG_H;if;27;27
src/openvpn/dco.c;1;HAVE_CONFIG_H;1 && HAVE_CONFIG_H;artifact;28;28
src/openvpn/dco.c;1;HAVE_CONFIG_H;1 && HAVE_CONFIG_H;endif;29;29
src/openvpn/dco.c;1;1;1;artifact;30;30
src/openvpn/dco.c;1;DEFINED___LB__ENABLE_DCO__RB__;1 && DEFINED___LB__ENABLE_DCO__RB__;if;31;31
src/openvpn/dco.c;1;DEFINED___LB__ENABLE_DCO__RB__;1 && DEFINED___LB__ENABLE_DCO__RB__;artifact;32;44
src/openvpn/dco.c;1;HAVE_LIBCAPNG;1 && DEFINED___LB__ENABLE_DCO__RB__ && HAVE_LIBCAPNG;if;45;45
src/openvpn/dco.c;1;HAVE_LIBCAPNG;1 && DEFINED___LB__ENABLE_DCO__RB__ && HAVE_LIBCAPNG;artifact;46;46
src/openvpn/dco.c;1;HAVE_LIBCAPNG;1 && DEFINED___LB__ENABLE_DCO__RB__ && HAVE_LIBCAPNG;endif;47;47
src/openvpn/dco.c;1;DEFINED___LB__ENABLE_DCO__RB__;1 && DEFINED___LB__ENABLE_DCO__RB__;artifact;48;256
src/openvpn/dco.c;1;DEFINED___LB__TARGET_FREEBSD__RB__;1 && DEFINED___LB__ENABLE_DCO__RB__ && DEFINED___LB__TARGET_FREEBSD__RB__;if;257;257
src/openvpn/dco.c;1;DEFINED___LB__TARGET_FREEBSD__RB__;1 && DEFINED___LB__ENABLE_DCO__RB__ && DEFINED___LB__TARGET_FREEBSD__RB__;artifact;258;262
src/openvpn/dco.c;1;DEFINED___LB__TARGET_FREEBSD__RB__;1 && DEFINED___LB__ENABLE_DCO__RB__ && DEFINED___LB__TARGET_FREEBSD__RB__;endif;263;263
src/openvpn/dco.c;1;DEFINED___LB__ENABLE_DCO__RB__;1 && DEFINED___LB__ENABLE_DCO__RB__;artifact;264;264
src/openvpn/dco.c;1;DEFINED___LB___WIN32__RB__;1 && DEFINED___LB__ENABLE_DCO__RB__ && DEFINED___LB___WIN32__RB__;if;265;265
src/openvpn/dco.c;1;DEFINED___LB___WIN32__RB__;1 && DEFINED___LB__ENABLE_DCO__RB__ && DEFINED___LB___WIN32__RB__;artifact;266;270
src/openvpn/dco.c;1;DEFINED___LB___WIN32__RB__;1 && DEFINED___LB__ENABLE_DCO__RB__ && DEFINED___LB___WIN32__RB__;endif;271;271
src/openvpn/dco.c;1;DEFINED___LB__ENABLE_DCO__RB__;1 && DEFINED___LB__ENABLE_DCO__RB__;artifact;272;319
src/openvpn/dco.c;1;DEFINED___LB___WIN32__RB__;1 && DEFINED___LB__ENABLE_DCO__RB__ && DEFINED___LB___WIN32__RB__;if;320;320
src/openvpn/dco.c;1;DEFINED___LB___WIN32__RB__;1 && DEFINED___LB__ENABLE_DCO__RB__ && DEFINED___LB___WIN32__RB__;artifact;321;334
src/openvpn/dco.c;1;DEFINED___LB__TARGET_LINUX__RB__ && !DEFINED___LB___WIN32__RB__;DEFINED___LB__TARGET_LINUX__RB__ && !DEFINED___LB___WIN32__RB__ && 1 && DEFINED___LB__ENABLE_DCO__RB__;elif;335;335
src/openvpn/dco.c;1;DEFINED___LB__TARGET_LINUX__RB__ && !DEFINED___LB___WIN32__RB__;DEFINED___LB__TARGET_LINUX__RB__ && !DEFINED___LB___WIN32__RB__ && 1 && DEFINED___LB__ENABLE_DCO__RB__;artifact;336;359
src/openvpn/dco.c;1;DEFINED___LB__TARGET_LINUX__RB__ && !DEFINED___LB___WIN32__RB__;DEFINED___LB__TARGET_LINUX__RB__ && !DEFINED___LB___WIN32__RB__ && 1 && DEFINED___LB__ENABLE_DCO__RB__;endif;360;360
src/openvpn/dco.c;1;DEFINED___LB__ENABLE_DCO__RB__;1 && DEFINED___LB__ENABLE_DCO__RB__;artifact;361;361
src/openvpn/dco.c;1;DEFINED___LB__HAVE_LIBCAPNG__RB__;1 && DEFINED___LB__ENABLE_DCO__RB__ && DEFINED___LB__HAVE_LIBCAPNG__RB__;if;362;362
src/openvpn/dco.c;1;DEFINED___LB__HAVE_LIBCAPNG__RB__;1 && DEFINED___LB__ENABLE_DCO__RB__ && DEFINED___LB__HAVE_LIBCAPNG__RB__;artifact;363;381
src/openvpn/dco.c;1;DEFINED___LB__HAVE_LIBCAPNG__RB__;1 && DEFINED___LB__ENABLE_DCO__RB__ && DEFINED___LB__HAVE_LIBCAPNG__RB__;endif;382;382
src/openvpn/dco.c;1;DEFINED___LB__ENABLE_DCO__RB__;1 && DEFINED___LB__ENABLE_DCO__RB__;artifact;383;413
src/openvpn/dco.c;1;DEFINED___LB__USE_COMP__RB__;1 && DEFINED___LB__ENABLE_DCO__RB__ && DEFINED___LB__USE_COMP__RB__;if;414;414
src/openvpn/dco.c;1;DEFINED___LB__USE_COMP__RB__;1 && DEFINED___LB__ENABLE_DCO__RB__ && DEFINED___LB__USE_COMP__RB__;artifact;415;428
src/openvpn/dco.c;1;DEFINED___LB__USE_COMP__RB__;1 && DEFINED___LB__ENABLE_DCO__RB__ && DEFINED___LB__USE_COMP__RB__;endif;429;429
src/openvpn/dco.c;1;DEFINED___LB__ENABLE_DCO__RB__;1 && DEFINED___LB__ENABLE_DCO__RB__;artifact;430;474
src/openvpn/dco.c;1;TARGET_FREEBSD;1 && DEFINED___LB__ENABLE_DCO__RB__ && TARGET_FREEBSD;if;475;475
src/openvpn/dco.c;1;TARGET_FREEBSD;1 && DEFINED___LB__ENABLE_DCO__RB__ && TARGET_FREEBSD;artifact;476;482
src/openvpn/dco.c;1;TARGET_FREEBSD;1 && DEFINED___LB__ENABLE_DCO__RB__ && TARGET_FREEBSD;endif;483;483
src/openvpn/dco.c;1;DEFINED___LB__ENABLE_DCO__RB__;1 && DEFINED___LB__ENABLE_DCO__RB__;artifact;484;514
src/openvpn/dco.c;1;ENABLE_IP_PKTINFO;1 && DEFINED___LB__ENABLE_DCO__RB__ && ENABLE_IP_PKTINFO;if;515;515
src/openvpn/dco.c;1;ENABLE_IP_PKTINFO;1 && DEFINED___LB__ENABLE_DCO__RB__ && ENABLE_IP_PKTINFO;artifact;516;529
src/openvpn/dco.c;1;DEFINED___LB__HAVE_IN_PKTINFO__RB__ && DEFINED___LB__HAVE_IPI_SPEC_DST__RB__;1 && DEFINED___LB__ENABLE_DCO__RB__ && ENABLE_IP_PKTINFO && DEFINED___LB__HAVE_IN_PKTINFO__RB__ && DEFINED___LB__HAVE_IPI_SPEC_DST__RB__;if;530;530
src/openvpn/dco.c;1;DEFINED___LB__HAVE_IN_PKTINFO__RB__ && DEFINED___LB__HAVE_IPI_SPEC_DST__RB__;1 && DEFINED___LB__ENABLE_DCO__RB__ && ENABLE_IP_PKTINFO && DEFINED___LB__HAVE_IN_PKTINFO__RB__ && DEFINED___LB__HAVE_IPI_SPEC_DST__RB__;artifact;531;531
src/openvpn/dco.c;1;DEFINED___LB__IP_RECVDSTADDR__RB__ && (!DEFINED___LB__HAVE_IN_PKTINFO__RB__ || !DEFINED___LB__HAVE_IPI_SPEC_DST__RB__);DEFINED___LB__IP_RECVDSTADDR__RB__ && (!DEFINED___LB__HAVE_IN_PKTINFO__RB__ || !DEFINED___LB__HAVE_IPI_SPEC_DST__RB__) && 1 && DEFINED___LB__ENABLE_DCO__RB__ && ENABLE_IP_PKTINFO;elif;532;532
src/openvpn/dco.c;1;DEFINED___LB__IP_RECVDSTADDR__RB__ && (!DEFINED___LB__HAVE_IN_PKTINFO__RB__ || !DEFINED___LB__HAVE_IPI_SPEC_DST__RB__);DEFINED___LB__IP_RECVDSTADDR__RB__ && (!DEFINED___LB__HAVE_IN_PKTINFO__RB__ || !DEFINED___LB__HAVE_IPI_SPEC_DST__RB__) && 1 && DEFINED___LB__ENABLE_DCO__RB__ && ENABLE_IP_PKTINFO;artifact;533;533
src/openvpn/dco.c;1;!DEFINED___LB__IP_RECVDSTADDR__RB__ && (!DEFINED___LB__HAVE_IN_PKTINFO__RB__ || !DEFINED___LB__HAVE_IPI_SPEC_DST__RB__);!DEFINED___LB__IP_RECVDSTADDR__RB__ && (!DEFINED___LB__HAVE_IN_PKTINFO__RB__ || !DEFINED___LB__HAVE_IPI_SPEC_DST__RB__) && 1 && DEFINED___LB__ENABLE_DCO__RB__ && ENABLE_IP_PKTINFO;else;534;534
src/openvpn/dco.c;1;!DEFINED___LB__IP_RECVDSTADDR__RB__ && (!DEFINED___LB__HAVE_IN_PKTINFO__RB__ || !DEFINED___LB__HAVE_IPI_SPEC_DST__RB__);!DEFINED___LB__IP_RECVDSTADDR__RB__ && (!DEFINED___LB__HAVE_IN_PKTINFO__RB__ || !DEFINED___LB__HAVE_IPI_SPEC_DST__RB__) && 1 && DEFINED___LB__ENABLE_DCO__RB__ && ENABLE_IP_PKTINFO;artifact;535;536
src/openvpn/dco.c;1;!DEFINED___LB__IP_RECVDSTADDR__RB__ && (!DEFINED___LB__HAVE_IN_PKTINFO__RB__ || !DEFINED___LB__HAVE_IPI_SPEC_DST__RB__);!DEFINED___LB__IP_RECVDSTADDR__RB__ && (!DEFINED___LB__HAVE_IN_PKTINFO__RB__ || !DEFINED___LB__HAVE_IPI_SPEC_DST__RB__) && 1 && DEFINED___LB__ENABLE_DCO__RB__ && ENABLE_IP_PKTINFO;endif;537;537
src/openvpn/dco.c;1;ENABLE_IP_PKTINFO;1 && DEFINED___LB__ENABLE_DCO__RB__ && ENABLE_IP_PKTINFO;artifact;538;554
src/openvpn/dco.c;1;!ENABLE_IP_PKTINFO;!ENABLE_IP_PKTINFO && 1 && DEFINED___LB__ENABLE_DCO__RB__;else;555;555
src/openvpn/dco.c;1;!ENABLE_IP_PKTINFO;!ENABLE_IP_PKTINFO && 1 && DEFINED___LB__ENABLE_DCO__RB__;artifact;556;556
src/openvpn/dco.c;1;!ENABLE_IP_PKTINFO;!ENABLE_IP_PKTINFO && 1 && DEFINED___LB__ENABLE_DCO__RB__;endif;557;557
src/openvpn/dco.c;1;DEFINED___LB__ENABLE_DCO__RB__;1 && DEFINED___LB__ENABLE_DCO__RB__;artifact;558;617
src/openvpn/dco.c;1;DEFINED___LB__TARGET_LINUX__RB__ || DEFINED___LB__TARGET_FREEBSD__RB__;1 && DEFINED___LB__ENABLE_DCO__RB__ && (DEFINED___LB__TARGET_LINUX__RB__ || DEFINED___LB__TARGET_FREEBSD__RB__);if;618;618
src/openvpn/dco.c;1;DEFINED___LB__TARGET_LINUX__RB__ || DEFINED___LB__TARGET_FREEBSD__RB__;1 && DEFINED___LB__ENABLE_DCO__RB__ && (DEFINED___LB__TARGET_LINUX__RB__ || DEFINED___LB__TARGET_FREEBSD__RB__);artifact;619;648
src/openvpn/dco.c;1;DEFINED___LB__TARGET_LINUX__RB__ || DEFINED___LB__TARGET_FREEBSD__RB__;1 && DEFINED___LB__ENABLE_DCO__RB__ && (DEFINED___LB__TARGET_LINUX__RB__ || DEFINED___LB__TARGET_FREEBSD__RB__);endif;649;649
src/openvpn/dco.c;1;DEFINED___LB__ENABLE_DCO__RB__;1 && DEFINED___LB__ENABLE_DCO__RB__;artifact;650;654
src/openvpn/dco.c;1;DEFINED___LB__TARGET_LINUX__RB__ || DEFINED___LB__TARGET_FREEBSD__RB__;1 && DEFINED___LB__ENABLE_DCO__RB__ && (DEFINED___LB__TARGET_LINUX__RB__ || DEFINED___LB__TARGET_FREEBSD__RB__);if;655;655
src/openvpn/dco.c;1;DEFINED___LB__TARGET_LINUX__RB__ || DEFINED___LB__TARGET_FREEBSD__RB__;1 && DEFINED___LB__ENABLE_DCO__RB__ && (DEFINED___LB__TARGET_LINUX__RB__ || DEFINED___LB__TARGET_FREEBSD__RB__);artifact;656;687
src/openvpn/dco.c;1;DEFINED___LB__TARGET_LINUX__RB__ || DEFINED___LB__TARGET_FREEBSD__RB__;1 && DEFINED___LB__ENABLE_DCO__RB__ && (DEFINED___LB__TARGET_LINUX__RB__ || DEFINED___LB__TARGET_FREEBSD__RB__);endif;688;688
src/openvpn/dco.c;1;DEFINED___LB__ENABLE_DCO__RB__;1 && DEFINED___LB__ENABLE_DCO__RB__;artifact;689;690
src/openvpn/dco.c;1;DEFINED___LB__ENABLE_DCO__RB__;1 && DEFINED___LB__ENABLE_DCO__RB__;endif;691;691
src/openvpn/dco.c;1;1;1;artifact;692;692
src/openvpn/dco.h;1;1;1;ROOT;1;386
src/openvpn/dco.h;1;1;1;artifact;1;25
src/openvpn/dco.h;1;!DCO_H;1 && !DCO_H;if;26;26
src/openvpn/dco.h;1;!DCO_H;1 && !DCO_H;artifact;27;49
src/openvpn/dco.h;1;DEFINED___LB__ENABLE_DCO__RB__;1 && !DCO_H && DEFINED___LB__ENABLE_DCO__RB__;if;50;50
src/openvpn/dco.h;1;DEFINED___LB__ENABLE_DCO__RB__;1 && !DCO_H && DEFINED___LB__ENABLE_DCO__RB__;artifact;51;251
src/openvpn/dco.h;1;!DEFINED___LB__ENABLE_DCO__RB__;!DEFINED___LB__ENABLE_DCO__RB__ && 1 && !DCO_H;else;252;252
src/openvpn/dco.h;1;!DEFINED___LB__ENABLE_DCO__RB__;!DEFINED___LB__ENABLE_DCO__RB__ && 1 && !DCO_H;artifact;253;382
src/openvpn/dco.h;1;!DEFINED___LB__ENABLE_DCO__RB__;!DEFINED___LB__ENABLE_DCO__RB__ && 1 && !DCO_H;endif;383;383
src/openvpn/dco.h;1;!DCO_H;1 && !DCO_H;endif;384;384
src/openvpn/dco.h;1;1;1;artifact;385;385
src/openvpn/dco_freebsd.c;1;1;1;ROOT;1;777
src/openvpn/dco_freebsd.c;1;1;1;artifact;1;20
src/openvpn/dco_freebsd.c;1;HAVE_CONFIG_H;1 && HAVE_CONFIG_H;if;21;21
src/openvpn/dco_freebsd.c;1;HAVE_CONFIG_H;1 && HAVE_CONFIG_H;artifact;22;22
src/openvpn/dco_freebsd.c;1;HAVE_CONFIG_H;1 && HAVE_CONFIG_H;endif;23;23
src/openvpn/dco_freebsd.c;1;1;1;artifact;24;24
src/openvpn/dco_freebsd.c;1;DEFINED___LB__ENABLE_DCO__RB__ && DEFINED___LB__TARGET_FREEBSD__RB__;1 && DEFINED___LB__ENABLE_DCO__RB__ && DEFINED___LB__TARGET_FREEBSD__RB__;if;25;25
src/openvpn/dco_freebsd.c;1;DEFINED___LB__ENABLE_DCO__RB__ && DEFINED___LB__TARGET_FREEBSD__RB__;1 && DEFINED___LB__ENABLE_DCO__RB__ && DEFINED___LB__TARGET_FREEBSD__RB__;artifact;26;774
src/openvpn/dco_freebsd.c;1;DEFINED___LB__ENABLE_DCO__RB__ && DEFINED___LB__TARGET_FREEBSD__RB__;1 && DEFINED___LB__ENABLE_DCO__RB__ && DEFINED___LB__TARGET_FREEBSD__RB__;endif;775;775
src/openvpn/dco_freebsd.c;1;1;1;artifact;776;776
src/openvpn/dco_freebsd.h;1;1;1;ROOT;1;65
src/openvpn/dco_freebsd.h;1;1;1;artifact;1;19
src/openvpn/dco_freebsd.h;1;!DCO_FREEBSD_H;1 && !DCO_FREEBSD_H;if;20;20
src/openvpn/dco_freebsd.h;1;!DCO_FREEBSD_H;1 && !DCO_FREEBSD_H;artifact;21;22
src/openvpn/dco_freebsd.h;1;DEFINED___LB__ENABLE_DCO__RB__ && DEFINED___LB__TARGET_FREEBSD__RB__;1 && !DCO_FREEBSD_H && DEFINED___LB__ENABLE_DCO__RB__ && DEFINED___LB__TARGET_FREEBSD__RB__;if;23;23
src/openvpn/dco_freebsd.h;1;DEFINED___LB__ENABLE_DCO__RB__ && DEFINED___LB__TARGET_FREEBSD__RB__;1 && !DCO_FREEBSD_H && DEFINED___LB__ENABLE_DCO__RB__ && DEFINED___LB__TARGET_FREEBSD__RB__;artifact;24;61
src/openvpn/dco_freebsd.h;1;DEFINED___LB__ENABLE_DCO__RB__ && DEFINED___LB__TARGET_FREEBSD__RB__;1 && !DCO_FREEBSD_H && DEFINED___LB__ENABLE_DCO__RB__ && DEFINED___LB__TARGET_FREEBSD__RB__;endif;62;62
src/openvpn/dco_freebsd.h;1;!DCO_FREEBSD_H;1 && !DCO_FREEBSD_H;endif;63;63
src/openvpn/dco_freebsd.h;1;1;1;artifact;64;64
src/openvpn/dco_internal.h;1;1;1;ROOT;1;82
src/openvpn/dco_internal.h;1;1;1;artifact;1;24
src/openvpn/dco_internal.h;1;!DCO_INTERNAL_H;1 && !DCO_INTERNAL_H;if;25;25
src/openvpn/dco_internal.h;1;!DCO_INTERNAL_H;1 && !DCO_INTERNAL_H;artifact;26;27
src/openvpn/dco_internal.h;1;DEFINED___LB__ENABLE_DCO__RB__;1 && !DCO_INTERNAL_H && DEFINED___LB__ENABLE_DCO__RB__;if;28;28
src/openvpn/dco_internal.h;1;DEFINED___LB__ENABLE_DCO__RB__;1 && !DCO_INTERNAL_H && DEFINED___LB__ENABLE_DCO__RB__;artifact;29;78
src/openvpn/dco_internal.h;1;DEFINED___LB__ENABLE_DCO__RB__;1 && !DCO_INTERNAL_H && DEFINED___LB__ENABLE_DCO__RB__;endif;79;79
src/openvpn/dco_internal.h;1;!DCO_INTERNAL_H;1 && !DCO_INTERNAL_H;endif;80;80
src/openvpn/dco_internal.h;1;1;1;artifact;81;81
src/openvpn/dco_linux.c;1;1;1;ROOT;1;1063
src/openvpn/dco_linux.c;1;1;1;artifact;1;23
src/openvpn/dco_linux.c;1;HAVE_CONFIG_H;1 && HAVE_CONFIG_H;if;24;24
src/openvpn/dco_linux.c;1;HAVE_CONFIG_H;1 && HAVE_CONFIG_H;artifact;25;25
src/openvpn/dco_linux.c;1;HAVE_CONFIG_H;1 && HAVE_CONFIG_H;endif;26;26
src/openvpn/dco_linux.c;1;1;1;artifact;27;27
src/openvpn/dco_linux.c;1;DEFINED___LB__ENABLE_DCO__RB__ && DEFINED___LB__TARGET_LINUX__RB__;1 && DEFINED___LB__ENABLE_DCO__RB__ && DEFINED___LB__TARGET_LINUX__RB__;if;28;28
src/openvpn/dco_linux.c;1;DEFINED___LB__ENABLE_DCO__RB__ && DEFINED___LB__TARGET_LINUX__RB__;1 && DEFINED___LB__ENABLE_DCO__RB__ && DEFINED___LB__TARGET_LINUX__RB__;artifact;29;1060
src/openvpn/dco_linux.c;1;DEFINED___LB__ENABLE_DCO__RB__ && DEFINED___LB__TARGET_LINUX__RB__;1 && DEFINED___LB__ENABLE_DCO__RB__ && DEFINED___LB__TARGET_LINUX__RB__;endif;1061;1061
src/openvpn/dco_linux.c;1;1;1;artifact;1062;1062
src/openvpn/dco_linux.h;1;1;1;ROOT;1;61
src/openvpn/dco_linux.h;1;1;1;artifact;1;21
src/openvpn/dco_linux.h;1;!DCO_LINUX_H;1 && !DCO_LINUX_H;if;22;22
src/openvpn/dco_linux.h;1;!DCO_LINUX_H;1 && !DCO_LINUX_H;artifact;23;24
src/openvpn/dco_linux.h;1;DEFINED___LB__ENABLE_DCO__RB__ && DEFINED___LB__TARGET_LINUX__RB__;1 && !DCO_LINUX_H && DEFINED___LB__ENABLE_DCO__RB__ && DEFINED___LB__TARGET_LINUX__RB__;if;25;25
src/openvpn/dco_linux.h;1;DEFINED___LB__ENABLE_DCO__RB__ && DEFINED___LB__TARGET_LINUX__RB__;1 && !DCO_LINUX_H && DEFINED___LB__ENABLE_DCO__RB__ && DEFINED___LB__TARGET_LINUX__RB__;artifact;26;57
src/openvpn/dco_linux.h;1;DEFINED___LB__ENABLE_DCO__RB__ && DEFINED___LB__TARGET_LINUX__RB__;1 && !DCO_LINUX_H && DEFINED___LB__ENABLE_DCO__RB__ && DEFINED___LB__TARGET_LINUX__RB__;endif;58;58
src/openvpn/dco_linux.h;1;!DCO_LINUX_H;1 && !DCO_LINUX_H;endif;59;59
src/openvpn/dco_linux.h;1;1;1;artifact;60;60
src/openvpn/dco_win.c;1;1;1;ROOT;1;492
src/openvpn/dco_win.c;1;1;1;artifact;1;21
src/openvpn/dco_win.c;1;HAVE_CONFIG_H;1 && HAVE_CONFIG_H;if;22;22
src/openvpn/dco_win.c;1;HAVE_CONFIG_H;1 && HAVE_CONFIG_H;artifact;23;23
src/openvpn/dco_win.c;1;HAVE_CONFIG_H;1 && HAVE_CONFIG_H;endif;24;24
src/openvpn/dco_win.c;1;1;1;artifact;25;25
src/openvpn/dco_win.c;1;DEFINED___LB___WIN32__RB__;1 && DEFINED___LB___WIN32__RB__;if;26;26
src/openvpn/dco_win.c;1;DEFINED___LB___WIN32__RB__;1 && DEFINED___LB___WIN32__RB__;artifact;27;39
src/openvpn/dco_win.c;1;DEFINED___LB____MINGW32____RB__;1 && DEFINED___LB___WIN32__RB__ && DEFINED___LB____MINGW32____RB__;if;40;40
src/openvpn/dco_win.c;1;DEFINED___LB____MINGW32____RB__;1 && DEFINED___LB___WIN32__RB__ && DEFINED___LB____MINGW32____RB__;artifact;41;41
src/openvpn/dco_win.c;1;DEFINED___LB____MINGW32____RB__;1 && DEFINED___LB___WIN32__RB__ && DEFINED___LB____MINGW32____RB__;endif;42;42
src/openvpn/dco_win.c;1;DEFINED___LB___WIN32__RB__;1 && DEFINED___LB___WIN32__RB__;artifact;43;489
src/openvpn/dco_win.c;1;DEFINED___LB___WIN32__RB__;1 && DEFINED___LB___WIN32__RB__;endif;490;490
src/openvpn/dco_win.c;1;1;1;artifact;491;491
src/openvpn/dco_win.h;1;1;1;ROOT;1;62
src/openvpn/dco_win.h;1;1;1;artifact;1;21
src/openvpn/dco_win.h;1;!DCO_WIN_H;1 && !DCO_WIN_H;if;22;22
src/openvpn/dco_win.h;1;!DCO_WIN_H;1 && !DCO_WIN_H;artifact;23;24
src/openvpn/dco_win.h;1;DEFINED___LB__ENABLE_DCO__RB__ && DEFINED___LB___WIN32__RB__;1 && !DCO_WIN_H && DEFINED___LB__ENABLE_DCO__RB__ && DEFINED___LB___WIN32__RB__;if;25;25
src/openvpn/dco_win.h;1;DEFINED___LB__ENABLE_DCO__RB__ && DEFINED___LB___WIN32__RB__;1 && !DCO_WIN_H && DEFINED___LB__ENABLE_DCO__RB__ && DEFINED___LB___WIN32__RB__;artifact;26;50
src/openvpn/dco_win.h;1;!DEFINED___LB__ENABLE_DCO__RB__ || !DEFINED___LB___WIN32__RB__;(!DEFINED___LB__ENABLE_DCO__RB__ || !DEFINED___LB___WIN32__RB__) && 1 && !DCO_WIN_H;else;51;51
src/openvpn/dco_win.h;1;!DEFINED___LB__ENABLE_DCO__RB__ || !DEFINED___LB___WIN32__RB__;(!DEFINED___LB__ENABLE_DCO__RB__ || !DEFINED___LB___WIN32__RB__) && 1 && !DCO_WIN_H;artifact;52;58
src/openvpn/dco_win.h;1;!DEFINED___LB__ENABLE_DCO__RB__ || !DEFINED___LB___WIN32__RB__;(!DEFINED___LB__ENABLE_DCO__RB__ || !DEFINED___LB___WIN32__RB__) && 1 && !DCO_WIN_H;endif;59;59
src/openvpn/dco_win.h;1;!DCO_WIN_H;1 && !DCO_WIN_H;endif;60;60
src/openvpn/dco_win.h;1;1;1;artifact;61;61
src/openvpn/dhcp.c;1;1;1;ROOT;1;190
src/openvpn/dhcp.c;1;1;1;artifact;1;23
src/openvpn/dhcp.c;1;HAVE_CONFIG_H;1 && HAVE_CONFIG_H;if;24;24
src/openvpn/dhcp.c;1;HAVE_CONFIG_H;1 && HAVE_CONFIG_H;artifact;25;25
src/openvpn/dhcp.c;1;HAVE_CONFIG_H;1 && HAVE_CONFIG_H;endif;26;26
src/openvpn/dhcp.c;1;1;1;artifact;27;189
src/openvpn/dhcp.h;1;1;1;ROOT;1;88
src/openvpn/dhcp.h;1;1;1;artifact;1;23
src/openvpn/dhcp.h;1;!DHCP_H;1 && !DHCP_H;if;24;24
src/openvpn/dhcp.h;1;!DHCP_H;1 && !DHCP_H;artifact;25;85
src/openvpn/dhcp.h;1;!DHCP_H;1 && !DHCP_H;endif;86;86
src/openvpn/dhcp.h;1;1;1;artifact;87;87
src/openvpn/dns.c;1;1;1;ROOT;1;508
src/openvpn/dns.c;1;1;1;artifact;1;23
src/openvpn/dns.c;1;HAVE_CONFIG_H;1 && HAVE_CONFIG_H;if;24;24
src/openvpn/dns.c;1;HAVE_CONFIG_H;1 && HAVE_CONFIG_H;artifact;25;25
src/openvpn/dns.c;1;HAVE_CONFIG_H;1 && HAVE_CONFIG_H;endif;26;26
src/openvpn/dns.c;1;1;1;artifact;27;507
src/openvpn/dns.h;1;1;1;ROOT;1;165
src/openvpn/dns.h;1;1;1;artifact;1;23
src/openvpn/dns.h;1;!DNS_H;1 && !DNS_H;if;24;24
src/openvpn/dns.h;1;!DNS_H;1 && !DNS_H;artifact;25;162
src/openvpn/dns.h;1;!DNS_H;1 && !DNS_H;endif;163;163
src/openvpn/dns.h;1;1;1;artifact;164;164
src/openvpn/env_set.c;1;1;1;ROOT;1;459
src/openvpn/env_set.c;1;1;1;artifact;1;26
src/openvpn/env_set.c;1;HAVE_CONFIG_H;1 && HAVE_CONFIG_H;if;27;27
src/openvpn/env_set.c;1;HAVE_CONFIG_H;1 && HAVE_CONFIG_H;artifact;28;28
src/openvpn/env_set.c;1;HAVE_CONFIG_H;1 && HAVE_CONFIG_H;endif;29;29
src/openvpn/env_set.c;1;1;1;artifact;30;363
src/openvpn/env_set.c;1;DEBUG_VERBOSE_SETENV;1 && DEBUG_VERBOSE_SETENV;if;364;364
src/openvpn/env_set.c;1;DEBUG_VERBOSE_SETENV;1 && DEBUG_VERBOSE_SETENV;artifact;365;365
src/openvpn/env_set.c;1;DEBUG_VERBOSE_SETENV;1 && DEBUG_VERBOSE_SETENV;endif;366;366
src/openvpn/env_set.c;1;1;1;artifact;367;458
src/openvpn/env_set.h;1;1;1;ROOT;1;125
src/openvpn/env_set.h;1;1;1;artifact;1;24
src/openvpn/env_set.h;1;!ENV_SET_H;1 && !ENV_SET_H;if;25;25
src/openvpn/env_set.h;1;!ENV_SET_H;1 && !ENV_SET_H;artifact;26;106
src/openvpn/env_set.h;1;!UNSAFE_DEBUG;1 && !ENV_SET_H && !UNSAFE_DEBUG;if;107;107
src/openvpn/env_set.h;1;!UNSAFE_DEBUG;1 && !ENV_SET_H && !UNSAFE_DEBUG;artifact;108;111
src/openvpn/env_set.h;1;!UNSAFE_DEBUG;1 && !ENV_SET_H && !UNSAFE_DEBUG;endif;112;112
src/openvpn/env_set.h;1;!ENV_SET_H;1 && !ENV_SET_H;artifact;113;122
src/openvpn/env_set.h;1;!ENV_SET_H;1 && !ENV_SET_H;endif;123;123
src/openvpn/env_set.h;1;1;1;artifact;124;124
src/openvpn/errlevel.h;1;1;1;ROOT;1;185
src/openvpn/errlevel.h;1;1;1;artifact;1;23
src/openvpn/errlevel.h;1;!ERRLEVEL_H;1 && !ERRLEVEL_H;if;24;24
src/openvpn/errlevel.h;1;!ERRLEVEL_H;1 && !ERRLEVEL_H;artifact;25;182
src/openvpn/errlevel.h;1;!ERRLEVEL_H;1 && !ERRLEVEL_H;endif;183;183
src/openvpn/errlevel.h;1;1;1;artifact;184;184
src/openvpn/error.c;1;1;1;ROOT;1;1012
src/openvpn/error.c;1;1;1;artifact;1;23
src/openvpn/error.c;1;HAVE_CONFIG_H;1 && HAVE_CONFIG_H;if;24;24
src/openvpn/error.c;1;HAVE_CONFIG_H;1 && HAVE_CONFIG_H;artifact;25;25
src/openvpn/error.c;1;HAVE_CONFIG_H;1 && HAVE_CONFIG_H;endif;26;26
src/openvpn/error.c;1;1;1;artifact;27;44
src/openvpn/error.c;1;SYSLOG_CAPABILITY;1 && SYSLOG_CAPABILITY;if;45;45
src/openvpn/error.c;1;!LOG_OPENVPN;1 && SYSLOG_CAPABILITY && !LOG_OPENVPN;if;46;46
src/openvpn/error.c;1;!LOG_OPENVPN;1 && SYSLOG_CAPABILITY && !LOG_OPENVPN;artifact;47;47
src/openvpn/error.c;1;!LOG_OPENVPN;1 && SYSLOG_CAPABILITY && !LOG_OPENVPN;endif;48;48
src/openvpn/error.c;1;SYSLOG_CAPABILITY;1 && SYSLOG_CAPABILITY;endif;49;49
src/openvpn/error.c;1;1;1;artifact;50;83
src/openvpn/error.c;1;SYSLOG_CAPABILITY;1 && SYSLOG_CAPABILITY;if;84;84
src/openvpn/error.c;1;SYSLOG_CAPABILITY;1 && SYSLOG_CAPABILITY;artifact;85;85
src/openvpn/error.c;1;SYSLOG_CAPABILITY;1 && SYSLOG_CAPABILITY;endif;86;86
src/openvpn/error.c;1;1;1;artifact;87;172
src/openvpn/error.c;1;OPENVPN_DEBUG_COMMAND_LINE;1 && OPENVPN_DEBUG_COMMAND_LINE;if;173;173
src/openvpn/error.c;1;OPENVPN_DEBUG_COMMAND_LINE;1 && OPENVPN_DEBUG_COMMAND_LINE;artifact;174;178
src/openvpn/error.c;1;!OPENVPN_DEBUG_COMMAND_LINE;!OPENVPN_DEBUG_COMMAND_LINE && 1;else;179;179
src/openvpn/error.c;1;!OPENVPN_DEBUG_COMMAND_LINE;!OPENVPN_DEBUG_COMMAND_LINE && 1;artifact;180;180
src/openvpn/error.c;1;!OPENVPN_DEBUG_COMMAND_LINE;!OPENVPN_DEBUG_COMMAND_LINE && 1;endif;181;181
src/openvpn/error.c;1;1;1;artifact;182;223
src/openvpn/error.c;1;_WIN32;1 && _WIN32;if;224;224
src/openvpn/error.c;1;_WIN32;1 && _WIN32;artifact;225;228
src/openvpn/error.c;1;_WIN32;1 && _WIN32;endif;229;229
src/openvpn/error.c;1;1;1;artifact;230;236
src/openvpn/error.c;1;SYSLOG_CAPABILITY;1 && SYSLOG_CAPABILITY;if;237;237
src/openvpn/error.c;1;SYSLOG_CAPABILITY;1 && SYSLOG_CAPABILITY;artifact;238;238
src/openvpn/error.c;1;SYSLOG_CAPABILITY;1 && SYSLOG_CAPABILITY;endif;239;239
src/openvpn/error.c;1;1;1;artifact;240;287
src/openvpn/error.c;1;SYSLOG_CAPABILITY;1 && SYSLOG_CAPABILITY;if;288;288
src/openvpn/error.c;1;SYSLOG_CAPABILITY;1 && SYSLOG_CAPABILITY;artifact;289;300
src/openvpn/error.c;1;SYSLOG_CAPABILITY;1 && SYSLOG_CAPABILITY;endif;301;301
src/openvpn/error.c;1;1;1;artifact;302;335
src/openvpn/error.c;1;SYSLOG_CAPABILITY;1 && SYSLOG_CAPABILITY;if;336;336
src/openvpn/error.c;1;SYSLOG_CAPABILITY;1 && SYSLOG_CAPABILITY;artifact;337;340
src/openvpn/error.c;1;SYSLOG_CAPABILITY;1 && SYSLOG_CAPABILITY;endif;341;341
src/openvpn/error.c;1;1;1;artifact;342;468
src/openvpn/error.c;1;SYSLOG_CAPABILITY;1 && SYSLOG_CAPABILITY;if;469;469
src/openvpn/error.c;1;SYSLOG_CAPABILITY;1 && SYSLOG_CAPABILITY;artifact;470;484
src/openvpn/error.c;1;!SYSLOG_CAPABILITY;!SYSLOG_CAPABILITY && 1;else;485;485
src/openvpn/error.c;1;!SYSLOG_CAPABILITY;!SYSLOG_CAPABILITY && 1;artifact;486;486
src/openvpn/error.c;1;!SYSLOG_CAPABILITY;!SYSLOG_CAPABILITY && 1;endif;487;487
src/openvpn/error.c;1;1;1;artifact;488;492
src/openvpn/error.c;1;SYSLOG_CAPABILITY;1 && SYSLOG_CAPABILITY;if;493;493
src/openvpn/error.c;1;SYSLOG_CAPABILITY;1 && SYSLOG_CAPABILITY;artifact;494;500
src/openvpn/error.c;1;SYSLOG_CAPABILITY;1 && SYSLOG_CAPABILITY;endif;501;501
src/openvpn/error.c;1;1;1;artifact;502;503
src/openvpn/error.c;1;_WIN32;1 && _WIN32;if;504;504
src/openvpn/error.c;1;_WIN32;1 && _WIN32;artifact;505;511
src/openvpn/error.c;1;_WIN32;1 && _WIN32;endif;512;512
src/openvpn/error.c;1;1;1;artifact;513;516
src/openvpn/error.c;1;DEFINED___LB___WIN32__RB__;1 && DEFINED___LB___WIN32__RB__;if;517;517
src/openvpn/error.c;1;DEFINED___LB___WIN32__RB__;1 && DEFINED___LB___WIN32__RB__;artifact;518;584
src/openvpn/error.c;1;DEFINED___LB__HAVE_DUP2__RB__ && !DEFINED___LB___WIN32__RB__;DEFINED___LB__HAVE_DUP2__RB__ && !DEFINED___LB___WIN32__RB__ && 1;elif;585;585
src/openvpn/error.c;1;DEFINED___LB__HAVE_DUP2__RB__ && !DEFINED___LB___WIN32__RB__;DEFINED___LB__HAVE_DUP2__RB__ && !DEFINED___LB___WIN32__RB__ && 1;artifact;586;614
src/openvpn/error.c;1;!DEFINED___LB__HAVE_DUP2__RB__ && !DEFINED___LB___WIN32__RB__;!DEFINED___LB__HAVE_DUP2__RB__ && !DEFINED___LB___WIN32__RB__ && 1;else;615;615
src/openvpn/error.c;1;!DEFINED___LB__HAVE_DUP2__RB__ && !DEFINED___LB___WIN32__RB__;!DEFINED___LB__HAVE_DUP2__RB__ && !DEFINED___LB___WIN32__RB__ && 1;artifact;616;616
src/openvpn/error.c;1;!DEFINED___LB__HAVE_DUP2__RB__ && !DEFINED___LB___WIN32__RB__;!DEFINED___LB__HAVE_DUP2__RB__ && !DEFINED___LB___WIN32__RB__ && 1;endif;617;617
src/openvpn/error.c;1;1;1;artifact;618;669
src/openvpn/error.c;1;EXTENDED_SOCKET_ERROR_CAPABILITY;1 && EXTENDED_SOCKET_ERROR_CAPABILITY;if;670;670
src/openvpn/error.c;1;EXTENDED_SOCKET_ERROR_CAPABILITY;1 && EXTENDED_SOCKET_ERROR_CAPABILITY;artifact;671;681
src/openvpn/error.c;1;EXTENDED_SOCKET_ERROR_CAPABILITY;1 && EXTENDED_SOCKET_ERROR_CAPABILITY;endif;682;682
src/openvpn/error.c;1;1;1;artifact;683;683
src/openvpn/error.c;1;_WIN32;1 && _WIN32;if;684;684
src/openvpn/error.c;1;_WIN32;1 && _WIN32;artifact;685;689
src/openvpn/error.c;1;_WIN32;1 && _WIN32;endif;690;690
src/openvpn/error.c;1;1;1;artifact;691;740
src/openvpn/error.c;1;_WIN32;1 && _WIN32;if;741;741
src/openvpn/error.c;1;_WIN32;1 && _WIN32;artifact;742;742
src/openvpn/error.c;1;_WIN32;1 && _WIN32;endif;743;743
src/openvpn/error.c;1;1;1;artifact;744;747
src/openvpn/error.c;1;ENABLE_PLUGIN;1 && ENABLE_PLUGIN;if;748;748
src/openvpn/error.c;1;ENABLE_PLUGIN;1 && ENABLE_PLUGIN;artifact;749;749
src/openvpn/error.c;1;ENABLE_PLUGIN;1 && ENABLE_PLUGIN;endif;750;750
src/openvpn/error.c;1;1;1;artifact;751;751
src/openvpn/error.c;1;PORT_SHARE;1 && PORT_SHARE;if;752;752
src/openvpn/error.c;1;PORT_SHARE;1 && PORT_SHARE;artifact;753;756
src/openvpn/error.c;1;PORT_SHARE;1 && PORT_SHARE;endif;757;757
src/openvpn/error.c;1;1;1;artifact;758;758
src/openvpn/error.c;1;ENABLE_MEMSTATS;1 && ENABLE_MEMSTATS;if;759;759
src/openvpn/error.c;1;ENABLE_MEMSTATS;1 && ENABLE_MEMSTATS;artifact;760;760
src/openvpn/error.c;1;ENABLE_MEMSTATS;1 && ENABLE_MEMSTATS;endif;761;761
src/openvpn/error.c;1;1;1;artifact;762;762
src/openvpn/error.c;1;ABORT_ON_ERROR;1 && ABORT_ON_ERROR;if;763;763
src/openvpn/error.c;1;ABORT_ON_ERROR;1 && ABORT_ON_ERROR;artifact;764;767
src/openvpn/error.c;1;ABORT_ON_ERROR;1 && ABORT_ON_ERROR;endif;768;768
src/openvpn/error.c;1;1;1;artifact;769;808
src/openvpn/error.c;1;_WIN32;1 && _WIN32;if;809;809
src/openvpn/error.c;1;_WIN32;1 && _WIN32;artifact;810;818
src/openvpn/error.c;1;1;1 && _WIN32 && 1;if;819;819
src/openvpn/error.c;1;1;1 && _WIN32 && 1;artifact;820;966
src/openvpn/error.c;1;1;1 && _WIN32 && 1;endif;967;967
src/openvpn/error.c;1;_WIN32;1 && _WIN32;artifact;968;1009
src/openvpn/error.c;1;_WIN32;1 && _WIN32;endif;1010;1010
src/openvpn/error.c;1;1;1;artifact;1011;1011
src/openvpn/error.h;1;1;1;ROOT;1;402
src/openvpn/error.h;1;1;1;artifact;1;23
src/openvpn/error.h;1;!ERROR_H;1 && !ERROR_H;if;24;24
src/openvpn/error.h;1;!ERROR_H;1 && !ERROR_H;artifact;25;33
src/openvpn/error.h;1;DEFINED___LB__ENABLE_PKCS11__RB__ || DEFINED___LB__ENABLE_MANAGEMENT__RB__;1 && !ERROR_H && (DEFINED___LB__ENABLE_PKCS11__RB__ || DEFINED___LB__ENABLE_MANAGEMENT__RB__);if;34;34
src/openvpn/error.h;1;DEFINED___LB__ENABLE_PKCS11__RB__ || DEFINED___LB__ENABLE_MANAGEMENT__RB__;1 && !ERROR_H && (DEFINED___LB__ENABLE_PKCS11__RB__ || DEFINED___LB__ENABLE_MANAGEMENT__RB__);artifact;35;35
src/openvpn/error.h;1;!DEFINED___LB__ENABLE_PKCS11__RB__ && !DEFINED___LB__ENABLE_MANAGEMENT__RB__;!DEFINED___LB__ENABLE_PKCS11__RB__ && !DEFINED___LB__ENABLE_MANAGEMENT__RB__ && 1 && !ERROR_H;else;36;36
src/openvpn/error.h;1;!DEFINED___LB__ENABLE_PKCS11__RB__ && !DEFINED___LB__ENABLE_MANAGEMENT__RB__;!DEFINED___LB__ENABLE_PKCS11__RB__ && !DEFINED___LB__ENABLE_MANAGEMENT__RB__ && 1 && !ERROR_H;artifact;37;37
src/openvpn/error.h;1;!DEFINED___LB__ENABLE_PKCS11__RB__ && !DEFINED___LB__ENABLE_MANAGEMENT__RB__;!DEFINED___LB__ENABLE_PKCS11__RB__ && !DEFINED___LB__ENABLE_MANAGEMENT__RB__ && 1 && !ERROR_H;endif;38;38
src/openvpn/error.h;1;!ERROR_H;1 && !ERROR_H;artifact;39;70
src/openvpn/error.h;1;_WIN32;1 && !ERROR_H && _WIN32;if;71;71
src/openvpn/error.h;1;_WIN32;1 && !ERROR_H && _WIN32;artifact;72;73
src/openvpn/error.h;1;!_WIN32;!_WIN32 && 1 && !ERROR_H;else;74;74
src/openvpn/error.h;1;!_WIN32;!_WIN32 && 1 && !ERROR_H;artifact;75;75
src/openvpn/error.h;1;!_WIN32;!_WIN32 && 1 && !ERROR_H;endif;76;76
src/openvpn/error.h;1;!ERROR_H;1 && !ERROR_H;artifact;77;144
src/openvpn/error.h;1;ENABLE_DEBUG;1 && !ERROR_H && ENABLE_DEBUG;if;145;145
src/openvpn/error.h;1;ENABLE_DEBUG;1 && !ERROR_H && ENABLE_DEBUG;artifact;146;146
src/openvpn/error.h;1;!ENABLE_DEBUG;!ENABLE_DEBUG && 1 && !ERROR_H;else;147;147
src/openvpn/error.h;1;!ENABLE_DEBUG;!ENABLE_DEBUG && 1 && !ERROR_H;artifact;148;148
src/openvpn/error.h;1;!ENABLE_DEBUG;!ENABLE_DEBUG && 1 && !ERROR_H;endif;149;149
src/openvpn/error.h;1;!ERROR_H;1 && !ERROR_H;artifact;150;151
src/openvpn/error.h;1;__GNUC__;1 && !ERROR_H && __GNUC__;if;152;152
src/openvpn/error.h;1;__USE_MINGW_ANSI_STDIO;1 && !ERROR_H && __GNUC__ && __USE_MINGW_ANSI_STDIO;if;153;153
src/openvpn/error.h;1;__USE_MINGW_ANSI_STDIO;1 && !ERROR_H && __GNUC__ && __USE_MINGW_ANSI_STDIO;artifact;154;154
src/openvpn/error.h;1;!__USE_MINGW_ANSI_STDIO;!__USE_MINGW_ANSI_STDIO && 1 && !ERROR_H && __GNUC__;else;155;155
src/openvpn/error.h;1;!__USE_MINGW_ANSI_STDIO;!__USE_MINGW_ANSI_STDIO && 1 && !ERROR_H && __GNUC__;artifact;156;156
src/openvpn/error.h;1;!__USE_MINGW_ANSI_STDIO;!__USE_MINGW_ANSI_STDIO && 1 && !ERROR_H && __GNUC__;endif;157;157
src/openvpn/error.h;1;__GNUC__;1 && !ERROR_H && __GNUC__;endif;158;158
src/openvpn/error.h;1;!ERROR_H;1 && !ERROR_H;artifact;159;193
src/openvpn/error.h;1;!ENABLE_SMALL;1 && !ERROR_H && !ENABLE_SMALL;if;194;194
src/openvpn/error.h;1;!ENABLE_SMALL;1 && !ERROR_H && !ENABLE_SMALL;artifact;195;195
src/openvpn/error.h;1;ENABLE_SMALL;ENABLE_SMALL && 1 && !ERROR_H;else;196;196
src/openvpn/error.h;1;ENABLE_SMALL;ENABLE_SMALL && 1 && !ERROR_H;artifact;197;197
src/openvpn/error.h;1;ENABLE_SMALL;ENABLE_SMALL && 1 && !ERROR_H;endif;198;198
src/openvpn/error.h;1;!ERROR_H;1 && !ERROR_H;artifact;199;199
src/openvpn/error.h;1;_MSC_VER;1 && !ERROR_H && _MSC_VER;if;200;200
src/openvpn/error.h;1;_MSC_VER;1 && !ERROR_H && _MSC_VER;artifact;201;201
src/openvpn/error.h;1;_MSC_VER;1 && !ERROR_H && _MSC_VER;endif;202;202
src/openvpn/error.h;1;!ERROR_H;1 && !ERROR_H;artifact;203;203
src/openvpn/error.h;1;!_MSC_VER;1 && !ERROR_H && !_MSC_VER;if;204;204
src/openvpn/error.h;1;!_MSC_VER;1 && !ERROR_H && !_MSC_VER;artifact;205;205
src/openvpn/error.h;1;!_MSC_VER;1 && !ERROR_H && !_MSC_VER;endif;206;206
src/openvpn/error.h;1;!ERROR_H;1 && !ERROR_H;artifact;207;210
src/openvpn/error.h;1;!static_assert;1 && !ERROR_H && !static_assert;if;211;211
src/openvpn/error.h;1;!static_assert;1 && !ERROR_H && !static_assert;artifact;212;214
src/openvpn/error.h;1;!static_assert;1 && !ERROR_H && !static_assert;endif;215;215
src/openvpn/error.h;1;!ERROR_H;1 && !ERROR_H;artifact;216;243
src/openvpn/error.h;1;_WIN32;1 && !ERROR_H && _WIN32;if;244;244
src/openvpn/error.h;1;_WIN32;1 && !ERROR_H && _WIN32;artifact;245;247
src/openvpn/error.h;1;_WIN32;1 && !ERROR_H && _WIN32;endif;248;248
src/openvpn/error.h;1;!ERROR_H;1 && !ERROR_H;artifact;249;342
src/openvpn/error.h;1;_WIN32;1 && !ERROR_H && _WIN32;if;343;343
src/openvpn/error.h;1;_WIN32;1 && !ERROR_H && _WIN32;artifact;344;347
src/openvpn/error.h;1;!_WIN32;!_WIN32 && 1 && !ERROR_H;else;348;348
src/openvpn/error.h;1;!_WIN32;!_WIN32 && 1 && !ERROR_H;artifact;349;349
src/openvpn/error.h;1;!_WIN32;!_WIN32 && 1 && !ERROR_H;endif;350;350
src/openvpn/error.h;1;!ERROR_H;1 && !ERROR_H;artifact;351;357
src/openvpn/error.h;1;0;1 && !ERROR_H && 0;if;358;358
src/openvpn/error.h;1;ENOBUFS;1 && !ERROR_H && 0 && ENOBUFS;if;359;359
src/openvpn/error.h;1;ENOBUFS;1 && !ERROR_H && 0 && ENOBUFS;artifact;360;364
src/openvpn/error.h;1;ENOBUFS;1 && !ERROR_H && 0 && ENOBUFS;endif;365;365
src/openvpn/error.h;1;0;1 && !ERROR_H && 0;endif;366;366
src/openvpn/error.h;1;!ERROR_H;1 && !ERROR_H;artifact;367;382
src/openvpn/error.h;1;_WIN32;1 && !ERROR_H && _WIN32;if;383;383
src/openvpn/error.h;1;_WIN32;1 && !ERROR_H && _WIN32;artifact;384;390
src/openvpn/error.h;1;!_WIN32;!_WIN32 && 1 && !ERROR_H;else;391;391
src/openvpn/error.h;1;!_WIN32;!_WIN32 && 1 && !ERROR_H;artifact;392;393
src/openvpn/error.h;1;!_WIN32;!_WIN32 && 1 && !ERROR_H;endif;394;394
src/openvpn/error.h;1;!ERROR_H;1 && !ERROR_H;artifact;395;399
src/openvpn/error.h;1;!ERROR_H;1 && !ERROR_H;endif;400;400
src/openvpn/error.h;1;1;1;artifact;401;401
src/openvpn/event.c;1;1;1;ROOT;1;1198
src/openvpn/event.c;1;1;1;artifact;1;23
src/openvpn/event.c;1;HAVE_CONFIG_H;1 && HAVE_CONFIG_H;if;24;24
src/openvpn/event.c;1;HAVE_CONFIG_H;1 && HAVE_CONFIG_H;artifact;25;25
src/openvpn/event.c;1;HAVE_CONFIG_H;1 && HAVE_CONFIG_H;endif;26;26
src/openvpn/event.c;1;1;1;artifact;27;35
src/openvpn/event.c;1;EPOLL;1 && EPOLL;if;36;36
src/openvpn/event.c;1;EPOLL;1 && EPOLL;artifact;37;37
src/openvpn/event.c;1;EPOLL;1 && EPOLL;endif;38;38
src/openvpn/event.c;1;1;1;artifact;39;45
src/openvpn/event.c;1;DEFINED___LB__TARGET_DARWIN__RB__;1 && DEFINED___LB__TARGET_DARWIN__RB__;if;46;46
src/openvpn/event.c;1;DEFINED___LB__TARGET_DARWIN__RB__;1 && DEFINED___LB__TARGET_DARWIN__RB__;artifact;47;47
src/openvpn/event.c;1;DEFINED___LB__TARGET_DARWIN__RB__;1 && DEFINED___LB__TARGET_DARWIN__RB__;endif;48;48
src/openvpn/event.c;1;1;1;artifact;49;52
src/openvpn/event.c;1;_WIN32;1 && _WIN32;if;53;53
src/openvpn/event.c;1;_WIN32;1 && _WIN32;artifact;54;54
src/openvpn/event.c;1;!_WIN32;!_WIN32 && 1;else;55;55
src/openvpn/event.c;1;!_WIN32;!_WIN32 && 1;artifact;56;56
src/openvpn/event.c;1;!_WIN32;!_WIN32 && 1;endif;57;57
src/openvpn/event.c;1;1;1;artifact;58;62
src/openvpn/event.c;1;FD_SETSIZE;1 && FD_SETSIZE;if;63;63
src/openvpn/event.c;1;FD_SETSIZE;1 && FD_SETSIZE;artifact;64;64
src/openvpn/event.c;1;!FD_SETSIZE;!FD_SETSIZE && 1;else;65;65
src/openvpn/event.c;1;!FD_SETSIZE;!FD_SETSIZE && 1;artifact;66;66
src/openvpn/event.c;1;!FD_SETSIZE;!FD_SETSIZE && 1;endif;67;67
src/openvpn/event.c;1;1;1;artifact;68;81
src/openvpn/event.c;1;_WIN32;1 && _WIN32;if;82;82
src/openvpn/event.c;1;_WIN32;1 && _WIN32;artifact;83;392
src/openvpn/event.c;1;ENABLE_DEBUG;1 && _WIN32 && ENABLE_DEBUG;if;393;393
src/openvpn/event.c;1;ENABLE_DEBUG;1 && _WIN32 && ENABLE_DEBUG;artifact;394;405
src/openvpn/event.c;1;ENABLE_DEBUG;1 && _WIN32 && ENABLE_DEBUG;endif;406;406
src/openvpn/event.c;1;_WIN32;1 && _WIN32;artifact;407;520
src/openvpn/event.c;1;_WIN32;1 && _WIN32;endif;521;521
src/openvpn/event.c;1;1;1;artifact;522;522
src/openvpn/event.c;1;EPOLL;1 && EPOLL;if;523;523
src/openvpn/event.c;1;EPOLL;1 && EPOLL;artifact;524;687
src/openvpn/event.c;1;EPOLL;1 && EPOLL;endif;688;688
src/openvpn/event.c;1;1;1;artifact;689;689
src/openvpn/event.c;1;POLL;1 && POLL;if;690;690
src/openvpn/event.c;1;POLL;1 && POLL;artifact;691;896
src/openvpn/event.c;1;POLL;1 && POLL;endif;897;897
src/openvpn/event.c;1;1;1;artifact;898;898
src/openvpn/event.c;1;SELECT;1 && SELECT;if;899;899
src/openvpn/event.c;1;SELECT;1 && SELECT;artifact;900;1121
src/openvpn/event.c;1;SELECT;1 && SELECT;endif;1122;1122
src/openvpn/event.c;1;1;1;artifact;1123;1127
src/openvpn/event.c;1;_WIN32;1 && _WIN32;if;1128;1128
src/openvpn/event.c;1;_WIN32;1 && _WIN32;artifact;1129;1129
src/openvpn/event.c;1;POLL && SELECT && !_WIN32;POLL && SELECT && !_WIN32 && 1;elif;1130;1130
src/openvpn/event.c;1;0;POLL && SELECT && !_WIN32 && 1 && 0;if;1131;1131
src/openvpn/event.c;1;0;POLL && SELECT && !_WIN32 && 1 && 0;artifact;1132;1135
src/openvpn/event.c;1;0;POLL && SELECT && !_WIN32 && 1 && 0;endif;1136;1136
src/openvpn/event.c;1;SELECT_PREFERRED_OVER_POLL;POLL && SELECT && !_WIN32 && 1 && SELECT_PREFERRED_OVER_POLL;if;1137;1137
src/openvpn/event.c;1;SELECT_PREFERRED_OVER_POLL;POLL && SELECT && !_WIN32 && 1 && SELECT_PREFERRED_OVER_POLL;artifact;1138;1145
src/openvpn/event.c;1;!SELECT_PREFERRED_OVER_POLL;!SELECT_PREFERRED_OVER_POLL && POLL && SELECT && !_WIN32 && 1;else;1146;1146
src/openvpn/event.c;1;!SELECT_PREFERRED_OVER_POLL;!SELECT_PREFERRED_OVER_POLL && POLL && SELECT && !_WIN32 && 1;artifact;1147;1154
src/openvpn/event.c;1;!SELECT_PREFERRED_OVER_POLL;!SELECT_PREFERRED_OVER_POLL && POLL && SELECT && !_WIN32 && 1;endif;1155;1155
src/openvpn/event.c;1;POLL && (!POLL || !SELECT) && !_WIN32;POLL && (!POLL || !SELECT) && !_WIN32 && 1;elif;1156;1156
src/openvpn/event.c;1;POLL && (!POLL || !SELECT) && !_WIN32;POLL && (!POLL || !SELECT) && !_WIN32 && 1;artifact;1157;1157
src/openvpn/event.c;1;SELECT && !POLL && !_WIN32;SELECT && !POLL && !_WIN32 && 1;elif;1158;1158
src/openvpn/event.c;1;SELECT && !POLL && !_WIN32;SELECT && !POLL && !_WIN32 && 1;artifact;1159;1159
src/openvpn/event.c;1;!SELECT && !POLL && !_WIN32;!SELECT && !POLL && !_WIN32 && 1;else;1160;1160
src/openvpn/event.c;1;!SELECT && !POLL && !_WIN32;!SELECT && !POLL && !_WIN32 && 1;artifact;1161;1161
src/openvpn/event.c;1;!SELECT && !POLL && !_WIN32;!SELECT && !POLL && !_WIN32 && 1;endif;1162;1162
src/openvpn/event.c;1;1;1;artifact;1163;1170
src/openvpn/event.c;1;EPOLL;1 && EPOLL;if;1171;1171
src/openvpn/event.c;1;EPOLL;1 && EPOLL;artifact;1172;1177
src/openvpn/event.c;1;!EPOLL;!EPOLL && 1;else;1178;1178
src/openvpn/event.c;1;!EPOLL;!EPOLL && 1;artifact;1179;1179
src/openvpn/event.c;1;!EPOLL;!EPOLL && 1;endif;1180;1180
src/openvpn/event.c;1;1;1;artifact;1181;1197
src/openvpn/event.h;1;1;1;ROOT;1;204
src/openvpn/event.h;1;1;1;artifact;1;23
src/openvpn/event.h;1;!EVENT_H;1 && !EVENT_H;if;24;24
src/openvpn/event.h;1;!EVENT_H;1 && !EVENT_H;artifact;25;84
src/openvpn/event.h;1;_WIN32;1 && !EVENT_H && _WIN32;if;85;85
src/openvpn/event.h;1;_WIN32;1 && !EVENT_H && _WIN32;artifact;86;90
src/openvpn/event.h;1;!_WIN32;!_WIN32 && 1 && !EVENT_H;else;91;91
src/openvpn/event.h;1;!_WIN32;!_WIN32 && 1 && !EVENT_H;artifact;92;96
src/openvpn/event.h;1;!_WIN32;!_WIN32 && 1 && !EVENT_H;endif;97;97
src/openvpn/event.h;1;!EVENT_H;1 && !EVENT_H;artifact;98;181
src/openvpn/event.h;1;_WIN32;1 && !EVENT_H && _WIN32;if;182;182
src/openvpn/event.h;1;_WIN32;1 && !EVENT_H && _WIN32;artifact;183;192
src/openvpn/event.h;1;!_WIN32;!_WIN32 && 1 && !EVENT_H;else;193;193
src/openvpn/event.h;1;!_WIN32;!_WIN32 && 1 && !EVENT_H;artifact;194;199
src/openvpn/event.h;1;!_WIN32;!_WIN32 && 1 && !EVENT_H;endif;200;200
src/openvpn/event.h;1;!EVENT_H;1 && !EVENT_H;artifact;201;201
src/openvpn/event.h;1;!EVENT_H;1 && !EVENT_H;endif;202;202
src/openvpn/event.h;1;1;1;artifact;203;203
src/openvpn/fdmisc.c;1;1;1;ROOT;1;87
src/openvpn/fdmisc.c;1;1;1;artifact;1;23
src/openvpn/fdmisc.c;1;HAVE_CONFIG_H;1 && HAVE_CONFIG_H;if;24;24
src/openvpn/fdmisc.c;1;HAVE_CONFIG_H;1 && HAVE_CONFIG_H;artifact;25;25
src/openvpn/fdmisc.c;1;HAVE_CONFIG_H;1 && HAVE_CONFIG_H;endif;26;26
src/openvpn/fdmisc.c;1;1;1;artifact;27;38
src/openvpn/fdmisc.c;1;_WIN32;1 && _WIN32;if;39;39
src/openvpn/fdmisc.c;1;_WIN32;1 && _WIN32;artifact;40;44
src/openvpn/fdmisc.c;1;!_WIN32;!_WIN32 && 1;else;45;45
src/openvpn/fdmisc.c;1;!_WIN32;!_WIN32 && 1;artifact;46;49
src/openvpn/fdmisc.c;1;!_WIN32;!_WIN32 && 1;endif;50;50
src/openvpn/fdmisc.c;1;1;1;artifact;51;57
src/openvpn/fdmisc.c;1;!_WIN32;1 && !_WIN32;if;58;58
src/openvpn/fdmisc.c;1;!_WIN32;1 && !_WIN32;artifact;59;62
src/openvpn/fdmisc.c;1;!_WIN32;1 && !_WIN32;endif;63;63
src/openvpn/fdmisc.c;1;1;1;artifact;64;86
src/openvpn/fdmisc.h;1;1;1;ROOT;1;51
src/openvpn/fdmisc.h;1;1;1;artifact;1;23
src/openvpn/fdmisc.h;1;!FD_MISC_H;1 && !FD_MISC_H;if;24;24
src/openvpn/fdmisc.h;1;!FD_MISC_H;1 && !FD_MISC_H;artifact;25;41
src/openvpn/fdmisc.h;1;!_WIN32;1 && !FD_MISC_H && !_WIN32;if;42;42
src/openvpn/fdmisc.h;1;!_WIN32;1 && !FD_MISC_H && !_WIN32;artifact;43;43
src/openvpn/fdmisc.h;1;!_WIN32;1 && !FD_MISC_H && !_WIN32;endif;44;44
src/openvpn/fdmisc.h;1;!FD_MISC_H;1 && !FD_MISC_H;artifact;45;48
src/openvpn/fdmisc.h;1;!FD_MISC_H;1 && !FD_MISC_H;endif;49;49
src/openvpn/fdmisc.h;1;1;1;artifact;50;50
src/openvpn/forward.c;1;1;1;ROOT;1;2299
src/openvpn/forward.c;1;1;1;artifact;1;23
src/openvpn/forward.c;1;HAVE_CONFIG_H;1 && HAVE_CONFIG_H;if;24;24
src/openvpn/forward.c;1;HAVE_CONFIG_H;1 && HAVE_CONFIG_H;artifact;25;25
src/openvpn/forward.c;1;HAVE_CONFIG_H;1 && HAVE_CONFIG_H;endif;26;26
src/openvpn/forward.c;1;1;1;artifact;27;53
src/openvpn/forward.c;1;ENABLE_DEBUG;1 && ENABLE_DEBUG;if;54;54
src/openvpn/forward.c;1;ENABLE_DEBUG;1 && ENABLE_DEBUG;artifact;55;76
src/openvpn/forward.c;1;ENABLE_DEBUG;1 && ENABLE_DEBUG;endif;77;77
src/openvpn/forward.c;1;1;1;artifact;78;331
src/openvpn/forward.c;1;ENABLE_MANAGEMENT;1 && ENABLE_MANAGEMENT;if;332;332
src/openvpn/forward.c;1;ENABLE_MANAGEMENT;1 && ENABLE_MANAGEMENT;artifact;333;342
src/openvpn/forward.c;1;ENABLE_MANAGEMENT;1 && ENABLE_MANAGEMENT;endif;343;343
src/openvpn/forward.c;1;1;1;artifact;344;446
src/openvpn/forward.c;1;_WIN32;1 && _WIN32;if;447;447
src/openvpn/forward.c;1;_WIN32;1 && _WIN32;artifact;448;449
src/openvpn/forward.c;1;_WIN32;1 && _WIN32;endif;450;450
src/openvpn/forward.c;1;1;1;artifact;451;557
src/openvpn/forward.c;1;ENABLE_FRAGMENT;1 && ENABLE_FRAGMENT;if;558;558
src/openvpn/forward.c;1;ENABLE_FRAGMENT;1 && ENABLE_FRAGMENT;artifact;559;585
src/openvpn/forward.c;1;ENABLE_FRAGMENT;1 && ENABLE_FRAGMENT;endif;586;586
src/openvpn/forward.c;1;1;1;artifact;587;635
src/openvpn/forward.c;1;USE_COMP;1 && USE_COMP;if;636;636
src/openvpn/forward.c;1;USE_COMP;1 && USE_COMP;artifact;637;641
src/openvpn/forward.c;1;USE_COMP;1 && USE_COMP;endif;642;642
src/openvpn/forward.c;1;ENABLE_FRAGMENT;1 && ENABLE_FRAGMENT;if;643;643
src/openvpn/forward.c;1;ENABLE_FRAGMENT;1 && ENABLE_FRAGMENT;artifact;644;647
src/openvpn/forward.c;1;ENABLE_FRAGMENT;1 && ENABLE_FRAGMENT;endif;648;648
src/openvpn/forward.c;1;1;1;artifact;649;815
src/openvpn/forward.c;1;ENABLE_MANAGEMENT;1 && ENABLE_MANAGEMENT;if;816;816
src/openvpn/forward.c;1;ENABLE_MANAGEMENT;1 && ENABLE_MANAGEMENT;artifact;817;820
src/openvpn/forward.c;1;ENABLE_MANAGEMENT;1 && ENABLE_MANAGEMENT;endif;821;821
src/openvpn/forward.c;1;1;1;artifact;822;939
src/openvpn/forward.c;1;PORT_SHARE;1 && PORT_SHARE;if;940;940
src/openvpn/forward.c;1;PORT_SHARE;1 && PORT_SHARE;artifact;941;948
src/openvpn/forward.c;1;PORT_SHARE;1 && PORT_SHARE;endif;949;949
src/openvpn/forward.c;1;1;1;artifact;950;993
src/openvpn/forward.c;1;ENABLE_MEMSTATS;1 && ENABLE_MEMSTATS;if;994;994
src/openvpn/forward.c;1;ENABLE_MEMSTATS;1 && ENABLE_MEMSTATS;artifact;995;998
src/openvpn/forward.c;1;ENABLE_MEMSTATS;1 && ENABLE_MEMSTATS;endif;999;999
src/openvpn/forward.c;1;1;1;artifact;1000;1000
src/openvpn/forward.c;1;ENABLE_MANAGEMENT;1 && ENABLE_MANAGEMENT;if;1001;1001
src/openvpn/forward.c;1;ENABLE_MANAGEMENT;1 && ENABLE_MANAGEMENT;artifact;1002;1006
src/openvpn/forward.c;1;ENABLE_MANAGEMENT;1 && ENABLE_MANAGEMENT;endif;1007;1007
src/openvpn/forward.c;1;1;1;artifact;1008;1013
src/openvpn/forward.c;1;ENABLE_DEBUG;1 && ENABLE_DEBUG;if;1014;1014
src/openvpn/forward.c;1;ENABLE_DEBUG;1 && ENABLE_DEBUG;artifact;1015;1023
src/openvpn/forward.c;1;ENABLE_DEBUG;1 && ENABLE_DEBUG;endif;1024;1024
src/openvpn/forward.c;1;1;1;artifact;1025;1026
src/openvpn/forward.c;1;LOG_RW;1 && LOG_RW;if;1027;1027
src/openvpn/forward.c;1;LOG_RW;1 && LOG_RW;artifact;1028;1031
src/openvpn/forward.c;1;LOG_RW;1 && LOG_RW;endif;1032;1032
src/openvpn/forward.c;1;1;1;artifact;1033;1136
src/openvpn/forward.c;1;ENABLE_FRAGMENT;1 && ENABLE_FRAGMENT;if;1137;1137
src/openvpn/forward.c;1;ENABLE_FRAGMENT;1 && ENABLE_FRAGMENT;artifact;1138;1141
src/openvpn/forward.c;1;ENABLE_FRAGMENT;1 && ENABLE_FRAGMENT;endif;1142;1142
src/openvpn/forward.c;1;1;1;artifact;1143;1143
src/openvpn/forward.c;1;USE_COMP;1 && USE_COMP;if;1144;1144
src/openvpn/forward.c;1;USE_COMP;1 && USE_COMP;artifact;1145;1149
src/openvpn/forward.c;1;USE_COMP;1 && USE_COMP;endif;1150;1150
src/openvpn/forward.c;1;1;1;artifact;1151;1151
src/openvpn/forward.c;1;PACKET_TRUNCATION_CHECK;1 && PACKET_TRUNCATION_CHECK;if;1152;1152
src/openvpn/forward.c;1;PACKET_TRUNCATION_CHECK;1 && PACKET_TRUNCATION_CHECK;artifact;1153;1158
src/openvpn/forward.c;1;PACKET_TRUNCATION_CHECK;1 && PACKET_TRUNCATION_CHECK;endif;1159;1159
src/openvpn/forward.c;1;1;1;artifact;1160;1231
src/openvpn/forward.c;1;DEFINED___LB__ENABLE_DCO__RB__ && (DEFINED___LB__TARGET_LINUX__RB__ || DEFINED___LB__TARGET_FREEBSD__RB__);1 && DEFINED___LB__ENABLE_DCO__RB__ && (DEFINED___LB__TARGET_LINUX__RB__ || DEFINED___LB__TARGET_FREEBSD__RB__);if;1232;1232
src/openvpn/forward.c;1;DEFINED___LB__ENABLE_DCO__RB__ && (DEFINED___LB__TARGET_LINUX__RB__ || DEFINED___LB__TARGET_FREEBSD__RB__);1 && DEFINED___LB__ENABLE_DCO__RB__ && (DEFINED___LB__TARGET_LINUX__RB__ || DEFINED___LB__TARGET_FREEBSD__RB__);artifact;1233;1271
src/openvpn/forward.c;1;DEFINED___LB__ENABLE_DCO__RB__ && (DEFINED___LB__TARGET_LINUX__RB__ || DEFINED___LB__TARGET_FREEBSD__RB__);1 && DEFINED___LB__ENABLE_DCO__RB__ && (DEFINED___LB__TARGET_LINUX__RB__ || DEFINED___LB__TARGET_FREEBSD__RB__);endif;1272;1272
src/openvpn/forward.c;1;1;1;artifact;1273;1290
src/openvpn/forward.c;1;_WIN32;1 && _WIN32;if;1291;1291
src/openvpn/forward.c;1;_WIN32;1 && _WIN32;artifact;1292;1308
src/openvpn/forward.c;1;!_WIN32;!_WIN32 && 1;else;1309;1309
src/openvpn/forward.c;1;!_WIN32;!_WIN32 && 1;artifact;1310;1312
src/openvpn/forward.c;1;!_WIN32;!_WIN32 && 1;endif;1313;1313
src/openvpn/forward.c;1;1;1;artifact;1314;1314
src/openvpn/forward.c;1;PACKET_TRUNCATION_CHECK;1 && PACKET_TRUNCATION_CHECK;if;1315;1315
src/openvpn/forward.c;1;PACKET_TRUNCATION_CHECK;1 && PACKET_TRUNCATION_CHECK;artifact;1316;1320
src/openvpn/forward.c;1;PACKET_TRUNCATION_CHECK;1 && PACKET_TRUNCATION_CHECK;endif;1321;1321
src/openvpn/forward.c;1;1;1;artifact;1322;1448
src/openvpn/forward.c;1;LOG_RW;1 && LOG_RW;if;1449;1449
src/openvpn/forward.c;1;LOG_RW;1 && LOG_RW;artifact;1450;1453
src/openvpn/forward.c;1;LOG_RW;1 && LOG_RW;endif;1454;1454
src/openvpn/forward.c;1;1;1;artifact;1455;1472
src/openvpn/forward.c;1;PACKET_TRUNCATION_CHECK;1 && PACKET_TRUNCATION_CHECK;if;1473;1473
src/openvpn/forward.c;1;PACKET_TRUNCATION_CHECK;1 && PACKET_TRUNCATION_CHECK;artifact;1474;1479
src/openvpn/forward.c;1;PACKET_TRUNCATION_CHECK;1 && PACKET_TRUNCATION_CHECK;endif;1480;1480
src/openvpn/forward.c;1;1;1;artifact;1481;1637
src/openvpn/forward.c;1;PASSTOS_CAPABILITY;1 && PASSTOS_CAPABILITY;if;1638;1638
src/openvpn/forward.c;1;PASSTOS_CAPABILITY;1 && PASSTOS_CAPABILITY;artifact;1639;1642
src/openvpn/forward.c;1;PASSTOS_CAPABILITY;1 && PASSTOS_CAPABILITY;endif;1643;1643
src/openvpn/forward.c;1;1;1;artifact;1644;1661
src/openvpn/forward.c;1;PASSTOS_CAPABILITY;1 && PASSTOS_CAPABILITY;if;1662;1662
src/openvpn/forward.c;1;PASSTOS_CAPABILITY;1 && PASSTOS_CAPABILITY;artifact;1663;1667
src/openvpn/forward.c;1;PASSTOS_CAPABILITY;1 && PASSTOS_CAPABILITY;endif;1668;1668
src/openvpn/forward.c;1;1;1;artifact;1669;1732
src/openvpn/forward.c;1;ENABLE_DEBUG;1 && ENABLE_DEBUG;if;1733;1733
src/openvpn/forward.c;1;ENABLE_DEBUG;1 && ENABLE_DEBUG;artifact;1734;1735
src/openvpn/forward.c;1;ENABLE_DEBUG;1 && ENABLE_DEBUG;endif;1736;1736
src/openvpn/forward.c;1;1;1;artifact;1737;1757
src/openvpn/forward.c;1;PASSTOS_CAPABILITY;1 && PASSTOS_CAPABILITY;if;1758;1758
src/openvpn/forward.c;1;PASSTOS_CAPABILITY;1 && PASSTOS_CAPABILITY;artifact;1759;1760
src/openvpn/forward.c;1;PASSTOS_CAPABILITY;1 && PASSTOS_CAPABILITY;endif;1761;1761
src/openvpn/forward.c;1;1;1;artifact;1762;1763
src/openvpn/forward.c;1;LOG_RW;1 && LOG_RW;if;1764;1764
src/openvpn/forward.c;1;LOG_RW;1 && LOG_RW;artifact;1765;1768
src/openvpn/forward.c;1;LOG_RW;1 && LOG_RW;endif;1769;1769
src/openvpn/forward.c;1;1;1;artifact;1770;1795
src/openvpn/forward.c;1;ENABLE_MEMSTATS;1 && ENABLE_MEMSTATS;if;1796;1796
src/openvpn/forward.c;1;ENABLE_MEMSTATS;1 && ENABLE_MEMSTATS;artifact;1797;1800
src/openvpn/forward.c;1;ENABLE_MEMSTATS;1 && ENABLE_MEMSTATS;endif;1801;1801
src/openvpn/forward.c;1;ENABLE_MANAGEMENT;1 && ENABLE_MANAGEMENT;if;1802;1802
src/openvpn/forward.c;1;ENABLE_MANAGEMENT;1 && ENABLE_MANAGEMENT;artifact;1803;1807
src/openvpn/forward.c;1;ENABLE_MANAGEMENT;1 && ENABLE_MANAGEMENT;endif;1808;1808
src/openvpn/forward.c;1;1;1;artifact;1809;1837
src/openvpn/forward.c;1;_WIN32;1 && _WIN32;if;1838;1838
src/openvpn/forward.c;1;_WIN32;1 && _WIN32;artifact;1839;1839
src/openvpn/forward.c;1;!_WIN32;!_WIN32 && 1;else;1840;1840
src/openvpn/forward.c;1;!_WIN32;!_WIN32 && 1;artifact;1841;1841
src/openvpn/forward.c;1;!_WIN32;!_WIN32 && 1;endif;1842;1842
src/openvpn/forward.c;1;1;1;artifact;1843;1899
src/openvpn/forward.c;1;LOG_RW;1 && LOG_RW;if;1900;1900
src/openvpn/forward.c;1;LOG_RW;1 && LOG_RW;artifact;1901;1904
src/openvpn/forward.c;1;LOG_RW;1 && LOG_RW;endif;1905;1905
src/openvpn/forward.c;1;1;1;artifact;1906;1907
src/openvpn/forward.c;1;PACKET_TRUNCATION_CHECK;1 && PACKET_TRUNCATION_CHECK;if;1908;1908
src/openvpn/forward.c;1;PACKET_TRUNCATION_CHECK;1 && PACKET_TRUNCATION_CHECK;artifact;1909;1913
src/openvpn/forward.c;1;PACKET_TRUNCATION_CHECK;1 && PACKET_TRUNCATION_CHECK;endif;1914;1914
src/openvpn/forward.c;1;1;1;artifact;1915;1915
src/openvpn/forward.c;1;_WIN32;1 && _WIN32;if;1916;1916
src/openvpn/forward.c;1;_WIN32;1 && _WIN32;artifact;1917;1917
src/openvpn/forward.c;1;!_WIN32;!_WIN32 && 1;else;1918;1918
src/openvpn/forward.c;1;!_WIN32;!_WIN32 && 1;artifact;1919;1919
src/openvpn/forward.c;1;!_WIN32;!_WIN32 && 1;endif;1920;1920
src/openvpn/forward.c;1;1;1;artifact;1921;1973
src/openvpn/forward.c;1;DEFINED___LB___WIN32__RB__;1 && DEFINED___LB___WIN32__RB__;if;1974;1974
src/openvpn/forward.c;1;DEFINED___LB___WIN32__RB__;1 && DEFINED___LB___WIN32__RB__;artifact;1975;1982
src/openvpn/forward.c;1;DEFINED___LB___WIN32__RB__;1 && DEFINED___LB___WIN32__RB__;endif;1983;1983
src/openvpn/forward.c;1;1;1;artifact;1984;2014
src/openvpn/forward.c;1;ENABLE_FRAGMENT;1 && ENABLE_FRAGMENT;if;2015;2015
src/openvpn/forward.c;1;ENABLE_FRAGMENT;1 && ENABLE_FRAGMENT;artifact;2016;2020
src/openvpn/forward.c;1;ENABLE_FRAGMENT;1 && ENABLE_FRAGMENT;endif;2021;2021
src/openvpn/forward.c;1;1;1;artifact;2022;2045
src/openvpn/forward.c;1;ENABLE_MANAGEMENT;1 && ENABLE_MANAGEMENT;if;2046;2046
src/openvpn/forward.c;1;ENABLE_MANAGEMENT;1 && ENABLE_MANAGEMENT;artifact;2047;2047
src/openvpn/forward.c;1;ENABLE_MANAGEMENT;1 && ENABLE_MANAGEMENT;endif;2048;2048
src/openvpn/forward.c;1;ENABLE_ASYNC_PUSH;1 && ENABLE_ASYNC_PUSH;if;2049;2049
src/openvpn/forward.c;1;ENABLE_ASYNC_PUSH;1 && ENABLE_ASYNC_PUSH;artifact;2050;2050
src/openvpn/forward.c;1;ENABLE_ASYNC_PUSH;1 && ENABLE_ASYNC_PUSH;endif;2051;2051
src/openvpn/forward.c;1;DEFINED___LB__TARGET_LINUX__RB__ || DEFINED___LB__TARGET_FREEBSD__RB__;1 && (DEFINED___LB__TARGET_LINUX__RB__ || DEFINED___LB__TARGET_FREEBSD__RB__);if;2052;2052
src/openvpn/forward.c;1;DEFINED___LB__TARGET_LINUX__RB__ || DEFINED___LB__TARGET_FREEBSD__RB__;1 && (DEFINED___LB__TARGET_LINUX__RB__ || DEFINED___LB__TARGET_FREEBSD__RB__);artifact;2053;2053
src/openvpn/forward.c;1;DEFINED___LB__TARGET_LINUX__RB__ || DEFINED___LB__TARGET_FREEBSD__RB__;1 && (DEFINED___LB__TARGET_LINUX__RB__ || DEFINED___LB__TARGET_FREEBSD__RB__);endif;2054;2054
src/openvpn/forward.c;1;1;1;artifact;2055;2145
src/openvpn/forward.c;1;_WIN32;1 && _WIN32;if;2146;2146
src/openvpn/forward.c;1;_WIN32;1 && _WIN32;artifact;2147;2154
src/openvpn/forward.c;1;_WIN32;1 && _WIN32;endif;2155;2155
src/openvpn/forward.c;1;1;1;artifact;2156;2161
src/openvpn/forward.c;1;DEFINED___LB__TARGET_LINUX__RB__ || DEFINED___LB__TARGET_FREEBSD__RB__;1 && (DEFINED___LB__TARGET_LINUX__RB__ || DEFINED___LB__TARGET_FREEBSD__RB__);if;2162;2162
src/openvpn/forward.c;1;DEFINED___LB__TARGET_LINUX__RB__ || DEFINED___LB__TARGET_FREEBSD__RB__;1 && (DEFINED___LB__TARGET_LINUX__RB__ || DEFINED___LB__TARGET_FREEBSD__RB__);artifact;2163;2166
src/openvpn/forward.c;1;DEFINED___LB__TARGET_LINUX__RB__ || DEFINED___LB__TARGET_FREEBSD__RB__;1 && (DEFINED___LB__TARGET_LINUX__RB__ || DEFINED___LB__TARGET_FREEBSD__RB__);endif;2167;2167
src/openvpn/forward.c;1;1;1;artifact;2168;2168
src/openvpn/forward.c;1;ENABLE_MANAGEMENT;1 && ENABLE_MANAGEMENT;if;2169;2169
src/openvpn/forward.c;1;ENABLE_MANAGEMENT;1 && ENABLE_MANAGEMENT;artifact;2170;2173
src/openvpn/forward.c;1;ENABLE_MANAGEMENT;1 && ENABLE_MANAGEMENT;endif;2174;2174
src/openvpn/forward.c;1;1;1;artifact;2175;2175
src/openvpn/forward.c;1;ENABLE_ASYNC_PUSH;1 && ENABLE_ASYNC_PUSH;if;2176;2176
src/openvpn/forward.c;1;ENABLE_ASYNC_PUSH;1 && ENABLE_ASYNC_PUSH;artifact;2177;2181
src/openvpn/forward.c;1;ENABLE_ASYNC_PUSH;1 && ENABLE_ASYNC_PUSH;endif;2182;2182
src/openvpn/forward.c;1;1;1;artifact;2183;2201
src/openvpn/forward.c;1;ENABLE_DEBUG;1 && ENABLE_DEBUG;if;2202;2202
src/openvpn/forward.c;1;ENABLE_DEBUG;1 && ENABLE_DEBUG;artifact;2203;2206
src/openvpn/forward.c;1;ENABLE_DEBUG;1 && ENABLE_DEBUG;endif;2207;2207
src/openvpn/forward.c;1;1;1;artifact;2208;2253
src/openvpn/forward.c;1;ENABLE_MANAGEMENT;1 && ENABLE_MANAGEMENT;if;2254;2254
src/openvpn/forward.c;1;ENABLE_MANAGEMENT;1 && ENABLE_MANAGEMENT;artifact;2255;2259
src/openvpn/forward.c;1;ENABLE_MANAGEMENT;1 && ENABLE_MANAGEMENT;endif;2260;2260
src/openvpn/forward.c;1;1;1;artifact;2261;2298
src/openvpn/forward.h;1;1;1;ROOT;1;431
src/openvpn/forward.h;1;1;1;artifact;1;30
src/openvpn/forward.h;1;!FORWARD_H;1 && !FORWARD_H;if;31;31
src/openvpn/forward.h;1;!FORWARD_H;1 && !FORWARD_H;artifact;32;41
src/openvpn/forward.h;1;ENABLE_FRAGMENT;1 && !FORWARD_H && ENABLE_FRAGMENT;if;42;42
src/openvpn/forward.h;1;ENABLE_FRAGMENT;1 && !FORWARD_H && ENABLE_FRAGMENT;artifact;43;43
src/openvpn/forward.h;1;!ENABLE_FRAGMENT;!ENABLE_FRAGMENT && 1 && !FORWARD_H;else;44;44
src/openvpn/forward.h;1;!ENABLE_FRAGMENT;!ENABLE_FRAGMENT && 1 && !FORWARD_H;artifact;45;45
src/openvpn/forward.h;1;!ENABLE_FRAGMENT;!ENABLE_FRAGMENT && 1 && !FORWARD_H;endif;46;46
src/openvpn/forward.h;1;!FORWARD_H;1 && !FORWARD_H;artifact;47;350
src/openvpn/forward.h;1;_WIN32;1 && !FORWARD_H && _WIN32;if;351;351
src/openvpn/forward.h;1;_WIN32;1 && !FORWARD_H && _WIN32;artifact;352;355
src/openvpn/forward.h;1;_WIN32;1 && !FORWARD_H && _WIN32;endif;356;356
src/openvpn/forward.h;1;!FORWARD_H;1 && !FORWARD_H;artifact;357;382
src/openvpn/forward.h;1;_WIN32;1 && !FORWARD_H && _WIN32;if;383;383
src/openvpn/forward.h;1;_WIN32;1 && !FORWARD_H && _WIN32;artifact;384;407
src/openvpn/forward.h;1;_WIN32;1 && !FORWARD_H && _WIN32;endif;408;408
src/openvpn/forward.h;1;!FORWARD_H;1 && !FORWARD_H;artifact;409;428
src/openvpn/forward.h;1;!FORWARD_H;1 && !FORWARD_H;endif;429;429
src/openvpn/forward.h;1;1;1;artifact;430;430
src/openvpn/fragment.c;1;1;1;ROOT;1;436
src/openvpn/fragment.c;1;1;1;artifact;1;23
src/openvpn/fragment.c;1;HAVE_CONFIG_H;1 && HAVE_CONFIG_H;if;24;24
src/openvpn/fragment.c;1;HAVE_CONFIG_H;1 && HAVE_CONFIG_H;artifact;25;25
src/openvpn/fragment.c;1;HAVE_CONFIG_H;1 && HAVE_CONFIG_H;endif;26;26
src/openvpn/fragment.c;1;1;1;artifact;27;29
src/openvpn/fragment.c;1;ENABLE_FRAGMENT;1 && ENABLE_FRAGMENT;if;30;30
src/openvpn/fragment.c;1;ENABLE_FRAGMENT;1 && ENABLE_FRAGMENT;artifact;31;154
src/openvpn/fragment.c;1;0;1 && ENABLE_FRAGMENT && 0;if;155;155
src/openvpn/fragment.c;1;0;1 && ENABLE_FRAGMENT && 0;artifact;156;162
src/openvpn/fragment.c;1;0;1 && ENABLE_FRAGMENT && 0;endif;163;163
src/openvpn/fragment.c;1;ENABLE_FRAGMENT;1 && ENABLE_FRAGMENT;artifact;164;433
src/openvpn/fragment.c;1;ENABLE_FRAGMENT;1 && ENABLE_FRAGMENT;endif;434;434
src/openvpn/fragment.c;1;1;1;artifact;435;435
src/openvpn/fragment.h;1;1;1;ROOT;1;482
src/openvpn/fragment.h;1;1;1;artifact;1;23
src/openvpn/fragment.h;1;!FRAGMENT_H;1 && !FRAGMENT_H;if;24;24
src/openvpn/fragment.h;1;!FRAGMENT_H;1 && !FRAGMENT_H;artifact;25;32
src/openvpn/fragment.h;1;ENABLE_FRAGMENT;1 && !FRAGMENT_H && ENABLE_FRAGMENT;if;33;33
src/openvpn/fragment.h;1;ENABLE_FRAGMENT;1 && !FRAGMENT_H && ENABLE_FRAGMENT;artifact;34;478
src/openvpn/fragment.h;1;ENABLE_FRAGMENT;1 && !FRAGMENT_H && ENABLE_FRAGMENT;endif;479;479
src/openvpn/fragment.h;1;!FRAGMENT_H;1 && !FRAGMENT_H;endif;480;480
src/openvpn/fragment.h;1;1;1;artifact;481;481
src/openvpn/gremlin.c;1;1;1;ROOT;1;236
src/openvpn/gremlin.c;1;1;1;artifact;1;28
src/openvpn/gremlin.c;1;HAVE_CONFIG_H;1 && HAVE_CONFIG_H;if;29;29
src/openvpn/gremlin.c;1;HAVE_CONFIG_H;1 && HAVE_CONFIG_H;artifact;30;30
src/openvpn/gremlin.c;1;HAVE_CONFIG_H;1 && HAVE_CONFIG_H;endif;31;31
src/openvpn/gremlin.c;1;1;1;artifact;32;34
src/openvpn/gremlin.c;1;ENABLE_DEBUG;1 && ENABLE_DEBUG;if;35;35
src/openvpn/gremlin.c;1;ENABLE_DEBUG;1 && ENABLE_DEBUG;artifact;36;233
src/openvpn/gremlin.c;1;ENABLE_DEBUG;1 && ENABLE_DEBUG;endif;234;234
src/openvpn/gremlin.c;1;1;1;artifact;235;235
src/openvpn/gremlin.h;1;1;1;ROOT;1;75
src/openvpn/gremlin.h;1;1;1;artifact;1;23
src/openvpn/gremlin.h;1;!GREMLIN_H;1 && !GREMLIN_H;if;24;24
src/openvpn/gremlin.h;1;!GREMLIN_H;1 && !GREMLIN_H;artifact;25;26
src/openvpn/gremlin.h;1;ENABLE_DEBUG;1 && !GREMLIN_H && ENABLE_DEBUG;if;27;27
src/openvpn/gremlin.h;1;ENABLE_DEBUG;1 && !GREMLIN_H && ENABLE_DEBUG;artifact;28;71
src/openvpn/gremlin.h;1;ENABLE_DEBUG;1 && !GREMLIN_H && ENABLE_DEBUG;endif;72;72
src/openvpn/gremlin.h;1;!GREMLIN_H;1 && !GREMLIN_H;endif;73;73
src/openvpn/gremlin.h;1;1;1;artifact;74;74
src/openvpn/helper.c;1;1;1;ROOT;1;616
src/openvpn/helper.c;1;1;1;artifact;1;23
src/openvpn/helper.c;1;HAVE_CONFIG_H;1 && HAVE_CONFIG_H;if;24;24
src/openvpn/helper.c;1;HAVE_CONFIG_H;1 && HAVE_CONFIG_H;artifact;25;25
src/openvpn/helper.c;1;HAVE_CONFIG_H;1 && HAVE_CONFIG_H;endif;26;26
src/openvpn/helper.c;1;1;1;artifact;27;615
src/openvpn/helper.h;1;1;1;ROOT;1;43
src/openvpn/helper.h;1;1;1;artifact;1;27
src/openvpn/helper.h;1;!HELPER_H;1 && !HELPER_H;if;28;28
src/openvpn/helper.h;1;!HELPER_H;1 && !HELPER_H;artifact;29;40
src/openvpn/helper.h;1;!HELPER_H;1 && !HELPER_H;endif;41;41
src/openvpn/helper.h;1;1;1;artifact;42;42
src/openvpn/httpdigest.c;1;1;1;ROOT;1;162
src/openvpn/httpdigest.c;1;1;1;artifact;1;23
src/openvpn/httpdigest.c;1;HAVE_CONFIG_H;1 && HAVE_CONFIG_H;if;24;24
src/openvpn/httpdigest.c;1;HAVE_CONFIG_H;1 && HAVE_CONFIG_H;artifact;25;25
src/openvpn/httpdigest.c;1;HAVE_CONFIG_H;1 && HAVE_CONFIG_H;endif;26;26
src/openvpn/httpdigest.c;1;1;1;artifact;27;29
src/openvpn/httpdigest.c;1;PROXY_DIGEST_AUTH;1 && PROXY_DIGEST_AUTH;if;30;30
src/openvpn/httpdigest.c;1;PROXY_DIGEST_AUTH;1 && PROXY_DIGEST_AUTH;artifact;31;159
src/openvpn/httpdigest.c;1;PROXY_DIGEST_AUTH;1 && PROXY_DIGEST_AUTH;endif;160;160
src/openvpn/httpdigest.c;1;1;1;artifact;161;161
src/openvpn/httpdigest.h;1;1;1;ROOT;1;61
src/openvpn/httpdigest.h;1;1;1;artifact;1;23
src/openvpn/httpdigest.h;1;PROXY_DIGEST_AUTH;1 && PROXY_DIGEST_AUTH;if;24;24
src/openvpn/httpdigest.h;1;PROXY_DIGEST_AUTH;1 && PROXY_DIGEST_AUTH;artifact;25;58
src/openvpn/httpdigest.h;1;PROXY_DIGEST_AUTH;1 && PROXY_DIGEST_AUTH;endif;59;59
src/openvpn/httpdigest.h;1;1;1;artifact;60;60
src/openvpn/init.c;1;1;1;ROOT;1;5016
src/openvpn/init.c;1;1;1;artifact;1;23
src/openvpn/init.c;1;HAVE_CONFIG_H;1 && HAVE_CONFIG_H;if;24;24
src/openvpn/init.c;1;HAVE_CONFIG_H;1 && HAVE_CONFIG_H;artifact;25;25
src/openvpn/init.c;1;HAVE_CONFIG_H;1 && HAVE_CONFIG_H;endif;26;26
src/openvpn/init.c;1;1;1;artifact;27;29
src/openvpn/init.c;1;ENABLE_SYSTEMD;1 && ENABLE_SYSTEMD;if;30;30
src/openvpn/init.c;1;ENABLE_SYSTEMD;1 && ENABLE_SYSTEMD;artifact;31;31
src/openvpn/init.c;1;ENABLE_SYSTEMD;1 && ENABLE_SYSTEMD;endif;32;32
src/openvpn/init.c;1;1;1;artifact;33;111
src/openvpn/init.c;1;_WIN32;1 && _WIN32;if;112;112
src/openvpn/init.c;1;_WIN32;1 && _WIN32;artifact;113;113
src/openvpn/init.c;1;_WIN32;1 && _WIN32;endif;114;114
src/openvpn/init.c;1;1;1;artifact;115;136
src/openvpn/init.c;1;_WIN32;1 && _WIN32;if;137;137
src/openvpn/init.c;1;_WIN32;1 && _WIN32;artifact;138;138
src/openvpn/init.c;1;_WIN32;1 && _WIN32;endif;139;139
src/openvpn/init.c;1;1;1;artifact;140;207
src/openvpn/init.c;1;ENABLE_MANAGEMENT;1 && ENABLE_MANAGEMENT;if;208;208
src/openvpn/init.c;1;ENABLE_MANAGEMENT;1 && ENABLE_MANAGEMENT;artifact;209;465
src/openvpn/init.c;1;ENABLE_MANAGEMENT;1 && ENABLE_MANAGEMENT;endif;466;466
src/openvpn/init.c;1;1;1;artifact;467;605
src/openvpn/init.c;1;ENABLE_MANAGEMENT;1 && ENABLE_MANAGEMENT;if;606;606
src/openvpn/init.c;1;ENABLE_MANAGEMENT;1 && ENABLE_MANAGEMENT;artifact;607;623
src/openvpn/init.c;1;ENABLE_MANAGEMENT;1 && ENABLE_MANAGEMENT;endif;624;624
src/openvpn/init.c;1;1;1;artifact;625;652
src/openvpn/init.c;1;ENABLE_MANAGEMENT;1 && ENABLE_MANAGEMENT;if;653;653
src/openvpn/init.c;1;ENABLE_MANAGEMENT;1 && ENABLE_MANAGEMENT;artifact;654;656
src/openvpn/init.c;1;!ENABLE_MANAGEMENT;!ENABLE_MANAGEMENT && 1;else;657;657
src/openvpn/init.c;1;!ENABLE_MANAGEMENT;!ENABLE_MANAGEMENT && 1;artifact;658;659
src/openvpn/init.c;1;!ENABLE_MANAGEMENT;!ENABLE_MANAGEMENT && 1;endif;660;660
src/openvpn/init.c;1;1;1;artifact;661;735
src/openvpn/init.c;1;DEFINED___LB__ENABLE_PKCS11__RB__;1 && DEFINED___LB__ENABLE_PKCS11__RB__;if;736;736
src/openvpn/init.c;1;DEFINED___LB__ENABLE_PKCS11__RB__;1 && DEFINED___LB__ENABLE_PKCS11__RB__;artifact;737;746
src/openvpn/init.c;1;DEFINED___LB__ENABLE_PKCS11__RB__;1 && DEFINED___LB__ENABLE_PKCS11__RB__;endif;747;747
src/openvpn/init.c;1;1;1;artifact;748;748
src/openvpn/init.c;1;0;1 && 0;if;749;749
src/openvpn/init.c;1;0;1 && 0;artifact;750;760
src/openvpn/init.c;1;0;1 && 0;endif;761;761
src/openvpn/init.c;1;1;1;artifact;762;762
src/openvpn/init.c;1;ENABLE_SYSTEMD;1 && ENABLE_SYSTEMD;if;763;763
src/openvpn/init.c;1;ENABLE_SYSTEMD;1 && ENABLE_SYSTEMD;artifact;764;769
src/openvpn/init.c;1;ENABLE_SYSTEMD;1 && ENABLE_SYSTEMD;endif;770;770
src/openvpn/init.c;1;1;1;artifact;771;781
src/openvpn/init.c;1;PORT_SHARE;1 && PORT_SHARE;if;782;782
src/openvpn/init.c;1;PORT_SHARE;1 && PORT_SHARE;artifact;783;809
src/openvpn/init.c;1;PORT_SHARE;1 && PORT_SHARE;endif;810;810
src/openvpn/init.c;1;1;1;artifact;811;817
src/openvpn/init.c;1;DEFINED___LB__DMALLOC__RB__;1 && DEFINED___LB__DMALLOC__RB__;if;818;818
src/openvpn/init.c;1;DEFINED___LB__DMALLOC__RB__;1 && DEFINED___LB__DMALLOC__RB__;artifact;819;819
src/openvpn/init.c;1;DEFINED___LB__DMALLOC__RB__;1 && DEFINED___LB__DMALLOC__RB__;endif;820;820
src/openvpn/init.c;1;1;1;artifact;821;838
src/openvpn/init.c;1;_WIN32;1 && _WIN32;if;839;839
src/openvpn/init.c;1;_WIN32;1 && _WIN32;artifact;840;840
src/openvpn/init.c;1;_WIN32;1 && _WIN32;endif;841;841
src/openvpn/init.c;1;1;1;artifact;842;842
src/openvpn/init.c;1;OPENVPN_DEBUG_COMMAND_LINE;1 && OPENVPN_DEBUG_COMMAND_LINE;if;843;843
src/openvpn/init.c;1;OPENVPN_DEBUG_COMMAND_LINE;1 && OPENVPN_DEBUG_COMMAND_LINE;artifact;844;850
src/openvpn/init.c;1;OPENVPN_DEBUG_COMMAND_LINE;1 && OPENVPN_DEBUG_COMMAND_LINE;endif;851;851
src/openvpn/init.c;1;1;1;artifact;852;856
src/openvpn/init.c;1;SCHEDULE_TEST;1 && SCHEDULE_TEST;if;857;857
src/openvpn/init.c;1;SCHEDULE_TEST;1 && SCHEDULE_TEST;artifact;858;859
src/openvpn/init.c;1;SCHEDULE_TEST;1 && SCHEDULE_TEST;endif;860;860
src/openvpn/init.c;1;1;1;artifact;861;861
src/openvpn/init.c;1;IFCONFIG_POOL_TEST;1 && IFCONFIG_POOL_TEST;if;862;862
src/openvpn/init.c;1;IFCONFIG_POOL_TEST;1 && IFCONFIG_POOL_TEST;artifact;863;864
src/openvpn/init.c;1;IFCONFIG_POOL_TEST;1 && IFCONFIG_POOL_TEST;endif;865;865
src/openvpn/init.c;1;1;1;artifact;866;866
src/openvpn/init.c;1;TIME_TEST;1 && TIME_TEST;if;867;867
src/openvpn/init.c;1;TIME_TEST;1 && TIME_TEST;artifact;868;869
src/openvpn/init.c;1;TIME_TEST;1 && TIME_TEST;endif;870;870
src/openvpn/init.c;1;1;1;artifact;871;871
src/openvpn/init.c;1;GEN_PATH_TEST;1 && GEN_PATH_TEST;if;872;872
src/openvpn/init.c;1;GEN_PATH_TEST;1 && GEN_PATH_TEST;artifact;873;881
src/openvpn/init.c;1;GEN_PATH_TEST;1 && GEN_PATH_TEST;endif;882;882
src/openvpn/init.c;1;1;1;artifact;883;883
src/openvpn/init.c;1;STATUS_PRINTF_TEST;1 && STATUS_PRINTF_TEST;if;884;884
src/openvpn/init.c;1;STATUS_PRINTF_TEST;1 && STATUS_PRINTF_TEST;artifact;885;897
src/openvpn/init.c;1;STATUS_PRINTF_TEST;1 && STATUS_PRINTF_TEST;endif;898;898
src/openvpn/init.c;1;1;1;artifact;899;899
src/openvpn/init.c;1;MSTATS_TEST;1 && MSTATS_TEST;if;900;900
src/openvpn/init.c;1;MSTATS_TEST;1 && MSTATS_TEST;artifact;901;913
src/openvpn/init.c;1;MSTATS_TEST;1 && MSTATS_TEST;endif;914;914
src/openvpn/init.c;1;1;1;artifact;915;923
src/openvpn/init.c;1;ENABLE_PKCS11;1 && ENABLE_PKCS11;if;924;924
src/openvpn/init.c;1;ENABLE_PKCS11;1 && ENABLE_PKCS11;artifact;925;925
src/openvpn/init.c;1;ENABLE_PKCS11;1 && ENABLE_PKCS11;endif;926;926
src/openvpn/init.c;1;1;1;artifact;927;927
src/openvpn/init.c;1;PORT_SHARE;1 && PORT_SHARE;if;928;928
src/openvpn/init.c;1;PORT_SHARE;1 && PORT_SHARE;artifact;929;929
src/openvpn/init.c;1;PORT_SHARE;1 && PORT_SHARE;endif;930;930
src/openvpn/init.c;1;1;1;artifact;931;931
src/openvpn/init.c;1;DEFINED___LB__MEASURE_TLS_HANDSHAKE_STATS__RB__;1 && DEFINED___LB__MEASURE_TLS_HANDSHAKE_STATS__RB__;if;932;932
src/openvpn/init.c;1;DEFINED___LB__MEASURE_TLS_HANDSHAKE_STATS__RB__;1 && DEFINED___LB__MEASURE_TLS_HANDSHAKE_STATS__RB__;artifact;933;933
src/openvpn/init.c;1;DEFINED___LB__MEASURE_TLS_HANDSHAKE_STATS__RB__;1 && DEFINED___LB__MEASURE_TLS_HANDSHAKE_STATS__RB__;endif;934;934
src/openvpn/init.c;1;1;1;artifact;935;1111
src/openvpn/init.c;1;DEFINED___LB__ENABLE_DCO__RB__;1 && DEFINED___LB__ENABLE_DCO__RB__;if;1112;1112
src/openvpn/init.c;1;DEFINED___LB__ENABLE_DCO__RB__;1 && DEFINED___LB__ENABLE_DCO__RB__;artifact;1113;1128
src/openvpn/init.c;1;DEFINED___LB__ENABLE_DCO__RB__;1 && DEFINED___LB__ENABLE_DCO__RB__;endif;1129;1129
src/openvpn/init.c;1;1;1;artifact;1130;1130
src/openvpn/init.c;1;ENABLE_FEATURE_TUN_PERSIST;1 && ENABLE_FEATURE_TUN_PERSIST;if;1131;1131
src/openvpn/init.c;1;ENABLE_FEATURE_TUN_PERSIST;1 && ENABLE_FEATURE_TUN_PERSIST;artifact;1132;1140
src/openvpn/init.c;1;!ENABLE_FEATURE_TUN_PERSIST;!ENABLE_FEATURE_TUN_PERSIST && 1;else;1141;1141
src/openvpn/init.c;1;!ENABLE_FEATURE_TUN_PERSIST;!ENABLE_FEATURE_TUN_PERSIST && 1;artifact;1142;1146
src/openvpn/init.c;1;!ENABLE_FEATURE_TUN_PERSIST;!ENABLE_FEATURE_TUN_PERSIST && 1;endif;1147;1147
src/openvpn/init.c;1;1;1;artifact;1148;1159
src/openvpn/init.c;1;ENABLE_SYSTEMD;1 && ENABLE_SYSTEMD;if;1160;1160
src/openvpn/init.c;1;ENABLE_SYSTEMD;1 && ENABLE_SYSTEMD;artifact;1161;1165
src/openvpn/init.c;1;ENABLE_SYSTEMD;1 && ENABLE_SYSTEMD;endif;1166;1166
src/openvpn/init.c;1;1;1;artifact;1167;1171
src/openvpn/init.c;1;DEFINED___LB____APPLE____RB__ && DEFINED___LB____clang____RB__;1 && DEFINED___LB____APPLE____RB__ && DEFINED___LB____clang____RB__;if;1172;1172
src/openvpn/init.c;1;DEFINED___LB____APPLE____RB__ && DEFINED___LB____clang____RB__;1 && DEFINED___LB____APPLE____RB__ && DEFINED___LB____clang____RB__;artifact;1173;1174
src/openvpn/init.c;1;DEFINED___LB____APPLE____RB__ && DEFINED___LB____clang____RB__;1 && DEFINED___LB____APPLE____RB__ && DEFINED___LB____clang____RB__;endif;1175;1175
src/openvpn/init.c;1;1;1;artifact;1176;1179
src/openvpn/init.c;1;DEFINED___LB____APPLE____RB__ && DEFINED___LB____clang____RB__;1 && DEFINED___LB____APPLE____RB__ && DEFINED___LB____clang____RB__;if;1180;1180
src/openvpn/init.c;1;DEFINED___LB____APPLE____RB__ && DEFINED___LB____clang____RB__;1 && DEFINED___LB____APPLE____RB__ && DEFINED___LB____clang____RB__;artifact;1181;1181
src/openvpn/init.c;1;DEFINED___LB____APPLE____RB__ && DEFINED___LB____clang____RB__;1 && DEFINED___LB____APPLE____RB__ && DEFINED___LB____clang____RB__;endif;1182;1182
src/openvpn/init.c;1;1;1;artifact;1183;1232
src/openvpn/init.c;1;ENABLE_MEMSTATS;1 && ENABLE_MEMSTATS;if;1233;1233
src/openvpn/init.c;1;ENABLE_MEMSTATS;1 && ENABLE_MEMSTATS;artifact;1234;1237
src/openvpn/init.c;1;ENABLE_MEMSTATS;1 && ENABLE_MEMSTATS;endif;1238;1238
src/openvpn/init.c;1;1;1;artifact;1239;1239
src/openvpn/init.c;1;ENABLE_SELINUX;1 && ENABLE_SELINUX;if;1240;1240
src/openvpn/init.c;1;ENABLE_SELINUX;1 && ENABLE_SELINUX;artifact;1241;1264
src/openvpn/init.c;1;ENABLE_SELINUX;1 && ENABLE_SELINUX;endif;1265;1265
src/openvpn/init.c;1;1;1;artifact;1266;1294
src/openvpn/init.c;1;_WIN32;1 && _WIN32;if;1295;1295
src/openvpn/init.c;1;_WIN32;1 && _WIN32;artifact;1296;1316
src/openvpn/init.c;1;_WIN32;1 && _WIN32;endif;1317;1317
src/openvpn/init.c;1;1;1;artifact;1318;1581
src/openvpn/init.c;1;_WIN32;1 && _WIN32;if;1582;1582
src/openvpn/init.c;1;_WIN32;1 && _WIN32;artifact;1583;1585
src/openvpn/init.c;1;!_WIN32;!_WIN32 && 1;else;1586;1586
src/openvpn/init.c;1;ENABLE_SYSTEMD;!_WIN32 && 1 && ENABLE_SYSTEMD;if;1587;1587
src/openvpn/init.c;1;ENABLE_SYSTEMD;!_WIN32 && 1 && ENABLE_SYSTEMD;artifact;1588;1588
src/openvpn/init.c;1;ENABLE_SYSTEMD;!_WIN32 && 1 && ENABLE_SYSTEMD;endif;1589;1589
src/openvpn/init.c;1;!_WIN32;!_WIN32 && 1;artifact;1590;1590
src/openvpn/init.c;1;!_WIN32;!_WIN32 && 1;endif;1591;1591
src/openvpn/init.c;1;1;1;artifact;1592;1594
src/openvpn/init.c;1;ENABLE_SYSTEMD;1 && ENABLE_SYSTEMD;if;1595;1595
src/openvpn/init.c;1;ENABLE_SYSTEMD;1 && ENABLE_SYSTEMD;artifact;1596;1596
src/openvpn/init.c;1;ENABLE_SYSTEMD;1 && ENABLE_SYSTEMD;endif;1597;1597
src/openvpn/init.c;1;1;1;artifact;1598;1606
src/openvpn/init.c;1;_WIN32;1 && _WIN32;if;1607;1607
src/openvpn/init.c;1;_WIN32;1 && _WIN32;artifact;1608;1608
src/openvpn/init.c;1;_WIN32;1 && _WIN32;endif;1609;1609
src/openvpn/init.c;1;1;1;artifact;1610;1610
src/openvpn/init.c;1;ENABLE_MANAGEMENT;1 && ENABLE_MANAGEMENT;if;1611;1611
src/openvpn/init.c;1;ENABLE_MANAGEMENT;1 && ENABLE_MANAGEMENT;artifact;1612;1627
src/openvpn/init.c;1;DEFINED___LB___WIN32__RB__ || DEFINED___LB__ENABLE_SITNL__RB__;1 && ENABLE_MANAGEMENT && (DEFINED___LB___WIN32__RB__ || DEFINED___LB__ENABLE_SITNL__RB__);if;1628;1628
src/openvpn/init.c;1;DEFINED___LB___WIN32__RB__ || DEFINED___LB__ENABLE_SITNL__RB__;1 && ENABLE_MANAGEMENT && (DEFINED___LB___WIN32__RB__ || DEFINED___LB__ENABLE_SITNL__RB__);artifact;1629;1632
src/openvpn/init.c;1;DEFINED___LB___WIN32__RB__ || DEFINED___LB__ENABLE_SITNL__RB__;1 && ENABLE_MANAGEMENT && (DEFINED___LB___WIN32__RB__ || DEFINED___LB__ENABLE_SITNL__RB__);endif;1633;1633
src/openvpn/init.c;1;ENABLE_MANAGEMENT;1 && ENABLE_MANAGEMENT;artifact;1634;1638
src/openvpn/init.c;1;ENABLE_IP_PKTINFO;1 && ENABLE_MANAGEMENT && ENABLE_IP_PKTINFO;if;1639;1639
src/openvpn/init.c;1;ENABLE_IP_PKTINFO;1 && ENABLE_MANAGEMENT && ENABLE_IP_PKTINFO;artifact;1640;1644
src/openvpn/init.c;1;DEFINED___LB__HAVE_IN_PKTINFO__RB__ && DEFINED___LB__HAVE_IPI_SPEC_DST__RB__;1 && ENABLE_MANAGEMENT && ENABLE_IP_PKTINFO && DEFINED___LB__HAVE_IN_PKTINFO__RB__ && DEFINED___LB__HAVE_IPI_SPEC_DST__RB__;if;1645;1645
src/openvpn/init.c;1;DEFINED___LB__HAVE_IN_PKTINFO__RB__ && DEFINED___LB__HAVE_IPI_SPEC_DST__RB__;1 && ENABLE_MANAGEMENT && ENABLE_IP_PKTINFO && DEFINED___LB__HAVE_IN_PKTINFO__RB__ && DEFINED___LB__HAVE_IPI_SPEC_DST__RB__;artifact;1646;1646
src/openvpn/init.c;1;!DEFINED___LB__HAVE_IN_PKTINFO__RB__ || !DEFINED___LB__HAVE_IPI_SPEC_DST__RB__;(!DEFINED___LB__HAVE_IN_PKTINFO__RB__ || !DEFINED___LB__HAVE_IPI_SPEC_DST__RB__) && 1 && ENABLE_MANAGEMENT && ENABLE_IP_PKTINFO;else;1647;1647
src/openvpn/init.c;1;!DEFINED___LB__HAVE_IN_PKTINFO__RB__ || !DEFINED___LB__HAVE_IPI_SPEC_DST__RB__;(!DEFINED___LB__HAVE_IN_PKTINFO__RB__ || !DEFINED___LB__HAVE_IPI_SPEC_DST__RB__) && 1 && ENABLE_MANAGEMENT && ENABLE_IP_PKTINFO;artifact;1648;1648
src/openvpn/init.c;1;!DEFINED___LB__HAVE_IN_PKTINFO__RB__ || !DEFINED___LB__HAVE_IPI_SPEC_DST__RB__;(!DEFINED___LB__HAVE_IN_PKTINFO__RB__ || !DEFINED___LB__HAVE_IPI_SPEC_DST__RB__) && 1 && ENABLE_MANAGEMENT && ENABLE_IP_PKTINFO;endif;1649;1649
src/openvpn/init.c;1;ENABLE_IP_PKTINFO;1 && ENABLE_MANAGEMENT && ENABLE_IP_PKTINFO;artifact;1650;1656
src/openvpn/init.c;1;ENABLE_IP_PKTINFO;1 && ENABLE_MANAGEMENT && ENABLE_IP_PKTINFO;endif;1657;1657
src/openvpn/init.c;1;ENABLE_MANAGEMENT;1 && ENABLE_MANAGEMENT;artifact;1658;1675
src/openvpn/init.c;1;ENABLE_MANAGEMENT;1 && ENABLE_MANAGEMENT;endif;1676;1676
src/openvpn/init.c;1;1;1;artifact;1677;1698
src/openvpn/init.c;1;ENABLE_MANAGEMENT;1 && ENABLE_MANAGEMENT;if;1699;1699
src/openvpn/init.c;1;ENABLE_MANAGEMENT;1 && ENABLE_MANAGEMENT;artifact;1700;1703
src/openvpn/init.c;1;ENABLE_MANAGEMENT;1 && ENABLE_MANAGEMENT;endif;1704;1704
src/openvpn/init.c;1;1;1;artifact;1705;1722
src/openvpn/init.c;1;_WIN32;1 && _WIN32;if;1723;1723
src/openvpn/init.c;1;_WIN32;1 && _WIN32;artifact;1724;1733
src/openvpn/init.c;1;_WIN32;1 && _WIN32;endif;1734;1734
src/openvpn/init.c;1;1;1;artifact;1735;1758
src/openvpn/init.c;1;_WIN32;1 && _WIN32;if;1759;1759
src/openvpn/init.c;1;_WIN32;1 && _WIN32;artifact;1760;1760
src/openvpn/init.c;1;_WIN32;1 && _WIN32;endif;1761;1761
src/openvpn/init.c;1;1;1;artifact;1762;1777
src/openvpn/init.c;1;TARGET_ANDROID;1 && TARGET_ANDROID;if;1778;1778
src/openvpn/init.c;1;TARGET_ANDROID;1 && TARGET_ANDROID;artifact;1779;1779
src/openvpn/init.c;1;!TARGET_ANDROID;!TARGET_ANDROID && 1;else;1780;1780
src/openvpn/init.c;1;!TARGET_ANDROID;!TARGET_ANDROID && 1;artifact;1781;1781
src/openvpn/init.c;1;!TARGET_ANDROID;!TARGET_ANDROID && 1;endif;1782;1782
src/openvpn/init.c;1;1;1;artifact;1783;1793
src/openvpn/init.c;1;TARGET_ANDROID;1 && TARGET_ANDROID;if;1794;1794
src/openvpn/init.c;1;TARGET_ANDROID;1 && TARGET_ANDROID;artifact;1795;1804
src/openvpn/init.c;1;TARGET_ANDROID;1 && TARGET_ANDROID;endif;1805;1805
src/openvpn/init.c;1;1;1;artifact;1806;1815
src/openvpn/init.c;1;_WIN32;1 && _WIN32;if;1816;1816
src/openvpn/init.c;1;_WIN32;1 && _WIN32;artifact;1817;1820
src/openvpn/init.c;1;_WIN32;1 && _WIN32;endif;1821;1821
src/openvpn/init.c;1;1;1;artifact;1822;1861
src/openvpn/init.c;1;TARGET_ANDROID;1 && TARGET_ANDROID;if;1862;1862
src/openvpn/init.c;1;TARGET_ANDROID;1 && TARGET_ANDROID;artifact;1863;1864
src/openvpn/init.c;1;TARGET_ANDROID;1 && TARGET_ANDROID;endif;1865;1865
src/openvpn/init.c;1;1;1;artifact;1866;1894
src/openvpn/init.c;1;_WIN32;1 && _WIN32;if;1895;1895
src/openvpn/init.c;1;_WIN32;1 && _WIN32;artifact;1896;1896
src/openvpn/init.c;1;_WIN32;1 && _WIN32;endif;1897;1897
src/openvpn/init.c;1;1;1;artifact;1898;1906
src/openvpn/init.c;1;DEFINED___LB___WIN32__RB__;1 && DEFINED___LB___WIN32__RB__;if;1907;1907
src/openvpn/init.c;1;DEFINED___LB___WIN32__RB__;1 && DEFINED___LB___WIN32__RB__;artifact;1908;1915
src/openvpn/init.c;1;DEFINED___LB___WIN32__RB__;1 && DEFINED___LB___WIN32__RB__;endif;1916;1916
src/openvpn/init.c;1;1;1;artifact;1917;1943
src/openvpn/init.c;1;_WIN32;1 && _WIN32;if;1944;1944
src/openvpn/init.c;1;_WIN32;1 && _WIN32;artifact;1945;1945
src/openvpn/init.c;1;_WIN32;1 && _WIN32;endif;1946;1946
src/openvpn/init.c;1;1;1;artifact;1947;1955
src/openvpn/init.c;1;DEFINED___LB___WIN32__RB__;1 && DEFINED___LB___WIN32__RB__;if;1956;1956
src/openvpn/init.c;1;DEFINED___LB___WIN32__RB__;1 && DEFINED___LB___WIN32__RB__;artifact;1957;1964
src/openvpn/init.c;1;DEFINED___LB___WIN32__RB__;1 && DEFINED___LB___WIN32__RB__;endif;1965;1965
src/openvpn/init.c;1;1;1;artifact;1966;2014
src/openvpn/init.c;1;_WIN32;1 && _WIN32;if;2015;2015
src/openvpn/init.c;1;_WIN32;1 && _WIN32;artifact;2016;2016
src/openvpn/init.c;1;_WIN32;1 && _WIN32;endif;2017;2017
src/openvpn/init.c;1;1;1;artifact;2018;2024
src/openvpn/init.c;1;ENABLE_MANAGEMENT;1 && ENABLE_MANAGEMENT;if;2025;2025
src/openvpn/init.c;1;ENABLE_MANAGEMENT;1 && ENABLE_MANAGEMENT;artifact;2026;2031
src/openvpn/init.c;1;ENABLE_MANAGEMENT;1 && ENABLE_MANAGEMENT;endif;2032;2032
src/openvpn/init.c;1;1;1;artifact;2033;2040
src/openvpn/init.c;1;_WIN32;1 && _WIN32;if;2041;2041
src/openvpn/init.c;1;_WIN32;1 && _WIN32;artifact;2042;2042
src/openvpn/init.c;1;_WIN32;1 && _WIN32;endif;2043;2043
src/openvpn/init.c;1;1;1;artifact;2044;2070
src/openvpn/init.c;1;_WIN32;1 && _WIN32;if;2071;2071
src/openvpn/init.c;1;_WIN32;1 && _WIN32;artifact;2072;2072
src/openvpn/init.c;1;_WIN32;1 && _WIN32;endif;2073;2073
src/openvpn/init.c;1;1;1;artifact;2074;2083
src/openvpn/init.c;1;DEFINED___LB___WIN32__RB__;1 && DEFINED___LB___WIN32__RB__;if;2084;2084
src/openvpn/init.c;1;DEFINED___LB___WIN32__RB__;1 && DEFINED___LB___WIN32__RB__;artifact;2085;2091
src/openvpn/init.c;1;DEFINED___LB___WIN32__RB__;1 && DEFINED___LB___WIN32__RB__;endif;2092;2092
src/openvpn/init.c;1;1;1;artifact;2093;2108
src/openvpn/init.c;1;_WIN32;1 && _WIN32;if;2109;2109
src/openvpn/init.c;1;_WIN32;1 && _WIN32;artifact;2110;2110
src/openvpn/init.c;1;_WIN32;1 && _WIN32;endif;2111;2111
src/openvpn/init.c;1;1;1;artifact;2112;2122
src/openvpn/init.c;1;DEFINED___LB___WIN32__RB__;1 && DEFINED___LB___WIN32__RB__;if;2123;2123
src/openvpn/init.c;1;DEFINED___LB___WIN32__RB__;1 && DEFINED___LB___WIN32__RB__;artifact;2124;2130
src/openvpn/init.c;1;DEFINED___LB___WIN32__RB__;1 && DEFINED___LB___WIN32__RB__;endif;2131;2131
src/openvpn/init.c;1;1;1;artifact;2132;2230
src/openvpn/init.c;1;USE_COMP;1 && USE_COMP;if;2231;2231
src/openvpn/init.c;1;USE_COMP;1 && USE_COMP;artifact;2232;2235
src/openvpn/init.c;1;USE_COMP;1 && USE_COMP;endif;2236;2236
src/openvpn/init.c;1;1;1;artifact;2237;2334
src/openvpn/init.c;1;ENABLE_FRAGMENT;1 && ENABLE_FRAGMENT;if;2335;2335
src/openvpn/init.c;1;ENABLE_FRAGMENT;1 && ENABLE_FRAGMENT;artifact;2336;2339
src/openvpn/init.c;1;ENABLE_FRAGMENT;1 && ENABLE_FRAGMENT;endif;2340;2340
src/openvpn/init.c;1;1;1;artifact;2341;2555
src/openvpn/init.c;1;ENABLE_FRAGMENT;1 && ENABLE_FRAGMENT;if;2556;2556
src/openvpn/init.c;1;ENABLE_FRAGMENT;1 && ENABLE_FRAGMENT;artifact;2557;2560
src/openvpn/init.c;1;ENABLE_FRAGMENT;1 && ENABLE_FRAGMENT;endif;2561;2561
src/openvpn/init.c;1;1;1;artifact;2562;2612
src/openvpn/init.c;1;USE_COMP;1 && USE_COMP;if;2613;2613
src/openvpn/init.c;1;USE_COMP;1 && USE_COMP;artifact;2614;2616
src/openvpn/init.c;1;USE_COMP;1 && USE_COMP;endif;2617;2617
src/openvpn/init.c;1;1;1;artifact;2618;2715
src/openvpn/init.c;1;ENABLE_MANAGEMENT;1 && ENABLE_MANAGEMENT;if;2716;2716
src/openvpn/init.c;1;ENABLE_MANAGEMENT;1 && ENABLE_MANAGEMENT;artifact;2717;2724
src/openvpn/init.c;1;ENABLE_MANAGEMENT;1 && ENABLE_MANAGEMENT;endif;2725;2725
src/openvpn/init.c;1;1;1;artifact;2726;2749
src/openvpn/init.c;1;ENABLE_DEBUG;1 && ENABLE_DEBUG;if;2750;2750
src/openvpn/init.c;1;ENABLE_DEBUG;1 && ENABLE_DEBUG;artifact;2751;2754
src/openvpn/init.c;1;ENABLE_DEBUG;1 && ENABLE_DEBUG;endif;2755;2755
src/openvpn/init.c;1;1;1;artifact;2756;2919
src/openvpn/init.c;1;USE_COMP;1 && USE_COMP;if;2920;2920
src/openvpn/init.c;1;USE_COMP;1 && USE_COMP;artifact;2921;2924
src/openvpn/init.c;1;USE_COMP;1 && USE_COMP;endif;2925;2925
src/openvpn/init.c;1;1;1;artifact;2926;2963
src/openvpn/init.c;1;ENABLE_PREDICTION_RESISTANCE;1 && ENABLE_PREDICTION_RESISTANCE;if;2964;2964
src/openvpn/init.c;1;ENABLE_PREDICTION_RESISTANCE;1 && ENABLE_PREDICTION_RESISTANCE;artifact;2965;2968
src/openvpn/init.c;1;ENABLE_PREDICTION_RESISTANCE;1 && ENABLE_PREDICTION_RESISTANCE;endif;2969;2969
src/openvpn/init.c;1;1;1;artifact;2970;3178
src/openvpn/init.c;1;0;1 && 0;if;3179;3179
src/openvpn/init.c;1;0;1 && 0;artifact;3180;3184
src/openvpn/init.c;1;0;1 && 0;endif;3185;3185
src/openvpn/init.c;1;1;1;artifact;3186;3305
src/openvpn/init.c;1;ENABLE_X509ALTUSERNAME;1 && ENABLE_X509ALTUSERNAME;if;3306;3306
src/openvpn/init.c;1;ENABLE_X509ALTUSERNAME;1 && ENABLE_X509ALTUSERNAME;artifact;3307;3307
src/openvpn/init.c;1;!ENABLE_X509ALTUSERNAME;!ENABLE_X509ALTUSERNAME && 1;else;3308;3308
src/openvpn/init.c;1;!ENABLE_X509ALTUSERNAME;!ENABLE_X509ALTUSERNAME && 1;artifact;3309;3309
src/openvpn/init.c;1;!ENABLE_X509ALTUSERNAME;!ENABLE_X509ALTUSERNAME && 1;endif;3310;3310
src/openvpn/init.c;1;1;1;artifact;3311;3313
src/openvpn/init.c;1;ENABLE_DEBUG;1 && ENABLE_DEBUG;if;3314;3314
src/openvpn/init.c;1;ENABLE_DEBUG;1 && ENABLE_DEBUG;artifact;3315;3315
src/openvpn/init.c;1;ENABLE_DEBUG;1 && ENABLE_DEBUG;endif;3316;3316
src/openvpn/init.c;1;1;1;artifact;3317;3319
src/openvpn/init.c;1;ENABLE_MANAGEMENT;1 && ENABLE_MANAGEMENT;if;3320;3320
src/openvpn/init.c;1;ENABLE_MANAGEMENT;1 && ENABLE_MANAGEMENT;artifact;3321;3321
src/openvpn/init.c;1;ENABLE_MANAGEMENT;1 && ENABLE_MANAGEMENT;endif;3322;3322
src/openvpn/init.c;1;1;1;artifact;3323;3342
src/openvpn/init.c;1;ENABLE_MANAGEMENT;1 && ENABLE_MANAGEMENT;if;3343;3343
src/openvpn/init.c;1;ENABLE_MANAGEMENT;1 && ENABLE_MANAGEMENT;artifact;3344;3344
src/openvpn/init.c;1;ENABLE_MANAGEMENT;1 && ENABLE_MANAGEMENT;endif;3345;3345
src/openvpn/init.c;1;1;1;artifact;3346;3346
src/openvpn/init.c;1;USE_COMP;1 && USE_COMP;if;3347;3347
src/openvpn/init.c;1;USE_COMP;1 && USE_COMP;artifact;3348;3348
src/openvpn/init.c;1;USE_COMP;1 && USE_COMP;endif;3349;3349
src/openvpn/init.c;1;1;1;artifact;3350;3350
src/openvpn/init.c;1;HAVE_EXPORT_KEYING_MATERIAL;1 && HAVE_EXPORT_KEYING_MATERIAL;if;3351;3351
src/openvpn/init.c;1;HAVE_EXPORT_KEYING_MATERIAL;1 && HAVE_EXPORT_KEYING_MATERIAL;artifact;3352;3366
src/openvpn/init.c;1;HAVE_EXPORT_KEYING_MATERIAL;1 && HAVE_EXPORT_KEYING_MATERIAL;endif;3367;3367
src/openvpn/init.c;1;1;1;artifact;3368;3508
src/openvpn/init.c;1;DEFINED___LB__ENABLE_FRAGMENT__RB__;1 && DEFINED___LB__ENABLE_FRAGMENT__RB__;if;3509;3509
src/openvpn/init.c;1;DEFINED___LB__ENABLE_FRAGMENT__RB__;1 && DEFINED___LB__ENABLE_FRAGMENT__RB__;artifact;3510;3517
src/openvpn/init.c;1;DEFINED___LB__ENABLE_FRAGMENT__RB__;1 && DEFINED___LB__ENABLE_FRAGMENT__RB__;endif;3518;3518
src/openvpn/init.c;1;1;1;artifact;3519;3519
src/openvpn/init.c;1;ENABLE_FRAGMENT;1 && ENABLE_FRAGMENT;if;3520;3520
src/openvpn/init.c;1;ENABLE_FRAGMENT;1 && ENABLE_FRAGMENT;artifact;3521;3532
src/openvpn/init.c;1;ENABLE_FRAGMENT;1 && ENABLE_FRAGMENT;endif;3533;3533
src/openvpn/init.c;1;1;1;artifact;3534;3546
src/openvpn/init.c;1;ENABLE_SELINUX;1 && ENABLE_SELINUX;if;3547;3547
src/openvpn/init.c;1;ENABLE_SELINUX;1 && ENABLE_SELINUX;artifact;3548;3548
src/openvpn/init.c;1;ENABLE_SELINUX;1 && ENABLE_SELINUX;endif;3549;3549
src/openvpn/init.c;1;1;1;artifact;3550;3641
src/openvpn/init.c;1;USE_COMP;1 && USE_COMP;if;3642;3642
src/openvpn/init.c;1;USE_COMP;1 && USE_COMP;artifact;3643;3644
src/openvpn/init.c;1;USE_COMP;1 && USE_COMP;endif;3645;3645
src/openvpn/init.c;1;1;1;artifact;3646;3658
src/openvpn/init.c;1;USE_COMP;1 && USE_COMP;if;3659;3659
src/openvpn/init.c;1;USE_COMP;1 && USE_COMP;artifact;3660;3661
src/openvpn/init.c;1;USE_COMP;1 && USE_COMP;endif;3662;3662
src/openvpn/init.c;1;1;1;artifact;3663;3681
src/openvpn/init.c;1;ENABLE_FRAGMENT;1 && ENABLE_FRAGMENT;if;3682;3682
src/openvpn/init.c;1;ENABLE_FRAGMENT;1 && ENABLE_FRAGMENT;artifact;3683;3702
src/openvpn/init.c;1;ENABLE_FRAGMENT;1 && ENABLE_FRAGMENT;endif;3703;3703
src/openvpn/init.c;1;1;1;artifact;3704;3722
src/openvpn/init.c;1;ENABLE_FRAGMENT;1 && ENABLE_FRAGMENT;if;3723;3723
src/openvpn/init.c;1;ENABLE_FRAGMENT;1 && ENABLE_FRAGMENT;artifact;3724;3728
src/openvpn/init.c;1;ENABLE_FRAGMENT;1 && ENABLE_FRAGMENT;endif;3729;3729
src/openvpn/init.c;1;1;1;artifact;3730;3928
src/openvpn/init.c;1;ENABLE_FRAGMENT;1 && ENABLE_FRAGMENT;if;3929;3929
src/openvpn/init.c;1;ENABLE_FRAGMENT;1 && ENABLE_FRAGMENT;artifact;3930;3941
src/openvpn/init.c;1;ENABLE_FRAGMENT;1 && ENABLE_FRAGMENT;endif;3942;3942
src/openvpn/init.c;1;1;1;artifact;3943;4073
src/openvpn/init.c;1;_WIN32;1 && _WIN32;if;4074;4074
src/openvpn/init.c;1;_WIN32;1 && _WIN32;artifact;4075;4075
src/openvpn/init.c;1;!_WIN32;!_WIN32 && 1;else;4076;4076
src/openvpn/init.c;1;!_WIN32;!_WIN32 && 1;artifact;4077;4091
src/openvpn/init.c;1;!_WIN32;!_WIN32 && 1;endif;4092;4092
src/openvpn/init.c;1;1;1;artifact;4093;4108
src/openvpn/init.c;1;ENABLE_PLUGIN;1 && ENABLE_PLUGIN;if;4109;4109
src/openvpn/init.c;1;ENABLE_PLUGIN;1 && ENABLE_PLUGIN;artifact;4110;4178
src/openvpn/init.c;1;ENABLE_PLUGIN;1 && ENABLE_PLUGIN;endif;4179;4179
src/openvpn/init.c;1;1;1;artifact;4180;4180
src/openvpn/init.c;1;ENABLE_MANAGEMENT;1 && ENABLE_MANAGEMENT;if;4181;4181
src/openvpn/init.c;1;ENABLE_MANAGEMENT;1 && ENABLE_MANAGEMENT;artifact;4182;4192
src/openvpn/init.c;1;_WIN32;1 && ENABLE_MANAGEMENT && _WIN32;if;4193;4193
src/openvpn/init.c;1;_WIN32;1 && ENABLE_MANAGEMENT && _WIN32;artifact;4194;4196
src/openvpn/init.c;1;!_WIN32;!_WIN32 && 1 && ENABLE_MANAGEMENT;else;4197;4197
src/openvpn/init.c;1;!_WIN32;!_WIN32 && 1 && ENABLE_MANAGEMENT;artifact;4198;4198
src/openvpn/init.c;1;!_WIN32;!_WIN32 && 1 && ENABLE_MANAGEMENT;endif;4199;4199
src/openvpn/init.c;1;ENABLE_MANAGEMENT;1 && ENABLE_MANAGEMENT;artifact;4200;4201
src/openvpn/init.c;1;TARGET_ANDROID;1 && ENABLE_MANAGEMENT && TARGET_ANDROID;if;4202;4202
src/openvpn/init.c;1;TARGET_ANDROID;1 && ENABLE_MANAGEMENT && TARGET_ANDROID;artifact;4203;4238
src/openvpn/init.c;1;TARGET_ANDROID;1 && ENABLE_MANAGEMENT && TARGET_ANDROID;endif;4239;4239
src/openvpn/init.c;1;ENABLE_MANAGEMENT;1 && ENABLE_MANAGEMENT;artifact;4240;4240
src/openvpn/init.c;1;ENABLE_MANAGEMENT;1 && ENABLE_MANAGEMENT;endif;4241;4241
src/openvpn/init.c;1;1;1;artifact;4242;4245
src/openvpn/init.c;1;ENABLE_MANAGEMENT;1 && ENABLE_MANAGEMENT;if;4246;4246
src/openvpn/init.c;1;ENABLE_MANAGEMENT;1 && ENABLE_MANAGEMENT;artifact;4247;4256
src/openvpn/init.c;1;TARGET_ANDROID;1 && ENABLE_MANAGEMENT && TARGET_ANDROID;if;4257;4257
src/openvpn/init.c;1;TARGET_ANDROID;1 && ENABLE_MANAGEMENT && TARGET_ANDROID;artifact;4258;4258
src/openvpn/init.c;1;TARGET_ANDROID;1 && ENABLE_MANAGEMENT && TARGET_ANDROID;endif;4259;4259
src/openvpn/init.c;1;ENABLE_MANAGEMENT;1 && ENABLE_MANAGEMENT;artifact;4260;4263
src/openvpn/init.c;1;ENABLE_MANAGEMENT;1 && ENABLE_MANAGEMENT;endif;4264;4264
src/openvpn/init.c;1;1;1;artifact;4265;4266
src/openvpn/init.c;1;ENABLE_MANAGEMENT;1 && ENABLE_MANAGEMENT;if;4267;4267
src/openvpn/init.c;1;ENABLE_MANAGEMENT;1 && ENABLE_MANAGEMENT;artifact;4268;4337
src/openvpn/init.c;1;ENABLE_MANAGEMENT;1 && ENABLE_MANAGEMENT;endif;4338;4338
src/openvpn/init.c;1;1;1;artifact;4339;4343
src/openvpn/init.c;1;ENABLE_MANAGEMENT;1 && ENABLE_MANAGEMENT;if;4344;4344
src/openvpn/init.c;1;ENABLE_MANAGEMENT;1 && ENABLE_MANAGEMENT;artifact;4345;4348
src/openvpn/init.c;1;ENABLE_MANAGEMENT;1 && ENABLE_MANAGEMENT;endif;4349;4349
src/openvpn/init.c;1;1;1;artifact;4350;4354
src/openvpn/init.c;1;ENABLE_MANAGEMENT;1 && ENABLE_MANAGEMENT;if;4355;4355
src/openvpn/init.c;1;ENABLE_MANAGEMENT;1 && ENABLE_MANAGEMENT;artifact;4356;4359
src/openvpn/init.c;1;ENABLE_MANAGEMENT;1 && ENABLE_MANAGEMENT;endif;4360;4360
src/openvpn/init.c;1;1;1;artifact;4361;4476
src/openvpn/init.c;1;ENABLE_PLUGIN;1 && ENABLE_PLUGIN;if;4477;4477
src/openvpn/init.c;1;ENABLE_PLUGIN;1 && ENABLE_PLUGIN;artifact;4478;4482
src/openvpn/init.c;1;ENABLE_PLUGIN;1 && ENABLE_PLUGIN;endif;4483;4483
src/openvpn/init.c;1;1;1;artifact;4484;4530
src/openvpn/init.c;1;ENABLE_FRAGMENT;1 && ENABLE_FRAGMENT;if;4531;4531
src/openvpn/init.c;1;ENABLE_FRAGMENT;1 && ENABLE_FRAGMENT;artifact;4532;4536
src/openvpn/init.c;1;ENABLE_FRAGMENT;1 && ENABLE_FRAGMENT;endif;4537;4537
src/openvpn/init.c;1;1;1;artifact;4538;4560
src/openvpn/init.c;1;USE_COMP;1 && USE_COMP;if;4561;4561
src/openvpn/init.c;1;USE_COMP;1 && USE_COMP;artifact;4562;4566
src/openvpn/init.c;1;USE_COMP;1 && USE_COMP;endif;4567;4567
src/openvpn/init.c;1;1;1;artifact;4568;4580
src/openvpn/init.c;1;ENABLE_FRAGMENT;1 && ENABLE_FRAGMENT;if;4581;4581
src/openvpn/init.c;1;ENABLE_FRAGMENT;1 && ENABLE_FRAGMENT;artifact;4582;4586
src/openvpn/init.c;1;ENABLE_FRAGMENT;1 && ENABLE_FRAGMENT;endif;4587;4587
src/openvpn/init.c;1;1;1;artifact;4588;4620
src/openvpn/init.c;1;ENABLE_PLUGIN;1 && ENABLE_PLUGIN;if;4621;4621
src/openvpn/init.c;1;ENABLE_PLUGIN;1 && ENABLE_PLUGIN;artifact;4622;4626
src/openvpn/init.c;1;ENABLE_PLUGIN;1 && ENABLE_PLUGIN;endif;4627;4627
src/openvpn/init.c;1;1;1;artifact;4628;4657
src/openvpn/init.c;1;ENABLE_PLUGIN;1 && ENABLE_PLUGIN;if;4658;4658
src/openvpn/init.c;1;ENABLE_PLUGIN;1 && ENABLE_PLUGIN;artifact;4659;4663
src/openvpn/init.c;1;ENABLE_PLUGIN;1 && ENABLE_PLUGIN;endif;4664;4664
src/openvpn/init.c;1;1;1;artifact;4665;4665
src/openvpn/init.c;1;PORT_SHARE;1 && PORT_SHARE;if;4666;4666
src/openvpn/init.c;1;PORT_SHARE;1 && PORT_SHARE;artifact;4667;4671
src/openvpn/init.c;1;PORT_SHARE;1 && PORT_SHARE;endif;4672;4672
src/openvpn/init.c;1;1;1;artifact;4673;4704
src/openvpn/init.c;1;USE_COMP;1 && USE_COMP;if;4705;4705
src/openvpn/init.c;1;USE_COMP;1 && USE_COMP;artifact;4706;4710
src/openvpn/init.c;1;USE_COMP;1 && USE_COMP;endif;4711;4711
src/openvpn/init.c;1;1;1;artifact;4712;4731
src/openvpn/init.c;1;ENABLE_MANAGEMENT;1 && ENABLE_MANAGEMENT;if;4732;4732
src/openvpn/init.c;1;ENABLE_MANAGEMENT;1 && ENABLE_MANAGEMENT;artifact;4733;4736
src/openvpn/init.c;1;ENABLE_MANAGEMENT;1 && ENABLE_MANAGEMENT;endif;4737;4737
src/openvpn/init.c;1;1;1;artifact;4738;4738
src/openvpn/init.c;1;ENABLE_PLUGIN;1 && ENABLE_PLUGIN;if;4739;4739
src/openvpn/init.c;1;ENABLE_PLUGIN;1 && ENABLE_PLUGIN;artifact;4740;4741
src/openvpn/init.c;1;ENABLE_PLUGIN;1 && ENABLE_PLUGIN;endif;4742;4742
src/openvpn/init.c;1;1;1;artifact;4743;4749
src/openvpn/init.c;1;ENABLE_FRAGMENT;1 && ENABLE_FRAGMENT;if;4750;4750
src/openvpn/init.c;1;ENABLE_FRAGMENT;1 && ENABLE_FRAGMENT;artifact;4751;4752
src/openvpn/init.c;1;ENABLE_FRAGMENT;1 && ENABLE_FRAGMENT;endif;4753;4753
src/openvpn/init.c;1;1;1;artifact;4754;4810
src/openvpn/init.c;1;ENABLE_PLUGIN;1 && ENABLE_PLUGIN;if;4811;4811
src/openvpn/init.c;1;ENABLE_PLUGIN;1 && ENABLE_PLUGIN;artifact;4812;4813
src/openvpn/init.c;1;ENABLE_PLUGIN;1 && ENABLE_PLUGIN;endif;4814;4814
src/openvpn/init.c;1;1;1;artifact;4815;4891
src/openvpn/init.c;1;USE_COMP;1 && USE_COMP;if;4892;4892
src/openvpn/init.c;1;USE_COMP;1 && USE_COMP;artifact;4893;4893
src/openvpn/init.c;1;USE_COMP;1 && USE_COMP;endif;4894;4894
src/openvpn/init.c;1;1;1;artifact;4895;5015
src/openvpn/init.h;1;1;1;ROOT;1;152
src/openvpn/init.h;1;1;1;artifact;1;23
src/openvpn/init.h;1;!INIT_H;1 && !INIT_H;if;24;24
src/openvpn/init.h;1;!INIT_H;1 && !INIT_H;artifact;25;118
src/openvpn/init.h;1;ENABLE_MANAGEMENT;1 && !INIT_H && ENABLE_MANAGEMENT;if;119;119
src/openvpn/init.h;1;ENABLE_MANAGEMENT;1 && !INIT_H && ENABLE_MANAGEMENT;artifact;120;128
src/openvpn/init.h;1;ENABLE_MANAGEMENT;1 && !INIT_H && ENABLE_MANAGEMENT;endif;129;129
src/openvpn/init.h;1;!INIT_H;1 && !INIT_H;artifact;130;134
src/openvpn/init.h;1;ENABLE_PLUGIN;1 && !INIT_H && ENABLE_PLUGIN;if;135;135
src/openvpn/init.h;1;ENABLE_PLUGIN;1 && !INIT_H && ENABLE_PLUGIN;artifact;136;139
src/openvpn/init.h;1;ENABLE_PLUGIN;1 && !INIT_H && ENABLE_PLUGIN;endif;140;140
src/openvpn/init.h;1;!INIT_H;1 && !INIT_H;artifact;141;149
src/openvpn/init.h;1;!INIT_H;1 && !INIT_H;endif;150;150
src/openvpn/init.h;1;1;1;artifact;151;151
src/openvpn/integer.h;1;1;1;ROOT;1;206
src/openvpn/integer.h;1;1;1;artifact;1;23
src/openvpn/integer.h;1;!INTEGER_H;1 && !INTEGER_H;if;24;24
src/openvpn/integer.h;1;!INTEGER_H;1 && !INTEGER_H;artifact;25;28
src/openvpn/integer.h;1;!htonll;1 && !INTEGER_H && !htonll;if;29;29
src/openvpn/integer.h;1;!htonll;1 && !INTEGER_H && !htonll;artifact;30;31
src/openvpn/integer.h;1;!htonll;1 && !INTEGER_H && !htonll;endif;32;32
src/openvpn/integer.h;1;!INTEGER_H;1 && !INTEGER_H;artifact;33;33
src/openvpn/integer.h;1;!ntohll;1 && !INTEGER_H && !ntohll;if;34;34
src/openvpn/integer.h;1;!ntohll;1 && !INTEGER_H && !ntohll;artifact;35;36
src/openvpn/integer.h;1;!ntohll;1 && !INTEGER_H && !ntohll;endif;37;37
src/openvpn/integer.h;1;!INTEGER_H;1 && !INTEGER_H;artifact;38;203
src/openvpn/integer.h;1;!INTEGER_H;1 && !INTEGER_H;endif;204;204
src/openvpn/integer.h;1;1;1;artifact;205;205
src/openvpn/interval.c;1;1;1;ROOT;1;85
src/openvpn/interval.c;1;1;1;artifact;1;23
src/openvpn/interval.c;1;HAVE_CONFIG_H;1 && HAVE_CONFIG_H;if;24;24
src/openvpn/interval.c;1;HAVE_CONFIG_H;1 && HAVE_CONFIG_H;artifact;25;25
src/openvpn/interval.c;1;HAVE_CONFIG_H;1 && HAVE_CONFIG_H;endif;26;26
src/openvpn/interval.c;1;1;1;artifact;27;56
src/openvpn/interval.c;1;INTERVAL_DEBUG;1 && INTERVAL_DEBUG;if;57;57
src/openvpn/interval.c;1;INTERVAL_DEBUG;1 && INTERVAL_DEBUG;artifact;58;59
src/openvpn/interval.c;1;INTERVAL_DEBUG;1 && INTERVAL_DEBUG;endif;60;60
src/openvpn/interval.c;1;1;1;artifact;61;74
src/openvpn/interval.c;1;INTERVAL_DEBUG;1 && INTERVAL_DEBUG;if;75;75
src/openvpn/interval.c;1;INTERVAL_DEBUG;1 && INTERVAL_DEBUG;artifact;76;77
src/openvpn/interval.c;1;INTERVAL_DEBUG;1 && INTERVAL_DEBUG;endif;78;78
src/openvpn/interval.c;1;1;1;artifact;79;84
src/openvpn/interval.h;1;1;1;ROOT;1;306
src/openvpn/interval.h;1;1;1;artifact;1;29
src/openvpn/interval.h;1;!INTERVAL_H;1 && !INTERVAL_H;if;30;30
src/openvpn/interval.h;1;!INTERVAL_H;1 && !INTERVAL_H;artifact;31;81
src/openvpn/interval.h;1;INTERVAL_DEBUG;1 && !INTERVAL_H && INTERVAL_DEBUG;if;82;82
src/openvpn/interval.h;1;INTERVAL_DEBUG;1 && !INTERVAL_H && INTERVAL_DEBUG;artifact;83;83
src/openvpn/interval.h;1;INTERVAL_DEBUG;1 && !INTERVAL_H && INTERVAL_DEBUG;endif;84;84
src/openvpn/interval.h;1;!INTERVAL_H;1 && !INTERVAL_H;artifact;85;98
src/openvpn/interval.h;1;INTERVAL_DEBUG;1 && !INTERVAL_H && INTERVAL_DEBUG;if;99;99
src/openvpn/interval.h;1;INTERVAL_DEBUG;1 && !INTERVAL_H && INTERVAL_DEBUG;artifact;100;100
src/openvpn/interval.h;1;INTERVAL_DEBUG;1 && !INTERVAL_H && INTERVAL_DEBUG;endif;101;101
src/openvpn/interval.h;1;!INTERVAL_H;1 && !INTERVAL_H;artifact;102;111
src/openvpn/interval.h;1;INTERVAL_DEBUG;1 && !INTERVAL_H && INTERVAL_DEBUG;if;112;112
src/openvpn/interval.h;1;INTERVAL_DEBUG;1 && !INTERVAL_H && INTERVAL_DEBUG;artifact;113;113
src/openvpn/interval.h;1;INTERVAL_DEBUG;1 && !INTERVAL_H && INTERVAL_DEBUG;endif;114;114
src/openvpn/interval.h;1;!INTERVAL_H;1 && !INTERVAL_H;artifact;115;125
src/openvpn/interval.h;1;INTERVAL_DEBUG;1 && !INTERVAL_H && INTERVAL_DEBUG;if;126;126
src/openvpn/interval.h;1;INTERVAL_DEBUG;1 && !INTERVAL_H && INTERVAL_DEBUG;artifact;127;127
src/openvpn/interval.h;1;INTERVAL_DEBUG;1 && !INTERVAL_H && INTERVAL_DEBUG;endif;128;128
src/openvpn/interval.h;1;!INTERVAL_H;1 && !INTERVAL_H;artifact;129;274
src/openvpn/interval.h;1;HAVE_GETTIMEOFDAY;1 && !INTERVAL_H && HAVE_GETTIMEOFDAY;if;275;275
src/openvpn/interval.h;1;HAVE_GETTIMEOFDAY;1 && !INTERVAL_H && HAVE_GETTIMEOFDAY;artifact;276;289
src/openvpn/interval.h;1;HAVE_GETTIMEOFDAY;1 && !INTERVAL_H && HAVE_GETTIMEOFDAY;endif;290;290
src/openvpn/interval.h;1;!INTERVAL_H;1 && !INTERVAL_H;artifact;291;303
src/openvpn/interval.h;1;!INTERVAL_H;1 && !INTERVAL_H;endif;304;304
src/openvpn/interval.h;1;1;1;artifact;305;305
src/openvpn/list.c;1;1;1;ROOT;1;478
src/openvpn/list.c;1;1;1;artifact;1;23
src/openvpn/list.c;1;HAVE_CONFIG_H;1 && HAVE_CONFIG_H;if;24;24
src/openvpn/list.c;1;HAVE_CONFIG_H;1 && HAVE_CONFIG_H;artifact;25;25
src/openvpn/list.c;1;HAVE_CONFIG_H;1 && HAVE_CONFIG_H;endif;26;26
src/openvpn/list.c;1;1;1;artifact;27;477
src/openvpn/list.h;1;1;1;ROOT;1;190
src/openvpn/list.h;1;1;1;artifact;1;23
src/openvpn/list.h;1;!LIST_H;1 && !LIST_H;if;24;24
src/openvpn/list.h;1;!LIST_H;1 && !LIST_H;artifact;25;187
src/openvpn/list.h;1;!LIST_H;1 && !LIST_H;endif;188;188
src/openvpn/list.h;1;1;1;artifact;189;189
src/openvpn/lladdr.c;1;1;1;ROOT;1;71
src/openvpn/lladdr.c;1;1;1;artifact;1;4
src/openvpn/lladdr.c;1;HAVE_CONFIG_H;1 && HAVE_CONFIG_H;if;5;5
src/openvpn/lladdr.c;1;HAVE_CONFIG_H;1 && HAVE_CONFIG_H;artifact;6;6
src/openvpn/lladdr.c;1;HAVE_CONFIG_H;1 && HAVE_CONFIG_H;endif;7;7
src/openvpn/lladdr.c;1;1;1;artifact;8;26
src/openvpn/lladdr.c;1;DEFINED___LB__TARGET_LINUX__RB__;1 && DEFINED___LB__TARGET_LINUX__RB__;if;27;27
src/openvpn/lladdr.c;1;DEFINED___LB__TARGET_LINUX__RB__;1 && DEFINED___LB__TARGET_LINUX__RB__;artifact;28;31
src/openvpn/lladdr.c;1;!DEFINED___LB__TARGET_LINUX__RB__;!DEFINED___LB__TARGET_LINUX__RB__ && 1;else;32;32
src/openvpn/lladdr.c;1;!DEFINED___LB__TARGET_LINUX__RB__;!DEFINED___LB__TARGET_LINUX__RB__ && 1;artifact;33;33
src/openvpn/lladdr.c;1;DEFINED___LB__TARGET_SOLARIS__RB__;!DEFINED___LB__TARGET_LINUX__RB__ && 1 && DEFINED___LB__TARGET_SOLARIS__RB__;if;34;34
src/openvpn/lladdr.c;1;DEFINED___LB__TARGET_SOLARIS__RB__;!DEFINED___LB__TARGET_LINUX__RB__ && 1 && DEFINED___LB__TARGET_SOLARIS__RB__;artifact;35;38
src/openvpn/lladdr.c;1;DEFINED___LB__TARGET_OPENBSD__RB__ && !DEFINED___LB__TARGET_SOLARIS__RB__;DEFINED___LB__TARGET_OPENBSD__RB__ && !DEFINED___LB__TARGET_SOLARIS__RB__ && !DEFINED___LB__TARGET_LINUX__RB__ && 1;elif;39;39
src/openvpn/lladdr.c;1;DEFINED___LB__TARGET_OPENBSD__RB__ && !DEFINED___LB__TARGET_SOLARIS__RB__;DEFINED___LB__TARGET_OPENBSD__RB__ && !DEFINED___LB__TARGET_SOLARIS__RB__ && !DEFINED___LB__TARGET_LINUX__RB__ && 1;artifact;40;43
src/openvpn/lladdr.c;1;DEFINED___LB__TARGET_DARWIN__RB__ && !DEFINED___LB__TARGET_OPENBSD__RB__ && !DEFINED___LB__TARGET_SOLARIS__RB__;DEFINED___LB__TARGET_DARWIN__RB__ && !DEFINED___LB__TARGET_OPENBSD__RB__ && !DEFINED___LB__TARGET_SOLARIS__RB__ && !DEFINED___LB__TARGET_LINUX__RB__ && 1;elif;44;44
src/openvpn/lladdr.c;1;DEFINED___LB__TARGET_DARWIN__RB__ && !DEFINED___LB__TARGET_OPENBSD__RB__ && !DEFINED___LB__TARGET_SOLARIS__RB__;DEFINED___LB__TARGET_DARWIN__RB__ && !DEFINED___LB__TARGET_OPENBSD__RB__ && !DEFINED___LB__TARGET_SOLARIS__RB__ && !DEFINED___LB__TARGET_LINUX__RB__ && 1;artifact;45;48
src/openvpn/lladdr.c;1;DEFINED___LB__TARGET_FREEBSD__RB__ && !DEFINED___LB__TARGET_DARWIN__RB__ && !DEFINED___LB__TARGET_OPENBSD__RB__ && !DEFINED___LB__TARGET_SOLARIS__RB__;DEFINED___LB__TARGET_FREEBSD__RB__ && !DEFINED___LB__TARGET_DARWIN__RB__ && !DEFINED___LB__TARGET_OPENBSD__RB__ && !DEFINED___LB__TARGET_SOLARIS__RB__ && !DEFINED___LB__TARGET_LINUX__RB__ && 1;elif;49;49
src/openvpn/lladdr.c;1;DEFINED___LB__TARGET_FREEBSD__RB__ && !DEFINED___LB__TARGET_DARWIN__RB__ && !DEFINED___LB__TARGET_OPENBSD__RB__ && !DEFINED___LB__TARGET_SOLARIS__RB__;DEFINED___LB__TARGET_FREEBSD__RB__ && !DEFINED___LB__TARGET_DARWIN__RB__ && !DEFINED___LB__TARGET_OPENBSD__RB__ && !DEFINED___LB__TARGET_SOLARIS__RB__ && !DEFINED___LB__TARGET_LINUX__RB__ && 1;artifact;50;53
src/openvpn/lladdr.c;1;!DEFINED___LB__TARGET_FREEBSD__RB__ && !DEFINED___LB__TARGET_DARWIN__RB__ && !DEFINED___LB__TARGET_OPENBSD__RB__ && !DEFINED___LB__TARGET_SOLARIS__RB__;!DEFINED___LB__TARGET_FREEBSD__RB__ && !DEFINED___LB__TARGET_DARWIN__RB__ && !DEFINED___LB__TARGET_OPENBSD__RB__ && !DEFINED___LB__TARGET_SOLARIS__RB__ && !DEFINED___LB__TARGET_LINUX__RB__ && 1;else;54;54
src/openvpn/lladdr.c;1;!DEFINED___LB__TARGET_FREEBSD__RB__ && !DEFINED___LB__TARGET_DARWIN__RB__ && !DEFINED___LB__TARGET_OPENBSD__RB__ && !DEFINED___LB__TARGET_SOLARIS__RB__;!DEFINED___LB__TARGET_FREEBSD__RB__ && !DEFINED___LB__TARGET_DARWIN__RB__ && !DEFINED___LB__TARGET_OPENBSD__RB__ && !DEFINED___LB__TARGET_SOLARIS__RB__ && !DEFINED___LB__TARGET_LINUX__RB__ && 1;artifact;55;56
src/openvpn/lladdr.c;1;!DEFINED___LB__TARGET_FREEBSD__RB__ && !DEFINED___LB__TARGET_DARWIN__RB__ && !DEFINED___LB__TARGET_OPENBSD__RB__ && !DEFINED___LB__TARGET_SOLARIS__RB__;!DEFINED___LB__TARGET_FREEBSD__RB__ && !DEFINED___LB__TARGET_DARWIN__RB__ && !DEFINED___LB__TARGET_OPENBSD__RB__ && !DEFINED___LB__TARGET_SOLARIS__RB__ && !DEFINED___LB__TARGET_LINUX__RB__ && 1;endif;57;57
src/openvpn/lladdr.c;1;!DEFINED___LB__TARGET_LINUX__RB__;!DEFINED___LB__TARGET_LINUX__RB__ && 1;artifact;58;60
src/openvpn/lladdr.c;1;!DEFINED___LB__TARGET_LINUX__RB__;!DEFINED___LB__TARGET_LINUX__RB__ && 1;endif;61;61
src/openvpn/lladdr.c;1;1;1;artifact;62;70
src/openvpn/lladdr.h;1;1;1;ROOT;1;11
src/openvpn/lladdr.h;1;1;1;artifact;1;10
src/openvpn/lzo.c;1;1;1;ROOT;1;269
src/openvpn/lzo.c;1;1;1;artifact;1;27
src/openvpn/lzo.c;1;HAVE_CONFIG_H;1 && HAVE_CONFIG_H;if;28;28
src/openvpn/lzo.c;1;HAVE_CONFIG_H;1 && HAVE_CONFIG_H;artifact;29;29
src/openvpn/lzo.c;1;HAVE_CONFIG_H;1 && HAVE_CONFIG_H;endif;30;30
src/openvpn/lzo.c;1;1;1;artifact;31;33
src/openvpn/lzo.c;1;DEFINED___LB__ENABLE_LZO__RB__;1 && DEFINED___LB__ENABLE_LZO__RB__;if;34;34
src/openvpn/lzo.c;1;DEFINED___LB__ENABLE_LZO__RB__;1 && DEFINED___LB__ENABLE_LZO__RB__;artifact;35;266
src/openvpn/lzo.c;1;DEFINED___LB__ENABLE_LZO__RB__;1 && DEFINED___LB__ENABLE_LZO__RB__;endif;267;267
src/openvpn/lzo.c;1;1;1;artifact;268;268
src/openvpn/lzo.h;1;1;1;ROOT;1;139
src/openvpn/lzo.h;1;1;1;artifact;1;23
src/openvpn/lzo.h;1;!OPENVPN_LZO_H;1 && !OPENVPN_LZO_H;if;24;24
src/openvpn/lzo.h;1;!OPENVPN_LZO_H;1 && !OPENVPN_LZO_H;artifact;25;33
src/openvpn/lzo.h;1;DEFINED___LB__ENABLE_LZO__RB__;1 && !OPENVPN_LZO_H && DEFINED___LB__ENABLE_LZO__RB__;if;34;34
src/openvpn/lzo.h;1;DEFINED___LB__ENABLE_LZO__RB__;1 && !OPENVPN_LZO_H && DEFINED___LB__ENABLE_LZO__RB__;artifact;35;39
src/openvpn/lzo.h;1;DEFINED___LB__HAVE_LZO_CONF_H__RB__;1 && !OPENVPN_LZO_H && DEFINED___LB__ENABLE_LZO__RB__ && DEFINED___LB__HAVE_LZO_CONF_H__RB__;if;40;40
src/openvpn/lzo.h;1;DEFINED___LB__HAVE_LZO_CONF_H__RB__;1 && !OPENVPN_LZO_H && DEFINED___LB__ENABLE_LZO__RB__ && DEFINED___LB__HAVE_LZO_CONF_H__RB__;artifact;41;46
src/openvpn/lzo.h;1;DEFINED___LB__HAVE_LZO_CONF_H__RB__;1 && !OPENVPN_LZO_H && DEFINED___LB__ENABLE_LZO__RB__ && DEFINED___LB__HAVE_LZO_CONF_H__RB__;endif;47;47
src/openvpn/lzo.h;1;DEFINED___LB__HAVE_LZO_LZOUTIL_H__RB__;1 && !OPENVPN_LZO_H && DEFINED___LB__ENABLE_LZO__RB__ && DEFINED___LB__HAVE_LZO_LZOUTIL_H__RB__;if;48;48
src/openvpn/lzo.h;1;DEFINED___LB__HAVE_LZO_LZOUTIL_H__RB__;1 && !OPENVPN_LZO_H && DEFINED___LB__ENABLE_LZO__RB__ && DEFINED___LB__HAVE_LZO_LZOUTIL_H__RB__;artifact;49;49
src/openvpn/lzo.h;1;DEFINED___LB__HAVE_LZOUTIL_H__RB__ && !DEFINED___LB__HAVE_LZO_LZOUTIL_H__RB__;DEFINED___LB__HAVE_LZOUTIL_H__RB__ && !DEFINED___LB__HAVE_LZO_LZOUTIL_H__RB__ && 1 && !OPENVPN_LZO_H && DEFINED___LB__ENABLE_LZO__RB__;elif;50;50
src/openvpn/lzo.h;1;DEFINED___LB__HAVE_LZOUTIL_H__RB__ && !DEFINED___LB__HAVE_LZO_LZOUTIL_H__RB__;DEFINED___LB__HAVE_LZOUTIL_H__RB__ && !DEFINED___LB__HAVE_LZO_LZOUTIL_H__RB__ && 1 && !OPENVPN_LZO_H && DEFINED___LB__ENABLE_LZO__RB__;artifact;51;51
src/openvpn/lzo.h;1;DEFINED___LB__HAVE_LZOUTIL_H__RB__ && !DEFINED___LB__HAVE_LZO_LZOUTIL_H__RB__;DEFINED___LB__HAVE_LZOUTIL_H__RB__ && !DEFINED___LB__HAVE_LZO_LZOUTIL_H__RB__ && 1 && !OPENVPN_LZO_H && DEFINED___LB__ENABLE_LZO__RB__;endif;52;52
src/openvpn/lzo.h;1;DEFINED___LB__HAVE_LZO_LZO1X_H__RB__;1 && !OPENVPN_LZO_H && DEFINED___LB__ENABLE_LZO__RB__ && DEFINED___LB__HAVE_LZO_LZO1X_H__RB__;if;53;53
src/openvpn/lzo.h;1;DEFINED___LB__HAVE_LZO_LZO1X_H__RB__;1 && !OPENVPN_LZO_H && DEFINED___LB__ENABLE_LZO__RB__ && DEFINED___LB__HAVE_LZO_LZO1X_H__RB__;artifact;54;54
src/openvpn/lzo.h;1;DEFINED___LB__HAVE_LZO1X_H__RB__ && !DEFINED___LB__HAVE_LZO_LZO1X_H__RB__;DEFINED___LB__HAVE_LZO1X_H__RB__ && !DEFINED___LB__HAVE_LZO_LZO1X_H__RB__ && 1 && !OPENVPN_LZO_H && DEFINED___LB__ENABLE_LZO__RB__;elif;55;55
src/openvpn/lzo.h;1;DEFINED___LB__HAVE_LZO1X_H__RB__ && !DEFINED___LB__HAVE_LZO_LZO1X_H__RB__;DEFINED___LB__HAVE_LZO1X_H__RB__ && !DEFINED___LB__HAVE_LZO_LZO1X_H__RB__ && 1 && !OPENVPN_LZO_H && DEFINED___LB__ENABLE_LZO__RB__;artifact;56;56
src/openvpn/lzo.h;1;DEFINED___LB__HAVE_LZO1X_H__RB__ && !DEFINED___LB__HAVE_LZO_LZO1X_H__RB__;DEFINED___LB__HAVE_LZO1X_H__RB__ && !DEFINED___LB__HAVE_LZO_LZO1X_H__RB__ && 1 && !OPENVPN_LZO_H && DEFINED___LB__ENABLE_LZO__RB__;endif;57;57
src/openvpn/lzo.h;1;DEFINED___LB__ENABLE_LZO__RB__;1 && !OPENVPN_LZO_H && DEFINED___LB__ENABLE_LZO__RB__;artifact;58;135
src/openvpn/lzo.h;1;DEFINED___LB__ENABLE_LZO__RB__;1 && !OPENVPN_LZO_H && DEFINED___LB__ENABLE_LZO__RB__;endif;136;136
src/openvpn/lzo.h;1;!OPENVPN_LZO_H;1 && !OPENVPN_LZO_H;endif;137;137
src/openvpn/lzo.h;1;1;1;artifact;138;138
src/openvpn/manage.c;1;1;1;ROOT;1;4190
src/openvpn/manage.c;1;1;1;artifact;1;23
src/openvpn/manage.c;1;HAVE_CONFIG_H;1 && HAVE_CONFIG_H;if;24;24
src/openvpn/manage.c;1;HAVE_CONFIG_H;1 && HAVE_CONFIG_H;artifact;25;25
src/openvpn/manage.c;1;HAVE_CONFIG_H;1 && HAVE_CONFIG_H;endif;26;26
src/openvpn/manage.c;1;1;1;artifact;27;29
src/openvpn/manage.c;1;ENABLE_MANAGEMENT;1 && ENABLE_MANAGEMENT;if;30;30
src/openvpn/manage.c;1;ENABLE_MANAGEMENT;1 && ENABLE_MANAGEMENT;artifact;31;47
src/openvpn/manage.c;1;ENABLE_PKCS11;1 && ENABLE_MANAGEMENT && ENABLE_PKCS11;if;48;48
src/openvpn/manage.c;1;ENABLE_PKCS11;1 && ENABLE_MANAGEMENT && ENABLE_PKCS11;artifact;49;49
src/openvpn/manage.c;1;ENABLE_PKCS11;1 && ENABLE_MANAGEMENT && ENABLE_PKCS11;endif;50;50
src/openvpn/manage.c;1;ENABLE_MANAGEMENT;1 && ENABLE_MANAGEMENT;artifact;51;53
src/openvpn/manage.c;1;MANAGEMENT_ECHO_PULL_INFO;1 && ENABLE_MANAGEMENT && MANAGEMENT_ECHO_PULL_INFO;if;54;54
src/openvpn/manage.c;1;MANAGEMENT_ECHO_PULL_INFO;1 && ENABLE_MANAGEMENT && MANAGEMENT_ECHO_PULL_INFO;artifact;55;55
src/openvpn/manage.c;1;!MANAGEMENT_ECHO_PULL_INFO;!MANAGEMENT_ECHO_PULL_INFO && 1 && ENABLE_MANAGEMENT;else;56;56
src/openvpn/manage.c;1;!MANAGEMENT_ECHO_PULL_INFO;!MANAGEMENT_ECHO_PULL_INFO && 1 && ENABLE_MANAGEMENT;artifact;57;57
src/openvpn/manage.c;1;!MANAGEMENT_ECHO_PULL_INFO;!MANAGEMENT_ECHO_PULL_INFO && 1 && ENABLE_MANAGEMENT;endif;58;58
src/openvpn/manage.c;1;ENABLE_MANAGEMENT;1 && ENABLE_MANAGEMENT;artifact;59;100
src/openvpn/manage.c;1;ENABLE_PKCS11;1 && ENABLE_MANAGEMENT && ENABLE_PKCS11;if;101;101
src/openvpn/manage.c;1;ENABLE_PKCS11;1 && ENABLE_MANAGEMENT && ENABLE_PKCS11;artifact;102;103
src/openvpn/manage.c;1;ENABLE_PKCS11;1 && ENABLE_MANAGEMENT && ENABLE_PKCS11;endif;104;104
src/openvpn/manage.c;1;ENABLE_MANAGEMENT;1 && ENABLE_MANAGEMENT;artifact;105;278
src/openvpn/manage.c;1;0;1 && ENABLE_MANAGEMENT && 0;if;279;279
src/openvpn/manage.c;1;0;1 && ENABLE_MANAGEMENT && 0;artifact;280;283
src/openvpn/manage.c;1;0;1 && ENABLE_MANAGEMENT && 0;endif;284;284
src/openvpn/manage.c;1;ENABLE_MANAGEMENT;1 && ENABLE_MANAGEMENT;artifact;285;307
src/openvpn/manage.c;1;UNIX_SOCK_SUPPORT;1 && ENABLE_MANAGEMENT && UNIX_SOCK_SUPPORT;if;308;308
src/openvpn/manage.c;1;UNIX_SOCK_SUPPORT;1 && ENABLE_MANAGEMENT && UNIX_SOCK_SUPPORT;artifact;309;312
src/openvpn/manage.c;1;UNIX_SOCK_SUPPORT;1 && ENABLE_MANAGEMENT && UNIX_SOCK_SUPPORT;endif;313;313
src/openvpn/manage.c;1;ENABLE_MANAGEMENT;1 && ENABLE_MANAGEMENT;artifact;314;318
src/openvpn/manage.c;1;!_WIN32;1 && ENABLE_MANAGEMENT && !_WIN32;if;319;319
src/openvpn/manage.c;1;!_WIN32;1 && ENABLE_MANAGEMENT && !_WIN32;artifact;320;327
src/openvpn/manage.c;1;!_WIN32;1 && ENABLE_MANAGEMENT && !_WIN32;endif;328;328
src/openvpn/manage.c;1;ENABLE_MANAGEMENT;1 && ENABLE_MANAGEMENT;artifact;329;838
src/openvpn/manage.c;1;ENABLE_PKCS11;1 && ENABLE_MANAGEMENT && ENABLE_PKCS11;if;839;839
src/openvpn/manage.c;1;ENABLE_PKCS11;1 && ENABLE_MANAGEMENT && ENABLE_PKCS11;artifact;840;865
src/openvpn/manage.c;1;ENABLE_PKCS11;1 && ENABLE_MANAGEMENT && ENABLE_PKCS11;endif;866;866
src/openvpn/manage.c;1;ENABLE_MANAGEMENT;1 && ENABLE_MANAGEMENT;artifact;867;1295
src/openvpn/manage.c;1;TARGET_ANDROID;1 && ENABLE_MANAGEMENT && TARGET_ANDROID;if;1296;1296
src/openvpn/manage.c;1;TARGET_ANDROID;1 && ENABLE_MANAGEMENT && TARGET_ANDROID;artifact;1297;1316
src/openvpn/manage.c;1;TARGET_ANDROID;1 && ENABLE_MANAGEMENT && TARGET_ANDROID;endif;1317;1317
src/openvpn/manage.c;1;ENABLE_MANAGEMENT;1 && ENABLE_MANAGEMENT;artifact;1318;1376
src/openvpn/manage.c;1;TARGET_ANDROID;1 && ENABLE_MANAGEMENT && TARGET_ANDROID;if;1377;1377
src/openvpn/manage.c;1;TARGET_ANDROID;1 && ENABLE_MANAGEMENT && TARGET_ANDROID;artifact;1378;1387
src/openvpn/manage.c;1;TARGET_ANDROID;1 && ENABLE_MANAGEMENT && TARGET_ANDROID;endif;1388;1388
src/openvpn/manage.c;1;ENABLE_MANAGEMENT;1 && ENABLE_MANAGEMENT;artifact;1389;1611
src/openvpn/manage.c;1;ENABLE_PKCS11;1 && ENABLE_MANAGEMENT && ENABLE_PKCS11;if;1612;1612
src/openvpn/manage.c;1;ENABLE_PKCS11;1 && ENABLE_MANAGEMENT && ENABLE_PKCS11;artifact;1613;1623
src/openvpn/manage.c;1;ENABLE_PKCS11;1 && ENABLE_MANAGEMENT && ENABLE_PKCS11;endif;1624;1624
src/openvpn/manage.c;1;ENABLE_MANAGEMENT;1 && ENABLE_MANAGEMENT;artifact;1625;1649
src/openvpn/manage.c;1;1;1 && ENABLE_MANAGEMENT && 1;if;1650;1650
src/openvpn/manage.c;1;1;1 && ENABLE_MANAGEMENT && 1;artifact;1651;1662
src/openvpn/manage.c;1;1;1 && ENABLE_MANAGEMENT && 1;endif;1663;1663
src/openvpn/manage.c;1;ENABLE_MANAGEMENT;1 && ENABLE_MANAGEMENT;artifact;1664;1672
src/openvpn/manage.c;1;_WIN32;1 && ENABLE_MANAGEMENT && _WIN32;if;1673;1673
src/openvpn/manage.c;1;_WIN32;1 && ENABLE_MANAGEMENT && _WIN32;artifact;1674;1699
src/openvpn/manage.c;1;_WIN32;1 && ENABLE_MANAGEMENT && _WIN32;endif;1700;1700
src/openvpn/manage.c;1;ENABLE_MANAGEMENT;1 && ENABLE_MANAGEMENT;artifact;1701;1723
src/openvpn/manage.c;1;_WIN32;1 && ENABLE_MANAGEMENT && _WIN32;if;1724;1724
src/openvpn/manage.c;1;_WIN32;1 && ENABLE_MANAGEMENT && _WIN32;artifact;1725;1725
src/openvpn/manage.c;1;_WIN32;1 && ENABLE_MANAGEMENT && _WIN32;endif;1726;1726
src/openvpn/manage.c;1;ENABLE_MANAGEMENT;1 && ENABLE_MANAGEMENT;artifact;1727;1727
src/openvpn/manage.c;1;UNIX_SOCK_SUPPORT;1 && ENABLE_MANAGEMENT && UNIX_SOCK_SUPPORT;if;1728;1728
src/openvpn/manage.c;1;UNIX_SOCK_SUPPORT;1 && ENABLE_MANAGEMENT && UNIX_SOCK_SUPPORT;artifact;1729;1735
src/openvpn/manage.c;1;UNIX_SOCK_SUPPORT;1 && ENABLE_MANAGEMENT && UNIX_SOCK_SUPPORT;endif;1736;1736
src/openvpn/manage.c;1;ENABLE_MANAGEMENT;1 && ENABLE_MANAGEMENT;artifact;1737;1770
src/openvpn/manage.c;1;UNIX_SOCK_SUPPORT;1 && ENABLE_MANAGEMENT && UNIX_SOCK_SUPPORT;if;1771;1771
src/openvpn/manage.c;1;UNIX_SOCK_SUPPORT;1 && ENABLE_MANAGEMENT && UNIX_SOCK_SUPPORT;artifact;1772;1801
src/openvpn/manage.c;1;UNIX_SOCK_SUPPORT;1 && ENABLE_MANAGEMENT && UNIX_SOCK_SUPPORT;endif;1802;1802
src/openvpn/manage.c;1;ENABLE_MANAGEMENT;1 && ENABLE_MANAGEMENT;artifact;1803;1812
src/openvpn/manage.c;1;UNIX_SOCK_SUPPORT;1 && ENABLE_MANAGEMENT && UNIX_SOCK_SUPPORT;if;1813;1813
src/openvpn/manage.c;1;UNIX_SOCK_SUPPORT;1 && ENABLE_MANAGEMENT && UNIX_SOCK_SUPPORT;artifact;1814;1823
src/openvpn/manage.c;1;UNIX_SOCK_SUPPORT;1 && ENABLE_MANAGEMENT && UNIX_SOCK_SUPPORT;endif;1824;1824
src/openvpn/manage.c;1;ENABLE_MANAGEMENT;1 && ENABLE_MANAGEMENT;artifact;1825;1832
src/openvpn/manage.c;1;_WIN32;1 && ENABLE_MANAGEMENT && _WIN32;if;1833;1833
src/openvpn/manage.c;1;_WIN32;1 && ENABLE_MANAGEMENT && _WIN32;artifact;1834;1834
src/openvpn/manage.c;1;_WIN32;1 && ENABLE_MANAGEMENT && _WIN32;endif;1835;1835
src/openvpn/manage.c;1;ENABLE_MANAGEMENT;1 && ENABLE_MANAGEMENT;artifact;1836;1857
src/openvpn/manage.c;1;UNIX_SOCK_SUPPORT;1 && ENABLE_MANAGEMENT && UNIX_SOCK_SUPPORT;if;1858;1858
src/openvpn/manage.c;1;UNIX_SOCK_SUPPORT;1 && ENABLE_MANAGEMENT && UNIX_SOCK_SUPPORT;artifact;1859;1865
src/openvpn/manage.c;1;UNIX_SOCK_SUPPORT;1 && ENABLE_MANAGEMENT && UNIX_SOCK_SUPPORT;endif;1866;1866
src/openvpn/manage.c;1;ENABLE_MANAGEMENT;1 && ENABLE_MANAGEMENT;artifact;1867;1885
src/openvpn/manage.c;1;UNIX_SOCK_SUPPORT;1 && ENABLE_MANAGEMENT && UNIX_SOCK_SUPPORT;if;1886;1886
src/openvpn/manage.c;1;UNIX_SOCK_SUPPORT;1 && ENABLE_MANAGEMENT && UNIX_SOCK_SUPPORT;artifact;1887;1892
src/openvpn/manage.c;1;UNIX_SOCK_SUPPORT;1 && ENABLE_MANAGEMENT && UNIX_SOCK_SUPPORT;endif;1893;1893
src/openvpn/manage.c;1;ENABLE_MANAGEMENT;1 && ENABLE_MANAGEMENT;artifact;1894;1911
src/openvpn/manage.c;1;_WIN32;1 && ENABLE_MANAGEMENT && _WIN32;if;1912;1912
src/openvpn/manage.c;1;_WIN32;1 && ENABLE_MANAGEMENT && _WIN32;artifact;1913;1913
src/openvpn/manage.c;1;_WIN32;1 && ENABLE_MANAGEMENT && _WIN32;endif;1914;1914
src/openvpn/manage.c;1;ENABLE_MANAGEMENT;1 && ENABLE_MANAGEMENT;artifact;1915;1931
src/openvpn/manage.c;1;UNIX_SOCK_SUPPORT;1 && ENABLE_MANAGEMENT && UNIX_SOCK_SUPPORT;if;1932;1932
src/openvpn/manage.c;1;UNIX_SOCK_SUPPORT;1 && ENABLE_MANAGEMENT && UNIX_SOCK_SUPPORT;artifact;1933;1938
src/openvpn/manage.c;1;EPERM;1 && ENABLE_MANAGEMENT && UNIX_SOCK_SUPPORT && EPERM;if;1939;1939
src/openvpn/manage.c;1;EPERM;1 && ENABLE_MANAGEMENT && UNIX_SOCK_SUPPORT && EPERM;artifact;1940;1940
src/openvpn/manage.c;1;!EPERM;!EPERM && 1 && ENABLE_MANAGEMENT && UNIX_SOCK_SUPPORT;else;1941;1941
src/openvpn/manage.c;1;!EPERM;!EPERM && 1 && ENABLE_MANAGEMENT && UNIX_SOCK_SUPPORT;artifact;1942;1942
src/openvpn/manage.c;1;!EPERM;!EPERM && 1 && ENABLE_MANAGEMENT && UNIX_SOCK_SUPPORT;endif;1943;1943
src/openvpn/manage.c;1;UNIX_SOCK_SUPPORT;1 && ENABLE_MANAGEMENT && UNIX_SOCK_SUPPORT;artifact;1944;1947
src/openvpn/manage.c;1;UNIX_SOCK_SUPPORT;1 && ENABLE_MANAGEMENT && UNIX_SOCK_SUPPORT;endif;1948;1948
src/openvpn/manage.c;1;ENABLE_MANAGEMENT;1 && ENABLE_MANAGEMENT;artifact;1949;1964
src/openvpn/manage.c;1;UNIX_SOCK_SUPPORT;1 && ENABLE_MANAGEMENT && UNIX_SOCK_SUPPORT;if;1965;1965
src/openvpn/manage.c;1;UNIX_SOCK_SUPPORT;1 && ENABLE_MANAGEMENT && UNIX_SOCK_SUPPORT;artifact;1966;1972
src/openvpn/manage.c;1;UNIX_SOCK_SUPPORT;1 && ENABLE_MANAGEMENT && UNIX_SOCK_SUPPORT;endif;1973;1973
src/openvpn/manage.c;1;ENABLE_MANAGEMENT;1 && ENABLE_MANAGEMENT;artifact;1974;1991
src/openvpn/manage.c;1;_WIN32;1 && ENABLE_MANAGEMENT && _WIN32;if;1992;1992
src/openvpn/manage.c;1;_WIN32;1 && ENABLE_MANAGEMENT && _WIN32;artifact;1993;1993
src/openvpn/manage.c;1;_WIN32;1 && ENABLE_MANAGEMENT && _WIN32;endif;1994;1994
src/openvpn/manage.c;1;ENABLE_MANAGEMENT;1 && ENABLE_MANAGEMENT;artifact;1995;2060
src/openvpn/manage.c;1;0;1 && ENABLE_MANAGEMENT && 0;if;2061;2061
src/openvpn/manage.c;1;0;1 && ENABLE_MANAGEMENT && 0;artifact;2062;2069
src/openvpn/manage.c;1;0;1 && ENABLE_MANAGEMENT && 0;endif;2070;2070
src/openvpn/manage.c;1;ENABLE_MANAGEMENT;1 && ENABLE_MANAGEMENT;artifact;2071;2102
src/openvpn/manage.c;1;TARGET_ANDROID;1 && ENABLE_MANAGEMENT && TARGET_ANDROID;if;2103;2103
src/openvpn/manage.c;1;TARGET_ANDROID;1 && ENABLE_MANAGEMENT && TARGET_ANDROID;artifact;2104;2236
src/openvpn/manage.c;1;TARGET_ANDROID;1 && ENABLE_MANAGEMENT && TARGET_ANDROID;endif;2237;2237
src/openvpn/manage.c;1;ENABLE_MANAGEMENT;1 && ENABLE_MANAGEMENT;artifact;2238;2247
src/openvpn/manage.c;1;TARGET_ANDROID;1 && ENABLE_MANAGEMENT && TARGET_ANDROID;if;2248;2248
src/openvpn/manage.c;1;TARGET_ANDROID;1 && ENABLE_MANAGEMENT && TARGET_ANDROID;artifact;2249;2254
src/openvpn/manage.c;1;!TARGET_ANDROID;!TARGET_ANDROID && 1 && ENABLE_MANAGEMENT;else;2255;2255
src/openvpn/manage.c;1;!TARGET_ANDROID;!TARGET_ANDROID && 1 && ENABLE_MANAGEMENT;artifact;2256;2256
src/openvpn/manage.c;1;!TARGET_ANDROID;!TARGET_ANDROID && 1 && ENABLE_MANAGEMENT;endif;2257;2257
src/openvpn/manage.c;1;ENABLE_MANAGEMENT;1 && ENABLE_MANAGEMENT;artifact;2258;2344
src/openvpn/manage.c;1;TARGET_ANDROID;1 && ENABLE_MANAGEMENT && TARGET_ANDROID;if;2345;2345
src/openvpn/manage.c;1;TARGET_ANDROID;1 && ENABLE_MANAGEMENT && TARGET_ANDROID;artifact;2346;2351
src/openvpn/manage.c;1;TARGET_ANDROID;1 && ENABLE_MANAGEMENT && TARGET_ANDROID;endif;2352;2352
src/openvpn/manage.c;1;ENABLE_MANAGEMENT;1 && ENABLE_MANAGEMENT;artifact;2353;2496
src/openvpn/manage.c;1;UNIX_SOCK_SUPPORT;1 && ENABLE_MANAGEMENT && UNIX_SOCK_SUPPORT;if;2497;2497
src/openvpn/manage.c;1;UNIX_SOCK_SUPPORT;1 && ENABLE_MANAGEMENT && UNIX_SOCK_SUPPORT;artifact;2498;2502
src/openvpn/manage.c;1;UNIX_SOCK_SUPPORT;1 && ENABLE_MANAGEMENT && UNIX_SOCK_SUPPORT;endif;2503;2503
src/openvpn/manage.c;1;ENABLE_MANAGEMENT;1 && ENABLE_MANAGEMENT;artifact;2504;2568
src/openvpn/manage.c;1;_WIN32;1 && ENABLE_MANAGEMENT && _WIN32;if;2569;2569
src/openvpn/manage.c;1;_WIN32;1 && ENABLE_MANAGEMENT && _WIN32;artifact;2570;2574
src/openvpn/manage.c;1;_WIN32;1 && ENABLE_MANAGEMENT && _WIN32;endif;2575;2575
src/openvpn/manage.c;1;ENABLE_MANAGEMENT;1 && ENABLE_MANAGEMENT;artifact;2576;2614
src/openvpn/manage.c;1;_WIN32;1 && ENABLE_MANAGEMENT && _WIN32;if;2615;2615
src/openvpn/manage.c;1;_WIN32;1 && ENABLE_MANAGEMENT && _WIN32;artifact;2616;2616
src/openvpn/manage.c;1;_WIN32;1 && ENABLE_MANAGEMENT && _WIN32;endif;2617;2617
src/openvpn/manage.c;1;ENABLE_MANAGEMENT;1 && ENABLE_MANAGEMENT;artifact;2618;3111
src/openvpn/manage.c;1;_WIN32;1 && ENABLE_MANAGEMENT && _WIN32;if;3112;3112
src/openvpn/manage.c;1;_WIN32;1 && ENABLE_MANAGEMENT && _WIN32;artifact;3113;3200
src/openvpn/manage.c;1;!_WIN32;!_WIN32 && 1 && ENABLE_MANAGEMENT;else;3201;3201
src/openvpn/manage.c;1;!_WIN32;!_WIN32 && 1 && ENABLE_MANAGEMENT;artifact;3202;3264
src/openvpn/manage.c;1;!_WIN32;!_WIN32 && 1 && ENABLE_MANAGEMENT;endif;3265;3265
src/openvpn/manage.c;1;ENABLE_MANAGEMENT;1 && ENABLE_MANAGEMENT;artifact;3266;4125
src/openvpn/manage.c;1;_WIN32;1 && ENABLE_MANAGEMENT && _WIN32;if;4126;4126
src/openvpn/manage.c;1;_WIN32;1 && ENABLE_MANAGEMENT && _WIN32;artifact;4127;4127
src/openvpn/manage.c;1;!_WIN32;!_WIN32 && 1 && ENABLE_MANAGEMENT;else;4128;4128
src/openvpn/manage.c;1;!_WIN32;!_WIN32 && 1 && ENABLE_MANAGEMENT;artifact;4129;4132
src/openvpn/manage.c;1;!_WIN32;!_WIN32 && 1 && ENABLE_MANAGEMENT;endif;4133;4133
src/openvpn/manage.c;1;ENABLE_MANAGEMENT;1 && ENABLE_MANAGEMENT;artifact;4134;4171
src/openvpn/manage.c;1;!ENABLE_MANAGEMENT;!ENABLE_MANAGEMENT && 1;else;4172;4172
src/openvpn/manage.c;1;!ENABLE_MANAGEMENT;!ENABLE_MANAGEMENT && 1;artifact;4173;4177
src/openvpn/manage.c;1;_WIN32;!ENABLE_MANAGEMENT && 1 && _WIN32;if;4178;4178
src/openvpn/manage.c;1;_WIN32;!ENABLE_MANAGEMENT && 1 && _WIN32;artifact;4179;4179
src/openvpn/manage.c;1;!_WIN32;!_WIN32 && !ENABLE_MANAGEMENT && 1;else;4180;4180
src/openvpn/manage.c;1;!_WIN32;!_WIN32 && !ENABLE_MANAGEMENT && 1;artifact;4181;4184
src/openvpn/manage.c;1;!_WIN32;!_WIN32 && !ENABLE_MANAGEMENT && 1;endif;4185;4185
src/openvpn/manage.c;1;!ENABLE_MANAGEMENT;!ENABLE_MANAGEMENT && 1;artifact;4186;4187
src/openvpn/manage.c;1;!ENABLE_MANAGEMENT;!ENABLE_MANAGEMENT && 1;endif;4188;4188
src/openvpn/manage.c;1;1;1;artifact;4189;4189
src/openvpn/manage.h;1;1;1;ROOT;1;568
src/openvpn/manage.h;1;1;1;artifact;1;23
src/openvpn/manage.h;1;!MANAGE_H;1 && !MANAGE_H;if;24;24
src/openvpn/manage.h;1;!MANAGE_H;1 && !MANAGE_H;artifact;25;47
src/openvpn/manage.h;1;ENABLE_MANAGEMENT;1 && !MANAGE_H && ENABLE_MANAGEMENT;if;48;48
src/openvpn/manage.h;1;ENABLE_MANAGEMENT;1 && !MANAGE_H && ENABLE_MANAGEMENT;artifact;49;202
src/openvpn/manage.h;1;TARGET_ANDROID;1 && !MANAGE_H && ENABLE_MANAGEMENT && TARGET_ANDROID;if;203;203
src/openvpn/manage.h;1;TARGET_ANDROID;1 && !MANAGE_H && ENABLE_MANAGEMENT && TARGET_ANDROID;artifact;204;204
src/openvpn/manage.h;1;TARGET_ANDROID;1 && !MANAGE_H && ENABLE_MANAGEMENT && TARGET_ANDROID;endif;205;205
src/openvpn/manage.h;1;ENABLE_MANAGEMENT;1 && !MANAGE_H && ENABLE_MANAGEMENT;artifact;206;247
src/openvpn/manage.h;1;UNIX_SOCK_SUPPORT;1 && !MANAGE_H && ENABLE_MANAGEMENT && UNIX_SOCK_SUPPORT;if;248;248
src/openvpn/manage.h;1;UNIX_SOCK_SUPPORT;1 && !MANAGE_H && ENABLE_MANAGEMENT && UNIX_SOCK_SUPPORT;artifact;249;249
src/openvpn/manage.h;1;UNIX_SOCK_SUPPORT;1 && !MANAGE_H && ENABLE_MANAGEMENT && UNIX_SOCK_SUPPORT;endif;250;250
src/openvpn/manage.h;1;ENABLE_MANAGEMENT;1 && !MANAGE_H && ENABLE_MANAGEMENT;artifact;251;285
src/openvpn/manage.h;1;_WIN32;1 && !MANAGE_H && ENABLE_MANAGEMENT && _WIN32;if;286;286
src/openvpn/manage.h;1;_WIN32;1 && !MANAGE_H && ENABLE_MANAGEMENT && _WIN32;artifact;287;287
src/openvpn/manage.h;1;_WIN32;1 && !MANAGE_H && ENABLE_MANAGEMENT && _WIN32;endif;288;288
src/openvpn/manage.h;1;ENABLE_MANAGEMENT;1 && !MANAGE_H && ENABLE_MANAGEMENT;artifact;289;327
src/openvpn/manage.h;1;TARGET_ANDROID;1 && !MANAGE_H && ENABLE_MANAGEMENT && TARGET_ANDROID;if;328;328
src/openvpn/manage.h;1;TARGET_ANDROID;1 && !MANAGE_H && ENABLE_MANAGEMENT && TARGET_ANDROID;artifact;329;330
src/openvpn/manage.h;1;TARGET_ANDROID;1 && !MANAGE_H && ENABLE_MANAGEMENT && TARGET_ANDROID;endif;331;331
src/openvpn/manage.h;1;ENABLE_MANAGEMENT;1 && !MANAGE_H && ENABLE_MANAGEMENT;artifact;332;383
src/openvpn/manage.h;1;TARGET_ANDROID;1 && !MANAGE_H && ENABLE_MANAGEMENT && TARGET_ANDROID;if;384;384
src/openvpn/manage.h;1;TARGET_ANDROID;1 && !MANAGE_H && ENABLE_MANAGEMENT && TARGET_ANDROID;artifact;385;390
src/openvpn/manage.h;1;TARGET_ANDROID;1 && !MANAGE_H && ENABLE_MANAGEMENT && TARGET_ANDROID;endif;391;391
src/openvpn/manage.h;1;ENABLE_MANAGEMENT;1 && !MANAGE_H && ENABLE_MANAGEMENT;artifact;392;557
src/openvpn/manage.h;1;ENABLE_MANAGEMENT;1 && !MANAGE_H && ENABLE_MANAGEMENT;endif;558;558
src/openvpn/manage.h;1;!MANAGE_H;1 && !MANAGE_H;artifact;559;565
src/openvpn/manage.h;1;!MANAGE_H;1 && !MANAGE_H;endif;566;566
src/openvpn/manage.h;1;1;1;artifact;567;567
src/openvpn/mbedtls_compat.h;1;1;1;ROOT;1;191
src/openvpn/mbedtls_compat.h;1;1;1;artifact;1;32
src/openvpn/mbedtls_compat.h;1;!MBEDTLS_COMPAT_H_;1 && !MBEDTLS_COMPAT_H_;if;33;33
src/openvpn/mbedtls_compat.h;1;!MBEDTLS_COMPAT_H_;1 && !MBEDTLS_COMPAT_H_;artifact;34;49
src/openvpn/mbedtls_compat.h;1;HAVE_MBEDTLS_PSA_CRYPTO_H;1 && !MBEDTLS_COMPAT_H_ && HAVE_MBEDTLS_PSA_CRYPTO_H;if;50;50
src/openvpn/mbedtls_compat.h;1;HAVE_MBEDTLS_PSA_CRYPTO_H;1 && !MBEDTLS_COMPAT_H_ && HAVE_MBEDTLS_PSA_CRYPTO_H;artifact;51;51
src/openvpn/mbedtls_compat.h;1;HAVE_MBEDTLS_PSA_CRYPTO_H;1 && !MBEDTLS_COMPAT_H_ && HAVE_MBEDTLS_PSA_CRYPTO_H;endif;52;52
src/openvpn/mbedtls_compat.h;1;!MBEDTLS_COMPAT_H_;1 && !MBEDTLS_COMPAT_H_;artifact;53;56
src/openvpn/mbedtls_compat.h;1;HAVE_MBEDTLS_PSA_CRYPTO_H && DEFINED___LB__MBEDTLS_PSA_CRYPTO_C__RB__;1 && !MBEDTLS_COMPAT_H_ && HAVE_MBEDTLS_PSA_CRYPTO_H && DEFINED___LB__MBEDTLS_PSA_CRYPTO_C__RB__;if;57;57
src/openvpn/mbedtls_compat.h;1;HAVE_MBEDTLS_PSA_CRYPTO_H && DEFINED___LB__MBEDTLS_PSA_CRYPTO_C__RB__;1 && !MBEDTLS_COMPAT_H_ && HAVE_MBEDTLS_PSA_CRYPTO_H && DEFINED___LB__MBEDTLS_PSA_CRYPTO_C__RB__;artifact;58;61
src/openvpn/mbedtls_compat.h;1;!HAVE_MBEDTLS_PSA_CRYPTO_H || !DEFINED___LB__MBEDTLS_PSA_CRYPTO_C__RB__;(!HAVE_MBEDTLS_PSA_CRYPTO_H || !DEFINED___LB__MBEDTLS_PSA_CRYPTO_C__RB__) && 1 && !MBEDTLS_COMPAT_H_;else;62;62
src/openvpn/mbedtls_compat.h;1;!HAVE_MBEDTLS_PSA_CRYPTO_H || !DEFINED___LB__MBEDTLS_PSA_CRYPTO_C__RB__;(!HAVE_MBEDTLS_PSA_CRYPTO_H || !DEFINED___LB__MBEDTLS_PSA_CRYPTO_C__RB__) && 1 && !MBEDTLS_COMPAT_H_;artifact;63;63
src/openvpn/mbedtls_compat.h;1;!HAVE_MBEDTLS_PSA_CRYPTO_H || !DEFINED___LB__MBEDTLS_PSA_CRYPTO_C__RB__;(!HAVE_MBEDTLS_PSA_CRYPTO_H || !DEFINED___LB__MBEDTLS_PSA_CRYPTO_C__RB__) && 1 && !MBEDTLS_COMPAT_H_;endif;64;64
src/openvpn/mbedtls_compat.h;1;!MBEDTLS_COMPAT_H_;1 && !MBEDTLS_COMPAT_H_;artifact;65;79
src/openvpn/mbedtls_compat.h;1;MBEDTLS_VERSION_NUMBER__GT__0x03000000;1 && !MBEDTLS_COMPAT_H_ && MBEDTLS_VERSION_NUMBER__GT__0x03000000;if;80;80
src/openvpn/mbedtls_compat.h;1;MBEDTLS_VERSION_NUMBER__GT__0x03000000;1 && !MBEDTLS_COMPAT_H_ && MBEDTLS_VERSION_NUMBER__GT__0x03000000;artifact;81;81
src/openvpn/mbedtls_compat.h;1;HAVE_MBEDTLS_CTR_DRBG_UPDATE_RET && !MBEDTLS_VERSION_NUMBER__GT__0x03000000;HAVE_MBEDTLS_CTR_DRBG_UPDATE_RET && !MBEDTLS_VERSION_NUMBER__GT__0x03000000 && 1 && !MBEDTLS_COMPAT_H_;elif;82;82
src/openvpn/mbedtls_compat.h;1;HAVE_MBEDTLS_CTR_DRBG_UPDATE_RET && !MBEDTLS_VERSION_NUMBER__GT__0x03000000;HAVE_MBEDTLS_CTR_DRBG_UPDATE_RET && !MBEDTLS_VERSION_NUMBER__GT__0x03000000 && 1 && !MBEDTLS_COMPAT_H_;artifact;83;83
src/openvpn/mbedtls_compat.h;1;!HAVE_MBEDTLS_CTR_DRBG_UPDATE_RET && !MBEDTLS_VERSION_NUMBER__GT__0x03000000;!HAVE_MBEDTLS_CTR_DRBG_UPDATE_RET && !MBEDTLS_VERSION_NUMBER__GT__0x03000000 && 1 && !MBEDTLS_COMPAT_H_;else;84;84
src/openvpn/mbedtls_compat.h;1;!HAVE_MBEDTLS_CTR_DRBG_UPDATE_RET && !MBEDTLS_VERSION_NUMBER__GT__0x03000000;!HAVE_MBEDTLS_CTR_DRBG_UPDATE_RET && !MBEDTLS_VERSION_NUMBER__GT__0x03000000 && 1 && !MBEDTLS_COMPAT_H_;artifact;85;86
src/openvpn/mbedtls_compat.h;1;!HAVE_MBEDTLS_CTR_DRBG_UPDATE_RET && !MBEDTLS_VERSION_NUMBER__GT__0x03000000;!HAVE_MBEDTLS_CTR_DRBG_UPDATE_RET && !MBEDTLS_VERSION_NUMBER__GT__0x03000000 && 1 && !MBEDTLS_COMPAT_H_;endif;87;87
src/openvpn/mbedtls_compat.h;1;!MBEDTLS_COMPAT_H_;1 && !MBEDTLS_COMPAT_H_;artifact;88;93
src/openvpn/mbedtls_compat.h;1;MBEDTLS_VERSION_NUMBER__LT__0x03020100;1 && !MBEDTLS_COMPAT_H_ && MBEDTLS_VERSION_NUMBER__LT__0x03020100;if;94;94
src/openvpn/mbedtls_compat.h;1;MBEDTLS_VERSION_NUMBER__LT__0x03020100;1 && !MBEDTLS_COMPAT_H_ && MBEDTLS_VERSION_NUMBER__LT__0x03020100;artifact;95;95
src/openvpn/mbedtls_compat.h;1;!MBEDTLS_VERSION_NUMBER__LT__0x03020100;!MBEDTLS_VERSION_NUMBER__LT__0x03020100 && 1 && !MBEDTLS_COMPAT_H_;else;96;96
src/openvpn/mbedtls_compat.h;1;!MBEDTLS_VERSION_NUMBER__LT__0x03020100;!MBEDTLS_VERSION_NUMBER__LT__0x03020100 && 1 && !MBEDTLS_COMPAT_H_;artifact;97;97
src/openvpn/mbedtls_compat.h;1;!MBEDTLS_VERSION_NUMBER__LT__0x03020100;!MBEDTLS_VERSION_NUMBER__LT__0x03020100 && 1 && !MBEDTLS_COMPAT_H_;endif;98;98
src/openvpn/mbedtls_compat.h;1;!MBEDTLS_COMPAT_H_;1 && !MBEDTLS_COMPAT_H_;artifact;99;106
src/openvpn/mbedtls_compat.h;1;MBEDTLS_VERSION_NUMBER__LT__0x03020100;1 && !MBEDTLS_COMPAT_H_ && MBEDTLS_VERSION_NUMBER__LT__0x03020100;if;107;107
src/openvpn/mbedtls_compat.h;1;MBEDTLS_VERSION_NUMBER__LT__0x03020100;1 && !MBEDTLS_COMPAT_H_ && MBEDTLS_VERSION_NUMBER__LT__0x03020100;artifact;108;108
src/openvpn/mbedtls_compat.h;1;!MBEDTLS_VERSION_NUMBER__LT__0x03020100;!MBEDTLS_VERSION_NUMBER__LT__0x03020100 && 1 && !MBEDTLS_COMPAT_H_;else;109;109
src/openvpn/mbedtls_compat.h;1;!MBEDTLS_VERSION_NUMBER__LT__0x03020100;!MBEDTLS_VERSION_NUMBER__LT__0x03020100 && 1 && !MBEDTLS_COMPAT_H_;artifact;110;110
src/openvpn/mbedtls_compat.h;1;!MBEDTLS_VERSION_NUMBER__LT__0x03020100;!MBEDTLS_VERSION_NUMBER__LT__0x03020100 && 1 && !MBEDTLS_COMPAT_H_;endif;111;111
src/openvpn/mbedtls_compat.h;1;!MBEDTLS_COMPAT_H_;1 && !MBEDTLS_COMPAT_H_;artifact;112;118
src/openvpn/mbedtls_compat.h;1;MBEDTLS_VERSION_NUMBER__LT__0x03020100;1 && !MBEDTLS_COMPAT_H_ && MBEDTLS_VERSION_NUMBER__LT__0x03020100;if;119;119
src/openvpn/mbedtls_compat.h;1;MBEDTLS_VERSION_NUMBER__LT__0x03020100;1 && !MBEDTLS_COMPAT_H_ && MBEDTLS_VERSION_NUMBER__LT__0x03020100;artifact;120;120
src/openvpn/mbedtls_compat.h;1;!MBEDTLS_VERSION_NUMBER__LT__0x03020100;!MBEDTLS_VERSION_NUMBER__LT__0x03020100 && 1 && !MBEDTLS_COMPAT_H_;else;121;121
src/openvpn/mbedtls_compat.h;1;!MBEDTLS_VERSION_NUMBER__LT__0x03020100;!MBEDTLS_VERSION_NUMBER__LT__0x03020100 && 1 && !MBEDTLS_COMPAT_H_;artifact;122;122
src/openvpn/mbedtls_compat.h;1;!MBEDTLS_VERSION_NUMBER__LT__0x03020100;!MBEDTLS_VERSION_NUMBER__LT__0x03020100 && 1 && !MBEDTLS_COMPAT_H_;endif;123;123
src/openvpn/mbedtls_compat.h;1;!MBEDTLS_COMPAT_H_;1 && !MBEDTLS_COMPAT_H_;artifact;124;125
src/openvpn/mbedtls_compat.h;1;MBEDTLS_VERSION_NUMBER__LT__0x03020100;1 && !MBEDTLS_COMPAT_H_ && MBEDTLS_VERSION_NUMBER__LT__0x03020100;if;126;126
src/openvpn/mbedtls_compat.h;1;MBEDTLS_VERSION_NUMBER__LT__0x03020100;1 && !MBEDTLS_COMPAT_H_ && MBEDTLS_VERSION_NUMBER__LT__0x03020100;artifact;127;186
src/openvpn/mbedtls_compat.h;1;MBEDTLS_VERSION_NUMBER__LT__0x03020100;1 && !MBEDTLS_COMPAT_H_ && MBEDTLS_VERSION_NUMBER__LT__0x03020100;endif;187;187
src/openvpn/mbedtls_compat.h;1;!MBEDTLS_COMPAT_H_;1 && !MBEDTLS_COMPAT_H_;artifact;188;188
src/openvpn/mbedtls_compat.h;1;!MBEDTLS_COMPAT_H_;1 && !MBEDTLS_COMPAT_H_;endif;189;189
src/openvpn/mbedtls_compat.h;1;1;1;artifact;190;190
src/openvpn/mbuf.c;1;1;1;ROOT;1;171
src/openvpn/mbuf.c;1;1;1;artifact;1;23
src/openvpn/mbuf.c;1;HAVE_CONFIG_H;1 && HAVE_CONFIG_H;if;24;24
src/openvpn/mbuf.c;1;HAVE_CONFIG_H;1 && HAVE_CONFIG_H;artifact;25;25
src/openvpn/mbuf.c;1;HAVE_CONFIG_H;1 && HAVE_CONFIG_H;endif;26;26
src/openvpn/mbuf.c;1;1;1;artifact;27;170
src/openvpn/mbuf.h;1;1;1;ROOT;1;114
src/openvpn/mbuf.h;1;1;1;artifact;1;23
src/openvpn/mbuf.h;1;!MBUF_H;1 && !MBUF_H;if;24;24
src/openvpn/mbuf.h;1;!MBUF_H;1 && !MBUF_H;artifact;25;111
src/openvpn/mbuf.h;1;!MBUF_H;1 && !MBUF_H;endif;112;112
src/openvpn/mbuf.h;1;1;1;artifact;113;113
src/openvpn/memdbg.h;1;1;1;ROOT;1;115
src/openvpn/memdbg.h;1;1;1;artifact;1;23
src/openvpn/memdbg.h;1;!MEMDBG_H;1 && !MEMDBG_H;if;24;24
src/openvpn/memdbg.h;1;!MEMDBG_H;1 && !MEMDBG_H;artifact;25;44
src/openvpn/memdbg.h;1;USE_VALGRIND;1 && !MEMDBG_H && USE_VALGRIND;if;45;45
src/openvpn/memdbg.h;1;USE_VALGRIND;1 && !MEMDBG_H && USE_VALGRIND;artifact;46;50
src/openvpn/memdbg.h;1;!USE_VALGRIND;!USE_VALGRIND && 1 && !MEMDBG_H;else;51;51
src/openvpn/memdbg.h;1;!USE_VALGRIND;!USE_VALGRIND && 1 && !MEMDBG_H;artifact;52;54
src/openvpn/memdbg.h;1;!USE_VALGRIND;!USE_VALGRIND && 1 && !MEMDBG_H;endif;55;55
src/openvpn/memdbg.h;1;!MEMDBG_H;1 && !MEMDBG_H;artifact;56;56
src/openvpn/memdbg.h;1;DMALLOC;1 && !MEMDBG_H && DMALLOC;if;57;57
src/openvpn/memdbg.h;1;DMALLOC;1 && !MEMDBG_H && DMALLOC;artifact;58;99
src/openvpn/memdbg.h;1;0;1 && !MEMDBG_H && DMALLOC && 0;if;100;100
src/openvpn/memdbg.h;1;0;1 && !MEMDBG_H && DMALLOC && 0;artifact;101;102
src/openvpn/memdbg.h;1;0;1 && !MEMDBG_H && DMALLOC && 0;endif;103;103
src/openvpn/memdbg.h;1;DMALLOC;1 && !MEMDBG_H && DMALLOC;artifact;104;104
src/openvpn/memdbg.h;1;DMALLOC;1 && !MEMDBG_H && DMALLOC;endif;105;105
src/openvpn/memdbg.h;1;!MEMDBG_H;1 && !MEMDBG_H;artifact;106;112
src/openvpn/memdbg.h;1;!MEMDBG_H;1 && !MEMDBG_H;endif;113;113
src/openvpn/memdbg.h;1;1;1;artifact;114;114
src/openvpn/misc.c;1;1;1;ROOT;1;783
src/openvpn/misc.c;1;1;1;artifact;1;25
src/openvpn/misc.c;1;HAVE_CONFIG_H;1 && HAVE_CONFIG_H;if;26;26
src/openvpn/misc.c;1;HAVE_CONFIG_H;1 && HAVE_CONFIG_H;artifact;27;27
src/openvpn/misc.c;1;HAVE_CONFIG_H;1 && HAVE_CONFIG_H;endif;28;28
src/openvpn/misc.c;1;1;1;artifact;29;47
src/openvpn/misc.c;1;ENABLE_IPROUTE;1 && ENABLE_IPROUTE;if;48;48
src/openvpn/misc.c;1;ENABLE_IPROUTE;1 && ENABLE_IPROUTE;artifact;49;49
src/openvpn/misc.c;1;ENABLE_IPROUTE;1 && ENABLE_IPROUTE;endif;50;50
src/openvpn/misc.c;1;1;1;artifact;51;57
src/openvpn/misc.c;1;DEFINED___LB__HAVE_DUP__RB__ && DEFINED___LB__HAVE_DUP2__RB__;1 && DEFINED___LB__HAVE_DUP__RB__ && DEFINED___LB__HAVE_DUP2__RB__;if;58;58
src/openvpn/misc.c;1;DEFINED___LB__HAVE_DUP__RB__ && DEFINED___LB__HAVE_DUP2__RB__;1 && DEFINED___LB__HAVE_DUP__RB__ && DEFINED___LB__HAVE_DUP2__RB__;artifact;59;72
src/openvpn/misc.c;1;DEFINED___LB__HAVE_DUP__RB__ && DEFINED___LB__HAVE_DUP2__RB__;1 && DEFINED___LB__HAVE_DUP__RB__ && DEFINED___LB__HAVE_DUP2__RB__;endif;73;73
src/openvpn/misc.c;1;1;1;artifact;74;96
src/openvpn/misc.c;1;ENABLE_MANAGEMENT;1 && ENABLE_MANAGEMENT;if;97;97
src/openvpn/misc.c;1;ENABLE_MANAGEMENT;1 && ENABLE_MANAGEMENT;artifact;98;203
src/openvpn/misc.c;1;ENABLE_MANAGEMENT;1 && ENABLE_MANAGEMENT;endif;204;204
src/openvpn/misc.c;1;1;1;artifact;205;230
src/openvpn/misc.c;1;ENABLE_MANAGEMENT;1 && ENABLE_MANAGEMENT;if;231;231
src/openvpn/misc.c;1;ENABLE_MANAGEMENT;1 && ENABLE_MANAGEMENT;artifact;232;245
src/openvpn/misc.c;1;ENABLE_MANAGEMENT;1 && ENABLE_MANAGEMENT;endif;246;246
src/openvpn/misc.c;1;1;1;artifact;247;327
src/openvpn/misc.c;1;DEFINED___LB__ENABLE_MANAGEMENT__RB__;1 && DEFINED___LB__ENABLE_MANAGEMENT__RB__;if;328;328
src/openvpn/misc.c;1;DEFINED___LB__ENABLE_MANAGEMENT__RB__;1 && DEFINED___LB__ENABLE_MANAGEMENT__RB__;artifact;329;339
src/openvpn/misc.c;1;DEFINED___LB__ENABLE_MANAGEMENT__RB__;1 && DEFINED___LB__ENABLE_MANAGEMENT__RB__;endif;340;340
src/openvpn/misc.c;1;1;1;artifact;341;363
src/openvpn/misc.c;1;ENABLE_MANAGEMENT;1 && ENABLE_MANAGEMENT;if;364;364
src/openvpn/misc.c;1;ENABLE_MANAGEMENT;1 && ENABLE_MANAGEMENT;artifact;365;390
src/openvpn/misc.c;1;ENABLE_MANAGEMENT;1 && ENABLE_MANAGEMENT;endif;391;391
src/openvpn/misc.c;1;1;1;artifact;392;424
src/openvpn/misc.c;1;ENABLE_MANAGEMENT;1 && ENABLE_MANAGEMENT;if;425;425
src/openvpn/misc.c;1;ENABLE_MANAGEMENT;1 && ENABLE_MANAGEMENT;artifact;426;452
src/openvpn/misc.c;1;ENABLE_MANAGEMENT;1 && ENABLE_MANAGEMENT;endif;453;453
src/openvpn/misc.c;1;1;1;artifact;454;462
src/openvpn/misc.c;1;0;1 && 0;if;463;463
src/openvpn/misc.c;1;0;1 && 0;artifact;464;464
src/openvpn/misc.c;1;0;1 && 0;endif;465;465
src/openvpn/misc.c;1;1;1;artifact;466;782
src/openvpn/misc.h;1;1;1;ROOT;1;221
src/openvpn/misc.h;1;1;1;artifact;1;23
src/openvpn/misc.h;1;!MISC_H;1 && !MISC_H;if;24;24
src/openvpn/misc.h;1;!MISC_H;1 && !MISC_H;artifact;25;64
src/openvpn/misc.h;1;ENABLE_PKCS11;1 && !MISC_H && ENABLE_PKCS11;if;65;65
src/openvpn/misc.h;1;ENABLE_PKCS11;1 && !MISC_H && ENABLE_PKCS11;artifact;66;66
src/openvpn/misc.h;1;!ENABLE_PKCS11;!ENABLE_PKCS11 && 1 && !MISC_H;else;67;67
src/openvpn/misc.h;1;!ENABLE_PKCS11;!ENABLE_PKCS11 && 1 && !MISC_H;artifact;68;68
src/openvpn/misc.h;1;!ENABLE_PKCS11;!ENABLE_PKCS11 && 1 && !MISC_H;endif;69;69
src/openvpn/misc.h;1;!MISC_H;1 && !MISC_H;artifact;70;74
src/openvpn/misc.h;1;ENABLE_MANAGEMENT;1 && !MISC_H && ENABLE_MANAGEMENT;if;75;75
src/openvpn/misc.h;1;ENABLE_MANAGEMENT;1 && !MISC_H && ENABLE_MANAGEMENT;artifact;76;98
src/openvpn/misc.h;1;!ENABLE_MANAGEMENT;!ENABLE_MANAGEMENT && 1 && !MISC_H;else;99;99
src/openvpn/misc.h;1;!ENABLE_MANAGEMENT;!ENABLE_MANAGEMENT && 1 && !MISC_H;artifact;100;101
src/openvpn/misc.h;1;!ENABLE_MANAGEMENT;!ENABLE_MANAGEMENT && 1 && !MISC_H;endif;102;102
src/openvpn/misc.h;1;!MISC_H;1 && !MISC_H;artifact;103;193
src/openvpn/misc.h;1;ENABLE_IPROUTE;1 && !MISC_H && ENABLE_IPROUTE;if;194;194
src/openvpn/misc.h;1;ENABLE_IPROUTE;1 && !MISC_H && ENABLE_IPROUTE;artifact;195;195
src/openvpn/misc.h;1;ENABLE_IPROUTE;1 && !MISC_H && ENABLE_IPROUTE;endif;196;196
src/openvpn/misc.h;1;!MISC_H;1 && !MISC_H;artifact;197;218
src/openvpn/misc.h;1;!MISC_H;1 && !MISC_H;endif;219;219
src/openvpn/misc.h;1;1;1;artifact;220;220
src/openvpn/mroute.c;1;1;1;ROOT;1;545
src/openvpn/mroute.c;1;1;1;artifact;1;23
src/openvpn/mroute.c;1;HAVE_CONFIG_H;1 && HAVE_CONFIG_H;if;24;24
src/openvpn/mroute.c;1;HAVE_CONFIG_H;1 && HAVE_CONFIG_H;artifact;25;25
src/openvpn/mroute.c;1;HAVE_CONFIG_H;1 && HAVE_CONFIG_H;endif;26;26
src/openvpn/mroute.c;1;1;1;artifact;27;186
src/openvpn/mroute.c;1;0;1 && 0;if;187;187
src/openvpn/mroute.c;1;0;1 && 0;artifact;188;192
src/openvpn/mroute.c;1;0;1 && 0;endif;193;193
src/openvpn/mroute.c;1;1;1;artifact;194;491
src/openvpn/mroute.c;1;ENABLE_DEBUG;1 && ENABLE_DEBUG;if;492;492
src/openvpn/mroute.c;1;ENABLE_DEBUG;1 && ENABLE_DEBUG;artifact;493;504
src/openvpn/mroute.c;1;ENABLE_DEBUG;1 && ENABLE_DEBUG;endif;505;505
src/openvpn/mroute.c;1;1;1;artifact;506;544
src/openvpn/mroute.h;1;1;1;ROOT;1;269
src/openvpn/mroute.h;1;1;1;artifact;1;23
src/openvpn/mroute.h;1;!MROUTE_H;1 && !MROUTE_H;if;24;24
src/openvpn/mroute.h;1;!MROUTE_H;1 && !MROUTE_H;artifact;25;99
src/openvpn/mroute.h;1;!HAVE_ANONYMOUS_UNION_SUPPORT;1 && !MROUTE_H && !HAVE_ANONYMOUS_UNION_SUPPORT;if;100;100
src/openvpn/mroute.h;1;!HAVE_ANONYMOUS_UNION_SUPPORT;1 && !MROUTE_H && !HAVE_ANONYMOUS_UNION_SUPPORT;artifact;101;107
src/openvpn/mroute.h;1;!HAVE_ANONYMOUS_UNION_SUPPORT;1 && !MROUTE_H && !HAVE_ANONYMOUS_UNION_SUPPORT;endif;108;108
src/openvpn/mroute.h;1;!MROUTE_H;1 && !MROUTE_H;artifact;109;266
src/openvpn/mroute.h;1;!MROUTE_H;1 && !MROUTE_H;endif;267;267
src/openvpn/mroute.h;1;1;1;artifact;268;268
src/openvpn/mss.c;1;1;1;ROOT;1;395
src/openvpn/mss.c;1;1;1;artifact;1;23
src/openvpn/mss.c;1;HAVE_CONFIG_H;1 && HAVE_CONFIG_H;if;24;24
src/openvpn/mss.c;1;HAVE_CONFIG_H;1 && HAVE_CONFIG_H;artifact;25;25
src/openvpn/mss.c;1;HAVE_CONFIG_H;1 && HAVE_CONFIG_H;endif;26;26
src/openvpn/mss.c;1;1;1;artifact;27;259
src/openvpn/mss.c;1;DEFINED___LB__ENABLE_FRAGMENT__RB__;1 && DEFINED___LB__ENABLE_FRAGMENT__RB__;if;260;260
src/openvpn/mss.c;1;DEFINED___LB__ENABLE_FRAGMENT__RB__;1 && DEFINED___LB__ENABLE_FRAGMENT__RB__;artifact;261;282
src/openvpn/mss.c;1;DEFINED___LB__ENABLE_FRAGMENT__RB__;1 && DEFINED___LB__ENABLE_FRAGMENT__RB__;endif;283;283
src/openvpn/mss.c;1;1;1;artifact;284;378
src/openvpn/mss.c;1;DEFINED___LB__ENABLE_FRAGMENT__RB__;1 && DEFINED___LB__ENABLE_FRAGMENT__RB__;if;379;379
src/openvpn/mss.c;1;DEFINED___LB__ENABLE_FRAGMENT__RB__;1 && DEFINED___LB__ENABLE_FRAGMENT__RB__;artifact;380;391
src/openvpn/mss.c;1;DEFINED___LB__ENABLE_FRAGMENT__RB__;1 && DEFINED___LB__ENABLE_FRAGMENT__RB__;endif;392;392
src/openvpn/mss.c;1;1;1;artifact;393;394
src/openvpn/mss.h;1;1;1;ROOT;1;52
src/openvpn/mss.h;1;1;1;artifact;1;23
src/openvpn/mss.h;1;!MSS_H;1 && !MSS_H;if;24;24
src/openvpn/mss.h;1;!MSS_H;1 && !MSS_H;artifact;25;49
src/openvpn/mss.h;1;!MSS_H;1 && !MSS_H;endif;50;50
src/openvpn/mss.h;1;1;1;artifact;51;51
src/openvpn/mstats.c;1;1;1;ROOT;1;127
src/openvpn/mstats.c;1;1;1;artifact;1;27
src/openvpn/mstats.c;1;HAVE_CONFIG_H;1 && HAVE_CONFIG_H;if;28;28
src/openvpn/mstats.c;1;HAVE_CONFIG_H;1 && HAVE_CONFIG_H;artifact;29;29
src/openvpn/mstats.c;1;HAVE_CONFIG_H;1 && HAVE_CONFIG_H;endif;30;30
src/openvpn/mstats.c;1;1;1;artifact;31;33
src/openvpn/mstats.c;1;DEFINED___LB__ENABLE_MEMSTATS__RB__;1 && DEFINED___LB__ENABLE_MEMSTATS__RB__;if;34;34
src/openvpn/mstats.c;1;DEFINED___LB__ENABLE_MEMSTATS__RB__;1 && DEFINED___LB__ENABLE_MEMSTATS__RB__;artifact;35;124
src/openvpn/mstats.c;1;DEFINED___LB__ENABLE_MEMSTATS__RB__;1 && DEFINED___LB__ENABLE_MEMSTATS__RB__;endif;125;125
src/openvpn/mstats.c;1;1;1;artifact;126;126
src/openvpn/mstats.h;1;1;1;ROOT;1;53
src/openvpn/mstats.h;1;1;1;artifact;1;27
src/openvpn/mstats.h;1;!DEFINED___LB__OPENVPN_MEMSTATS_H__RB__ && DEFINED___LB__ENABLE_MEMSTATS__RB__;1 && !DEFINED___LB__OPENVPN_MEMSTATS_H__RB__ && DEFINED___LB__ENABLE_MEMSTATS__RB__;if;28;28
src/openvpn/mstats.h;1;!DEFINED___LB__OPENVPN_MEMSTATS_H__RB__ && DEFINED___LB__ENABLE_MEMSTATS__RB__;1 && !DEFINED___LB__OPENVPN_MEMSTATS_H__RB__ && DEFINED___LB__ENABLE_MEMSTATS__RB__;artifact;29;50
src/openvpn/mstats.h;1;!DEFINED___LB__OPENVPN_MEMSTATS_H__RB__ && DEFINED___LB__ENABLE_MEMSTATS__RB__;1 && !DEFINED___LB__OPENVPN_MEMSTATS_H__RB__ && DEFINED___LB__ENABLE_MEMSTATS__RB__;endif;51;51
src/openvpn/mstats.h;1;1;1;artifact;52;52
src/openvpn/mtcp.c;1;1;1;ROOT;1;868
src/openvpn/mtcp.c;1;1;1;artifact;1;23
src/openvpn/mtcp.c;1;HAVE_CONFIG_H;1 && HAVE_CONFIG_H;if;24;24
src/openvpn/mtcp.c;1;HAVE_CONFIG_H;1 && HAVE_CONFIG_H;artifact;25;25
src/openvpn/mtcp.c;1;HAVE_CONFIG_H;1 && HAVE_CONFIG_H;endif;26;26
src/openvpn/mtcp.c;1;1;1;artifact;27;34
src/openvpn/mtcp.c;1;HAVE_SYS_INOTIFY_H;1 && HAVE_SYS_INOTIFY_H;if;35;35
src/openvpn/mtcp.c;1;HAVE_SYS_INOTIFY_H;1 && HAVE_SYS_INOTIFY_H;artifact;36;36
src/openvpn/mtcp.c;1;HAVE_SYS_INOTIFY_H;1 && HAVE_SYS_INOTIFY_H;endif;37;37
src/openvpn/mtcp.c;1;1;1;artifact;38;73
src/openvpn/mtcp.c;1;ENABLE_DEBUG;1 && ENABLE_DEBUG;if;74;74
src/openvpn/mtcp.c;1;ENABLE_DEBUG;1 && ENABLE_DEBUG;artifact;75;116
src/openvpn/mtcp.c;1;ENABLE_DEBUG;1 && ENABLE_DEBUG;endif;117;117
src/openvpn/mtcp.c;1;1;1;artifact;118;153
src/openvpn/mtcp.c;1;ENABLE_DEBUG;1 && ENABLE_DEBUG;if;154;154
src/openvpn/mtcp.c;1;ENABLE_DEBUG;1 && ENABLE_DEBUG;artifact;155;162
src/openvpn/mtcp.c;1;ENABLE_DEBUG;1 && ENABLE_DEBUG;endif;163;163
src/openvpn/mtcp.c;1;1;1;artifact;164;268
src/openvpn/mtcp.c;1;_WIN32;1 && _WIN32;if;269;269
src/openvpn/mtcp.c;1;_WIN32;1 && _WIN32;artifact;270;281
src/openvpn/mtcp.c;1;_WIN32;1 && _WIN32;endif;282;282
src/openvpn/mtcp.c;1;1;1;artifact;283;283
src/openvpn/mtcp.c;1;DEFINED___LB__TARGET_LINUX__RB__ || DEFINED___LB__TARGET_FREEBSD__RB__;1 && (DEFINED___LB__TARGET_LINUX__RB__ || DEFINED___LB__TARGET_FREEBSD__RB__);if;284;284
src/openvpn/mtcp.c;1;DEFINED___LB__TARGET_LINUX__RB__ || DEFINED___LB__TARGET_FREEBSD__RB__;1 && (DEFINED___LB__TARGET_LINUX__RB__ || DEFINED___LB__TARGET_FREEBSD__RB__);artifact;285;285
src/openvpn/mtcp.c;1;DEFINED___LB__TARGET_LINUX__RB__ || DEFINED___LB__TARGET_FREEBSD__RB__;1 && (DEFINED___LB__TARGET_LINUX__RB__ || DEFINED___LB__TARGET_FREEBSD__RB__);endif;286;286
src/openvpn/mtcp.c;1;1;1;artifact;287;287
src/openvpn/mtcp.c;1;ENABLE_MANAGEMENT;1 && ENABLE_MANAGEMENT;if;288;288
src/openvpn/mtcp.c;1;ENABLE_MANAGEMENT;1 && ENABLE_MANAGEMENT;artifact;289;292
src/openvpn/mtcp.c;1;ENABLE_MANAGEMENT;1 && ENABLE_MANAGEMENT;endif;293;293
src/openvpn/mtcp.c;1;1;1;artifact;294;294
src/openvpn/mtcp.c;1;ENABLE_ASYNC_PUSH;1 && ENABLE_ASYNC_PUSH;if;295;295
src/openvpn/mtcp.c;1;ENABLE_ASYNC_PUSH;1 && ENABLE_ASYNC_PUSH;artifact;296;297
src/openvpn/mtcp.c;1;ENABLE_ASYNC_PUSH;1 && ENABLE_ASYNC_PUSH;endif;298;298
src/openvpn/mtcp.c;1;1;1;artifact;299;713
src/openvpn/mtcp.c;1;ENABLE_MANAGEMENT;1 && ENABLE_MANAGEMENT;if;714;714
src/openvpn/mtcp.c;1;ENABLE_MANAGEMENT;1 && ENABLE_MANAGEMENT;artifact;715;720
src/openvpn/mtcp.c;1;ENABLE_MANAGEMENT;1 && ENABLE_MANAGEMENT;endif;721;721
src/openvpn/mtcp.c;1;1;1;artifact;722;745
src/openvpn/mtcp.c;1;DEFINED___LB__ENABLE_DCO__RB__ && (DEFINED___LB__TARGET_LINUX__RB__ || DEFINED___LB__TARGET_FREEBSD__RB__);1 && DEFINED___LB__ENABLE_DCO__RB__ && (DEFINED___LB__TARGET_LINUX__RB__ || DEFINED___LB__TARGET_FREEBSD__RB__);if;746;746
src/openvpn/mtcp.c;1;DEFINED___LB__ENABLE_DCO__RB__ && (DEFINED___LB__TARGET_LINUX__RB__ || DEFINED___LB__TARGET_FREEBSD__RB__);1 && DEFINED___LB__ENABLE_DCO__RB__ && (DEFINED___LB__TARGET_LINUX__RB__ || DEFINED___LB__TARGET_FREEBSD__RB__);artifact;747;751
src/openvpn/mtcp.c;1;DEFINED___LB__ENABLE_DCO__RB__ && (DEFINED___LB__TARGET_LINUX__RB__ || DEFINED___LB__TARGET_FREEBSD__RB__);1 && DEFINED___LB__ENABLE_DCO__RB__ && (DEFINED___LB__TARGET_LINUX__RB__ || DEFINED___LB__TARGET_FREEBSD__RB__);endif;752;752
src/openvpn/mtcp.c;1;1;1;artifact;753;757
src/openvpn/mtcp.c;1;ENABLE_ASYNC_PUSH;1 && ENABLE_ASYNC_PUSH;if;758;758
src/openvpn/mtcp.c;1;ENABLE_ASYNC_PUSH;1 && ENABLE_ASYNC_PUSH;artifact;759;762
src/openvpn/mtcp.c;1;ENABLE_ASYNC_PUSH;1 && ENABLE_ASYNC_PUSH;endif;763;763
src/openvpn/mtcp.c;1;1;1;artifact;764;815
src/openvpn/mtcp.c;1;ENABLE_ASYNC_PUSH;1 && ENABLE_ASYNC_PUSH;if;816;816
src/openvpn/mtcp.c;1;ENABLE_ASYNC_PUSH;1 && ENABLE_ASYNC_PUSH;artifact;817;821
src/openvpn/mtcp.c;1;ENABLE_ASYNC_PUSH;1 && ENABLE_ASYNC_PUSH;endif;822;822
src/openvpn/mtcp.c;1;1;1;artifact;823;851
src/openvpn/mtcp.c;1;ENABLE_ASYNC_PUSH;1 && ENABLE_ASYNC_PUSH;if;852;852
src/openvpn/mtcp.c;1;ENABLE_ASYNC_PUSH;1 && ENABLE_ASYNC_PUSH;artifact;853;853
src/openvpn/mtcp.c;1;ENABLE_ASYNC_PUSH;1 && ENABLE_ASYNC_PUSH;endif;854;854
src/openvpn/mtcp.c;1;1;1;artifact;855;867
src/openvpn/mtcp.h;1;1;1;ROOT;1;78
src/openvpn/mtcp.h;1;1;1;artifact;1;27
src/openvpn/mtcp.h;1;!MTCP_H;1 && !MTCP_H;if;28;28
src/openvpn/mtcp.h;1;!MTCP_H;1 && !MTCP_H;artifact;29;42
src/openvpn/mtcp.h;1;ENABLE_MANAGEMENT;1 && !MTCP_H && ENABLE_MANAGEMENT;if;43;43
src/openvpn/mtcp.h;1;ENABLE_MANAGEMENT;1 && !MTCP_H && ENABLE_MANAGEMENT;artifact;44;44
src/openvpn/mtcp.h;1;ENABLE_MANAGEMENT;1 && !MTCP_H && ENABLE_MANAGEMENT;endif;45;45
src/openvpn/mtcp.h;1;!MTCP_H;1 && !MTCP_H;artifact;46;75
src/openvpn/mtcp.h;1;!MTCP_H;1 && !MTCP_H;endif;76;76
src/openvpn/mtcp.h;1;1;1;artifact;77;77
src/openvpn/mtu.c;1;1;1;ROOT;1;427
src/openvpn/mtu.c;1;1;1;artifact;1;23
src/openvpn/mtu.c;1;HAVE_CONFIG_H;1 && HAVE_CONFIG_H;if;24;24
src/openvpn/mtu.c;1;HAVE_CONFIG_H;1 && HAVE_CONFIG_H;artifact;25;25
src/openvpn/mtu.c;1;HAVE_CONFIG_H;1 && HAVE_CONFIG_H;endif;26;26
src/openvpn/mtu.c;1;1;1;artifact;27;111
src/openvpn/mtu.c;1;DEFINED___LB__USE_COMP__RB__;1 && DEFINED___LB__USE_COMP__RB__;if;112;112
src/openvpn/mtu.c;1;DEFINED___LB__USE_COMP__RB__;1 && DEFINED___LB__USE_COMP__RB__;artifact;113;120
src/openvpn/mtu.c;1;DEFINED___LB__USE_COMP__RB__;1 && DEFINED___LB__USE_COMP__RB__;endif;121;121
src/openvpn/mtu.c;1;DEFINED___LB__ENABLE_FRAGMENT__RB__;1 && DEFINED___LB__ENABLE_FRAGMENT__RB__;if;122;122
src/openvpn/mtu.c;1;DEFINED___LB__ENABLE_FRAGMENT__RB__;1 && DEFINED___LB__ENABLE_FRAGMENT__RB__;artifact;123;127
src/openvpn/mtu.c;1;DEFINED___LB__ENABLE_FRAGMENT__RB__;1 && DEFINED___LB__ENABLE_FRAGMENT__RB__;endif;128;128
src/openvpn/mtu.c;1;1;1;artifact;129;206
src/openvpn/mtu.c;1;ENABLE_FRAGMENT;1 && ENABLE_FRAGMENT;if;207;207
src/openvpn/mtu.c;1;ENABLE_FRAGMENT;1 && ENABLE_FRAGMENT;artifact;208;208
src/openvpn/mtu.c;1;ENABLE_FRAGMENT;1 && ENABLE_FRAGMENT;endif;209;209
src/openvpn/mtu.c;1;1;1;artifact;210;230
src/openvpn/mtu.c;1;DEFINED___LB__IP_MTU_DISCOVER__RB__;1 && DEFINED___LB__IP_MTU_DISCOVER__RB__;if;231;231
src/openvpn/mtu.c;1;DEFINED___LB__IP_MTU_DISCOVER__RB__;1 && DEFINED___LB__IP_MTU_DISCOVER__RB__;artifact;232;240
src/openvpn/mtu.c;1;DEFINED___LB__IP_MTU_DISCOVER__RB__;1 && DEFINED___LB__IP_MTU_DISCOVER__RB__;endif;241;241
src/openvpn/mtu.c;1;DEFINED___LB__IPV6_MTU_DISCOVER__RB__;1 && DEFINED___LB__IPV6_MTU_DISCOVER__RB__;if;242;242
src/openvpn/mtu.c;1;DEFINED___LB__IPV6_MTU_DISCOVER__RB__;1 && DEFINED___LB__IPV6_MTU_DISCOVER__RB__;artifact;243;251
src/openvpn/mtu.c;1;DEFINED___LB__IPV6_MTU_DISCOVER__RB__;1 && DEFINED___LB__IPV6_MTU_DISCOVER__RB__;endif;252;252
src/openvpn/mtu.c;1;1;1;artifact;253;262
src/openvpn/mtu.c;1;DEFINED___LB__IP_PMTUDISC_DONT__RB__ && DEFINED___LB__IP_PMTUDISC_WANT__RB__ && DEFINED___LB__IP_PMTUDISC_DO__RB__;1 && DEFINED___LB__IP_PMTUDISC_DONT__RB__ && DEFINED___LB__IP_PMTUDISC_WANT__RB__ && DEFINED___LB__IP_PMTUDISC_DO__RB__;if;263;263
src/openvpn/mtu.c;1;DEFINED___LB__IP_PMTUDISC_DONT__RB__ && DEFINED___LB__IP_PMTUDISC_WANT__RB__ && DEFINED___LB__IP_PMTUDISC_DO__RB__;1 && DEFINED___LB__IP_PMTUDISC_DONT__RB__ && DEFINED___LB__IP_PMTUDISC_WANT__RB__ && DEFINED___LB__IP_PMTUDISC_DO__RB__;artifact;264;278
src/openvpn/mtu.c;1;!DEFINED___LB__IP_PMTUDISC_DONT__RB__ || !DEFINED___LB__IP_PMTUDISC_WANT__RB__ || !DEFINED___LB__IP_PMTUDISC_DO__RB__;(!DEFINED___LB__IP_PMTUDISC_DONT__RB__ || !DEFINED___LB__IP_PMTUDISC_WANT__RB__ || !DEFINED___LB__IP_PMTUDISC_DO__RB__) && 1;else;279;279
src/openvpn/mtu.c;1;!DEFINED___LB__IP_PMTUDISC_DONT__RB__ || !DEFINED___LB__IP_PMTUDISC_WANT__RB__ || !DEFINED___LB__IP_PMTUDISC_DO__RB__;(!DEFINED___LB__IP_PMTUDISC_DONT__RB__ || !DEFINED___LB__IP_PMTUDISC_WANT__RB__ || !DEFINED___LB__IP_PMTUDISC_DO__RB__) && 1;artifact;280;280
src/openvpn/mtu.c;1;!DEFINED___LB__IP_PMTUDISC_DONT__RB__ || !DEFINED___LB__IP_PMTUDISC_WANT__RB__ || !DEFINED___LB__IP_PMTUDISC_DO__RB__;(!DEFINED___LB__IP_PMTUDISC_DONT__RB__ || !DEFINED___LB__IP_PMTUDISC_WANT__RB__ || !DEFINED___LB__IP_PMTUDISC_DO__RB__) && 1;endif;281;281
src/openvpn/mtu.c;1;1;1;artifact;282;284
src/openvpn/mtu.c;1;EXTENDED_SOCKET_ERROR_CAPABILITY;1 && EXTENDED_SOCKET_ERROR_CAPABILITY;if;285;285
src/openvpn/mtu.c;1;EXTENDED_SOCKET_ERROR_CAPABILITY;1 && EXTENDED_SOCKET_ERROR_CAPABILITY;artifact;286;424
src/openvpn/mtu.c;1;EXTENDED_SOCKET_ERROR_CAPABILITY;1 && EXTENDED_SOCKET_ERROR_CAPABILITY;endif;425;425
src/openvpn/mtu.c;1;1;1;artifact;426;426
src/openvpn/mtu.h;1;1;1;ROOT;1;286
src/openvpn/mtu.h;1;1;1;artifact;1;23
src/openvpn/mtu.h;1;!MTU_H;1 && !MTU_H;if;24;24
src/openvpn/mtu.h;1;!MTU_H;1 && !MTU_H;artifact;25;275
src/openvpn/mtu.h;1;EXTENDED_SOCKET_ERROR_CAPABILITY;1 && !MTU_H && EXTENDED_SOCKET_ERROR_CAPABILITY;if;276;276
src/openvpn/mtu.h;1;EXTENDED_SOCKET_ERROR_CAPABILITY;1 && !MTU_H && EXTENDED_SOCKET_ERROR_CAPABILITY;artifact;277;281
src/openvpn/mtu.h;1;EXTENDED_SOCKET_ERROR_CAPABILITY;1 && !MTU_H && EXTENDED_SOCKET_ERROR_CAPABILITY;endif;282;282
src/openvpn/mtu.h;1;!MTU_H;1 && !MTU_H;artifact;283;283
src/openvpn/mtu.h;1;!MTU_H;1 && !MTU_H;endif;284;284
src/openvpn/mtu.h;1;1;1;artifact;285;285
src/openvpn/mudp.c;1;1;1;ROOT;1;540
src/openvpn/mudp.c;1;1;1;artifact;1;23
src/openvpn/mudp.c;1;HAVE_CONFIG_H;1 && HAVE_CONFIG_H;if;24;24
src/openvpn/mudp.c;1;HAVE_CONFIG_H;1 && HAVE_CONFIG_H;artifact;25;25
src/openvpn/mudp.c;1;HAVE_CONFIG_H;1 && HAVE_CONFIG_H;endif;26;26
src/openvpn/mudp.c;1;1;1;artifact;27;36
src/openvpn/mudp.c;1;HAVE_SYS_INOTIFY_H;1 && HAVE_SYS_INOTIFY_H;if;37;37
src/openvpn/mudp.c;1;HAVE_SYS_INOTIFY_H;1 && HAVE_SYS_INOTIFY_H;artifact;38;38
src/openvpn/mudp.c;1;HAVE_SYS_INOTIFY_H;1 && HAVE_SYS_INOTIFY_H;endif;39;39
src/openvpn/mudp.c;1;1;1;artifact;40;286
src/openvpn/mudp.c;1;ENABLE_DEBUG;1 && ENABLE_DEBUG;if;287;287
src/openvpn/mudp.c;1;ENABLE_DEBUG;1 && ENABLE_DEBUG;artifact;288;295
src/openvpn/mudp.c;1;ENABLE_DEBUG;1 && ENABLE_DEBUG;endif;296;296
src/openvpn/mudp.c;1;1;1;artifact;297;335
src/openvpn/mudp.c;1;MULTI_DEBUG_EVENT_LOOP;1 && MULTI_DEBUG_EVENT_LOOP;if;336;336
src/openvpn/mudp.c;1;MULTI_DEBUG_EVENT_LOOP;1 && MULTI_DEBUG_EVENT_LOOP;artifact;337;359
src/openvpn/mudp.c;1;MULTI_DEBUG_EVENT_LOOP;1 && MULTI_DEBUG_EVENT_LOOP;endif;360;360
src/openvpn/mudp.c;1;1;1;artifact;361;361
src/openvpn/mudp.c;1;ENABLE_MANAGEMENT;1 && ENABLE_MANAGEMENT;if;362;362
src/openvpn/mudp.c;1;ENABLE_MANAGEMENT;1 && ENABLE_MANAGEMENT;artifact;363;367
src/openvpn/mudp.c;1;ENABLE_MANAGEMENT;1 && ENABLE_MANAGEMENT;endif;368;368
src/openvpn/mudp.c;1;1;1;artifact;369;397
src/openvpn/mudp.c;1;ENABLE_ASYNC_PUSH;1 && ENABLE_ASYNC_PUSH;if;398;398
src/openvpn/mudp.c;1;ENABLE_ASYNC_PUSH;1 && ENABLE_ASYNC_PUSH;artifact;399;403
src/openvpn/mudp.c;1;ENABLE_ASYNC_PUSH;1 && ENABLE_ASYNC_PUSH;endif;404;404
src/openvpn/mudp.c;1;DEFINED___LB__ENABLE_DCO__RB__ && (DEFINED___LB__TARGET_LINUX__RB__ || DEFINED___LB__TARGET_FREEBSD__RB__);1 && DEFINED___LB__ENABLE_DCO__RB__ && (DEFINED___LB__TARGET_LINUX__RB__ || DEFINED___LB__TARGET_FREEBSD__RB__);if;405;405
src/openvpn/mudp.c;1;DEFINED___LB__ENABLE_DCO__RB__ && (DEFINED___LB__TARGET_LINUX__RB__ || DEFINED___LB__TARGET_FREEBSD__RB__);1 && DEFINED___LB__ENABLE_DCO__RB__ && (DEFINED___LB__TARGET_LINUX__RB__ || DEFINED___LB__TARGET_FREEBSD__RB__);artifact;406;416
src/openvpn/mudp.c;1;DEFINED___LB__ENABLE_DCO__RB__ && (DEFINED___LB__TARGET_LINUX__RB__ || DEFINED___LB__TARGET_FREEBSD__RB__);1 && DEFINED___LB__ENABLE_DCO__RB__ && (DEFINED___LB__TARGET_LINUX__RB__ || DEFINED___LB__TARGET_FREEBSD__RB__);endif;417;417
src/openvpn/mudp.c;1;1;1;artifact;418;450
src/openvpn/mudp.c;1;_WIN32;1 && _WIN32;if;451;451
src/openvpn/mudp.c;1;_WIN32;1 && _WIN32;artifact;452;455
src/openvpn/mudp.c;1;_WIN32;1 && _WIN32;endif;456;456
src/openvpn/mudp.c;1;1;1;artifact;457;487
src/openvpn/mudp.c;1;ENABLE_ASYNC_PUSH;1 && ENABLE_ASYNC_PUSH;if;488;488
src/openvpn/mudp.c;1;ENABLE_ASYNC_PUSH;1 && ENABLE_ASYNC_PUSH;artifact;489;493
src/openvpn/mudp.c;1;ENABLE_ASYNC_PUSH;1 && ENABLE_ASYNC_PUSH;endif;494;494
src/openvpn/mudp.c;1;1;1;artifact;495;523
src/openvpn/mudp.c;1;ENABLE_ASYNC_PUSH;1 && ENABLE_ASYNC_PUSH;if;524;524
src/openvpn/mudp.c;1;ENABLE_ASYNC_PUSH;1 && ENABLE_ASYNC_PUSH;artifact;525;525
src/openvpn/mudp.c;1;ENABLE_ASYNC_PUSH;1 && ENABLE_ASYNC_PUSH;endif;526;526
src/openvpn/mudp.c;1;1;1;artifact;527;539
src/openvpn/mudp.h;1;1;1;ROOT;1;68
src/openvpn/mudp.h;1;1;1;artifact;1;27
src/openvpn/mudp.h;1;!MUDP_H;1 && !MUDP_H;if;28;28
src/openvpn/mudp.h;1;!MUDP_H;1 && !MUDP_H;artifact;29;65
src/openvpn/mudp.h;1;!MUDP_H;1 && !MUDP_H;endif;66;66
src/openvpn/mudp.h;1;1;1;artifact;67;67
src/openvpn/multi.c;1;1;1;ROOT;1;4183
src/openvpn/multi.c;1;1;1;artifact;1;23
src/openvpn/multi.c;1;HAVE_CONFIG_H;1 && HAVE_CONFIG_H;if;24;24
src/openvpn/multi.c;1;HAVE_CONFIG_H;1 && HAVE_CONFIG_H;artifact;25;25
src/openvpn/multi.c;1;HAVE_CONFIG_H;1 && HAVE_CONFIG_H;endif;26;26
src/openvpn/multi.c;1;1;1;artifact;27;27
src/openvpn/multi.c;1;HAVE_SYS_INOTIFY_H;1 && HAVE_SYS_INOTIFY_H;if;28;28
src/openvpn/multi.c;1;HAVE_SYS_INOTIFY_H;1 && HAVE_SYS_INOTIFY_H;artifact;29;30
src/openvpn/multi.c;1;HAVE_SYS_INOTIFY_H;1 && HAVE_SYS_INOTIFY_H;endif;31;31
src/openvpn/multi.c;1;1;1;artifact;32;56
src/openvpn/multi.c;1;MULTI_DEBUG_EVENT_LOOP;1 && MULTI_DEBUG_EVENT_LOOP;if;57;57
src/openvpn/multi.c;1;MULTI_DEBUG_EVENT_LOOP;1 && MULTI_DEBUG_EVENT_LOOP;artifact;58;69
src/openvpn/multi.c;1;MULTI_DEBUG_EVENT_LOOP;1 && MULTI_DEBUG_EVENT_LOOP;endif;70;70
src/openvpn/multi.c;1;1;1;artifact;71;71
src/openvpn/multi.c;1;ENABLE_MANAGEMENT;1 && ENABLE_MANAGEMENT;if;72;72
src/openvpn/multi.c;1;ENABLE_MANAGEMENT;1 && ENABLE_MANAGEMENT;artifact;73;78
src/openvpn/multi.c;1;ENABLE_MANAGEMENT;1 && ENABLE_MANAGEMENT;endif;79;79
src/openvpn/multi.c;1;1;1;artifact;80;83
src/openvpn/multi.c;1;ENABLE_MEMSTATS;1 && ENABLE_MEMSTATS;if;84;84
src/openvpn/multi.c;1;ENABLE_MEMSTATS;1 && ENABLE_MEMSTATS;artifact;85;88
src/openvpn/multi.c;1;ENABLE_MEMSTATS;1 && ENABLE_MEMSTATS;endif;89;89
src/openvpn/multi.c;1;1;1;artifact;90;251
src/openvpn/multi.c;1;ENABLE_MANAGEMENT;1 && ENABLE_MANAGEMENT;if;252;252
src/openvpn/multi.c;1;ENABLE_MANAGEMENT;1 && ENABLE_MANAGEMENT;artifact;253;268
src/openvpn/multi.c;1;ENABLE_MANAGEMENT;1 && ENABLE_MANAGEMENT;endif;269;269
src/openvpn/multi.c;1;1;1;artifact;270;270
src/openvpn/multi.c;1;ENABLE_ASYNC_PUSH;1 && ENABLE_ASYNC_PUSH;if;271;271
src/openvpn/multi.c;1;ENABLE_ASYNC_PUSH;1 && ENABLE_ASYNC_PUSH;artifact;272;285
src/openvpn/multi.c;1;ENABLE_ASYNC_PUSH;1 && ENABLE_ASYNC_PUSH;endif;286;286
src/openvpn/multi.c;1;1;1;artifact;287;339
src/openvpn/multi.c;1;ENABLE_MANAGEMENT;1 && ENABLE_MANAGEMENT;if;340;340
src/openvpn/multi.c;1;ENABLE_MANAGEMENT;1 && ENABLE_MANAGEMENT;artifact;341;344
src/openvpn/multi.c;1;ENABLE_MANAGEMENT;1 && ENABLE_MANAGEMENT;endif;345;345
src/openvpn/multi.c;1;1;1;artifact;346;346
src/openvpn/multi.c;1;ENABLE_ASYNC_PUSH;1 && ENABLE_ASYNC_PUSH;if;347;347
src/openvpn/multi.c;1;ENABLE_ASYNC_PUSH;1 && ENABLE_ASYNC_PUSH;artifact;348;355
src/openvpn/multi.c;1;ENABLE_ASYNC_PUSH;1 && ENABLE_ASYNC_PUSH;endif;356;356
src/openvpn/multi.c;1;1;1;artifact;357;592
src/openvpn/multi.c;1;ENABLE_MANAGEMENT;1 && ENABLE_MANAGEMENT;if;593;593
src/openvpn/multi.c;1;ENABLE_MANAGEMENT;1 && ENABLE_MANAGEMENT;artifact;594;597
src/openvpn/multi.c;1;ENABLE_MANAGEMENT;1 && ENABLE_MANAGEMENT;endif;598;598
src/openvpn/multi.c;1;1;1;artifact;599;637
src/openvpn/multi.c;1;ENABLE_MANAGEMENT;1 && ENABLE_MANAGEMENT;if;638;638
src/openvpn/multi.c;1;ENABLE_MANAGEMENT;1 && ENABLE_MANAGEMENT;artifact;639;642
src/openvpn/multi.c;1;ENABLE_MANAGEMENT;1 && ENABLE_MANAGEMENT;endif;643;643
src/openvpn/multi.c;1;1;1;artifact;644;644
src/openvpn/multi.c;1;ENABLE_ASYNC_PUSH;1 && ENABLE_ASYNC_PUSH;if;645;645
src/openvpn/multi.c;1;ENABLE_ASYNC_PUSH;1 && ENABLE_ASYNC_PUSH;artifact;646;650
src/openvpn/multi.c;1;ENABLE_ASYNC_PUSH;1 && ENABLE_ASYNC_PUSH;endif;651;651
src/openvpn/multi.c;1;1;1;artifact;652;675
src/openvpn/multi.c;1;ENABLE_MANAGEMENT;1 && ENABLE_MANAGEMENT;if;676;676
src/openvpn/multi.c;1;ENABLE_MANAGEMENT;1 && ENABLE_MANAGEMENT;artifact;677;677
src/openvpn/multi.c;1;ENABLE_MANAGEMENT;1 && ENABLE_MANAGEMENT;endif;678;678
src/openvpn/multi.c;1;1;1;artifact;679;725
src/openvpn/multi.c;1;ENABLE_MANAGEMENT;1 && ENABLE_MANAGEMENT;if;726;726
src/openvpn/multi.c;1;ENABLE_MANAGEMENT;1 && ENABLE_MANAGEMENT;artifact;727;727
src/openvpn/multi.c;1;ENABLE_MANAGEMENT;1 && ENABLE_MANAGEMENT;endif;728;728
src/openvpn/multi.c;1;1;1;artifact;729;732
src/openvpn/multi.c;1;ENABLE_ASYNC_PUSH;1 && ENABLE_ASYNC_PUSH;if;733;733
src/openvpn/multi.c;1;ENABLE_ASYNC_PUSH;1 && ENABLE_ASYNC_PUSH;artifact;734;735
src/openvpn/multi.c;1;ENABLE_ASYNC_PUSH;1 && ENABLE_ASYNC_PUSH;endif;736;736
src/openvpn/multi.c;1;1;1;artifact;737;806
src/openvpn/multi.c;1;ENABLE_MANAGEMENT;1 && ENABLE_MANAGEMENT;if;807;807
src/openvpn/multi.c;1;ENABLE_MANAGEMENT;1 && ENABLE_MANAGEMENT;artifact;808;812
src/openvpn/multi.c;1;ENABLE_MANAGEMENT;1 && ENABLE_MANAGEMENT;endif;813;813
src/openvpn/multi.c;1;1;1;artifact;814;815
src/openvpn/multi.c;1;ENABLE_ASYNC_PUSH;1 && ENABLE_ASYNC_PUSH;if;816;816
src/openvpn/multi.c;1;ENABLE_ASYNC_PUSH;1 && ENABLE_ASYNC_PUSH;artifact;817;817
src/openvpn/multi.c;1;ENABLE_ASYNC_PUSH;1 && ENABLE_ASYNC_PUSH;endif;818;818
src/openvpn/multi.c;1;1;1;artifact;819;942
src/openvpn/multi.c;1;ENABLE_MANAGEMENT;1 && ENABLE_MANAGEMENT;if;943;943
src/openvpn/multi.c;1;ENABLE_MANAGEMENT;1 && ENABLE_MANAGEMENT;artifact;944;944
src/openvpn/multi.c;1;!ENABLE_MANAGEMENT;!ENABLE_MANAGEMENT && 1;else;945;945
src/openvpn/multi.c;1;!ENABLE_MANAGEMENT;!ENABLE_MANAGEMENT && 1;artifact;946;946
src/openvpn/multi.c;1;!ENABLE_MANAGEMENT;!ENABLE_MANAGEMENT && 1;endif;947;947
src/openvpn/multi.c;1;1;1;artifact;948;957
src/openvpn/multi.c;1;ENABLE_MANAGEMENT;1 && ENABLE_MANAGEMENT;if;958;958
src/openvpn/multi.c;1;ENABLE_MANAGEMENT;1 && ENABLE_MANAGEMENT;artifact;959;959
src/openvpn/multi.c;1;!ENABLE_MANAGEMENT;!ENABLE_MANAGEMENT && 1;else;960;960
src/openvpn/multi.c;1;!ENABLE_MANAGEMENT;!ENABLE_MANAGEMENT && 1;artifact;961;961
src/openvpn/multi.c;1;!ENABLE_MANAGEMENT;!ENABLE_MANAGEMENT && 1;endif;962;962
src/openvpn/multi.c;1;1;1;artifact;963;1012
src/openvpn/multi.c;1;PACKET_TRUNCATION_CHECK;1 && PACKET_TRUNCATION_CHECK;if;1013;1013
src/openvpn/multi.c;1;PACKET_TRUNCATION_CHECK;1 && PACKET_TRUNCATION_CHECK;artifact;1014;1034
src/openvpn/multi.c;1;PACKET_TRUNCATION_CHECK;1 && PACKET_TRUNCATION_CHECK;endif;1035;1035
src/openvpn/multi.c;1;1;1;artifact;1036;1040
src/openvpn/multi.c;1;ENABLE_ASYNC_PUSH;1 && ENABLE_ASYNC_PUSH;if;1041;1041
src/openvpn/multi.c;1;ENABLE_ASYNC_PUSH;1 && ENABLE_ASYNC_PUSH;artifact;1042;1045
src/openvpn/multi.c;1;ENABLE_ASYNC_PUSH;1 && ENABLE_ASYNC_PUSH;endif;1046;1046
src/openvpn/multi.c;1;1;1;artifact;1047;1200
src/openvpn/multi.c;1;ENABLE_DEBUG;1 && ENABLE_DEBUG;if;1201;1201
src/openvpn/multi.c;1;ENABLE_DEBUG;1 && ENABLE_DEBUG;artifact;1202;1219
src/openvpn/multi.c;1;ENABLE_DEBUG;1 && ENABLE_DEBUG;endif;1220;1220
src/openvpn/multi.c;1;1;1;artifact;1221;1250
src/openvpn/multi.c;1;ENABLE_MANAGEMENT;1 && ENABLE_MANAGEMENT;if;1251;1251
src/openvpn/multi.c;1;ENABLE_MANAGEMENT;1 && ENABLE_MANAGEMENT;artifact;1252;1255
src/openvpn/multi.c;1;ENABLE_MANAGEMENT;1 && ENABLE_MANAGEMENT;endif;1256;1256
src/openvpn/multi.c;1;1;1;artifact;1257;1290
src/openvpn/multi.c;1;ENABLE_MANAGEMENT;1 && ENABLE_MANAGEMENT;if;1291;1291
src/openvpn/multi.c;1;ENABLE_MANAGEMENT;1 && ENABLE_MANAGEMENT;artifact;1292;1295
src/openvpn/multi.c;1;ENABLE_MANAGEMENT;1 && ENABLE_MANAGEMENT;endif;1296;1296
src/openvpn/multi.c;1;1;1;artifact;1297;1671
src/openvpn/multi.c;1;ENABLE_PLUGIN;1 && ENABLE_PLUGIN;if;1672;1672
src/openvpn/multi.c;1;ENABLE_PLUGIN;1 && ENABLE_PLUGIN;artifact;1673;1714
src/openvpn/multi.c;1;ENABLE_PLUGIN;1 && ENABLE_PLUGIN;endif;1715;1715
src/openvpn/multi.c;1;1;1;artifact;1716;1729
src/openvpn/multi.c;1;ENABLE_MANAGEMENT;1 && ENABLE_MANAGEMENT;if;1730;1730
src/openvpn/multi.c;1;ENABLE_MANAGEMENT;1 && ENABLE_MANAGEMENT;artifact;1731;1755
src/openvpn/multi.c;1;ENABLE_MANAGEMENT;1 && ENABLE_MANAGEMENT;endif;1756;1756
src/openvpn/multi.c;1;1;1;artifact;1757;1827
src/openvpn/multi.c;1;HAVE_EXPORT_KEYING_MATERIAL;1 && HAVE_EXPORT_KEYING_MATERIAL;if;1828;1828
src/openvpn/multi.c;1;HAVE_EXPORT_KEYING_MATERIAL;1 && HAVE_EXPORT_KEYING_MATERIAL;artifact;1829;1846
src/openvpn/multi.c;1;HAVE_EXPORT_KEYING_MATERIAL;1 && HAVE_EXPORT_KEYING_MATERIAL;endif;1847;1847
src/openvpn/multi.c;1;1;1;artifact;1848;2101
src/openvpn/multi.c;1;ENABLE_PLUGIN;1 && ENABLE_PLUGIN;if;2102;2102
src/openvpn/multi.c;1;ENABLE_PLUGIN;1 && ENABLE_PLUGIN;artifact;2103;2185
src/openvpn/multi.c;1;ENABLE_PLUGIN;1 && ENABLE_PLUGIN;endif;2186;2186
src/openvpn/multi.c;1;1;1;artifact;2187;2196
src/openvpn/multi.c;1;ENABLE_PLUGIN;1 && ENABLE_PLUGIN;if;2197;2197
src/openvpn/multi.c;1;ENABLE_PLUGIN;1 && ENABLE_PLUGIN;artifact;2198;2239
src/openvpn/multi.c;1;ENABLE_PLUGIN;1 && ENABLE_PLUGIN;endif;2240;2240
src/openvpn/multi.c;1;1;1;artifact;2241;2391
src/openvpn/multi.c;1;ENABLE_FRAGMENT;1 && ENABLE_FRAGMENT;if;2392;2392
src/openvpn/multi.c;1;ENABLE_FRAGMENT;1 && ENABLE_FRAGMENT;artifact;2393;2396
src/openvpn/multi.c;1;ENABLE_FRAGMENT;1 && ENABLE_FRAGMENT;endif;2397;2397
src/openvpn/multi.c;1;1;1;artifact;2398;2573
src/openvpn/multi.c;1;USE_COMP;1 && USE_COMP;if;2574;2574
src/openvpn/multi.c;1;USE_COMP;1 && USE_COMP;artifact;2575;2593
src/openvpn/multi.c;1;USE_COMP;1 && USE_COMP;endif;2594;2594
src/openvpn/multi.c;1;1;1;artifact;2595;2812
src/openvpn/multi.c;1;ENABLE_MANAGEMENT;1 && ENABLE_MANAGEMENT;if;2813;2813
src/openvpn/multi.c;1;ENABLE_MANAGEMENT;1 && ENABLE_MANAGEMENT;artifact;2814;2818
src/openvpn/multi.c;1;ENABLE_MANAGEMENT;1 && ENABLE_MANAGEMENT;endif;2819;2819
src/openvpn/multi.c;1;1;1;artifact;2820;2821
src/openvpn/multi.c;1;ENABLE_ASYNC_PUSH;1 && ENABLE_ASYNC_PUSH;if;2822;2822
src/openvpn/multi.c;1;ENABLE_ASYNC_PUSH;1 && ENABLE_ASYNC_PUSH;artifact;2823;2873
src/openvpn/multi.c;1;ENABLE_ASYNC_PUSH;1 && ENABLE_ASYNC_PUSH;endif;2874;2874
src/openvpn/multi.c;1;1;1;artifact;2875;2934
src/openvpn/multi.c;1;MULTI_DEBUG_EVENT_LOOP;1 && MULTI_DEBUG_EVENT_LOOP;if;2935;2935
src/openvpn/multi.c;1;MULTI_DEBUG_EVENT_LOOP;1 && MULTI_DEBUG_EVENT_LOOP;artifact;2936;2936
src/openvpn/multi.c;1;MULTI_DEBUG_EVENT_LOOP;1 && MULTI_DEBUG_EVENT_LOOP;endif;2937;2937
src/openvpn/multi.c;1;1;1;artifact;2938;3006
src/openvpn/multi.c;1;DEFINED___LB__ENABLE_ASYNC_PUSH__RB__;1 && DEFINED___LB__ENABLE_ASYNC_PUSH__RB__;if;3007;3007
src/openvpn/multi.c;1;DEFINED___LB__ENABLE_ASYNC_PUSH__RB__;1 && DEFINED___LB__ENABLE_ASYNC_PUSH__RB__;artifact;3008;3030
src/openvpn/multi.c;1;DEFINED___LB__ENABLE_ASYNC_PUSH__RB__;1 && DEFINED___LB__ENABLE_ASYNC_PUSH__RB__;endif;3031;3031
src/openvpn/multi.c;1;1;1;artifact;3032;3046
src/openvpn/multi.c;1;DEFINED___LB__ENABLE_ASYNC_PUSH__RB__;1 && DEFINED___LB__ENABLE_ASYNC_PUSH__RB__;if;3047;3047
src/openvpn/multi.c;1;DEFINED___LB__ENABLE_ASYNC_PUSH__RB__;1 && DEFINED___LB__ENABLE_ASYNC_PUSH__RB__;artifact;3048;3054
src/openvpn/multi.c;1;DEFINED___LB__ENABLE_ASYNC_PUSH__RB__;1 && DEFINED___LB__ENABLE_ASYNC_PUSH__RB__;endif;3055;3055
src/openvpn/multi.c;1;1;1;artifact;3056;3060
src/openvpn/multi.c;1;DEFINED___LB__ENABLE_ASYNC_PUSH__RB__;1 && DEFINED___LB__ENABLE_ASYNC_PUSH__RB__;if;3061;3061
src/openvpn/multi.c;1;DEFINED___LB__ENABLE_ASYNC_PUSH__RB__;1 && DEFINED___LB__ENABLE_ASYNC_PUSH__RB__;artifact;3062;3078
src/openvpn/multi.c;1;DEFINED___LB__ENABLE_ASYNC_PUSH__RB__;1 && DEFINED___LB__ENABLE_ASYNC_PUSH__RB__;endif;3079;3079
src/openvpn/multi.c;1;1;1;artifact;3080;3089
src/openvpn/multi.c;1;DEFINED___LB__ENABLE_ASYNC_PUSH__RB__;1 && DEFINED___LB__ENABLE_ASYNC_PUSH__RB__;if;3090;3090
src/openvpn/multi.c;1;DEFINED___LB__ENABLE_ASYNC_PUSH__RB__;1 && DEFINED___LB__ENABLE_ASYNC_PUSH__RB__;artifact;3091;3097
src/openvpn/multi.c;1;DEFINED___LB__ENABLE_ASYNC_PUSH__RB__;1 && DEFINED___LB__ENABLE_ASYNC_PUSH__RB__;endif;3098;3098
src/openvpn/multi.c;1;1;1;artifact;3099;3116
src/openvpn/multi.c;1;MULTI_DEBUG_EVENT_LOOP;1 && MULTI_DEBUG_EVENT_LOOP;if;3117;3117
src/openvpn/multi.c;1;MULTI_DEBUG_EVENT_LOOP;1 && MULTI_DEBUG_EVENT_LOOP;artifact;3118;3125
src/openvpn/multi.c;1;MULTI_DEBUG_EVENT_LOOP;1 && MULTI_DEBUG_EVENT_LOOP;endif;3126;3126
src/openvpn/multi.c;1;1;1;artifact;3127;3201
src/openvpn/multi.c;1;ENABLE_MANAGEMENT;1 && ENABLE_MANAGEMENT;if;3202;3202
src/openvpn/multi.c;1;ENABLE_MANAGEMENT;1 && ENABLE_MANAGEMENT;artifact;3203;3203
src/openvpn/multi.c;1;ENABLE_MANAGEMENT;1 && ENABLE_MANAGEMENT;endif;3204;3204
src/openvpn/multi.c;1;1;1;artifact;3205;3223
src/openvpn/multi.c;1;(DEFINED___LB__ENABLE_MANAGEMENT__RB__ || DEFINED___LB__TARGET_LINUX__RB__ || DEFINED___LB__TARGET_FREEBSD__RB__) && (DEFINED___LB__ENABLE_MANAGEMENT__RB__ || DEFINED___LB__ENABLE_DCO__RB__);1 && (DEFINED___LB__ENABLE_MANAGEMENT__RB__ || DEFINED___LB__TARGET_LINUX__RB__ || DEFINED___LB__TARGET_FREEBSD__RB__) && (DEFINED___LB__ENABLE_MANAGEMENT__RB__ || DEFINED___LB__ENABLE_DCO__RB__);if;3224;3224
src/openvpn/multi.c;1;(DEFINED___LB__ENABLE_MANAGEMENT__RB__ || DEFINED___LB__TARGET_LINUX__RB__ || DEFINED___LB__TARGET_FREEBSD__RB__) && (DEFINED___LB__ENABLE_MANAGEMENT__RB__ || DEFINED___LB__ENABLE_DCO__RB__);1 && (DEFINED___LB__ENABLE_MANAGEMENT__RB__ || DEFINED___LB__TARGET_LINUX__RB__ || DEFINED___LB__TARGET_FREEBSD__RB__) && (DEFINED___LB__ENABLE_MANAGEMENT__RB__ || DEFINED___LB__ENABLE_DCO__RB__);artifact;3225;3230
src/openvpn/multi.c;1;(DEFINED___LB__ENABLE_MANAGEMENT__RB__ || DEFINED___LB__TARGET_LINUX__RB__ || DEFINED___LB__TARGET_FREEBSD__RB__) && (DEFINED___LB__ENABLE_MANAGEMENT__RB__ || DEFINED___LB__ENABLE_DCO__RB__);1 && (DEFINED___LB__ENABLE_MANAGEMENT__RB__ || DEFINED___LB__TARGET_LINUX__RB__ || DEFINED___LB__TARGET_FREEBSD__RB__) && (DEFINED___LB__ENABLE_MANAGEMENT__RB__ || DEFINED___LB__ENABLE_DCO__RB__);endif;3231;3231
src/openvpn/multi.c;1;1;1;artifact;3232;3232
src/openvpn/multi.c;1;DEFINED___LB__ENABLE_DCO__RB__ && (DEFINED___LB__TARGET_LINUX__RB__ || DEFINED___LB__TARGET_FREEBSD__RB__);1 && DEFINED___LB__ENABLE_DCO__RB__ && (DEFINED___LB__TARGET_LINUX__RB__ || DEFINED___LB__TARGET_FREEBSD__RB__);if;3233;3233
src/openvpn/multi.c;1;DEFINED___LB__ENABLE_DCO__RB__ && (DEFINED___LB__TARGET_LINUX__RB__ || DEFINED___LB__TARGET_FREEBSD__RB__);1 && DEFINED___LB__ENABLE_DCO__RB__ && (DEFINED___LB__TARGET_LINUX__RB__ || DEFINED___LB__TARGET_FREEBSD__RB__);artifact;3234;3335
src/openvpn/multi.c;1;DEFINED___LB__ENABLE_DCO__RB__ && (DEFINED___LB__TARGET_LINUX__RB__ || DEFINED___LB__TARGET_FREEBSD__RB__);1 && DEFINED___LB__ENABLE_DCO__RB__ && (DEFINED___LB__TARGET_LINUX__RB__ || DEFINED___LB__TARGET_FREEBSD__RB__);endif;3336;3336
src/openvpn/multi.c;1;1;1;artifact;3337;3360
src/openvpn/multi.c;1;MULTI_DEBUG_EVENT_LOOP;1 && MULTI_DEBUG_EVENT_LOOP;if;3361;3361
src/openvpn/multi.c;1;MULTI_DEBUG_EVENT_LOOP;1 && MULTI_DEBUG_EVENT_LOOP;artifact;3362;3362
src/openvpn/multi.c;1;MULTI_DEBUG_EVENT_LOOP;1 && MULTI_DEBUG_EVENT_LOOP;endif;3363;3363
src/openvpn/multi.c;1;1;1;artifact;3364;3558
src/openvpn/multi.c;1;MULTI_DEBUG_EVENT_LOOP;1 && MULTI_DEBUG_EVENT_LOOP;if;3559;3559
src/openvpn/multi.c;1;MULTI_DEBUG_EVENT_LOOP;1 && MULTI_DEBUG_EVENT_LOOP;artifact;3560;3560
src/openvpn/multi.c;1;MULTI_DEBUG_EVENT_LOOP;1 && MULTI_DEBUG_EVENT_LOOP;endif;3561;3561
src/openvpn/multi.c;1;1;1;artifact;3562;3679
src/openvpn/multi.c;1;MULTI_DEBUG_EVENT_LOOP;1 && MULTI_DEBUG_EVENT_LOOP;if;3680;3680
src/openvpn/multi.c;1;MULTI_DEBUG_EVENT_LOOP;1 && MULTI_DEBUG_EVENT_LOOP;artifact;3681;3681
src/openvpn/multi.c;1;MULTI_DEBUG_EVENT_LOOP;1 && MULTI_DEBUG_EVENT_LOOP;endif;3682;3682
src/openvpn/multi.c;1;1;1;artifact;3683;3737
src/openvpn/multi.c;1;ENABLE_DEBUG;1 && ENABLE_DEBUG;if;3738;3738
src/openvpn/multi.c;1;ENABLE_DEBUG;1 && ENABLE_DEBUG;artifact;3739;3772
src/openvpn/multi.c;1;ENABLE_DEBUG;1 && ENABLE_DEBUG;endif;3773;3773
src/openvpn/multi.c;1;1;1;artifact;3774;3803
src/openvpn/multi.c;1;ENABLE_DEBUG;1 && ENABLE_DEBUG;if;3804;3804
src/openvpn/multi.c;1;ENABLE_DEBUG;1 && ENABLE_DEBUG;artifact;3805;3805
src/openvpn/multi.c;1;ENABLE_DEBUG;1 && ENABLE_DEBUG;endif;3806;3806
src/openvpn/multi.c;1;1;1;artifact;3807;3898
src/openvpn/multi.c;1;ENABLE_MANAGEMENT;1 && ENABLE_MANAGEMENT;if;3899;3899
src/openvpn/multi.c;1;ENABLE_MANAGEMENT;1 && ENABLE_MANAGEMENT;artifact;3900;4114
src/openvpn/multi.c;1;ENABLE_MANAGEMENT;1 && ENABLE_MANAGEMENT;endif;4115;4115
src/openvpn/multi.c;1;1;1;artifact;4116;4120
src/openvpn/multi.c;1;ENABLE_MANAGEMENT;1 && ENABLE_MANAGEMENT;if;4121;4121
src/openvpn/multi.c;1;ENABLE_MANAGEMENT;1 && ENABLE_MANAGEMENT;artifact;4122;4139
src/openvpn/multi.c;1;ENABLE_MANAGEMENT;1 && ENABLE_MANAGEMENT;endif;4140;4140
src/openvpn/multi.c;1;1;1;artifact;4141;4182
src/openvpn/multi.h;1;1;1;ROOT;1;709
src/openvpn/multi.h;1;1;1;artifact;1;27
src/openvpn/multi.h;1;!MULTI_H;1 && !MULTI_H;if;28;28
src/openvpn/multi.h;1;!MULTI_H;1 && !MULTI_H;artifact;29;128
src/openvpn/multi.h;1;ENABLE_MANAGEMENT;1 && !MULTI_H && ENABLE_MANAGEMENT;if;129;129
src/openvpn/multi.h;1;ENABLE_MANAGEMENT;1 && !MULTI_H && ENABLE_MANAGEMENT;artifact;130;131
src/openvpn/multi.h;1;ENABLE_MANAGEMENT;1 && !MULTI_H && ENABLE_MANAGEMENT;endif;132;132
src/openvpn/multi.h;1;!MULTI_H;1 && !MULTI_H;artifact;133;138
src/openvpn/multi.h;1;ENABLE_ASYNC_PUSH;1 && !MULTI_H && ENABLE_ASYNC_PUSH;if;139;139
src/openvpn/multi.h;1;ENABLE_ASYNC_PUSH;1 && !MULTI_H && ENABLE_ASYNC_PUSH;artifact;140;140
src/openvpn/multi.h;1;ENABLE_ASYNC_PUSH;1 && !MULTI_H && ENABLE_ASYNC_PUSH;endif;141;141
src/openvpn/multi.h;1;!MULTI_H;1 && !MULTI_H;artifact;142;183
src/openvpn/multi.h;1;ENABLE_MANAGEMENT;1 && !MULTI_H && ENABLE_MANAGEMENT;if;184;184
src/openvpn/multi.h;1;ENABLE_MANAGEMENT;1 && !MULTI_H && ENABLE_MANAGEMENT;artifact;185;186
src/openvpn/multi.h;1;ENABLE_MANAGEMENT;1 && !MULTI_H && ENABLE_MANAGEMENT;endif;187;187
src/openvpn/multi.h;1;!MULTI_H;1 && !MULTI_H;artifact;188;205
src/openvpn/multi.h;1;ENABLE_ASYNC_PUSH;1 && !MULTI_H && ENABLE_ASYNC_PUSH;if;206;206
src/openvpn/multi.h;1;ENABLE_ASYNC_PUSH;1 && !MULTI_H && ENABLE_ASYNC_PUSH;artifact;207;208
src/openvpn/multi.h;1;ENABLE_ASYNC_PUSH;1 && !MULTI_H && ENABLE_ASYNC_PUSH;endif;209;209
src/openvpn/multi.h;1;!MULTI_H;1 && !MULTI_H;artifact;210;389
src/openvpn/multi.h;1;ENABLE_ASYNC_PUSH;1 && !MULTI_H && ENABLE_ASYNC_PUSH;if;390;390
src/openvpn/multi.h;1;ENABLE_ASYNC_PUSH;1 && !MULTI_H && ENABLE_ASYNC_PUSH;artifact;391;399
src/openvpn/multi.h;1;ENABLE_ASYNC_PUSH;1 && !MULTI_H && ENABLE_ASYNC_PUSH;endif;400;400
src/openvpn/multi.h;1;!MULTI_H;1 && !MULTI_H;artifact;401;538
src/openvpn/multi.h;1;MULTI_DEBUG_EVENT_LOOP;1 && !MULTI_H && MULTI_DEBUG_EVENT_LOOP;if;539;539
src/openvpn/multi.h;1;MULTI_DEBUG_EVENT_LOOP;1 && !MULTI_H && MULTI_DEBUG_EVENT_LOOP;artifact;540;543
src/openvpn/multi.h;1;MULTI_DEBUG_EVENT_LOOP;1 && !MULTI_H && MULTI_DEBUG_EVENT_LOOP;endif;544;544
src/openvpn/multi.h;1;!MULTI_H;1 && !MULTI_H;artifact;545;550
src/openvpn/multi.h;1;MULTI_DEBUG_EVENT_LOOP;1 && !MULTI_H && MULTI_DEBUG_EVENT_LOOP;if;551;551
src/openvpn/multi.h;1;MULTI_DEBUG_EVENT_LOOP;1 && !MULTI_H && MULTI_DEBUG_EVENT_LOOP;artifact;552;552
src/openvpn/multi.h;1;MULTI_DEBUG_EVENT_LOOP;1 && !MULTI_H && MULTI_DEBUG_EVENT_LOOP;endif;553;553
src/openvpn/multi.h;1;!MULTI_H;1 && !MULTI_H;artifact;554;657
src/openvpn/multi.h;1;MULTI_DEBUG_EVENT_LOOP;1 && !MULTI_H && MULTI_DEBUG_EVENT_LOOP;if;658;658
src/openvpn/multi.h;1;MULTI_DEBUG_EVENT_LOOP;1 && !MULTI_H && MULTI_DEBUG_EVENT_LOOP;artifact;659;661
src/openvpn/multi.h;1;MULTI_DEBUG_EVENT_LOOP;1 && !MULTI_H && MULTI_DEBUG_EVENT_LOOP;endif;662;662
src/openvpn/multi.h;1;!MULTI_H;1 && !MULTI_H;artifact;663;706
src/openvpn/multi.h;1;!MULTI_H;1 && !MULTI_H;endif;707;707
src/openvpn/multi.h;1;1;1;artifact;708;708
src/openvpn/networking.h;1;1;1;ROOT;1;360
src/openvpn/networking.h;1;1;1;artifact;1;20
src/openvpn/networking.h;1;!NETWORKING_H_;1 && !NETWORKING_H_;if;21;21
src/openvpn/networking.h;1;!NETWORKING_H_;1 && !NETWORKING_H_;artifact;22;29
src/openvpn/networking.h;1;ENABLE_SITNL;1 && !NETWORKING_H_ && ENABLE_SITNL;if;30;30
src/openvpn/networking.h;1;ENABLE_SITNL;1 && !NETWORKING_H_ && ENABLE_SITNL;artifact;31;31
src/openvpn/networking.h;1;ENABLE_IPROUTE && !ENABLE_SITNL;ENABLE_IPROUTE && !ENABLE_SITNL && 1 && !NETWORKING_H_;elif;32;32
src/openvpn/networking.h;1;ENABLE_IPROUTE && !ENABLE_SITNL;ENABLE_IPROUTE && !ENABLE_SITNL && 1 && !NETWORKING_H_;artifact;33;33
src/openvpn/networking.h;1;DEFINED___LB__TARGET_FREEBSD__RB__ && !ENABLE_IPROUTE && !ENABLE_SITNL;DEFINED___LB__TARGET_FREEBSD__RB__ && !ENABLE_IPROUTE && !ENABLE_SITNL && 1 && !NETWORKING_H_;elif;34;34
src/openvpn/networking.h;1;DEFINED___LB__TARGET_FREEBSD__RB__ && !ENABLE_IPROUTE && !ENABLE_SITNL;DEFINED___LB__TARGET_FREEBSD__RB__ && !ENABLE_IPROUTE && !ENABLE_SITNL && 1 && !NETWORKING_H_;artifact;35;36
src/openvpn/networking.h;1;!DEFINED___LB__TARGET_FREEBSD__RB__ && !ENABLE_IPROUTE && !ENABLE_SITNL;!DEFINED___LB__TARGET_FREEBSD__RB__ && !ENABLE_IPROUTE && !ENABLE_SITNL && 1 && !NETWORKING_H_;else;37;37
src/openvpn/networking.h;1;!DEFINED___LB__TARGET_FREEBSD__RB__ && !ENABLE_IPROUTE && !ENABLE_SITNL;!DEFINED___LB__TARGET_FREEBSD__RB__ && !ENABLE_IPROUTE && !ENABLE_SITNL && 1 && !NETWORKING_H_;artifact;38;40
src/openvpn/networking.h;1;!DEFINED___LB__TARGET_FREEBSD__RB__ && !ENABLE_IPROUTE && !ENABLE_SITNL;!DEFINED___LB__TARGET_FREEBSD__RB__ && !ENABLE_IPROUTE && !ENABLE_SITNL && 1 && !NETWORKING_H_;endif;41;41
src/openvpn/networking.h;1;!NETWORKING_H_;1 && !NETWORKING_H_;artifact;42;45
src/openvpn/networking.h;1;!DEFINED___LB__ENABLE_IPROUTE__RB__;1 && !NETWORKING_H_ && !DEFINED___LB__ENABLE_IPROUTE__RB__;if;46;46
src/openvpn/networking.h;1;!DEFINED___LB__ENABLE_IPROUTE__RB__;1 && !NETWORKING_H_ && !DEFINED___LB__ENABLE_IPROUTE__RB__;artifact;47;66
src/openvpn/networking.h;1;!DEFINED___LB__ENABLE_IPROUTE__RB__;1 && !NETWORKING_H_ && !DEFINED___LB__ENABLE_IPROUTE__RB__;endif;67;67
src/openvpn/networking.h;1;!NETWORKING_H_;1 && !NETWORKING_H_;artifact;68;68
src/openvpn/networking.h;1;DEFINED___LB__ENABLE_SITNL__RB__ || DEFINED___LB__ENABLE_IPROUTE__RB__;1 && !NETWORKING_H_ && (DEFINED___LB__ENABLE_SITNL__RB__ || DEFINED___LB__ENABLE_IPROUTE__RB__);if;69;69
src/openvpn/networking.h;1;DEFINED___LB__ENABLE_SITNL__RB__ || DEFINED___LB__ENABLE_IPROUTE__RB__;1 && !NETWORKING_H_ && (DEFINED___LB__ENABLE_SITNL__RB__ || DEFINED___LB__ENABLE_IPROUTE__RB__);artifact;70;243
src/openvpn/networking.h;1;DEFINED___LB__ENABLE_SITNL__RB__ || DEFINED___LB__ENABLE_IPROUTE__RB__;1 && !NETWORKING_H_ && (DEFINED___LB__ENABLE_SITNL__RB__ || DEFINED___LB__ENABLE_IPROUTE__RB__);endif;244;244
src/openvpn/networking.h;1;!NETWORKING_H_;1 && !NETWORKING_H_;artifact;245;245
src/openvpn/networking.h;1;DEFINED___LB__ENABLE_SITNL__RB__ || DEFINED___LB__ENABLE_IPROUTE__RB__ || DEFINED___LB__TARGET_FREEBSD__RB__;1 && !NETWORKING_H_ && (DEFINED___LB__ENABLE_SITNL__RB__ || DEFINED___LB__ENABLE_IPROUTE__RB__ || DEFINED___LB__TARGET_FREEBSD__RB__);if;246;246
src/openvpn/networking.h;1;DEFINED___LB__ENABLE_SITNL__RB__ || DEFINED___LB__ENABLE_IPROUTE__RB__ || DEFINED___LB__TARGET_FREEBSD__RB__;1 && !NETWORKING_H_ && (DEFINED___LB__ENABLE_SITNL__RB__ || DEFINED___LB__ENABLE_IPROUTE__RB__ || DEFINED___LB__TARGET_FREEBSD__RB__);artifact;247;322
src/openvpn/networking.h;1;DEFINED___LB__ENABLE_SITNL__RB__ || DEFINED___LB__ENABLE_IPROUTE__RB__ || DEFINED___LB__TARGET_FREEBSD__RB__;1 && !NETWORKING_H_ && (DEFINED___LB__ENABLE_SITNL__RB__ || DEFINED___LB__ENABLE_IPROUTE__RB__ || DEFINED___LB__TARGET_FREEBSD__RB__);endif;323;323
src/openvpn/networking.h;1;!NETWORKING_H_;1 && !NETWORKING_H_;artifact;324;324
src/openvpn/networking.h;1;DEFINED___LB__ENABLE_SITNL__RB__ || DEFINED___LB__ENABLE_IPROUTE__RB__;1 && !NETWORKING_H_ && (DEFINED___LB__ENABLE_SITNL__RB__ || DEFINED___LB__ENABLE_IPROUTE__RB__);if;325;325
src/openvpn/networking.h;1;DEFINED___LB__ENABLE_SITNL__RB__ || DEFINED___LB__ENABLE_IPROUTE__RB__;1 && !NETWORKING_H_ && (DEFINED___LB__ENABLE_SITNL__RB__ || DEFINED___LB__ENABLE_IPROUTE__RB__);artifact;326;355
src/openvpn/networking.h;1;DEFINED___LB__ENABLE_SITNL__RB__ || DEFINED___LB__ENABLE_IPROUTE__RB__;1 && !NETWORKING_H_ && (DEFINED___LB__ENABLE_SITNL__RB__ || DEFINED___LB__ENABLE_IPROUTE__RB__);endif;356;356
src/openvpn/networking.h;1;!NETWORKING_H_;1 && !NETWORKING_H_;artifact;357;357
src/openvpn/networking.h;1;!NETWORKING_H_;1 && !NETWORKING_H_;endif;358;358
src/openvpn/networking.h;1;1;1;artifact;359;359
src/openvpn/networking_freebsd.c;1;1;1;ROOT;1;99
src/openvpn/networking_freebsd.c;1;HAVE_CONFIG_H;1 && HAVE_CONFIG_H;if;1;1
src/openvpn/networking_freebsd.c;1;HAVE_CONFIG_H;1 && HAVE_CONFIG_H;artifact;2;2
src/openvpn/networking_freebsd.c;1;HAVE_CONFIG_H;1 && HAVE_CONFIG_H;endif;3;3
src/openvpn/networking_freebsd.c;1;1;1;artifact;4;8
src/openvpn/networking_freebsd.c;1;DEFINED___LB__TARGET_FREEBSD__RB__;1 && DEFINED___LB__TARGET_FREEBSD__RB__;if;9;9
src/openvpn/networking_freebsd.c;1;DEFINED___LB__TARGET_FREEBSD__RB__;1 && DEFINED___LB__TARGET_FREEBSD__RB__;artifact;10;96
src/openvpn/networking_freebsd.c;1;DEFINED___LB__TARGET_FREEBSD__RB__;1 && DEFINED___LB__TARGET_FREEBSD__RB__;endif;97;97
src/openvpn/networking_freebsd.c;1;1;1;artifact;98;98
src/openvpn/networking_iproute2.c;1;1;1;ROOT;1;460
src/openvpn/networking_iproute2.c;1;1;1;artifact;1;20
src/openvpn/networking_iproute2.c;1;HAVE_CONFIG_H;1 && HAVE_CONFIG_H;if;21;21
src/openvpn/networking_iproute2.c;1;HAVE_CONFIG_H;1 && HAVE_CONFIG_H;artifact;22;22
src/openvpn/networking_iproute2.c;1;HAVE_CONFIG_H;1 && HAVE_CONFIG_H;endif;23;23
src/openvpn/networking_iproute2.c;1;1;1;artifact;24;24
src/openvpn/networking_iproute2.c;1;DEFINED___LB__TARGET_LINUX__RB__ && DEFINED___LB__ENABLE_IPROUTE__RB__;1 && DEFINED___LB__TARGET_LINUX__RB__ && DEFINED___LB__ENABLE_IPROUTE__RB__;if;25;25
src/openvpn/networking_iproute2.c;1;DEFINED___LB__TARGET_LINUX__RB__ && DEFINED___LB__ENABLE_IPROUTE__RB__;1 && DEFINED___LB__TARGET_LINUX__RB__ && DEFINED___LB__ENABLE_IPROUTE__RB__;artifact;26;457
src/openvpn/networking_iproute2.c;1;DEFINED___LB__TARGET_LINUX__RB__ && DEFINED___LB__ENABLE_IPROUTE__RB__;1 && DEFINED___LB__TARGET_LINUX__RB__ && DEFINED___LB__ENABLE_IPROUTE__RB__;endif;458;458
src/openvpn/networking_iproute2.c;1;1;1;artifact;459;459
src/openvpn/networking_iproute2.h;1;1;1;ROOT;1;39
src/openvpn/networking_iproute2.h;1;1;1;artifact;1;21
src/openvpn/networking_iproute2.h;1;!NETWORKING_IP_H_;1 && !NETWORKING_IP_H_;if;22;22
src/openvpn/networking_iproute2.h;1;!NETWORKING_IP_H_;1 && !NETWORKING_IP_H_;artifact;23;36
src/openvpn/networking_iproute2.h;1;!NETWORKING_IP_H_;1 && !NETWORKING_IP_H_;endif;37;37
src/openvpn/networking_iproute2.h;1;1;1;artifact;38;38
src/openvpn/networking_sitnl.c;1;1;1;ROOT;1;1499
src/openvpn/networking_sitnl.c;1;1;1;artifact;1;20
src/openvpn/networking_sitnl.c;1;HAVE_CONFIG_H;1 && HAVE_CONFIG_H;if;21;21
src/openvpn/networking_sitnl.c;1;HAVE_CONFIG_H;1 && HAVE_CONFIG_H;artifact;22;22
src/openvpn/networking_sitnl.c;1;HAVE_CONFIG_H;1 && HAVE_CONFIG_H;endif;23;23
src/openvpn/networking_sitnl.c;1;1;1;artifact;24;24
src/openvpn/networking_sitnl.c;1;TARGET_LINUX;1 && TARGET_LINUX;if;25;25
src/openvpn/networking_sitnl.c;1;TARGET_LINUX;1 && TARGET_LINUX;artifact;26;608
src/openvpn/networking_sitnl.c;1;ENABLE_SITNL;1 && TARGET_LINUX && ENABLE_SITNL;if;609;609
src/openvpn/networking_sitnl.c;1;ENABLE_SITNL;1 && TARGET_LINUX && ENABLE_SITNL;artifact;610;1341
src/openvpn/networking_sitnl.c;1;DEFINED___LB__ENABLE_DCO__RB__;1 && TARGET_LINUX && ENABLE_SITNL && DEFINED___LB__ENABLE_DCO__RB__;if;1342;1342
src/openvpn/networking_sitnl.c;1;DEFINED___LB__ENABLE_DCO__RB__;1 && TARGET_LINUX && ENABLE_SITNL && DEFINED___LB__ENABLE_DCO__RB__;artifact;1343;1350
src/openvpn/networking_sitnl.c;1;DEFINED___LB__ENABLE_DCO__RB__;1 && TARGET_LINUX && ENABLE_SITNL && DEFINED___LB__ENABLE_DCO__RB__;endif;1351;1351
src/openvpn/networking_sitnl.c;1;ENABLE_SITNL;1 && TARGET_LINUX && ENABLE_SITNL;artifact;1352;1494
src/openvpn/networking_sitnl.c;1;ENABLE_SITNL;1 && TARGET_LINUX && ENABLE_SITNL;endif;1495;1495
src/openvpn/networking_sitnl.c;1;TARGET_LINUX;1 && TARGET_LINUX;artifact;1496;1496
src/openvpn/networking_sitnl.c;1;TARGET_LINUX;1 && TARGET_LINUX;endif;1497;1497
src/openvpn/networking_sitnl.c;1;1;1;artifact;1498;1498
src/openvpn/networking_sitnl.h;1;1;1;ROOT;1;30
src/openvpn/networking_sitnl.h;1;1;1;artifact;1;21
src/openvpn/networking_sitnl.h;1;!NETWORKING_SITNL_H_;1 && !NETWORKING_SITNL_H_;if;22;22
src/openvpn/networking_sitnl.h;1;!NETWORKING_SITNL_H_;1 && !NETWORKING_SITNL_H_;artifact;23;27
src/openvpn/networking_sitnl.h;1;!NETWORKING_SITNL_H_;1 && !NETWORKING_SITNL_H_;endif;28;28
src/openvpn/networking_sitnl.h;1;1;1;artifact;29;29
src/openvpn/ntlm.c;1;1;1;ROOT;1;394
src/openvpn/ntlm.c;1;1;1;artifact;1;22
src/openvpn/ntlm.c;1;HAVE_CONFIG_H;1 && HAVE_CONFIG_H;if;23;23
src/openvpn/ntlm.c;1;HAVE_CONFIG_H;1 && HAVE_CONFIG_H;artifact;24;24
src/openvpn/ntlm.c;1;HAVE_CONFIG_H;1 && HAVE_CONFIG_H;endif;25;25
src/openvpn/ntlm.c;1;1;1;artifact;26;28
src/openvpn/ntlm.c;1;NTLM;1 && NTLM;if;29;29
src/openvpn/ntlm.c;1;NTLM;1 && NTLM;artifact;30;44
src/openvpn/ntlm.c;1;_MSC_VER;1 && NTLM && _MSC_VER;if;45;45
src/openvpn/ntlm.c;1;_MSC_VER;1 && NTLM && _MSC_VER;artifact;46;48
src/openvpn/ntlm.c;1;!_MSC_VER;!_MSC_VER && 1 && NTLM;else;49;49
src/openvpn/ntlm.c;1;!_MSC_VER;!_MSC_VER && 1 && NTLM;artifact;50;52
src/openvpn/ntlm.c;1;!_MSC_VER;!_MSC_VER && 1 && NTLM;endif;53;53
src/openvpn/ntlm.c;1;NTLM;1 && NTLM;artifact;54;391
src/openvpn/ntlm.c;1;NTLM;1 && NTLM;endif;392;392
src/openvpn/ntlm.c;1;1;1;artifact;393;393
src/openvpn/ntlm.h;1;1;1;ROOT;1;14
src/openvpn/ntlm.h;1;!NTLM_H;1 && !NTLM_H;if;1;1
src/openvpn/ntlm.h;1;!NTLM_H;1 && !NTLM_H;artifact;2;3
src/openvpn/ntlm.h;1;NTLM;1 && !NTLM_H && NTLM;if;4;4
src/openvpn/ntlm.h;1;NTLM;1 && !NTLM_H && NTLM;artifact;5;9
src/openvpn/ntlm.h;1;NTLM;1 && !NTLM_H && NTLM;endif;10;10
src/openvpn/ntlm.h;1;!NTLM_H;1 && !NTLM_H;artifact;11;11
src/openvpn/ntlm.h;1;!NTLM_H;1 && !NTLM_H;endif;12;12
src/openvpn/ntlm.h;1;1;1;artifact;13;13
src/openvpn/occ.c;1;1;1;ROOT;1;437
src/openvpn/occ.c;1;1;1;artifact;1;23
src/openvpn/occ.c;1;HAVE_CONFIG_H;1 && HAVE_CONFIG_H;if;24;24
src/openvpn/occ.c;1;HAVE_CONFIG_H;1 && HAVE_CONFIG_H;artifact;25;25
src/openvpn/occ.c;1;HAVE_CONFIG_H;1 && HAVE_CONFIG_H;endif;26;26
src/openvpn/occ.c;1;1;1;artifact;27;436
src/openvpn/occ.h;1;1;1;ROOT;1;174
src/openvpn/occ.h;1;1;1;artifact;1;23
src/openvpn/occ.h;1;!OCC_H;1 && !OCC_H;if;24;24
src/openvpn/occ.h;1;!OCC_H;1 && !OCC_H;artifact;25;171
src/openvpn/occ.h;1;!OCC_H;1 && !OCC_H;endif;172;172
src/openvpn/occ.h;1;1;1;artifact;173;173
src/openvpn/openssl_compat.h;1;1;1;ROOT;1;177
src/openvpn/openssl_compat.h;1;1;1;artifact;1;33
src/openvpn/openssl_compat.h;1;!OPENSSL_COMPAT_H_;1 && !OPENSSL_COMPAT_H_;if;34;34
src/openvpn/openssl_compat.h;1;!OPENSSL_COMPAT_H_;1 && !OPENSSL_COMPAT_H_;artifact;35;36
src/openvpn/openssl_compat.h;1;HAVE_CONFIG_H;1 && !OPENSSL_COMPAT_H_ && HAVE_CONFIG_H;if;37;37
src/openvpn/openssl_compat.h;1;HAVE_CONFIG_H;1 && !OPENSSL_COMPAT_H_ && HAVE_CONFIG_H;artifact;38;38
src/openvpn/openssl_compat.h;1;HAVE_CONFIG_H;1 && !OPENSSL_COMPAT_H_ && HAVE_CONFIG_H;endif;39;39
src/openvpn/openssl_compat.h;1;!OPENSSL_COMPAT_H_;1 && !OPENSSL_COMPAT_H_;artifact;40;48
src/openvpn/openssl_compat.h;1;OPENSSL_VERSION_NUMBER__LT__0x10101000L && !DEFINED___LB__ENABLE_CRYPTO_WOLFSSL__RB__;1 && !OPENSSL_COMPAT_H_ && OPENSSL_VERSION_NUMBER__LT__0x10101000L && !DEFINED___LB__ENABLE_CRYPTO_WOLFSSL__RB__;if;49;49
src/openvpn/openssl_compat.h;1;OPENSSL_VERSION_NUMBER__LT__0x10101000L && !DEFINED___LB__ENABLE_CRYPTO_WOLFSSL__RB__;1 && !OPENSSL_COMPAT_H_ && OPENSSL_VERSION_NUMBER__LT__0x10101000L && !DEFINED___LB__ENABLE_CRYPTO_WOLFSSL__RB__;artifact;50;50
src/openvpn/openssl_compat.h;1;OPENSSL_VERSION_NUMBER__LT__0x10101000L && !DEFINED___LB__ENABLE_CRYPTO_WOLFSSL__RB__;1 && !OPENSSL_COMPAT_H_ && OPENSSL_VERSION_NUMBER__LT__0x10101000L && !DEFINED___LB__ENABLE_CRYPTO_WOLFSSL__RB__;endif;51;51
src/openvpn/openssl_compat.h;1;!OPENSSL_COMPAT_H_;1 && !OPENSSL_COMPAT_H_;artifact;52;53
src/openvpn/openssl_compat.h;1;DEFINED___LB__LIBRESSL_VERSION_NUMBER__RB__ && LIBRESSL_VERSION_NUMBER__LT__0x3050000fL;1 && !OPENSSL_COMPAT_H_ && DEFINED___LB__LIBRESSL_VERSION_NUMBER__RB__ && LIBRESSL_VERSION_NUMBER__LT__0x3050000fL;if;54;54
src/openvpn/openssl_compat.h;1;DEFINED___LB__LIBRESSL_VERSION_NUMBER__RB__ && LIBRESSL_VERSION_NUMBER__LT__0x3050000fL;1 && !OPENSSL_COMPAT_H_ && DEFINED___LB__LIBRESSL_VERSION_NUMBER__RB__ && LIBRESSL_VERSION_NUMBER__LT__0x3050000fL;artifact;55;71
src/openvpn/openssl_compat.h;1;DEFINED___LB__LIBRESSL_VERSION_NUMBER__RB__ && LIBRESSL_VERSION_NUMBER__LT__0x3050000fL;1 && !OPENSSL_COMPAT_H_ && DEFINED___LB__LIBRESSL_VERSION_NUMBER__RB__ && LIBRESSL_VERSION_NUMBER__LT__0x3050000fL;endif;72;72
src/openvpn/openssl_compat.h;1;!OPENSSL_COMPAT_H_;1 && !OPENSSL_COMPAT_H_;artifact;73;73
src/openvpn/openssl_compat.h;1;DEFINED___LB__LIBRESSL_VERSION_NUMBER__RB__;1 && !OPENSSL_COMPAT_H_ && DEFINED___LB__LIBRESSL_VERSION_NUMBER__RB__;if;74;74
src/openvpn/openssl_compat.h;1;DEFINED___LB__LIBRESSL_VERSION_NUMBER__RB__;1 && !OPENSSL_COMPAT_H_ && DEFINED___LB__LIBRESSL_VERSION_NUMBER__RB__;artifact;75;75
src/openvpn/openssl_compat.h;1;DEFINED___LB__LIBRESSL_VERSION_NUMBER__RB__;1 && !OPENSSL_COMPAT_H_ && DEFINED___LB__LIBRESSL_VERSION_NUMBER__RB__;endif;76;76
src/openvpn/openssl_compat.h;1;!OPENSSL_COMPAT_H_;1 && !OPENSSL_COMPAT_H_;artifact;77;77
src/openvpn/openssl_compat.h;1;DEFINED___LB__LIBRESSL_VERSION_NUMBER__RB__ && LIBRESSL_VERSION_NUMBER__LT__0x3050400fL;1 && !OPENSSL_COMPAT_H_ && DEFINED___LB__LIBRESSL_VERSION_NUMBER__RB__ && LIBRESSL_VERSION_NUMBER__LT__0x3050400fL;if;78;78
src/openvpn/openssl_compat.h;1;DEFINED___LB__LIBRESSL_VERSION_NUMBER__RB__ && LIBRESSL_VERSION_NUMBER__LT__0x3050400fL;1 && !OPENSSL_COMPAT_H_ && DEFINED___LB__LIBRESSL_VERSION_NUMBER__RB__ && LIBRESSL_VERSION_NUMBER__LT__0x3050400fL;artifact;79;79
src/openvpn/openssl_compat.h;1;DEFINED___LB__LIBRESSL_VERSION_NUMBER__RB__ && LIBRESSL_VERSION_NUMBER__LT__0x3050400fL;1 && !OPENSSL_COMPAT_H_ && DEFINED___LB__LIBRESSL_VERSION_NUMBER__RB__ && LIBRESSL_VERSION_NUMBER__LT__0x3050400fL;endif;80;80
src/openvpn/openssl_compat.h;1;!OPENSSL_COMPAT_H_;1 && !OPENSSL_COMPAT_H_;artifact;81;82
src/openvpn/openssl_compat.h;1;OPENSSL_VERSION_NUMBER__LT__0x30000000L && !DEFINED___LB__OPENSSL_NO_EC__RB__;1 && !OPENSSL_COMPAT_H_ && OPENSSL_VERSION_NUMBER__LT__0x30000000L && !DEFINED___LB__OPENSSL_NO_EC__RB__;if;83;83
src/openvpn/openssl_compat.h;1;OPENSSL_VERSION_NUMBER__LT__0x30000000L && !DEFINED___LB__OPENSSL_NO_EC__RB__;1 && !OPENSSL_COMPAT_H_ && OPENSSL_VERSION_NUMBER__LT__0x30000000L && !DEFINED___LB__OPENSSL_NO_EC__RB__;artifact;84;116
src/openvpn/openssl_compat.h;1;OPENSSL_VERSION_NUMBER__LT__0x30000000L && !DEFINED___LB__OPENSSL_NO_EC__RB__;1 && !OPENSSL_COMPAT_H_ && OPENSSL_VERSION_NUMBER__LT__0x30000000L && !DEFINED___LB__OPENSSL_NO_EC__RB__;endif;117;117
src/openvpn/openssl_compat.h;1;!OPENSSL_COMPAT_H_;1 && !OPENSSL_COMPAT_H_;artifact;118;118
src/openvpn/openssl_compat.h;1;OPENSSL_VERSION_NUMBER__LT__0x30000000L;1 && !OPENSSL_COMPAT_H_ && OPENSSL_VERSION_NUMBER__LT__0x30000000L;if;119;119
src/openvpn/openssl_compat.h;1;OPENSSL_VERSION_NUMBER__LT__0x30000000L;1 && !OPENSSL_COMPAT_H_ && OPENSSL_VERSION_NUMBER__LT__0x30000000L;artifact;120;172
src/openvpn/openssl_compat.h;1;OPENSSL_VERSION_NUMBER__LT__0x30000000L;1 && !OPENSSL_COMPAT_H_ && OPENSSL_VERSION_NUMBER__LT__0x30000000L;endif;173;173
src/openvpn/openssl_compat.h;1;!OPENSSL_COMPAT_H_;1 && !OPENSSL_COMPAT_H_;artifact;174;174
src/openvpn/openssl_compat.h;1;!OPENSSL_COMPAT_H_;1 && !OPENSSL_COMPAT_H_;endif;175;175
src/openvpn/openssl_compat.h;1;1;1;artifact;176;176
src/openvpn/openvpn.c;1;1;1;ROOT;1;397
src/openvpn/openvpn.c;1;1;1;artifact;1;23
src/openvpn/openvpn.c;1;HAVE_CONFIG_H;1 && HAVE_CONFIG_H;if;24;24
src/openvpn/openvpn.c;1;HAVE_CONFIG_H;1 && HAVE_CONFIG_H;artifact;25;25
src/openvpn/openvpn.c;1;HAVE_CONFIG_H;1 && HAVE_CONFIG_H;endif;26;26
src/openvpn/openvpn.c;1;1;1;artifact;27;163
src/openvpn/openvpn.c;1;PEDANTIC;1 && PEDANTIC;if;164;164
src/openvpn/openvpn.c;1;PEDANTIC;1 && PEDANTIC;artifact;165;166
src/openvpn/openvpn.c;1;PEDANTIC;1 && PEDANTIC;endif;167;167
src/openvpn/openvpn.c;1;1;1;artifact;168;168
src/openvpn/openvpn.c;1;_WIN32;1 && _WIN32;if;169;169
src/openvpn/openvpn.c;1;_WIN32;1 && _WIN32;artifact;170;170
src/openvpn/openvpn.c;1;_WIN32;1 && _WIN32;endif;171;171
src/openvpn/openvpn.c;1;1;1;artifact;172;201
src/openvpn/openvpn.c;1;_WIN32;1 && _WIN32;if;202;202
src/openvpn/openvpn.c;1;_WIN32;1 && _WIN32;artifact;203;203
src/openvpn/openvpn.c;1;_WIN32;1 && _WIN32;endif;204;204
src/openvpn/openvpn.c;1;1;1;artifact;205;205
src/openvpn/openvpn.c;1;ENABLE_MANAGEMENT;1 && ENABLE_MANAGEMENT;if;206;206
src/openvpn/openvpn.c;1;ENABLE_MANAGEMENT;1 && ENABLE_MANAGEMENT;artifact;207;208
src/openvpn/openvpn.c;1;ENABLE_MANAGEMENT;1 && ENABLE_MANAGEMENT;endif;209;209
src/openvpn/openvpn.c;1;1;1;artifact;210;216
src/openvpn/openvpn.c;1;ENABLE_PLUGIN;1 && ENABLE_PLUGIN;if;217;217
src/openvpn/openvpn.c;1;ENABLE_PLUGIN;1 && ENABLE_PLUGIN;artifact;218;221
src/openvpn/openvpn.c;1;ENABLE_PLUGIN;1 && ENABLE_PLUGIN;endif;222;222
src/openvpn/openvpn.c;1;1;1;artifact;223;256
src/openvpn/openvpn.c;1;_WIN32;1 && _WIN32;if;257;257
src/openvpn/openvpn.c;1;_WIN32;1 && _WIN32;artifact;258;258
src/openvpn/openvpn.c;1;_WIN32;1 && _WIN32;endif;259;259
src/openvpn/openvpn.c;1;1;1;artifact;260;274
src/openvpn/openvpn.c;1;ENABLE_MANAGEMENT;1 && ENABLE_MANAGEMENT;if;275;275
src/openvpn/openvpn.c;1;ENABLE_MANAGEMENT;1 && ENABLE_MANAGEMENT;artifact;276;276
src/openvpn/openvpn.c;1;ENABLE_MANAGEMENT;1 && ENABLE_MANAGEMENT;endif;277;277
src/openvpn/openvpn.c;1;1;1;artifact;278;286
src/openvpn/openvpn.c;1;ENABLE_MANAGEMENT;1 && ENABLE_MANAGEMENT;if;287;287
src/openvpn/openvpn.c;1;ENABLE_MANAGEMENT;1 && ENABLE_MANAGEMENT;artifact;288;297
src/openvpn/openvpn.c;1;ENABLE_MANAGEMENT;1 && ENABLE_MANAGEMENT;endif;298;298
src/openvpn/openvpn.c;1;1;1;artifact;299;346
src/openvpn/openvpn.c;1;ENABLE_MANAGEMENT;1 && ENABLE_MANAGEMENT;if;347;347
src/openvpn/openvpn.c;1;ENABLE_MANAGEMENT;1 && ENABLE_MANAGEMENT;artifact;348;349
src/openvpn/openvpn.c;1;ENABLE_MANAGEMENT;1 && ENABLE_MANAGEMENT;endif;350;350
src/openvpn/openvpn.c;1;1;1;artifact;351;358
src/openvpn/openvpn.c;1;_WIN32;1 && _WIN32;if;359;359
src/openvpn/openvpn.c;1;_WIN32;1 && _WIN32;artifact;360;388
src/openvpn/openvpn.c;1;!_WIN32;!_WIN32 && 1;else;389;389
src/openvpn/openvpn.c;1;!_WIN32;!_WIN32 && 1;artifact;390;394
src/openvpn/openvpn.c;1;!_WIN32;!_WIN32 && 1;endif;395;395
src/openvpn/openvpn.c;1;1;1;artifact;396;396
src/openvpn/openvpn.h;1;1;1;ROOT;1;553
src/openvpn/openvpn.h;1;1;1;artifact;1;23
src/openvpn/openvpn.h;1;!OPENVPN_H;1 && !OPENVPN_H;if;24;24
src/openvpn/openvpn.h;1;!OPENVPN_H;1 && !OPENVPN_H;artifact;25;79
src/openvpn/openvpn.h;1;!PACKET_ID_H;1 && !OPENVPN_H && !PACKET_ID_H;if;80;80
src/openvpn/openvpn.h;1;!PACKET_ID_H;1 && !OPENVPN_H && !PACKET_ID_H;artifact;81;88
src/openvpn/openvpn.h;1;!PACKET_ID_H;1 && !OPENVPN_H && !PACKET_ID_H;endif;89;89
src/openvpn/openvpn.h;1;!OPENVPN_H;1 && !OPENVPN_H;artifact;90;103
src/openvpn/openvpn.h;1;USE_COMP;1 && !OPENVPN_H && USE_COMP;if;104;104
src/openvpn/openvpn.h;1;USE_COMP;1 && !OPENVPN_H && USE_COMP;artifact;105;106
src/openvpn/openvpn.h;1;USE_COMP;1 && !OPENVPN_H && USE_COMP;endif;107;107
src/openvpn/openvpn.h;1;!OPENVPN_H;1 && !OPENVPN_H;artifact;108;252
src/openvpn/openvpn.h;1;ENABLE_FRAGMENT;1 && !OPENVPN_H && ENABLE_FRAGMENT;if;253;253
src/openvpn/openvpn.h;1;ENABLE_FRAGMENT;1 && !OPENVPN_H && ENABLE_FRAGMENT;artifact;254;256
src/openvpn/openvpn.h;1;ENABLE_FRAGMENT;1 && !OPENVPN_H && ENABLE_FRAGMENT;endif;257;257
src/openvpn/openvpn.h;1;!OPENVPN_H;1 && !OPENVPN_H;artifact;258;273
src/openvpn/openvpn.h;1;PACKET_TRUNCATION_CHECK;1 && !OPENVPN_H && PACKET_TRUNCATION_CHECK;if;274;274
src/openvpn/openvpn.h;1;PACKET_TRUNCATION_CHECK;1 && !OPENVPN_H && PACKET_TRUNCATION_CHECK;artifact;275;278
src/openvpn/openvpn.h;1;PACKET_TRUNCATION_CHECK;1 && !OPENVPN_H && PACKET_TRUNCATION_CHECK;endif;279;279
src/openvpn/openvpn.h;1;!OPENVPN_H;1 && !OPENVPN_H;artifact;280;359
src/openvpn/openvpn.h;1;USE_COMP;1 && !OPENVPN_H && USE_COMP;if;360;360
src/openvpn/openvpn.h;1;USE_COMP;1 && !OPENVPN_H && USE_COMP;artifact;361;364
src/openvpn/openvpn.h;1;USE_COMP;1 && !OPENVPN_H && USE_COMP;endif;365;365
src/openvpn/openvpn.h;1;!OPENVPN_H;1 && !OPENVPN_H;artifact;366;454
src/openvpn/openvpn.h;1;ENABLE_MANAGEMENT;1 && !OPENVPN_H && ENABLE_MANAGEMENT;if;455;455
src/openvpn/openvpn.h;1;ENABLE_MANAGEMENT;1 && !OPENVPN_H && ENABLE_MANAGEMENT;artifact;456;456
src/openvpn/openvpn.h;1;ENABLE_MANAGEMENT;1 && !OPENVPN_H && ENABLE_MANAGEMENT;endif;457;457
src/openvpn/openvpn.h;1;!OPENVPN_H;1 && !OPENVPN_H;artifact;458;458
src/openvpn/openvpn.h;1;ENABLE_ASYNC_PUSH;1 && !OPENVPN_H && ENABLE_ASYNC_PUSH;if;459;459
src/openvpn/openvpn.h;1;ENABLE_ASYNC_PUSH;1 && !OPENVPN_H && ENABLE_ASYNC_PUSH;artifact;460;460
src/openvpn/openvpn.h;1;ENABLE_ASYNC_PUSH;1 && !OPENVPN_H && ENABLE_ASYNC_PUSH;endif;461;461
src/openvpn/openvpn.h;1;!OPENVPN_H;1 && !OPENVPN_H;artifact;462;550
src/openvpn/openvpn.h;1;!OPENVPN_H;1 && !OPENVPN_H;endif;551;551
src/openvpn/openvpn.h;1;1;1;artifact;552;552
src/openvpn/options.c;1;1;1;ROOT;1;9542
src/openvpn/options.c;1;1;1;artifact;1;29
src/openvpn/options.c;1;HAVE_CONFIG_H;1 && HAVE_CONFIG_H;if;30;30
src/openvpn/options.c;1;HAVE_CONFIG_H;1 && HAVE_CONFIG_H;artifact;31;31
src/openvpn/options.c;1;HAVE_CONFIG_H;1 && HAVE_CONFIG_H;endif;32;32
src/openvpn/options.c;1;HAVE_CONFIG_VERSION_H;1 && HAVE_CONFIG_VERSION_H;if;33;33
src/openvpn/options.c;1;HAVE_CONFIG_VERSION_H;1 && HAVE_CONFIG_VERSION_H;artifact;34;34
src/openvpn/options.c;1;HAVE_CONFIG_VERSION_H;1 && HAVE_CONFIG_VERSION_H;endif;35;35
src/openvpn/options.c;1;1;1;artifact;36;68
src/openvpn/options.c;1;CONFIGURE_GIT_REVISION;1 && CONFIGURE_GIT_REVISION;if;69;69
src/openvpn/options.c;1;CONFIGURE_GIT_REVISION;1 && CONFIGURE_GIT_REVISION;artifact;70;70
src/openvpn/options.c;1;CONFIGURE_GIT_REVISION;1 && CONFIGURE_GIT_REVISION;endif;71;71
src/openvpn/options.c;1;1;1;artifact;72;72
src/openvpn/options.c;1;DEFINED___LB__ENABLE_CRYPTO_MBEDTLS__RB__;1 && DEFINED___LB__ENABLE_CRYPTO_MBEDTLS__RB__;if;73;73
src/openvpn/options.c;1;DEFINED___LB__ENABLE_CRYPTO_MBEDTLS__RB__;1 && DEFINED___LB__ENABLE_CRYPTO_MBEDTLS__RB__;artifact;74;74
src/openvpn/options.c;1;DEFINED___LB__ENABLE_CRYPTO_OPENSSL__RB__ && !DEFINED___LB__ENABLE_CRYPTO_MBEDTLS__RB__;DEFINED___LB__ENABLE_CRYPTO_OPENSSL__RB__ && !DEFINED___LB__ENABLE_CRYPTO_MBEDTLS__RB__ && 1;elif;75;75
src/openvpn/options.c;1;DEFINED___LB__ENABLE_CRYPTO_OPENSSL__RB__ && !DEFINED___LB__ENABLE_CRYPTO_MBEDTLS__RB__;DEFINED___LB__ENABLE_CRYPTO_OPENSSL__RB__ && !DEFINED___LB__ENABLE_CRYPTO_MBEDTLS__RB__ && 1;artifact;76;76
src/openvpn/options.c;1;!DEFINED___LB__ENABLE_CRYPTO_OPENSSL__RB__ && !DEFINED___LB__ENABLE_CRYPTO_MBEDTLS__RB__;!DEFINED___LB__ENABLE_CRYPTO_OPENSSL__RB__ && !DEFINED___LB__ENABLE_CRYPTO_MBEDTLS__RB__ && 1;else;77;77
src/openvpn/options.c;1;!DEFINED___LB__ENABLE_CRYPTO_OPENSSL__RB__ && !DEFINED___LB__ENABLE_CRYPTO_MBEDTLS__RB__;!DEFINED___LB__ENABLE_CRYPTO_OPENSSL__RB__ && !DEFINED___LB__ENABLE_CRYPTO_MBEDTLS__RB__ && 1;artifact;78;78
src/openvpn/options.c;1;!DEFINED___LB__ENABLE_CRYPTO_OPENSSL__RB__ && !DEFINED___LB__ENABLE_CRYPTO_MBEDTLS__RB__;!DEFINED___LB__ENABLE_CRYPTO_OPENSSL__RB__ && !DEFINED___LB__ENABLE_CRYPTO_MBEDTLS__RB__ && 1;endif;79;79
src/openvpn/options.c;1;USE_COMP;1 && USE_COMP;if;80;80
src/openvpn/options.c;1;ENABLE_LZO;1 && USE_COMP && ENABLE_LZO;if;81;81
src/openvpn/options.c;1;ENABLE_LZO;1 && USE_COMP && ENABLE_LZO;artifact;82;82
src/openvpn/options.c;1;ENABLE_LZO;1 && USE_COMP && ENABLE_LZO;endif;83;83
src/openvpn/options.c;1;ENABLE_LZ4;1 && USE_COMP && ENABLE_LZ4;if;84;84
src/openvpn/options.c;1;ENABLE_LZ4;1 && USE_COMP && ENABLE_LZ4;artifact;85;85
src/openvpn/options.c;1;ENABLE_LZ4;1 && USE_COMP && ENABLE_LZ4;endif;86;86
src/openvpn/options.c;1;ENABLE_COMP_STUB;1 && USE_COMP && ENABLE_COMP_STUB;if;87;87
src/openvpn/options.c;1;ENABLE_COMP_STUB;1 && USE_COMP && ENABLE_COMP_STUB;artifact;88;88
src/openvpn/options.c;1;ENABLE_COMP_STUB;1 && USE_COMP && ENABLE_COMP_STUB;endif;89;89
src/openvpn/options.c;1;USE_COMP;1 && USE_COMP;endif;90;90
src/openvpn/options.c;1;EPOLL;1 && EPOLL;if;91;91
src/openvpn/options.c;1;EPOLL;1 && EPOLL;artifact;92;92
src/openvpn/options.c;1;EPOLL;1 && EPOLL;endif;93;93
src/openvpn/options.c;1;PRODUCT_TAP_DEBUG;1 && PRODUCT_TAP_DEBUG;if;94;94
src/openvpn/options.c;1;PRODUCT_TAP_DEBUG;1 && PRODUCT_TAP_DEBUG;artifact;95;95
src/openvpn/options.c;1;PRODUCT_TAP_DEBUG;1 && PRODUCT_TAP_DEBUG;endif;96;96
src/openvpn/options.c;1;ENABLE_PKCS11;1 && ENABLE_PKCS11;if;97;97
src/openvpn/options.c;1;ENABLE_PKCS11;1 && ENABLE_PKCS11;artifact;98;98
src/openvpn/options.c;1;ENABLE_PKCS11;1 && ENABLE_PKCS11;endif;99;99
src/openvpn/options.c;1;ENABLE_IP_PKTINFO;1 && ENABLE_IP_PKTINFO;if;100;100
src/openvpn/options.c;1;DEFINED___LB__HAVE_IN_PKTINFO__RB__ && DEFINED___LB__HAVE_IPI_SPEC_DST__RB__;1 && ENABLE_IP_PKTINFO && DEFINED___LB__HAVE_IN_PKTINFO__RB__ && DEFINED___LB__HAVE_IPI_SPEC_DST__RB__;if;101;101
src/openvpn/options.c;1;DEFINED___LB__HAVE_IN_PKTINFO__RB__ && DEFINED___LB__HAVE_IPI_SPEC_DST__RB__;1 && ENABLE_IP_PKTINFO && DEFINED___LB__HAVE_IN_PKTINFO__RB__ && DEFINED___LB__HAVE_IPI_SPEC_DST__RB__;artifact;102;102
src/openvpn/options.c;1;DEFINED___LB__IP_RECVDSTADDR__RB__ && (!DEFINED___LB__HAVE_IN_PKTINFO__RB__ || !DEFINED___LB__HAVE_IPI_SPEC_DST__RB__);DEFINED___LB__IP_RECVDSTADDR__RB__ && (!DEFINED___LB__HAVE_IN_PKTINFO__RB__ || !DEFINED___LB__HAVE_IPI_SPEC_DST__RB__) && 1 && ENABLE_IP_PKTINFO;elif;103;103
src/openvpn/options.c;1;DEFINED___LB__IP_RECVDSTADDR__RB__ && (!DEFINED___LB__HAVE_IN_PKTINFO__RB__ || !DEFINED___LB__HAVE_IPI_SPEC_DST__RB__);DEFINED___LB__IP_RECVDSTADDR__RB__ && (!DEFINED___LB__HAVE_IN_PKTINFO__RB__ || !DEFINED___LB__HAVE_IPI_SPEC_DST__RB__) && 1 && ENABLE_IP_PKTINFO;artifact;104;104
src/openvpn/options.c;1;DEFINED___LB__IP_RECVDSTADDR__RB__ && (!DEFINED___LB__HAVE_IN_PKTINFO__RB__ || !DEFINED___LB__HAVE_IPI_SPEC_DST__RB__);DEFINED___LB__IP_RECVDSTADDR__RB__ && (!DEFINED___LB__HAVE_IN_PKTINFO__RB__ || !DEFINED___LB__HAVE_IPI_SPEC_DST__RB__) && 1 && ENABLE_IP_PKTINFO;endif;105;105
src/openvpn/options.c;1;ENABLE_IP_PKTINFO;1 && ENABLE_IP_PKTINFO;endif;106;106
src/openvpn/options.c;1;1;1;artifact;107;107
src/openvpn/options.c;1;ENABLE_DCO;1 && ENABLE_DCO;if;108;108
src/openvpn/options.c;1;ENABLE_DCO;1 && ENABLE_DCO;artifact;109;109
src/openvpn/options.c;1;ENABLE_DCO;1 && ENABLE_DCO;endif;110;110
src/openvpn/options.c;1;CONFIGURE_GIT_REVISION;1 && CONFIGURE_GIT_REVISION;if;111;111
src/openvpn/options.c;1;CONFIGURE_GIT_REVISION;1 && CONFIGURE_GIT_REVISION;artifact;112;112
src/openvpn/options.c;1;CONFIGURE_GIT_REVISION;1 && CONFIGURE_GIT_REVISION;endif;113;113
src/openvpn/options.c;1;1;1;artifact;114;115
src/openvpn/options.c;1;!ENABLE_SMALL;1 && !ENABLE_SMALL;if;116;116
src/openvpn/options.c;1;!ENABLE_SMALL;1 && !ENABLE_SMALL;artifact;117;183
src/openvpn/options.c;1;DEFINED___LB__ENABLE_DCO__RB__;1 && !ENABLE_SMALL && DEFINED___LB__ENABLE_DCO__RB__;if;184;184
src/openvpn/options.c;1;DEFINED___LB__ENABLE_DCO__RB__;1 && !ENABLE_SMALL && DEFINED___LB__ENABLE_DCO__RB__;artifact;185;185
src/openvpn/options.c;1;DEFINED___LB__ENABLE_DCO__RB__;1 && !ENABLE_SMALL && DEFINED___LB__ENABLE_DCO__RB__;endif;186;186
src/openvpn/options.c;1;!ENABLE_SMALL;1 && !ENABLE_SMALL;artifact;187;188
src/openvpn/options.c;1;ENABLE_IPROUTE;1 && !ENABLE_SMALL && ENABLE_IPROUTE;if;189;189
src/openvpn/options.c;1;ENABLE_IPROUTE;1 && !ENABLE_SMALL && ENABLE_IPROUTE;artifact;190;190
src/openvpn/options.c;1;ENABLE_IPROUTE;1 && !ENABLE_SMALL && ENABLE_IPROUTE;endif;191;191
src/openvpn/options.c;1;!ENABLE_SMALL;1 && !ENABLE_SMALL;artifact;192;267
src/openvpn/options.c;1;ENABLE_IP_PKTINFO;1 && !ENABLE_SMALL && ENABLE_IP_PKTINFO;if;268;268
src/openvpn/options.c;1;ENABLE_IP_PKTINFO;1 && !ENABLE_SMALL && ENABLE_IP_PKTINFO;artifact;269;269
src/openvpn/options.c;1;ENABLE_IP_PKTINFO;1 && !ENABLE_SMALL && ENABLE_IP_PKTINFO;endif;270;270
src/openvpn/options.c;1;!ENABLE_SMALL;1 && !ENABLE_SMALL;artifact;271;275
src/openvpn/options.c;1;PASSTOS_CAPABILITY;1 && !ENABLE_SMALL && PASSTOS_CAPABILITY;if;276;276
src/openvpn/options.c;1;PASSTOS_CAPABILITY;1 && !ENABLE_SMALL && PASSTOS_CAPABILITY;artifact;277;277
src/openvpn/options.c;1;PASSTOS_CAPABILITY;1 && !ENABLE_SMALL && PASSTOS_CAPABILITY;endif;278;278
src/openvpn/options.c;1;!ENABLE_SMALL;1 && !ENABLE_SMALL;artifact;279;290
src/openvpn/options.c;1;ENABLE_FRAGMENT;1 && !ENABLE_SMALL && ENABLE_FRAGMENT;if;291;291
src/openvpn/options.c;1;ENABLE_FRAGMENT;1 && !ENABLE_SMALL && ENABLE_FRAGMENT;artifact;292;294
src/openvpn/options.c;1;ENABLE_FRAGMENT;1 && !ENABLE_SMALL && ENABLE_FRAGMENT;endif;295;295
src/openvpn/options.c;1;!ENABLE_SMALL;1 && !ENABLE_SMALL;artifact;296;299
src/openvpn/options.c;1;DEFINED___LB__TARGET_LINUX__RB__ && HAVE_DECL_SO_MARK;1 && !ENABLE_SMALL && DEFINED___LB__TARGET_LINUX__RB__ && HAVE_DECL_SO_MARK;if;300;300
src/openvpn/options.c;1;DEFINED___LB__TARGET_LINUX__RB__ && HAVE_DECL_SO_MARK;1 && !ENABLE_SMALL && DEFINED___LB__TARGET_LINUX__RB__ && HAVE_DECL_SO_MARK;artifact;301;305
src/openvpn/options.c;1;DEFINED___LB__TARGET_LINUX__RB__ && HAVE_DECL_SO_MARK;1 && !ENABLE_SMALL && DEFINED___LB__TARGET_LINUX__RB__ && HAVE_DECL_SO_MARK;endif;306;306
src/openvpn/options.c;1;!ENABLE_SMALL;1 && !ENABLE_SMALL;artifact;307;307
src/openvpn/options.c;1;ENABLE_MEMSTATS;1 && !ENABLE_SMALL && ENABLE_MEMSTATS;if;308;308
src/openvpn/options.c;1;ENABLE_MEMSTATS;1 && !ENABLE_SMALL && ENABLE_MEMSTATS;artifact;309;309
src/openvpn/options.c;1;ENABLE_MEMSTATS;1 && !ENABLE_SMALL && ENABLE_MEMSTATS;endif;310;310
src/openvpn/options.c;1;!ENABLE_SMALL;1 && !ENABLE_SMALL;artifact;311;327
src/openvpn/options.c;1;ENABLE_SELINUX;1 && !ENABLE_SMALL && ENABLE_SELINUX;if;328;328
src/openvpn/options.c;1;ENABLE_SELINUX;1 && !ENABLE_SMALL && ENABLE_SELINUX;artifact;329;329
src/openvpn/options.c;1;ENABLE_SELINUX;1 && !ENABLE_SMALL && ENABLE_SELINUX;endif;330;330
src/openvpn/options.c;1;!ENABLE_SMALL;1 && !ENABLE_SMALL;artifact;331;359
src/openvpn/options.c;1;ENABLE_DEBUG;1 && !ENABLE_SMALL && ENABLE_DEBUG;if;360;360
src/openvpn/options.c;1;ENABLE_DEBUG;1 && !ENABLE_SMALL && ENABLE_DEBUG;artifact;361;361
src/openvpn/options.c;1;ENABLE_DEBUG;1 && !ENABLE_SMALL && ENABLE_DEBUG;endif;362;362
src/openvpn/options.c;1;DEFINED___LB__USE_COMP__RB__;1 && !ENABLE_SMALL && DEFINED___LB__USE_COMP__RB__;if;363;363
src/openvpn/options.c;1;DEFINED___LB__USE_COMP__RB__;1 && !ENABLE_SMALL && DEFINED___LB__USE_COMP__RB__;artifact;364;365
src/openvpn/options.c;1;DEFINED___LB__ENABLE_LZO__RB__;1 && !ENABLE_SMALL && DEFINED___LB__USE_COMP__RB__ && DEFINED___LB__ENABLE_LZO__RB__;if;366;366
src/openvpn/options.c;1;DEFINED___LB__ENABLE_LZO__RB__;1 && !ENABLE_SMALL && DEFINED___LB__USE_COMP__RB__ && DEFINED___LB__ENABLE_LZO__RB__;artifact;367;370
src/openvpn/options.c;1;DEFINED___LB__ENABLE_LZO__RB__;1 && !ENABLE_SMALL && DEFINED___LB__USE_COMP__RB__ && DEFINED___LB__ENABLE_LZO__RB__;endif;371;371
src/openvpn/options.c;1;DEFINED___LB__USE_COMP__RB__;1 && !ENABLE_SMALL && DEFINED___LB__USE_COMP__RB__;endif;372;372
src/openvpn/options.c;1;ENABLE_MANAGEMENT;1 && !ENABLE_SMALL && ENABLE_MANAGEMENT;if;373;373
src/openvpn/options.c;1;ENABLE_MANAGEMENT;1 && !ENABLE_SMALL && ENABLE_MANAGEMENT;artifact;374;376
src/openvpn/options.c;1;UNIX_SOCK_SUPPORT;1 && !ENABLE_SMALL && ENABLE_MANAGEMENT && UNIX_SOCK_SUPPORT;if;377;377
src/openvpn/options.c;1;UNIX_SOCK_SUPPORT;1 && !ENABLE_SMALL && ENABLE_MANAGEMENT && UNIX_SOCK_SUPPORT;artifact;378;379
src/openvpn/options.c;1;UNIX_SOCK_SUPPORT;1 && !ENABLE_SMALL && ENABLE_MANAGEMENT && UNIX_SOCK_SUPPORT;endif;380;380
src/openvpn/options.c;1;ENABLE_MANAGEMENT;1 && !ENABLE_SMALL && ENABLE_MANAGEMENT;artifact;381;394
src/openvpn/options.c;1;UNIX_SOCK_SUPPORT;1 && !ENABLE_SMALL && ENABLE_MANAGEMENT && UNIX_SOCK_SUPPORT;if;395;395
src/openvpn/options.c;1;UNIX_SOCK_SUPPORT;1 && !ENABLE_SMALL && ENABLE_MANAGEMENT && UNIX_SOCK_SUPPORT;artifact;396;399
src/openvpn/options.c;1;UNIX_SOCK_SUPPORT;1 && !ENABLE_SMALL && ENABLE_MANAGEMENT && UNIX_SOCK_SUPPORT;endif;400;400
src/openvpn/options.c;1;ENABLE_MANAGEMENT;1 && !ENABLE_SMALL && ENABLE_MANAGEMENT;artifact;401;403
src/openvpn/options.c;1;ENABLE_MANAGEMENT;1 && !ENABLE_SMALL && ENABLE_MANAGEMENT;endif;404;404
src/openvpn/options.c;1;ENABLE_PLUGIN;1 && !ENABLE_SMALL && ENABLE_PLUGIN;if;405;405
src/openvpn/options.c;1;ENABLE_PLUGIN;1 && !ENABLE_SMALL && ENABLE_PLUGIN;artifact;406;407
src/openvpn/options.c;1;ENABLE_PLUGIN;1 && !ENABLE_SMALL && ENABLE_PLUGIN;endif;408;408
src/openvpn/options.c;1;!ENABLE_SMALL;1 && !ENABLE_SMALL;artifact;409;488
src/openvpn/options.c;1;PORT_SHARE;1 && !ENABLE_SMALL && PORT_SHARE;if;489;489
src/openvpn/options.c;1;PORT_SHARE;1 && !ENABLE_SMALL && PORT_SHARE;artifact;490;492
src/openvpn/options.c;1;PORT_SHARE;1 && !ENABLE_SMALL && PORT_SHARE;endif;493;493
src/openvpn/options.c;1;!ENABLE_SMALL;1 && !ENABLE_SMALL;artifact;494;540
src/openvpn/options.c;1;!ENABLE_CRYPTO_MBEDTLS;1 && !ENABLE_SMALL && !ENABLE_CRYPTO_MBEDTLS;if;541;541
src/openvpn/options.c;1;!ENABLE_CRYPTO_MBEDTLS;1 && !ENABLE_SMALL && !ENABLE_CRYPTO_MBEDTLS;artifact;542;542
src/openvpn/options.c;1;!ENABLE_CRYPTO_MBEDTLS;1 && !ENABLE_SMALL && !ENABLE_CRYPTO_MBEDTLS;endif;543;543
src/openvpn/options.c;1;!ENABLE_SMALL;1 && !ENABLE_SMALL;artifact;544;551
src/openvpn/options.c;1;ENABLE_PREDICTION_RESISTANCE;1 && !ENABLE_SMALL && ENABLE_PREDICTION_RESISTANCE;if;552;552
src/openvpn/options.c;1;ENABLE_PREDICTION_RESISTANCE;1 && !ENABLE_SMALL && ENABLE_PREDICTION_RESISTANCE;artifact;553;554
src/openvpn/options.c;1;ENABLE_PREDICTION_RESISTANCE;1 && !ENABLE_SMALL && ENABLE_PREDICTION_RESISTANCE;endif;555;555
src/openvpn/options.c;1;!ENABLE_SMALL;1 && !ENABLE_SMALL;artifact;556;562
src/openvpn/options.c;1;!ENABLE_CRYPTO_MBEDTLS;1 && !ENABLE_SMALL && !ENABLE_CRYPTO_MBEDTLS;if;563;563
src/openvpn/options.c;1;!ENABLE_CRYPTO_MBEDTLS;1 && !ENABLE_SMALL && !ENABLE_CRYPTO_MBEDTLS;artifact;564;565
src/openvpn/options.c;1;!ENABLE_CRYPTO_MBEDTLS;1 && !ENABLE_SMALL && !ENABLE_CRYPTO_MBEDTLS;endif;566;566
src/openvpn/options.c;1;!ENABLE_SMALL;1 && !ENABLE_SMALL;artifact;567;577
src/openvpn/options.c;1;!ENABLE_CRYPTO_MBEDTLS;1 && !ENABLE_SMALL && !ENABLE_CRYPTO_MBEDTLS;if;578;578
src/openvpn/options.c;1;!ENABLE_CRYPTO_MBEDTLS;1 && !ENABLE_SMALL && !ENABLE_CRYPTO_MBEDTLS;artifact;579;580
src/openvpn/options.c;1;!ENABLE_CRYPTO_MBEDTLS;1 && !ENABLE_SMALL && !ENABLE_CRYPTO_MBEDTLS;endif;581;581
src/openvpn/options.c;1;ENABLE_X509ALTUSERNAME;1 && !ENABLE_SMALL && ENABLE_X509ALTUSERNAME;if;582;582
src/openvpn/options.c;1;ENABLE_X509ALTUSERNAME;1 && !ENABLE_SMALL && ENABLE_X509ALTUSERNAME;artifact;583;584
src/openvpn/options.c;1;ENABLE_X509ALTUSERNAME;1 && !ENABLE_SMALL && ENABLE_X509ALTUSERNAME;endif;585;585
src/openvpn/options.c;1;!ENABLE_SMALL;1 && !ENABLE_SMALL;artifact;586;587
src/openvpn/options.c;1;_WIN32;1 && !ENABLE_SMALL && _WIN32;if;588;588
src/openvpn/options.c;1;_WIN32;1 && !ENABLE_SMALL && _WIN32;artifact;589;590
src/openvpn/options.c;1;_WIN32;1 && !ENABLE_SMALL && _WIN32;endif;591;591
src/openvpn/options.c;1;!ENABLE_SMALL;1 && !ENABLE_SMALL;artifact;592;642
src/openvpn/options.c;1;!ENABLE_CRYPTO_MBEDTLS;1 && !ENABLE_SMALL && !ENABLE_CRYPTO_MBEDTLS;if;643;643
src/openvpn/options.c;1;!ENABLE_CRYPTO_MBEDTLS;1 && !ENABLE_SMALL && !ENABLE_CRYPTO_MBEDTLS;artifact;644;645
src/openvpn/options.c;1;!ENABLE_CRYPTO_MBEDTLS;1 && !ENABLE_SMALL && !ENABLE_CRYPTO_MBEDTLS;endif;646;646
src/openvpn/options.c;1;!ENABLE_SMALL;1 && !ENABLE_SMALL;artifact;647;648
src/openvpn/options.c;1;HAVE_EXPORT_KEYING_MATERIAL;1 && !ENABLE_SMALL && HAVE_EXPORT_KEYING_MATERIAL;if;649;649
src/openvpn/options.c;1;HAVE_EXPORT_KEYING_MATERIAL;1 && !ENABLE_SMALL && HAVE_EXPORT_KEYING_MATERIAL;artifact;650;651
src/openvpn/options.c;1;HAVE_EXPORT_KEYING_MATERIAL;1 && !ENABLE_SMALL && HAVE_EXPORT_KEYING_MATERIAL;endif;652;652
src/openvpn/options.c;1;!ENABLE_SMALL;1 && !ENABLE_SMALL;artifact;653;661
src/openvpn/options.c;1;ENABLE_PKCS11;1 && !ENABLE_SMALL && ENABLE_PKCS11;if;662;662
src/openvpn/options.c;1;ENABLE_PKCS11;1 && !ENABLE_SMALL && ENABLE_PKCS11;artifact;663;679
src/openvpn/options.c;1;ENABLE_PKCS11;1 && !ENABLE_SMALL && ENABLE_PKCS11;endif;680;680
src/openvpn/options.c;1;!ENABLE_SMALL;1 && !ENABLE_SMALL;artifact;681;686
src/openvpn/options.c;1;_WIN32;1 && !ENABLE_SMALL && _WIN32;if;687;687
src/openvpn/options.c;1;_WIN32;1 && !ENABLE_SMALL && _WIN32;artifact;688;748
src/openvpn/options.c;1;_WIN32;1 && !ENABLE_SMALL && _WIN32;endif;749;749
src/openvpn/options.c;1;!ENABLE_SMALL;1 && !ENABLE_SMALL;artifact;750;753
src/openvpn/options.c;1;ENABLE_FEATURE_TUN_PERSIST;1 && !ENABLE_SMALL && ENABLE_FEATURE_TUN_PERSIST;if;754;754
src/openvpn/options.c;1;ENABLE_FEATURE_TUN_PERSIST;1 && !ENABLE_SMALL && ENABLE_FEATURE_TUN_PERSIST;artifact;755;762
src/openvpn/options.c;1;ENABLE_FEATURE_TUN_PERSIST;1 && !ENABLE_SMALL && ENABLE_FEATURE_TUN_PERSIST;endif;763;763
src/openvpn/options.c;1;ENABLE_PKCS11;1 && !ENABLE_SMALL && ENABLE_PKCS11;if;764;764
src/openvpn/options.c;1;ENABLE_PKCS11;1 && !ENABLE_SMALL && ENABLE_PKCS11;artifact;765;766
src/openvpn/options.c;1;DEFAULT_PKCS11_MODULE;1 && !ENABLE_SMALL && ENABLE_PKCS11 && DEFAULT_PKCS11_MODULE;if;767;767
src/openvpn/options.c;1;DEFAULT_PKCS11_MODULE;1 && !ENABLE_SMALL && ENABLE_PKCS11 && DEFAULT_PKCS11_MODULE;artifact;768;768
src/openvpn/options.c;1;!DEFAULT_PKCS11_MODULE;!DEFAULT_PKCS11_MODULE && 1 && !ENABLE_SMALL && ENABLE_PKCS11;else;769;769
src/openvpn/options.c;1;!DEFAULT_PKCS11_MODULE;!DEFAULT_PKCS11_MODULE && 1 && !ENABLE_SMALL && ENABLE_PKCS11;artifact;770;770
src/openvpn/options.c;1;!DEFAULT_PKCS11_MODULE;!DEFAULT_PKCS11_MODULE && 1 && !ENABLE_SMALL && ENABLE_PKCS11;endif;771;771
src/openvpn/options.c;1;ENABLE_PKCS11;1 && !ENABLE_SMALL && ENABLE_PKCS11;artifact;772;772
src/openvpn/options.c;1;ENABLE_PKCS11;1 && !ENABLE_SMALL && ENABLE_PKCS11;endif;773;773
src/openvpn/options.c;1;!ENABLE_SMALL;1 && !ENABLE_SMALL;artifact;774;775
src/openvpn/options.c;1;ENABLE_DEBUG;1 && !ENABLE_SMALL && ENABLE_DEBUG;if;776;776
src/openvpn/options.c;1;ENABLE_DEBUG;1 && !ENABLE_SMALL && ENABLE_DEBUG;artifact;777;777
src/openvpn/options.c;1;ENABLE_DEBUG;1 && !ENABLE_SMALL && ENABLE_DEBUG;endif;778;778
src/openvpn/options.c;1;!ENABLE_SMALL;1 && !ENABLE_SMALL;artifact;779;780
src/openvpn/options.c;1;!ENABLE_SMALL;1 && !ENABLE_SMALL;endif;781;781
src/openvpn/options.c;1;1;1;artifact;782;824
src/openvpn/options.c;1;ENABLE_MANAGEMENT;1 && ENABLE_MANAGEMENT;if;825;825
src/openvpn/options.c;1;ENABLE_MANAGEMENT;1 && ENABLE_MANAGEMENT;artifact;826;828
src/openvpn/options.c;1;ENABLE_MANAGEMENT;1 && ENABLE_MANAGEMENT;endif;829;829
src/openvpn/options.c;1;ENABLE_FEATURE_TUN_PERSIST;1 && ENABLE_FEATURE_TUN_PERSIST;if;830;830
src/openvpn/options.c;1;ENABLE_FEATURE_TUN_PERSIST;1 && ENABLE_FEATURE_TUN_PERSIST;artifact;831;831
src/openvpn/options.c;1;ENABLE_FEATURE_TUN_PERSIST;1 && ENABLE_FEATURE_TUN_PERSIST;endif;832;832
src/openvpn/options.c;1;_WIN32;1 && _WIN32;if;833;833
src/openvpn/options.c;1;0;1 && _WIN32 && 0;if;834;834
src/openvpn/options.c;1;0;1 && _WIN32 && 0;artifact;835;835
src/openvpn/options.c;1;1;1 && 1 && _WIN32;else;836;836
src/openvpn/options.c;1;1;1 && 1 && _WIN32;artifact;837;837
src/openvpn/options.c;1;1;1 && 1 && _WIN32;endif;838;838
src/openvpn/options.c;1;_WIN32;1 && _WIN32;artifact;839;843
src/openvpn/options.c;1;_WIN32;1 && _WIN32;endif;844;844
src/openvpn/options.c;1;1;1;artifact;845;861
src/openvpn/options.c;1;ENABLE_PREDICTION_RESISTANCE;1 && ENABLE_PREDICTION_RESISTANCE;if;862;862
src/openvpn/options.c;1;ENABLE_PREDICTION_RESISTANCE;1 && ENABLE_PREDICTION_RESISTANCE;artifact;863;863
src/openvpn/options.c;1;ENABLE_PREDICTION_RESISTANCE;1 && ENABLE_PREDICTION_RESISTANCE;endif;864;864
src/openvpn/options.c;1;1;1;artifact;865;872
src/openvpn/options.c;1;ENABLE_X509ALTUSERNAME;1 && ENABLE_X509ALTUSERNAME;if;873;873
src/openvpn/options.c;1;ENABLE_X509ALTUSERNAME;1 && ENABLE_X509ALTUSERNAME;artifact;874;874
src/openvpn/options.c;1;ENABLE_X509ALTUSERNAME;1 && ENABLE_X509ALTUSERNAME;endif;875;875
src/openvpn/options.c;1;ENABLE_PKCS11;1 && ENABLE_PKCS11;if;876;876
src/openvpn/options.c;1;ENABLE_PKCS11;1 && ENABLE_PKCS11;artifact;877;877
src/openvpn/options.c;1;ENABLE_PKCS11;1 && ENABLE_PKCS11;endif;878;878
src/openvpn/options.c;1;1;1;artifact;879;883
src/openvpn/options.c;1;_WIN32;1 && _WIN32;if;884;884
src/openvpn/options.c;1;_WIN32;1 && _WIN32;artifact;885;894
src/openvpn/options.c;1;!_WIN32;!_WIN32 && 1;else;895;895
src/openvpn/options.c;1;!_WIN32;!_WIN32 && 1;artifact;896;901
src/openvpn/options.c;1;!_WIN32;!_WIN32 && 1;endif;902;902
src/openvpn/options.c;1;1;1;artifact;903;904
src/openvpn/options.c;1;!ENABLE_DCO;1 && !ENABLE_DCO;if;905;905
src/openvpn/options.c;1;!ENABLE_DCO;1 && !ENABLE_DCO;artifact;906;906
src/openvpn/options.c;1;!ENABLE_DCO;1 && !ENABLE_DCO;endif;907;907
src/openvpn/options.c;1;1;1;artifact;908;945
src/openvpn/options.c;1;!ENABLE_SMALL;1 && !ENABLE_SMALL;if;946;946
src/openvpn/options.c;1;!ENABLE_SMALL;1 && !ENABLE_SMALL;artifact;947;980
src/openvpn/options.c;1;!ENABLE_SMALL;1 && !ENABLE_SMALL;endif;981;981
src/openvpn/options.c;1;1;1;artifact;982;1034
src/openvpn/options.c;1;!_WIN32;1 && !_WIN32;if;1035;1035
src/openvpn/options.c;1;!_WIN32;1 && !_WIN32;artifact;1036;1072
src/openvpn/options.c;1;!_WIN32;1 && !_WIN32;endif;1073;1073
src/openvpn/options.c;1;1;1;artifact;1074;1248
src/openvpn/options.c;1;_WIN32;1 && _WIN32;if;1249;1249
src/openvpn/options.c;1;_WIN32;1 && _WIN32;artifact;1250;1250
src/openvpn/options.c;1;!ENABLE_SMALL;1 && _WIN32 && !ENABLE_SMALL;if;1251;1251
src/openvpn/options.c;1;!ENABLE_SMALL;1 && _WIN32 && !ENABLE_SMALL;artifact;1252;1300
src/openvpn/options.c;1;!ENABLE_SMALL;1 && _WIN32 && !ENABLE_SMALL;endif;1301;1301
src/openvpn/options.c;1;_WIN32;1 && _WIN32;endif;1302;1302
src/openvpn/options.c;1;1;1;artifact;1303;1303
src/openvpn/options.c;1;DEFINED___LB___WIN32__RB__ || DEFINED___LB__TARGET_ANDROID__RB__;1 && (DEFINED___LB___WIN32__RB__ || DEFINED___LB__TARGET_ANDROID__RB__);if;1304;1304
src/openvpn/options.c;1;DEFINED___LB___WIN32__RB__ || DEFINED___LB__TARGET_ANDROID__RB__;1 && (DEFINED___LB___WIN32__RB__ || DEFINED___LB__TARGET_ANDROID__RB__);artifact;1305;1411
src/openvpn/options.c;1;!DEFINED___LB___WIN32__RB__ && !DEFINED___LB__TARGET_ANDROID__RB__;!DEFINED___LB___WIN32__RB__ && !DEFINED___LB__TARGET_ANDROID__RB__ && 1;else;1412;1412
src/openvpn/options.c;1;!DEFINED___LB___WIN32__RB__ && !DEFINED___LB__TARGET_ANDROID__RB__;!DEFINED___LB___WIN32__RB__ && !DEFINED___LB__TARGET_ANDROID__RB__ && 1;artifact;1413;1488
src/openvpn/options.c;1;!DEFINED___LB___WIN32__RB__ && !DEFINED___LB__TARGET_ANDROID__RB__;!DEFINED___LB___WIN32__RB__ && !DEFINED___LB__TARGET_ANDROID__RB__ && 1;endif;1489;1489
src/openvpn/options.c;1;1;1;artifact;1490;1490
src/openvpn/options.c;1;!ENABLE_SMALL;1 && !ENABLE_SMALL;if;1491;1491
src/openvpn/options.c;1;!ENABLE_SMALL;1 && !ENABLE_SMALL;artifact;1492;1573
src/openvpn/options.c;1;PORT_SHARE;1 && !ENABLE_SMALL && PORT_SHARE;if;1574;1574
src/openvpn/options.c;1;PORT_SHARE;1 && !ENABLE_SMALL && PORT_SHARE;artifact;1575;1576
src/openvpn/options.c;1;PORT_SHARE;1 && !ENABLE_SMALL && PORT_SHARE;endif;1577;1577
src/openvpn/options.c;1;!ENABLE_SMALL;1 && !ENABLE_SMALL;artifact;1578;1588
src/openvpn/options.c;1;!ENABLE_SMALL;1 && !ENABLE_SMALL;endif;1589;1589
src/openvpn/options.c;1;1;1;artifact;1590;1640
src/openvpn/options.c;1;!ENABLE_SMALL;1 && !ENABLE_SMALL;if;1641;1641
src/openvpn/options.c;1;!ENABLE_SMALL;1 && !ENABLE_SMALL;artifact;1642;1669
src/openvpn/options.c;1;!ENABLE_SMALL;1 && !ENABLE_SMALL;endif;1670;1670
src/openvpn/options.c;1;1;1;artifact;1671;1707
src/openvpn/options.c;1;!ENABLE_SMALL;1 && !ENABLE_SMALL;if;1708;1708
src/openvpn/options.c;1;!ENABLE_SMALL;1 && !ENABLE_SMALL;artifact;1709;1739
src/openvpn/options.c;1;ENABLE_FRAGMENT;1 && !ENABLE_SMALL && ENABLE_FRAGMENT;if;1740;1740
src/openvpn/options.c;1;ENABLE_FRAGMENT;1 && !ENABLE_SMALL && ENABLE_FRAGMENT;artifact;1741;1741
src/openvpn/options.c;1;ENABLE_FRAGMENT;1 && !ENABLE_SMALL && ENABLE_FRAGMENT;endif;1742;1742
src/openvpn/options.c;1;!ENABLE_SMALL;1 && !ENABLE_SMALL;artifact;1743;1793
src/openvpn/options.c;1;!ENABLE_SMALL;1 && !ENABLE_SMALL;endif;1794;1794
src/openvpn/options.c;1;1;1;artifact;1795;1798
src/openvpn/options.c;1;!ENABLE_SMALL;1 && !ENABLE_SMALL;if;1799;1799
src/openvpn/options.c;1;!ENABLE_SMALL;1 && !ENABLE_SMALL;artifact;1800;1805
src/openvpn/options.c;1;ENABLE_FEATURE_TUN_PERSIST;1 && !ENABLE_SMALL && ENABLE_FEATURE_TUN_PERSIST;if;1806;1806
src/openvpn/options.c;1;ENABLE_FEATURE_TUN_PERSIST;1 && !ENABLE_SMALL && ENABLE_FEATURE_TUN_PERSIST;artifact;1807;1808
src/openvpn/options.c;1;ENABLE_FEATURE_TUN_PERSIST;1 && !ENABLE_SMALL && ENABLE_FEATURE_TUN_PERSIST;endif;1809;1809
src/openvpn/options.c;1;!ENABLE_SMALL;1 && !ENABLE_SMALL;artifact;1810;1827
src/openvpn/options.c;1;DEFINED___LB__ENABLE_DCO__RB__;1 && !ENABLE_SMALL && DEFINED___LB__ENABLE_DCO__RB__;if;1828;1828
src/openvpn/options.c;1;DEFINED___LB__ENABLE_DCO__RB__;1 && !ENABLE_SMALL && DEFINED___LB__ENABLE_DCO__RB__;artifact;1829;1829
src/openvpn/options.c;1;DEFINED___LB__ENABLE_DCO__RB__;1 && !ENABLE_SMALL && DEFINED___LB__ENABLE_DCO__RB__;endif;1830;1830
src/openvpn/options.c;1;!ENABLE_SMALL;1 && !ENABLE_SMALL;artifact;1831;1859
src/openvpn/options.c;1;PASSTOS_CAPABILITY;1 && !ENABLE_SMALL && PASSTOS_CAPABILITY;if;1860;1860
src/openvpn/options.c;1;PASSTOS_CAPABILITY;1 && !ENABLE_SMALL && PASSTOS_CAPABILITY;artifact;1861;1861
src/openvpn/options.c;1;PASSTOS_CAPABILITY;1 && !ENABLE_SMALL && PASSTOS_CAPABILITY;endif;1862;1862
src/openvpn/options.c;1;!ENABLE_SMALL;1 && !ENABLE_SMALL;artifact;1863;1870
src/openvpn/options.c;1;ENABLE_SELINUX;1 && !ENABLE_SMALL && ENABLE_SELINUX;if;1871;1871
src/openvpn/options.c;1;ENABLE_SELINUX;1 && !ENABLE_SMALL && ENABLE_SELINUX;artifact;1872;1872
src/openvpn/options.c;1;ENABLE_SELINUX;1 && !ENABLE_SMALL && ENABLE_SELINUX;endif;1873;1873
src/openvpn/options.c;1;!ENABLE_SMALL;1 && !ENABLE_SMALL;artifact;1874;1886
src/openvpn/options.c;1;ENABLE_DEBUG;1 && !ENABLE_SMALL && ENABLE_DEBUG;if;1887;1887
src/openvpn/options.c;1;ENABLE_DEBUG;1 && !ENABLE_SMALL && ENABLE_DEBUG;artifact;1888;1888
src/openvpn/options.c;1;ENABLE_DEBUG;1 && !ENABLE_SMALL && ENABLE_DEBUG;endif;1889;1889
src/openvpn/options.c;1;!ENABLE_SMALL;1 && !ENABLE_SMALL;artifact;1890;1896
src/openvpn/options.c;1;DEFINED___LB__TARGET_LINUX__RB__ && HAVE_DECL_SO_MARK;1 && !ENABLE_SMALL && DEFINED___LB__TARGET_LINUX__RB__ && HAVE_DECL_SO_MARK;if;1897;1897
src/openvpn/options.c;1;DEFINED___LB__TARGET_LINUX__RB__ && HAVE_DECL_SO_MARK;1 && !ENABLE_SMALL && DEFINED___LB__TARGET_LINUX__RB__ && HAVE_DECL_SO_MARK;artifact;1898;1898
src/openvpn/options.c;1;DEFINED___LB__TARGET_LINUX__RB__ && HAVE_DECL_SO_MARK;1 && !ENABLE_SMALL && DEFINED___LB__TARGET_LINUX__RB__ && HAVE_DECL_SO_MARK;endif;1899;1899
src/openvpn/options.c;1;!ENABLE_SMALL;1 && !ENABLE_SMALL;artifact;1900;1930
src/openvpn/options.c;1;ENABLE_MANAGEMENT;1 && !ENABLE_SMALL && ENABLE_MANAGEMENT;if;1931;1931
src/openvpn/options.c;1;ENABLE_MANAGEMENT;1 && !ENABLE_SMALL && ENABLE_MANAGEMENT;artifact;1932;1939
src/openvpn/options.c;1;ENABLE_MANAGEMENT;1 && !ENABLE_SMALL && ENABLE_MANAGEMENT;endif;1940;1940
src/openvpn/options.c;1;ENABLE_PLUGIN;1 && !ENABLE_SMALL && ENABLE_PLUGIN;if;1941;1941
src/openvpn/options.c;1;ENABLE_PLUGIN;1 && !ENABLE_SMALL && ENABLE_PLUGIN;artifact;1942;1945
src/openvpn/options.c;1;ENABLE_PLUGIN;1 && !ENABLE_SMALL && ENABLE_PLUGIN;endif;1946;1946
src/openvpn/options.c;1;!ENABLE_SMALL;1 && !ENABLE_SMALL;artifact;1947;1952
src/openvpn/options.c;1;!ENABLE_CRYPTO_MBEDTLS;1 && !ENABLE_SMALL && !ENABLE_CRYPTO_MBEDTLS;if;1953;1953
src/openvpn/options.c;1;!ENABLE_CRYPTO_MBEDTLS;1 && !ENABLE_SMALL && !ENABLE_CRYPTO_MBEDTLS;artifact;1954;1954
src/openvpn/options.c;1;!ENABLE_CRYPTO_MBEDTLS;1 && !ENABLE_SMALL && !ENABLE_CRYPTO_MBEDTLS;endif;1955;1955
src/openvpn/options.c;1;!ENABLE_SMALL;1 && !ENABLE_SMALL;artifact;1956;1960
src/openvpn/options.c;1;ENABLE_PREDICTION_RESISTANCE;1 && !ENABLE_SMALL && ENABLE_PREDICTION_RESISTANCE;if;1961;1961
src/openvpn/options.c;1;ENABLE_PREDICTION_RESISTANCE;1 && !ENABLE_SMALL && ENABLE_PREDICTION_RESISTANCE;artifact;1962;1962
src/openvpn/options.c;1;ENABLE_PREDICTION_RESISTANCE;1 && !ENABLE_SMALL && ENABLE_PREDICTION_RESISTANCE;endif;1963;1963
src/openvpn/options.c;1;!ENABLE_SMALL;1 && !ENABLE_SMALL;artifact;1964;1987
src/openvpn/options.c;1;!ENABLE_CRYPTO_MBEDTLS;1 && !ENABLE_SMALL && !ENABLE_CRYPTO_MBEDTLS;if;1988;1988
src/openvpn/options.c;1;!ENABLE_CRYPTO_MBEDTLS;1 && !ENABLE_SMALL && !ENABLE_CRYPTO_MBEDTLS;artifact;1989;1989
src/openvpn/options.c;1;!ENABLE_CRYPTO_MBEDTLS;1 && !ENABLE_SMALL && !ENABLE_CRYPTO_MBEDTLS;endif;1990;1990
src/openvpn/options.c;1;ENABLE_CRYPTOAPI;1 && !ENABLE_SMALL && ENABLE_CRYPTOAPI;if;1991;1991
src/openvpn/options.c;1;ENABLE_CRYPTOAPI;1 && !ENABLE_SMALL && ENABLE_CRYPTOAPI;artifact;1992;1992
src/openvpn/options.c;1;ENABLE_CRYPTOAPI;1 && !ENABLE_SMALL && ENABLE_CRYPTOAPI;endif;1993;1993
src/openvpn/options.c;1;!ENABLE_SMALL;1 && !ENABLE_SMALL;artifact;1994;2044
src/openvpn/options.c;1;ENABLE_PKCS11;1 && !ENABLE_SMALL && ENABLE_PKCS11;if;2045;2045
src/openvpn/options.c;1;ENABLE_PKCS11;1 && !ENABLE_SMALL && ENABLE_PKCS11;artifact;2046;2076
src/openvpn/options.c;1;ENABLE_PKCS11;1 && !ENABLE_SMALL && ENABLE_PKCS11;endif;2077;2077
src/openvpn/options.c;1;!ENABLE_SMALL;1 && !ENABLE_SMALL;artifact;2078;2080
src/openvpn/options.c;1;_WIN32;1 && !ENABLE_SMALL && _WIN32;if;2081;2081
src/openvpn/options.c;1;_WIN32;1 && !ENABLE_SMALL && _WIN32;artifact;2082;2085
src/openvpn/options.c;1;_WIN32;1 && !ENABLE_SMALL && _WIN32;endif;2086;2086
src/openvpn/options.c;1;!ENABLE_SMALL;1 && !ENABLE_SMALL;endif;2087;2087
src/openvpn/options.c;1;1;1;artifact;2088;2094
src/openvpn/options.c;1;ENABLE_MANAGEMENT;1 && ENABLE_MANAGEMENT;if;2095;2095
src/openvpn/options.c;1;ENABLE_MANAGEMENT;1 && ENABLE_MANAGEMENT;artifact;2096;2159
src/openvpn/options.c;1;ENABLE_MANAGEMENT;1 && ENABLE_MANAGEMENT;endif;2160;2160
src/openvpn/options.c;1;1;1;artifact;2161;2302
src/openvpn/options.c;1;!ENABLE_CRYPTO_MBEDTLS;1 && !ENABLE_CRYPTO_MBEDTLS;if;2303;2303
src/openvpn/options.c;1;!ENABLE_CRYPTO_MBEDTLS;1 && !ENABLE_CRYPTO_MBEDTLS;artifact;2304;2304
src/openvpn/options.c;1;!ENABLE_CRYPTO_MBEDTLS;1 && !ENABLE_CRYPTO_MBEDTLS;endif;2305;2305
src/openvpn/options.c;1;1;1;artifact;2306;2311
src/openvpn/options.c;1;!ENABLE_CRYPTO_MBEDTLS;1 && !ENABLE_CRYPTO_MBEDTLS;if;2312;2312
src/openvpn/options.c;1;!ENABLE_CRYPTO_MBEDTLS;1 && !ENABLE_CRYPTO_MBEDTLS;artifact;2313;2313
src/openvpn/options.c;1;!ENABLE_CRYPTO_MBEDTLS;1 && !ENABLE_CRYPTO_MBEDTLS;endif;2314;2314
src/openvpn/options.c;1;1;1;artifact;2315;2432
src/openvpn/options.c;1;ENABLE_MANAGEMENT;1 && ENABLE_MANAGEMENT;if;2433;2433
src/openvpn/options.c;1;ENABLE_MANAGEMENT;1 && ENABLE_MANAGEMENT;artifact;2434;2454
src/openvpn/options.c;1;ENABLE_MANAGEMENT;1 && ENABLE_MANAGEMENT;endif;2455;2455
src/openvpn/options.c;1;1;1;artifact;2456;2456
src/openvpn/options.c;1;!DEFINED___LB__HAVE_XKEY_PROVIDER__RB__;1 && !DEFINED___LB__HAVE_XKEY_PROVIDER__RB__;if;2457;2457
src/openvpn/options.c;1;!DEFINED___LB__HAVE_XKEY_PROVIDER__RB__;1 && !DEFINED___LB__HAVE_XKEY_PROVIDER__RB__;artifact;2458;2465
src/openvpn/options.c;1;!DEFINED___LB__HAVE_XKEY_PROVIDER__RB__;1 && !DEFINED___LB__HAVE_XKEY_PROVIDER__RB__;endif;2466;2466
src/openvpn/options.c;1;1;1;artifact;2467;2470
src/openvpn/options.c;1;_WIN32;1 && _WIN32;if;2471;2471
src/openvpn/options.c;1;_WIN32;1 && _WIN32;artifact;2472;2502
src/openvpn/options.c;1;_WIN32;1 && _WIN32;endif;2503;2503
src/openvpn/options.c;1;1;1;artifact;2504;2508
src/openvpn/options.c;1;ENABLE_FRAGMENT;1 && ENABLE_FRAGMENT;if;2509;2509
src/openvpn/options.c;1;ENABLE_FRAGMENT;1 && ENABLE_FRAGMENT;artifact;2510;2513
src/openvpn/options.c;1;ENABLE_FRAGMENT;1 && ENABLE_FRAGMENT;endif;2514;2514
src/openvpn/options.c;1;1;1;artifact;2515;2556
src/openvpn/options.c;1;TARGET_ANDROID;1 && TARGET_ANDROID;if;2557;2557
src/openvpn/options.c;1;TARGET_ANDROID;1 && TARGET_ANDROID;artifact;2558;2558
src/openvpn/options.c;1;TARGET_ANDROID;1 && TARGET_ANDROID;endif;2559;2559
src/openvpn/options.c;1;1;1;artifact;2560;2575
src/openvpn/options.c;1;PORT_SHARE;1 && PORT_SHARE;if;2576;2576
src/openvpn/options.c;1;PORT_SHARE;1 && PORT_SHARE;artifact;2577;2582
src/openvpn/options.c;1;PORT_SHARE;1 && PORT_SHARE;endif;2583;2583
src/openvpn/options.c;1;1;1;artifact;2584;2798
src/openvpn/options.c;1;PORT_SHARE;1 && PORT_SHARE;if;2799;2799
src/openvpn/options.c;1;PORT_SHARE;1 && PORT_SHARE;artifact;2800;2803
src/openvpn/options.c;1;PORT_SHARE;1 && PORT_SHARE;endif;2804;2804
src/openvpn/options.c;1;1;1;artifact;2805;2871
src/openvpn/options.c;1;ENABLE_PKCS11;1 && ENABLE_PKCS11;if;2872;2872
src/openvpn/options.c;1;ENABLE_PKCS11;1 && ENABLE_PKCS11;artifact;2873;2911
src/openvpn/options.c;1;ENABLE_CRYPTOAPI;1 && ENABLE_PKCS11 && ENABLE_CRYPTOAPI;if;2912;2912
src/openvpn/options.c;1;ENABLE_CRYPTOAPI;1 && ENABLE_PKCS11 && ENABLE_CRYPTOAPI;artifact;2913;2916
src/openvpn/options.c;1;ENABLE_CRYPTOAPI;1 && ENABLE_PKCS11 && ENABLE_CRYPTOAPI;endif;2917;2917
src/openvpn/options.c;1;ENABLE_PKCS11;1 && ENABLE_PKCS11;artifact;2918;2919
src/openvpn/options.c;1;ENABLE_PKCS11;1 && ENABLE_PKCS11;endif;2920;2920
src/openvpn/options.c;1;1;1;artifact;2921;2936
src/openvpn/options.c;1;ENABLE_CRYPTOAPI;1 && ENABLE_CRYPTOAPI;if;2937;2937
src/openvpn/options.c;1;ENABLE_CRYPTOAPI;1 && ENABLE_CRYPTOAPI;artifact;2938;2961
src/openvpn/options.c;1;ENABLE_CRYPTOAPI;1 && ENABLE_CRYPTOAPI;endif;2962;2962
src/openvpn/options.c;1;1;1;artifact;2963;2964
src/openvpn/options.c;1;ENABLE_CRYPTO_MBEDTLS;1 && ENABLE_CRYPTO_MBEDTLS;if;2965;2965
src/openvpn/options.c;1;ENABLE_CRYPTO_MBEDTLS;1 && ENABLE_CRYPTO_MBEDTLS;artifact;2966;2966
src/openvpn/options.c;1;!ENABLE_CRYPTO_MBEDTLS;!ENABLE_CRYPTO_MBEDTLS && 1;else;2967;2967
src/openvpn/options.c;1;!ENABLE_CRYPTO_MBEDTLS;!ENABLE_CRYPTO_MBEDTLS && 1;artifact;2968;2987
src/openvpn/options.c;1;!ENABLE_CRYPTO_MBEDTLS;!ENABLE_CRYPTO_MBEDTLS && 1;endif;2988;2988
src/openvpn/options.c;1;1;1;artifact;2989;2991
src/openvpn/options.c;1;ENABLE_CRYPTO_MBEDTLS;1 && ENABLE_CRYPTO_MBEDTLS;if;2992;2992
src/openvpn/options.c;1;ENABLE_CRYPTO_MBEDTLS;1 && ENABLE_CRYPTO_MBEDTLS;artifact;2993;2996
src/openvpn/options.c;1;ENABLE_CRYPTO_MBEDTLS;1 && ENABLE_CRYPTO_MBEDTLS;endif;2997;2997
src/openvpn/options.c;1;1;1;artifact;2998;3058
src/openvpn/options.c;1;!ENABLE_CRYPTO_MBEDTLS;1 && !ENABLE_CRYPTO_MBEDTLS;if;3059;3059
src/openvpn/options.c;1;!ENABLE_CRYPTO_MBEDTLS;1 && !ENABLE_CRYPTO_MBEDTLS;artifact;3060;3060
src/openvpn/options.c;1;!ENABLE_CRYPTO_MBEDTLS;1 && !ENABLE_CRYPTO_MBEDTLS;endif;3061;3061
src/openvpn/options.c;1;1;1;artifact;3062;3083
src/openvpn/options.c;1;ENABLE_PKCS11;1 && ENABLE_PKCS11;if;3084;3084
src/openvpn/options.c;1;ENABLE_PKCS11;1 && ENABLE_PKCS11;artifact;3085;3088
src/openvpn/options.c;1;ENABLE_PKCS11;1 && ENABLE_PKCS11;endif;3089;3089
src/openvpn/options.c;1;1;1;artifact;3090;3193
src/openvpn/options.c;1;ENABLE_FRAGMENT;1 && ENABLE_FRAGMENT;if;3194;3194
src/openvpn/options.c;1;ENABLE_FRAGMENT;1 && ENABLE_FRAGMENT;artifact;3195;3199
src/openvpn/options.c;1;ENABLE_FRAGMENT;1 && ENABLE_FRAGMENT;endif;3200;3200
src/openvpn/options.c;1;1;1;artifact;3201;3258
src/openvpn/options.c;1;_WIN32;1 && _WIN32;if;3259;3259
src/openvpn/options.c;1;_WIN32;1 && _WIN32;artifact;3260;3272
src/openvpn/options.c;1;_WIN32;1 && _WIN32;endif;3273;3273
src/openvpn/options.c;1;1;1;artifact;3274;3392
src/openvpn/options.c;1;_WIN32;1 && _WIN32;if;3393;3393
src/openvpn/options.c;1;_WIN32;1 && _WIN32;artifact;3394;3440
src/openvpn/options.c;1;_WIN32;1 && _WIN32;endif;3441;3441
src/openvpn/options.c;1;1;1;artifact;3442;3442
src/openvpn/options.c;1;DEFAULT_PKCS11_MODULE;1 && DEFAULT_PKCS11_MODULE;if;3443;3443
src/openvpn/options.c;1;DEFAULT_PKCS11_MODULE;1 && DEFAULT_PKCS11_MODULE;artifact;3444;3451
src/openvpn/options.c;1;DEFAULT_PKCS11_MODULE;1 && DEFAULT_PKCS11_MODULE;endif;3452;3452
src/openvpn/options.c;1;1;1;artifact;3453;3632
src/openvpn/options.c;1;USE_COMP;1 && USE_COMP;if;3633;3633
src/openvpn/options.c;1;USE_COMP;1 && USE_COMP;artifact;3634;3645
src/openvpn/options.c;1;!USE_COMP;!USE_COMP && 1;else;3646;3646
src/openvpn/options.c;1;!USE_COMP;!USE_COMP && 1;artifact;3647;3647
src/openvpn/options.c;1;!USE_COMP;!USE_COMP && 1;endif;3648;3648
src/openvpn/options.c;1;1;1;artifact;3649;3660
src/openvpn/options.c;1;!HAVE_EXPORT_KEYING_MATERIAL;1 && !HAVE_EXPORT_KEYING_MATERIAL;if;3661;3661
src/openvpn/options.c;1;!HAVE_EXPORT_KEYING_MATERIAL;1 && !HAVE_EXPORT_KEYING_MATERIAL;artifact;3662;3663
src/openvpn/options.c;1;!HAVE_EXPORT_KEYING_MATERIAL;1 && !HAVE_EXPORT_KEYING_MATERIAL;endif;3664;3664
src/openvpn/options.c;1;1;1;artifact;3665;3748
src/openvpn/options.c;1;ENABLE_MANAGEMENT;1 && ENABLE_MANAGEMENT;if;3749;3749
src/openvpn/options.c;1;ENABLE_MANAGEMENT;1 && ENABLE_MANAGEMENT;artifact;3750;3753
src/openvpn/options.c;1;ENABLE_MANAGEMENT;1 && ENABLE_MANAGEMENT;endif;3754;3754
src/openvpn/options.c;1;1;1;artifact;3755;3774
src/openvpn/options.c;1;USE_COMP;1 && USE_COMP;if;3775;3775
src/openvpn/options.c;1;USE_COMP;1 && USE_COMP;artifact;3776;3779
src/openvpn/options.c;1;USE_COMP;1 && USE_COMP;endif;3780;3780
src/openvpn/options.c;1;1;1;artifact;3781;3781
src/openvpn/options.c;1;_WIN32;1 && _WIN32;if;3782;3782
src/openvpn/options.c;1;_WIN32;1 && _WIN32;artifact;3783;3798
src/openvpn/options.c;1;!_WIN32;!_WIN32 && 1;else;3799;3799
src/openvpn/options.c;1;!_WIN32;!_WIN32 && 1;artifact;3800;3805
src/openvpn/options.c;1;!_WIN32;!_WIN32 && 1;endif;3806;3806
src/openvpn/options.c;1;1;1;artifact;3807;3823
src/openvpn/options.c;1;DEFINED___LB___WIN32__RB__ || DEFINED___LB__TARGET_ANDROID__RB__;1 && (DEFINED___LB___WIN32__RB__ || DEFINED___LB__TARGET_ANDROID__RB__);if;3824;3824
src/openvpn/options.c;1;DEFINED___LB___WIN32__RB__ || DEFINED___LB__TARGET_ANDROID__RB__;1 && (DEFINED___LB___WIN32__RB__ || DEFINED___LB__TARGET_ANDROID__RB__);artifact;3825;3825
src/openvpn/options.c;1;!DEFINED___LB___WIN32__RB__ && !DEFINED___LB__TARGET_ANDROID__RB__;!DEFINED___LB___WIN32__RB__ && !DEFINED___LB__TARGET_ANDROID__RB__ && 1;else;3826;3826
src/openvpn/options.c;1;!DEFINED___LB___WIN32__RB__ && !DEFINED___LB__TARGET_ANDROID__RB__;!DEFINED___LB___WIN32__RB__ && !DEFINED___LB__TARGET_ANDROID__RB__ && 1;artifact;3827;3827
src/openvpn/options.c;1;!DEFINED___LB___WIN32__RB__ && !DEFINED___LB__TARGET_ANDROID__RB__;!DEFINED___LB___WIN32__RB__ && !DEFINED___LB__TARGET_ANDROID__RB__ && 1;endif;3828;3828
src/openvpn/options.c;1;1;1;artifact;3829;3840
src/openvpn/options.c;1;!ENABLE_SMALL;1 && !ENABLE_SMALL;if;3841;3841
src/openvpn/options.c;1;!ENABLE_SMALL;1 && !ENABLE_SMALL;artifact;3842;3903
src/openvpn/options.c;1;!_WIN32;1 && !ENABLE_SMALL && !_WIN32;if;3904;3904
src/openvpn/options.c;1;!_WIN32;1 && !ENABLE_SMALL && !_WIN32;artifact;3905;3911
src/openvpn/options.c;1;!_WIN32;1 && !ENABLE_SMALL && !_WIN32;endif;3912;3912
src/openvpn/options.c;1;!ENABLE_SMALL;1 && !ENABLE_SMALL;artifact;3913;4134
src/openvpn/options.c;1;ENABLE_MANAGEMENT;1 && !ENABLE_SMALL && ENABLE_MANAGEMENT;if;4135;4135
src/openvpn/options.c;1;ENABLE_MANAGEMENT;1 && !ENABLE_SMALL && ENABLE_MANAGEMENT;artifact;4136;4138
src/openvpn/options.c;1;ENABLE_MANAGEMENT;1 && !ENABLE_SMALL && ENABLE_MANAGEMENT;endif;4139;4139
src/openvpn/options.c;1;!ENABLE_SMALL;1 && !ENABLE_SMALL;artifact;4140;4164
src/openvpn/options.c;1;!ENABLE_SMALL;1 && !ENABLE_SMALL;endif;4165;4165
src/openvpn/options.c;1;1;1;artifact;4166;4176
src/openvpn/options.c;1;!ENABLE_SMALL;1 && !ENABLE_SMALL;if;4177;4177
src/openvpn/options.c;1;!ENABLE_SMALL;1 && !ENABLE_SMALL;artifact;4178;4178
src/openvpn/options.c;1;!ENABLE_SMALL;1 && !ENABLE_SMALL;endif;4179;4179
src/openvpn/options.c;1;1;1;artifact;4180;4193
src/openvpn/options.c;1;DEFINED___LB___WIN32__RB__ || DEFINED___LB__TARGET_ANDROID__RB__;1 && (DEFINED___LB___WIN32__RB__ || DEFINED___LB__TARGET_ANDROID__RB__);if;4194;4194
src/openvpn/options.c;1;DEFINED___LB___WIN32__RB__ || DEFINED___LB__TARGET_ANDROID__RB__;1 && (DEFINED___LB___WIN32__RB__ || DEFINED___LB__TARGET_ANDROID__RB__);artifact;4195;4195
src/openvpn/options.c;1;!DEFINED___LB___WIN32__RB__ && !DEFINED___LB__TARGET_ANDROID__RB__;!DEFINED___LB___WIN32__RB__ && !DEFINED___LB__TARGET_ANDROID__RB__ && 1;else;4196;4196
src/openvpn/options.c;1;!DEFINED___LB___WIN32__RB__ && !DEFINED___LB__TARGET_ANDROID__RB__;!DEFINED___LB___WIN32__RB__ && !DEFINED___LB__TARGET_ANDROID__RB__ && 1;artifact;4197;4197
src/openvpn/options.c;1;!DEFINED___LB___WIN32__RB__ && !DEFINED___LB__TARGET_ANDROID__RB__;!DEFINED___LB___WIN32__RB__ && !DEFINED___LB__TARGET_ANDROID__RB__ && 1;endif;4198;4198
src/openvpn/options.c;1;1;1;artifact;4199;4328
src/openvpn/options.c;1;USE_COMP;1 && USE_COMP;if;4329;4329
src/openvpn/options.c;1;USE_COMP;1 && USE_COMP;artifact;4330;4333
src/openvpn/options.c;1;USE_COMP;1 && USE_COMP;endif;4334;4334
src/openvpn/options.c;1;1;1;artifact;4335;4335
src/openvpn/options.c;1;ENABLE_FRAGMENT;1 && ENABLE_FRAGMENT;if;4336;4336
src/openvpn/options.c;1;ENABLE_FRAGMENT;1 && ENABLE_FRAGMENT;artifact;4337;4340
src/openvpn/options.c;1;ENABLE_FRAGMENT;1 && ENABLE_FRAGMENT;endif;4341;4341
src/openvpn/options.c;1;1;1;artifact;4342;4400
src/openvpn/options.c;1;ENABLE_PREDICTION_RESISTANCE;1 && ENABLE_PREDICTION_RESISTANCE;if;4401;4401
src/openvpn/options.c;1;ENABLE_PREDICTION_RESISTANCE;1 && ENABLE_PREDICTION_RESISTANCE;artifact;4402;4405
src/openvpn/options.c;1;ENABLE_PREDICTION_RESISTANCE;1 && ENABLE_PREDICTION_RESISTANCE;endif;4406;4406
src/openvpn/options.c;1;1;1;artifact;4407;4671
src/openvpn/options.c;1;_WIN32;1 && _WIN32;if;4672;4672
src/openvpn/options.c;1;_WIN32;1 && _WIN32;artifact;4673;4702
src/openvpn/options.c;1;_WIN32;1 && _WIN32;endif;4703;4703
src/openvpn/options.c;1;1;1;artifact;4704;4814
src/openvpn/options.c;1;ENABLE_SMALL;1 && ENABLE_SMALL;if;4815;4815
src/openvpn/options.c;1;ENABLE_SMALL;1 && ENABLE_SMALL;artifact;4816;4818
src/openvpn/options.c;1;!ENABLE_SMALL;!ENABLE_SMALL && 1;else;4819;4819
src/openvpn/options.c;1;!ENABLE_SMALL;!ENABLE_SMALL && 1;artifact;4820;4836
src/openvpn/options.c;1;!ENABLE_SMALL;!ENABLE_SMALL && 1;endif;4837;4837
src/openvpn/options.c;1;1;1;artifact;4838;4848
src/openvpn/options.c;1;_WIN32;1 && _WIN32;if;4849;4849
src/openvpn/options.c;1;_WIN32;1 && _WIN32;artifact;4850;4856
src/openvpn/options.c;1;_WIN32;1 && _WIN32;endif;4857;4857
src/openvpn/options.c;1;1;1;artifact;4858;4861
src/openvpn/options.c;1;ENABLE_DCO;1 && ENABLE_DCO;if;4862;4862
src/openvpn/options.c;1;ENABLE_DCO;1 && ENABLE_DCO;artifact;4863;4865
src/openvpn/options.c;1;ENABLE_DCO;1 && ENABLE_DCO;endif;4866;4866
src/openvpn/options.c;1;1;1;artifact;4867;4871
src/openvpn/options.c;1;ENABLE_LZO;1 && ENABLE_LZO;if;4872;4872
src/openvpn/options.c;1;ENABLE_LZO;1 && ENABLE_LZO;artifact;4873;4873
src/openvpn/options.c;1;!ENABLE_LZO;!ENABLE_LZO && 1;else;4874;4874
src/openvpn/options.c;1;!ENABLE_LZO;!ENABLE_LZO && 1;artifact;4875;4875
src/openvpn/options.c;1;!ENABLE_LZO;!ENABLE_LZO && 1;endif;4876;4876
src/openvpn/options.c;1;1;1;artifact;4877;4888
src/openvpn/options.c;1;_WIN32;1 && _WIN32;if;4889;4889
src/openvpn/options.c;1;_WIN32;1 && _WIN32;artifact;4890;4890
src/openvpn/options.c;1;_WIN32;1 && _WIN32;endif;4891;4891
src/openvpn/options.c;1;1;1;artifact;4892;4894
src/openvpn/options.c;1;!ENABLE_SMALL;1 && !ENABLE_SMALL;if;4895;4895
src/openvpn/options.c;1;CONFIGURE_DEFINES;1 && !ENABLE_SMALL && CONFIGURE_DEFINES;if;4896;4896
src/openvpn/options.c;1;CONFIGURE_DEFINES;1 && !ENABLE_SMALL && CONFIGURE_DEFINES;artifact;4897;4897
src/openvpn/options.c;1;CONFIGURE_DEFINES;1 && !ENABLE_SMALL && CONFIGURE_DEFINES;endif;4898;4898
src/openvpn/options.c;1;CONFIGURE_SPECIAL_BUILD;1 && !ENABLE_SMALL && CONFIGURE_SPECIAL_BUILD;if;4899;4899
src/openvpn/options.c;1;CONFIGURE_SPECIAL_BUILD;1 && !ENABLE_SMALL && CONFIGURE_SPECIAL_BUILD;artifact;4900;4900
src/openvpn/options.c;1;CONFIGURE_SPECIAL_BUILD;1 && !ENABLE_SMALL && CONFIGURE_SPECIAL_BUILD;endif;4901;4901
src/openvpn/options.c;1;!ENABLE_SMALL;1 && !ENABLE_SMALL;endif;4902;4902
src/openvpn/options.c;1;1;1;artifact;4903;4927
src/openvpn/options.c;1;0;1 && 0;if;4928;4928
src/openvpn/options.c;1;0;1 && 0;artifact;4929;4933
src/openvpn/options.c;1;0;1 && 0;endif;4934;4934
src/openvpn/options.c;1;1;1;artifact;4935;4942
src/openvpn/options.c;1;_WIN32;1 && _WIN32;if;4943;4943
src/openvpn/options.c;1;_WIN32;1 && _WIN32;artifact;4944;4950
src/openvpn/options.c;1;_WIN32;1 && _WIN32;endif;4951;4951
src/openvpn/options.c;1;1;1;artifact;4952;5073
src/openvpn/options.c;1;ENABLE_SMALL;1 && ENABLE_SMALL;if;5074;5074
src/openvpn/options.c;1;ENABLE_SMALL;1 && ENABLE_SMALL;artifact;5075;5075
src/openvpn/options.c;1;!ENABLE_SMALL;!ENABLE_SMALL && 1;else;5076;5076
src/openvpn/options.c;1;!ENABLE_SMALL;!ENABLE_SMALL && 1;artifact;5077;5077
src/openvpn/options.c;1;!ENABLE_SMALL;!ENABLE_SMALL && 1;endif;5078;5078
src/openvpn/options.c;1;1;1;artifact;5079;5120
src/openvpn/options.c;1;0;1 && 0;if;5121;5121
src/openvpn/options.c;1;0;1 && 0;artifact;5122;5128
src/openvpn/options.c;1;0;1 && 0;endif;5129;5129
src/openvpn/options.c;1;1;1;artifact;5130;5593
src/openvpn/options.c;1;!ENABLE_SMALL;1 && !ENABLE_SMALL;if;5594;5594
src/openvpn/options.c;1;!ENABLE_SMALL;1 && !ENABLE_SMALL;artifact;5595;5613
src/openvpn/options.c;1;!ENABLE_SMALL;1 && !ENABLE_SMALL;endif;5614;5614
src/openvpn/options.c;1;1;1;artifact;5615;5673
src/openvpn/options.c;1;!ENABLE_SMALL;1 && !ENABLE_SMALL;if;5674;5674
src/openvpn/options.c;1;!ENABLE_SMALL;1 && !ENABLE_SMALL;artifact;5675;5685
src/openvpn/options.c;1;!ENABLE_SMALL;1 && !ENABLE_SMALL;endif;5686;5686
src/openvpn/options.c;1;1;1;artifact;5687;5712
src/openvpn/options.c;1;ENABLE_PKCS11;1 && ENABLE_PKCS11;if;5713;5713
src/openvpn/options.c;1;ENABLE_PKCS11;1 && ENABLE_PKCS11;artifact;5714;5714
src/openvpn/options.c;1;ENABLE_PKCS11;1 && ENABLE_PKCS11;endif;5715;5715
src/openvpn/options.c;1;ENABLE_CRYPTOAPI;1 && ENABLE_CRYPTOAPI;if;5716;5716
src/openvpn/options.c;1;ENABLE_CRYPTOAPI;1 && ENABLE_CRYPTOAPI;artifact;5717;5717
src/openvpn/options.c;1;ENABLE_CRYPTOAPI;1 && ENABLE_CRYPTOAPI;endif;5718;5718
src/openvpn/options.c;1;1;1;artifact;5719;5786
src/openvpn/options.c;1;DEFINED___LB__ENABLE_DEBUG__RB__ && !DEFINED___LB__ENABLE_SMALL__RB__;1 && DEFINED___LB__ENABLE_DEBUG__RB__ && !DEFINED___LB__ENABLE_SMALL__RB__;if;5787;5787
src/openvpn/options.c;1;DEFINED___LB__ENABLE_DEBUG__RB__ && !DEFINED___LB__ENABLE_SMALL__RB__;1 && DEFINED___LB__ENABLE_DEBUG__RB__ && !DEFINED___LB__ENABLE_SMALL__RB__;artifact;5788;5804
src/openvpn/options.c;1;DEFINED___LB__ENABLE_DEBUG__RB__ && !DEFINED___LB__ENABLE_SMALL__RB__;1 && DEFINED___LB__ENABLE_DEBUG__RB__ && !DEFINED___LB__ENABLE_SMALL__RB__;endif;5805;5805
src/openvpn/options.c;1;1;1;artifact;5806;5835
src/openvpn/options.c;1;ENABLE_MANAGEMENT;1 && ENABLE_MANAGEMENT;if;5836;5836
src/openvpn/options.c;1;ENABLE_MANAGEMENT;1 && ENABLE_MANAGEMENT;artifact;5837;5840
src/openvpn/options.c;1;ENABLE_MANAGEMENT;1 && ENABLE_MANAGEMENT;endif;5841;5841
src/openvpn/options.c;1;1;1;artifact;5842;5847
src/openvpn/options.c;1;ENABLE_MANAGEMENT;1 && ENABLE_MANAGEMENT;if;5848;5848
src/openvpn/options.c;1;ENABLE_MANAGEMENT;1 && ENABLE_MANAGEMENT;artifact;5849;5853
src/openvpn/options.c;1;UNIX_SOCK_SUPPORT;1 && ENABLE_MANAGEMENT && UNIX_SOCK_SUPPORT;if;5854;5854
src/openvpn/options.c;1;UNIX_SOCK_SUPPORT;1 && ENABLE_MANAGEMENT && UNIX_SOCK_SUPPORT;artifact;5855;5855
src/openvpn/options.c;1;!UNIX_SOCK_SUPPORT;!UNIX_SOCK_SUPPORT && 1 && ENABLE_MANAGEMENT;else;5856;5856
src/openvpn/options.c;1;!UNIX_SOCK_SUPPORT;!UNIX_SOCK_SUPPORT && 1 && ENABLE_MANAGEMENT;artifact;5857;5858
src/openvpn/options.c;1;!UNIX_SOCK_SUPPORT;!UNIX_SOCK_SUPPORT && 1 && ENABLE_MANAGEMENT;endif;5859;5859
src/openvpn/options.c;1;ENABLE_MANAGEMENT;1 && ENABLE_MANAGEMENT;artifact;5860;5979
src/openvpn/options.c;1;ENABLE_MANAGEMENT;1 && ENABLE_MANAGEMENT;endif;5980;5980
src/openvpn/options.c;1;ENABLE_PLUGIN;1 && ENABLE_PLUGIN;if;5981;5981
src/openvpn/options.c;1;ENABLE_PLUGIN;1 && ENABLE_PLUGIN;artifact;5982;5994
src/openvpn/options.c;1;ENABLE_PLUGIN;1 && ENABLE_PLUGIN;endif;5995;5995
src/openvpn/options.c;1;1;1;artifact;5996;6022
src/openvpn/options.c;1;_WIN32;1 && _WIN32;if;6023;6023
src/openvpn/options.c;1;_WIN32;1 && _WIN32;artifact;6024;6028
src/openvpn/options.c;1;_WIN32;1 && _WIN32;endif;6029;6029
src/openvpn/options.c;1;1;1;artifact;6030;6063
src/openvpn/options.c;1;ENABLE_IPROUTE;1 && ENABLE_IPROUTE;if;6064;6064
src/openvpn/options.c;1;ENABLE_IPROUTE;1 && ENABLE_IPROUTE;artifact;6065;6069
src/openvpn/options.c;1;ENABLE_IPROUTE;1 && ENABLE_IPROUTE;endif;6070;6070
src/openvpn/options.c;1;1;1;artifact;6071;6205
src/openvpn/options.c;1;ENABLE_MANAGEMENT;1 && ENABLE_MANAGEMENT;if;6206;6206
src/openvpn/options.c;1;ENABLE_MANAGEMENT;1 && ENABLE_MANAGEMENT;artifact;6207;6215
src/openvpn/options.c;1;ENABLE_MANAGEMENT;1 && ENABLE_MANAGEMENT;endif;6216;6216
src/openvpn/options.c;1;1;1;artifact;6217;6329
src/openvpn/options.c;1;ENABLE_DEBUG;1 && ENABLE_DEBUG;if;6330;6330
src/openvpn/options.c;1;ENABLE_DEBUG;1 && ENABLE_DEBUG;artifact;6331;6335
src/openvpn/options.c;1;ENABLE_DEBUG;1 && ENABLE_DEBUG;endif;6336;6336
src/openvpn/options.c;1;1;1;artifact;6337;6351
src/openvpn/options.c;1;ENABLE_SELINUX;1 && ENABLE_SELINUX;if;6352;6352
src/openvpn/options.c;1;ENABLE_SELINUX;1 && ENABLE_SELINUX;artifact;6353;6357
src/openvpn/options.c;1;ENABLE_SELINUX;1 && ENABLE_SELINUX;endif;6358;6358
src/openvpn/options.c;1;1;1;artifact;6359;6443
src/openvpn/options.c;1;ENABLE_MEMSTATS;1 && ENABLE_MEMSTATS;if;6444;6444
src/openvpn/options.c;1;ENABLE_MEMSTATS;1 && ENABLE_MEMSTATS;artifact;6445;6449
src/openvpn/options.c;1;ENABLE_MEMSTATS;1 && ENABLE_MEMSTATS;endif;6450;6450
src/openvpn/options.c;1;1;1;artifact;6451;6455
src/openvpn/options.c;1;ENABLE_IP_PKTINFO;1 && ENABLE_IP_PKTINFO;if;6456;6456
src/openvpn/options.c;1;ENABLE_IP_PKTINFO;1 && ENABLE_IP_PKTINFO;artifact;6457;6461
src/openvpn/options.c;1;ENABLE_IP_PKTINFO;1 && ENABLE_IP_PKTINFO;endif;6462;6462
src/openvpn/options.c;1;1;1;artifact;6463;6472
src/openvpn/options.c;1;!DEFINED___LB__ENABLE_DEBUG__RB__ && !DEFINED___LB__ENABLE_SMALL__RB__;1 && !DEFINED___LB__ENABLE_DEBUG__RB__ && !DEFINED___LB__ENABLE_SMALL__RB__;if;6473;6473
src/openvpn/options.c;1;!DEFINED___LB__ENABLE_DEBUG__RB__ && !DEFINED___LB__ENABLE_SMALL__RB__;1 && !DEFINED___LB__ENABLE_DEBUG__RB__ && !DEFINED___LB__ENABLE_SMALL__RB__;artifact;6474;6479
src/openvpn/options.c;1;!DEFINED___LB__ENABLE_DEBUG__RB__ && !DEFINED___LB__ENABLE_SMALL__RB__;1 && !DEFINED___LB__ENABLE_DEBUG__RB__ && !DEFINED___LB__ENABLE_SMALL__RB__;endif;6480;6480
src/openvpn/options.c;1;1;1;artifact;6481;6588
src/openvpn/options.c;1;ENABLE_FRAGMENT;1 && ENABLE_FRAGMENT;if;6589;6589
src/openvpn/options.c;1;ENABLE_FRAGMENT;1 && ENABLE_FRAGMENT;artifact;6590;6615
src/openvpn/options.c;1;ENABLE_FRAGMENT;1 && ENABLE_FRAGMENT;endif;6616;6616
src/openvpn/options.c;1;1;1;artifact;6617;6643
src/openvpn/options.c;1;DEFINED___LB__TARGET_LINUX__RB__ && HAVE_DECL_SO_MARK;1 && DEFINED___LB__TARGET_LINUX__RB__ && HAVE_DECL_SO_MARK;if;6644;6644
src/openvpn/options.c;1;DEFINED___LB__TARGET_LINUX__RB__ && HAVE_DECL_SO_MARK;1 && DEFINED___LB__TARGET_LINUX__RB__ && HAVE_DECL_SO_MARK;artifact;6645;6646
src/openvpn/options.c;1;DEFINED___LB__TARGET_LINUX__RB__ && HAVE_DECL_SO_MARK;1 && DEFINED___LB__TARGET_LINUX__RB__ && HAVE_DECL_SO_MARK;endif;6647;6647
src/openvpn/options.c;1;1;1;artifact;6648;6664
src/openvpn/options.c;1;TARGET_LINUX;1 && TARGET_LINUX;if;6665;6665
src/openvpn/options.c;1;TARGET_LINUX;1 && TARGET_LINUX;artifact;6666;6670
src/openvpn/options.c;1;TARGET_LINUX;1 && TARGET_LINUX;endif;6671;6671
src/openvpn/options.c;1;1;1;artifact;6672;6674
src/openvpn/options.c;1;TARGET_LINUX;1 && TARGET_LINUX;if;6675;6675
src/openvpn/options.c;1;TARGET_LINUX;1 && TARGET_LINUX;artifact;6676;6676
src/openvpn/options.c;1;!TARGET_LINUX;!TARGET_LINUX && 1;else;6677;6677
src/openvpn/options.c;1;!TARGET_LINUX;!TARGET_LINUX && 1;artifact;6678;6679
src/openvpn/options.c;1;!TARGET_LINUX;!TARGET_LINUX && 1;endif;6680;6680
src/openvpn/options.c;1;1;1;artifact;6681;7212
src/openvpn/options.c;1;_WIN32;1 && _WIN32;if;7213;7213
src/openvpn/options.c;1;_WIN32;1 && _WIN32;artifact;7214;7215
src/openvpn/options.c;1;_WIN32;1 && _WIN32;endif;7216;7216
src/openvpn/options.c;1;1;1;artifact;7217;7751
src/openvpn/options.c;1;PORT_SHARE;1 && PORT_SHARE;if;7752;7752
src/openvpn/options.c;1;PORT_SHARE;1 && PORT_SHARE;artifact;7753;7759
src/openvpn/options.c;1;PORT_SHARE;1 && PORT_SHARE;endif;7760;7760
src/openvpn/options.c;1;1;1;artifact;7761;7927
src/openvpn/options.c;1;ENABLE_MANAGEMENT;1 && ENABLE_MANAGEMENT;if;7928;7928
src/openvpn/options.c;1;ENABLE_MANAGEMENT;1 && ENABLE_MANAGEMENT;artifact;7929;7937
src/openvpn/options.c;1;ENABLE_MANAGEMENT;1 && ENABLE_MANAGEMENT;endif;7938;7938
src/openvpn/options.c;1;1;1;artifact;7939;7940
src/openvpn/options.c;1;_WIN32;1 && _WIN32;if;7941;7941
src/openvpn/options.c;1;_WIN32;1 && _WIN32;artifact;7942;7951
src/openvpn/options.c;1;!_WIN32;!_WIN32 && 1;else;7952;7952
src/openvpn/options.c;1;!_WIN32;!_WIN32 && 1;artifact;7953;7954
src/openvpn/options.c;1;!_WIN32;!_WIN32 && 1;endif;7955;7955
src/openvpn/options.c;1;1;1;artifact;7956;7956
src/openvpn/options.c;1;_WIN32;1 && _WIN32;if;7957;7957
src/openvpn/options.c;1;_WIN32;1 && _WIN32;artifact;7958;8048
src/openvpn/options.c;1;_WIN32;1 && _WIN32;endif;8049;8049
src/openvpn/options.c;1;1;1;artifact;8050;8139
src/openvpn/options.c;1;DEFINED___LB___WIN32__RB__ || DEFINED___LB__TARGET_ANDROID__RB__;1 && (DEFINED___LB___WIN32__RB__ || DEFINED___LB__TARGET_ANDROID__RB__);if;8140;8140
src/openvpn/options.c;1;DEFINED___LB___WIN32__RB__ || DEFINED___LB__TARGET_ANDROID__RB__;1 && (DEFINED___LB___WIN32__RB__ || DEFINED___LB__TARGET_ANDROID__RB__);artifact;8141;8214
src/openvpn/options.c;1;DEFINED___LB__TARGET_ANDROID__RB__;1 && (DEFINED___LB___WIN32__RB__ || DEFINED___LB__TARGET_ANDROID__RB__) && DEFINED___LB__TARGET_ANDROID__RB__;if;8215;8215
src/openvpn/options.c;1;DEFINED___LB__TARGET_ANDROID__RB__;1 && (DEFINED___LB___WIN32__RB__ || DEFINED___LB__TARGET_ANDROID__RB__) && DEFINED___LB__TARGET_ANDROID__RB__;artifact;8216;8220
src/openvpn/options.c;1;DEFINED___LB__TARGET_ANDROID__RB__;1 && (DEFINED___LB___WIN32__RB__ || DEFINED___LB__TARGET_ANDROID__RB__) && DEFINED___LB__TARGET_ANDROID__RB__;endif;8221;8221
src/openvpn/options.c;1;DEFINED___LB___WIN32__RB__ || DEFINED___LB__TARGET_ANDROID__RB__;1 && (DEFINED___LB___WIN32__RB__ || DEFINED___LB__TARGET_ANDROID__RB__);artifact;8222;8227
src/openvpn/options.c;1;DEFINED___LB___WIN32__RB__ || DEFINED___LB__TARGET_ANDROID__RB__;1 && (DEFINED___LB___WIN32__RB__ || DEFINED___LB__TARGET_ANDROID__RB__);endif;8228;8228
src/openvpn/options.c;1;_WIN32;1 && _WIN32;if;8229;8229
src/openvpn/options.c;1;_WIN32;1 && _WIN32;artifact;8230;8353
src/openvpn/options.c;1;!_WIN32;!_WIN32 && 1;else;8354;8354
src/openvpn/options.c;1;!_WIN32;!_WIN32 && 1;artifact;8355;8373
src/openvpn/options.c;1;!_WIN32;!_WIN32 && 1;endif;8374;8374
src/openvpn/options.c;1;PASSTOS_CAPABILITY;1 && PASSTOS_CAPABILITY;if;8375;8375
src/openvpn/options.c;1;PASSTOS_CAPABILITY;1 && PASSTOS_CAPABILITY;artifact;8376;8380
src/openvpn/options.c;1;PASSTOS_CAPABILITY;1 && PASSTOS_CAPABILITY;endif;8381;8381
src/openvpn/options.c;1;1;1;artifact;8382;8655
src/openvpn/options.c;1;HAVE_EXPORT_KEYING_MATERIAL;1 && HAVE_EXPORT_KEYING_MATERIAL;if;8656;8656
src/openvpn/options.c;1;HAVE_EXPORT_KEYING_MATERIAL;1 && HAVE_EXPORT_KEYING_MATERIAL;artifact;8657;8661
src/openvpn/options.c;1;HAVE_EXPORT_KEYING_MATERIAL;1 && HAVE_EXPORT_KEYING_MATERIAL;endif;8662;8662
src/openvpn/options.c;1;1;1;artifact;8663;8678
src/openvpn/options.c;1;HAVE_EXPORT_KEYING_MATERIAL;1 && HAVE_EXPORT_KEYING_MATERIAL;if;8679;8679
src/openvpn/options.c;1;HAVE_EXPORT_KEYING_MATERIAL;1 && HAVE_EXPORT_KEYING_MATERIAL;artifact;8680;8687
src/openvpn/options.c;1;HAVE_EXPORT_KEYING_MATERIAL;1 && HAVE_EXPORT_KEYING_MATERIAL;endif;8688;8688
src/openvpn/options.c;1;1;1;artifact;8689;8765
src/openvpn/options.c;1;!ENABLE_CRYPTO_MBEDTLS;1 && !ENABLE_CRYPTO_MBEDTLS;if;8766;8766
src/openvpn/options.c;1;!ENABLE_CRYPTO_MBEDTLS;1 && !ENABLE_CRYPTO_MBEDTLS;artifact;8767;8778
src/openvpn/options.c;1;!ENABLE_CRYPTO_MBEDTLS;1 && !ENABLE_CRYPTO_MBEDTLS;endif;8779;8779
src/openvpn/options.c;1;1;1;artifact;8780;8786
src/openvpn/options.c;1;ENABLE_PREDICTION_RESISTANCE;1 && ENABLE_PREDICTION_RESISTANCE;if;8787;8787
src/openvpn/options.c;1;ENABLE_PREDICTION_RESISTANCE;1 && ENABLE_PREDICTION_RESISTANCE;artifact;8788;8792
src/openvpn/options.c;1;ENABLE_PREDICTION_RESISTANCE;1 && ENABLE_PREDICTION_RESISTANCE;endif;8793;8793
src/openvpn/options.c;1;1;1;artifact;8794;8827
src/openvpn/options.c;1;!ENABLE_CRYPTO_MBEDTLS;1 && !ENABLE_CRYPTO_MBEDTLS;if;8828;8828
src/openvpn/options.c;1;!ENABLE_CRYPTO_MBEDTLS;1 && !ENABLE_CRYPTO_MBEDTLS;artifact;8829;8833
src/openvpn/options.c;1;!ENABLE_CRYPTO_MBEDTLS;1 && !ENABLE_CRYPTO_MBEDTLS;endif;8834;8834
src/openvpn/options.c;1;1;1;artifact;8835;8915
src/openvpn/options.c;1;DEFINED___LB__ENABLE_CRYPTOAPI__RB__ && DEFINED___LB__HAVE_XKEY_PROVIDER__RB__;1 && DEFINED___LB__ENABLE_CRYPTOAPI__RB__ && DEFINED___LB__HAVE_XKEY_PROVIDER__RB__;if;8916;8916
src/openvpn/options.c;1;DEFINED___LB__ENABLE_CRYPTOAPI__RB__ && DEFINED___LB__HAVE_XKEY_PROVIDER__RB__;1 && DEFINED___LB__ENABLE_CRYPTOAPI__RB__ && DEFINED___LB__HAVE_XKEY_PROVIDER__RB__;artifact;8917;8921
src/openvpn/options.c;1;DEFINED___LB__ENABLE_CRYPTOAPI__RB__ && DEFINED___LB__HAVE_XKEY_PROVIDER__RB__;1 && DEFINED___LB__ENABLE_CRYPTOAPI__RB__ && DEFINED___LB__HAVE_XKEY_PROVIDER__RB__;endif;8922;8922
src/openvpn/options.c;1;1;1;artifact;8923;8956
src/openvpn/options.c;1;!ENABLE_CRYPTO_MBEDTLS;1 && !ENABLE_CRYPTO_MBEDTLS;if;8957;8957
src/openvpn/options.c;1;!ENABLE_CRYPTO_MBEDTLS;1 && !ENABLE_CRYPTO_MBEDTLS;artifact;8958;8963
src/openvpn/options.c;1;!ENABLE_CRYPTO_MBEDTLS;1 && !ENABLE_CRYPTO_MBEDTLS;endif;8964;8964
src/openvpn/options.c;1;1;1;artifact;8965;8985
src/openvpn/options.c;1;ENABLE_MANAGEMENT;1 && ENABLE_MANAGEMENT;if;8986;8986
src/openvpn/options.c;1;ENABLE_MANAGEMENT;1 && ENABLE_MANAGEMENT;artifact;8987;8990
src/openvpn/options.c;1;ENABLE_MANAGEMENT;1 && ENABLE_MANAGEMENT;endif;8991;8991
src/openvpn/options.c;1;1;1;artifact;8992;9102
src/openvpn/options.c;1;ENABLE_CRYPTO_MBEDTLS;1 && ENABLE_CRYPTO_MBEDTLS;if;9103;9103
src/openvpn/options.c;1;ENABLE_CRYPTO_MBEDTLS;1 && ENABLE_CRYPTO_MBEDTLS;artifact;9104;9105
src/openvpn/options.c;1;!ENABLE_CRYPTO_MBEDTLS;!ENABLE_CRYPTO_MBEDTLS && 1;else;9106;9106
src/openvpn/options.c;1;!ENABLE_CRYPTO_MBEDTLS;!ENABLE_CRYPTO_MBEDTLS && 1;artifact;9107;9120
src/openvpn/options.c;1;!ENABLE_CRYPTO_MBEDTLS;!ENABLE_CRYPTO_MBEDTLS && 1;endif;9121;9121
src/openvpn/options.c;1;1;1;artifact;9122;9286
src/openvpn/options.c;1;ENABLE_X509ALTUSERNAME;1 && ENABLE_X509ALTUSERNAME;if;9287;9287
src/openvpn/options.c;1;ENABLE_X509ALTUSERNAME;1 && ENABLE_X509ALTUSERNAME;artifact;9288;9326
src/openvpn/options.c;1;ENABLE_X509ALTUSERNAME;1 && ENABLE_X509ALTUSERNAME;endif;9327;9327
src/openvpn/options.c;1;ENABLE_PKCS11;1 && ENABLE_PKCS11;if;9328;9328
src/openvpn/options.c;1;ENABLE_PKCS11;1 && ENABLE_PKCS11;artifact;9329;9333
src/openvpn/options.c;1;DEFAULT_PKCS11_MODULE;1 && ENABLE_PKCS11 && DEFAULT_PKCS11_MODULE;if;9334;9334
src/openvpn/options.c;1;DEFAULT_PKCS11_MODULE;1 && ENABLE_PKCS11 && DEFAULT_PKCS11_MODULE;artifact;9335;9351
src/openvpn/options.c;1;!DEFAULT_PKCS11_MODULE;!DEFAULT_PKCS11_MODULE && 1 && ENABLE_PKCS11;else;9352;9352
src/openvpn/options.c;1;!DEFAULT_PKCS11_MODULE;!DEFAULT_PKCS11_MODULE && 1 && ENABLE_PKCS11;artifact;9353;9357
src/openvpn/options.c;1;!DEFAULT_PKCS11_MODULE;!DEFAULT_PKCS11_MODULE && 1 && ENABLE_PKCS11;endif;9358;9358
src/openvpn/options.c;1;ENABLE_PKCS11;1 && ENABLE_PKCS11;artifact;9359;9423
src/openvpn/options.c;1;ENABLE_PKCS11;1 && ENABLE_PKCS11;endif;9424;9424
src/openvpn/options.c;1;1;1;artifact;9425;9442
src/openvpn/options.c;1;HAVE_EXPORT_KEYING_MATERIAL;1 && HAVE_EXPORT_KEYING_MATERIAL;if;9443;9443
src/openvpn/options.c;1;HAVE_EXPORT_KEYING_MATERIAL;1 && HAVE_EXPORT_KEYING_MATERIAL;artifact;9444;9469
src/openvpn/options.c;1;HAVE_EXPORT_KEYING_MATERIAL;1 && HAVE_EXPORT_KEYING_MATERIAL;endif;9470;9470
src/openvpn/options.c;1;1;1;artifact;9471;9541
src/openvpn/options.h;1;1;1;ROOT;1;918
src/openvpn/options.h;1;1;1;artifact;1;28
src/openvpn/options.h;1;!OPTIONS_H;1 && !OPTIONS_H;if;29;29
src/openvpn/options.h;1;!OPTIONS_H;1 && !OPTIONS_H;artifact;30;92
src/openvpn/options.h;1;!DEFINED___LB__ENABLE_CRYPTO_OPENSSL__RB__ && !DEFINED___LB__ENABLE_CRYPTO_MBEDTLS__RB__;1 && !OPTIONS_H && !DEFINED___LB__ENABLE_CRYPTO_OPENSSL__RB__ && !DEFINED___LB__ENABLE_CRYPTO_MBEDTLS__RB__;if;93;93
src/openvpn/options.h;1;!DEFINED___LB__ENABLE_CRYPTO_OPENSSL__RB__ && !DEFINED___LB__ENABLE_CRYPTO_MBEDTLS__RB__;1 && !OPTIONS_H && !DEFINED___LB__ENABLE_CRYPTO_OPENSSL__RB__ && !DEFINED___LB__ENABLE_CRYPTO_MBEDTLS__RB__;artifact;94;94
src/openvpn/options.h;1;!DEFINED___LB__ENABLE_CRYPTO_OPENSSL__RB__ && !DEFINED___LB__ENABLE_CRYPTO_MBEDTLS__RB__;1 && !OPTIONS_H && !DEFINED___LB__ENABLE_CRYPTO_OPENSSL__RB__ && !DEFINED___LB__ENABLE_CRYPTO_MBEDTLS__RB__;endif;95;95
src/openvpn/options.h;1;!OPTIONS_H;1 && !OPTIONS_H;artifact;96;292
src/openvpn/options.h;1;ENABLE_MANAGEMENT;1 && !OPTIONS_H && ENABLE_MANAGEMENT;if;293;293
src/openvpn/options.h;1;ENABLE_MANAGEMENT;1 && !OPTIONS_H && ENABLE_MANAGEMENT;artifact;294;294
src/openvpn/options.h;1;ENABLE_MANAGEMENT;1 && !OPTIONS_H && ENABLE_MANAGEMENT;endif;295;295
src/openvpn/options.h;1;!OPTIONS_H;1 && !OPTIONS_H;artifact;296;320
src/openvpn/options.h;1;ENABLE_MEMSTATS;1 && !OPTIONS_H && ENABLE_MEMSTATS;if;321;321
src/openvpn/options.h;1;ENABLE_MEMSTATS;1 && !OPTIONS_H && ENABLE_MEMSTATS;artifact;322;322
src/openvpn/options.h;1;ENABLE_MEMSTATS;1 && !OPTIONS_H && ENABLE_MEMSTATS;endif;323;323
src/openvpn/options.h;1;!OPTIONS_H;1 && !OPTIONS_H;artifact;324;347
src/openvpn/options.h;1;PASSTOS_CAPABILITY;1 && !OPTIONS_H && PASSTOS_CAPABILITY;if;348;348
src/openvpn/options.h;1;PASSTOS_CAPABILITY;1 && !OPTIONS_H && PASSTOS_CAPABILITY;artifact;349;349
src/openvpn/options.h;1;PASSTOS_CAPABILITY;1 && !OPTIONS_H && PASSTOS_CAPABILITY;endif;350;350
src/openvpn/options.h;1;!OPTIONS_H;1 && !OPTIONS_H;artifact;351;362
src/openvpn/options.h;1;ENABLE_SELINUX;1 && !OPTIONS_H && ENABLE_SELINUX;if;363;363
src/openvpn/options.h;1;ENABLE_SELINUX;1 && !OPTIONS_H && ENABLE_SELINUX;artifact;364;364
src/openvpn/options.h;1;ENABLE_SELINUX;1 && !OPTIONS_H && ENABLE_SELINUX;endif;365;365
src/openvpn/options.h;1;!OPTIONS_H;1 && !OPTIONS_H;artifact;366;383
src/openvpn/options.h;1;ENABLE_DEBUG;1 && !OPTIONS_H && ENABLE_DEBUG;if;384;384
src/openvpn/options.h;1;ENABLE_DEBUG;1 && !OPTIONS_H && ENABLE_DEBUG;artifact;385;385
src/openvpn/options.h;1;ENABLE_DEBUG;1 && !OPTIONS_H && ENABLE_DEBUG;endif;386;386
src/openvpn/options.h;1;!OPTIONS_H;1 && !OPTIONS_H;artifact;387;428
src/openvpn/options.h;1;ENABLE_MANAGEMENT;1 && !OPTIONS_H && ENABLE_MANAGEMENT;if;429;429
src/openvpn/options.h;1;ENABLE_MANAGEMENT;1 && !OPTIONS_H && ENABLE_MANAGEMENT;artifact;430;440
src/openvpn/options.h;1;ENABLE_MANAGEMENT;1 && !OPTIONS_H && ENABLE_MANAGEMENT;endif;441;441
src/openvpn/options.h;1;!OPTIONS_H;1 && !OPTIONS_H;artifact;442;444
src/openvpn/options.h;1;ENABLE_PLUGIN;1 && !OPTIONS_H && ENABLE_PLUGIN;if;445;445
src/openvpn/options.h;1;ENABLE_PLUGIN;1 && !OPTIONS_H && ENABLE_PLUGIN;artifact;446;446
src/openvpn/options.h;1;ENABLE_PLUGIN;1 && !OPTIONS_H && ENABLE_PLUGIN;endif;447;447
src/openvpn/options.h;1;!OPTIONS_H;1 && !OPTIONS_H;artifact;448;531
src/openvpn/options.h;1;PORT_SHARE;1 && !OPTIONS_H && PORT_SHARE;if;532;532
src/openvpn/options.h;1;PORT_SHARE;1 && !OPTIONS_H && PORT_SHARE;artifact;533;535
src/openvpn/options.h;1;PORT_SHARE;1 && !OPTIONS_H && PORT_SHARE;endif;536;536
src/openvpn/options.h;1;!OPTIONS_H;1 && !OPTIONS_H;artifact;537;547
src/openvpn/options.h;1;ENABLE_MANAGEMENT;1 && !OPTIONS_H && ENABLE_MANAGEMENT;if;548;548
src/openvpn/options.h;1;ENABLE_MANAGEMENT;1 && !OPTIONS_H && ENABLE_MANAGEMENT;artifact;549;549
src/openvpn/options.h;1;ENABLE_MANAGEMENT;1 && !OPTIONS_H && ENABLE_MANAGEMENT;endif;550;550
src/openvpn/options.h;1;!OPTIONS_H;1 && !OPTIONS_H;artifact;551;567
src/openvpn/options.h;1;ENABLE_PREDICTION_RESISTANCE;1 && !OPTIONS_H && ENABLE_PREDICTION_RESISTANCE;if;568;568
src/openvpn/options.h;1;ENABLE_PREDICTION_RESISTANCE;1 && !OPTIONS_H && ENABLE_PREDICTION_RESISTANCE;artifact;569;569
src/openvpn/options.h;1;ENABLE_PREDICTION_RESISTANCE;1 && !OPTIONS_H && ENABLE_PREDICTION_RESISTANCE;endif;570;570
src/openvpn/options.h;1;!OPTIONS_H;1 && !OPTIONS_H;artifact;571;608
src/openvpn/options.h;1;ENABLE_PKCS11;1 && !OPTIONS_H && ENABLE_PKCS11;if;609;609
src/openvpn/options.h;1;ENABLE_PKCS11;1 && !OPTIONS_H && ENABLE_PKCS11;artifact;610;616
src/openvpn/options.h;1;ENABLE_PKCS11;1 && !OPTIONS_H && ENABLE_PKCS11;endif;617;617
src/openvpn/options.h;1;!OPTIONS_H;1 && !OPTIONS_H;artifact;618;618
src/openvpn/options.h;1;ENABLE_CRYPTOAPI;1 && !OPTIONS_H && ENABLE_CRYPTOAPI;if;619;619
src/openvpn/options.h;1;ENABLE_CRYPTOAPI;1 && !OPTIONS_H && ENABLE_CRYPTOAPI;artifact;620;620
src/openvpn/options.h;1;ENABLE_CRYPTOAPI;1 && !OPTIONS_H && ENABLE_CRYPTOAPI;endif;621;621
src/openvpn/options.h;1;!OPTIONS_H;1 && !OPTIONS_H;artifact;622;634
src/openvpn/options.h;1;ENABLE_X509ALTUSERNAME;1 && !OPTIONS_H && ENABLE_X509ALTUSERNAME;if;635;635
src/openvpn/options.h;1;ENABLE_X509ALTUSERNAME;1 && !OPTIONS_H && ENABLE_X509ALTUSERNAME;artifact;636;637
src/openvpn/options.h;1;ENABLE_X509ALTUSERNAME;1 && !OPTIONS_H && ENABLE_X509ALTUSERNAME;endif;638;638
src/openvpn/options.h;1;!OPTIONS_H;1 && !OPTIONS_H;artifact;639;671
src/openvpn/options.h;1;_WIN32;1 && !OPTIONS_H && _WIN32;if;672;672
src/openvpn/options.h;1;_WIN32;1 && !OPTIONS_H && _WIN32;artifact;673;679
src/openvpn/options.h;1;_WIN32;1 && !OPTIONS_H && _WIN32;endif;680;680
src/openvpn/options.h;1;!OPTIONS_H;1 && !OPTIONS_H;artifact;681;684
src/openvpn/options.h;1;HAVE_EXPORT_KEYING_MATERIAL;1 && !OPTIONS_H && HAVE_EXPORT_KEYING_MATERIAL;if;685;685
src/openvpn/options.h;1;HAVE_EXPORT_KEYING_MATERIAL;1 && !OPTIONS_H && HAVE_EXPORT_KEYING_MATERIAL;artifact;686;688
src/openvpn/options.h;1;HAVE_EXPORT_KEYING_MATERIAL;1 && !OPTIONS_H && HAVE_EXPORT_KEYING_MATERIAL;endif;689;689
src/openvpn/options.h;1;!OPTIONS_H;1 && !OPTIONS_H;artifact;690;748
src/openvpn/options.h;1;!PULL_DEFINED;1 && !OPTIONS_H && !PULL_DEFINED;if;749;749
src/openvpn/options.h;1;!PULL_DEFINED;1 && !OPTIONS_H && !PULL_DEFINED;artifact;750;750
src/openvpn/options.h;1;!PULL_DEFINED;1 && !OPTIONS_H && !PULL_DEFINED;endif;751;751
src/openvpn/options.h;1;!OPTIONS_H;1 && !OPTIONS_H;artifact;752;752
src/openvpn/options.h;1;!PUSH_DEFINED;1 && !OPTIONS_H && !PUSH_DEFINED;if;753;753
src/openvpn/options.h;1;!PUSH_DEFINED;1 && !OPTIONS_H && !PUSH_DEFINED;artifact;754;754
src/openvpn/options.h;1;!PUSH_DEFINED;1 && !OPTIONS_H && !PUSH_DEFINED;endif;755;755
src/openvpn/options.h;1;!OPTIONS_H;1 && !OPTIONS_H;artifact;756;756
src/openvpn/options.h;1;_WIN32;1 && !OPTIONS_H && _WIN32;if;757;757
src/openvpn/options.h;1;_WIN32;1 && !OPTIONS_H && _WIN32;artifact;758;758
src/openvpn/options.h;1;!_WIN32;!_WIN32 && 1 && !OPTIONS_H;else;759;759
src/openvpn/options.h;1;!_WIN32;!_WIN32 && 1 && !OPTIONS_H;artifact;760;760
src/openvpn/options.h;1;!_WIN32;!_WIN32 && 1 && !OPTIONS_H;endif;761;761
src/openvpn/options.h;1;!OPTIONS_H;1 && !OPTIONS_H;artifact;762;764
src/openvpn/options.h;1;ENABLE_PLUGIN;1 && !OPTIONS_H && ENABLE_PLUGIN;if;765;765
src/openvpn/options.h;1;ENABLE_PLUGIN;1 && !OPTIONS_H && ENABLE_PLUGIN;artifact;766;766
src/openvpn/options.h;1;!ENABLE_PLUGIN;!ENABLE_PLUGIN && 1 && !OPTIONS_H;else;767;767
src/openvpn/options.h;1;!ENABLE_PLUGIN;!ENABLE_PLUGIN && 1 && !OPTIONS_H;artifact;768;768
src/openvpn/options.h;1;!ENABLE_PLUGIN;!ENABLE_PLUGIN && 1 && !OPTIONS_H;endif;769;769
src/openvpn/options.h;1;!OPTIONS_H;1 && !OPTIONS_H;artifact;770;770
src/openvpn/options.h;1;ENABLE_MANAGEMENT;1 && !OPTIONS_H && ENABLE_MANAGEMENT;if;771;771
src/openvpn/options.h;1;ENABLE_MANAGEMENT;1 && !OPTIONS_H && ENABLE_MANAGEMENT;artifact;772;772
src/openvpn/options.h;1;!ENABLE_MANAGEMENT;!ENABLE_MANAGEMENT && 1 && !OPTIONS_H;else;773;773
src/openvpn/options.h;1;!ENABLE_MANAGEMENT;!ENABLE_MANAGEMENT && 1 && !OPTIONS_H;artifact;774;774
src/openvpn/options.h;1;!ENABLE_MANAGEMENT;!ENABLE_MANAGEMENT && 1 && !OPTIONS_H;endif;775;775
src/openvpn/options.h;1;!OPTIONS_H;1 && !OPTIONS_H;artifact;776;790
src/openvpn/options.h;1;_WIN32;1 && !OPTIONS_H && _WIN32;if;791;791
src/openvpn/options.h;1;_WIN32;1 && !OPTIONS_H && _WIN32;artifact;792;793
src/openvpn/options.h;1;_WIN32;1 && !OPTIONS_H && _WIN32;endif;794;794
src/openvpn/options.h;1;!OPTIONS_H;1 && !OPTIONS_H;artifact;795;908
src/openvpn/options.h;1;ENABLE_DCO;1 && !OPTIONS_H && ENABLE_DCO;if;909;909
src/openvpn/options.h;1;ENABLE_DCO;1 && !OPTIONS_H && ENABLE_DCO;artifact;910;910
src/openvpn/options.h;1;!ENABLE_DCO;!ENABLE_DCO && 1 && !OPTIONS_H;else;911;911
src/openvpn/options.h;1;!ENABLE_DCO;!ENABLE_DCO && 1 && !OPTIONS_H;artifact;912;912
src/openvpn/options.h;1;!ENABLE_DCO;!ENABLE_DCO && 1 && !OPTIONS_H;endif;913;913
src/openvpn/options.h;1;!OPTIONS_H;1 && !OPTIONS_H;artifact;914;915
src/openvpn/options.h;1;!OPTIONS_H;1 && !OPTIONS_H;endif;916;916
src/openvpn/options.h;1;1;1;artifact;917;917
src/openvpn/options_util.c;1;1;1;ROOT;1;102
src/openvpn/options_util.c;1;1;1;artifact;1;24
src/openvpn/options_util.c;1;HAVE_CONFIG_H;1 && HAVE_CONFIG_H;if;25;25
src/openvpn/options_util.c;1;HAVE_CONFIG_H;1 && HAVE_CONFIG_H;artifact;26;26
src/openvpn/options_util.c;1;HAVE_CONFIG_H;1 && HAVE_CONFIG_H;endif;27;27
src/openvpn/options_util.c;1;1;1;artifact;28;101
src/openvpn/options_util.h;1;1;1;ROOT;1;35
src/openvpn/options_util.h;1;1;1;artifact;1;24
src/openvpn/options_util.h;1;!OPTIONS_UTIL_H_;1 && !OPTIONS_UTIL_H_;if;25;25
src/openvpn/options_util.h;1;!OPTIONS_UTIL_H_;1 && !OPTIONS_UTIL_H_;artifact;26;32
src/openvpn/options_util.h;1;!OPTIONS_UTIL_H_;1 && !OPTIONS_UTIL_H_;endif;33;33
src/openvpn/options_util.h;1;1;1;artifact;34;34
src/openvpn/otime.c;1;1;1;ROOT;1;207
src/openvpn/otime.c;1;1;1;artifact;1;23
src/openvpn/otime.c;1;HAVE_CONFIG_H;1 && HAVE_CONFIG_H;if;24;24
src/openvpn/otime.c;1;HAVE_CONFIG_H;1 && HAVE_CONFIG_H;artifact;25;25
src/openvpn/otime.c;1;HAVE_CONFIG_H;1 && HAVE_CONFIG_H;endif;26;26
src/openvpn/otime.c;1;1;1;artifact;27;185
src/openvpn/otime.c;1;TIME_TEST;1 && TIME_TEST;if;186;186
src/openvpn/otime.c;1;TIME_TEST;1 && TIME_TEST;artifact;187;196
src/openvpn/otime.c;1;1;1 && TIME_TEST && 1;if;197;197
src/openvpn/otime.c;1;1;1 && TIME_TEST && 1;artifact;198;201
src/openvpn/otime.c;1;1;1 && TIME_TEST && 1;endif;202;202
src/openvpn/otime.c;1;TIME_TEST;1 && TIME_TEST;artifact;203;204
src/openvpn/otime.c;1;TIME_TEST;1 && TIME_TEST;endif;205;205
src/openvpn/otime.c;1;1;1;artifact;206;206
src/openvpn/otime.h;1;1;1;ROOT;1;276
src/openvpn/otime.h;1;1;1;artifact;1;23
src/openvpn/otime.h;1;!OTIME_H;1 && !OTIME_H;if;24;24
src/openvpn/otime.h;1;!OTIME_H;1 && !OTIME_H;artifact;25;78
src/openvpn/otime.h;1;_WIN32;1 && !OTIME_H && _WIN32;if;79;79
src/openvpn/otime.h;1;_WIN32;1 && !OTIME_H && _WIN32;artifact;80;82
src/openvpn/otime.h;1;!_WIN32;!_WIN32 && 1 && !OTIME_H;else;83;83
src/openvpn/otime.h;1;!_WIN32;!_WIN32 && 1 && !OTIME_H;artifact;84;85
src/openvpn/otime.h;1;!_WIN32;!_WIN32 && 1 && !OTIME_H;endif;86;86
src/openvpn/otime.h;1;!OTIME_H;1 && !OTIME_H;artifact;87;273
src/openvpn/otime.h;1;!OTIME_H;1 && !OTIME_H;endif;274;274
src/openvpn/otime.h;1;1;1;artifact;275;275
src/openvpn/ovpn_dco_freebsd.h;1;1;1;ROOT;1;74
src/openvpn/ovpn_dco_freebsd.h;1;1;1;artifact;1;27
src/openvpn/ovpn_dco_freebsd.h;1;!_NET_IF_OVPN_H_;1 && !_NET_IF_OVPN_H_;if;28;28
src/openvpn/ovpn_dco_freebsd.h;1;!_NET_IF_OVPN_H_;1 && !_NET_IF_OVPN_H_;artifact;29;71
src/openvpn/ovpn_dco_freebsd.h;1;!_NET_IF_OVPN_H_;1 && !_NET_IF_OVPN_H_;endif;72;72
src/openvpn/ovpn_dco_freebsd.h;1;1;1;artifact;73;73
src/openvpn/ovpn_dco_linux.h;1;1;1;ROOT;1;258
src/openvpn/ovpn_dco_linux.h;1;1;1;artifact;1;10
src/openvpn/ovpn_dco_linux.h;1;!_UAPI_LINUX_OVPN_DCO_H_;1 && !_UAPI_LINUX_OVPN_DCO_H_;if;11;11
src/openvpn/ovpn_dco_linux.h;1;!_UAPI_LINUX_OVPN_DCO_H_;1 && !_UAPI_LINUX_OVPN_DCO_H_;artifact;12;255
src/openvpn/ovpn_dco_linux.h;1;!_UAPI_LINUX_OVPN_DCO_H_;1 && !_UAPI_LINUX_OVPN_DCO_H_;endif;256;256
src/openvpn/ovpn_dco_linux.h;1;1;1;artifact;257;257
src/openvpn/ovpn_dco_win.h;1;1;1;ROOT;1;118
src/openvpn/ovpn_dco_win.h;1;1;1;artifact;1;24
src/openvpn/ovpn_dco_win.h;1;!_KERNEL_MODE;1 && !_KERNEL_MODE;if;25;25
src/openvpn/ovpn_dco_win.h;1;!_KERNEL_MODE;1 && !_KERNEL_MODE;artifact;26;26
src/openvpn/ovpn_dco_win.h;1;!_KERNEL_MODE;1 && !_KERNEL_MODE;endif;27;27
src/openvpn/ovpn_dco_win.h;1;1;1;artifact;28;117
src/openvpn/packet_id.c;1;1;1;ROOT;1;639
src/openvpn/packet_id.c;1;1;1;artifact;1;32
src/openvpn/packet_id.c;1;HAVE_CONFIG_H;1 && HAVE_CONFIG_H;if;33;33
src/openvpn/packet_id.c;1;HAVE_CONFIG_H;1 && HAVE_CONFIG_H;artifact;34;34
src/openvpn/packet_id.c;1;HAVE_CONFIG_H;1 && HAVE_CONFIG_H;endif;35;35
src/openvpn/packet_id.c;1;1;1;artifact;36;53
src/openvpn/packet_id.c;1;ENABLE_DEBUG;1 && ENABLE_DEBUG;if;54;54
src/openvpn/packet_id.c;1;ENABLE_DEBUG;1 && ENABLE_DEBUG;artifact;55;60
src/openvpn/packet_id.c;1;ENABLE_DEBUG;1 && ENABLE_DEBUG;endif;61;61
src/openvpn/packet_id.c;1;1;1;artifact;62;69
src/openvpn/packet_id.c;1;ENABLE_DEBUG;1 && ENABLE_DEBUG;if;70;70
src/openvpn/packet_id.c;1;ENABLE_DEBUG;1 && ENABLE_DEBUG;artifact;71;74
src/openvpn/packet_id.c;1;ENABLE_DEBUG;1 && ENABLE_DEBUG;endif;75;75
src/openvpn/packet_id.c;1;1;1;artifact;76;138
src/openvpn/packet_id.c;1;PID_SIMULATE_BACKTRACK;1 && PID_SIMULATE_BACKTRACK;if;139;139
src/openvpn/packet_id.c;1;PID_SIMULATE_BACKTRACK;1 && PID_SIMULATE_BACKTRACK;artifact;140;140
src/openvpn/packet_id.c;1;PID_SIMULATE_BACKTRACK;1 && PID_SIMULATE_BACKTRACK;endif;141;141
src/openvpn/packet_id.c;1;1;1;artifact;142;450
src/openvpn/packet_id.c;1;DEFINED___LB__HAVE_FLOCK__RB__ && DEFINED___LB__LOCK_EX__RB__ && DEFINED___LB__LOCK_NB__RB__;1 && DEFINED___LB__HAVE_FLOCK__RB__ && DEFINED___LB__LOCK_EX__RB__ && DEFINED___LB__LOCK_NB__RB__;if;451;451
src/openvpn/packet_id.c;1;DEFINED___LB__HAVE_FLOCK__RB__ && DEFINED___LB__LOCK_EX__RB__ && DEFINED___LB__LOCK_NB__RB__;1 && DEFINED___LB__HAVE_FLOCK__RB__ && DEFINED___LB__LOCK_EX__RB__ && DEFINED___LB__LOCK_NB__RB__;artifact;452;455
src/openvpn/packet_id.c;1;DEFINED___LB__HAVE_FLOCK__RB__ && DEFINED___LB__LOCK_EX__RB__ && DEFINED___LB__LOCK_NB__RB__;1 && DEFINED___LB__HAVE_FLOCK__RB__ && DEFINED___LB__LOCK_EX__RB__ && DEFINED___LB__LOCK_NB__RB__;endif;456;456
src/openvpn/packet_id.c;1;1;1;artifact;457;552
src/openvpn/packet_id.c;1;ENABLE_DEBUG;1 && ENABLE_DEBUG;if;553;553
src/openvpn/packet_id.c;1;ENABLE_DEBUG;1 && ENABLE_DEBUG;artifact;554;636
src/openvpn/packet_id.c;1;ENABLE_DEBUG;1 && ENABLE_DEBUG;endif;637;637
src/openvpn/packet_id.c;1;1;1;artifact;638;638
src/openvpn/packet_id.h;1;1;1;ROOT;1;349
src/openvpn/packet_id.h;1;1;1;artifact;1;29
src/openvpn/packet_id.h;1;!PACKET_ID_H;1 && !PACKET_ID_H;if;30;30
src/openvpn/packet_id.h;1;!PACKET_ID_H;1 && !PACKET_ID_H;artifact;31;37
src/openvpn/packet_id.h;1;1;1 && !PACKET_ID_H && 1;if;38;38
src/openvpn/packet_id.h;1;1;1 && !PACKET_ID_H && 1;artifact;39;66
src/openvpn/packet_id.h;1;0;0 && 1 && !PACKET_ID_H;else;67;67
src/openvpn/packet_id.h;1;0;0 && 1 && !PACKET_ID_H;artifact;68;84
src/openvpn/packet_id.h;1;0;0 && 1 && !PACKET_ID_H;endif;85;85
src/openvpn/packet_id.h;1;!PACKET_ID_H;1 && !PACKET_ID_H;artifact;86;346
src/openvpn/packet_id.h;1;!PACKET_ID_H;1 && !PACKET_ID_H;endif;347;347
src/openvpn/packet_id.h;1;1;1;artifact;348;348
src/openvpn/perf.c;1;1;1;ROOT;1;321
src/openvpn/perf.c;1;1;1;artifact;1;23
src/openvpn/perf.c;1;HAVE_CONFIG_H;1 && HAVE_CONFIG_H;if;24;24
src/openvpn/perf.c;1;HAVE_CONFIG_H;1 && HAVE_CONFIG_H;artifact;25;25
src/openvpn/perf.c;1;HAVE_CONFIG_H;1 && HAVE_CONFIG_H;endif;26;26
src/openvpn/perf.c;1;1;1;artifact;27;31
src/openvpn/perf.c;1;ENABLE_PERFORMANCE_METRICS;1 && ENABLE_PERFORMANCE_METRICS;if;32;32
src/openvpn/perf.c;1;ENABLE_PERFORMANCE_METRICS;1 && ENABLE_PERFORMANCE_METRICS;artifact;33;318
src/openvpn/perf.c;1;ENABLE_PERFORMANCE_METRICS;1 && ENABLE_PERFORMANCE_METRICS;endif;319;319
src/openvpn/perf.c;1;1;1;artifact;320;320
src/openvpn/perf.h;1;1;1;ROOT;1;94
src/openvpn/perf.h;1;1;1;artifact;1;29
src/openvpn/perf.h;1;!PERF_H;1 && !PERF_H;if;30;30
src/openvpn/perf.h;1;!PERF_H;1 && !PERF_H;artifact;31;59
src/openvpn/perf.h;1;ENABLE_PERFORMANCE_METRICS;1 && !PERF_H && ENABLE_PERFORMANCE_METRICS;if;60;60
src/openvpn/perf.h;1;ENABLE_PERFORMANCE_METRICS;1 && !PERF_H && ENABLE_PERFORMANCE_METRICS;artifact;61;74
src/openvpn/perf.h;1;!ENABLE_PERFORMANCE_METRICS;!ENABLE_PERFORMANCE_METRICS && 1 && !PERF_H;else;75;75
src/openvpn/perf.h;1;!ENABLE_PERFORMANCE_METRICS;!ENABLE_PERFORMANCE_METRICS && 1 && !PERF_H;artifact;76;89
src/openvpn/perf.h;1;!ENABLE_PERFORMANCE_METRICS;!ENABLE_PERFORMANCE_METRICS && 1 && !PERF_H;endif;90;90
src/openvpn/perf.h;1;!PERF_H;1 && !PERF_H;artifact;91;91
src/openvpn/perf.h;1;!PERF_H;1 && !PERF_H;endif;92;92
src/openvpn/perf.h;1;1;1;artifact;93;93
src/openvpn/ping.c;1;1;1;ROOT;1;92
src/openvpn/ping.c;1;1;1;artifact;1;23
src/openvpn/ping.c;1;HAVE_CONFIG_H;1 && HAVE_CONFIG_H;if;24;24
src/openvpn/ping.c;1;HAVE_CONFIG_H;1 && HAVE_CONFIG_H;artifact;25;25
src/openvpn/ping.c;1;HAVE_CONFIG_H;1 && HAVE_CONFIG_H;endif;26;26
src/openvpn/ping.c;1;1;1;artifact;27;91
src/openvpn/ping.h;1;1;1;ROOT;1;90
src/openvpn/ping.h;1;1;1;artifact;1;23
src/openvpn/ping.h;1;!PING_H;1 && !PING_H;if;24;24
src/openvpn/ping.h;1;!PING_H;1 && !PING_H;artifact;25;87
src/openvpn/ping.h;1;!PING_H;1 && !PING_H;endif;88;88
src/openvpn/ping.h;1;1;1;artifact;89;89
src/openvpn/pkcs11.c;1;1;1;ROOT;1;1034
src/openvpn/pkcs11.c;1;1;1;artifact;1;23
src/openvpn/pkcs11.c;1;HAVE_CONFIG_H;1 && HAVE_CONFIG_H;if;24;24
src/openvpn/pkcs11.c;1;HAVE_CONFIG_H;1 && HAVE_CONFIG_H;artifact;25;25
src/openvpn/pkcs11.c;1;HAVE_CONFIG_H;1 && HAVE_CONFIG_H;endif;26;26
src/openvpn/pkcs11.c;1;1;1;artifact;27;29
src/openvpn/pkcs11.c;1;DEFINED___LB__ENABLE_PKCS11__RB__;1 && DEFINED___LB__ENABLE_PKCS11__RB__;if;30;30
src/openvpn/pkcs11.c;1;DEFINED___LB__ENABLE_PKCS11__RB__;1 && DEFINED___LB__ENABLE_PKCS11__RB__;artifact;31;49
src/openvpn/pkcs11.c;1;!DEFINED___LB___WIN32__RB__;1 && DEFINED___LB__ENABLE_PKCS11__RB__ && !DEFINED___LB___WIN32__RB__;if;50;50
src/openvpn/pkcs11.c;1;!DEFINED___LB___WIN32__RB__;1 && DEFINED___LB__ENABLE_PKCS11__RB__ && !DEFINED___LB___WIN32__RB__;artifact;51;56
src/openvpn/pkcs11.c;1;!DEFINED___LB___WIN32__RB__;1 && DEFINED___LB__ENABLE_PKCS11__RB__ && !DEFINED___LB___WIN32__RB__;endif;57;57
src/openvpn/pkcs11.c;1;DEFINED___LB__ENABLE_PKCS11__RB__;1 && DEFINED___LB__ENABLE_PKCS11__RB__;artifact;58;62
src/openvpn/pkcs11.c;1;DEFINED___LB___WIN32__RB__;1 && DEFINED___LB__ENABLE_PKCS11__RB__ && DEFINED___LB___WIN32__RB__;if;63;63
src/openvpn/pkcs11.c;1;DEFINED___LB___WIN32__RB__;1 && DEFINED___LB__ENABLE_PKCS11__RB__ && DEFINED___LB___WIN32__RB__;artifact;64;64
src/openvpn/pkcs11.c;1;!DEFINED___LB___WIN32__RB__;!DEFINED___LB___WIN32__RB__ && 1 && DEFINED___LB__ENABLE_PKCS11__RB__;else;65;65
src/openvpn/pkcs11.c;1;!DEFINED___LB___WIN32__RB__;!DEFINED___LB___WIN32__RB__ && 1 && DEFINED___LB__ENABLE_PKCS11__RB__;artifact;66;66
src/openvpn/pkcs11.c;1;!DEFINED___LB___WIN32__RB__;!DEFINED___LB___WIN32__RB__ && 1 && DEFINED___LB__ENABLE_PKCS11__RB__;endif;67;67
src/openvpn/pkcs11.c;1;DEFINED___LB__ENABLE_PKCS11__RB__;1 && DEFINED___LB__ENABLE_PKCS11__RB__;artifact;68;75
src/openvpn/pkcs11.c;1;DEFINED___LB___WIN32__RB__;1 && DEFINED___LB__ENABLE_PKCS11__RB__ && DEFINED___LB___WIN32__RB__;if;76;76
src/openvpn/pkcs11.c;1;DEFINED___LB___WIN32__RB__;1 && DEFINED___LB__ENABLE_PKCS11__RB__ && DEFINED___LB___WIN32__RB__;artifact;77;77
src/openvpn/pkcs11.c;1;!DEFINED___LB___WIN32__RB__;!DEFINED___LB___WIN32__RB__ && 1 && DEFINED___LB__ENABLE_PKCS11__RB__;else;78;78
src/openvpn/pkcs11.c;1;!DEFINED___LB___WIN32__RB__;!DEFINED___LB___WIN32__RB__ && 1 && DEFINED___LB__ENABLE_PKCS11__RB__;artifact;79;79
src/openvpn/pkcs11.c;1;!DEFINED___LB___WIN32__RB__;!DEFINED___LB___WIN32__RB__ && 1 && DEFINED___LB__ENABLE_PKCS11__RB__;endif;80;80
src/openvpn/pkcs11.c;1;DEFINED___LB__ENABLE_PKCS11__RB__;1 && DEFINED___LB__ENABLE_PKCS11__RB__;artifact;81;117
src/openvpn/pkcs11.c;1;DEFINED___LB__ENABLE_PKCS11_FORCE_DEBUG__RB__;1 && DEFINED___LB__ENABLE_PKCS11__RB__ && DEFINED___LB__ENABLE_PKCS11_FORCE_DEBUG__RB__;if;118;118
src/openvpn/pkcs11.c;1;DEFINED___LB__ENABLE_PKCS11_FORCE_DEBUG__RB__;1 && DEFINED___LB__ENABLE_PKCS11__RB__ && DEFINED___LB__ENABLE_PKCS11_FORCE_DEBUG__RB__;artifact;119;119
src/openvpn/pkcs11.c;1;DEFINED___LB__ENABLE_PKCS11_FORCE_DEBUG__RB__;1 && DEFINED___LB__ENABLE_PKCS11__RB__ && DEFINED___LB__ENABLE_PKCS11_FORCE_DEBUG__RB__;endif;120;120
src/openvpn/pkcs11.c;1;DEFINED___LB__ENABLE_PKCS11__RB__;1 && DEFINED___LB__ENABLE_PKCS11__RB__;artifact;121;157
src/openvpn/pkcs11.c;1;DEFINED___LB__ENABLE_PKCS11_FORCE_DEBUG__RB__;1 && DEFINED___LB__ENABLE_PKCS11__RB__ && DEFINED___LB__ENABLE_PKCS11_FORCE_DEBUG__RB__;if;158;158
src/openvpn/pkcs11.c;1;DEFINED___LB__ENABLE_PKCS11_FORCE_DEBUG__RB__;1 && DEFINED___LB__ENABLE_PKCS11__RB__ && DEFINED___LB__ENABLE_PKCS11_FORCE_DEBUG__RB__;artifact;159;159
src/openvpn/pkcs11.c;1;DEFINED___LB__ENABLE_PKCS11_FORCE_DEBUG__RB__;1 && DEFINED___LB__ENABLE_PKCS11__RB__ && DEFINED___LB__ENABLE_PKCS11_FORCE_DEBUG__RB__;endif;160;160
src/openvpn/pkcs11.c;1;DEFINED___LB__ENABLE_PKCS11__RB__;1 && DEFINED___LB__ENABLE_PKCS11__RB__;artifact;161;396
src/openvpn/pkcs11.c;1;PKCS11H_VERSION__GEQ____LB____LB__1__LSHIFT__16__RB__|__LB__28__LSHIFT__8__RB__|__LB__0__LSHIFT__0__RB____RB__;1 && DEFINED___LB__ENABLE_PKCS11__RB__ && PKCS11H_VERSION__GEQ____LB____LB__1__LSHIFT__16__RB__|__LB__28__LSHIFT__8__RB__|__LB__0__LSHIFT__0__RB____RB__;if;397;397
src/openvpn/pkcs11.c;1;PKCS11H_VERSION__GEQ____LB____LB__1__LSHIFT__16__RB__|__LB__28__LSHIFT__8__RB__|__LB__0__LSHIFT__0__RB____RB__;1 && DEFINED___LB__ENABLE_PKCS11__RB__ && PKCS11H_VERSION__GEQ____LB____LB__1__LSHIFT__16__RB__|__LB__28__LSHIFT__8__RB__|__LB__0__LSHIFT__0__RB____RB__;artifact;398;420
src/openvpn/pkcs11.c;1;DEFINED___LB__WIN32__RB__ && DEFINED___LB__PKCS11H_PROVIDER_PROPERTY_LOADER_FLAGS__RB__;1 && DEFINED___LB__ENABLE_PKCS11__RB__ && PKCS11H_VERSION__GEQ____LB____LB__1__LSHIFT__16__RB__|__LB__28__LSHIFT__8__RB__|__LB__0__LSHIFT__0__RB____RB__ && DEFINED___LB__WIN32__RB__ && DEFINED___LB__PKCS11H_PROVIDER_PROPERTY_LOADER_FLAGS__RB__;if;421;421
src/openvpn/pkcs11.c;1;DEFINED___LB__WIN32__RB__ && DEFINED___LB__PKCS11H_PROVIDER_PROPERTY_LOADER_FLAGS__RB__;1 && DEFINED___LB__ENABLE_PKCS11__RB__ && PKCS11H_VERSION__GEQ____LB____LB__1__LSHIFT__16__RB__|__LB__28__LSHIFT__8__RB__|__LB__0__LSHIFT__0__RB____RB__ && DEFINED___LB__WIN32__RB__ && DEFINED___LB__PKCS11H_PROVIDER_PROPERTY_LOADER_FLAGS__RB__;artifact;422;426
src/openvpn/pkcs11.c;1;DEFINED___LB__WIN32__RB__ && DEFINED___LB__PKCS11H_PROVIDER_PROPERTY_LOADER_FLAGS__RB__;1 && DEFINED___LB__ENABLE_PKCS11__RB__ && PKCS11H_VERSION__GEQ____LB____LB__1__LSHIFT__16__RB__|__LB__28__LSHIFT__8__RB__|__LB__0__LSHIFT__0__RB____RB__ && DEFINED___LB__WIN32__RB__ && DEFINED___LB__PKCS11H_PROVIDER_PROPERTY_LOADER_FLAGS__RB__;endif;427;427
src/openvpn/pkcs11.c;1;PKCS11H_VERSION__GEQ____LB____LB__1__LSHIFT__16__RB__|__LB__28__LSHIFT__8__RB__|__LB__0__LSHIFT__0__RB____RB__;1 && DEFINED___LB__ENABLE_PKCS11__RB__ && PKCS11H_VERSION__GEQ____LB____LB__1__LSHIFT__16__RB__|__LB__28__LSHIFT__8__RB__|__LB__0__LSHIFT__0__RB____RB__;artifact;428;434
src/openvpn/pkcs11.c;1;!PKCS11H_VERSION__GEQ____LB____LB__1__LSHIFT__16__RB__|__LB__28__LSHIFT__8__RB__|__LB__0__LSHIFT__0__RB____RB__;!PKCS11H_VERSION__GEQ____LB____LB__1__LSHIFT__16__RB__|__LB__28__LSHIFT__8__RB__|__LB__0__LSHIFT__0__RB____RB__ && 1 && DEFINED___LB__ENABLE_PKCS11__RB__;else;435;435
src/openvpn/pkcs11.c;1;!PKCS11H_VERSION__GEQ____LB____LB__1__LSHIFT__16__RB__|__LB__28__LSHIFT__8__RB__|__LB__0__LSHIFT__0__RB____RB__;!PKCS11H_VERSION__GEQ____LB____LB__1__LSHIFT__16__RB__|__LB__28__LSHIFT__8__RB__|__LB__0__LSHIFT__0__RB____RB__ && 1 && DEFINED___LB__ENABLE_PKCS11__RB__;artifact;436;449
src/openvpn/pkcs11.c;1;!PKCS11H_VERSION__GEQ____LB____LB__1__LSHIFT__16__RB__|__LB__28__LSHIFT__8__RB__|__LB__0__LSHIFT__0__RB____RB__;!PKCS11H_VERSION__GEQ____LB____LB__1__LSHIFT__16__RB__|__LB__28__LSHIFT__8__RB__|__LB__0__LSHIFT__0__RB____RB__ && 1 && DEFINED___LB__ENABLE_PKCS11__RB__;endif;450;450
src/openvpn/pkcs11.c;1;DEFINED___LB__ENABLE_PKCS11__RB__;1 && DEFINED___LB__ENABLE_PKCS11__RB__;artifact;451;522
src/openvpn/pkcs11.c;1;0;1 && DEFINED___LB__ENABLE_PKCS11__RB__ && 0;if;523;523
src/openvpn/pkcs11.c;1;0;1 && DEFINED___LB__ENABLE_PKCS11__RB__ && 0;artifact;524;524
src/openvpn/pkcs11.c;1;0;1 && DEFINED___LB__ENABLE_PKCS11__RB__ && 0;endif;525;525
src/openvpn/pkcs11.c;1;DEFINED___LB__ENABLE_PKCS11__RB__;1 && DEFINED___LB__ENABLE_PKCS11__RB__;artifact;526;1031
src/openvpn/pkcs11.c;1;DEFINED___LB__ENABLE_PKCS11__RB__;1 && DEFINED___LB__ENABLE_PKCS11__RB__;endif;1032;1032
src/openvpn/pkcs11.c;1;1;1;artifact;1033;1033
src/openvpn/pkcs11.h;1;1;1;ROOT;1;78
src/openvpn/pkcs11.h;1;1;1;artifact;1;23
src/openvpn/pkcs11.h;1;!OPENVPN_PKCS11_H;1 && !OPENVPN_PKCS11_H;if;24;24
src/openvpn/pkcs11.h;1;!OPENVPN_PKCS11_H;1 && !OPENVPN_PKCS11_H;artifact;25;26
src/openvpn/pkcs11.h;1;DEFINED___LB__ENABLE_PKCS11__RB__;1 && !OPENVPN_PKCS11_H && DEFINED___LB__ENABLE_PKCS11__RB__;if;27;27
src/openvpn/pkcs11.h;1;DEFINED___LB__ENABLE_PKCS11__RB__;1 && !OPENVPN_PKCS11_H && DEFINED___LB__ENABLE_PKCS11__RB__;artifact;28;73
src/openvpn/pkcs11.h;1;DEFINED___LB__ENABLE_PKCS11__RB__;1 && !OPENVPN_PKCS11_H && DEFINED___LB__ENABLE_PKCS11__RB__;endif;74;74
src/openvpn/pkcs11.h;1;!OPENVPN_PKCS11_H;1 && !OPENVPN_PKCS11_H;artifact;75;75
src/openvpn/pkcs11.h;1;!OPENVPN_PKCS11_H;1 && !OPENVPN_PKCS11_H;endif;76;76
src/openvpn/pkcs11.h;1;1;1;artifact;77;77
src/openvpn/pkcs11_backend.h;1;1;1;ROOT;1;76
src/openvpn/pkcs11_backend.h;1;1;1;artifact;1;28
src/openvpn/pkcs11_backend.h;1;!PKCS11_BACKEND_H_;1 && !PKCS11_BACKEND_H_;if;29;29
src/openvpn/pkcs11_backend.h;1;!PKCS11_BACKEND_H_;1 && !PKCS11_BACKEND_H_;artifact;30;33
src/openvpn/pkcs11_backend.h;1;DEFINED___LB__ENABLE_PKCS11__RB__;1 && !PKCS11_BACKEND_H_ && DEFINED___LB__ENABLE_PKCS11__RB__;if;34;34
src/openvpn/pkcs11_backend.h;1;DEFINED___LB__ENABLE_PKCS11__RB__;1 && !PKCS11_BACKEND_H_ && DEFINED___LB__ENABLE_PKCS11__RB__;artifact;35;72
src/openvpn/pkcs11_backend.h;1;DEFINED___LB__ENABLE_PKCS11__RB__;1 && !PKCS11_BACKEND_H_ && DEFINED___LB__ENABLE_PKCS11__RB__;endif;73;73
src/openvpn/pkcs11_backend.h;1;!PKCS11_BACKEND_H_;1 && !PKCS11_BACKEND_H_;endif;74;74
src/openvpn/pkcs11_backend.h;1;1;1;artifact;75;75
src/openvpn/pkcs11_mbedtls.c;1;1;1;ROOT;1;159
src/openvpn/pkcs11_mbedtls.c;1;1;1;artifact;1;28
src/openvpn/pkcs11_mbedtls.c;1;HAVE_CONFIG_H;1 && HAVE_CONFIG_H;if;29;29
src/openvpn/pkcs11_mbedtls.c;1;HAVE_CONFIG_H;1 && HAVE_CONFIG_H;artifact;30;30
src/openvpn/pkcs11_mbedtls.c;1;HAVE_CONFIG_H;1 && HAVE_CONFIG_H;endif;31;31
src/openvpn/pkcs11_mbedtls.c;1;1;1;artifact;32;34
src/openvpn/pkcs11_mbedtls.c;1;DEFINED___LB__ENABLE_PKCS11__RB__ && DEFINED___LB__ENABLE_CRYPTO_MBEDTLS__RB__;1 && DEFINED___LB__ENABLE_PKCS11__RB__ && DEFINED___LB__ENABLE_CRYPTO_MBEDTLS__RB__;if;35;35
src/openvpn/pkcs11_mbedtls.c;1;DEFINED___LB__ENABLE_PKCS11__RB__ && DEFINED___LB__ENABLE_CRYPTO_MBEDTLS__RB__;1 && DEFINED___LB__ENABLE_PKCS11__RB__ && DEFINED___LB__ENABLE_CRYPTO_MBEDTLS__RB__;artifact;36;156
src/openvpn/pkcs11_mbedtls.c;1;DEFINED___LB__ENABLE_PKCS11__RB__ && DEFINED___LB__ENABLE_CRYPTO_MBEDTLS__RB__;1 && DEFINED___LB__ENABLE_PKCS11__RB__ && DEFINED___LB__ENABLE_CRYPTO_MBEDTLS__RB__;endif;157;157
src/openvpn/pkcs11_mbedtls.c;1;1;1;artifact;158;158
src/openvpn/pkcs11_openssl.c;1;1;1;ROOT;1;474
src/openvpn/pkcs11_openssl.c;1;1;1;artifact;1;28
src/openvpn/pkcs11_openssl.c;1;HAVE_CONFIG_H;1 && HAVE_CONFIG_H;if;29;29
src/openvpn/pkcs11_openssl.c;1;HAVE_CONFIG_H;1 && HAVE_CONFIG_H;artifact;30;30
src/openvpn/pkcs11_openssl.c;1;HAVE_CONFIG_H;1 && HAVE_CONFIG_H;endif;31;31
src/openvpn/pkcs11_openssl.c;1;1;1;artifact;32;34
src/openvpn/pkcs11_openssl.c;1;DEFINED___LB__ENABLE_PKCS11__RB__ && DEFINED___LB__ENABLE_CRYPTO_OPENSSL__RB__;1 && DEFINED___LB__ENABLE_PKCS11__RB__ && DEFINED___LB__ENABLE_CRYPTO_OPENSSL__RB__;if;35;35
src/openvpn/pkcs11_openssl.c;1;DEFINED___LB__ENABLE_PKCS11__RB__ && DEFINED___LB__ENABLE_CRYPTO_OPENSSL__RB__;1 && DEFINED___LB__ENABLE_PKCS11__RB__ && DEFINED___LB__ENABLE_CRYPTO_OPENSSL__RB__;artifact;36;42
src/openvpn/pkcs11_openssl.c;1;HAVE_XKEY_PROVIDER;1 && DEFINED___LB__ENABLE_PKCS11__RB__ && DEFINED___LB__ENABLE_CRYPTO_OPENSSL__RB__ && HAVE_XKEY_PROVIDER;if;43;43
src/openvpn/pkcs11_openssl.c;1;HAVE_XKEY_PROVIDER;1 && DEFINED___LB__ENABLE_PKCS11__RB__ && DEFINED___LB__ENABLE_CRYPTO_OPENSSL__RB__ && HAVE_XKEY_PROVIDER;artifact;44;45
src/openvpn/pkcs11_openssl.c;1;PKCS11H_VERSION__GT____LB____LB__1__LSHIFT__16__RB__|__LB__27__LSHIFT__8__RB____RB__;1 && DEFINED___LB__ENABLE_PKCS11__RB__ && DEFINED___LB__ENABLE_CRYPTO_OPENSSL__RB__ && HAVE_XKEY_PROVIDER && PKCS11H_VERSION__GT____LB____LB__1__LSHIFT__16__RB__|__LB__27__LSHIFT__8__RB____RB__;if;46;46
src/openvpn/pkcs11_openssl.c;1;PKCS11H_VERSION__GT____LB____LB__1__LSHIFT__16__RB__|__LB__27__LSHIFT__8__RB____RB__;1 && DEFINED___LB__ENABLE_PKCS11__RB__ && DEFINED___LB__ENABLE_CRYPTO_OPENSSL__RB__ && HAVE_XKEY_PROVIDER && PKCS11H_VERSION__GT____LB____LB__1__LSHIFT__16__RB__|__LB__27__LSHIFT__8__RB____RB__;artifact;47;129
src/openvpn/pkcs11_openssl.c;1;!PKCS11H_VERSION__GT____LB____LB__1__LSHIFT__16__RB__|__LB__27__LSHIFT__8__RB____RB__;!PKCS11H_VERSION__GT____LB____LB__1__LSHIFT__16__RB__|__LB__27__LSHIFT__8__RB____RB__ && 1 && DEFINED___LB__ENABLE_PKCS11__RB__ && DEFINED___LB__ENABLE_CRYPTO_OPENSSL__RB__ && HAVE_XKEY_PROVIDER;else;130;130
src/openvpn/pkcs11_openssl.c;1;!PKCS11H_VERSION__GT____LB____LB__1__LSHIFT__16__RB__|__LB__27__LSHIFT__8__RB____RB__;!PKCS11H_VERSION__GT____LB____LB__1__LSHIFT__16__RB__|__LB__27__LSHIFT__8__RB____RB__ && 1 && DEFINED___LB__ENABLE_PKCS11__RB__ && DEFINED___LB__ENABLE_CRYPTO_OPENSSL__RB__ && HAVE_XKEY_PROVIDER;artifact;131;152
src/openvpn/pkcs11_openssl.c;1;!PKCS11H_VERSION__GT____LB____LB__1__LSHIFT__16__RB__|__LB__27__LSHIFT__8__RB____RB__;!PKCS11H_VERSION__GT____LB____LB__1__LSHIFT__16__RB__|__LB__27__LSHIFT__8__RB____RB__ && 1 && DEFINED___LB__ENABLE_PKCS11__RB__ && DEFINED___LB__ENABLE_CRYPTO_OPENSSL__RB__ && HAVE_XKEY_PROVIDER;endif;153;153
src/openvpn/pkcs11_openssl.c;1;HAVE_XKEY_PROVIDER;1 && DEFINED___LB__ENABLE_PKCS11__RB__ && DEFINED___LB__ENABLE_CRYPTO_OPENSSL__RB__ && HAVE_XKEY_PROVIDER;artifact;154;325
src/openvpn/pkcs11_openssl.c;1;HAVE_XKEY_PROVIDER;1 && DEFINED___LB__ENABLE_PKCS11__RB__ && DEFINED___LB__ENABLE_CRYPTO_OPENSSL__RB__ && HAVE_XKEY_PROVIDER;endif;326;326
src/openvpn/pkcs11_openssl.c;1;DEFINED___LB__ENABLE_PKCS11__RB__ && DEFINED___LB__ENABLE_CRYPTO_OPENSSL__RB__;1 && DEFINED___LB__ENABLE_PKCS11__RB__ && DEFINED___LB__ENABLE_CRYPTO_OPENSSL__RB__;artifact;327;332
src/openvpn/pkcs11_openssl.c;1;HAVE_XKEY_PROVIDER;1 && DEFINED___LB__ENABLE_PKCS11__RB__ && DEFINED___LB__ENABLE_CRYPTO_OPENSSL__RB__ && HAVE_XKEY_PROVIDER;if;333;333
src/openvpn/pkcs11_openssl.c;1;HAVE_XKEY_PROVIDER;1 && DEFINED___LB__ENABLE_PKCS11__RB__ && DEFINED___LB__ENABLE_CRYPTO_OPENSSL__RB__ && HAVE_XKEY_PROVIDER;artifact;334;334
src/openvpn/pkcs11_openssl.c;1;!HAVE_XKEY_PROVIDER;!HAVE_XKEY_PROVIDER && 1 && DEFINED___LB__ENABLE_PKCS11__RB__ && DEFINED___LB__ENABLE_CRYPTO_OPENSSL__RB__;else;335;335
src/openvpn/pkcs11_openssl.c;1;!HAVE_XKEY_PROVIDER;!HAVE_XKEY_PROVIDER && 1 && DEFINED___LB__ENABLE_PKCS11__RB__ && DEFINED___LB__ENABLE_CRYPTO_OPENSSL__RB__;artifact;336;405
src/openvpn/pkcs11_openssl.c;1;!HAVE_XKEY_PROVIDER;!HAVE_XKEY_PROVIDER && 1 && DEFINED___LB__ENABLE_PKCS11__RB__ && DEFINED___LB__ENABLE_CRYPTO_OPENSSL__RB__;endif;406;406
src/openvpn/pkcs11_openssl.c;1;DEFINED___LB__ENABLE_PKCS11__RB__ && DEFINED___LB__ENABLE_CRYPTO_OPENSSL__RB__;1 && DEFINED___LB__ENABLE_PKCS11__RB__ && DEFINED___LB__ENABLE_CRYPTO_OPENSSL__RB__;artifact;407;471
src/openvpn/pkcs11_openssl.c;1;DEFINED___LB__ENABLE_PKCS11__RB__ && DEFINED___LB__ENABLE_CRYPTO_OPENSSL__RB__;1 && DEFINED___LB__ENABLE_PKCS11__RB__ && DEFINED___LB__ENABLE_CRYPTO_OPENSSL__RB__;endif;472;472
src/openvpn/pkcs11_openssl.c;1;1;1;artifact;473;473
src/openvpn/platform.c;1;1;1;ROOT;1;700
src/openvpn/platform.c;1;1;1;artifact;1;23
src/openvpn/platform.c;1;HAVE_CONFIG_H;1 && HAVE_CONFIG_H;if;24;24
src/openvpn/platform.c;1;HAVE_CONFIG_H;1 && HAVE_CONFIG_H;artifact;25;25
src/openvpn/platform.c;1;HAVE_CONFIG_H;1 && HAVE_CONFIG_H;endif;26;26
src/openvpn/platform.c;1;1;1;artifact;27;42
src/openvpn/platform.c;1;_WIN32;1 && _WIN32;if;43;43
src/openvpn/platform.c;1;_WIN32;1 && _WIN32;artifact;44;44
src/openvpn/platform.c;1;_WIN32;1 && _WIN32;endif;45;45
src/openvpn/platform.c;1;1;1;artifact;46;46
src/openvpn/platform.c;1;HAVE_LIBCAPNG;1 && HAVE_LIBCAPNG;if;47;47
src/openvpn/platform.c;1;HAVE_LIBCAPNG;1 && HAVE_LIBCAPNG;artifact;48;49
src/openvpn/platform.c;1;HAVE_LIBCAPNG;1 && HAVE_LIBCAPNG;endif;50;50
src/openvpn/platform.c;1;1;1;artifact;51;58
src/openvpn/platform.c;1;HAVE_CHROOT;1 && HAVE_CHROOT;if;59;59
src/openvpn/platform.c;1;HAVE_CHROOT;1 && HAVE_CHROOT;artifact;60;69
src/openvpn/platform.c;1;!HAVE_CHROOT;!HAVE_CHROOT && 1;else;70;70
src/openvpn/platform.c;1;!HAVE_CHROOT;!HAVE_CHROOT && 1;artifact;71;71
src/openvpn/platform.c;1;!HAVE_CHROOT;!HAVE_CHROOT && 1;endif;72;72
src/openvpn/platform.c;1;1;1;artifact;73;84
src/openvpn/platform.c;1;DEFINED___LB__HAVE_GETPWNAM__RB__ && DEFINED___LB__HAVE_SETUID__RB__;1 && DEFINED___LB__HAVE_GETPWNAM__RB__ && DEFINED___LB__HAVE_SETUID__RB__;if;85;85
src/openvpn/platform.c;1;DEFINED___LB__HAVE_GETPWNAM__RB__ && DEFINED___LB__HAVE_SETUID__RB__;1 && DEFINED___LB__HAVE_GETPWNAM__RB__ && DEFINED___LB__HAVE_SETUID__RB__;artifact;86;97
src/openvpn/platform.c;1;!DEFINED___LB__HAVE_GETPWNAM__RB__ || !DEFINED___LB__HAVE_SETUID__RB__;(!DEFINED___LB__HAVE_GETPWNAM__RB__ || !DEFINED___LB__HAVE_SETUID__RB__) && 1;else;98;98
src/openvpn/platform.c;1;!DEFINED___LB__HAVE_GETPWNAM__RB__ || !DEFINED___LB__HAVE_SETUID__RB__;(!DEFINED___LB__HAVE_GETPWNAM__RB__ || !DEFINED___LB__HAVE_SETUID__RB__) && 1;artifact;99;99
src/openvpn/platform.c;1;!DEFINED___LB__HAVE_GETPWNAM__RB__ || !DEFINED___LB__HAVE_SETUID__RB__;(!DEFINED___LB__HAVE_GETPWNAM__RB__ || !DEFINED___LB__HAVE_SETUID__RB__) && 1;endif;100;100
src/openvpn/platform.c;1;1;1;artifact;101;107
src/openvpn/platform.c;1;DEFINED___LB__HAVE_GETPWNAM__RB__ && DEFINED___LB__HAVE_SETUID__RB__;1 && DEFINED___LB__HAVE_GETPWNAM__RB__ && DEFINED___LB__HAVE_SETUID__RB__;if;108;108
src/openvpn/platform.c;1;DEFINED___LB__HAVE_GETPWNAM__RB__ && DEFINED___LB__HAVE_SETUID__RB__;1 && DEFINED___LB__HAVE_GETPWNAM__RB__ && DEFINED___LB__HAVE_SETUID__RB__;artifact;109;116
src/openvpn/platform.c;1;DEFINED___LB__HAVE_GETPWNAM__RB__ && DEFINED___LB__HAVE_SETUID__RB__;1 && DEFINED___LB__HAVE_GETPWNAM__RB__ && DEFINED___LB__HAVE_SETUID__RB__;endif;117;117
src/openvpn/platform.c;1;1;1;artifact;118;128
src/openvpn/platform.c;1;DEFINED___LB__HAVE_GETGRNAM__RB__ && DEFINED___LB__HAVE_SETGID__RB__;1 && DEFINED___LB__HAVE_GETGRNAM__RB__ && DEFINED___LB__HAVE_SETGID__RB__;if;129;129
src/openvpn/platform.c;1;DEFINED___LB__HAVE_GETGRNAM__RB__ && DEFINED___LB__HAVE_SETGID__RB__;1 && DEFINED___LB__HAVE_GETGRNAM__RB__ && DEFINED___LB__HAVE_SETGID__RB__;artifact;130;141
src/openvpn/platform.c;1;!DEFINED___LB__HAVE_GETGRNAM__RB__ || !DEFINED___LB__HAVE_SETGID__RB__;(!DEFINED___LB__HAVE_GETGRNAM__RB__ || !DEFINED___LB__HAVE_SETGID__RB__) && 1;else;142;142
src/openvpn/platform.c;1;!DEFINED___LB__HAVE_GETGRNAM__RB__ || !DEFINED___LB__HAVE_SETGID__RB__;(!DEFINED___LB__HAVE_GETGRNAM__RB__ || !DEFINED___LB__HAVE_SETGID__RB__) && 1;artifact;143;143
src/openvpn/platform.c;1;!DEFINED___LB__HAVE_GETGRNAM__RB__ || !DEFINED___LB__HAVE_SETGID__RB__;(!DEFINED___LB__HAVE_GETGRNAM__RB__ || !DEFINED___LB__HAVE_SETGID__RB__) && 1;endif;144;144
src/openvpn/platform.c;1;1;1;artifact;145;151
src/openvpn/platform.c;1;DEFINED___LB__HAVE_GETGRNAM__RB__ && DEFINED___LB__HAVE_SETGID__RB__;1 && DEFINED___LB__HAVE_GETGRNAM__RB__ && DEFINED___LB__HAVE_SETGID__RB__;if;152;152
src/openvpn/platform.c;1;DEFINED___LB__HAVE_GETGRNAM__RB__ && DEFINED___LB__HAVE_SETGID__RB__;1 && DEFINED___LB__HAVE_GETGRNAM__RB__ && DEFINED___LB__HAVE_SETGID__RB__;artifact;153;159
src/openvpn/platform.c;1;HAVE_SETGROUPS;1 && DEFINED___LB__HAVE_GETGRNAM__RB__ && DEFINED___LB__HAVE_SETGID__RB__ && HAVE_SETGROUPS;if;160;160
src/openvpn/platform.c;1;HAVE_SETGROUPS;1 && DEFINED___LB__HAVE_GETGRNAM__RB__ && DEFINED___LB__HAVE_SETGID__RB__ && HAVE_SETGROUPS;artifact;161;168
src/openvpn/platform.c;1;HAVE_SETGROUPS;1 && DEFINED___LB__HAVE_GETGRNAM__RB__ && DEFINED___LB__HAVE_SETGID__RB__ && HAVE_SETGROUPS;endif;169;169
src/openvpn/platform.c;1;DEFINED___LB__HAVE_GETGRNAM__RB__ && DEFINED___LB__HAVE_SETGID__RB__;1 && DEFINED___LB__HAVE_GETGRNAM__RB__ && DEFINED___LB__HAVE_SETGID__RB__;artifact;170;170
src/openvpn/platform.c;1;DEFINED___LB__HAVE_GETGRNAM__RB__ && DEFINED___LB__HAVE_SETGID__RB__;1 && DEFINED___LB__HAVE_GETGRNAM__RB__ && DEFINED___LB__HAVE_SETGID__RB__;endif;171;171
src/openvpn/platform.c;1;1;1;artifact;172;192
src/openvpn/platform.c;1;TARGET_LINUX;1 && TARGET_LINUX;if;193;193
src/openvpn/platform.c;1;TARGET_LINUX;1 && TARGET_LINUX;artifact;194;195
src/openvpn/platform.c;1;!TARGET_LINUX;!TARGET_LINUX && 1;else;196;196
src/openvpn/platform.c;1;!TARGET_LINUX;!TARGET_LINUX && 1;artifact;197;198
src/openvpn/platform.c;1;!TARGET_LINUX;!TARGET_LINUX && 1;endif;199;199
src/openvpn/platform.c;1;1;1;artifact;200;201
src/openvpn/platform.c;1;ENABLE_SITNL;1 && ENABLE_SITNL;if;202;202
src/openvpn/platform.c;1;ENABLE_SITNL;1 && ENABLE_SITNL;artifact;203;203
src/openvpn/platform.c;1;!ENABLE_SITNL;!ENABLE_SITNL && 1;else;204;204
src/openvpn/platform.c;1;!ENABLE_SITNL;!ENABLE_SITNL && 1;artifact;205;205
src/openvpn/platform.c;1;!ENABLE_SITNL;!ENABLE_SITNL && 1;endif;206;206
src/openvpn/platform.c;1;1;1;artifact;207;222
src/openvpn/platform.c;1;HAVE_LIBCAPNG;1 && HAVE_LIBCAPNG;if;223;223
src/openvpn/platform.c;1;HAVE_LIBCAPNG;1 && HAVE_LIBCAPNG;artifact;224;297
src/openvpn/platform.c;1;HAVE_LIBCAPNG;1 && HAVE_LIBCAPNG;endif;298;298
src/openvpn/platform.c;1;1;1;artifact;299;314
src/openvpn/platform.c;1;HAVE_NICE;1 && HAVE_NICE;if;315;315
src/openvpn/platform.c;1;HAVE_NICE;1 && HAVE_NICE;artifact;316;324
src/openvpn/platform.c;1;!HAVE_NICE;!HAVE_NICE && 1;else;325;325
src/openvpn/platform.c;1;!HAVE_NICE;!HAVE_NICE && 1;artifact;326;326
src/openvpn/platform.c;1;!HAVE_NICE;!HAVE_NICE && 1;endif;327;327
src/openvpn/platform.c;1;1;1;artifact;328;334
src/openvpn/platform.c;1;_WIN32;1 && _WIN32;if;335;335
src/openvpn/platform.c;1;_WIN32;1 && _WIN32;artifact;336;336
src/openvpn/platform.c;1;!_WIN32;!_WIN32 && 1;else;337;337
src/openvpn/platform.c;1;!_WIN32;!_WIN32 && 1;artifact;338;338
src/openvpn/platform.c;1;!_WIN32;!_WIN32 && 1;endif;339;339
src/openvpn/platform.c;1;1;1;artifact;340;345
src/openvpn/platform.c;1;HAVE_MLOCKALL;1 && HAVE_MLOCKALL;if;346;346
src/openvpn/platform.c;1;HAVE_MLOCKALL;1 && HAVE_MLOCKALL;artifact;347;347
src/openvpn/platform.c;1;DEFINED___LB__HAVE_GETRLIMIT__RB__ && DEFINED___LB__RLIMIT_MEMLOCK__RB__;1 && HAVE_MLOCKALL && DEFINED___LB__HAVE_GETRLIMIT__RB__ && DEFINED___LB__RLIMIT_MEMLOCK__RB__;if;348;348
src/openvpn/platform.c;1;DEFINED___LB__HAVE_GETRLIMIT__RB__ && DEFINED___LB__RLIMIT_MEMLOCK__RB__;1 && HAVE_MLOCKALL && DEFINED___LB__HAVE_GETRLIMIT__RB__ && DEFINED___LB__RLIMIT_MEMLOCK__RB__;artifact;349;373
src/openvpn/platform.c;1;DEFINED___LB__HAVE_GETRLIMIT__RB__ && DEFINED___LB__RLIMIT_MEMLOCK__RB__;1 && HAVE_MLOCKALL && DEFINED___LB__HAVE_GETRLIMIT__RB__ && DEFINED___LB__RLIMIT_MEMLOCK__RB__;endif;374;374
src/openvpn/platform.c;1;HAVE_MLOCKALL;1 && HAVE_MLOCKALL;artifact;375;383
src/openvpn/platform.c;1;!HAVE_MLOCKALL;!HAVE_MLOCKALL && 1;else;384;384
src/openvpn/platform.c;1;!HAVE_MLOCKALL;!HAVE_MLOCKALL && 1;artifact;385;385
src/openvpn/platform.c;1;!HAVE_MLOCKALL;!HAVE_MLOCKALL && 1;endif;386;386
src/openvpn/platform.c;1;1;1;artifact;387;394
src/openvpn/platform.c;1;_WIN32;1 && _WIN32;if;395;395
src/openvpn/platform.c;1;_WIN32;1 && _WIN32;artifact;396;400
src/openvpn/platform.c;1;!_WIN32;!_WIN32 && 1;else;401;401
src/openvpn/platform.c;1;HAVE_CHDIR;!_WIN32 && 1 && HAVE_CHDIR;if;402;402
src/openvpn/platform.c;1;HAVE_CHDIR;!_WIN32 && 1 && HAVE_CHDIR;artifact;403;403
src/openvpn/platform.c;1;!HAVE_CHDIR;!HAVE_CHDIR && !_WIN32 && 1;else;404;404
src/openvpn/platform.c;1;!HAVE_CHDIR;!HAVE_CHDIR && !_WIN32 && 1;artifact;405;405
src/openvpn/platform.c;1;!HAVE_CHDIR;!HAVE_CHDIR && !_WIN32 && 1;endif;406;406
src/openvpn/platform.c;1;!_WIN32;!_WIN32 && 1;endif;407;407
src/openvpn/platform.c;1;1;1;artifact;408;415
src/openvpn/platform.c;1;_WIN32;1 && _WIN32;if;416;416
src/openvpn/platform.c;1;_WIN32;1 && _WIN32;artifact;417;417
src/openvpn/platform.c;1;!_WIN32;!_WIN32 && 1;else;418;418
src/openvpn/platform.c;1;!_WIN32;!_WIN32 && 1;artifact;419;419
src/openvpn/platform.c;1;!_WIN32;!_WIN32 && 1;endif;420;420
src/openvpn/platform.c;1;1;1;artifact;421;422
src/openvpn/platform.c;1;_WIN32;1 && _WIN32;if;423;423
src/openvpn/platform.c;1;_WIN32;1 && _WIN32;artifact;424;435
src/openvpn/platform.c;1;!_WIN32;!_WIN32 && 1;else;436;436
src/openvpn/platform.c;1;!_WIN32;!_WIN32 && 1;artifact;437;454
src/openvpn/platform.c;1;!_WIN32;!_WIN32 && 1;endif;455;455
src/openvpn/platform.c;1;1;1;artifact;456;459
src/openvpn/platform.c;1;_WIN32;1 && _WIN32;if;460;460
src/openvpn/platform.c;1;_WIN32;1 && _WIN32;artifact;461;464
src/openvpn/platform.c;1;!_WIN32;!_WIN32 && 1;else;465;465
src/openvpn/platform.c;1;!_WIN32;!_WIN32 && 1;artifact;466;466
src/openvpn/platform.c;1;!_WIN32;!_WIN32 && 1;endif;467;467
src/openvpn/platform.c;1;1;1;artifact;468;475
src/openvpn/platform.c;1;_WIN32;1 && _WIN32;if;476;476
src/openvpn/platform.c;1;_WIN32;1 && _WIN32;artifact;477;477
src/openvpn/platform.c;1;!_WIN32;!_WIN32 && 1;else;478;478
src/openvpn/platform.c;1;!_WIN32;!_WIN32 && 1;artifact;479;482
src/openvpn/platform.c;1;!_WIN32;!_WIN32 && 1;endif;483;483
src/openvpn/platform.c;1;1;1;artifact;484;491
src/openvpn/platform.c;1;_WIN32;1 && _WIN32;if;492;492
src/openvpn/platform.c;1;_WIN32;1 && _WIN32;artifact;493;493
src/openvpn/platform.c;1;!_WIN32;!_WIN32 && 1;else;494;494
src/openvpn/platform.c;1;!_WIN32;!_WIN32 && 1;artifact;495;495
src/openvpn/platform.c;1;!_WIN32;!_WIN32 && 1;endif;496;496
src/openvpn/platform.c;1;1;1;artifact;497;502
src/openvpn/platform.c;1;DEFINED___LB___WIN32__RB__;1 && DEFINED___LB___WIN32__RB__;if;503;503
src/openvpn/platform.c;1;DEFINED___LB___WIN32__RB__;1 && DEFINED___LB___WIN32__RB__;artifact;504;507
src/openvpn/platform.c;1;!DEFINED___LB___WIN32__RB__;!DEFINED___LB___WIN32__RB__ && 1;else;508;508
src/openvpn/platform.c;1;!DEFINED___LB___WIN32__RB__;!DEFINED___LB___WIN32__RB__ && 1;artifact;509;509
src/openvpn/platform.c;1;!DEFINED___LB___WIN32__RB__;!DEFINED___LB___WIN32__RB__ && 1;endif;510;510
src/openvpn/platform.c;1;1;1;artifact;511;515
src/openvpn/platform.c;1;_WIN32;1 && _WIN32;if;516;516
src/openvpn/platform.c;1;_WIN32;1 && _WIN32;artifact;517;520
src/openvpn/platform.c;1;!_WIN32;!_WIN32 && 1;else;521;521
src/openvpn/platform.c;1;!_WIN32;!_WIN32 && 1;artifact;522;522
src/openvpn/platform.c;1;!_WIN32;!_WIN32 && 1;endif;523;523
src/openvpn/platform.c;1;1;1;artifact;524;528
src/openvpn/platform.c;1;_WIN32;1 && _WIN32;if;529;529
src/openvpn/platform.c;1;_WIN32;1 && _WIN32;artifact;530;533
src/openvpn/platform.c;1;!_WIN32;!_WIN32 && 1;else;534;534
src/openvpn/platform.c;1;!_WIN32;!_WIN32 && 1;artifact;535;535
src/openvpn/platform.c;1;!_WIN32;!_WIN32 && 1;endif;536;536
src/openvpn/platform.c;1;1;1;artifact;537;541
src/openvpn/platform.c;1;_WIN32;1 && _WIN32;if;542;542
src/openvpn/platform.c;1;_WIN32;1 && _WIN32;artifact;543;546
src/openvpn/platform.c;1;!_WIN32;!_WIN32 && 1;else;547;547
src/openvpn/platform.c;1;!_WIN32;!_WIN32 && 1;artifact;548;548
src/openvpn/platform.c;1;!_WIN32;!_WIN32 && 1;endif;549;549
src/openvpn/platform.c;1;1;1;artifact;550;609
src/openvpn/platform.c;1;_WIN32;1 && _WIN32;if;610;610
src/openvpn/platform.c;1;_WIN32;1 && _WIN32;artifact;611;612
src/openvpn/platform.c;1;!_WIN32;!_WIN32 && 1;else;613;613
src/openvpn/platform.c;1;!_WIN32;!_WIN32 && 1;artifact;614;614
src/openvpn/platform.c;1;!_WIN32;!_WIN32 && 1;endif;615;615
src/openvpn/platform.c;1;1;1;artifact;616;626
src/openvpn/platform.c;1;_WIN32;1 && _WIN32;if;627;627
src/openvpn/platform.c;1;_WIN32;1 && _WIN32;artifact;628;628
src/openvpn/platform.c;1;_WIN32;1 && _WIN32;endif;629;629
src/openvpn/platform.c;1;1;1;artifact;630;658
src/openvpn/platform.c;1;_WIN32;1 && _WIN32;if;659;659
src/openvpn/platform.c;1;_WIN32;1 && _WIN32;artifact;660;660
src/openvpn/platform.c;1;!_WIN32;!_WIN32 && 1;else;661;661
src/openvpn/platform.c;1;!_WIN32;!_WIN32 && 1;artifact;662;662
src/openvpn/platform.c;1;!_WIN32;!_WIN32 && 1;endif;663;663
src/openvpn/platform.c;1;1;1;artifact;664;699
src/openvpn/platform.h;1;1;1;ROOT;1;171
src/openvpn/platform.h;1;1;1;artifact;1;23
src/openvpn/platform.h;1;!PLATFORM_H;1 && !PLATFORM_H;if;24;24
src/openvpn/platform.h;1;!PLATFORM_H;1 && !PLATFORM_H;artifact;25;26
src/openvpn/platform.h;1;HAVE_SYS_TYPES_H;1 && !PLATFORM_H && HAVE_SYS_TYPES_H;if;27;27
src/openvpn/platform.h;1;HAVE_SYS_TYPES_H;1 && !PLATFORM_H && HAVE_SYS_TYPES_H;artifact;28;28
src/openvpn/platform.h;1;HAVE_SYS_TYPES_H;1 && !PLATFORM_H && HAVE_SYS_TYPES_H;endif;29;29
src/openvpn/platform.h;1;!PLATFORM_H;1 && !PLATFORM_H;artifact;30;30
src/openvpn/platform.h;1;HAVE_SYS_STAT_H;1 && !PLATFORM_H && HAVE_SYS_STAT_H;if;31;31
src/openvpn/platform.h;1;HAVE_SYS_STAT_H;1 && !PLATFORM_H && HAVE_SYS_STAT_H;artifact;32;32
src/openvpn/platform.h;1;HAVE_SYS_STAT_H;1 && !PLATFORM_H && HAVE_SYS_STAT_H;endif;33;33
src/openvpn/platform.h;1;!PLATFORM_H;1 && !PLATFORM_H;artifact;34;34
src/openvpn/platform.h;1;HAVE_UNISTD_H;1 && !PLATFORM_H && HAVE_UNISTD_H;if;35;35
src/openvpn/platform.h;1;HAVE_UNISTD_H;1 && !PLATFORM_H && HAVE_UNISTD_H;artifact;36;36
src/openvpn/platform.h;1;HAVE_UNISTD_H;1 && !PLATFORM_H && HAVE_UNISTD_H;endif;37;37
src/openvpn/platform.h;1;!PLATFORM_H;1 && !PLATFORM_H;artifact;38;38
src/openvpn/platform.h;1;HAVE_PWD_H;1 && !PLATFORM_H && HAVE_PWD_H;if;39;39
src/openvpn/platform.h;1;HAVE_PWD_H;1 && !PLATFORM_H && HAVE_PWD_H;artifact;40;40
src/openvpn/platform.h;1;HAVE_PWD_H;1 && !PLATFORM_H && HAVE_PWD_H;endif;41;41
src/openvpn/platform.h;1;!PLATFORM_H;1 && !PLATFORM_H;artifact;42;42
src/openvpn/platform.h;1;HAVE_GRP_H;1 && !PLATFORM_H && HAVE_GRP_H;if;43;43
src/openvpn/platform.h;1;HAVE_GRP_H;1 && !PLATFORM_H && HAVE_GRP_H;artifact;44;44
src/openvpn/platform.h;1;HAVE_GRP_H;1 && !PLATFORM_H && HAVE_GRP_H;endif;45;45
src/openvpn/platform.h;1;!PLATFORM_H;1 && !PLATFORM_H;artifact;46;46
src/openvpn/platform.h;1;HAVE_STDIO_H;1 && !PLATFORM_H && HAVE_STDIO_H;if;47;47
src/openvpn/platform.h;1;HAVE_STDIO_H;1 && !PLATFORM_H && HAVE_STDIO_H;artifact;48;48
src/openvpn/platform.h;1;HAVE_STDIO_H;1 && !PLATFORM_H && HAVE_STDIO_H;endif;49;49
src/openvpn/platform.h;1;!PLATFORM_H;1 && !PLATFORM_H;artifact;50;50
src/openvpn/platform.h;1;HAVE_GETRLIMIT;1 && !PLATFORM_H && HAVE_GETRLIMIT;if;51;51
src/openvpn/platform.h;1;HAVE_GETRLIMIT;1 && !PLATFORM_H && HAVE_GETRLIMIT;artifact;52;52
src/openvpn/platform.h;1;HAVE_GETRLIMIT;1 && !PLATFORM_H && HAVE_GETRLIMIT;endif;53;53
src/openvpn/platform.h;1;!PLATFORM_H;1 && !PLATFORM_H;artifact;54;63
src/openvpn/platform.h;1;DEFINED___LB__HAVE_GETPWNAM__RB__ && DEFINED___LB__HAVE_SETUID__RB__;1 && !PLATFORM_H && DEFINED___LB__HAVE_GETPWNAM__RB__ && DEFINED___LB__HAVE_SETUID__RB__;if;64;64
src/openvpn/platform.h;1;DEFINED___LB__HAVE_GETPWNAM__RB__ && DEFINED___LB__HAVE_SETUID__RB__;1 && !PLATFORM_H && DEFINED___LB__HAVE_GETPWNAM__RB__ && DEFINED___LB__HAVE_SETUID__RB__;artifact;65;66
src/openvpn/platform.h;1;!DEFINED___LB__HAVE_GETPWNAM__RB__ || !DEFINED___LB__HAVE_SETUID__RB__;(!DEFINED___LB__HAVE_GETPWNAM__RB__ || !DEFINED___LB__HAVE_SETUID__RB__) && 1 && !PLATFORM_H;else;67;67
src/openvpn/platform.h;1;!DEFINED___LB__HAVE_GETPWNAM__RB__ || !DEFINED___LB__HAVE_SETUID__RB__;(!DEFINED___LB__HAVE_GETPWNAM__RB__ || !DEFINED___LB__HAVE_SETUID__RB__) && 1 && !PLATFORM_H;artifact;68;68
src/openvpn/platform.h;1;!DEFINED___LB__HAVE_GETPWNAM__RB__ || !DEFINED___LB__HAVE_SETUID__RB__;(!DEFINED___LB__HAVE_GETPWNAM__RB__ || !DEFINED___LB__HAVE_SETUID__RB__) && 1 && !PLATFORM_H;endif;69;69
src/openvpn/platform.h;1;!PLATFORM_H;1 && !PLATFORM_H;artifact;70;74
src/openvpn/platform.h;1;DEFINED___LB__HAVE_GETGRNAM__RB__ && DEFINED___LB__HAVE_SETGID__RB__;1 && !PLATFORM_H && DEFINED___LB__HAVE_GETGRNAM__RB__ && DEFINED___LB__HAVE_SETGID__RB__;if;75;75
src/openvpn/platform.h;1;DEFINED___LB__HAVE_GETGRNAM__RB__ && DEFINED___LB__HAVE_SETGID__RB__;1 && !PLATFORM_H && DEFINED___LB__HAVE_GETGRNAM__RB__ && DEFINED___LB__HAVE_SETGID__RB__;artifact;76;77
src/openvpn/platform.h;1;!DEFINED___LB__HAVE_GETGRNAM__RB__ || !DEFINED___LB__HAVE_SETGID__RB__;(!DEFINED___LB__HAVE_GETGRNAM__RB__ || !DEFINED___LB__HAVE_SETGID__RB__) && 1 && !PLATFORM_H;else;78;78
src/openvpn/platform.h;1;!DEFINED___LB__HAVE_GETGRNAM__RB__ || !DEFINED___LB__HAVE_SETGID__RB__;(!DEFINED___LB__HAVE_GETGRNAM__RB__ || !DEFINED___LB__HAVE_SETGID__RB__) && 1 && !PLATFORM_H;artifact;79;79
src/openvpn/platform.h;1;!DEFINED___LB__HAVE_GETGRNAM__RB__ || !DEFINED___LB__HAVE_SETGID__RB__;(!DEFINED___LB__HAVE_GETGRNAM__RB__ || !DEFINED___LB__HAVE_SETGID__RB__) && 1 && !PLATFORM_H;endif;80;80
src/openvpn/platform.h;1;!PLATFORM_H;1 && !PLATFORM_H;artifact;81;98
src/openvpn/platform.h;1;DEFINED___LB__HAVE_GETPWNAM__RB__ && DEFINED___LB__HAVE_SETUID__RB__;1 && !PLATFORM_H && DEFINED___LB__HAVE_GETPWNAM__RB__ && DEFINED___LB__HAVE_SETUID__RB__;if;99;99
src/openvpn/platform.h;1;DEFINED___LB__HAVE_GETPWNAM__RB__ && DEFINED___LB__HAVE_SETUID__RB__;1 && !PLATFORM_H && DEFINED___LB__HAVE_GETPWNAM__RB__ && DEFINED___LB__HAVE_SETUID__RB__;artifact;100;100
src/openvpn/platform.h;1;DEFINED___LB__HAVE_GETPWNAM__RB__ && DEFINED___LB__HAVE_SETUID__RB__;1 && !PLATFORM_H && DEFINED___LB__HAVE_GETPWNAM__RB__ && DEFINED___LB__HAVE_SETUID__RB__;endif;101;101
src/openvpn/platform.h;1;!PLATFORM_H;1 && !PLATFORM_H;artifact;102;107
src/openvpn/platform.h;1;DEFINED___LB__HAVE_GETGRNAM__RB__ && DEFINED___LB__HAVE_SETGID__RB__;1 && !PLATFORM_H && DEFINED___LB__HAVE_GETGRNAM__RB__ && DEFINED___LB__HAVE_SETGID__RB__;if;108;108
src/openvpn/platform.h;1;DEFINED___LB__HAVE_GETGRNAM__RB__ && DEFINED___LB__HAVE_SETGID__RB__;1 && !PLATFORM_H && DEFINED___LB__HAVE_GETGRNAM__RB__ && DEFINED___LB__HAVE_SETGID__RB__;artifact;109;109
src/openvpn/platform.h;1;DEFINED___LB__HAVE_GETGRNAM__RB__ && DEFINED___LB__HAVE_SETGID__RB__;1 && !PLATFORM_H && DEFINED___LB__HAVE_GETGRNAM__RB__ && DEFINED___LB__HAVE_SETGID__RB__;endif;110;110
src/openvpn/platform.h;1;!PLATFORM_H;1 && !PLATFORM_H;artifact;111;144
src/openvpn/platform.h;1;_WIN32;1 && !PLATFORM_H && _WIN32;if;145;145
src/openvpn/platform.h;1;_WIN32;1 && !PLATFORM_H && _WIN32;artifact;146;146
src/openvpn/platform.h;1;!_WIN32;!_WIN32 && 1 && !PLATFORM_H;else;147;147
src/openvpn/platform.h;1;!_WIN32;!_WIN32 && 1 && !PLATFORM_H;artifact;148;148
src/openvpn/platform.h;1;!_WIN32;!_WIN32 && 1 && !PLATFORM_H;endif;149;149
src/openvpn/platform.h;1;!PLATFORM_H;1 && !PLATFORM_H;artifact;150;168
src/openvpn/platform.h;1;!PLATFORM_H;1 && !PLATFORM_H;endif;169;169
src/openvpn/platform.h;1;1;1;artifact;170;170
src/openvpn/plugin.c;1;1;1;ROOT;1;1050
src/openvpn/plugin.c;1;1;1;artifact;1;23
src/openvpn/plugin.c;1;HAVE_CONFIG_H;1 && HAVE_CONFIG_H;if;24;24
src/openvpn/plugin.c;1;HAVE_CONFIG_H;1 && HAVE_CONFIG_H;artifact;25;25
src/openvpn/plugin.c;1;HAVE_CONFIG_H;1 && HAVE_CONFIG_H;endif;26;26
src/openvpn/plugin.c;1;HAVE_CONFIG_VERSION_H;1 && HAVE_CONFIG_VERSION_H;if;27;27
src/openvpn/plugin.c;1;HAVE_CONFIG_VERSION_H;1 && HAVE_CONFIG_VERSION_H;artifact;28;28
src/openvpn/plugin.c;1;HAVE_CONFIG_VERSION_H;1 && HAVE_CONFIG_VERSION_H;endif;29;29
src/openvpn/plugin.c;1;1;1;artifact;30;32
src/openvpn/plugin.c;1;ENABLE_PLUGIN;1 && ENABLE_PLUGIN;if;33;33
src/openvpn/plugin.c;1;ENABLE_PLUGIN;1 && ENABLE_PLUGIN;artifact;34;34
src/openvpn/plugin.c;1;HAVE_DLFCN_H;1 && ENABLE_PLUGIN && HAVE_DLFCN_H;if;35;35
src/openvpn/plugin.c;1;HAVE_DLFCN_H;1 && ENABLE_PLUGIN && HAVE_DLFCN_H;artifact;36;36
src/openvpn/plugin.c;1;HAVE_DLFCN_H;1 && ENABLE_PLUGIN && HAVE_DLFCN_H;endif;37;37
src/openvpn/plugin.c;1;ENABLE_PLUGIN;1 && ENABLE_PLUGIN;artifact;38;186
src/openvpn/plugin.c;1;!ENABLE_SMALL;1 && ENABLE_PLUGIN && !ENABLE_SMALL;if;187;187
src/openvpn/plugin.c;1;!ENABLE_SMALL;1 && ENABLE_PLUGIN && !ENABLE_SMALL;artifact;188;201
src/openvpn/plugin.c;1;!ENABLE_SMALL;1 && ENABLE_PLUGIN && !ENABLE_SMALL;endif;202;202
src/openvpn/plugin.c;1;ENABLE_PLUGIN;1 && ENABLE_PLUGIN;artifact;203;203
src/openvpn/plugin.c;1;!_WIN32;1 && ENABLE_PLUGIN && !_WIN32;if;204;204
src/openvpn/plugin.c;1;!_WIN32;1 && ENABLE_PLUGIN && !_WIN32;artifact;205;215
src/openvpn/plugin.c;1;_WIN32;_WIN32 && 1 && ENABLE_PLUGIN;else;216;216
src/openvpn/plugin.c;1;_WIN32;_WIN32 && 1 && ENABLE_PLUGIN;artifact;217;227
src/openvpn/plugin.c;1;_WIN32;_WIN32 && 1 && ENABLE_PLUGIN;endif;228;228
src/openvpn/plugin.c;1;ENABLE_PLUGIN;1 && ENABLE_PLUGIN;artifact;229;238
src/openvpn/plugin.c;1;!_WIN32;1 && ENABLE_PLUGIN && !_WIN32;if;239;239
src/openvpn/plugin.c;1;!_WIN32;1 && ENABLE_PLUGIN && !_WIN32;artifact;240;277
src/openvpn/plugin.c;1;_WIN32;_WIN32 && 1 && ENABLE_PLUGIN;else;278;278
src/openvpn/plugin.c;1;_WIN32;_WIN32 && 1 && ENABLE_PLUGIN;artifact;279;300
src/openvpn/plugin.c;1;_WIN32;_WIN32 && 1 && ENABLE_PLUGIN;endif;301;301
src/openvpn/plugin.c;1;ENABLE_PLUGIN;1 && ENABLE_PLUGIN;artifact;302;440
src/openvpn/plugin.c;1;!CONFIGURE_GIT_REVISION;1 && ENABLE_PLUGIN && !CONFIGURE_GIT_REVISION;if;441;441
src/openvpn/plugin.c;1;!CONFIGURE_GIT_REVISION;1 && ENABLE_PLUGIN && !CONFIGURE_GIT_REVISION;artifact;442;442
src/openvpn/plugin.c;1;CONFIGURE_GIT_REVISION;CONFIGURE_GIT_REVISION && 1 && ENABLE_PLUGIN;else;443;443
src/openvpn/plugin.c;1;CONFIGURE_GIT_REVISION;CONFIGURE_GIT_REVISION && 1 && ENABLE_PLUGIN;artifact;444;444
src/openvpn/plugin.c;1;CONFIGURE_GIT_REVISION;CONFIGURE_GIT_REVISION && 1 && ENABLE_PLUGIN;endif;445;445
src/openvpn/plugin.c;1;ENABLE_PLUGIN;1 && ENABLE_PLUGIN;artifact;446;626
src/openvpn/plugin.c;1;!_WIN32;1 && ENABLE_PLUGIN && !_WIN32;if;627;627
src/openvpn/plugin.c;1;!_WIN32;1 && ENABLE_PLUGIN && !_WIN32;artifact;628;631
src/openvpn/plugin.c;1;DEFINED___LB___WIN32__RB__ && _WIN32;DEFINED___LB___WIN32__RB__ && _WIN32 && 1 && ENABLE_PLUGIN;elif;632;632
src/openvpn/plugin.c;1;DEFINED___LB___WIN32__RB__ && _WIN32;DEFINED___LB___WIN32__RB__ && _WIN32 && 1 && ENABLE_PLUGIN;artifact;633;636
src/openvpn/plugin.c;1;DEFINED___LB___WIN32__RB__ && _WIN32;DEFINED___LB___WIN32__RB__ && _WIN32 && 1 && ENABLE_PLUGIN;endif;637;637
src/openvpn/plugin.c;1;ENABLE_PLUGIN;1 && ENABLE_PLUGIN;artifact;638;1024
src/openvpn/plugin.c;1;ENABLE_DEBUG;1 && ENABLE_PLUGIN && ENABLE_DEBUG;if;1025;1025
src/openvpn/plugin.c;1;ENABLE_DEBUG;1 && ENABLE_PLUGIN && ENABLE_DEBUG;artifact;1026;1046
src/openvpn/plugin.c;1;ENABLE_DEBUG;1 && ENABLE_PLUGIN && ENABLE_DEBUG;endif;1047;1047
src/openvpn/plugin.c;1;ENABLE_PLUGIN;1 && ENABLE_PLUGIN;endif;1048;1048
src/openvpn/plugin.c;1;1;1;artifact;1049;1049
src/openvpn/plugin.h;1;1;1;ROOT;1;215
src/openvpn/plugin.h;1;1;1;artifact;1;27
src/openvpn/plugin.h;1;!OPENVPN_PLUGIN_H;1 && !OPENVPN_PLUGIN_H;if;28;28
src/openvpn/plugin.h;1;!OPENVPN_PLUGIN_H;1 && !OPENVPN_PLUGIN_H;artifact;29;30
src/openvpn/plugin.h;1;ENABLE_CRYPTO_OPENSSL;1 && !OPENVPN_PLUGIN_H && ENABLE_CRYPTO_OPENSSL;if;31;31
src/openvpn/plugin.h;1;ENABLE_CRYPTO_OPENSSL;1 && !OPENVPN_PLUGIN_H && ENABLE_CRYPTO_OPENSSL;artifact;32;32
src/openvpn/plugin.h;1;ENABLE_CRYPTO_OPENSSL;1 && !OPENVPN_PLUGIN_H && ENABLE_CRYPTO_OPENSSL;endif;33;33
src/openvpn/plugin.h;1;ENABLE_CRYPTO_MBEDTLS;1 && !OPENVPN_PLUGIN_H && ENABLE_CRYPTO_MBEDTLS;if;34;34
src/openvpn/plugin.h;1;ENABLE_CRYPTO_MBEDTLS;1 && !OPENVPN_PLUGIN_H && ENABLE_CRYPTO_MBEDTLS;artifact;35;35
src/openvpn/plugin.h;1;ENABLE_CRYPTO_MBEDTLS;1 && !OPENVPN_PLUGIN_H && ENABLE_CRYPTO_MBEDTLS;endif;36;36
src/openvpn/plugin.h;1;!OPENVPN_PLUGIN_H;1 && !OPENVPN_PLUGIN_H;artifact;37;38
src/openvpn/plugin.h;1;ENABLE_PLUGIN;1 && !OPENVPN_PLUGIN_H && ENABLE_PLUGIN;if;39;39
src/openvpn/plugin.h;1;ENABLE_PLUGIN;1 && !OPENVPN_PLUGIN_H && ENABLE_PLUGIN;artifact;40;60
src/openvpn/plugin.h;1;!_WIN32;1 && !OPENVPN_PLUGIN_H && ENABLE_PLUGIN && !_WIN32;if;61;61
src/openvpn/plugin.h;1;!_WIN32;1 && !OPENVPN_PLUGIN_H && ENABLE_PLUGIN && !_WIN32;artifact;62;62
src/openvpn/plugin.h;1;_WIN32;_WIN32 && 1 && !OPENVPN_PLUGIN_H && ENABLE_PLUGIN;else;63;63
src/openvpn/plugin.h;1;_WIN32;_WIN32 && 1 && !OPENVPN_PLUGIN_H && ENABLE_PLUGIN;artifact;64;64
src/openvpn/plugin.h;1;_WIN32;_WIN32 && 1 && !OPENVPN_PLUGIN_H && ENABLE_PLUGIN;endif;65;65
src/openvpn/plugin.h;1;ENABLE_PLUGIN;1 && !OPENVPN_PLUGIN_H && ENABLE_PLUGIN;artifact;66;111
src/openvpn/plugin.h;1;!ENABLE_SMALL;1 && !OPENVPN_PLUGIN_H && ENABLE_PLUGIN && !ENABLE_SMALL;if;112;112
src/openvpn/plugin.h;1;!ENABLE_SMALL;1 && !OPENVPN_PLUGIN_H && ENABLE_PLUGIN && !ENABLE_SMALL;artifact;113;114
src/openvpn/plugin.h;1;!ENABLE_SMALL;1 && !OPENVPN_PLUGIN_H && ENABLE_PLUGIN && !ENABLE_SMALL;endif;115;115
src/openvpn/plugin.h;1;ENABLE_PLUGIN;1 && !OPENVPN_PLUGIN_H && ENABLE_PLUGIN;artifact;116;145
src/openvpn/plugin.h;1;ENABLE_DEBUG;1 && !OPENVPN_PLUGIN_H && ENABLE_PLUGIN && ENABLE_DEBUG;if;146;146
src/openvpn/plugin.h;1;ENABLE_DEBUG;1 && !OPENVPN_PLUGIN_H && ENABLE_PLUGIN && ENABLE_DEBUG;artifact;147;148
src/openvpn/plugin.h;1;ENABLE_DEBUG;1 && !OPENVPN_PLUGIN_H && ENABLE_PLUGIN && ENABLE_DEBUG;endif;149;149
src/openvpn/plugin.h;1;ENABLE_PLUGIN;1 && !OPENVPN_PLUGIN_H && ENABLE_PLUGIN;artifact;150;175
src/openvpn/plugin.h;1;!ENABLE_PLUGIN;!ENABLE_PLUGIN && 1 && !OPENVPN_PLUGIN_H;else;176;176
src/openvpn/plugin.h;1;!ENABLE_PLUGIN;!ENABLE_PLUGIN && 1 && !OPENVPN_PLUGIN_H;artifact;177;198
src/openvpn/plugin.h;1;!ENABLE_PLUGIN;!ENABLE_PLUGIN && 1 && !OPENVPN_PLUGIN_H;endif;199;199
src/openvpn/plugin.h;1;!OPENVPN_PLUGIN_H;1 && !OPENVPN_PLUGIN_H;artifact;200;212
src/openvpn/plugin.h;1;!OPENVPN_PLUGIN_H;1 && !OPENVPN_PLUGIN_H;endif;213;213
src/openvpn/plugin.h;1;1;1;artifact;214;214
src/openvpn/pool.c;1;1;1;ROOT;1;833
src/openvpn/pool.c;1;1;1;artifact;1;23
src/openvpn/pool.c;1;HAVE_CONFIG_H;1 && HAVE_CONFIG_H;if;24;24
src/openvpn/pool.c;1;HAVE_CONFIG_H;1 && HAVE_CONFIG_H;artifact;25;25
src/openvpn/pool.c;1;HAVE_CONFIG_H;1 && HAVE_CONFIG_H;endif;26;26
src/openvpn/pool.c;1;1;1;artifact;27;746
src/openvpn/pool.c;1;IFCONFIG_POOL_TEST;1 && IFCONFIG_POOL_TEST;if;747;747
src/openvpn/pool.c;1;IFCONFIG_POOL_TEST;1 && IFCONFIG_POOL_TEST;artifact;748;769
src/openvpn/pool.c;1;DUP_CN;1 && IFCONFIG_POOL_TEST && DUP_CN;if;770;770
src/openvpn/pool.c;1;DUP_CN;1 && IFCONFIG_POOL_TEST && DUP_CN;artifact;771;771
src/openvpn/pool.c;1;!DUP_CN;!DUP_CN && 1 && IFCONFIG_POOL_TEST;else;772;772
src/openvpn/pool.c;1;!DUP_CN;!DUP_CN && 1 && IFCONFIG_POOL_TEST;artifact;773;773
src/openvpn/pool.c;1;!DUP_CN;!DUP_CN && 1 && IFCONFIG_POOL_TEST;endif;774;774
src/openvpn/pool.c;1;IFCONFIG_POOL_TEST;1 && IFCONFIG_POOL_TEST;artifact;775;808
src/openvpn/pool.c;1;DUP_CN;1 && IFCONFIG_POOL_TEST && DUP_CN;if;809;809
src/openvpn/pool.c;1;DUP_CN;1 && IFCONFIG_POOL_TEST && DUP_CN;artifact;810;810
src/openvpn/pool.c;1;!DUP_CN;!DUP_CN && 1 && IFCONFIG_POOL_TEST;else;811;811
src/openvpn/pool.c;1;!DUP_CN;!DUP_CN && 1 && IFCONFIG_POOL_TEST;artifact;812;812
src/openvpn/pool.c;1;!DUP_CN;!DUP_CN && 1 && IFCONFIG_POOL_TEST;endif;813;813
src/openvpn/pool.c;1;IFCONFIG_POOL_TEST;1 && IFCONFIG_POOL_TEST;artifact;814;830
src/openvpn/pool.c;1;IFCONFIG_POOL_TEST;1 && IFCONFIG_POOL_TEST;endif;831;831
src/openvpn/pool.c;1;1;1;artifact;832;832
src/openvpn/pool.h;1;1;1;ROOT;1;105
src/openvpn/pool.h;1;1;1;artifact;1;23
src/openvpn/pool.h;1;!POOL_H;1 && !POOL_H;if;24;24
src/openvpn/pool.h;1;!POOL_H;1 && !POOL_H;artifact;25;97
src/openvpn/pool.h;1;IFCONFIG_POOL_TEST;1 && !POOL_H && IFCONFIG_POOL_TEST;if;98;98
src/openvpn/pool.h;1;IFCONFIG_POOL_TEST;1 && !POOL_H && IFCONFIG_POOL_TEST;artifact;99;100
src/openvpn/pool.h;1;IFCONFIG_POOL_TEST;1 && !POOL_H && IFCONFIG_POOL_TEST;endif;101;101
src/openvpn/pool.h;1;!POOL_H;1 && !POOL_H;artifact;102;102
src/openvpn/pool.h;1;!POOL_H;1 && !POOL_H;endif;103;103
src/openvpn/pool.h;1;1;1;artifact;104;104
src/openvpn/proto.c;1;1;1;ROOT;1;230
src/openvpn/proto.c;1;1;1;artifact;1;23
src/openvpn/proto.c;1;HAVE_CONFIG_H;1 && HAVE_CONFIG_H;if;24;24
src/openvpn/proto.c;1;HAVE_CONFIG_H;1 && HAVE_CONFIG_H;artifact;25;25
src/openvpn/proto.c;1;HAVE_CONFIG_H;1 && HAVE_CONFIG_H;endif;26;26
src/openvpn/proto.c;1;1;1;artifact;27;172
src/openvpn/proto.c;1;PACKET_TRUNCATION_CHECK;1 && PACKET_TRUNCATION_CHECK;if;173;173
src/openvpn/proto.c;1;PACKET_TRUNCATION_CHECK;1 && PACKET_TRUNCATION_CHECK;artifact;174;227
src/openvpn/proto.c;1;PACKET_TRUNCATION_CHECK;1 && PACKET_TRUNCATION_CHECK;endif;228;228
src/openvpn/proto.c;1;1;1;artifact;229;229
src/openvpn/proto.h;1;1;1;ROOT;1;330
src/openvpn/proto.h;1;1;1;artifact;1;23
src/openvpn/proto.h;1;!PROTO_H;1 && !PROTO_H;if;24;24
src/openvpn/proto.h;1;!PROTO_H;1 && !PROTO_H;artifact;25;314
src/openvpn/proto.h;1;PACKET_TRUNCATION_CHECK;1 && !PROTO_H && PACKET_TRUNCATION_CHECK;if;315;315
src/openvpn/proto.h;1;PACKET_TRUNCATION_CHECK;1 && !PROTO_H && PACKET_TRUNCATION_CHECK;artifact;316;322
src/openvpn/proto.h;1;PACKET_TRUNCATION_CHECK;1 && !PROTO_H && PACKET_TRUNCATION_CHECK;endif;323;323
src/openvpn/proto.h;1;!PROTO_H;1 && !PROTO_H;artifact;324;327
src/openvpn/proto.h;1;!PROTO_H;1 && !PROTO_H;endif;328;328
src/openvpn/proto.h;1;1;1;artifact;329;329
src/openvpn/proxy.c;1;1;1;ROOT;1;1095
src/openvpn/proxy.c;1;1;1;artifact;1;23
src/openvpn/proxy.c;1;HAVE_CONFIG_H;1 && HAVE_CONFIG_H;if;24;24
src/openvpn/proxy.c;1;HAVE_CONFIG_H;1 && HAVE_CONFIG_H;artifact;25;25
src/openvpn/proxy.c;1;HAVE_CONFIG_H;1 && HAVE_CONFIG_H;endif;26;26
src/openvpn/proxy.c;1;1;1;artifact;27;138
src/openvpn/proxy.c;1;0;1 && 0;if;139;139
src/openvpn/proxy.c;1;0;1 && 0;artifact;140;147
src/openvpn/proxy.c;1;0;1 && 0;endif;148;148
src/openvpn/proxy.c;1;1;1;artifact;149;295
src/openvpn/proxy.c;1;0;1 && 0;if;296;296
src/openvpn/proxy.c;1;0;1 && 0;artifact;297;313
src/openvpn/proxy.c;1;0;1 && 0;endif;314;314
src/openvpn/proxy.c;1;1;1;artifact;315;348
src/openvpn/proxy.c;1;PROXY_DIGEST_AUTH;1 && PROXY_DIGEST_AUTH;if;349;349
src/openvpn/proxy.c;1;PROXY_DIGEST_AUTH;1 && PROXY_DIGEST_AUTH;artifact;350;355
src/openvpn/proxy.c;1;PROXY_DIGEST_AUTH;1 && PROXY_DIGEST_AUTH;endif;356;356
src/openvpn/proxy.c;1;NTLM;1 && NTLM;if;357;357
src/openvpn/proxy.c;1;NTLM;1 && NTLM;artifact;358;363
src/openvpn/proxy.c;1;NTLM;1 && NTLM;endif;364;364
src/openvpn/proxy.c;1;1;1;artifact;365;521
src/openvpn/proxy.c;1;NTLM;1 && NTLM;if;522;522
src/openvpn/proxy.c;1;NTLM;1 && NTLM;artifact;523;531
src/openvpn/proxy.c;1;NTLM;1 && NTLM;endif;532;532
src/openvpn/proxy.c;1;1;1;artifact;533;547
src/openvpn/proxy.c;1;!NTLM;1 && !NTLM;if;548;548
src/openvpn/proxy.c;1;!NTLM;1 && !NTLM;artifact;549;552
src/openvpn/proxy.c;1;!NTLM;1 && !NTLM;endif;553;553
src/openvpn/proxy.c;1;1;1;artifact;554;704
src/openvpn/proxy.c;1;NTLM;1 && NTLM;if;705;705
src/openvpn/proxy.c;1;NTLM;1 && NTLM;artifact;706;722
src/openvpn/proxy.c;1;NTLM;1 && NTLM;endif;723;723
src/openvpn/proxy.c;1;1;1;artifact;724;761
src/openvpn/proxy.c;1;NTLM;1 && NTLM;if;762;762
src/openvpn/proxy.c;1;NTLM;1 && NTLM;artifact;763;860
src/openvpn/proxy.c;1;NTLM;1 && NTLM;endif;861;861
src/openvpn/proxy.c;1;1;1;artifact;862;862
src/openvpn/proxy.c;1;PROXY_DIGEST_AUTH;1 && PROXY_DIGEST_AUTH;if;863;863
src/openvpn/proxy.c;1;PROXY_DIGEST_AUTH;1 && PROXY_DIGEST_AUTH;artifact;864;997
src/openvpn/proxy.c;1;PROXY_DIGEST_AUTH;1 && PROXY_DIGEST_AUTH;endif;998;998
src/openvpn/proxy.c;1;1;1;artifact;999;1051
src/openvpn/proxy.c;1;0;1 && 0;if;1052;1052
src/openvpn/proxy.c;1;0;1 && 0;artifact;1053;1054
src/openvpn/proxy.c;1;0;1 && 0;endif;1055;1055
src/openvpn/proxy.c;1;1;1;artifact;1056;1077
src/openvpn/proxy.c;1;0;1 && 0;if;1078;1078
src/openvpn/proxy.c;1;0;1 && 0;artifact;1079;1082
src/openvpn/proxy.c;1;0;1 && 0;endif;1083;1083
src/openvpn/proxy.c;1;1;1;artifact;1084;1094
src/openvpn/proxy.h;1;1;1;ROOT;1;98
src/openvpn/proxy.h;1;1;1;artifact;1;23
src/openvpn/proxy.h;1;!PROXY_H;1 && !PROXY_H;if;24;24
src/openvpn/proxy.h;1;!PROXY_H;1 && !PROXY_H;artifact;25;95
src/openvpn/proxy.h;1;!PROXY_H;1 && !PROXY_H;endif;96;96
src/openvpn/proxy.h;1;1;1;artifact;97;97
src/openvpn/ps.c;1;1;1;ROOT;1;1036
src/openvpn/ps.c;1;1;1;artifact;1;23
src/openvpn/ps.c;1;HAVE_CONFIG_H;1 && HAVE_CONFIG_H;if;24;24
src/openvpn/ps.c;1;HAVE_CONFIG_H;1 && HAVE_CONFIG_H;artifact;25;25
src/openvpn/ps.c;1;HAVE_CONFIG_H;1 && HAVE_CONFIG_H;endif;26;26
src/openvpn/ps.c;1;1;1;artifact;27;29
src/openvpn/ps.c;1;PORT_SHARE;1 && PORT_SHARE;if;30;30
src/openvpn/ps.c;1;PORT_SHARE;1 && PORT_SHARE;artifact;31;77
src/openvpn/ps.c;1;0;1 && PORT_SHARE && 0;if;78;78
src/openvpn/ps.c;1;0;1 && PORT_SHARE && 0;artifact;79;86
src/openvpn/ps.c;1;0;1 && PORT_SHARE && 0;endif;87;87
src/openvpn/ps.c;1;PORT_SHARE;1 && PORT_SHARE;artifact;88;902
src/openvpn/ps.c;1;ENABLE_MANAGEMENT;1 && PORT_SHARE && ENABLE_MANAGEMENT;if;903;903
src/openvpn/ps.c;1;ENABLE_MANAGEMENT;1 && PORT_SHARE && ENABLE_MANAGEMENT;artifact;904;905
src/openvpn/ps.c;1;ENABLE_MANAGEMENT;1 && PORT_SHARE && ENABLE_MANAGEMENT;endif;906;906
src/openvpn/ps.c;1;PORT_SHARE;1 && PORT_SHARE;artifact;907;1033
src/openvpn/ps.c;1;PORT_SHARE;1 && PORT_SHARE;endif;1034;1034
src/openvpn/ps.c;1;1;1;artifact;1035;1035
src/openvpn/ps.h;1;1;1;ROOT;1;61
src/openvpn/ps.h;1;1;1;artifact;1;23
src/openvpn/ps.h;1;!PS_H;1 && !PS_H;if;24;24
src/openvpn/ps.h;1;!PS_H;1 && !PS_H;artifact;25;26
src/openvpn/ps.h;1;PORT_SHARE;1 && !PS_H && PORT_SHARE;if;27;27
src/openvpn/ps.h;1;PORT_SHARE;1 && !PS_H && PORT_SHARE;artifact;28;57
src/openvpn/ps.h;1;PORT_SHARE;1 && !PS_H && PORT_SHARE;endif;58;58
src/openvpn/ps.h;1;!PS_H;1 && !PS_H;endif;59;59
src/openvpn/ps.h;1;1;1;artifact;60;60
src/openvpn/push.c;1;1;1;ROOT;1;1193
src/openvpn/push.c;1;1;1;artifact;1;23
src/openvpn/push.c;1;HAVE_CONFIG_H;1 && HAVE_CONFIG_H;if;24;24
src/openvpn/push.c;1;HAVE_CONFIG_H;1 && HAVE_CONFIG_H;artifact;25;25
src/openvpn/push.c;1;HAVE_CONFIG_H;1 && HAVE_CONFIG_H;endif;26;26
src/openvpn/push.c;1;1;1;artifact;27;109
src/openvpn/push.c;1;ENABLE_MANAGEMENT;1 && ENABLE_MANAGEMENT;if;110;110
src/openvpn/push.c;1;ENABLE_MANAGEMENT;1 && ENABLE_MANAGEMENT;artifact;111;122
src/openvpn/push.c;1;ENABLE_MANAGEMENT;1 && ENABLE_MANAGEMENT;endif;123;123
src/openvpn/push.c;1;1;1;artifact;124;180
src/openvpn/push.c;1;ENABLE_MANAGEMENT;1 && ENABLE_MANAGEMENT;if;181;181
src/openvpn/push.c;1;ENABLE_MANAGEMENT;1 && ENABLE_MANAGEMENT;artifact;182;185
src/openvpn/push.c;1;ENABLE_MANAGEMENT;1 && ENABLE_MANAGEMENT;endif;186;186
src/openvpn/push.c;1;1;1;artifact;187;216
src/openvpn/push.c;1;ENABLE_MANAGEMENT;1 && ENABLE_MANAGEMENT;if;217;217
src/openvpn/push.c;1;ENABLE_MANAGEMENT;1 && ENABLE_MANAGEMENT;artifact;218;221
src/openvpn/push.c;1;ENABLE_MANAGEMENT;1 && ENABLE_MANAGEMENT;endif;222;222
src/openvpn/push.c;1;1;1;artifact;223;237
src/openvpn/push.c;1;ENABLE_MANAGEMENT;1 && ENABLE_MANAGEMENT;if;238;238
src/openvpn/push.c;1;ENABLE_MANAGEMENT;1 && ENABLE_MANAGEMENT;artifact;239;259
src/openvpn/push.c;1;ENABLE_MANAGEMENT;1 && ENABLE_MANAGEMENT;endif;260;260
src/openvpn/push.c;1;1;1;artifact;261;273
src/openvpn/push.c;1;ENABLE_MANAGEMENT;1 && ENABLE_MANAGEMENT;if;274;274
src/openvpn/push.c;1;ENABLE_MANAGEMENT;1 && ENABLE_MANAGEMENT;artifact;275;280
src/openvpn/push.c;1;ENABLE_MANAGEMENT;1 && ENABLE_MANAGEMENT;endif;281;281
src/openvpn/push.c;1;ENABLE_PLUGIN;1 && ENABLE_PLUGIN;if;282;282
src/openvpn/push.c;1;ENABLE_PLUGIN;1 && ENABLE_PLUGIN;artifact;283;283
src/openvpn/push.c;1;ENABLE_PLUGIN;1 && ENABLE_PLUGIN;endif;284;284
src/openvpn/push.c;1;1;1;artifact;285;305
src/openvpn/push.c;1;ENABLE_MANAGEMENT;1 && ENABLE_MANAGEMENT;if;306;306
src/openvpn/push.c;1;ENABLE_MANAGEMENT;1 && ENABLE_MANAGEMENT;artifact;307;311
src/openvpn/push.c;1;ENABLE_MANAGEMENT;1 && ENABLE_MANAGEMENT;endif;312;312
src/openvpn/push.c;1;1;1;artifact;313;319
src/openvpn/push.c;1;ENABLE_MANAGEMENT;1 && ENABLE_MANAGEMENT;if;320;320
src/openvpn/push.c;1;ENABLE_MANAGEMENT;1 && ENABLE_MANAGEMENT;artifact;321;327
src/openvpn/push.c;1;ENABLE_MANAGEMENT;1 && ENABLE_MANAGEMENT;endif;328;328
src/openvpn/push.c;1;1;1;artifact;329;380
src/openvpn/push.c;1;__GNUC__;1 && __GNUC__;if;381;381
src/openvpn/push.c;1;__USE_MINGW_ANSI_STDIO;1 && __GNUC__ && __USE_MINGW_ANSI_STDIO;if;382;382
src/openvpn/push.c;1;__USE_MINGW_ANSI_STDIO;1 && __GNUC__ && __USE_MINGW_ANSI_STDIO;artifact;383;383
src/openvpn/push.c;1;!__USE_MINGW_ANSI_STDIO;!__USE_MINGW_ANSI_STDIO && 1 && __GNUC__;else;384;384
src/openvpn/push.c;1;!__USE_MINGW_ANSI_STDIO;!__USE_MINGW_ANSI_STDIO && 1 && __GNUC__;artifact;385;385
src/openvpn/push.c;1;!__USE_MINGW_ANSI_STDIO;!__USE_MINGW_ANSI_STDIO && 1 && __GNUC__;endif;386;386
src/openvpn/push.c;1;__GNUC__;1 && __GNUC__;endif;387;387
src/openvpn/push.c;1;1;1;artifact;388;1192
src/openvpn/push.h;1;1;1;ROOT;1;107
src/openvpn/push.h;1;1;1;artifact;1;23
src/openvpn/push.h;1;!PUSH_H;1 && !PUSH_H;if;24;24
src/openvpn/push.h;1;!PUSH_H;1 && !PUSH_H;artifact;25;104
src/openvpn/push.h;1;!PUSH_H;1 && !PUSH_H;endif;105;105
src/openvpn/push.h;1;1;1;artifact;106;106
src/openvpn/pushlist.h;1;1;1;ROOT;1;42
src/openvpn/pushlist.h;1;1;1;artifact;1;23
src/openvpn/pushlist.h;1;!DEFINED___LB__PUSHLIST_H__RB__;1 && !DEFINED___LB__PUSHLIST_H__RB__;if;24;24
src/openvpn/pushlist.h;1;!DEFINED___LB__PUSHLIST_H__RB__;1 && !DEFINED___LB__PUSHLIST_H__RB__;artifact;25;39
src/openvpn/pushlist.h;1;!DEFINED___LB__PUSHLIST_H__RB__;1 && !DEFINED___LB__PUSHLIST_H__RB__;endif;40;40
src/openvpn/pushlist.h;1;1;1;artifact;41;41
src/openvpn/reflect_filter.c;1;1;1;ROOT;1;107
src/openvpn/reflect_filter.c;1;1;1;artifact;1;23
src/openvpn/reflect_filter.c;1;HAVE_CONFIG_H;1 && HAVE_CONFIG_H;if;24;24
src/openvpn/reflect_filter.c;1;HAVE_CONFIG_H;1 && HAVE_CONFIG_H;artifact;25;25
src/openvpn/reflect_filter.c;1;HAVE_CONFIG_H;1 && HAVE_CONFIG_H;endif;26;26
src/openvpn/reflect_filter.c;1;1;1;artifact;27;106
src/openvpn/reflect_filter.h;1;1;1;ROOT;1;77
src/openvpn/reflect_filter.h;1;1;1;artifact;1;22
src/openvpn/reflect_filter.h;1;!REFLECT_FILTER_H;1 && !REFLECT_FILTER_H;if;23;23
src/openvpn/reflect_filter.h;1;!REFLECT_FILTER_H;1 && !REFLECT_FILTER_H;artifact;24;74
src/openvpn/reflect_filter.h;1;!REFLECT_FILTER_H;1 && !REFLECT_FILTER_H;endif;75;75
src/openvpn/reflect_filter.h;1;1;1;artifact;76;76
src/openvpn/reliable.c;1;1;1;ROOT;1;872
src/openvpn/reliable.c;1;1;1;artifact;1;28
src/openvpn/reliable.c;1;HAVE_CONFIG_H;1 && HAVE_CONFIG_H;if;29;29
src/openvpn/reliable.c;1;HAVE_CONFIG_H;1 && HAVE_CONFIG_H;artifact;30;30
src/openvpn/reliable.c;1;HAVE_CONFIG_H;1 && HAVE_CONFIG_H;endif;31;31
src/openvpn/reliable.c;1;1;1;artifact;32;422
src/openvpn/reliable.c;1;0;1 && 0;if;423;423
src/openvpn/reliable.c;1;0;1 && 0;artifact;424;431
src/openvpn/reliable.c;1;0;1 && 0;endif;432;432
src/openvpn/reliable.c;1;1;1;artifact;433;446
src/openvpn/reliable.c;1;ENABLE_DEBUG;1 && ENABLE_DEBUG;if;447;447
src/openvpn/reliable.c;1;ENABLE_DEBUG;1 && ENABLE_DEBUG;artifact;448;465
src/openvpn/reliable.c;1;ENABLE_DEBUG;1 && ENABLE_DEBUG;endif;466;466
src/openvpn/reliable.c;1;1;1;artifact;467;833
src/openvpn/reliable.c;1;0;1 && 0;if;834;834
src/openvpn/reliable.c;1;0;1 && 0;artifact;835;869
src/openvpn/reliable.c;1;0;1 && 0;endif;870;870
src/openvpn/reliable.c;1;1;1;artifact;871;871
src/openvpn/reliable.h;1;1;1;ROOT;1;549
src/openvpn/reliable.h;1;1;1;artifact;1;30
src/openvpn/reliable.h;1;!RELIABLE_H;1 && !RELIABLE_H;if;31;31
src/openvpn/reliable.h;1;!RELIABLE_H;1 && !RELIABLE_H;artifact;32;546
src/openvpn/reliable.h;1;!RELIABLE_H;1 && !RELIABLE_H;endif;547;547
src/openvpn/reliable.h;1;1;1;artifact;548;548
src/openvpn/ring_buffer.h;1;1;1;ROOT;1;127
src/openvpn/ring_buffer.h;1;1;1;artifact;1;24
src/openvpn/ring_buffer.h;1;_WIN32;1 && _WIN32;if;25;25
src/openvpn/ring_buffer.h;1;!OPENVPN_RING_BUFFER_H;1 && _WIN32 && !OPENVPN_RING_BUFFER_H;if;26;26
src/openvpn/ring_buffer.h;1;!OPENVPN_RING_BUFFER_H;1 && _WIN32 && !OPENVPN_RING_BUFFER_H;artifact;27;123
src/openvpn/ring_buffer.h;1;!OPENVPN_RING_BUFFER_H;1 && _WIN32 && !OPENVPN_RING_BUFFER_H;endif;124;124
src/openvpn/ring_buffer.h;1;_WIN32;1 && _WIN32;endif;125;125
src/openvpn/ring_buffer.h;1;1;1;artifact;126;126
src/openvpn/route.c;1;1;1;ROOT;1;4107
src/openvpn/route.c;1;1;1;artifact;1;28
src/openvpn/route.c;1;HAVE_CONFIG_H;1 && HAVE_CONFIG_H;if;29;29
src/openvpn/route.c;1;HAVE_CONFIG_H;1 && HAVE_CONFIG_H;artifact;30;30
src/openvpn/route.c;1;HAVE_CONFIG_H;1 && HAVE_CONFIG_H;endif;31;31
src/openvpn/route.c;1;1;1;artifact;32;47
src/openvpn/route.c;1;DEFINED___LB__TARGET_LINUX__RB__ || DEFINED___LB__TARGET_ANDROID__RB__;1 && (DEFINED___LB__TARGET_LINUX__RB__ || DEFINED___LB__TARGET_ANDROID__RB__);if;48;48
src/openvpn/route.c;1;DEFINED___LB__TARGET_LINUX__RB__ || DEFINED___LB__TARGET_ANDROID__RB__;1 && (DEFINED___LB__TARGET_LINUX__RB__ || DEFINED___LB__TARGET_ANDROID__RB__);artifact;49;49
src/openvpn/route.c;1;DEFINED___LB__TARGET_LINUX__RB__ || DEFINED___LB__TARGET_ANDROID__RB__;1 && (DEFINED___LB__TARGET_LINUX__RB__ || DEFINED___LB__TARGET_ANDROID__RB__);endif;50;50
src/openvpn/route.c;1;1;1;artifact;51;51
src/openvpn/route.c;1;DEFINED___LB__TARGET_NETBSD__RB__;1 && DEFINED___LB__TARGET_NETBSD__RB__;if;52;52
src/openvpn/route.c;1;DEFINED___LB__TARGET_NETBSD__RB__;1 && DEFINED___LB__TARGET_NETBSD__RB__;artifact;53;53
src/openvpn/route.c;1;DEFINED___LB__TARGET_NETBSD__RB__;1 && DEFINED___LB__TARGET_NETBSD__RB__;endif;54;54
src/openvpn/route.c;1;1;1;artifact;55;55
src/openvpn/route.c;1;_WIN32;1 && _WIN32;if;56;56
src/openvpn/route.c;1;_WIN32;1 && _WIN32;artifact;57;74
src/openvpn/route.c;1;_WIN32;1 && _WIN32;endif;75;75
src/openvpn/route.c;1;1;1;artifact;76;80
src/openvpn/route.c;1;ENABLE_DEBUG;1 && ENABLE_DEBUG;if;81;81
src/openvpn/route.c;1;ENABLE_DEBUG;1 && ENABLE_DEBUG;artifact;82;96
src/openvpn/route.c;1;ENABLE_DEBUG;1 && ENABLE_DEBUG;endif;97;97
src/openvpn/route.c;1;1;1;artifact;98;605
src/openvpn/route.c;1;!TARGET_ANDROID;1 && !TARGET_ANDROID;if;606;606
src/openvpn/route.c;1;!TARGET_ANDROID;1 && !TARGET_ANDROID;artifact;607;608
src/openvpn/route.c;1;!TARGET_ANDROID;1 && !TARGET_ANDROID;endif;609;609
src/openvpn/route.c;1;1;1;artifact;610;659
src/openvpn/route.c;1;DEFINED___LB__ENABLE_DEBUG__RB__ && !DEFINED___LB__ENABLE_SMALL__RB__;1 && DEFINED___LB__ENABLE_DEBUG__RB__ && !DEFINED___LB__ENABLE_SMALL__RB__;if;660;660
src/openvpn/route.c;1;DEFINED___LB__ENABLE_DEBUG__RB__ && !DEFINED___LB__ENABLE_SMALL__RB__;1 && DEFINED___LB__ENABLE_DEBUG__RB__ && !DEFINED___LB__ENABLE_SMALL__RB__;artifact;661;661
src/openvpn/route.c;1;DEFINED___LB__ENABLE_DEBUG__RB__ && !DEFINED___LB__ENABLE_SMALL__RB__;1 && DEFINED___LB__ENABLE_DEBUG__RB__ && !DEFINED___LB__ENABLE_SMALL__RB__;endif;662;662
src/openvpn/route.c;1;1;1;artifact;663;702
src/openvpn/route.c;1;ENABLE_DEBUG;1 && ENABLE_DEBUG;if;703;703
src/openvpn/route.c;1;ENABLE_DEBUG;1 && ENABLE_DEBUG;artifact;704;704
src/openvpn/route.c;1;ENABLE_DEBUG;1 && ENABLE_DEBUG;endif;705;705
src/openvpn/route.c;1;1;1;artifact;706;819
src/openvpn/route.c;1;DEFINED___LB__ENABLE_DEBUG__RB__ && !DEFINED___LB__ENABLE_SMALL__RB__;1 && DEFINED___LB__ENABLE_DEBUG__RB__ && !DEFINED___LB__ENABLE_SMALL__RB__;if;820;820
src/openvpn/route.c;1;DEFINED___LB__ENABLE_DEBUG__RB__ && !DEFINED___LB__ENABLE_SMALL__RB__;1 && DEFINED___LB__ENABLE_DEBUG__RB__ && !DEFINED___LB__ENABLE_SMALL__RB__;artifact;821;821
src/openvpn/route.c;1;DEFINED___LB__ENABLE_DEBUG__RB__ && !DEFINED___LB__ENABLE_SMALL__RB__;1 && DEFINED___LB__ENABLE_DEBUG__RB__ && !DEFINED___LB__ENABLE_SMALL__RB__;endif;822;822
src/openvpn/route.c;1;1;1;artifact;823;862
src/openvpn/route.c;1;!TARGET_ANDROID;1 && !TARGET_ANDROID;if;863;863
src/openvpn/route.c;1;!TARGET_ANDROID;1 && !TARGET_ANDROID;artifact;864;875
src/openvpn/route.c;1;!TARGET_ANDROID;1 && !TARGET_ANDROID;endif;876;876
src/openvpn/route.c;1;1;1;artifact;877;896
src/openvpn/route.c;1;_WIN32;1 && _WIN32;if;897;897
src/openvpn/route.c;1;_WIN32;1 && _WIN32;artifact;898;898
src/openvpn/route.c;1;!_WIN32;!_WIN32 && 1;else;899;899
src/openvpn/route.c;1;!_WIN32;!_WIN32 && 1;artifact;900;900
src/openvpn/route.c;1;!_WIN32;!_WIN32 && 1;endif;901;901
src/openvpn/route.c;1;1;1;artifact;902;1031
src/openvpn/route.c;1;!TARGET_ANDROID;1 && !TARGET_ANDROID;if;1032;1032
src/openvpn/route.c;1;!TARGET_ANDROID;1 && !TARGET_ANDROID;artifact;1033;1064
src/openvpn/route.c;1;!TARGET_ANDROID;1 && !TARGET_ANDROID;endif;1065;1065
src/openvpn/route.c;1;1;1;artifact;1066;1197
src/openvpn/route.c;1;ENABLE_MANAGEMENT;1 && ENABLE_MANAGEMENT;if;1198;1198
src/openvpn/route.c;1;ENABLE_MANAGEMENT;1 && ENABLE_MANAGEMENT;artifact;1199;1208
src/openvpn/route.c;1;ENABLE_MANAGEMENT;1 && ENABLE_MANAGEMENT;endif;1209;1209
src/openvpn/route.c;1;1;1;artifact;1210;1284
src/openvpn/route.c;1;!ENABLE_SMALL;1 && !ENABLE_SMALL;if;1285;1285
src/openvpn/route.c;1;!ENABLE_SMALL;1 && !ENABLE_SMALL;artifact;1286;1347
src/openvpn/route.c;1;_WIN32;1 && !ENABLE_SMALL && _WIN32;if;1348;1348
src/openvpn/route.c;1;_WIN32;1 && !ENABLE_SMALL && _WIN32;artifact;1349;1352
src/openvpn/route.c;1;!_WIN32;!_WIN32 && 1 && !ENABLE_SMALL;else;1353;1353
src/openvpn/route.c;1;!_WIN32;!_WIN32 && 1 && !ENABLE_SMALL;artifact;1354;1357
src/openvpn/route.c;1;!_WIN32;!_WIN32 && 1 && !ENABLE_SMALL;endif;1358;1358
src/openvpn/route.c;1;!ENABLE_SMALL;1 && !ENABLE_SMALL;artifact;1359;1378
src/openvpn/route.c;1;_WIN32;1 && !ENABLE_SMALL && _WIN32;if;1379;1379
src/openvpn/route.c;1;_WIN32;1 && !ENABLE_SMALL && _WIN32;artifact;1380;1383
src/openvpn/route.c;1;!_WIN32;!_WIN32 && 1 && !ENABLE_SMALL;else;1384;1384
src/openvpn/route.c;1;!_WIN32;!_WIN32 && 1 && !ENABLE_SMALL;artifact;1385;1388
src/openvpn/route.c;1;!_WIN32;!_WIN32 && 1 && !ENABLE_SMALL;endif;1389;1389
src/openvpn/route.c;1;!ENABLE_SMALL;1 && !ENABLE_SMALL;artifact;1390;1398
src/openvpn/route.c;1;!ENABLE_SMALL;1 && !ENABLE_SMALL;endif;1399;1399
src/openvpn/route.c;1;1;1;artifact;1400;1549
src/openvpn/route.c;1;DEFINED___LB__TARGET_LINUX__RB__ || DEFINED___LB___WIN32__RB__ || DEFINED___LB__TARGET_DARWIN__RB__;1 && (DEFINED___LB__TARGET_LINUX__RB__ || DEFINED___LB___WIN32__RB__ || DEFINED___LB__TARGET_DARWIN__RB__);if;1550;1550
src/openvpn/route.c;1;DEFINED___LB__TARGET_LINUX__RB__ || DEFINED___LB___WIN32__RB__ || DEFINED___LB__TARGET_DARWIN__RB__;1 && (DEFINED___LB__TARGET_LINUX__RB__ || DEFINED___LB___WIN32__RB__ || DEFINED___LB__TARGET_DARWIN__RB__);artifact;1551;1555
src/openvpn/route.c;1;DEFINED___LB__TARGET_LINUX__RB__ || DEFINED___LB___WIN32__RB__ || DEFINED___LB__TARGET_DARWIN__RB__;1 && (DEFINED___LB__TARGET_LINUX__RB__ || DEFINED___LB___WIN32__RB__ || DEFINED___LB__TARGET_DARWIN__RB__);endif;1556;1556
src/openvpn/route.c;1;1;1;artifact;1557;1576
src/openvpn/route.c;1;!DEFINED___LB__TARGET_LINUX__RB__;1 && !DEFINED___LB__TARGET_LINUX__RB__;if;1577;1577
src/openvpn/route.c;1;!DEFINED___LB__TARGET_LINUX__RB__;1 && !DEFINED___LB__TARGET_LINUX__RB__;artifact;1578;1578
src/openvpn/route.c;1;!DEFINED___LB__TARGET_AIX__RB__;1 && !DEFINED___LB__TARGET_LINUX__RB__ && !DEFINED___LB__TARGET_AIX__RB__;if;1579;1579
src/openvpn/route.c;1;!DEFINED___LB__TARGET_AIX__RB__;1 && !DEFINED___LB__TARGET_LINUX__RB__ && !DEFINED___LB__TARGET_AIX__RB__;artifact;1580;1580
src/openvpn/route.c;1;!DEFINED___LB__TARGET_AIX__RB__;1 && !DEFINED___LB__TARGET_LINUX__RB__ && !DEFINED___LB__TARGET_AIX__RB__;endif;1581;1581
src/openvpn/route.c;1;!DEFINED___LB__TARGET_LINUX__RB__;1 && !DEFINED___LB__TARGET_LINUX__RB__;artifact;1582;1582
src/openvpn/route.c;1;!DEFINED___LB__TARGET_LINUX__RB__;1 && !DEFINED___LB__TARGET_LINUX__RB__;endif;1583;1583
src/openvpn/route.c;1;1;1;artifact;1584;1590
src/openvpn/route.c;1;DEFINED___LB__TARGET_LINUX__RB__;1 && DEFINED___LB__TARGET_LINUX__RB__;if;1591;1591
src/openvpn/route.c;1;DEFINED___LB__TARGET_LINUX__RB__;1 && DEFINED___LB__TARGET_LINUX__RB__;artifact;1592;1618
src/openvpn/route.c;1;DEFINED___LB__TARGET_ANDROID__RB__ && !DEFINED___LB__TARGET_LINUX__RB__;DEFINED___LB__TARGET_ANDROID__RB__ && !DEFINED___LB__TARGET_LINUX__RB__ && 1;elif;1619;1619
src/openvpn/route.c;1;DEFINED___LB__TARGET_ANDROID__RB__ && !DEFINED___LB__TARGET_LINUX__RB__;DEFINED___LB__TARGET_ANDROID__RB__ && !DEFINED___LB__TARGET_LINUX__RB__ && 1;artifact;1620;1632
src/openvpn/route.c;1;DEFINED___LB___WIN32__RB__ && !DEFINED___LB__TARGET_ANDROID__RB__ && !DEFINED___LB__TARGET_LINUX__RB__;DEFINED___LB___WIN32__RB__ && !DEFINED___LB__TARGET_ANDROID__RB__ && !DEFINED___LB__TARGET_LINUX__RB__ && 1;elif;1633;1633
src/openvpn/route.c;1;DEFINED___LB___WIN32__RB__ && !DEFINED___LB__TARGET_ANDROID__RB__ && !DEFINED___LB__TARGET_LINUX__RB__;DEFINED___LB___WIN32__RB__ && !DEFINED___LB__TARGET_ANDROID__RB__ && !DEFINED___LB__TARGET_LINUX__RB__ && 1;artifact;1634;1698
src/openvpn/route.c;1;DEFINED___LB__TARGET_SOLARIS__RB__ && !DEFINED___LB___WIN32__RB__ && !DEFINED___LB__TARGET_ANDROID__RB__ && !DEFINED___LB__TARGET_LINUX__RB__;DEFINED___LB__TARGET_SOLARIS__RB__ && !DEFINED___LB___WIN32__RB__ && !DEFINED___LB__TARGET_ANDROID__RB__ && !DEFINED___LB__TARGET_LINUX__RB__ && 1;elif;1699;1699
src/openvpn/route.c;1;DEFINED___LB__TARGET_SOLARIS__RB__ && !DEFINED___LB___WIN32__RB__ && !DEFINED___LB__TARGET_ANDROID__RB__ && !DEFINED___LB__TARGET_LINUX__RB__;DEFINED___LB__TARGET_SOLARIS__RB__ && !DEFINED___LB___WIN32__RB__ && !DEFINED___LB__TARGET_ANDROID__RB__ && !DEFINED___LB__TARGET_LINUX__RB__ && 1;artifact;1700;1727
src/openvpn/route.c;1;DEFINED___LB__TARGET_FREEBSD__RB__ && !DEFINED___LB__TARGET_SOLARIS__RB__ && !DEFINED___LB___WIN32__RB__ && !DEFINED___LB__TARGET_ANDROID__RB__ && !DEFINED___LB__TARGET_LINUX__RB__;DEFINED___LB__TARGET_FREEBSD__RB__ && !DEFINED___LB__TARGET_SOLARIS__RB__ && !DEFINED___LB___WIN32__RB__ && !DEFINED___LB__TARGET_ANDROID__RB__ && !DEFINED___LB__TARGET_LINUX__RB__ && 1;elif;1728;1728
src/openvpn/route.c;1;DEFINED___LB__TARGET_FREEBSD__RB__ && !DEFINED___LB__TARGET_SOLARIS__RB__ && !DEFINED___LB___WIN32__RB__ && !DEFINED___LB__TARGET_ANDROID__RB__ && !DEFINED___LB__TARGET_LINUX__RB__;DEFINED___LB__TARGET_FREEBSD__RB__ && !DEFINED___LB__TARGET_SOLARIS__RB__ && !DEFINED___LB___WIN32__RB__ && !DEFINED___LB__TARGET_ANDROID__RB__ && !DEFINED___LB__TARGET_LINUX__RB__ && 1;artifact;1729;1732
src/openvpn/route.c;1;0;DEFINED___LB__TARGET_FREEBSD__RB__ && !DEFINED___LB__TARGET_SOLARIS__RB__ && !DEFINED___LB___WIN32__RB__ && !DEFINED___LB__TARGET_ANDROID__RB__ && !DEFINED___LB__TARGET_LINUX__RB__ && 1 && 0;if;1733;1733
src/openvpn/route.c;1;0;DEFINED___LB__TARGET_FREEBSD__RB__ && !DEFINED___LB__TARGET_SOLARIS__RB__ && !DEFINED___LB___WIN32__RB__ && !DEFINED___LB__TARGET_ANDROID__RB__ && !DEFINED___LB__TARGET_LINUX__RB__ && 1 && 0;artifact;1734;1737
src/openvpn/route.c;1;0;DEFINED___LB__TARGET_FREEBSD__RB__ && !DEFINED___LB__TARGET_SOLARIS__RB__ && !DEFINED___LB___WIN32__RB__ && !DEFINED___LB__TARGET_ANDROID__RB__ && !DEFINED___LB__TARGET_LINUX__RB__ && 1 && 0;endif;1738;1738
src/openvpn/route.c;1;DEFINED___LB__TARGET_FREEBSD__RB__ && !DEFINED___LB__TARGET_SOLARIS__RB__ && !DEFINED___LB___WIN32__RB__ && !DEFINED___LB__TARGET_ANDROID__RB__ && !DEFINED___LB__TARGET_LINUX__RB__;DEFINED___LB__TARGET_FREEBSD__RB__ && !DEFINED___LB__TARGET_SOLARIS__RB__ && !DEFINED___LB___WIN32__RB__ && !DEFINED___LB__TARGET_ANDROID__RB__ && !DEFINED___LB__TARGET_LINUX__RB__ && 1;artifact;1739;1751
src/openvpn/route.c;1;DEFINED___LB__TARGET_DRAGONFLY__RB__ && !DEFINED___LB__TARGET_FREEBSD__RB__ && !DEFINED___LB__TARGET_SOLARIS__RB__ && !DEFINED___LB___WIN32__RB__ && !DEFINED___LB__TARGET_ANDROID__RB__ && !DEFINED___LB__TARGET_LINUX__RB__;DEFINED___LB__TARGET_DRAGONFLY__RB__ && !DEFINED___LB__TARGET_FREEBSD__RB__ && !DEFINED___LB__TARGET_SOLARIS__RB__ && !DEFINED___LB___WIN32__RB__ && !DEFINED___LB__TARGET_ANDROID__RB__ && !DEFINED___LB__TARGET_LINUX__RB__ && 1;elif;1752;1752
src/openvpn/route.c;1;DEFINED___LB__TARGET_DRAGONFLY__RB__ && !DEFINED___LB__TARGET_FREEBSD__RB__ && !DEFINED___LB__TARGET_SOLARIS__RB__ && !DEFINED___LB___WIN32__RB__ && !DEFINED___LB__TARGET_ANDROID__RB__ && !DEFINED___LB__TARGET_LINUX__RB__;DEFINED___LB__TARGET_DRAGONFLY__RB__ && !DEFINED___LB__TARGET_FREEBSD__RB__ && !DEFINED___LB__TARGET_SOLARIS__RB__ && !DEFINED___LB___WIN32__RB__ && !DEFINED___LB__TARGET_ANDROID__RB__ && !DEFINED___LB__TARGET_LINUX__RB__ && 1;artifact;1753;1756
src/openvpn/route.c;1;0;DEFINED___LB__TARGET_DRAGONFLY__RB__ && !DEFINED___LB__TARGET_FREEBSD__RB__ && !DEFINED___LB__TARGET_SOLARIS__RB__ && !DEFINED___LB___WIN32__RB__ && !DEFINED___LB__TARGET_ANDROID__RB__ && !DEFINED___LB__TARGET_LINUX__RB__ && 1 && 0;if;1757;1757
src/openvpn/route.c;1;0;DEFINED___LB__TARGET_DRAGONFLY__RB__ && !DEFINED___LB__TARGET_FREEBSD__RB__ && !DEFINED___LB__TARGET_SOLARIS__RB__ && !DEFINED___LB___WIN32__RB__ && !DEFINED___LB__TARGET_ANDROID__RB__ && !DEFINED___LB__TARGET_LINUX__RB__ && 1 && 0;artifact;1758;1761
src/openvpn/route.c;1;0;DEFINED___LB__TARGET_DRAGONFLY__RB__ && !DEFINED___LB__TARGET_FREEBSD__RB__ && !DEFINED___LB__TARGET_SOLARIS__RB__ && !DEFINED___LB___WIN32__RB__ && !DEFINED___LB__TARGET_ANDROID__RB__ && !DEFINED___LB__TARGET_LINUX__RB__ && 1 && 0;endif;1762;1762
src/openvpn/route.c;1;DEFINED___LB__TARGET_DRAGONFLY__RB__ && !DEFINED___LB__TARGET_FREEBSD__RB__ && !DEFINED___LB__TARGET_SOLARIS__RB__ && !DEFINED___LB___WIN32__RB__ && !DEFINED___LB__TARGET_ANDROID__RB__ && !DEFINED___LB__TARGET_LINUX__RB__;DEFINED___LB__TARGET_DRAGONFLY__RB__ && !DEFINED___LB__TARGET_FREEBSD__RB__ && !DEFINED___LB__TARGET_SOLARIS__RB__ && !DEFINED___LB___WIN32__RB__ && !DEFINED___LB__TARGET_ANDROID__RB__ && !DEFINED___LB__TARGET_LINUX__RB__ && 1;artifact;1763;1775
src/openvpn/route.c;1;DEFINED___LB__TARGET_DARWIN__RB__ && !DEFINED___LB__TARGET_DRAGONFLY__RB__ && !DEFINED___LB__TARGET_FREEBSD__RB__ && !DEFINED___LB__TARGET_SOLARIS__RB__ && !DEFINED___LB___WIN32__RB__ && !DEFINED___LB__TARGET_ANDROID__RB__ && !DEFINED___LB__TARGET_LINUX__RB__;DEFINED___LB__TARGET_DARWIN__RB__ && !DEFINED___LB__TARGET_DRAGONFLY__RB__ && !DEFINED___LB__TARGET_FREEBSD__RB__ && !DEFINED___LB__TARGET_SOLARIS__RB__ && !DEFINED___LB___WIN32__RB__ && !DEFINED___LB__TARGET_ANDROID__RB__ && !DEFINED___LB__TARGET_LINUX__RB__ && 1;elif;1776;1776
src/openvpn/route.c;1;DEFINED___LB__TARGET_DARWIN__RB__ && !DEFINED___LB__TARGET_DRAGONFLY__RB__ && !DEFINED___LB__TARGET_FREEBSD__RB__ && !DEFINED___LB__TARGET_SOLARIS__RB__ && !DEFINED___LB___WIN32__RB__ && !DEFINED___LB__TARGET_ANDROID__RB__ && !DEFINED___LB__TARGET_LINUX__RB__;DEFINED___LB__TARGET_DARWIN__RB__ && !DEFINED___LB__TARGET_DRAGONFLY__RB__ && !DEFINED___LB__TARGET_FREEBSD__RB__ && !DEFINED___LB__TARGET_SOLARIS__RB__ && !DEFINED___LB___WIN32__RB__ && !DEFINED___LB__TARGET_ANDROID__RB__ && !DEFINED___LB__TARGET_LINUX__RB__ && 1;artifact;1777;1780
src/openvpn/route.c;1;0;DEFINED___LB__TARGET_DARWIN__RB__ && !DEFINED___LB__TARGET_DRAGONFLY__RB__ && !DEFINED___LB__TARGET_FREEBSD__RB__ && !DEFINED___LB__TARGET_SOLARIS__RB__ && !DEFINED___LB___WIN32__RB__ && !DEFINED___LB__TARGET_ANDROID__RB__ && !DEFINED___LB__TARGET_LINUX__RB__ && 1 && 0;if;1781;1781
src/openvpn/route.c;1;0;DEFINED___LB__TARGET_DARWIN__RB__ && !DEFINED___LB__TARGET_DRAGONFLY__RB__ && !DEFINED___LB__TARGET_FREEBSD__RB__ && !DEFINED___LB__TARGET_SOLARIS__RB__ && !DEFINED___LB___WIN32__RB__ && !DEFINED___LB__TARGET_ANDROID__RB__ && !DEFINED___LB__TARGET_LINUX__RB__ && 1 && 0;artifact;1782;1785
src/openvpn/route.c;1;0;DEFINED___LB__TARGET_DARWIN__RB__ && !DEFINED___LB__TARGET_DRAGONFLY__RB__ && !DEFINED___LB__TARGET_FREEBSD__RB__ && !DEFINED___LB__TARGET_SOLARIS__RB__ && !DEFINED___LB___WIN32__RB__ && !DEFINED___LB__TARGET_ANDROID__RB__ && !DEFINED___LB__TARGET_LINUX__RB__ && 1 && 0;endif;1786;1786
src/openvpn/route.c;1;DEFINED___LB__TARGET_DARWIN__RB__ && !DEFINED___LB__TARGET_DRAGONFLY__RB__ && !DEFINED___LB__TARGET_FREEBSD__RB__ && !DEFINED___LB__TARGET_SOLARIS__RB__ && !DEFINED___LB___WIN32__RB__ && !DEFINED___LB__TARGET_ANDROID__RB__ && !DEFINED___LB__TARGET_LINUX__RB__;DEFINED___LB__TARGET_DARWIN__RB__ && !DEFINED___LB__TARGET_DRAGONFLY__RB__ && !DEFINED___LB__TARGET_FREEBSD__RB__ && !DEFINED___LB__TARGET_SOLARIS__RB__ && !DEFINED___LB___WIN32__RB__ && !DEFINED___LB__TARGET_ANDROID__RB__ && !DEFINED___LB__TARGET_LINUX__RB__ && 1;artifact;1787;1809
src/openvpn/route.c;1;(DEFINED___LB__TARGET_OPENBSD__RB__ || DEFINED___LB__TARGET_NETBSD__RB__) && !DEFINED___LB__TARGET_DARWIN__RB__ && !DEFINED___LB__TARGET_DRAGONFLY__RB__ && !DEFINED___LB__TARGET_FREEBSD__RB__ && !DEFINED___LB__TARGET_SOLARIS__RB__ && !DEFINED___LB___WIN32__RB__ && !DEFINED___LB__TARGET_ANDROID__RB__ && !DEFINED___LB__TARGET_LINUX__RB__;(DEFINED___LB__TARGET_OPENBSD__RB__ || DEFINED___LB__TARGET_NETBSD__RB__) && !DEFINED___LB__TARGET_DARWIN__RB__ && !DEFINED___LB__TARGET_DRAGONFLY__RB__ && !DEFINED___LB__TARGET_FREEBSD__RB__ && !DEFINED___LB__TARGET_SOLARIS__RB__ && !DEFINED___LB___WIN32__RB__ && !DEFINED___LB__TARGET_ANDROID__RB__ && !DEFINED___LB__TARGET_LINUX__RB__ && 1;elif;1810;1810
src/openvpn/route.c;1;(DEFINED___LB__TARGET_OPENBSD__RB__ || DEFINED___LB__TARGET_NETBSD__RB__) && !DEFINED___LB__TARGET_DARWIN__RB__ && !DEFINED___LB__TARGET_DRAGONFLY__RB__ && !DEFINED___LB__TARGET_FREEBSD__RB__ && !DEFINED___LB__TARGET_SOLARIS__RB__ && !DEFINED___LB___WIN32__RB__ && !DEFINED___LB__TARGET_ANDROID__RB__ && !DEFINED___LB__TARGET_LINUX__RB__;(DEFINED___LB__TARGET_OPENBSD__RB__ || DEFINED___LB__TARGET_NETBSD__RB__) && !DEFINED___LB__TARGET_DARWIN__RB__ && !DEFINED___LB__TARGET_DRAGONFLY__RB__ && !DEFINED___LB__TARGET_FREEBSD__RB__ && !DEFINED___LB__TARGET_SOLARIS__RB__ && !DEFINED___LB___WIN32__RB__ && !DEFINED___LB__TARGET_ANDROID__RB__ && !DEFINED___LB__TARGET_LINUX__RB__ && 1;artifact;1811;1814
src/openvpn/route.c;1;0;(DEFINED___LB__TARGET_OPENBSD__RB__ || DEFINED___LB__TARGET_NETBSD__RB__) && !DEFINED___LB__TARGET_DARWIN__RB__ && !DEFINED___LB__TARGET_DRAGONFLY__RB__ && !DEFINED___LB__TARGET_FREEBSD__RB__ && !DEFINED___LB__TARGET_SOLARIS__RB__ && !DEFINED___LB___WIN32__RB__ && !DEFINED___LB__TARGET_ANDROID__RB__ && !DEFINED___LB__TARGET_LINUX__RB__ && 1 && 0;if;1815;1815
src/openvpn/route.c;1;0;(DEFINED___LB__TARGET_OPENBSD__RB__ || DEFINED___LB__TARGET_NETBSD__RB__) && !DEFINED___LB__TARGET_DARWIN__RB__ && !DEFINED___LB__TARGET_DRAGONFLY__RB__ && !DEFINED___LB__TARGET_FREEBSD__RB__ && !DEFINED___LB__TARGET_SOLARIS__RB__ && !DEFINED___LB___WIN32__RB__ && !DEFINED___LB__TARGET_ANDROID__RB__ && !DEFINED___LB__TARGET_LINUX__RB__ && 1 && 0;artifact;1816;1819
src/openvpn/route.c;1;0;(DEFINED___LB__TARGET_OPENBSD__RB__ || DEFINED___LB__TARGET_NETBSD__RB__) && !DEFINED___LB__TARGET_DARWIN__RB__ && !DEFINED___LB__TARGET_DRAGONFLY__RB__ && !DEFINED___LB__TARGET_FREEBSD__RB__ && !DEFINED___LB__TARGET_SOLARIS__RB__ && !DEFINED___LB___WIN32__RB__ && !DEFINED___LB__TARGET_ANDROID__RB__ && !DEFINED___LB__TARGET_LINUX__RB__ && 1 && 0;endif;1820;1820
src/openvpn/route.c;1;(DEFINED___LB__TARGET_OPENBSD__RB__ || DEFINED___LB__TARGET_NETBSD__RB__) && !DEFINED___LB__TARGET_DARWIN__RB__ && !DEFINED___LB__TARGET_DRAGONFLY__RB__ && !DEFINED___LB__TARGET_FREEBSD__RB__ && !DEFINED___LB__TARGET_SOLARIS__RB__ && !DEFINED___LB___WIN32__RB__ && !DEFINED___LB__TARGET_ANDROID__RB__ && !DEFINED___LB__TARGET_LINUX__RB__;(DEFINED___LB__TARGET_OPENBSD__RB__ || DEFINED___LB__TARGET_NETBSD__RB__) && !DEFINED___LB__TARGET_DARWIN__RB__ && !DEFINED___LB__TARGET_DRAGONFLY__RB__ && !DEFINED___LB__TARGET_FREEBSD__RB__ && !DEFINED___LB__TARGET_SOLARIS__RB__ && !DEFINED___LB___WIN32__RB__ && !DEFINED___LB__TARGET_ANDROID__RB__ && !DEFINED___LB__TARGET_LINUX__RB__ && 1;artifact;1821;1833
src/openvpn/route.c;1;DEFINED___LB__TARGET_AIX__RB__ && !DEFINED___LB__TARGET_OPENBSD__RB__ && !DEFINED___LB__TARGET_NETBSD__RB__ && !DEFINED___LB__TARGET_DARWIN__RB__ && !DEFINED___LB__TARGET_DRAGONFLY__RB__ && !DEFINED___LB__TARGET_FREEBSD__RB__ && !DEFINED___LB__TARGET_SOLARIS__RB__ && !DEFINED___LB___WIN32__RB__ && !DEFINED___LB__TARGET_ANDROID__RB__ && !DEFINED___LB__TARGET_LINUX__RB__;DEFINED___LB__TARGET_AIX__RB__ && !DEFINED___LB__TARGET_OPENBSD__RB__ && !DEFINED___LB__TARGET_NETBSD__RB__ && !DEFINED___LB__TARGET_DARWIN__RB__ && !DEFINED___LB__TARGET_DRAGONFLY__RB__ && !DEFINED___LB__TARGET_FREEBSD__RB__ && !DEFINED___LB__TARGET_SOLARIS__RB__ && !DEFINED___LB___WIN32__RB__ && !DEFINED___LB__TARGET_ANDROID__RB__ && !DEFINED___LB__TARGET_LINUX__RB__ && 1;elif;1834;1834
src/openvpn/route.c;1;DEFINED___LB__TARGET_AIX__RB__ && !DEFINED___LB__TARGET_OPENBSD__RB__ && !DEFINED___LB__TARGET_NETBSD__RB__ && !DEFINED___LB__TARGET_DARWIN__RB__ && !DEFINED___LB__TARGET_DRAGONFLY__RB__ && !DEFINED___LB__TARGET_FREEBSD__RB__ && !DEFINED___LB__TARGET_SOLARIS__RB__ && !DEFINED___LB___WIN32__RB__ && !DEFINED___LB__TARGET_ANDROID__RB__ && !DEFINED___LB__TARGET_LINUX__RB__;DEFINED___LB__TARGET_AIX__RB__ && !DEFINED___LB__TARGET_OPENBSD__RB__ && !DEFINED___LB__TARGET_NETBSD__RB__ && !DEFINED___LB__TARGET_DARWIN__RB__ && !DEFINED___LB__TARGET_DRAGONFLY__RB__ && !DEFINED___LB__TARGET_FREEBSD__RB__ && !DEFINED___LB__TARGET_SOLARIS__RB__ && !DEFINED___LB___WIN32__RB__ && !DEFINED___LB__TARGET_ANDROID__RB__ && !DEFINED___LB__TARGET_LINUX__RB__ && 1;artifact;1835;1846
src/openvpn/route.c;1;!DEFINED___LB__TARGET_AIX__RB__ && !DEFINED___LB__TARGET_OPENBSD__RB__ && !DEFINED___LB__TARGET_NETBSD__RB__ && !DEFINED___LB__TARGET_DARWIN__RB__ && !DEFINED___LB__TARGET_DRAGONFLY__RB__ && !DEFINED___LB__TARGET_FREEBSD__RB__ && !DEFINED___LB__TARGET_SOLARIS__RB__ && !DEFINED___LB___WIN32__RB__ && !DEFINED___LB__TARGET_ANDROID__RB__ && !DEFINED___LB__TARGET_LINUX__RB__;!DEFINED___LB__TARGET_AIX__RB__ && !DEFINED___LB__TARGET_OPENBSD__RB__ && !DEFINED___LB__TARGET_NETBSD__RB__ && !DEFINED___LB__TARGET_DARWIN__RB__ && !DEFINED___LB__TARGET_DRAGONFLY__RB__ && !DEFINED___LB__TARGET_FREEBSD__RB__ && !DEFINED___LB__TARGET_SOLARIS__RB__ && !DEFINED___LB___WIN32__RB__ && !DEFINED___LB__TARGET_ANDROID__RB__ && !DEFINED___LB__TARGET_LINUX__RB__ && 1;else;1847;1847
src/openvpn/route.c;1;!DEFINED___LB__TARGET_AIX__RB__ && !DEFINED___LB__TARGET_OPENBSD__RB__ && !DEFINED___LB__TARGET_NETBSD__RB__ && !DEFINED___LB__TARGET_DARWIN__RB__ && !DEFINED___LB__TARGET_DRAGONFLY__RB__ && !DEFINED___LB__TARGET_FREEBSD__RB__ && !DEFINED___LB__TARGET_SOLARIS__RB__ && !DEFINED___LB___WIN32__RB__ && !DEFINED___LB__TARGET_ANDROID__RB__ && !DEFINED___LB__TARGET_LINUX__RB__;!DEFINED___LB__TARGET_AIX__RB__ && !DEFINED___LB__TARGET_OPENBSD__RB__ && !DEFINED___LB__TARGET_NETBSD__RB__ && !DEFINED___LB__TARGET_DARWIN__RB__ && !DEFINED___LB__TARGET_DRAGONFLY__RB__ && !DEFINED___LB__TARGET_FREEBSD__RB__ && !DEFINED___LB__TARGET_SOLARIS__RB__ && !DEFINED___LB___WIN32__RB__ && !DEFINED___LB__TARGET_ANDROID__RB__ && !DEFINED___LB__TARGET_LINUX__RB__ && 1;artifact;1848;1848
src/openvpn/route.c;1;!DEFINED___LB__TARGET_AIX__RB__ && !DEFINED___LB__TARGET_OPENBSD__RB__ && !DEFINED___LB__TARGET_NETBSD__RB__ && !DEFINED___LB__TARGET_DARWIN__RB__ && !DEFINED___LB__TARGET_DRAGONFLY__RB__ && !DEFINED___LB__TARGET_FREEBSD__RB__ && !DEFINED___LB__TARGET_SOLARIS__RB__ && !DEFINED___LB___WIN32__RB__ && !DEFINED___LB__TARGET_ANDROID__RB__ && !DEFINED___LB__TARGET_LINUX__RB__;!DEFINED___LB__TARGET_AIX__RB__ && !DEFINED___LB__TARGET_OPENBSD__RB__ && !DEFINED___LB__TARGET_NETBSD__RB__ && !DEFINED___LB__TARGET_DARWIN__RB__ && !DEFINED___LB__TARGET_DRAGONFLY__RB__ && !DEFINED___LB__TARGET_FREEBSD__RB__ && !DEFINED___LB__TARGET_SOLARIS__RB__ && !DEFINED___LB___WIN32__RB__ && !DEFINED___LB__TARGET_ANDROID__RB__ && !DEFINED___LB__TARGET_LINUX__RB__ && 1;endif;1849;1849
src/openvpn/route.c;1;1;1;artifact;1850;1907
src/openvpn/route.c;1;!_WIN32;1 && !_WIN32;if;1908;1908
src/openvpn/route.c;1;!_WIN32;1 && !_WIN32;artifact;1909;1917
src/openvpn/route.c;1;!_WIN32;1 && !_WIN32;endif;1918;1918
src/openvpn/route.c;1;1;1;artifact;1919;1923
src/openvpn/route.c;1;DEFINED___LB__TARGET_DARWIN__RB__ || DEFINED___LB__TARGET_FREEBSD__RB__ || DEFINED___LB__TARGET_DRAGONFLY__RB__ || DEFINED___LB__TARGET_OPENBSD__RB__ || DEFINED___LB__TARGET_NETBSD__RB__;1 && (DEFINED___LB__TARGET_DARWIN__RB__ || DEFINED___LB__TARGET_FREEBSD__RB__ || DEFINED___LB__TARGET_DRAGONFLY__RB__ || DEFINED___LB__TARGET_OPENBSD__RB__ || DEFINED___LB__TARGET_NETBSD__RB__);if;1924;1926
src/openvpn/route.c;1;DEFINED___LB__TARGET_DARWIN__RB__ || DEFINED___LB__TARGET_FREEBSD__RB__ || DEFINED___LB__TARGET_DRAGONFLY__RB__ || DEFINED___LB__TARGET_OPENBSD__RB__ || DEFINED___LB__TARGET_NETBSD__RB__;1 && (DEFINED___LB__TARGET_DARWIN__RB__ || DEFINED___LB__TARGET_FREEBSD__RB__ || DEFINED___LB__TARGET_DRAGONFLY__RB__ || DEFINED___LB__TARGET_OPENBSD__RB__ || DEFINED___LB__TARGET_NETBSD__RB__);artifact;1927;1939
src/openvpn/route.c;1;DEFINED___LB__TARGET_DARWIN__RB__ || DEFINED___LB__TARGET_FREEBSD__RB__ || DEFINED___LB__TARGET_DRAGONFLY__RB__ || DEFINED___LB__TARGET_OPENBSD__RB__ || DEFINED___LB__TARGET_NETBSD__RB__;1 && (DEFINED___LB__TARGET_DARWIN__RB__ || DEFINED___LB__TARGET_FREEBSD__RB__ || DEFINED___LB__TARGET_DRAGONFLY__RB__ || DEFINED___LB__TARGET_OPENBSD__RB__ || DEFINED___LB__TARGET_NETBSD__RB__);endif;1940;1940
src/openvpn/route.c;1;1;1;artifact;1941;1941
src/openvpn/route.c;1;!_WIN32;1 && !_WIN32;if;1942;1942
src/openvpn/route.c;1;!_WIN32;1 && !_WIN32;artifact;1943;1944
src/openvpn/route.c;1;_WIN32;_WIN32 && 1;else;1945;1945
src/openvpn/route.c;1;_WIN32;_WIN32 && 1;artifact;1946;1948
src/openvpn/route.c;1;_WIN32;_WIN32 && 1;endif;1949;1949
src/openvpn/route.c;1;1;1;artifact;1950;1977
src/openvpn/route.c;1;DEFINED___LB__TARGET_LINUX__RB__;1 && DEFINED___LB__TARGET_LINUX__RB__;if;1978;1978
src/openvpn/route.c;1;DEFINED___LB__TARGET_LINUX__RB__;1 && DEFINED___LB__TARGET_LINUX__RB__;artifact;1979;1999
src/openvpn/route.c;1;DEFINED___LB__TARGET_ANDROID__RB__ && !DEFINED___LB__TARGET_LINUX__RB__;DEFINED___LB__TARGET_ANDROID__RB__ && !DEFINED___LB__TARGET_LINUX__RB__ && 1;elif;2000;2000
src/openvpn/route.c;1;DEFINED___LB__TARGET_ANDROID__RB__ && !DEFINED___LB__TARGET_LINUX__RB__;DEFINED___LB__TARGET_ANDROID__RB__ && !DEFINED___LB__TARGET_LINUX__RB__ && 1;artifact;2001;2006
src/openvpn/route.c;1;DEFINED___LB___WIN32__RB__ && !DEFINED___LB__TARGET_ANDROID__RB__ && !DEFINED___LB__TARGET_LINUX__RB__;DEFINED___LB___WIN32__RB__ && !DEFINED___LB__TARGET_ANDROID__RB__ && !DEFINED___LB__TARGET_LINUX__RB__ && 1;elif;2007;2007
src/openvpn/route.c;1;DEFINED___LB___WIN32__RB__ && !DEFINED___LB__TARGET_ANDROID__RB__ && !DEFINED___LB__TARGET_LINUX__RB__;DEFINED___LB___WIN32__RB__ && !DEFINED___LB__TARGET_ANDROID__RB__ && !DEFINED___LB__TARGET_LINUX__RB__ && 1;artifact;2008;2016
src/openvpn/route.c;1;DEFINED___LB__TARGET_SOLARIS__RB__ && !DEFINED___LB___WIN32__RB__ && !DEFINED___LB__TARGET_ANDROID__RB__ && !DEFINED___LB__TARGET_LINUX__RB__;DEFINED___LB__TARGET_SOLARIS__RB__ && !DEFINED___LB___WIN32__RB__ && !DEFINED___LB__TARGET_ANDROID__RB__ && !DEFINED___LB__TARGET_LINUX__RB__ && 1;elif;2017;2017
src/openvpn/route.c;1;DEFINED___LB__TARGET_SOLARIS__RB__ && !DEFINED___LB___WIN32__RB__ && !DEFINED___LB__TARGET_ANDROID__RB__ && !DEFINED___LB__TARGET_LINUX__RB__;DEFINED___LB__TARGET_SOLARIS__RB__ && !DEFINED___LB___WIN32__RB__ && !DEFINED___LB__TARGET_ANDROID__RB__ && !DEFINED___LB__TARGET_LINUX__RB__ && 1;artifact;2018;2046
src/openvpn/route.c;1;(DEFINED___LB__TARGET_FREEBSD__RB__ || DEFINED___LB__TARGET_DRAGONFLY__RB__) && !DEFINED___LB__TARGET_SOLARIS__RB__ && !DEFINED___LB___WIN32__RB__ && !DEFINED___LB__TARGET_ANDROID__RB__ && !DEFINED___LB__TARGET_LINUX__RB__;(DEFINED___LB__TARGET_FREEBSD__RB__ || DEFINED___LB__TARGET_DRAGONFLY__RB__) && !DEFINED___LB__TARGET_SOLARIS__RB__ && !DEFINED___LB___WIN32__RB__ && !DEFINED___LB__TARGET_ANDROID__RB__ && !DEFINED___LB__TARGET_LINUX__RB__ && 1;elif;2047;2047
src/openvpn/route.c;1;(DEFINED___LB__TARGET_FREEBSD__RB__ || DEFINED___LB__TARGET_DRAGONFLY__RB__) && !DEFINED___LB__TARGET_SOLARIS__RB__ && !DEFINED___LB___WIN32__RB__ && !DEFINED___LB__TARGET_ANDROID__RB__ && !DEFINED___LB__TARGET_LINUX__RB__;(DEFINED___LB__TARGET_FREEBSD__RB__ || DEFINED___LB__TARGET_DRAGONFLY__RB__) && !DEFINED___LB__TARGET_SOLARIS__RB__ && !DEFINED___LB___WIN32__RB__ && !DEFINED___LB__TARGET_ANDROID__RB__ && !DEFINED___LB__TARGET_LINUX__RB__ && 1;artifact;2048;2067
src/openvpn/route.c;1;DEFINED___LB__TARGET_DARWIN__RB__ && !DEFINED___LB__TARGET_FREEBSD__RB__ && !DEFINED___LB__TARGET_DRAGONFLY__RB__ && !DEFINED___LB__TARGET_SOLARIS__RB__ && !DEFINED___LB___WIN32__RB__ && !DEFINED___LB__TARGET_ANDROID__RB__ && !DEFINED___LB__TARGET_LINUX__RB__;DEFINED___LB__TARGET_DARWIN__RB__ && !DEFINED___LB__TARGET_FREEBSD__RB__ && !DEFINED___LB__TARGET_DRAGONFLY__RB__ && !DEFINED___LB__TARGET_SOLARIS__RB__ && !DEFINED___LB___WIN32__RB__ && !DEFINED___LB__TARGET_ANDROID__RB__ && !DEFINED___LB__TARGET_LINUX__RB__ && 1;elif;2068;2068
src/openvpn/route.c;1;DEFINED___LB__TARGET_DARWIN__RB__ && !DEFINED___LB__TARGET_FREEBSD__RB__ && !DEFINED___LB__TARGET_DRAGONFLY__RB__ && !DEFINED___LB__TARGET_SOLARIS__RB__ && !DEFINED___LB___WIN32__RB__ && !DEFINED___LB__TARGET_ANDROID__RB__ && !DEFINED___LB__TARGET_LINUX__RB__;DEFINED___LB__TARGET_DARWIN__RB__ && !DEFINED___LB__TARGET_FREEBSD__RB__ && !DEFINED___LB__TARGET_DRAGONFLY__RB__ && !DEFINED___LB__TARGET_SOLARIS__RB__ && !DEFINED___LB___WIN32__RB__ && !DEFINED___LB__TARGET_ANDROID__RB__ && !DEFINED___LB__TARGET_LINUX__RB__ && 1;artifact;2069;2087
src/openvpn/route.c;1;DEFINED___LB__TARGET_OPENBSD__RB__ && !DEFINED___LB__TARGET_DARWIN__RB__ && !DEFINED___LB__TARGET_FREEBSD__RB__ && !DEFINED___LB__TARGET_DRAGONFLY__RB__ && !DEFINED___LB__TARGET_SOLARIS__RB__ && !DEFINED___LB___WIN32__RB__ && !DEFINED___LB__TARGET_ANDROID__RB__ && !DEFINED___LB__TARGET_LINUX__RB__;DEFINED___LB__TARGET_OPENBSD__RB__ && !DEFINED___LB__TARGET_DARWIN__RB__ && !DEFINED___LB__TARGET_FREEBSD__RB__ && !DEFINED___LB__TARGET_DRAGONFLY__RB__ && !DEFINED___LB__TARGET_SOLARIS__RB__ && !DEFINED___LB___WIN32__RB__ && !DEFINED___LB__TARGET_ANDROID__RB__ && !DEFINED___LB__TARGET_LINUX__RB__ && 1;elif;2088;2088
src/openvpn/route.c;1;DEFINED___LB__TARGET_OPENBSD__RB__ && !DEFINED___LB__TARGET_DARWIN__RB__ && !DEFINED___LB__TARGET_FREEBSD__RB__ && !DEFINED___LB__TARGET_DRAGONFLY__RB__ && !DEFINED___LB__TARGET_SOLARIS__RB__ && !DEFINED___LB___WIN32__RB__ && !DEFINED___LB__TARGET_ANDROID__RB__ && !DEFINED___LB__TARGET_LINUX__RB__;DEFINED___LB__TARGET_OPENBSD__RB__ && !DEFINED___LB__TARGET_DARWIN__RB__ && !DEFINED___LB__TARGET_FREEBSD__RB__ && !DEFINED___LB__TARGET_DRAGONFLY__RB__ && !DEFINED___LB__TARGET_SOLARIS__RB__ && !DEFINED___LB___WIN32__RB__ && !DEFINED___LB__TARGET_ANDROID__RB__ && !DEFINED___LB__TARGET_LINUX__RB__ && 1;artifact;2089;2098
src/openvpn/route.c;1;DEFINED___LB__TARGET_NETBSD__RB__ && !DEFINED___LB__TARGET_OPENBSD__RB__ && !DEFINED___LB__TARGET_DARWIN__RB__ && !DEFINED___LB__TARGET_FREEBSD__RB__ && !DEFINED___LB__TARGET_DRAGONFLY__RB__ && !DEFINED___LB__TARGET_SOLARIS__RB__ && !DEFINED___LB___WIN32__RB__ && !DEFINED___LB__TARGET_ANDROID__RB__ && !DEFINED___LB__TARGET_LINUX__RB__;DEFINED___LB__TARGET_NETBSD__RB__ && !DEFINED___LB__TARGET_OPENBSD__RB__ && !DEFINED___LB__TARGET_DARWIN__RB__ && !DEFINED___LB__TARGET_FREEBSD__RB__ && !DEFINED___LB__TARGET_DRAGONFLY__RB__ && !DEFINED___LB__TARGET_SOLARIS__RB__ && !DEFINED___LB___WIN32__RB__ && !DEFINED___LB__TARGET_ANDROID__RB__ && !DEFINED___LB__TARGET_LINUX__RB__ && 1;elif;2099;2099
src/openvpn/route.c;1;DEFINED___LB__TARGET_NETBSD__RB__ && !DEFINED___LB__TARGET_OPENBSD__RB__ && !DEFINED___LB__TARGET_DARWIN__RB__ && !DEFINED___LB__TARGET_FREEBSD__RB__ && !DEFINED___LB__TARGET_DRAGONFLY__RB__ && !DEFINED___LB__TARGET_SOLARIS__RB__ && !DEFINED___LB___WIN32__RB__ && !DEFINED___LB__TARGET_ANDROID__RB__ && !DEFINED___LB__TARGET_LINUX__RB__;DEFINED___LB__TARGET_NETBSD__RB__ && !DEFINED___LB__TARGET_OPENBSD__RB__ && !DEFINED___LB__TARGET_DARWIN__RB__ && !DEFINED___LB__TARGET_FREEBSD__RB__ && !DEFINED___LB__TARGET_DRAGONFLY__RB__ && !DEFINED___LB__TARGET_SOLARIS__RB__ && !DEFINED___LB___WIN32__RB__ && !DEFINED___LB__TARGET_ANDROID__RB__ && !DEFINED___LB__TARGET_LINUX__RB__ && 1;artifact;2100;2109
src/openvpn/route.c;1;DEFINED___LB__TARGET_AIX__RB__ && !DEFINED___LB__TARGET_NETBSD__RB__ && !DEFINED___LB__TARGET_OPENBSD__RB__ && !DEFINED___LB__TARGET_DARWIN__RB__ && !DEFINED___LB__TARGET_FREEBSD__RB__ && !DEFINED___LB__TARGET_DRAGONFLY__RB__ && !DEFINED___LB__TARGET_SOLARIS__RB__ && !DEFINED___LB___WIN32__RB__ && !DEFINED___LB__TARGET_ANDROID__RB__ && !DEFINED___LB__TARGET_LINUX__RB__;DEFINED___LB__TARGET_AIX__RB__ && !DEFINED___LB__TARGET_NETBSD__RB__ && !DEFINED___LB__TARGET_OPENBSD__RB__ && !DEFINED___LB__TARGET_DARWIN__RB__ && !DEFINED___LB__TARGET_FREEBSD__RB__ && !DEFINED___LB__TARGET_DRAGONFLY__RB__ && !DEFINED___LB__TARGET_SOLARIS__RB__ && !DEFINED___LB___WIN32__RB__ && !DEFINED___LB__TARGET_ANDROID__RB__ && !DEFINED___LB__TARGET_LINUX__RB__ && 1;elif;2110;2110
src/openvpn/route.c;1;DEFINED___LB__TARGET_AIX__RB__ && !DEFINED___LB__TARGET_NETBSD__RB__ && !DEFINED___LB__TARGET_OPENBSD__RB__ && !DEFINED___LB__TARGET_DARWIN__RB__ && !DEFINED___LB__TARGET_FREEBSD__RB__ && !DEFINED___LB__TARGET_DRAGONFLY__RB__ && !DEFINED___LB__TARGET_SOLARIS__RB__ && !DEFINED___LB___WIN32__RB__ && !DEFINED___LB__TARGET_ANDROID__RB__ && !DEFINED___LB__TARGET_LINUX__RB__;DEFINED___LB__TARGET_AIX__RB__ && !DEFINED___LB__TARGET_NETBSD__RB__ && !DEFINED___LB__TARGET_OPENBSD__RB__ && !DEFINED___LB__TARGET_DARWIN__RB__ && !DEFINED___LB__TARGET_FREEBSD__RB__ && !DEFINED___LB__TARGET_DRAGONFLY__RB__ && !DEFINED___LB__TARGET_SOLARIS__RB__ && !DEFINED___LB___WIN32__RB__ && !DEFINED___LB__TARGET_ANDROID__RB__ && !DEFINED___LB__TARGET_LINUX__RB__ && 1;artifact;2111;2119
src/openvpn/route.c;1;!DEFINED___LB__TARGET_AIX__RB__ && !DEFINED___LB__TARGET_NETBSD__RB__ && !DEFINED___LB__TARGET_OPENBSD__RB__ && !DEFINED___LB__TARGET_DARWIN__RB__ && !DEFINED___LB__TARGET_FREEBSD__RB__ && !DEFINED___LB__TARGET_DRAGONFLY__RB__ && !DEFINED___LB__TARGET_SOLARIS__RB__ && !DEFINED___LB___WIN32__RB__ && !DEFINED___LB__TARGET_ANDROID__RB__ && !DEFINED___LB__TARGET_LINUX__RB__;!DEFINED___LB__TARGET_AIX__RB__ && !DEFINED___LB__TARGET_NETBSD__RB__ && !DEFINED___LB__TARGET_OPENBSD__RB__ && !DEFINED___LB__TARGET_DARWIN__RB__ && !DEFINED___LB__TARGET_FREEBSD__RB__ && !DEFINED___LB__TARGET_DRAGONFLY__RB__ && !DEFINED___LB__TARGET_SOLARIS__RB__ && !DEFINED___LB___WIN32__RB__ && !DEFINED___LB__TARGET_ANDROID__RB__ && !DEFINED___LB__TARGET_LINUX__RB__ && 1;else;2120;2120
src/openvpn/route.c;1;!DEFINED___LB__TARGET_AIX__RB__ && !DEFINED___LB__TARGET_NETBSD__RB__ && !DEFINED___LB__TARGET_OPENBSD__RB__ && !DEFINED___LB__TARGET_DARWIN__RB__ && !DEFINED___LB__TARGET_FREEBSD__RB__ && !DEFINED___LB__TARGET_DRAGONFLY__RB__ && !DEFINED___LB__TARGET_SOLARIS__RB__ && !DEFINED___LB___WIN32__RB__ && !DEFINED___LB__TARGET_ANDROID__RB__ && !DEFINED___LB__TARGET_LINUX__RB__;!DEFINED___LB__TARGET_AIX__RB__ && !DEFINED___LB__TARGET_NETBSD__RB__ && !DEFINED___LB__TARGET_OPENBSD__RB__ && !DEFINED___LB__TARGET_DARWIN__RB__ && !DEFINED___LB__TARGET_FREEBSD__RB__ && !DEFINED___LB__TARGET_DRAGONFLY__RB__ && !DEFINED___LB__TARGET_SOLARIS__RB__ && !DEFINED___LB___WIN32__RB__ && !DEFINED___LB__TARGET_ANDROID__RB__ && !DEFINED___LB__TARGET_LINUX__RB__ && 1;artifact;2121;2121
src/openvpn/route.c;1;!DEFINED___LB__TARGET_AIX__RB__ && !DEFINED___LB__TARGET_NETBSD__RB__ && !DEFINED___LB__TARGET_OPENBSD__RB__ && !DEFINED___LB__TARGET_DARWIN__RB__ && !DEFINED___LB__TARGET_FREEBSD__RB__ && !DEFINED___LB__TARGET_DRAGONFLY__RB__ && !DEFINED___LB__TARGET_SOLARIS__RB__ && !DEFINED___LB___WIN32__RB__ && !DEFINED___LB__TARGET_ANDROID__RB__ && !DEFINED___LB__TARGET_LINUX__RB__;!DEFINED___LB__TARGET_AIX__RB__ && !DEFINED___LB__TARGET_NETBSD__RB__ && !DEFINED___LB__TARGET_OPENBSD__RB__ && !DEFINED___LB__TARGET_DARWIN__RB__ && !DEFINED___LB__TARGET_FREEBSD__RB__ && !DEFINED___LB__TARGET_DRAGONFLY__RB__ && !DEFINED___LB__TARGET_SOLARIS__RB__ && !DEFINED___LB___WIN32__RB__ && !DEFINED___LB__TARGET_ANDROID__RB__ && !DEFINED___LB__TARGET_LINUX__RB__ && 1;endif;2122;2122
src/openvpn/route.c;1;1;1;artifact;2123;2148
src/openvpn/route.c;1;!DEFINED___LB__TARGET_LINUX__RB__;1 && !DEFINED___LB__TARGET_LINUX__RB__;if;2149;2149
src/openvpn/route.c;1;!DEFINED___LB__TARGET_LINUX__RB__;1 && !DEFINED___LB__TARGET_LINUX__RB__;artifact;2150;2150
src/openvpn/route.c;1;!DEFINED___LB__TARGET_AIX__RB__;1 && !DEFINED___LB__TARGET_LINUX__RB__ && !DEFINED___LB__TARGET_AIX__RB__;if;2151;2151
src/openvpn/route.c;1;!DEFINED___LB__TARGET_AIX__RB__;1 && !DEFINED___LB__TARGET_LINUX__RB__ && !DEFINED___LB__TARGET_AIX__RB__;artifact;2152;2152
src/openvpn/route.c;1;!DEFINED___LB__TARGET_AIX__RB__;1 && !DEFINED___LB__TARGET_LINUX__RB__ && !DEFINED___LB__TARGET_AIX__RB__;endif;2153;2153
src/openvpn/route.c;1;!DEFINED___LB__TARGET_ANDROID__RB__;1 && !DEFINED___LB__TARGET_LINUX__RB__ && !DEFINED___LB__TARGET_ANDROID__RB__;if;2154;2154
src/openvpn/route.c;1;!DEFINED___LB__TARGET_ANDROID__RB__;1 && !DEFINED___LB__TARGET_LINUX__RB__ && !DEFINED___LB__TARGET_ANDROID__RB__;artifact;2155;2155
src/openvpn/route.c;1;!DEFINED___LB__TARGET_ANDROID__RB__;1 && !DEFINED___LB__TARGET_LINUX__RB__ && !DEFINED___LB__TARGET_ANDROID__RB__;endif;2156;2156
src/openvpn/route.c;1;DEFINED___LB__TARGET_LINUX__RB__;DEFINED___LB__TARGET_LINUX__RB__ && 1;else;2157;2157
src/openvpn/route.c;1;DEFINED___LB__TARGET_LINUX__RB__;DEFINED___LB__TARGET_LINUX__RB__ && 1;artifact;2158;2158
src/openvpn/route.c;1;DEFINED___LB__TARGET_LINUX__RB__;DEFINED___LB__TARGET_LINUX__RB__ && 1;endif;2159;2159
src/openvpn/route.c;1;1;1;artifact;2160;2169
src/openvpn/route.c;1;!DEFINED___LB__TARGET_LINUX__RB__;1 && !DEFINED___LB__TARGET_LINUX__RB__;if;2170;2170
src/openvpn/route.c;1;!DEFINED___LB__TARGET_LINUX__RB__;1 && !DEFINED___LB__TARGET_LINUX__RB__;artifact;2171;2171
src/openvpn/route.c;1;!DEFINED___LB__TARGET_AIX__RB__;1 && !DEFINED___LB__TARGET_LINUX__RB__ && !DEFINED___LB__TARGET_AIX__RB__;if;2172;2172
src/openvpn/route.c;1;!DEFINED___LB__TARGET_AIX__RB__;1 && !DEFINED___LB__TARGET_LINUX__RB__ && !DEFINED___LB__TARGET_AIX__RB__;artifact;2173;2173
src/openvpn/route.c;1;!DEFINED___LB__TARGET_AIX__RB__;1 && !DEFINED___LB__TARGET_LINUX__RB__ && !DEFINED___LB__TARGET_AIX__RB__;endif;2174;2174
src/openvpn/route.c;1;!DEFINED___LB__TARGET_ANDROID__RB__;1 && !DEFINED___LB__TARGET_LINUX__RB__ && !DEFINED___LB__TARGET_ANDROID__RB__;if;2175;2175
src/openvpn/route.c;1;!DEFINED___LB__TARGET_ANDROID__RB__;1 && !DEFINED___LB__TARGET_LINUX__RB__ && !DEFINED___LB__TARGET_ANDROID__RB__;artifact;2176;2176
src/openvpn/route.c;1;!DEFINED___LB__TARGET_ANDROID__RB__;1 && !DEFINED___LB__TARGET_LINUX__RB__ && !DEFINED___LB__TARGET_ANDROID__RB__;endif;2177;2177
src/openvpn/route.c;1;!DEFINED___LB__TARGET_LINUX__RB__;1 && !DEFINED___LB__TARGET_LINUX__RB__;endif;2178;2178
src/openvpn/route.c;1;1;1;artifact;2179;2185
src/openvpn/route.c;1;DEFINED___LB__TARGET_LINUX__RB__;1 && DEFINED___LB__TARGET_LINUX__RB__;if;2186;2186
src/openvpn/route.c;1;DEFINED___LB__TARGET_LINUX__RB__;1 && DEFINED___LB__TARGET_LINUX__RB__;artifact;2187;2197
src/openvpn/route.c;1;DEFINED___LB___WIN32__RB__ && !DEFINED___LB__TARGET_LINUX__RB__;DEFINED___LB___WIN32__RB__ && !DEFINED___LB__TARGET_LINUX__RB__ && 1;elif;2198;2198
src/openvpn/route.c;1;DEFINED___LB___WIN32__RB__ && !DEFINED___LB__TARGET_LINUX__RB__;DEFINED___LB___WIN32__RB__ && !DEFINED___LB__TARGET_LINUX__RB__ && 1;artifact;2199;2241
src/openvpn/route.c;1;DEFINED___LB__TARGET_SOLARIS__RB__ && !DEFINED___LB___WIN32__RB__ && !DEFINED___LB__TARGET_LINUX__RB__;DEFINED___LB__TARGET_SOLARIS__RB__ && !DEFINED___LB___WIN32__RB__ && !DEFINED___LB__TARGET_LINUX__RB__ && 1;elif;2242;2242
src/openvpn/route.c;1;DEFINED___LB__TARGET_SOLARIS__RB__ && !DEFINED___LB___WIN32__RB__ && !DEFINED___LB__TARGET_LINUX__RB__;DEFINED___LB__TARGET_SOLARIS__RB__ && !DEFINED___LB___WIN32__RB__ && !DEFINED___LB__TARGET_LINUX__RB__ && 1;artifact;2243;2252
src/openvpn/route.c;1;DEFINED___LB__TARGET_FREEBSD__RB__ && !DEFINED___LB__TARGET_SOLARIS__RB__ && !DEFINED___LB___WIN32__RB__ && !DEFINED___LB__TARGET_LINUX__RB__;DEFINED___LB__TARGET_FREEBSD__RB__ && !DEFINED___LB__TARGET_SOLARIS__RB__ && !DEFINED___LB___WIN32__RB__ && !DEFINED___LB__TARGET_LINUX__RB__ && 1;elif;2253;2253
src/openvpn/route.c;1;DEFINED___LB__TARGET_FREEBSD__RB__ && !DEFINED___LB__TARGET_SOLARIS__RB__ && !DEFINED___LB___WIN32__RB__ && !DEFINED___LB__TARGET_LINUX__RB__;DEFINED___LB__TARGET_FREEBSD__RB__ && !DEFINED___LB__TARGET_SOLARIS__RB__ && !DEFINED___LB___WIN32__RB__ && !DEFINED___LB__TARGET_LINUX__RB__ && 1;artifact;2254;2263
src/openvpn/route.c;1;DEFINED___LB__TARGET_DRAGONFLY__RB__ && !DEFINED___LB__TARGET_FREEBSD__RB__ && !DEFINED___LB__TARGET_SOLARIS__RB__ && !DEFINED___LB___WIN32__RB__ && !DEFINED___LB__TARGET_LINUX__RB__;DEFINED___LB__TARGET_DRAGONFLY__RB__ && !DEFINED___LB__TARGET_FREEBSD__RB__ && !DEFINED___LB__TARGET_SOLARIS__RB__ && !DEFINED___LB___WIN32__RB__ && !DEFINED___LB__TARGET_LINUX__RB__ && 1;elif;2264;2264
src/openvpn/route.c;1;DEFINED___LB__TARGET_DRAGONFLY__RB__ && !DEFINED___LB__TARGET_FREEBSD__RB__ && !DEFINED___LB__TARGET_SOLARIS__RB__ && !DEFINED___LB___WIN32__RB__ && !DEFINED___LB__TARGET_LINUX__RB__;DEFINED___LB__TARGET_DRAGONFLY__RB__ && !DEFINED___LB__TARGET_FREEBSD__RB__ && !DEFINED___LB__TARGET_SOLARIS__RB__ && !DEFINED___LB___WIN32__RB__ && !DEFINED___LB__TARGET_LINUX__RB__ && 1;artifact;2265;2274
src/openvpn/route.c;1;DEFINED___LB__TARGET_DARWIN__RB__ && !DEFINED___LB__TARGET_DRAGONFLY__RB__ && !DEFINED___LB__TARGET_FREEBSD__RB__ && !DEFINED___LB__TARGET_SOLARIS__RB__ && !DEFINED___LB___WIN32__RB__ && !DEFINED___LB__TARGET_LINUX__RB__;DEFINED___LB__TARGET_DARWIN__RB__ && !DEFINED___LB__TARGET_DRAGONFLY__RB__ && !DEFINED___LB__TARGET_FREEBSD__RB__ && !DEFINED___LB__TARGET_SOLARIS__RB__ && !DEFINED___LB___WIN32__RB__ && !DEFINED___LB__TARGET_LINUX__RB__ && 1;elif;2275;2275
src/openvpn/route.c;1;DEFINED___LB__TARGET_DARWIN__RB__ && !DEFINED___LB__TARGET_DRAGONFLY__RB__ && !DEFINED___LB__TARGET_FREEBSD__RB__ && !DEFINED___LB__TARGET_SOLARIS__RB__ && !DEFINED___LB___WIN32__RB__ && !DEFINED___LB__TARGET_LINUX__RB__;DEFINED___LB__TARGET_DARWIN__RB__ && !DEFINED___LB__TARGET_DRAGONFLY__RB__ && !DEFINED___LB__TARGET_FREEBSD__RB__ && !DEFINED___LB__TARGET_SOLARIS__RB__ && !DEFINED___LB___WIN32__RB__ && !DEFINED___LB__TARGET_LINUX__RB__ && 1;artifact;2276;2296
src/openvpn/route.c;1;(DEFINED___LB__TARGET_OPENBSD__RB__ || DEFINED___LB__TARGET_NETBSD__RB__) && !DEFINED___LB__TARGET_DARWIN__RB__ && !DEFINED___LB__TARGET_DRAGONFLY__RB__ && !DEFINED___LB__TARGET_FREEBSD__RB__ && !DEFINED___LB__TARGET_SOLARIS__RB__ && !DEFINED___LB___WIN32__RB__ && !DEFINED___LB__TARGET_LINUX__RB__;(DEFINED___LB__TARGET_OPENBSD__RB__ || DEFINED___LB__TARGET_NETBSD__RB__) && !DEFINED___LB__TARGET_DARWIN__RB__ && !DEFINED___LB__TARGET_DRAGONFLY__RB__ && !DEFINED___LB__TARGET_FREEBSD__RB__ && !DEFINED___LB__TARGET_SOLARIS__RB__ && !DEFINED___LB___WIN32__RB__ && !DEFINED___LB__TARGET_LINUX__RB__ && 1;elif;2297;2297
src/openvpn/route.c;1;(DEFINED___LB__TARGET_OPENBSD__RB__ || DEFINED___LB__TARGET_NETBSD__RB__) && !DEFINED___LB__TARGET_DARWIN__RB__ && !DEFINED___LB__TARGET_DRAGONFLY__RB__ && !DEFINED___LB__TARGET_FREEBSD__RB__ && !DEFINED___LB__TARGET_SOLARIS__RB__ && !DEFINED___LB___WIN32__RB__ && !DEFINED___LB__TARGET_LINUX__RB__;(DEFINED___LB__TARGET_OPENBSD__RB__ || DEFINED___LB__TARGET_NETBSD__RB__) && !DEFINED___LB__TARGET_DARWIN__RB__ && !DEFINED___LB__TARGET_DRAGONFLY__RB__ && !DEFINED___LB__TARGET_FREEBSD__RB__ && !DEFINED___LB__TARGET_SOLARIS__RB__ && !DEFINED___LB___WIN32__RB__ && !DEFINED___LB__TARGET_LINUX__RB__ && 1;artifact;2298;2307
src/openvpn/route.c;1;DEFINED___LB__TARGET_ANDROID__RB__ && !DEFINED___LB__TARGET_OPENBSD__RB__ && !DEFINED___LB__TARGET_NETBSD__RB__ && !DEFINED___LB__TARGET_DARWIN__RB__ && !DEFINED___LB__TARGET_DRAGONFLY__RB__ && !DEFINED___LB__TARGET_FREEBSD__RB__ && !DEFINED___LB__TARGET_SOLARIS__RB__ && !DEFINED___LB___WIN32__RB__ && !DEFINED___LB__TARGET_LINUX__RB__;DEFINED___LB__TARGET_ANDROID__RB__ && !DEFINED___LB__TARGET_OPENBSD__RB__ && !DEFINED___LB__TARGET_NETBSD__RB__ && !DEFINED___LB__TARGET_DARWIN__RB__ && !DEFINED___LB__TARGET_DRAGONFLY__RB__ && !DEFINED___LB__TARGET_FREEBSD__RB__ && !DEFINED___LB__TARGET_SOLARIS__RB__ && !DEFINED___LB___WIN32__RB__ && !DEFINED___LB__TARGET_LINUX__RB__ && 1;elif;2308;2308
src/openvpn/route.c;1;DEFINED___LB__TARGET_ANDROID__RB__ && !DEFINED___LB__TARGET_OPENBSD__RB__ && !DEFINED___LB__TARGET_NETBSD__RB__ && !DEFINED___LB__TARGET_DARWIN__RB__ && !DEFINED___LB__TARGET_DRAGONFLY__RB__ && !DEFINED___LB__TARGET_FREEBSD__RB__ && !DEFINED___LB__TARGET_SOLARIS__RB__ && !DEFINED___LB___WIN32__RB__ && !DEFINED___LB__TARGET_LINUX__RB__;DEFINED___LB__TARGET_ANDROID__RB__ && !DEFINED___LB__TARGET_OPENBSD__RB__ && !DEFINED___LB__TARGET_NETBSD__RB__ && !DEFINED___LB__TARGET_DARWIN__RB__ && !DEFINED___LB__TARGET_DRAGONFLY__RB__ && !DEFINED___LB__TARGET_FREEBSD__RB__ && !DEFINED___LB__TARGET_SOLARIS__RB__ && !DEFINED___LB___WIN32__RB__ && !DEFINED___LB__TARGET_LINUX__RB__ && 1;artifact;2309;2311
src/openvpn/route.c;1;DEFINED___LB__TARGET_AIX__RB__ && !DEFINED___LB__TARGET_ANDROID__RB__ && !DEFINED___LB__TARGET_OPENBSD__RB__ && !DEFINED___LB__TARGET_NETBSD__RB__ && !DEFINED___LB__TARGET_DARWIN__RB__ && !DEFINED___LB__TARGET_DRAGONFLY__RB__ && !DEFINED___LB__TARGET_FREEBSD__RB__ && !DEFINED___LB__TARGET_SOLARIS__RB__ && !DEFINED___LB___WIN32__RB__ && !DEFINED___LB__TARGET_LINUX__RB__;DEFINED___LB__TARGET_AIX__RB__ && !DEFINED___LB__TARGET_ANDROID__RB__ && !DEFINED___LB__TARGET_OPENBSD__RB__ && !DEFINED___LB__TARGET_NETBSD__RB__ && !DEFINED___LB__TARGET_DARWIN__RB__ && !DEFINED___LB__TARGET_DRAGONFLY__RB__ && !DEFINED___LB__TARGET_FREEBSD__RB__ && !DEFINED___LB__TARGET_SOLARIS__RB__ && !DEFINED___LB___WIN32__RB__ && !DEFINED___LB__TARGET_LINUX__RB__ && 1;elif;2312;2312
src/openvpn/route.c;1;DEFINED___LB__TARGET_AIX__RB__ && !DEFINED___LB__TARGET_ANDROID__RB__ && !DEFINED___LB__TARGET_OPENBSD__RB__ && !DEFINED___LB__TARGET_NETBSD__RB__ && !DEFINED___LB__TARGET_DARWIN__RB__ && !DEFINED___LB__TARGET_DRAGONFLY__RB__ && !DEFINED___LB__TARGET_FREEBSD__RB__ && !DEFINED___LB__TARGET_SOLARIS__RB__ && !DEFINED___LB___WIN32__RB__ && !DEFINED___LB__TARGET_LINUX__RB__;DEFINED___LB__TARGET_AIX__RB__ && !DEFINED___LB__TARGET_ANDROID__RB__ && !DEFINED___LB__TARGET_OPENBSD__RB__ && !DEFINED___LB__TARGET_NETBSD__RB__ && !DEFINED___LB__TARGET_DARWIN__RB__ && !DEFINED___LB__TARGET_DRAGONFLY__RB__ && !DEFINED___LB__TARGET_FREEBSD__RB__ && !DEFINED___LB__TARGET_SOLARIS__RB__ && !DEFINED___LB___WIN32__RB__ && !DEFINED___LB__TARGET_LINUX__RB__ && 1;artifact;2313;2322
src/openvpn/route.c;1;!DEFINED___LB__TARGET_AIX__RB__ && !DEFINED___LB__TARGET_ANDROID__RB__ && !DEFINED___LB__TARGET_OPENBSD__RB__ && !DEFINED___LB__TARGET_NETBSD__RB__ && !DEFINED___LB__TARGET_DARWIN__RB__ && !DEFINED___LB__TARGET_DRAGONFLY__RB__ && !DEFINED___LB__TARGET_FREEBSD__RB__ && !DEFINED___LB__TARGET_SOLARIS__RB__ && !DEFINED___LB___WIN32__RB__ && !DEFINED___LB__TARGET_LINUX__RB__;!DEFINED___LB__TARGET_AIX__RB__ && !DEFINED___LB__TARGET_ANDROID__RB__ && !DEFINED___LB__TARGET_OPENBSD__RB__ && !DEFINED___LB__TARGET_NETBSD__RB__ && !DEFINED___LB__TARGET_DARWIN__RB__ && !DEFINED___LB__TARGET_DRAGONFLY__RB__ && !DEFINED___LB__TARGET_FREEBSD__RB__ && !DEFINED___LB__TARGET_SOLARIS__RB__ && !DEFINED___LB___WIN32__RB__ && !DEFINED___LB__TARGET_LINUX__RB__ && 1;else;2323;2323
src/openvpn/route.c;1;!DEFINED___LB__TARGET_AIX__RB__ && !DEFINED___LB__TARGET_ANDROID__RB__ && !DEFINED___LB__TARGET_OPENBSD__RB__ && !DEFINED___LB__TARGET_NETBSD__RB__ && !DEFINED___LB__TARGET_DARWIN__RB__ && !DEFINED___LB__TARGET_DRAGONFLY__RB__ && !DEFINED___LB__TARGET_FREEBSD__RB__ && !DEFINED___LB__TARGET_SOLARIS__RB__ && !DEFINED___LB___WIN32__RB__ && !DEFINED___LB__TARGET_LINUX__RB__;!DEFINED___LB__TARGET_AIX__RB__ && !DEFINED___LB__TARGET_ANDROID__RB__ && !DEFINED___LB__TARGET_OPENBSD__RB__ && !DEFINED___LB__TARGET_NETBSD__RB__ && !DEFINED___LB__TARGET_DARWIN__RB__ && !DEFINED___LB__TARGET_DRAGONFLY__RB__ && !DEFINED___LB__TARGET_FREEBSD__RB__ && !DEFINED___LB__TARGET_SOLARIS__RB__ && !DEFINED___LB___WIN32__RB__ && !DEFINED___LB__TARGET_LINUX__RB__ && 1;artifact;2324;2324
src/openvpn/route.c;1;!DEFINED___LB__TARGET_AIX__RB__ && !DEFINED___LB__TARGET_ANDROID__RB__ && !DEFINED___LB__TARGET_OPENBSD__RB__ && !DEFINED___LB__TARGET_NETBSD__RB__ && !DEFINED___LB__TARGET_DARWIN__RB__ && !DEFINED___LB__TARGET_DRAGONFLY__RB__ && !DEFINED___LB__TARGET_FREEBSD__RB__ && !DEFINED___LB__TARGET_SOLARIS__RB__ && !DEFINED___LB___WIN32__RB__ && !DEFINED___LB__TARGET_LINUX__RB__;!DEFINED___LB__TARGET_AIX__RB__ && !DEFINED___LB__TARGET_ANDROID__RB__ && !DEFINED___LB__TARGET_OPENBSD__RB__ && !DEFINED___LB__TARGET_NETBSD__RB__ && !DEFINED___LB__TARGET_DARWIN__RB__ && !DEFINED___LB__TARGET_DRAGONFLY__RB__ && !DEFINED___LB__TARGET_FREEBSD__RB__ && !DEFINED___LB__TARGET_SOLARIS__RB__ && !DEFINED___LB___WIN32__RB__ && !DEFINED___LB__TARGET_LINUX__RB__ && 1;endif;2325;2325
src/openvpn/route.c;1;1;1;artifact;2326;2346
src/openvpn/route.c;1;!DEFINED___LB___WIN32__RB__;1 && !DEFINED___LB___WIN32__RB__;if;2347;2347
src/openvpn/route.c;1;!DEFINED___LB__TARGET_LINUX__RB__;1 && !DEFINED___LB___WIN32__RB__ && !DEFINED___LB__TARGET_LINUX__RB__;if;2348;2348
src/openvpn/route.c;1;!DEFINED___LB__TARGET_LINUX__RB__;1 && !DEFINED___LB___WIN32__RB__ && !DEFINED___LB__TARGET_LINUX__RB__;artifact;2349;2349
src/openvpn/route.c;1;!DEFINED___LB__TARGET_LINUX__RB__;1 && !DEFINED___LB___WIN32__RB__ && !DEFINED___LB__TARGET_LINUX__RB__;endif;2350;2350
src/openvpn/route.c;1;!DEFINED___LB__TARGET_SOLARIS__RB__;1 && !DEFINED___LB___WIN32__RB__ && !DEFINED___LB__TARGET_SOLARIS__RB__;if;2351;2351
src/openvpn/route.c;1;!DEFINED___LB__TARGET_SOLARIS__RB__;1 && !DEFINED___LB___WIN32__RB__ && !DEFINED___LB__TARGET_SOLARIS__RB__;artifact;2352;2367
src/openvpn/route.c;1;!DEFINED___LB__TARGET_SOLARIS__RB__;1 && !DEFINED___LB___WIN32__RB__ && !DEFINED___LB__TARGET_SOLARIS__RB__;endif;2368;2368
src/openvpn/route.c;1;!DEFINED___LB___WIN32__RB__;1 && !DEFINED___LB___WIN32__RB__;endif;2369;2369
src/openvpn/route.c;1;1;1;artifact;2370;2374
src/openvpn/route.c;1;!DEFINED___LB__TARGET_LINUX__RB__ && !DEFINED___LB___WIN32__RB__;1 && !DEFINED___LB__TARGET_LINUX__RB__ && !DEFINED___LB___WIN32__RB__;if;2375;2375
src/openvpn/route.c;1;!DEFINED___LB__TARGET_LINUX__RB__ && !DEFINED___LB___WIN32__RB__;1 && !DEFINED___LB__TARGET_LINUX__RB__ && !DEFINED___LB___WIN32__RB__;artifact;2376;2376
src/openvpn/route.c;1;!DEFINED___LB__TARGET_LINUX__RB__ && !DEFINED___LB___WIN32__RB__;1 && !DEFINED___LB__TARGET_LINUX__RB__ && !DEFINED___LB___WIN32__RB__;endif;2377;2377
src/openvpn/route.c;1;1;1;artifact;2378;2378
src/openvpn/route.c;1;DEFINED___LB__TARGET_DARWIN__RB__ || DEFINED___LB__TARGET_FREEBSD__RB__ || DEFINED___LB__TARGET_DRAGONFLY__RB__ || DEFINED___LB__TARGET_OPENBSD__RB__ || DEFINED___LB__TARGET_NETBSD__RB__;1 && (DEFINED___LB__TARGET_DARWIN__RB__ || DEFINED___LB__TARGET_FREEBSD__RB__ || DEFINED___LB__TARGET_DRAGONFLY__RB__ || DEFINED___LB__TARGET_OPENBSD__RB__ || DEFINED___LB__TARGET_NETBSD__RB__);if;2379;2381
src/openvpn/route.c;1;DEFINED___LB__TARGET_DARWIN__RB__ || DEFINED___LB__TARGET_FREEBSD__RB__ || DEFINED___LB__TARGET_DRAGONFLY__RB__ || DEFINED___LB__TARGET_OPENBSD__RB__ || DEFINED___LB__TARGET_NETBSD__RB__;1 && (DEFINED___LB__TARGET_DARWIN__RB__ || DEFINED___LB__TARGET_FREEBSD__RB__ || DEFINED___LB__TARGET_DRAGONFLY__RB__ || DEFINED___LB__TARGET_OPENBSD__RB__ || DEFINED___LB__TARGET_NETBSD__RB__);artifact;2382;2394
src/openvpn/route.c;1;DEFINED___LB__TARGET_DARWIN__RB__ || DEFINED___LB__TARGET_FREEBSD__RB__ || DEFINED___LB__TARGET_DRAGONFLY__RB__ || DEFINED___LB__TARGET_OPENBSD__RB__ || DEFINED___LB__TARGET_NETBSD__RB__;1 && (DEFINED___LB__TARGET_DARWIN__RB__ || DEFINED___LB__TARGET_FREEBSD__RB__ || DEFINED___LB__TARGET_DRAGONFLY__RB__ || DEFINED___LB__TARGET_OPENBSD__RB__ || DEFINED___LB__TARGET_NETBSD__RB__);endif;2395;2395
src/openvpn/route.c;1;1;1;artifact;2396;2398
src/openvpn/route.c;1;DEFINED___LB__TARGET_LINUX__RB__;1 && DEFINED___LB__TARGET_LINUX__RB__;if;2399;2399
src/openvpn/route.c;1;DEFINED___LB__TARGET_LINUX__RB__;1 && DEFINED___LB__TARGET_LINUX__RB__;artifact;2400;2412
src/openvpn/route.c;1;DEFINED___LB___WIN32__RB__ && !DEFINED___LB__TARGET_LINUX__RB__;DEFINED___LB___WIN32__RB__ && !DEFINED___LB__TARGET_LINUX__RB__ && 1;elif;2413;2413
src/openvpn/route.c;1;DEFINED___LB___WIN32__RB__ && !DEFINED___LB__TARGET_LINUX__RB__;DEFINED___LB___WIN32__RB__ && !DEFINED___LB__TARGET_LINUX__RB__ && 1;artifact;2414;2422
src/openvpn/route.c;1;DEFINED___LB__TARGET_SOLARIS__RB__ && !DEFINED___LB___WIN32__RB__ && !DEFINED___LB__TARGET_LINUX__RB__;DEFINED___LB__TARGET_SOLARIS__RB__ && !DEFINED___LB___WIN32__RB__ && !DEFINED___LB__TARGET_LINUX__RB__ && 1;elif;2423;2423
src/openvpn/route.c;1;DEFINED___LB__TARGET_SOLARIS__RB__ && !DEFINED___LB___WIN32__RB__ && !DEFINED___LB__TARGET_LINUX__RB__;DEFINED___LB__TARGET_SOLARIS__RB__ && !DEFINED___LB___WIN32__RB__ && !DEFINED___LB__TARGET_LINUX__RB__ && 1;artifact;2424;2435
src/openvpn/route.c;1;(DEFINED___LB__TARGET_FREEBSD__RB__ || DEFINED___LB__TARGET_DRAGONFLY__RB__) && !DEFINED___LB__TARGET_SOLARIS__RB__ && !DEFINED___LB___WIN32__RB__ && !DEFINED___LB__TARGET_LINUX__RB__;(DEFINED___LB__TARGET_FREEBSD__RB__ || DEFINED___LB__TARGET_DRAGONFLY__RB__) && !DEFINED___LB__TARGET_SOLARIS__RB__ && !DEFINED___LB___WIN32__RB__ && !DEFINED___LB__TARGET_LINUX__RB__ && 1;elif;2436;2436
src/openvpn/route.c;1;(DEFINED___LB__TARGET_FREEBSD__RB__ || DEFINED___LB__TARGET_DRAGONFLY__RB__) && !DEFINED___LB__TARGET_SOLARIS__RB__ && !DEFINED___LB___WIN32__RB__ && !DEFINED___LB__TARGET_LINUX__RB__;(DEFINED___LB__TARGET_FREEBSD__RB__ || DEFINED___LB__TARGET_DRAGONFLY__RB__) && !DEFINED___LB__TARGET_SOLARIS__RB__ && !DEFINED___LB___WIN32__RB__ && !DEFINED___LB__TARGET_LINUX__RB__ && 1;artifact;2437;2454
src/openvpn/route.c;1;DEFINED___LB__TARGET_DARWIN__RB__ && !DEFINED___LB__TARGET_FREEBSD__RB__ && !DEFINED___LB__TARGET_DRAGONFLY__RB__ && !DEFINED___LB__TARGET_SOLARIS__RB__ && !DEFINED___LB___WIN32__RB__ && !DEFINED___LB__TARGET_LINUX__RB__;DEFINED___LB__TARGET_DARWIN__RB__ && !DEFINED___LB__TARGET_FREEBSD__RB__ && !DEFINED___LB__TARGET_DRAGONFLY__RB__ && !DEFINED___LB__TARGET_SOLARIS__RB__ && !DEFINED___LB___WIN32__RB__ && !DEFINED___LB__TARGET_LINUX__RB__ && 1;elif;2455;2455
src/openvpn/route.c;1;DEFINED___LB__TARGET_DARWIN__RB__ && !DEFINED___LB__TARGET_FREEBSD__RB__ && !DEFINED___LB__TARGET_DRAGONFLY__RB__ && !DEFINED___LB__TARGET_SOLARIS__RB__ && !DEFINED___LB___WIN32__RB__ && !DEFINED___LB__TARGET_LINUX__RB__;DEFINED___LB__TARGET_DARWIN__RB__ && !DEFINED___LB__TARGET_FREEBSD__RB__ && !DEFINED___LB__TARGET_DRAGONFLY__RB__ && !DEFINED___LB__TARGET_SOLARIS__RB__ && !DEFINED___LB___WIN32__RB__ && !DEFINED___LB__TARGET_LINUX__RB__ && 1;artifact;2456;2472
src/openvpn/route.c;1;DEFINED___LB__TARGET_OPENBSD__RB__ && !DEFINED___LB__TARGET_DARWIN__RB__ && !DEFINED___LB__TARGET_FREEBSD__RB__ && !DEFINED___LB__TARGET_DRAGONFLY__RB__ && !DEFINED___LB__TARGET_SOLARIS__RB__ && !DEFINED___LB___WIN32__RB__ && !DEFINED___LB__TARGET_LINUX__RB__;DEFINED___LB__TARGET_OPENBSD__RB__ && !DEFINED___LB__TARGET_DARWIN__RB__ && !DEFINED___LB__TARGET_FREEBSD__RB__ && !DEFINED___LB__TARGET_DRAGONFLY__RB__ && !DEFINED___LB__TARGET_SOLARIS__RB__ && !DEFINED___LB___WIN32__RB__ && !DEFINED___LB__TARGET_LINUX__RB__ && 1;elif;2473;2473
src/openvpn/route.c;1;DEFINED___LB__TARGET_OPENBSD__RB__ && !DEFINED___LB__TARGET_DARWIN__RB__ && !DEFINED___LB__TARGET_FREEBSD__RB__ && !DEFINED___LB__TARGET_DRAGONFLY__RB__ && !DEFINED___LB__TARGET_SOLARIS__RB__ && !DEFINED___LB___WIN32__RB__ && !DEFINED___LB__TARGET_LINUX__RB__;DEFINED___LB__TARGET_OPENBSD__RB__ && !DEFINED___LB__TARGET_DARWIN__RB__ && !DEFINED___LB__TARGET_FREEBSD__RB__ && !DEFINED___LB__TARGET_DRAGONFLY__RB__ && !DEFINED___LB__TARGET_SOLARIS__RB__ && !DEFINED___LB___WIN32__RB__ && !DEFINED___LB__TARGET_LINUX__RB__ && 1;artifact;2474;2481
src/openvpn/route.c;1;DEFINED___LB__TARGET_NETBSD__RB__ && !DEFINED___LB__TARGET_OPENBSD__RB__ && !DEFINED___LB__TARGET_DARWIN__RB__ && !DEFINED___LB__TARGET_FREEBSD__RB__ && !DEFINED___LB__TARGET_DRAGONFLY__RB__ && !DEFINED___LB__TARGET_SOLARIS__RB__ && !DEFINED___LB___WIN32__RB__ && !DEFINED___LB__TARGET_LINUX__RB__;DEFINED___LB__TARGET_NETBSD__RB__ && !DEFINED___LB__TARGET_OPENBSD__RB__ && !DEFINED___LB__TARGET_DARWIN__RB__ && !DEFINED___LB__TARGET_FREEBSD__RB__ && !DEFINED___LB__TARGET_DRAGONFLY__RB__ && !DEFINED___LB__TARGET_SOLARIS__RB__ && !DEFINED___LB___WIN32__RB__ && !DEFINED___LB__TARGET_LINUX__RB__ && 1;elif;2482;2482
src/openvpn/route.c;1;DEFINED___LB__TARGET_NETBSD__RB__ && !DEFINED___LB__TARGET_OPENBSD__RB__ && !DEFINED___LB__TARGET_DARWIN__RB__ && !DEFINED___LB__TARGET_FREEBSD__RB__ && !DEFINED___LB__TARGET_DRAGONFLY__RB__ && !DEFINED___LB__TARGET_SOLARIS__RB__ && !DEFINED___LB___WIN32__RB__ && !DEFINED___LB__TARGET_LINUX__RB__;DEFINED___LB__TARGET_NETBSD__RB__ && !DEFINED___LB__TARGET_OPENBSD__RB__ && !DEFINED___LB__TARGET_DARWIN__RB__ && !DEFINED___LB__TARGET_FREEBSD__RB__ && !DEFINED___LB__TARGET_DRAGONFLY__RB__ && !DEFINED___LB__TARGET_SOLARIS__RB__ && !DEFINED___LB___WIN32__RB__ && !DEFINED___LB__TARGET_LINUX__RB__ && 1;artifact;2483;2490
src/openvpn/route.c;1;DEFINED___LB__TARGET_AIX__RB__ && !DEFINED___LB__TARGET_NETBSD__RB__ && !DEFINED___LB__TARGET_OPENBSD__RB__ && !DEFINED___LB__TARGET_DARWIN__RB__ && !DEFINED___LB__TARGET_FREEBSD__RB__ && !DEFINED___LB__TARGET_DRAGONFLY__RB__ && !DEFINED___LB__TARGET_SOLARIS__RB__ && !DEFINED___LB___WIN32__RB__ && !DEFINED___LB__TARGET_LINUX__RB__;DEFINED___LB__TARGET_AIX__RB__ && !DEFINED___LB__TARGET_NETBSD__RB__ && !DEFINED___LB__TARGET_OPENBSD__RB__ && !DEFINED___LB__TARGET_DARWIN__RB__ && !DEFINED___LB__TARGET_FREEBSD__RB__ && !DEFINED___LB__TARGET_DRAGONFLY__RB__ && !DEFINED___LB__TARGET_SOLARIS__RB__ && !DEFINED___LB___WIN32__RB__ && !DEFINED___LB__TARGET_LINUX__RB__ && 1;elif;2491;2491
src/openvpn/route.c;1;DEFINED___LB__TARGET_AIX__RB__ && !DEFINED___LB__TARGET_NETBSD__RB__ && !DEFINED___LB__TARGET_OPENBSD__RB__ && !DEFINED___LB__TARGET_DARWIN__RB__ && !DEFINED___LB__TARGET_FREEBSD__RB__ && !DEFINED___LB__TARGET_DRAGONFLY__RB__ && !DEFINED___LB__TARGET_SOLARIS__RB__ && !DEFINED___LB___WIN32__RB__ && !DEFINED___LB__TARGET_LINUX__RB__;DEFINED___LB__TARGET_AIX__RB__ && !DEFINED___LB__TARGET_NETBSD__RB__ && !DEFINED___LB__TARGET_OPENBSD__RB__ && !DEFINED___LB__TARGET_DARWIN__RB__ && !DEFINED___LB__TARGET_FREEBSD__RB__ && !DEFINED___LB__TARGET_DRAGONFLY__RB__ && !DEFINED___LB__TARGET_SOLARIS__RB__ && !DEFINED___LB___WIN32__RB__ && !DEFINED___LB__TARGET_LINUX__RB__ && 1;artifact;2492;2497
src/openvpn/route.c;1;DEFINED___LB__TARGET_ANDROID__RB__ && !DEFINED___LB__TARGET_AIX__RB__ && !DEFINED___LB__TARGET_NETBSD__RB__ && !DEFINED___LB__TARGET_OPENBSD__RB__ && !DEFINED___LB__TARGET_DARWIN__RB__ && !DEFINED___LB__TARGET_FREEBSD__RB__ && !DEFINED___LB__TARGET_DRAGONFLY__RB__ && !DEFINED___LB__TARGET_SOLARIS__RB__ && !DEFINED___LB___WIN32__RB__ && !DEFINED___LB__TARGET_LINUX__RB__;DEFINED___LB__TARGET_ANDROID__RB__ && !DEFINED___LB__TARGET_AIX__RB__ && !DEFINED___LB__TARGET_NETBSD__RB__ && !DEFINED___LB__TARGET_OPENBSD__RB__ && !DEFINED___LB__TARGET_DARWIN__RB__ && !DEFINED___LB__TARGET_FREEBSD__RB__ && !DEFINED___LB__TARGET_DRAGONFLY__RB__ && !DEFINED___LB__TARGET_SOLARIS__RB__ && !DEFINED___LB___WIN32__RB__ && !DEFINED___LB__TARGET_LINUX__RB__ && 1;elif;2498;2498
src/openvpn/route.c;1;DEFINED___LB__TARGET_ANDROID__RB__ && !DEFINED___LB__TARGET_AIX__RB__ && !DEFINED___LB__TARGET_NETBSD__RB__ && !DEFINED___LB__TARGET_OPENBSD__RB__ && !DEFINED___LB__TARGET_DARWIN__RB__ && !DEFINED___LB__TARGET_FREEBSD__RB__ && !DEFINED___LB__TARGET_DRAGONFLY__RB__ && !DEFINED___LB__TARGET_SOLARIS__RB__ && !DEFINED___LB___WIN32__RB__ && !DEFINED___LB__TARGET_LINUX__RB__;DEFINED___LB__TARGET_ANDROID__RB__ && !DEFINED___LB__TARGET_AIX__RB__ && !DEFINED___LB__TARGET_NETBSD__RB__ && !DEFINED___LB__TARGET_OPENBSD__RB__ && !DEFINED___LB__TARGET_DARWIN__RB__ && !DEFINED___LB__TARGET_FREEBSD__RB__ && !DEFINED___LB__TARGET_DRAGONFLY__RB__ && !DEFINED___LB__TARGET_SOLARIS__RB__ && !DEFINED___LB___WIN32__RB__ && !DEFINED___LB__TARGET_LINUX__RB__ && 1;artifact;2499;2501
src/openvpn/route.c;1;!DEFINED___LB__TARGET_ANDROID__RB__ && !DEFINED___LB__TARGET_AIX__RB__ && !DEFINED___LB__TARGET_NETBSD__RB__ && !DEFINED___LB__TARGET_OPENBSD__RB__ && !DEFINED___LB__TARGET_DARWIN__RB__ && !DEFINED___LB__TARGET_FREEBSD__RB__ && !DEFINED___LB__TARGET_DRAGONFLY__RB__ && !DEFINED___LB__TARGET_SOLARIS__RB__ && !DEFINED___LB___WIN32__RB__ && !DEFINED___LB__TARGET_LINUX__RB__;!DEFINED___LB__TARGET_ANDROID__RB__ && !DEFINED___LB__TARGET_AIX__RB__ && !DEFINED___LB__TARGET_NETBSD__RB__ && !DEFINED___LB__TARGET_OPENBSD__RB__ && !DEFINED___LB__TARGET_DARWIN__RB__ && !DEFINED___LB__TARGET_FREEBSD__RB__ && !DEFINED___LB__TARGET_DRAGONFLY__RB__ && !DEFINED___LB__TARGET_SOLARIS__RB__ && !DEFINED___LB___WIN32__RB__ && !DEFINED___LB__TARGET_LINUX__RB__ && 1;else;2502;2502
src/openvpn/route.c;1;!DEFINED___LB__TARGET_ANDROID__RB__ && !DEFINED___LB__TARGET_AIX__RB__ && !DEFINED___LB__TARGET_NETBSD__RB__ && !DEFINED___LB__TARGET_OPENBSD__RB__ && !DEFINED___LB__TARGET_DARWIN__RB__ && !DEFINED___LB__TARGET_FREEBSD__RB__ && !DEFINED___LB__TARGET_DRAGONFLY__RB__ && !DEFINED___LB__TARGET_SOLARIS__RB__ && !DEFINED___LB___WIN32__RB__ && !DEFINED___LB__TARGET_LINUX__RB__;!DEFINED___LB__TARGET_ANDROID__RB__ && !DEFINED___LB__TARGET_AIX__RB__ && !DEFINED___LB__TARGET_NETBSD__RB__ && !DEFINED___LB__TARGET_OPENBSD__RB__ && !DEFINED___LB__TARGET_DARWIN__RB__ && !DEFINED___LB__TARGET_FREEBSD__RB__ && !DEFINED___LB__TARGET_DRAGONFLY__RB__ && !DEFINED___LB__TARGET_SOLARIS__RB__ && !DEFINED___LB___WIN32__RB__ && !DEFINED___LB__TARGET_LINUX__RB__ && 1;artifact;2503;2503
src/openvpn/route.c;1;!DEFINED___LB__TARGET_ANDROID__RB__ && !DEFINED___LB__TARGET_AIX__RB__ && !DEFINED___LB__TARGET_NETBSD__RB__ && !DEFINED___LB__TARGET_OPENBSD__RB__ && !DEFINED___LB__TARGET_DARWIN__RB__ && !DEFINED___LB__TARGET_FREEBSD__RB__ && !DEFINED___LB__TARGET_DRAGONFLY__RB__ && !DEFINED___LB__TARGET_SOLARIS__RB__ && !DEFINED___LB___WIN32__RB__ && !DEFINED___LB__TARGET_LINUX__RB__;!DEFINED___LB__TARGET_ANDROID__RB__ && !DEFINED___LB__TARGET_AIX__RB__ && !DEFINED___LB__TARGET_NETBSD__RB__ && !DEFINED___LB__TARGET_OPENBSD__RB__ && !DEFINED___LB__TARGET_DARWIN__RB__ && !DEFINED___LB__TARGET_FREEBSD__RB__ && !DEFINED___LB__TARGET_DRAGONFLY__RB__ && !DEFINED___LB__TARGET_SOLARIS__RB__ && !DEFINED___LB___WIN32__RB__ && !DEFINED___LB__TARGET_LINUX__RB__ && 1;endif;2504;2504
src/openvpn/route.c;1;1;1;artifact;2505;2516
src/openvpn/route.c;1;DEFINED___LB___WIN32__RB__;1 && DEFINED___LB___WIN32__RB__;if;2517;2517
src/openvpn/route.c;1;DEFINED___LB___WIN32__RB__;1 && DEFINED___LB___WIN32__RB__;artifact;2518;3219
src/openvpn/route.c;1;DEFINED___LB__TARGET_ANDROID__RB__ && !DEFINED___LB___WIN32__RB__;DEFINED___LB__TARGET_ANDROID__RB__ && !DEFINED___LB___WIN32__RB__ && 1;elif;3220;3220
src/openvpn/route.c;1;DEFINED___LB__TARGET_ANDROID__RB__ && !DEFINED___LB___WIN32__RB__;DEFINED___LB__TARGET_ANDROID__RB__ && !DEFINED___LB___WIN32__RB__ && 1;artifact;3221;3260
src/openvpn/route.c;1;DEFINED___LB__TARGET_LINUX__RB__ && !DEFINED___LB__TARGET_ANDROID__RB__ && !DEFINED___LB___WIN32__RB__;DEFINED___LB__TARGET_LINUX__RB__ && !DEFINED___LB__TARGET_ANDROID__RB__ && !DEFINED___LB___WIN32__RB__ && 1;elif;3261;3261
src/openvpn/route.c;1;DEFINED___LB__TARGET_LINUX__RB__ && !DEFINED___LB__TARGET_ANDROID__RB__ && !DEFINED___LB___WIN32__RB__;DEFINED___LB__TARGET_LINUX__RB__ && !DEFINED___LB__TARGET_ANDROID__RB__ && !DEFINED___LB___WIN32__RB__ && 1;artifact;3262;3334
src/openvpn/route.c;1;0;DEFINED___LB__TARGET_LINUX__RB__ && !DEFINED___LB__TARGET_ANDROID__RB__ && !DEFINED___LB___WIN32__RB__ && 1 && 0;if;3335;3335
src/openvpn/route.c;1;0;DEFINED___LB__TARGET_LINUX__RB__ && !DEFINED___LB__TARGET_ANDROID__RB__ && !DEFINED___LB___WIN32__RB__ && 1 && 0;artifact;3336;3344
src/openvpn/route.c;1;0;DEFINED___LB__TARGET_LINUX__RB__ && !DEFINED___LB__TARGET_ANDROID__RB__ && !DEFINED___LB___WIN32__RB__ && 1 && 0;endif;3345;3345
src/openvpn/route.c;1;DEFINED___LB__TARGET_LINUX__RB__ && !DEFINED___LB__TARGET_ANDROID__RB__ && !DEFINED___LB___WIN32__RB__;DEFINED___LB__TARGET_LINUX__RB__ && !DEFINED___LB__TARGET_ANDROID__RB__ && !DEFINED___LB___WIN32__RB__ && 1;artifact;3346;3438
src/openvpn/route.c;1;(DEFINED___LB__TARGET_DARWIN__RB__ || DEFINED___LB__TARGET_SOLARIS__RB__ || DEFINED___LB__TARGET_FREEBSD__RB__ || DEFINED___LB__TARGET_DRAGONFLY__RB__ || DEFINED___LB__TARGET_OPENBSD__RB__ || DEFINED___LB__TARGET_NETBSD__RB__) && !DEFINED___LB__TARGET_LINUX__RB__ && !DEFINED___LB__TARGET_ANDROID__RB__ && !DEFINED___LB___WIN32__RB__;(DEFINED___LB__TARGET_DARWIN__RB__ || DEFINED___LB__TARGET_SOLARIS__RB__ || DEFINED___LB__TARGET_FREEBSD__RB__ || DEFINED___LB__TARGET_DRAGONFLY__RB__ || DEFINED___LB__TARGET_OPENBSD__RB__ || DEFINED___LB__TARGET_NETBSD__RB__) && !DEFINED___LB__TARGET_LINUX__RB__ && !DEFINED___LB__TARGET_ANDROID__RB__ && !DEFINED___LB___WIN32__RB__ && 1;elif;3439;3441
src/openvpn/route.c;1;(DEFINED___LB__TARGET_DARWIN__RB__ || DEFINED___LB__TARGET_SOLARIS__RB__ || DEFINED___LB__TARGET_FREEBSD__RB__ || DEFINED___LB__TARGET_DRAGONFLY__RB__ || DEFINED___LB__TARGET_OPENBSD__RB__ || DEFINED___LB__TARGET_NETBSD__RB__) && !DEFINED___LB__TARGET_LINUX__RB__ && !DEFINED___LB__TARGET_ANDROID__RB__ && !DEFINED___LB___WIN32__RB__;(DEFINED___LB__TARGET_DARWIN__RB__ || DEFINED___LB__TARGET_SOLARIS__RB__ || DEFINED___LB__TARGET_FREEBSD__RB__ || DEFINED___LB__TARGET_DRAGONFLY__RB__ || DEFINED___LB__TARGET_OPENBSD__RB__ || DEFINED___LB__TARGET_NETBSD__RB__) && !DEFINED___LB__TARGET_LINUX__RB__ && !DEFINED___LB__TARGET_ANDROID__RB__ && !DEFINED___LB___WIN32__RB__ && 1;artifact;3442;3447
src/openvpn/route.c;1;!DEFINED___LB__TARGET_SOLARIS__RB__;(DEFINED___LB__TARGET_DARWIN__RB__ || DEFINED___LB__TARGET_SOLARIS__RB__ || DEFINED___LB__TARGET_FREEBSD__RB__ || DEFINED___LB__TARGET_DRAGONFLY__RB__ || DEFINED___LB__TARGET_OPENBSD__RB__ || DEFINED___LB__TARGET_NETBSD__RB__) && !DEFINED___LB__TARGET_LINUX__RB__ && !DEFINED___LB__TARGET_ANDROID__RB__ && !DEFINED___LB___WIN32__RB__ && 1 && !DEFINED___LB__TARGET_SOLARIS__RB__;if;3448;3448
src/openvpn/route.c;1;!DEFINED___LB__TARGET_SOLARIS__RB__;(DEFINED___LB__TARGET_DARWIN__RB__ || DEFINED___LB__TARGET_SOLARIS__RB__ || DEFINED___LB__TARGET_FREEBSD__RB__ || DEFINED___LB__TARGET_DRAGONFLY__RB__ || DEFINED___LB__TARGET_OPENBSD__RB__ || DEFINED___LB__TARGET_NETBSD__RB__) && !DEFINED___LB__TARGET_LINUX__RB__ && !DEFINED___LB__TARGET_ANDROID__RB__ && !DEFINED___LB___WIN32__RB__ && 1 && !DEFINED___LB__TARGET_SOLARIS__RB__;artifact;3449;3449
src/openvpn/route.c;1;!DEFINED___LB__TARGET_SOLARIS__RB__;(DEFINED___LB__TARGET_DARWIN__RB__ || DEFINED___LB__TARGET_SOLARIS__RB__ || DEFINED___LB__TARGET_FREEBSD__RB__ || DEFINED___LB__TARGET_DRAGONFLY__RB__ || DEFINED___LB__TARGET_OPENBSD__RB__ || DEFINED___LB__TARGET_NETBSD__RB__) && !DEFINED___LB__TARGET_LINUX__RB__ && !DEFINED___LB__TARGET_ANDROID__RB__ && !DEFINED___LB___WIN32__RB__ && 1 && !DEFINED___LB__TARGET_SOLARIS__RB__;endif;3450;3450
src/openvpn/route.c;1;(DEFINED___LB__TARGET_DARWIN__RB__ || DEFINED___LB__TARGET_SOLARIS__RB__ || DEFINED___LB__TARGET_FREEBSD__RB__ || DEFINED___LB__TARGET_DRAGONFLY__RB__ || DEFINED___LB__TARGET_OPENBSD__RB__ || DEFINED___LB__TARGET_NETBSD__RB__) && !DEFINED___LB__TARGET_LINUX__RB__ && !DEFINED___LB__TARGET_ANDROID__RB__ && !DEFINED___LB___WIN32__RB__;(DEFINED___LB__TARGET_DARWIN__RB__ || DEFINED___LB__TARGET_SOLARIS__RB__ || DEFINED___LB__TARGET_FREEBSD__RB__ || DEFINED___LB__TARGET_DRAGONFLY__RB__ || DEFINED___LB__TARGET_OPENBSD__RB__ || DEFINED___LB__TARGET_NETBSD__RB__) && !DEFINED___LB__TARGET_LINUX__RB__ && !DEFINED___LB__TARGET_ANDROID__RB__ && !DEFINED___LB___WIN32__RB__ && 1;artifact;3451;3472
src/openvpn/route.c;1;DEFINED___LB__TARGET_DARWIN__RB__;!DEFINED___LB__TARGET_LINUX__RB__ && !DEFINED___LB__TARGET_ANDROID__RB__ && !DEFINED___LB___WIN32__RB__ && 1 && DEFINED___LB__TARGET_DARWIN__RB__;if;3473;3473
src/openvpn/route.c;1;DEFINED___LB__TARGET_DARWIN__RB__;!DEFINED___LB__TARGET_LINUX__RB__ && !DEFINED___LB__TARGET_ANDROID__RB__ && !DEFINED___LB___WIN32__RB__ && 1 && DEFINED___LB__TARGET_DARWIN__RB__;artifact;3474;3475
src/openvpn/route.c;1;DEFINED___LB__TARGET_NETBSD__RB__ && !DEFINED___LB__TARGET_DARWIN__RB__;DEFINED___LB__TARGET_NETBSD__RB__ && !DEFINED___LB__TARGET_DARWIN__RB__ && !DEFINED___LB__TARGET_LINUX__RB__ && !DEFINED___LB__TARGET_ANDROID__RB__ && !DEFINED___LB___WIN32__RB__ && 1;elif;3476;3476
src/openvpn/route.c;1;DEFINED___LB__TARGET_NETBSD__RB__ && !DEFINED___LB__TARGET_DARWIN__RB__;DEFINED___LB__TARGET_NETBSD__RB__ && !DEFINED___LB__TARGET_DARWIN__RB__ && !DEFINED___LB__TARGET_LINUX__RB__ && !DEFINED___LB__TARGET_ANDROID__RB__ && !DEFINED___LB___WIN32__RB__ && 1;artifact;3477;3477
src/openvpn/route.c;1;!DEFINED___LB__TARGET_NETBSD__RB__ && !DEFINED___LB__TARGET_DARWIN__RB__;!DEFINED___LB__TARGET_NETBSD__RB__ && !DEFINED___LB__TARGET_DARWIN__RB__ && (DEFINED___LB__TARGET_DARWIN__RB__ || DEFINED___LB__TARGET_SOLARIS__RB__ || DEFINED___LB__TARGET_FREEBSD__RB__ || DEFINED___LB__TARGET_DRAGONFLY__RB__ || DEFINED___LB__TARGET_OPENBSD__RB__ || DEFINED___LB__TARGET_NETBSD__RB__) && !DEFINED___LB__TARGET_LINUX__RB__ && !DEFINED___LB__TARGET_ANDROID__RB__ && !DEFINED___LB___WIN32__RB__ && 1;else;3478;3478
src/openvpn/route.c;1;!DEFINED___LB__TARGET_NETBSD__RB__ && !DEFINED___LB__TARGET_DARWIN__RB__;!DEFINED___LB__TARGET_NETBSD__RB__ && !DEFINED___LB__TARGET_DARWIN__RB__ && (DEFINED___LB__TARGET_DARWIN__RB__ || DEFINED___LB__TARGET_SOLARIS__RB__ || DEFINED___LB__TARGET_FREEBSD__RB__ || DEFINED___LB__TARGET_DRAGONFLY__RB__ || DEFINED___LB__TARGET_OPENBSD__RB__ || DEFINED___LB__TARGET_NETBSD__RB__) && !DEFINED___LB__TARGET_LINUX__RB__ && !DEFINED___LB__TARGET_ANDROID__RB__ && !DEFINED___LB___WIN32__RB__ && 1;artifact;3479;3480
src/openvpn/route.c;1;!DEFINED___LB__TARGET_NETBSD__RB__ && !DEFINED___LB__TARGET_DARWIN__RB__;!DEFINED___LB__TARGET_NETBSD__RB__ && !DEFINED___LB__TARGET_DARWIN__RB__ && (DEFINED___LB__TARGET_DARWIN__RB__ || DEFINED___LB__TARGET_SOLARIS__RB__ || DEFINED___LB__TARGET_FREEBSD__RB__ || DEFINED___LB__TARGET_DRAGONFLY__RB__ || DEFINED___LB__TARGET_OPENBSD__RB__ || DEFINED___LB__TARGET_NETBSD__RB__) && !DEFINED___LB__TARGET_LINUX__RB__ && !DEFINED___LB__TARGET_ANDROID__RB__ && !DEFINED___LB___WIN32__RB__ && 1;endif;3481;3481
src/openvpn/route.c;1;(DEFINED___LB__TARGET_DARWIN__RB__ || DEFINED___LB__TARGET_SOLARIS__RB__ || DEFINED___LB__TARGET_FREEBSD__RB__ || DEFINED___LB__TARGET_DRAGONFLY__RB__ || DEFINED___LB__TARGET_OPENBSD__RB__ || DEFINED___LB__TARGET_NETBSD__RB__) && !DEFINED___LB__TARGET_LINUX__RB__ && !DEFINED___LB__TARGET_ANDROID__RB__ && !DEFINED___LB___WIN32__RB__;(DEFINED___LB__TARGET_DARWIN__RB__ || DEFINED___LB__TARGET_SOLARIS__RB__ || DEFINED___LB__TARGET_FREEBSD__RB__ || DEFINED___LB__TARGET_DRAGONFLY__RB__ || DEFINED___LB__TARGET_OPENBSD__RB__ || DEFINED___LB__TARGET_NETBSD__RB__) && !DEFINED___LB__TARGET_LINUX__RB__ && !DEFINED___LB__TARGET_ANDROID__RB__ && !DEFINED___LB___WIN32__RB__ && 1;artifact;3482;3482
src/openvpn/route.c;1;DEFINED___LB__TARGET_SOLARIS__RB__;!DEFINED___LB__TARGET_LINUX__RB__ && !DEFINED___LB__TARGET_ANDROID__RB__ && !DEFINED___LB___WIN32__RB__ && 1 && DEFINED___LB__TARGET_SOLARIS__RB__;if;3483;3483
src/openvpn/route.c;1;DEFINED___LB__TARGET_SOLARIS__RB__;!DEFINED___LB__TARGET_LINUX__RB__ && !DEFINED___LB__TARGET_ANDROID__RB__ && !DEFINED___LB___WIN32__RB__ && 1 && DEFINED___LB__TARGET_SOLARIS__RB__;artifact;3484;3489
src/openvpn/route.c;1;!DEFINED___LB__TARGET_SOLARIS__RB__;!DEFINED___LB__TARGET_SOLARIS__RB__ && (DEFINED___LB__TARGET_DARWIN__RB__ || DEFINED___LB__TARGET_SOLARIS__RB__ || DEFINED___LB__TARGET_FREEBSD__RB__ || DEFINED___LB__TARGET_DRAGONFLY__RB__ || DEFINED___LB__TARGET_OPENBSD__RB__ || DEFINED___LB__TARGET_NETBSD__RB__) && !DEFINED___LB__TARGET_LINUX__RB__ && !DEFINED___LB__TARGET_ANDROID__RB__ && !DEFINED___LB___WIN32__RB__ && 1;else;3490;3490
src/openvpn/route.c;1;!DEFINED___LB__TARGET_SOLARIS__RB__;!DEFINED___LB__TARGET_SOLARIS__RB__ && (DEFINED___LB__TARGET_DARWIN__RB__ || DEFINED___LB__TARGET_SOLARIS__RB__ || DEFINED___LB__TARGET_FREEBSD__RB__ || DEFINED___LB__TARGET_DRAGONFLY__RB__ || DEFINED___LB__TARGET_OPENBSD__RB__ || DEFINED___LB__TARGET_NETBSD__RB__) && !DEFINED___LB__TARGET_LINUX__RB__ && !DEFINED___LB__TARGET_ANDROID__RB__ && !DEFINED___LB___WIN32__RB__ && 1;artifact;3491;3496
src/openvpn/route.c;1;!DEFINED___LB__TARGET_SOLARIS__RB__;!DEFINED___LB__TARGET_SOLARIS__RB__ && (DEFINED___LB__TARGET_DARWIN__RB__ || DEFINED___LB__TARGET_SOLARIS__RB__ || DEFINED___LB__TARGET_FREEBSD__RB__ || DEFINED___LB__TARGET_DRAGONFLY__RB__ || DEFINED___LB__TARGET_OPENBSD__RB__ || DEFINED___LB__TARGET_NETBSD__RB__) && !DEFINED___LB__TARGET_LINUX__RB__ && !DEFINED___LB__TARGET_ANDROID__RB__ && !DEFINED___LB___WIN32__RB__ && 1;endif;3497;3497
src/openvpn/route.c;1;(DEFINED___LB__TARGET_DARWIN__RB__ || DEFINED___LB__TARGET_SOLARIS__RB__ || DEFINED___LB__TARGET_FREEBSD__RB__ || DEFINED___LB__TARGET_DRAGONFLY__RB__ || DEFINED___LB__TARGET_OPENBSD__RB__ || DEFINED___LB__TARGET_NETBSD__RB__) && !DEFINED___LB__TARGET_LINUX__RB__ && !DEFINED___LB__TARGET_ANDROID__RB__ && !DEFINED___LB___WIN32__RB__;(DEFINED___LB__TARGET_DARWIN__RB__ || DEFINED___LB__TARGET_SOLARIS__RB__ || DEFINED___LB__TARGET_FREEBSD__RB__ || DEFINED___LB__TARGET_DRAGONFLY__RB__ || DEFINED___LB__TARGET_OPENBSD__RB__ || DEFINED___LB__TARGET_NETBSD__RB__) && !DEFINED___LB__TARGET_LINUX__RB__ && !DEFINED___LB__TARGET_ANDROID__RB__ && !DEFINED___LB___WIN32__RB__ && 1;artifact;3498;3520
src/openvpn/route.c;1;TARGET_OPENBSD;(DEFINED___LB__TARGET_DARWIN__RB__ || DEFINED___LB__TARGET_SOLARIS__RB__ || DEFINED___LB__TARGET_FREEBSD__RB__ || DEFINED___LB__TARGET_DRAGONFLY__RB__ || DEFINED___LB__TARGET_OPENBSD__RB__ || DEFINED___LB__TARGET_NETBSD__RB__) && !DEFINED___LB__TARGET_LINUX__RB__ && !DEFINED___LB__TARGET_ANDROID__RB__ && !DEFINED___LB___WIN32__RB__ && 1 && TARGET_OPENBSD;if;3521;3521
src/openvpn/route.c;1;TARGET_OPENBSD;(DEFINED___LB__TARGET_DARWIN__RB__ || DEFINED___LB__TARGET_SOLARIS__RB__ || DEFINED___LB__TARGET_FREEBSD__RB__ || DEFINED___LB__TARGET_DRAGONFLY__RB__ || DEFINED___LB__TARGET_OPENBSD__RB__ || DEFINED___LB__TARGET_NETBSD__RB__) && !DEFINED___LB__TARGET_LINUX__RB__ && !DEFINED___LB__TARGET_ANDROID__RB__ && !DEFINED___LB___WIN32__RB__ && 1 && TARGET_OPENBSD;artifact;3522;3522
src/openvpn/route.c;1;!TARGET_OPENBSD;!TARGET_OPENBSD && (DEFINED___LB__TARGET_DARWIN__RB__ || DEFINED___LB__TARGET_SOLARIS__RB__ || DEFINED___LB__TARGET_FREEBSD__RB__ || DEFINED___LB__TARGET_DRAGONFLY__RB__ || DEFINED___LB__TARGET_OPENBSD__RB__ || DEFINED___LB__TARGET_NETBSD__RB__) && !DEFINED___LB__TARGET_LINUX__RB__ && !DEFINED___LB__TARGET_ANDROID__RB__ && !DEFINED___LB___WIN32__RB__ && 1;else;3523;3523
src/openvpn/route.c;1;!TARGET_OPENBSD;!TARGET_OPENBSD && (DEFINED___LB__TARGET_DARWIN__RB__ || DEFINED___LB__TARGET_SOLARIS__RB__ || DEFINED___LB__TARGET_FREEBSD__RB__ || DEFINED___LB__TARGET_DRAGONFLY__RB__ || DEFINED___LB__TARGET_OPENBSD__RB__ || DEFINED___LB__TARGET_NETBSD__RB__) && !DEFINED___LB__TARGET_LINUX__RB__ && !DEFINED___LB__TARGET_ANDROID__RB__ && !DEFINED___LB___WIN32__RB__ && 1;artifact;3524;3524
src/openvpn/route.c;1;!TARGET_OPENBSD;!TARGET_OPENBSD && (DEFINED___LB__TARGET_DARWIN__RB__ || DEFINED___LB__TARGET_SOLARIS__RB__ || DEFINED___LB__TARGET_FREEBSD__RB__ || DEFINED___LB__TARGET_DRAGONFLY__RB__ || DEFINED___LB__TARGET_OPENBSD__RB__ || DEFINED___LB__TARGET_NETBSD__RB__) && !DEFINED___LB__TARGET_LINUX__RB__ && !DEFINED___LB__TARGET_ANDROID__RB__ && !DEFINED___LB___WIN32__RB__ && 1;endif;3525;3525
src/openvpn/route.c;1;(DEFINED___LB__TARGET_DARWIN__RB__ || DEFINED___LB__TARGET_SOLARIS__RB__ || DEFINED___LB__TARGET_FREEBSD__RB__ || DEFINED___LB__TARGET_DRAGONFLY__RB__ || DEFINED___LB__TARGET_OPENBSD__RB__ || DEFINED___LB__TARGET_NETBSD__RB__) && !DEFINED___LB__TARGET_LINUX__RB__ && !DEFINED___LB__TARGET_ANDROID__RB__ && !DEFINED___LB___WIN32__RB__;(DEFINED___LB__TARGET_DARWIN__RB__ || DEFINED___LB__TARGET_SOLARIS__RB__ || DEFINED___LB__TARGET_FREEBSD__RB__ || DEFINED___LB__TARGET_DRAGONFLY__RB__ || DEFINED___LB__TARGET_OPENBSD__RB__ || DEFINED___LB__TARGET_NETBSD__RB__) && !DEFINED___LB__TARGET_LINUX__RB__ && !DEFINED___LB__TARGET_ANDROID__RB__ && !DEFINED___LB___WIN32__RB__ && 1;artifact;3526;3535
src/openvpn/route.c;1;TARGET_OPENBSD;(DEFINED___LB__TARGET_DARWIN__RB__ || DEFINED___LB__TARGET_SOLARIS__RB__ || DEFINED___LB__TARGET_FREEBSD__RB__ || DEFINED___LB__TARGET_DRAGONFLY__RB__ || DEFINED___LB__TARGET_OPENBSD__RB__ || DEFINED___LB__TARGET_NETBSD__RB__) && !DEFINED___LB__TARGET_LINUX__RB__ && !DEFINED___LB__TARGET_ANDROID__RB__ && !DEFINED___LB___WIN32__RB__ && 1 && TARGET_OPENBSD;if;3536;3536
src/openvpn/route.c;1;TARGET_OPENBSD;(DEFINED___LB__TARGET_DARWIN__RB__ || DEFINED___LB__TARGET_SOLARIS__RB__ || DEFINED___LB__TARGET_FREEBSD__RB__ || DEFINED___LB__TARGET_DRAGONFLY__RB__ || DEFINED___LB__TARGET_OPENBSD__RB__ || DEFINED___LB__TARGET_NETBSD__RB__) && !DEFINED___LB__TARGET_LINUX__RB__ && !DEFINED___LB__TARGET_ANDROID__RB__ && !DEFINED___LB___WIN32__RB__ && 1 && TARGET_OPENBSD;artifact;3537;3537
src/openvpn/route.c;1;TARGET_OPENBSD;(DEFINED___LB__TARGET_DARWIN__RB__ || DEFINED___LB__TARGET_SOLARIS__RB__ || DEFINED___LB__TARGET_FREEBSD__RB__ || DEFINED___LB__TARGET_DRAGONFLY__RB__ || DEFINED___LB__TARGET_OPENBSD__RB__ || DEFINED___LB__TARGET_NETBSD__RB__) && !DEFINED___LB__TARGET_LINUX__RB__ && !DEFINED___LB__TARGET_ANDROID__RB__ && !DEFINED___LB___WIN32__RB__ && 1 && TARGET_OPENBSD;endif;3538;3538
src/openvpn/route.c;1;(DEFINED___LB__TARGET_DARWIN__RB__ || DEFINED___LB__TARGET_SOLARIS__RB__ || DEFINED___LB__TARGET_FREEBSD__RB__ || DEFINED___LB__TARGET_DRAGONFLY__RB__ || DEFINED___LB__TARGET_OPENBSD__RB__ || DEFINED___LB__TARGET_NETBSD__RB__) && !DEFINED___LB__TARGET_LINUX__RB__ && !DEFINED___LB__TARGET_ANDROID__RB__ && !DEFINED___LB___WIN32__RB__;(DEFINED___LB__TARGET_DARWIN__RB__ || DEFINED___LB__TARGET_SOLARIS__RB__ || DEFINED___LB__TARGET_FREEBSD__RB__ || DEFINED___LB__TARGET_DRAGONFLY__RB__ || DEFINED___LB__TARGET_OPENBSD__RB__ || DEFINED___LB__TARGET_NETBSD__RB__) && !DEFINED___LB__TARGET_LINUX__RB__ && !DEFINED___LB__TARGET_ANDROID__RB__ && !DEFINED___LB___WIN32__RB__ && 1;artifact;3539;3543
src/openvpn/route.c;1;!TARGET_SOLARIS;(DEFINED___LB__TARGET_DARWIN__RB__ || DEFINED___LB__TARGET_SOLARIS__RB__ || DEFINED___LB__TARGET_FREEBSD__RB__ || DEFINED___LB__TARGET_DRAGONFLY__RB__ || DEFINED___LB__TARGET_OPENBSD__RB__ || DEFINED___LB__TARGET_NETBSD__RB__) && !DEFINED___LB__TARGET_LINUX__RB__ && !DEFINED___LB__TARGET_ANDROID__RB__ && !DEFINED___LB___WIN32__RB__ && 1 && !TARGET_SOLARIS;if;3544;3544
src/openvpn/route.c;1;!TARGET_SOLARIS;(DEFINED___LB__TARGET_DARWIN__RB__ || DEFINED___LB__TARGET_SOLARIS__RB__ || DEFINED___LB__TARGET_FREEBSD__RB__ || DEFINED___LB__TARGET_DRAGONFLY__RB__ || DEFINED___LB__TARGET_OPENBSD__RB__ || DEFINED___LB__TARGET_NETBSD__RB__) && !DEFINED___LB__TARGET_LINUX__RB__ && !DEFINED___LB__TARGET_ANDROID__RB__ && !DEFINED___LB___WIN32__RB__ && 1 && !TARGET_SOLARIS;artifact;3545;3546
src/openvpn/route.c;1;!TARGET_SOLARIS;(DEFINED___LB__TARGET_DARWIN__RB__ || DEFINED___LB__TARGET_SOLARIS__RB__ || DEFINED___LB__TARGET_FREEBSD__RB__ || DEFINED___LB__TARGET_DRAGONFLY__RB__ || DEFINED___LB__TARGET_OPENBSD__RB__ || DEFINED___LB__TARGET_NETBSD__RB__) && !DEFINED___LB__TARGET_LINUX__RB__ && !DEFINED___LB__TARGET_ANDROID__RB__ && !DEFINED___LB___WIN32__RB__ && 1 && !TARGET_SOLARIS;endif;3547;3547
src/openvpn/route.c;1;(DEFINED___LB__TARGET_DARWIN__RB__ || DEFINED___LB__TARGET_SOLARIS__RB__ || DEFINED___LB__TARGET_FREEBSD__RB__ || DEFINED___LB__TARGET_DRAGONFLY__RB__ || DEFINED___LB__TARGET_OPENBSD__RB__ || DEFINED___LB__TARGET_NETBSD__RB__) && !DEFINED___LB__TARGET_LINUX__RB__ && !DEFINED___LB__TARGET_ANDROID__RB__ && !DEFINED___LB___WIN32__RB__;(DEFINED___LB__TARGET_DARWIN__RB__ || DEFINED___LB__TARGET_SOLARIS__RB__ || DEFINED___LB__TARGET_FREEBSD__RB__ || DEFINED___LB__TARGET_DRAGONFLY__RB__ || DEFINED___LB__TARGET_OPENBSD__RB__ || DEFINED___LB__TARGET_NETBSD__RB__) && !DEFINED___LB__TARGET_LINUX__RB__ && !DEFINED___LB__TARGET_ANDROID__RB__ && !DEFINED___LB___WIN32__RB__ && 1;artifact;3548;3653
src/openvpn/route.c;1;DEFINED___LB__TARGET_SOLARIS__RB__;!DEFINED___LB__TARGET_LINUX__RB__ && !DEFINED___LB__TARGET_ANDROID__RB__ && !DEFINED___LB___WIN32__RB__ && 1 && DEFINED___LB__TARGET_SOLARIS__RB__;if;3654;3654
src/openvpn/route.c;1;DEFINED___LB__TARGET_SOLARIS__RB__;!DEFINED___LB__TARGET_LINUX__RB__ && !DEFINED___LB__TARGET_ANDROID__RB__ && !DEFINED___LB___WIN32__RB__ && 1 && DEFINED___LB__TARGET_SOLARIS__RB__;artifact;3655;3675
src/openvpn/route.c;1;!DEFINED___LB__TARGET_SOLARIS__RB__;!DEFINED___LB__TARGET_SOLARIS__RB__ && (DEFINED___LB__TARGET_DARWIN__RB__ || DEFINED___LB__TARGET_SOLARIS__RB__ || DEFINED___LB__TARGET_FREEBSD__RB__ || DEFINED___LB__TARGET_DRAGONFLY__RB__ || DEFINED___LB__TARGET_OPENBSD__RB__ || DEFINED___LB__TARGET_NETBSD__RB__) && !DEFINED___LB__TARGET_LINUX__RB__ && !DEFINED___LB__TARGET_ANDROID__RB__ && !DEFINED___LB___WIN32__RB__ && 1;else;3676;3676
src/openvpn/route.c;1;!DEFINED___LB__TARGET_SOLARIS__RB__;!DEFINED___LB__TARGET_SOLARIS__RB__ && (DEFINED___LB__TARGET_DARWIN__RB__ || DEFINED___LB__TARGET_SOLARIS__RB__ || DEFINED___LB__TARGET_FREEBSD__RB__ || DEFINED___LB__TARGET_DRAGONFLY__RB__ || DEFINED___LB__TARGET_OPENBSD__RB__ || DEFINED___LB__TARGET_NETBSD__RB__) && !DEFINED___LB__TARGET_LINUX__RB__ && !DEFINED___LB__TARGET_ANDROID__RB__ && !DEFINED___LB___WIN32__RB__ && 1;artifact;3677;3697
src/openvpn/route.c;1;!DEFINED___LB__TARGET_SOLARIS__RB__;!DEFINED___LB__TARGET_SOLARIS__RB__ && (DEFINED___LB__TARGET_DARWIN__RB__ || DEFINED___LB__TARGET_SOLARIS__RB__ || DEFINED___LB__TARGET_FREEBSD__RB__ || DEFINED___LB__TARGET_DRAGONFLY__RB__ || DEFINED___LB__TARGET_OPENBSD__RB__ || DEFINED___LB__TARGET_NETBSD__RB__) && !DEFINED___LB__TARGET_LINUX__RB__ && !DEFINED___LB__TARGET_ANDROID__RB__ && !DEFINED___LB___WIN32__RB__ && 1;endif;3698;3698
src/openvpn/route.c;1;(DEFINED___LB__TARGET_DARWIN__RB__ || DEFINED___LB__TARGET_SOLARIS__RB__ || DEFINED___LB__TARGET_FREEBSD__RB__ || DEFINED___LB__TARGET_DRAGONFLY__RB__ || DEFINED___LB__TARGET_OPENBSD__RB__ || DEFINED___LB__TARGET_NETBSD__RB__) && !DEFINED___LB__TARGET_LINUX__RB__ && !DEFINED___LB__TARGET_ANDROID__RB__ && !DEFINED___LB___WIN32__RB__;(DEFINED___LB__TARGET_DARWIN__RB__ || DEFINED___LB__TARGET_SOLARIS__RB__ || DEFINED___LB__TARGET_FREEBSD__RB__ || DEFINED___LB__TARGET_DRAGONFLY__RB__ || DEFINED___LB__TARGET_OPENBSD__RB__ || DEFINED___LB__TARGET_NETBSD__RB__) && !DEFINED___LB__TARGET_LINUX__RB__ && !DEFINED___LB__TARGET_ANDROID__RB__ && !DEFINED___LB___WIN32__RB__ && 1;artifact;3699;3715
src/openvpn/route.c;1;DEFINED___LB__TARGET_SOLARIS__RB__;!DEFINED___LB__TARGET_LINUX__RB__ && !DEFINED___LB__TARGET_ANDROID__RB__ && !DEFINED___LB___WIN32__RB__ && 1 && DEFINED___LB__TARGET_SOLARIS__RB__;if;3716;3716
src/openvpn/route.c;1;DEFINED___LB__TARGET_SOLARIS__RB__;!DEFINED___LB__TARGET_LINUX__RB__ && !DEFINED___LB__TARGET_ANDROID__RB__ && !DEFINED___LB___WIN32__RB__ && 1 && DEFINED___LB__TARGET_SOLARIS__RB__;artifact;3717;3718
src/openvpn/route.c;1;DEFINED___LB__TARGET_SOLARIS__RB__;!DEFINED___LB__TARGET_LINUX__RB__ && !DEFINED___LB__TARGET_ANDROID__RB__ && !DEFINED___LB___WIN32__RB__ && 1 && DEFINED___LB__TARGET_SOLARIS__RB__;endif;3719;3719
src/openvpn/route.c;1;(DEFINED___LB__TARGET_DARWIN__RB__ || DEFINED___LB__TARGET_SOLARIS__RB__ || DEFINED___LB__TARGET_FREEBSD__RB__ || DEFINED___LB__TARGET_DRAGONFLY__RB__ || DEFINED___LB__TARGET_OPENBSD__RB__ || DEFINED___LB__TARGET_NETBSD__RB__) && !DEFINED___LB__TARGET_LINUX__RB__ && !DEFINED___LB__TARGET_ANDROID__RB__ && !DEFINED___LB___WIN32__RB__;(DEFINED___LB__TARGET_DARWIN__RB__ || DEFINED___LB__TARGET_SOLARIS__RB__ || DEFINED___LB__TARGET_FREEBSD__RB__ || DEFINED___LB__TARGET_DRAGONFLY__RB__ || DEFINED___LB__TARGET_OPENBSD__RB__ || DEFINED___LB__TARGET_NETBSD__RB__) && !DEFINED___LB__TARGET_LINUX__RB__ && !DEFINED___LB__TARGET_ANDROID__RB__ && !DEFINED___LB___WIN32__RB__ && 1;artifact;3720;3739
src/openvpn/route.c;1;TARGET_OPENBSD;(DEFINED___LB__TARGET_DARWIN__RB__ || DEFINED___LB__TARGET_SOLARIS__RB__ || DEFINED___LB__TARGET_FREEBSD__RB__ || DEFINED___LB__TARGET_DRAGONFLY__RB__ || DEFINED___LB__TARGET_OPENBSD__RB__ || DEFINED___LB__TARGET_NETBSD__RB__) && !DEFINED___LB__TARGET_LINUX__RB__ && !DEFINED___LB__TARGET_ANDROID__RB__ && !DEFINED___LB___WIN32__RB__ && 1 && TARGET_OPENBSD;if;3740;3740
src/openvpn/route.c;1;TARGET_OPENBSD;(DEFINED___LB__TARGET_DARWIN__RB__ || DEFINED___LB__TARGET_SOLARIS__RB__ || DEFINED___LB__TARGET_FREEBSD__RB__ || DEFINED___LB__TARGET_DRAGONFLY__RB__ || DEFINED___LB__TARGET_OPENBSD__RB__ || DEFINED___LB__TARGET_NETBSD__RB__) && !DEFINED___LB__TARGET_LINUX__RB__ && !DEFINED___LB__TARGET_ANDROID__RB__ && !DEFINED___LB___WIN32__RB__ && 1 && TARGET_OPENBSD;artifact;3741;3741
src/openvpn/route.c;1;!TARGET_OPENBSD;!TARGET_OPENBSD && (DEFINED___LB__TARGET_DARWIN__RB__ || DEFINED___LB__TARGET_SOLARIS__RB__ || DEFINED___LB__TARGET_FREEBSD__RB__ || DEFINED___LB__TARGET_DRAGONFLY__RB__ || DEFINED___LB__TARGET_OPENBSD__RB__ || DEFINED___LB__TARGET_NETBSD__RB__) && !DEFINED___LB__TARGET_LINUX__RB__ && !DEFINED___LB__TARGET_ANDROID__RB__ && !DEFINED___LB___WIN32__RB__ && 1;else;3742;3742
src/openvpn/route.c;1;!TARGET_OPENBSD;!TARGET_OPENBSD && (DEFINED___LB__TARGET_DARWIN__RB__ || DEFINED___LB__TARGET_SOLARIS__RB__ || DEFINED___LB__TARGET_FREEBSD__RB__ || DEFINED___LB__TARGET_DRAGONFLY__RB__ || DEFINED___LB__TARGET_OPENBSD__RB__ || DEFINED___LB__TARGET_NETBSD__RB__) && !DEFINED___LB__TARGET_LINUX__RB__ && !DEFINED___LB__TARGET_ANDROID__RB__ && !DEFINED___LB___WIN32__RB__ && 1;artifact;3743;3743
src/openvpn/route.c;1;!TARGET_OPENBSD;!TARGET_OPENBSD && (DEFINED___LB__TARGET_DARWIN__RB__ || DEFINED___LB__TARGET_SOLARIS__RB__ || DEFINED___LB__TARGET_FREEBSD__RB__ || DEFINED___LB__TARGET_DRAGONFLY__RB__ || DEFINED___LB__TARGET_OPENBSD__RB__ || DEFINED___LB__TARGET_NETBSD__RB__) && !DEFINED___LB__TARGET_LINUX__RB__ && !DEFINED___LB__TARGET_ANDROID__RB__ && !DEFINED___LB___WIN32__RB__ && 1;endif;3744;3744
src/openvpn/route.c;1;(DEFINED___LB__TARGET_DARWIN__RB__ || DEFINED___LB__TARGET_SOLARIS__RB__ || DEFINED___LB__TARGET_FREEBSD__RB__ || DEFINED___LB__TARGET_DRAGONFLY__RB__ || DEFINED___LB__TARGET_OPENBSD__RB__ || DEFINED___LB__TARGET_NETBSD__RB__) && !DEFINED___LB__TARGET_LINUX__RB__ && !DEFINED___LB__TARGET_ANDROID__RB__ && !DEFINED___LB___WIN32__RB__;(DEFINED___LB__TARGET_DARWIN__RB__ || DEFINED___LB__TARGET_SOLARIS__RB__ || DEFINED___LB__TARGET_FREEBSD__RB__ || DEFINED___LB__TARGET_DRAGONFLY__RB__ || DEFINED___LB__TARGET_OPENBSD__RB__ || DEFINED___LB__TARGET_NETBSD__RB__) && !DEFINED___LB__TARGET_LINUX__RB__ && !DEFINED___LB__TARGET_ANDROID__RB__ && !DEFINED___LB___WIN32__RB__ && 1;artifact;3745;3754
src/openvpn/route.c;1;TARGET_OPENBSD;(DEFINED___LB__TARGET_DARWIN__RB__ || DEFINED___LB__TARGET_SOLARIS__RB__ || DEFINED___LB__TARGET_FREEBSD__RB__ || DEFINED___LB__TARGET_DRAGONFLY__RB__ || DEFINED___LB__TARGET_OPENBSD__RB__ || DEFINED___LB__TARGET_NETBSD__RB__) && !DEFINED___LB__TARGET_LINUX__RB__ && !DEFINED___LB__TARGET_ANDROID__RB__ && !DEFINED___LB___WIN32__RB__ && 1 && TARGET_OPENBSD;if;3755;3755
src/openvpn/route.c;1;TARGET_OPENBSD;(DEFINED___LB__TARGET_DARWIN__RB__ || DEFINED___LB__TARGET_SOLARIS__RB__ || DEFINED___LB__TARGET_FREEBSD__RB__ || DEFINED___LB__TARGET_DRAGONFLY__RB__ || DEFINED___LB__TARGET_OPENBSD__RB__ || DEFINED___LB__TARGET_NETBSD__RB__) && !DEFINED___LB__TARGET_LINUX__RB__ && !DEFINED___LB__TARGET_ANDROID__RB__ && !DEFINED___LB___WIN32__RB__ && 1 && TARGET_OPENBSD;artifact;3756;3756
src/openvpn/route.c;1;TARGET_OPENBSD;(DEFINED___LB__TARGET_DARWIN__RB__ || DEFINED___LB__TARGET_SOLARIS__RB__ || DEFINED___LB__TARGET_FREEBSD__RB__ || DEFINED___LB__TARGET_DRAGONFLY__RB__ || DEFINED___LB__TARGET_OPENBSD__RB__ || DEFINED___LB__TARGET_NETBSD__RB__) && !DEFINED___LB__TARGET_LINUX__RB__ && !DEFINED___LB__TARGET_ANDROID__RB__ && !DEFINED___LB___WIN32__RB__ && 1 && TARGET_OPENBSD;endif;3757;3757
src/openvpn/route.c;1;(DEFINED___LB__TARGET_DARWIN__RB__ || DEFINED___LB__TARGET_SOLARIS__RB__ || DEFINED___LB__TARGET_FREEBSD__RB__ || DEFINED___LB__TARGET_DRAGONFLY__RB__ || DEFINED___LB__TARGET_OPENBSD__RB__ || DEFINED___LB__TARGET_NETBSD__RB__) && !DEFINED___LB__TARGET_LINUX__RB__ && !DEFINED___LB__TARGET_ANDROID__RB__ && !DEFINED___LB___WIN32__RB__;(DEFINED___LB__TARGET_DARWIN__RB__ || DEFINED___LB__TARGET_SOLARIS__RB__ || DEFINED___LB__TARGET_FREEBSD__RB__ || DEFINED___LB__TARGET_DRAGONFLY__RB__ || DEFINED___LB__TARGET_OPENBSD__RB__ || DEFINED___LB__TARGET_NETBSD__RB__) && !DEFINED___LB__TARGET_LINUX__RB__ && !DEFINED___LB__TARGET_ANDROID__RB__ && !DEFINED___LB___WIN32__RB__ && 1;artifact;3758;3771
src/openvpn/route.c;1;!TARGET_SOLARIS;(DEFINED___LB__TARGET_DARWIN__RB__ || DEFINED___LB__TARGET_SOLARIS__RB__ || DEFINED___LB__TARGET_FREEBSD__RB__ || DEFINED___LB__TARGET_DRAGONFLY__RB__ || DEFINED___LB__TARGET_OPENBSD__RB__ || DEFINED___LB__TARGET_NETBSD__RB__) && !DEFINED___LB__TARGET_LINUX__RB__ && !DEFINED___LB__TARGET_ANDROID__RB__ && !DEFINED___LB___WIN32__RB__ && 1 && !TARGET_SOLARIS;if;3772;3772
src/openvpn/route.c;1;!TARGET_SOLARIS;(DEFINED___LB__TARGET_DARWIN__RB__ || DEFINED___LB__TARGET_SOLARIS__RB__ || DEFINED___LB__TARGET_FREEBSD__RB__ || DEFINED___LB__TARGET_DRAGONFLY__RB__ || DEFINED___LB__TARGET_OPENBSD__RB__ || DEFINED___LB__TARGET_NETBSD__RB__) && !DEFINED___LB__TARGET_LINUX__RB__ && !DEFINED___LB__TARGET_ANDROID__RB__ && !DEFINED___LB___WIN32__RB__ && 1 && !TARGET_SOLARIS;artifact;3773;3774
src/openvpn/route.c;1;!TARGET_SOLARIS;(DEFINED___LB__TARGET_DARWIN__RB__ || DEFINED___LB__TARGET_SOLARIS__RB__ || DEFINED___LB__TARGET_FREEBSD__RB__ || DEFINED___LB__TARGET_DRAGONFLY__RB__ || DEFINED___LB__TARGET_OPENBSD__RB__ || DEFINED___LB__TARGET_NETBSD__RB__) && !DEFINED___LB__TARGET_LINUX__RB__ && !DEFINED___LB__TARGET_ANDROID__RB__ && !DEFINED___LB___WIN32__RB__ && 1 && !TARGET_SOLARIS;endif;3775;3775
src/openvpn/route.c;1;(DEFINED___LB__TARGET_DARWIN__RB__ || DEFINED___LB__TARGET_SOLARIS__RB__ || DEFINED___LB__TARGET_FREEBSD__RB__ || DEFINED___LB__TARGET_DRAGONFLY__RB__ || DEFINED___LB__TARGET_OPENBSD__RB__ || DEFINED___LB__TARGET_NETBSD__RB__) && !DEFINED___LB__TARGET_LINUX__RB__ && !DEFINED___LB__TARGET_ANDROID__RB__ && !DEFINED___LB___WIN32__RB__;(DEFINED___LB__TARGET_DARWIN__RB__ || DEFINED___LB__TARGET_SOLARIS__RB__ || DEFINED___LB__TARGET_FREEBSD__RB__ || DEFINED___LB__TARGET_DRAGONFLY__RB__ || DEFINED___LB__TARGET_OPENBSD__RB__ || DEFINED___LB__TARGET_NETBSD__RB__) && !DEFINED___LB__TARGET_LINUX__RB__ && !DEFINED___LB__TARGET_ANDROID__RB__ && !DEFINED___LB___WIN32__RB__ && 1;artifact;3776;3836
src/openvpn/route.c;1;!TARGET_SOLARIS;(DEFINED___LB__TARGET_DARWIN__RB__ || DEFINED___LB__TARGET_SOLARIS__RB__ || DEFINED___LB__TARGET_FREEBSD__RB__ || DEFINED___LB__TARGET_DRAGONFLY__RB__ || DEFINED___LB__TARGET_OPENBSD__RB__ || DEFINED___LB__TARGET_NETBSD__RB__) && !DEFINED___LB__TARGET_LINUX__RB__ && !DEFINED___LB__TARGET_ANDROID__RB__ && !DEFINED___LB___WIN32__RB__ && 1 && !TARGET_SOLARIS;if;3837;3837
src/openvpn/route.c;1;!TARGET_SOLARIS;(DEFINED___LB__TARGET_DARWIN__RB__ || DEFINED___LB__TARGET_SOLARIS__RB__ || DEFINED___LB__TARGET_FREEBSD__RB__ || DEFINED___LB__TARGET_DRAGONFLY__RB__ || DEFINED___LB__TARGET_OPENBSD__RB__ || DEFINED___LB__TARGET_NETBSD__RB__) && !DEFINED___LB__TARGET_LINUX__RB__ && !DEFINED___LB__TARGET_ANDROID__RB__ && !DEFINED___LB___WIN32__RB__ && 1 && !TARGET_SOLARIS;artifact;3838;3853
src/openvpn/route.c;1;!TARGET_SOLARIS;(DEFINED___LB__TARGET_DARWIN__RB__ || DEFINED___LB__TARGET_SOLARIS__RB__ || DEFINED___LB__TARGET_FREEBSD__RB__ || DEFINED___LB__TARGET_DRAGONFLY__RB__ || DEFINED___LB__TARGET_OPENBSD__RB__ || DEFINED___LB__TARGET_NETBSD__RB__) && !DEFINED___LB__TARGET_LINUX__RB__ && !DEFINED___LB__TARGET_ANDROID__RB__ && !DEFINED___LB___WIN32__RB__ && 1 && !TARGET_SOLARIS;endif;3854;3854
src/openvpn/route.c;1;(DEFINED___LB__TARGET_DARWIN__RB__ || DEFINED___LB__TARGET_SOLARIS__RB__ || DEFINED___LB__TARGET_FREEBSD__RB__ || DEFINED___LB__TARGET_DRAGONFLY__RB__ || DEFINED___LB__TARGET_OPENBSD__RB__ || DEFINED___LB__TARGET_NETBSD__RB__) && !DEFINED___LB__TARGET_LINUX__RB__ && !DEFINED___LB__TARGET_ANDROID__RB__ && !DEFINED___LB___WIN32__RB__;(DEFINED___LB__TARGET_DARWIN__RB__ || DEFINED___LB__TARGET_SOLARIS__RB__ || DEFINED___LB__TARGET_FREEBSD__RB__ || DEFINED___LB__TARGET_DRAGONFLY__RB__ || DEFINED___LB__TARGET_OPENBSD__RB__ || DEFINED___LB__TARGET_NETBSD__RB__) && !DEFINED___LB__TARGET_LINUX__RB__ && !DEFINED___LB__TARGET_ANDROID__RB__ && !DEFINED___LB___WIN32__RB__ && 1;artifact;3855;3879
src/openvpn/route.c;1;!DEFINED___LB__TARGET_DARWIN__RB__ && !DEFINED___LB__TARGET_SOLARIS__RB__ && !DEFINED___LB__TARGET_FREEBSD__RB__ && !DEFINED___LB__TARGET_DRAGONFLY__RB__ && !DEFINED___LB__TARGET_OPENBSD__RB__ && !DEFINED___LB__TARGET_NETBSD__RB__ && !DEFINED___LB__TARGET_LINUX__RB__ && !DEFINED___LB__TARGET_ANDROID__RB__ && !DEFINED___LB___WIN32__RB__;!DEFINED___LB__TARGET_DARWIN__RB__ && !DEFINED___LB__TARGET_SOLARIS__RB__ && !DEFINED___LB__TARGET_FREEBSD__RB__ && !DEFINED___LB__TARGET_DRAGONFLY__RB__ && !DEFINED___LB__TARGET_OPENBSD__RB__ && !DEFINED___LB__TARGET_NETBSD__RB__ && !DEFINED___LB__TARGET_LINUX__RB__ && !DEFINED___LB__TARGET_ANDROID__RB__ && !DEFINED___LB___WIN32__RB__ && 1;else;3880;3880
src/openvpn/route.c;1;!DEFINED___LB__TARGET_DARWIN__RB__ && !DEFINED___LB__TARGET_SOLARIS__RB__ && !DEFINED___LB__TARGET_FREEBSD__RB__ && !DEFINED___LB__TARGET_DRAGONFLY__RB__ && !DEFINED___LB__TARGET_OPENBSD__RB__ && !DEFINED___LB__TARGET_NETBSD__RB__ && !DEFINED___LB__TARGET_LINUX__RB__ && !DEFINED___LB__TARGET_ANDROID__RB__ && !DEFINED___LB___WIN32__RB__;!DEFINED___LB__TARGET_DARWIN__RB__ && !DEFINED___LB__TARGET_SOLARIS__RB__ && !DEFINED___LB__TARGET_FREEBSD__RB__ && !DEFINED___LB__TARGET_DRAGONFLY__RB__ && !DEFINED___LB__TARGET_OPENBSD__RB__ && !DEFINED___LB__TARGET_NETBSD__RB__ && !DEFINED___LB__TARGET_LINUX__RB__ && !DEFINED___LB__TARGET_ANDROID__RB__ && !DEFINED___LB___WIN32__RB__ && 1;artifact;3881;3918
src/openvpn/route.c;1;!DEFINED___LB__TARGET_DARWIN__RB__ && !DEFINED___LB__TARGET_SOLARIS__RB__ && !DEFINED___LB__TARGET_FREEBSD__RB__ && !DEFINED___LB__TARGET_DRAGONFLY__RB__ && !DEFINED___LB__TARGET_OPENBSD__RB__ && !DEFINED___LB__TARGET_NETBSD__RB__ && !DEFINED___LB__TARGET_LINUX__RB__ && !DEFINED___LB__TARGET_ANDROID__RB__ && !DEFINED___LB___WIN32__RB__;!DEFINED___LB__TARGET_DARWIN__RB__ && !DEFINED___LB__TARGET_SOLARIS__RB__ && !DEFINED___LB__TARGET_FREEBSD__RB__ && !DEFINED___LB__TARGET_DRAGONFLY__RB__ && !DEFINED___LB__TARGET_OPENBSD__RB__ && !DEFINED___LB__TARGET_NETBSD__RB__ && !DEFINED___LB__TARGET_LINUX__RB__ && !DEFINED___LB__TARGET_ANDROID__RB__ && !DEFINED___LB___WIN32__RB__ && 1;endif;3919;3919
src/openvpn/route.c;1;1;1;artifact;3920;3975
src/openvpn/route.c;1;DEFINED___LB___WIN32__RB__;1 && DEFINED___LB___WIN32__RB__;if;3976;3976
src/openvpn/route.c;1;DEFINED___LB___WIN32__RB__;1 && DEFINED___LB___WIN32__RB__;artifact;3977;4037
src/openvpn/route.c;1;!DEFINED___LB___WIN32__RB__;!DEFINED___LB___WIN32__RB__ && 1;else;4038;4038
src/openvpn/route.c;1;!DEFINED___LB___WIN32__RB__;!DEFINED___LB___WIN32__RB__ && 1;artifact;4039;4044
src/openvpn/route.c;1;!DEFINED___LB___WIN32__RB__;!DEFINED___LB___WIN32__RB__ && 1;endif;4045;4045
src/openvpn/route.c;1;1;1;artifact;4046;4055
src/openvpn/route.c;1;DEFINED___LB___WIN32__RB__;1 && DEFINED___LB___WIN32__RB__;if;4056;4056
src/openvpn/route.c;1;DEFINED___LB___WIN32__RB__;1 && DEFINED___LB___WIN32__RB__;artifact;4057;4085
src/openvpn/route.c;1;!DEFINED___LB___WIN32__RB__;!DEFINED___LB___WIN32__RB__ && 1;else;4086;4086
src/openvpn/route.c;1;!DEFINED___LB___WIN32__RB__;!DEFINED___LB___WIN32__RB__ && 1;artifact;4087;4104
src/openvpn/route.c;1;!DEFINED___LB___WIN32__RB__;!DEFINED___LB___WIN32__RB__ && 1;endif;4105;4105
src/openvpn/route.c;1;1;1;artifact;4106;4106
src/openvpn/route.h;1;1;1;ROOT;1;399
src/openvpn/route.h;1;1;1;artifact;1;27
src/openvpn/route.h;1;!ROUTE_H;1 && !ROUTE_H;if;28;28
src/openvpn/route.h;1;!ROUTE_H;1 && !ROUTE_H;artifact;29;35
src/openvpn/route.h;1;_WIN32;1 && !ROUTE_H && _WIN32;if;36;36
src/openvpn/route.h;1;_WIN32;1 && !ROUTE_H && _WIN32;artifact;37;44
src/openvpn/route.h;1;_WIN32;1 && !ROUTE_H && _WIN32;endif;45;45
src/openvpn/route.h;1;!ROUTE_H;1 && !ROUTE_H;artifact;46;132
src/openvpn/route.h;1;_WIN32;1 && !ROUTE_H && _WIN32;if;133;133
src/openvpn/route.h;1;_WIN32;1 && !ROUTE_H && _WIN32;artifact;134;134
src/openvpn/route.h;1;!_WIN32;!_WIN32 && 1 && !ROUTE_H;else;135;135
src/openvpn/route.h;1;!_WIN32;!_WIN32 && 1 && !ROUTE_H;artifact;136;136
src/openvpn/route.h;1;!_WIN32;!_WIN32 && 1 && !ROUTE_H;endif;137;137
src/openvpn/route.h;1;!ROUTE_H;1 && !ROUTE_H;artifact;138;155
src/openvpn/route.h;1;_WIN32;1 && !ROUTE_H && _WIN32;if;156;156
src/openvpn/route.h;1;_WIN32;1 && !ROUTE_H && _WIN32;artifact;157;157
src/openvpn/route.h;1;!_WIN32;!_WIN32 && 1 && !ROUTE_H;else;158;158
src/openvpn/route.h;1;!_WIN32;!_WIN32 && 1 && !ROUTE_H;artifact;159;159
src/openvpn/route.h;1;!_WIN32;!_WIN32 && 1 && !ROUTE_H;endif;160;160
src/openvpn/route.h;1;!ROUTE_H;1 && !ROUTE_H;artifact;161;183
src/openvpn/route.h;1;_WIN32;1 && !ROUTE_H && _WIN32;if;184;184
src/openvpn/route.h;1;_WIN32;1 && !ROUTE_H && _WIN32;artifact;185;185
src/openvpn/route.h;1;!_WIN32;!_WIN32 && 1 && !ROUTE_H;else;186;186
src/openvpn/route.h;1;!_WIN32;!_WIN32 && 1 && !ROUTE_H;artifact;187;187
src/openvpn/route.h;1;!IFNAMSIZ;!_WIN32 && 1 && !ROUTE_H && !IFNAMSIZ;if;188;188
src/openvpn/route.h;1;!IFNAMSIZ;!_WIN32 && 1 && !ROUTE_H && !IFNAMSIZ;artifact;189;189
src/openvpn/route.h;1;!IFNAMSIZ;!_WIN32 && 1 && !ROUTE_H && !IFNAMSIZ;endif;190;190
src/openvpn/route.h;1;!_WIN32;!_WIN32 && 1 && !ROUTE_H;artifact;191;191
src/openvpn/route.h;1;!_WIN32;!_WIN32 && 1 && !ROUTE_H;endif;192;192
src/openvpn/route.h;1;!ROUTE_H;1 && !ROUTE_H;artifact;193;339
src/openvpn/route.h;1;!ENABLE_SMALL;1 && !ROUTE_H && !ENABLE_SMALL;if;340;340
src/openvpn/route.h;1;!ENABLE_SMALL;1 && !ROUTE_H && !ENABLE_SMALL;artifact;341;343
src/openvpn/route.h;1;!ENABLE_SMALL;1 && !ROUTE_H && !ENABLE_SMALL;endif;344;344
src/openvpn/route.h;1;!ROUTE_H;1 && !ROUTE_H;artifact;345;347
src/openvpn/route.h;1;_WIN32;1 && !ROUTE_H && _WIN32;if;348;348
src/openvpn/route.h;1;_WIN32;1 && !ROUTE_H && _WIN32;artifact;349;353
src/openvpn/route.h;1;!_WIN32;!_WIN32 && 1 && !ROUTE_H;else;354;354
src/openvpn/route.h;1;!_WIN32;!_WIN32 && 1 && !ROUTE_H;artifact;355;359
src/openvpn/route.h;1;!_WIN32;!_WIN32 && 1 && !ROUTE_H;endif;360;360
src/openvpn/route.h;1;!ROUTE_H;1 && !ROUTE_H;artifact;361;396
src/openvpn/route.h;1;!ROUTE_H;1 && !ROUTE_H;endif;397;397
src/openvpn/route.h;1;1;1;artifact;398;398
src/openvpn/run_command.c;1;1;1;ROOT;1;296
src/openvpn/run_command.c;1;1;1;artifact;1;23
src/openvpn/run_command.c;1;HAVE_CONFIG_H;1 && HAVE_CONFIG_H;if;24;24
src/openvpn/run_command.c;1;HAVE_CONFIG_H;1 && HAVE_CONFIG_H;artifact;25;25
src/openvpn/run_command.c;1;HAVE_CONFIG_H;1 && HAVE_CONFIG_H;endif;26;26
src/openvpn/run_command.c;1;1;1;artifact;27;67
src/openvpn/run_command.c;1;_WIN32;1 && _WIN32;if;68;68
src/openvpn/run_command.c;1;_WIN32;1 && _WIN32;artifact;69;75
src/openvpn/run_command.c;1;!_WIN32;!_WIN32 && 1;else;76;76
src/openvpn/run_command.c;1;!_WIN32;!_WIN32 && 1;artifact;77;103
src/openvpn/run_command.c;1;!_WIN32;!_WIN32 && 1;endif;104;104
src/openvpn/run_command.c;1;1;1;artifact;105;122
src/openvpn/run_command.c;1;!_WIN32;1 && !_WIN32;if;123;123
src/openvpn/run_command.c;1;!_WIN32;1 && !_WIN32;artifact;124;139
src/openvpn/run_command.c;1;DEFINED___LB__ENABLE_FEATURE_EXECVE__RB__;1 && !_WIN32 && DEFINED___LB__ENABLE_FEATURE_EXECVE__RB__;if;140;140
src/openvpn/run_command.c;1;DEFINED___LB__ENABLE_FEATURE_EXECVE__RB__;1 && !_WIN32 && DEFINED___LB__ENABLE_FEATURE_EXECVE__RB__;artifact;141;174
src/openvpn/run_command.c;1;!DEFINED___LB__ENABLE_FEATURE_EXECVE__RB__;!DEFINED___LB__ENABLE_FEATURE_EXECVE__RB__ && 1 && !_WIN32;else;175;175
src/openvpn/run_command.c;1;!DEFINED___LB__ENABLE_FEATURE_EXECVE__RB__;!DEFINED___LB__ENABLE_FEATURE_EXECVE__RB__ && 1 && !_WIN32;artifact;176;176
src/openvpn/run_command.c;1;!DEFINED___LB__ENABLE_FEATURE_EXECVE__RB__;!DEFINED___LB__ENABLE_FEATURE_EXECVE__RB__ && 1 && !_WIN32;endif;177;177
src/openvpn/run_command.c;1;!_WIN32;1 && !_WIN32;artifact;178;186
src/openvpn/run_command.c;1;!_WIN32;1 && !_WIN32;endif;187;187
src/openvpn/run_command.c;1;1;1;artifact;188;236
src/openvpn/run_command.c;1;DEFINED___LB__ENABLE_FEATURE_EXECVE__RB__;1 && DEFINED___LB__ENABLE_FEATURE_EXECVE__RB__;if;237;237
src/openvpn/run_command.c;1;DEFINED___LB__ENABLE_FEATURE_EXECVE__RB__;1 && DEFINED___LB__ENABLE_FEATURE_EXECVE__RB__;artifact;238;282
src/openvpn/run_command.c;1;!DEFINED___LB__ENABLE_FEATURE_EXECVE__RB__;!DEFINED___LB__ENABLE_FEATURE_EXECVE__RB__ && 1;else;283;283
src/openvpn/run_command.c;1;!DEFINED___LB__ENABLE_FEATURE_EXECVE__RB__;!DEFINED___LB__ENABLE_FEATURE_EXECVE__RB__ && 1;artifact;284;284
src/openvpn/run_command.c;1;!DEFINED___LB__ENABLE_FEATURE_EXECVE__RB__;!DEFINED___LB__ENABLE_FEATURE_EXECVE__RB__ && 1;endif;285;285
src/openvpn/run_command.c;1;1;1;artifact;286;295
src/openvpn/run_command.h;1;1;1;ROOT;1;76
src/openvpn/run_command.h;1;1;1;artifact;1;23
src/openvpn/run_command.h;1;!RUN_COMMAND_H;1 && !RUN_COMMAND_H;if;24;24
src/openvpn/run_command.h;1;!RUN_COMMAND_H;1 && !RUN_COMMAND_H;artifact;25;73
src/openvpn/run_command.h;1;!RUN_COMMAND_H;1 && !RUN_COMMAND_H;endif;74;74
src/openvpn/run_command.h;1;1;1;artifact;75;75
src/openvpn/schedule.c;1;1;1;ROOT;1;723
src/openvpn/schedule.c;1;1;1;artifact;1;23
src/openvpn/schedule.c;1;HAVE_CONFIG_H;1 && HAVE_CONFIG_H;if;24;24
src/openvpn/schedule.c;1;HAVE_CONFIG_H;1 && HAVE_CONFIG_H;artifact;25;25
src/openvpn/schedule.c;1;HAVE_CONFIG_H;1 && HAVE_CONFIG_H;endif;26;26
src/openvpn/schedule.c;1;1;1;artifact;27;36
src/openvpn/schedule.c;1;SCHEDULE_TEST;1 && SCHEDULE_TEST;if;37;37
src/openvpn/schedule.c;1;SCHEDULE_TEST;1 && SCHEDULE_TEST;artifact;38;48
src/openvpn/schedule.c;1;SCHEDULE_TEST;1 && SCHEDULE_TEST;endif;49;49
src/openvpn/schedule.c;1;1;1;artifact;50;50
src/openvpn/schedule.c;1;ENABLE_DEBUG;1 && ENABLE_DEBUG;if;51;51
src/openvpn/schedule.c;1;ENABLE_DEBUG;1 && ENABLE_DEBUG;artifact;52;69
src/openvpn/schedule.c;1;ENABLE_DEBUG;1 && ENABLE_DEBUG;endif;70;70
src/openvpn/schedule.c;1;1;1;artifact;71;234
src/openvpn/schedule.c;1;SCHEDULE_TEST;1 && SCHEDULE_TEST;if;235;235
src/openvpn/schedule.c;1;SCHEDULE_TEST;1 && SCHEDULE_TEST;artifact;236;236
src/openvpn/schedule.c;1;SCHEDULE_TEST;1 && SCHEDULE_TEST;endif;237;237
src/openvpn/schedule.c;1;1;1;artifact;238;291
src/openvpn/schedule.c;1;SCHEDULE_TEST;1 && SCHEDULE_TEST;if;292;292
src/openvpn/schedule.c;1;SCHEDULE_TEST;1 && SCHEDULE_TEST;artifact;293;293
src/openvpn/schedule.c;1;SCHEDULE_TEST;1 && SCHEDULE_TEST;endif;294;294
src/openvpn/schedule.c;1;1;1;artifact;295;327
src/openvpn/schedule.c;1;SCHEDULE_TEST;1 && SCHEDULE_TEST;if;328;328
src/openvpn/schedule.c;1;SCHEDULE_TEST;1 && SCHEDULE_TEST;artifact;329;329
src/openvpn/schedule.c;1;SCHEDULE_TEST;1 && SCHEDULE_TEST;endif;330;330
src/openvpn/schedule.c;1;1;1;artifact;331;345
src/openvpn/schedule.c;1;ENABLE_DEBUG;1 && ENABLE_DEBUG;if;346;346
src/openvpn/schedule.c;1;ENABLE_DEBUG;1 && ENABLE_DEBUG;artifact;347;350
src/openvpn/schedule.c;1;ENABLE_DEBUG;1 && ENABLE_DEBUG;endif;351;351
src/openvpn/schedule.c;1;1;1;artifact;352;389
src/openvpn/schedule.c;1;SCHEDULE_TEST;1 && SCHEDULE_TEST;if;390;390
src/openvpn/schedule.c;1;SCHEDULE_TEST;1 && SCHEDULE_TEST;artifact;391;391
src/openvpn/schedule.c;1;SCHEDULE_TEST;1 && SCHEDULE_TEST;endif;392;392
src/openvpn/schedule.c;1;1;1;artifact;393;396
src/openvpn/schedule.c;1;ENABLE_DEBUG;1 && ENABLE_DEBUG;if;397;397
src/openvpn/schedule.c;1;ENABLE_DEBUG;1 && ENABLE_DEBUG;artifact;398;401
src/openvpn/schedule.c;1;ENABLE_DEBUG;1 && ENABLE_DEBUG;endif;402;402
src/openvpn/schedule.c;1;1;1;artifact;403;436
src/openvpn/schedule.c;1;SCHEDULE_TEST;1 && SCHEDULE_TEST;if;437;437
src/openvpn/schedule.c;1;SCHEDULE_TEST;1 && SCHEDULE_TEST;artifact;438;530
src/openvpn/schedule.c;1;1;1 && SCHEDULE_TEST && 1;if;531;531
src/openvpn/schedule.c;1;1;1 && SCHEDULE_TEST && 1;artifact;532;539
src/openvpn/schedule.c;1;0;0 && 1 && SCHEDULE_TEST;else;540;540
src/openvpn/schedule.c;1;0;0 && 1 && SCHEDULE_TEST;artifact;541;557
src/openvpn/schedule.c;1;0;0 && 1 && SCHEDULE_TEST;endif;558;558
src/openvpn/schedule.c;1;SCHEDULE_TEST;1 && SCHEDULE_TEST;artifact;559;720
src/openvpn/schedule.c;1;SCHEDULE_TEST;1 && SCHEDULE_TEST;endif;721;721
src/openvpn/schedule.c;1;1;1;artifact;722;722
src/openvpn/schedule.h;1;1;1;ROOT;1;139
src/openvpn/schedule.h;1;1;1;artifact;1;23
src/openvpn/schedule.h;1;!SCHEDULE_H;1 && !SCHEDULE_H;if;24;24
src/openvpn/schedule.h;1;!SCHEDULE_H;1 && !SCHEDULE_H;artifact;25;66
src/openvpn/schedule.h;1;SCHEDULE_TEST;1 && !SCHEDULE_H && SCHEDULE_TEST;if;67;67
src/openvpn/schedule.h;1;SCHEDULE_TEST;1 && !SCHEDULE_H && SCHEDULE_TEST;artifact;68;69
src/openvpn/schedule.h;1;SCHEDULE_TEST;1 && !SCHEDULE_H && SCHEDULE_TEST;endif;70;70
src/openvpn/schedule.h;1;!SCHEDULE_H;1 && !SCHEDULE_H;artifact;71;136
src/openvpn/schedule.h;1;!SCHEDULE_H;1 && !SCHEDULE_H;endif;137;137
src/openvpn/schedule.h;1;1;1;artifact;138;138
src/openvpn/session_id.c;1;1;1;ROOT;1;60
src/openvpn/session_id.c;1;1;1;artifact;1;32
src/openvpn/session_id.c;1;HAVE_CONFIG_H;1 && HAVE_CONFIG_H;if;33;33
src/openvpn/session_id.c;1;HAVE_CONFIG_H;1 && HAVE_CONFIG_H;artifact;34;34
src/openvpn/session_id.c;1;HAVE_CONFIG_H;1 && HAVE_CONFIG_H;endif;35;35
src/openvpn/session_id.c;1;1;1;artifact;36;59
src/openvpn/session_id.h;1;1;1;ROOT;1;84
src/openvpn/session_id.h;1;1;1;artifact;1;31
src/openvpn/session_id.h;1;!SESSION_ID_H;1 && !SESSION_ID_H;if;32;32
src/openvpn/session_id.h;1;!SESSION_ID_H;1 && !SESSION_ID_H;artifact;33;81
src/openvpn/session_id.h;1;!SESSION_ID_H;1 && !SESSION_ID_H;endif;82;82
src/openvpn/session_id.h;1;1;1;artifact;83;83
src/openvpn/shaper.c;1;1;1;ROOT;1;94
src/openvpn/shaper.c;1;1;1;artifact;1;23
src/openvpn/shaper.c;1;HAVE_CONFIG_H;1 && HAVE_CONFIG_H;if;24;24
src/openvpn/shaper.c;1;HAVE_CONFIG_H;1 && HAVE_CONFIG_H;artifact;25;25
src/openvpn/shaper.c;1;HAVE_CONFIG_H;1 && HAVE_CONFIG_H;endif;26;26
src/openvpn/shaper.c;1;1;1;artifact;27;73
src/openvpn/shaper.c;1;SHAPER_DEBUG;1 && SHAPER_DEBUG;if;74;74
src/openvpn/shaper.c;1;SHAPER_DEBUG;1 && SHAPER_DEBUG;artifact;75;76
src/openvpn/shaper.c;1;SHAPER_DEBUG;1 && SHAPER_DEBUG;endif;77;77
src/openvpn/shaper.c;1;1;1;artifact;78;93
src/openvpn/shaper.h;1;1;1;ROOT;1;176
src/openvpn/shaper.h;1;1;1;artifact;1;23
src/openvpn/shaper.h;1;!SHAPER_H;1 && !SHAPER_H;if;24;24
src/openvpn/shaper.h;1;!SHAPER_H;1 && !SHAPER_H;artifact;25;51
src/openvpn/shaper.h;1;SHAPER_USE_FP;1 && !SHAPER_H && SHAPER_USE_FP;if;52;52
src/openvpn/shaper.h;1;SHAPER_USE_FP;1 && !SHAPER_H && SHAPER_USE_FP;artifact;53;53
src/openvpn/shaper.h;1;!SHAPER_USE_FP;!SHAPER_USE_FP && 1 && !SHAPER_H;else;54;54
src/openvpn/shaper.h;1;!SHAPER_USE_FP;!SHAPER_USE_FP && 1 && !SHAPER_H;artifact;55;55
src/openvpn/shaper.h;1;!SHAPER_USE_FP;!SHAPER_USE_FP && 1 && !SHAPER_H;endif;56;56
src/openvpn/shaper.h;1;!SHAPER_H;1 && !SHAPER_H;artifact;57;77
src/openvpn/shaper.h;1;SHAPER_USE_FP;1 && !SHAPER_H && SHAPER_USE_FP;if;78;78
src/openvpn/shaper.h;1;SHAPER_USE_FP;1 && !SHAPER_H && SHAPER_USE_FP;artifact;79;79
src/openvpn/shaper.h;1;!SHAPER_USE_FP;!SHAPER_USE_FP && 1 && !SHAPER_H;else;80;80
src/openvpn/shaper.h;1;!SHAPER_USE_FP;!SHAPER_USE_FP && 1 && !SHAPER_H;artifact;81;81
src/openvpn/shaper.h;1;!SHAPER_USE_FP;!SHAPER_USE_FP && 1 && !SHAPER_H;endif;82;82
src/openvpn/shaper.h;1;!SHAPER_H;1 && !SHAPER_H;artifact;83;111
src/openvpn/shaper.h;1;SHAPER_DEBUG;1 && !SHAPER_H && SHAPER_DEBUG;if;112;112
src/openvpn/shaper.h;1;SHAPER_DEBUG;1 && !SHAPER_H && SHAPER_DEBUG;artifact;113;113
src/openvpn/shaper.h;1;SHAPER_DEBUG;1 && !SHAPER_H && SHAPER_DEBUG;endif;114;114
src/openvpn/shaper.h;1;!SHAPER_H;1 && !SHAPER_H;artifact;115;133
src/openvpn/shaper.h;1;SHAPER_USE_FP;1 && !SHAPER_H && SHAPER_USE_FP;if;134;134
src/openvpn/shaper.h;1;SHAPER_USE_FP;1 && !SHAPER_H && SHAPER_USE_FP;artifact;135;135
src/openvpn/shaper.h;1;!SHAPER_USE_FP;!SHAPER_USE_FP && 1 && !SHAPER_H;else;136;136
src/openvpn/shaper.h;1;!SHAPER_USE_FP;!SHAPER_USE_FP && 1 && !SHAPER_H;artifact;137;139
src/openvpn/shaper.h;1;!SHAPER_USE_FP;!SHAPER_USE_FP && 1 && !SHAPER_H;endif;140;140
src/openvpn/shaper.h;1;!SHAPER_H;1 && !SHAPER_H;artifact;141;146
src/openvpn/shaper.h;1;SHAPER_DEBUG;1 && !SHAPER_H && SHAPER_DEBUG;if;147;147
src/openvpn/shaper.h;1;SHAPER_DEBUG;1 && !SHAPER_H && SHAPER_DEBUG;artifact;148;152
src/openvpn/shaper.h;1;SHAPER_DEBUG;1 && !SHAPER_H && SHAPER_DEBUG;endif;153;153
src/openvpn/shaper.h;1;!SHAPER_H;1 && !SHAPER_H;artifact;154;156
src/openvpn/shaper.h;1;0;1 && !SHAPER_H && 0;if;157;157
src/openvpn/shaper.h;1;0;1 && !SHAPER_H && 0;artifact;158;171
src/openvpn/shaper.h;1;0;1 && !SHAPER_H && 0;endif;172;172
src/openvpn/shaper.h;1;!SHAPER_H;1 && !SHAPER_H;artifact;173;173
src/openvpn/shaper.h;1;!SHAPER_H;1 && !SHAPER_H;endif;174;174
src/openvpn/shaper.h;1;1;1;artifact;175;175
src/openvpn/sig.c;1;1;1;ROOT;1;655
src/openvpn/sig.c;1;1;1;artifact;1;24
src/openvpn/sig.c;1;HAVE_CONFIG_H;1 && HAVE_CONFIG_H;if;25;25
src/openvpn/sig.c;1;HAVE_CONFIG_H;1 && HAVE_CONFIG_H;artifact;26;26
src/openvpn/sig.c;1;HAVE_CONFIG_H;1 && HAVE_CONFIG_H;endif;27;27
src/openvpn/sig.c;1;1;1;artifact;28;126
src/openvpn/sig.c;1;!_WIN32;1 && !_WIN32;if;127;127
src/openvpn/sig.c;1;!_WIN32;1 && !_WIN32;artifact;128;130
src/openvpn/sig.c;1;!_WIN32;1 && !_WIN32;endif;131;131
src/openvpn/sig.c;1;1;1;artifact;132;139
src/openvpn/sig.c;1;!_WIN32;1 && !_WIN32;if;140;140
src/openvpn/sig.c;1;!_WIN32;1 && !_WIN32;artifact;141;143
src/openvpn/sig.c;1;!_WIN32;1 && !_WIN32;endif;144;144
src/openvpn/sig.c;1;1;1;artifact;145;349
src/openvpn/sig.c;1;ENABLE_MANAGEMENT;1 && ENABLE_MANAGEMENT;if;350;350
src/openvpn/sig.c;1;ENABLE_MANAGEMENT;1 && ENABLE_MANAGEMENT;artifact;351;377
src/openvpn/sig.c;1;ENABLE_MANAGEMENT;1 && ENABLE_MANAGEMENT;endif;378;378
src/openvpn/sig.c;1;1;1;artifact;379;380
src/openvpn/sig.c;1;!_WIN32;1 && !_WIN32;if;381;381
src/openvpn/sig.c;1;!_WIN32;1 && !_WIN32;artifact;382;387
src/openvpn/sig.c;1;!_WIN32;1 && !_WIN32;endif;388;388
src/openvpn/sig.c;1;1;1;artifact;389;399
src/openvpn/sig.c;1;!_WIN32;1 && !_WIN32;if;400;400
src/openvpn/sig.c;1;!_WIN32;1 && !_WIN32;artifact;401;418
src/openvpn/sig.c;1;!_WIN32;1 && !_WIN32;endif;419;419
src/openvpn/sig.c;1;1;1;artifact;420;428
src/openvpn/sig.c;1;!_WIN32;1 && !_WIN32;if;429;429
src/openvpn/sig.c;1;!_WIN32;1 && !_WIN32;artifact;430;446
src/openvpn/sig.c;1;!_WIN32;1 && !_WIN32;endif;447;447
src/openvpn/sig.c;1;1;1;artifact;448;452
src/openvpn/sig.c;1;!_WIN32;1 && !_WIN32;if;453;453
src/openvpn/sig.c;1;!_WIN32;1 && !_WIN32;artifact;454;459
src/openvpn/sig.c;1;!_WIN32;1 && !_WIN32;endif;460;460
src/openvpn/sig.c;1;1;1;artifact;461;501
src/openvpn/sig.c;1;USE_COMP;1 && USE_COMP;if;502;502
src/openvpn/sig.c;1;USE_COMP;1 && USE_COMP;artifact;503;506
src/openvpn/sig.c;1;USE_COMP;1 && USE_COMP;endif;507;507
src/openvpn/sig.c;1;PACKET_TRUNCATION_CHECK;1 && PACKET_TRUNCATION_CHECK;if;508;508
src/openvpn/sig.c;1;PACKET_TRUNCATION_CHECK;1 && PACKET_TRUNCATION_CHECK;artifact;509;512
src/openvpn/sig.c;1;PACKET_TRUNCATION_CHECK;1 && PACKET_TRUNCATION_CHECK;endif;513;513
src/openvpn/sig.c;1;_WIN32;1 && _WIN32;if;514;514
src/openvpn/sig.c;1;_WIN32;1 && _WIN32;artifact;515;522
src/openvpn/sig.c;1;_WIN32;1 && _WIN32;endif;523;523
src/openvpn/sig.c;1;1;1;artifact;524;654
src/openvpn/sig.h;1;1;1;ROOT;1;125
src/openvpn/sig.h;1;1;1;artifact;1;23
src/openvpn/sig.h;1;!SIG_H;1 && !SIG_H;if;24;24
src/openvpn/sig.h;1;!SIG_H;1 && !SIG_H;artifact;25;93
src/openvpn/sig.h;1;_WIN32;1 && !SIG_H && _WIN32;if;94;94
src/openvpn/sig.h;1;_WIN32;1 && !SIG_H && _WIN32;artifact;95;95
src/openvpn/sig.h;1;_WIN32;1 && !SIG_H && _WIN32;endif;96;96
src/openvpn/sig.h;1;!SIG_H;1 && !SIG_H;artifact;97;111
src/openvpn/sig.h;1;_WIN32;1 && !SIG_H && _WIN32;if;112;112
src/openvpn/sig.h;1;_WIN32;1 && !SIG_H && _WIN32;artifact;113;113
src/openvpn/sig.h;1;!_WIN32;!_WIN32 && 1 && !SIG_H;else;114;114
src/openvpn/sig.h;1;!_WIN32;!_WIN32 && 1 && !SIG_H;artifact;115;115
src/openvpn/sig.h;1;!_WIN32;!_WIN32 && 1 && !SIG_H;endif;116;116
src/openvpn/sig.h;1;!SIG_H;1 && !SIG_H;artifact;117;122
src/openvpn/sig.h;1;!SIG_H;1 && !SIG_H;endif;123;123
src/openvpn/sig.h;1;1;1;artifact;124;124
src/openvpn/socket.c;1;1;1;ROOT;1;4068
src/openvpn/socket.c;1;1;1;artifact;1;23
src/openvpn/socket.c;1;HAVE_CONFIG_H;1 && HAVE_CONFIG_H;if;24;24
src/openvpn/socket.c;1;HAVE_CONFIG_H;1 && HAVE_CONFIG_H;artifact;25;25
src/openvpn/socket.c;1;HAVE_CONFIG_H;1 && HAVE_CONFIG_H;endif;26;26
src/openvpn/socket.c;1;1;1;artifact;27;529
src/openvpn/socket.c;1;ENABLE_MANAGEMENT;1 && ENABLE_MANAGEMENT;if;530;530
src/openvpn/socket.c;1;ENABLE_MANAGEMENT;1 && ENABLE_MANAGEMENT;artifact;531;543
src/openvpn/socket.c;1;ENABLE_MANAGEMENT;1 && ENABLE_MANAGEMENT;endif;544;544
src/openvpn/socket.c;1;1;1;artifact;545;550
src/openvpn/socket.c;1;!_WIN32;1 && !_WIN32;if;551;551
src/openvpn/socket.c;1;!_WIN32;1 && !_WIN32;artifact;552;553
src/openvpn/socket.c;1;!_WIN32;1 && !_WIN32;endif;554;554
src/openvpn/socket.c;1;1;1;artifact;555;837
src/openvpn/socket.c;1;DEFINED___LB__SOL_SOCKET__RB__ && DEFINED___LB__SO_SNDBUF__RB__;1 && DEFINED___LB__SOL_SOCKET__RB__ && DEFINED___LB__SO_SNDBUF__RB__;if;838;838
src/openvpn/socket.c;1;DEFINED___LB__SOL_SOCKET__RB__ && DEFINED___LB__SO_SNDBUF__RB__;1 && DEFINED___LB__SOL_SOCKET__RB__ && DEFINED___LB__SO_SNDBUF__RB__;artifact;839;847
src/openvpn/socket.c;1;DEFINED___LB__SOL_SOCKET__RB__ && DEFINED___LB__SO_SNDBUF__RB__;1 && DEFINED___LB__SOL_SOCKET__RB__ && DEFINED___LB__SO_SNDBUF__RB__;endif;848;848
src/openvpn/socket.c;1;1;1;artifact;849;854
src/openvpn/socket.c;1;DEFINED___LB__SOL_SOCKET__RB__ && DEFINED___LB__SO_SNDBUF__RB__;1 && DEFINED___LB__SOL_SOCKET__RB__ && DEFINED___LB__SO_SNDBUF__RB__;if;855;855
src/openvpn/socket.c;1;DEFINED___LB__SOL_SOCKET__RB__ && DEFINED___LB__SO_SNDBUF__RB__;1 && DEFINED___LB__SOL_SOCKET__RB__ && DEFINED___LB__SO_SNDBUF__RB__;artifact;856;859
src/openvpn/socket.c;1;DEFINED___LB__SOL_SOCKET__RB__ && DEFINED___LB__SO_SNDBUF__RB__;1 && DEFINED___LB__SOL_SOCKET__RB__ && DEFINED___LB__SO_SNDBUF__RB__;endif;860;860
src/openvpn/socket.c;1;1;1;artifact;861;865
src/openvpn/socket.c;1;DEFINED___LB__SOL_SOCKET__RB__ && DEFINED___LB__SO_RCVBUF__RB__;1 && DEFINED___LB__SOL_SOCKET__RB__ && DEFINED___LB__SO_RCVBUF__RB__;if;866;866
src/openvpn/socket.c;1;DEFINED___LB__SOL_SOCKET__RB__ && DEFINED___LB__SO_RCVBUF__RB__;1 && DEFINED___LB__SOL_SOCKET__RB__ && DEFINED___LB__SO_RCVBUF__RB__;artifact;867;875
src/openvpn/socket.c;1;DEFINED___LB__SOL_SOCKET__RB__ && DEFINED___LB__SO_RCVBUF__RB__;1 && DEFINED___LB__SOL_SOCKET__RB__ && DEFINED___LB__SO_RCVBUF__RB__;endif;876;876
src/openvpn/socket.c;1;1;1;artifact;877;882
src/openvpn/socket.c;1;DEFINED___LB__SOL_SOCKET__RB__ && DEFINED___LB__SO_RCVBUF__RB__;1 && DEFINED___LB__SOL_SOCKET__RB__ && DEFINED___LB__SO_RCVBUF__RB__;if;883;883
src/openvpn/socket.c;1;DEFINED___LB__SOL_SOCKET__RB__ && DEFINED___LB__SO_RCVBUF__RB__;1 && DEFINED___LB__SOL_SOCKET__RB__ && DEFINED___LB__SO_RCVBUF__RB__;artifact;884;889
src/openvpn/socket.c;1;DEFINED___LB__SOL_SOCKET__RB__ && DEFINED___LB__SO_RCVBUF__RB__;1 && DEFINED___LB__SOL_SOCKET__RB__ && DEFINED___LB__SO_RCVBUF__RB__;endif;890;890
src/openvpn/socket.c;1;1;1;artifact;891;925
src/openvpn/socket.c;1;(DEFINED___LB___WIN32__RB__ || DEFINED___LB__IPPROTO_TCP__RB__) && (DEFINED___LB___WIN32__RB__ || DEFINED___LB__TCP_NODELAY__RB__);1 && (DEFINED___LB___WIN32__RB__ || DEFINED___LB__IPPROTO_TCP__RB__) && (DEFINED___LB___WIN32__RB__ || DEFINED___LB__TCP_NODELAY__RB__);if;926;926
src/openvpn/socket.c;1;(DEFINED___LB___WIN32__RB__ || DEFINED___LB__IPPROTO_TCP__RB__) && (DEFINED___LB___WIN32__RB__ || DEFINED___LB__TCP_NODELAY__RB__);1 && (DEFINED___LB___WIN32__RB__ || DEFINED___LB__IPPROTO_TCP__RB__) && (DEFINED___LB___WIN32__RB__ || DEFINED___LB__TCP_NODELAY__RB__);artifact;927;936
src/openvpn/socket.c;1;!DEFINED___LB___WIN32__RB__ && (!DEFINED___LB__IPPROTO_TCP__RB__ || !DEFINED___LB__TCP_NODELAY__RB__);!DEFINED___LB___WIN32__RB__ && (!DEFINED___LB__IPPROTO_TCP__RB__ || !DEFINED___LB__TCP_NODELAY__RB__) && 1;else;937;937
src/openvpn/socket.c;1;!DEFINED___LB___WIN32__RB__ && (!DEFINED___LB__IPPROTO_TCP__RB__ || !DEFINED___LB__TCP_NODELAY__RB__);!DEFINED___LB___WIN32__RB__ && (!DEFINED___LB__IPPROTO_TCP__RB__ || !DEFINED___LB__TCP_NODELAY__RB__) && 1;artifact;938;939
src/openvpn/socket.c;1;!DEFINED___LB___WIN32__RB__ && (!DEFINED___LB__IPPROTO_TCP__RB__ || !DEFINED___LB__TCP_NODELAY__RB__);!DEFINED___LB___WIN32__RB__ && (!DEFINED___LB__IPPROTO_TCP__RB__ || !DEFINED___LB__TCP_NODELAY__RB__) && 1;endif;940;940
src/openvpn/socket.c;1;1;1;artifact;941;945
src/openvpn/socket.c;1;DEFINED___LB__TARGET_LINUX__RB__ && HAVE_DECL_SO_MARK;1 && DEFINED___LB__TARGET_LINUX__RB__ && HAVE_DECL_SO_MARK;if;946;946
src/openvpn/socket.c;1;DEFINED___LB__TARGET_LINUX__RB__ && HAVE_DECL_SO_MARK;1 && DEFINED___LB__TARGET_LINUX__RB__ && HAVE_DECL_SO_MARK;artifact;947;950
src/openvpn/socket.c;1;DEFINED___LB__TARGET_LINUX__RB__ && HAVE_DECL_SO_MARK;1 && DEFINED___LB__TARGET_LINUX__RB__ && HAVE_DECL_SO_MARK;endif;951;951
src/openvpn/socket.c;1;1;1;artifact;952;1010
src/openvpn/socket.c;1;!_WIN32;1 && !_WIN32;if;1011;1011
src/openvpn/socket.c;1;!_WIN32;1 && !_WIN32;artifact;1012;1020
src/openvpn/socket.c;1;!_WIN32;1 && !_WIN32;endif;1021;1021
src/openvpn/socket.c;1;1;1;artifact;1022;1041
src/openvpn/socket.c;1;ENABLE_IP_PKTINFO;1 && ENABLE_IP_PKTINFO;if;1042;1042
src/openvpn/socket.c;1;ENABLE_IP_PKTINFO;1 && ENABLE_IP_PKTINFO;artifact;1043;1047
src/openvpn/socket.c;1;DEFINED___LB__HAVE_IN_PKTINFO__RB__ && DEFINED___LB__HAVE_IPI_SPEC_DST__RB__;1 && ENABLE_IP_PKTINFO && DEFINED___LB__HAVE_IN_PKTINFO__RB__ && DEFINED___LB__HAVE_IPI_SPEC_DST__RB__;if;1048;1048
src/openvpn/socket.c;1;DEFINED___LB__HAVE_IN_PKTINFO__RB__ && DEFINED___LB__HAVE_IPI_SPEC_DST__RB__;1 && ENABLE_IP_PKTINFO && DEFINED___LB__HAVE_IN_PKTINFO__RB__ && DEFINED___LB__HAVE_IPI_SPEC_DST__RB__;artifact;1049;1053
src/openvpn/socket.c;1;DEFINED___LB__IP_RECVDSTADDR__RB__ && (!DEFINED___LB__HAVE_IN_PKTINFO__RB__ || !DEFINED___LB__HAVE_IPI_SPEC_DST__RB__);DEFINED___LB__IP_RECVDSTADDR__RB__ && (!DEFINED___LB__HAVE_IN_PKTINFO__RB__ || !DEFINED___LB__HAVE_IPI_SPEC_DST__RB__) && 1 && ENABLE_IP_PKTINFO;elif;1054;1054
src/openvpn/socket.c;1;DEFINED___LB__IP_RECVDSTADDR__RB__ && (!DEFINED___LB__HAVE_IN_PKTINFO__RB__ || !DEFINED___LB__HAVE_IPI_SPEC_DST__RB__);DEFINED___LB__IP_RECVDSTADDR__RB__ && (!DEFINED___LB__HAVE_IN_PKTINFO__RB__ || !DEFINED___LB__HAVE_IPI_SPEC_DST__RB__) && 1 && ENABLE_IP_PKTINFO;artifact;1055;1059
src/openvpn/socket.c;1;!DEFINED___LB__IP_RECVDSTADDR__RB__ && (!DEFINED___LB__HAVE_IN_PKTINFO__RB__ || !DEFINED___LB__HAVE_IPI_SPEC_DST__RB__);!DEFINED___LB__IP_RECVDSTADDR__RB__ && (!DEFINED___LB__HAVE_IN_PKTINFO__RB__ || !DEFINED___LB__HAVE_IPI_SPEC_DST__RB__) && 1 && ENABLE_IP_PKTINFO;else;1060;1060
src/openvpn/socket.c;1;!DEFINED___LB__IP_RECVDSTADDR__RB__ && (!DEFINED___LB__HAVE_IN_PKTINFO__RB__ || !DEFINED___LB__HAVE_IPI_SPEC_DST__RB__);!DEFINED___LB__IP_RECVDSTADDR__RB__ && (!DEFINED___LB__HAVE_IN_PKTINFO__RB__ || !DEFINED___LB__HAVE_IPI_SPEC_DST__RB__) && 1 && ENABLE_IP_PKTINFO;artifact;1061;1061
src/openvpn/socket.c;1;!DEFINED___LB__IP_RECVDSTADDR__RB__ && (!DEFINED___LB__HAVE_IN_PKTINFO__RB__ || !DEFINED___LB__HAVE_IPI_SPEC_DST__RB__);!DEFINED___LB__IP_RECVDSTADDR__RB__ && (!DEFINED___LB__HAVE_IN_PKTINFO__RB__ || !DEFINED___LB__HAVE_IPI_SPEC_DST__RB__) && 1 && ENABLE_IP_PKTINFO;endif;1062;1062
src/openvpn/socket.c;1;ENABLE_IP_PKTINFO;1 && ENABLE_IP_PKTINFO;artifact;1063;1065
src/openvpn/socket.c;1;!IPV6_RECVPKTINFO;1 && ENABLE_IP_PKTINFO && !IPV6_RECVPKTINFO;if;1066;1066
src/openvpn/socket.c;1;!IPV6_RECVPKTINFO;1 && ENABLE_IP_PKTINFO && !IPV6_RECVPKTINFO;artifact;1067;1068
src/openvpn/socket.c;1;IPV6_RECVPKTINFO;IPV6_RECVPKTINFO && 1 && ENABLE_IP_PKTINFO;else;1069;1069
src/openvpn/socket.c;1;IPV6_RECVPKTINFO;IPV6_RECVPKTINFO && 1 && ENABLE_IP_PKTINFO;artifact;1070;1071
src/openvpn/socket.c;1;IPV6_RECVPKTINFO;IPV6_RECVPKTINFO && 1 && ENABLE_IP_PKTINFO;endif;1072;1072
src/openvpn/socket.c;1;ENABLE_IP_PKTINFO;1 && ENABLE_IP_PKTINFO;artifact;1073;1075
src/openvpn/socket.c;1;ENABLE_IP_PKTINFO;1 && ENABLE_IP_PKTINFO;endif;1076;1076
src/openvpn/socket.c;1;1;1;artifact;1077;1143
src/openvpn/socket.c;1;DEFINED___LB__TARGET_LINUX__RB__;1 && DEFINED___LB__TARGET_LINUX__RB__;if;1144;1144
src/openvpn/socket.c;1;DEFINED___LB__TARGET_LINUX__RB__;1 && DEFINED___LB__TARGET_LINUX__RB__;artifact;1145;1153
src/openvpn/socket.c;1;DEFINED___LB__TARGET_LINUX__RB__;1 && DEFINED___LB__TARGET_LINUX__RB__;endif;1154;1154
src/openvpn/socket.c;1;1;1;artifact;1155;1158
src/openvpn/socket.c;1;TARGET_ANDROID;1 && TARGET_ANDROID;if;1159;1159
src/openvpn/socket.c;1;TARGET_ANDROID;1 && TARGET_ANDROID;artifact;1160;1180
src/openvpn/socket.c;1;TARGET_ANDROID;1 && TARGET_ANDROID;endif;1181;1181
src/openvpn/socket.c;1;1;1;artifact;1182;1245
src/openvpn/socket.c;1;0;1 && 0;if;1246;1246
src/openvpn/socket.c;1;0;1 && 0;artifact;1247;1254
src/openvpn/socket.c;1;0;1 && 0;endif;1255;1255
src/openvpn/socket.c;1;1;1;artifact;1256;1440
src/openvpn/socket.c;1;TARGET_ANDROID;1 && TARGET_ANDROID;if;1441;1441
src/openvpn/socket.c;1;TARGET_ANDROID;1 && TARGET_ANDROID;artifact;1442;1442
src/openvpn/socket.c;1;TARGET_ANDROID;1 && TARGET_ANDROID;endif;1443;1443
src/openvpn/socket.c;1;1;1;artifact;1444;1451
src/openvpn/socket.c;1;_WIN32;1 && _WIN32;if;1452;1452
src/openvpn/socket.c;1;_WIN32;1 && _WIN32;artifact;1453;1453
src/openvpn/socket.c;1;!_WIN32;!_WIN32 && 1;else;1454;1454
src/openvpn/socket.c;1;!_WIN32;!_WIN32 && 1;artifact;1455;1455
src/openvpn/socket.c;1;!_WIN32;!_WIN32 && 1;endif;1456;1456
src/openvpn/socket.c;1;1;1;artifact;1457;1460
src/openvpn/socket.c;1;POLL;1 && POLL;if;1461;1461
src/openvpn/socket.c;1;POLL;1 && POLL;artifact;1462;1465
src/openvpn/socket.c;1;!POLL;!POLL && 1;else;1466;1466
src/openvpn/socket.c;1;!POLL;!POLL && 1;artifact;1467;1475
src/openvpn/socket.c;1;!POLL;!POLL && 1;endif;1476;1476
src/openvpn/socket.c;1;1;1;artifact;1477;1494
src/openvpn/socket.c;1;_WIN32;1 && _WIN32;if;1495;1495
src/openvpn/socket.c;1;_WIN32;1 && _WIN32;artifact;1496;1496
src/openvpn/socket.c;1;!_WIN32;!_WIN32 && 1;else;1497;1497
src/openvpn/socket.c;1;!_WIN32;!_WIN32 && 1;artifact;1498;1498
src/openvpn/socket.c;1;!_WIN32;!_WIN32 && 1;endif;1499;1499
src/openvpn/socket.c;1;1;1;artifact;1500;1563
src/openvpn/socket.c;1;ENABLE_MANAGEMENT;1 && ENABLE_MANAGEMENT;if;1564;1564
src/openvpn/socket.c;1;ENABLE_MANAGEMENT;1 && ENABLE_MANAGEMENT;artifact;1565;1574
src/openvpn/socket.c;1;ENABLE_MANAGEMENT;1 && ENABLE_MANAGEMENT;endif;1575;1575
src/openvpn/socket.c;1;1;1;artifact;1576;1627
src/openvpn/socket.c;1;_WIN32;1 && _WIN32;if;1628;1628
src/openvpn/socket.c;1;_WIN32;1 && _WIN32;artifact;1629;1632
src/openvpn/socket.c;1;_WIN32;1 && _WIN32;endif;1633;1633
src/openvpn/socket.c;1;1;1;artifact;1634;1636
src/openvpn/socket.c;1;_WIN32;1 && _WIN32;if;1637;1637
src/openvpn/socket.c;1;_WIN32;1 && _WIN32;artifact;1638;1641
src/openvpn/socket.c;1;!_WIN32;!_WIN32 && 1;else;1642;1642
src/openvpn/socket.c;1;!_WIN32;!_WIN32 && 1;artifact;1643;1648
src/openvpn/socket.c;1;!_WIN32;!_WIN32 && 1;endif;1649;1649
src/openvpn/socket.c;1;1;1;artifact;1650;1853
src/openvpn/socket.c;1;ENABLE_DEBUG;1 && ENABLE_DEBUG;if;1854;1854
src/openvpn/socket.c;1;ENABLE_DEBUG;1 && ENABLE_DEBUG;artifact;1855;1855
src/openvpn/socket.c;1;ENABLE_DEBUG;1 && ENABLE_DEBUG;endif;1856;1856
src/openvpn/socket.c;1;1;1;artifact;1857;1861
src/openvpn/socket.c;1;PORT_SHARE;1 && PORT_SHARE;if;1862;1862
src/openvpn/socket.c;1;PORT_SHARE;1 && PORT_SHARE;artifact;1863;1866
src/openvpn/socket.c;1;PORT_SHARE;1 && PORT_SHARE;endif;1867;1867
src/openvpn/socket.c;1;1;1;artifact;1868;1954
src/openvpn/socket.c;1;EXTENDED_SOCKET_ERROR_CAPABILITY;1 && EXTENDED_SOCKET_ERROR_CAPABILITY;if;1955;1955
src/openvpn/socket.c;1;EXTENDED_SOCKET_ERROR_CAPABILITY;1 && EXTENDED_SOCKET_ERROR_CAPABILITY;artifact;1956;1957
src/openvpn/socket.c;1;EXTENDED_SOCKET_ERROR_CAPABILITY;1 && EXTENDED_SOCKET_ERROR_CAPABILITY;endif;1958;1958
src/openvpn/socket.c;1;1;1;artifact;1959;2128
src/openvpn/socket.c;1;DEFINED___LB___WIN32__RB__;1 && DEFINED___LB___WIN32__RB__;if;2129;2129
src/openvpn/socket.c;1;DEFINED___LB___WIN32__RB__;1 && DEFINED___LB___WIN32__RB__;artifact;2130;2162
src/openvpn/socket.c;1;DEFINED___LB___WIN32__RB__;1 && DEFINED___LB___WIN32__RB__;endif;2163;2163
src/openvpn/socket.c;1;1;1;artifact;2164;2203
src/openvpn/socket.c;1;DEFINED___LB___WIN32__RB__;1 && DEFINED___LB___WIN32__RB__;if;2204;2204
src/openvpn/socket.c;1;DEFINED___LB___WIN32__RB__;1 && DEFINED___LB___WIN32__RB__;artifact;2205;2210
src/openvpn/socket.c;1;DEFINED___LB___WIN32__RB__;1 && DEFINED___LB___WIN32__RB__;endif;2211;2211
src/openvpn/socket.c;1;1;1;artifact;2212;2264
src/openvpn/socket.c;1;TARGET_ANDROID;1 && TARGET_ANDROID;if;2265;2265
src/openvpn/socket.c;1;TARGET_ANDROID;1 && TARGET_ANDROID;artifact;2266;2269
src/openvpn/socket.c;1;TARGET_ANDROID;1 && TARGET_ANDROID;endif;2270;2270
src/openvpn/socket.c;1;1;1;artifact;2271;2298
src/openvpn/socket.c;1;ENABLE_DEBUG;1 && ENABLE_DEBUG;if;2299;2299
src/openvpn/socket.c;1;ENABLE_DEBUG;1 && ENABLE_DEBUG;artifact;2300;2300
src/openvpn/socket.c;1;!ENABLE_DEBUG;!ENABLE_DEBUG && 1;else;2301;2301
src/openvpn/socket.c;1;!ENABLE_DEBUG;!ENABLE_DEBUG && 1;artifact;2302;2302
src/openvpn/socket.c;1;!ENABLE_DEBUG;!ENABLE_DEBUG && 1;endif;2303;2303
src/openvpn/socket.c;1;1;1;artifact;2304;2306
src/openvpn/socket.c;1;_WIN32;1 && _WIN32;if;2307;2307
src/openvpn/socket.c;1;_WIN32;1 && _WIN32;artifact;2308;2308
src/openvpn/socket.c;1;_WIN32;1 && _WIN32;endif;2309;2309
src/openvpn/socket.c;1;1;1;artifact;2310;2318
src/openvpn/socket.c;1;_WIN32;1 && _WIN32;if;2319;2319
src/openvpn/socket.c;1;_WIN32;1 && _WIN32;artifact;2320;2324
src/openvpn/socket.c;1;_WIN32;1 && _WIN32;endif;2325;2325
src/openvpn/socket.c;1;1;1;artifact;2326;2531
src/openvpn/socket.c;1;_WIN32;1 && _WIN32;if;2532;2532
src/openvpn/socket.c;1;_WIN32;1 && _WIN32;artifact;2533;2534
src/openvpn/socket.c;1;_WIN32;1 && _WIN32;endif;2535;2535
src/openvpn/socket.c;1;1;1;artifact;2536;2540
src/openvpn/socket.c;1;_WIN32;1 && _WIN32;if;2541;2541
src/openvpn/socket.c;1;_WIN32;1 && _WIN32;artifact;2542;2543
src/openvpn/socket.c;1;_WIN32;1 && _WIN32;endif;2544;2544
src/openvpn/socket.c;1;1;1;artifact;2545;2579
src/openvpn/socket.c;1;PORT_SHARE;1 && PORT_SHARE;if;2580;2580
src/openvpn/socket.c;1;PORT_SHARE;1 && PORT_SHARE;artifact;2581;2583
src/openvpn/socket.c;1;PORT_SHARE;1 && PORT_SHARE;endif;2584;2584
src/openvpn/socket.c;1;1;1;artifact;2585;2658
src/openvpn/socket.c;1;PORT_SHARE;1 && PORT_SHARE;if;2659;2659
src/openvpn/socket.c;1;PORT_SHARE;1 && PORT_SHARE;artifact;2660;2673
src/openvpn/socket.c;1;PORT_SHARE;1 && PORT_SHARE;endif;2674;2674
src/openvpn/socket.c;1;1;1;artifact;2675;2723
src/openvpn/socket.c;1;_WIN32;1 && _WIN32;if;2724;2724
src/openvpn/socket.c;1;_WIN32;1 && _WIN32;artifact;2725;2729
src/openvpn/socket.c;1;!_WIN32;!_WIN32 && 1;else;2730;2730
src/openvpn/socket.c;1;!_WIN32;!_WIN32 && 1;artifact;2731;2731
src/openvpn/socket.c;1;!_WIN32;!_WIN32 && 1;endif;2732;2732
src/openvpn/socket.c;1;1;1;artifact;2733;2825
src/openvpn/socket.c;1;!IF_NAMESIZE;1 && !IF_NAMESIZE;if;2826;2826
src/openvpn/socket.c;1;!IF_NAMESIZE;1 && !IF_NAMESIZE;artifact;2827;2827
src/openvpn/socket.c;1;!IF_NAMESIZE;1 && !IF_NAMESIZE;endif;2828;2828
src/openvpn/socket.c;1;1;1;artifact;2829;2839
src/openvpn/socket.c;1;ENABLE_IP_PKTINFO;1 && ENABLE_IP_PKTINFO;if;2840;2840
src/openvpn/socket.c;1;ENABLE_IP_PKTINFO;1 && ENABLE_IP_PKTINFO;artifact;2841;2851
src/openvpn/socket.c;1;DEFINED___LB__HAVE_IN_PKTINFO__RB__ && DEFINED___LB__HAVE_IPI_SPEC_DST__RB__;1 && ENABLE_IP_PKTINFO && DEFINED___LB__HAVE_IN_PKTINFO__RB__ && DEFINED___LB__HAVE_IPI_SPEC_DST__RB__;if;2852;2852
src/openvpn/socket.c;1;DEFINED___LB__HAVE_IN_PKTINFO__RB__ && DEFINED___LB__HAVE_IPI_SPEC_DST__RB__;1 && ENABLE_IP_PKTINFO && DEFINED___LB__HAVE_IN_PKTINFO__RB__ && DEFINED___LB__HAVE_IPI_SPEC_DST__RB__;artifact;2853;2854
src/openvpn/socket.c;1;DEFINED___LB__IP_RECVDSTADDR__RB__ && (!DEFINED___LB__HAVE_IN_PKTINFO__RB__ || !DEFINED___LB__HAVE_IPI_SPEC_DST__RB__);DEFINED___LB__IP_RECVDSTADDR__RB__ && (!DEFINED___LB__HAVE_IN_PKTINFO__RB__ || !DEFINED___LB__HAVE_IPI_SPEC_DST__RB__) && 1 && ENABLE_IP_PKTINFO;elif;2855;2855
src/openvpn/socket.c;1;DEFINED___LB__IP_RECVDSTADDR__RB__ && (!DEFINED___LB__HAVE_IN_PKTINFO__RB__ || !DEFINED___LB__HAVE_IPI_SPEC_DST__RB__);DEFINED___LB__IP_RECVDSTADDR__RB__ && (!DEFINED___LB__HAVE_IN_PKTINFO__RB__ || !DEFINED___LB__HAVE_IPI_SPEC_DST__RB__) && 1 && ENABLE_IP_PKTINFO;artifact;2856;2857
src/openvpn/socket.c;1;!DEFINED___LB__IP_RECVDSTADDR__RB__ && (!DEFINED___LB__HAVE_IN_PKTINFO__RB__ || !DEFINED___LB__HAVE_IPI_SPEC_DST__RB__);!DEFINED___LB__IP_RECVDSTADDR__RB__ && (!DEFINED___LB__HAVE_IN_PKTINFO__RB__ || !DEFINED___LB__HAVE_IPI_SPEC_DST__RB__) && 1 && ENABLE_IP_PKTINFO;else;2858;2858
src/openvpn/socket.c;1;!DEFINED___LB__IP_RECVDSTADDR__RB__ && (!DEFINED___LB__HAVE_IN_PKTINFO__RB__ || !DEFINED___LB__HAVE_IPI_SPEC_DST__RB__);!DEFINED___LB__IP_RECVDSTADDR__RB__ && (!DEFINED___LB__HAVE_IN_PKTINFO__RB__ || !DEFINED___LB__HAVE_IPI_SPEC_DST__RB__) && 1 && ENABLE_IP_PKTINFO;artifact;2859;2859
src/openvpn/socket.c;1;!DEFINED___LB__IP_RECVDSTADDR__RB__ && (!DEFINED___LB__HAVE_IN_PKTINFO__RB__ || !DEFINED___LB__HAVE_IPI_SPEC_DST__RB__);!DEFINED___LB__IP_RECVDSTADDR__RB__ && (!DEFINED___LB__HAVE_IN_PKTINFO__RB__ || !DEFINED___LB__HAVE_IPI_SPEC_DST__RB__) && 1 && ENABLE_IP_PKTINFO;endif;2860;2860
src/openvpn/socket.c;1;ENABLE_IP_PKTINFO;1 && ENABLE_IP_PKTINFO;artifact;2861;2887
src/openvpn/socket.c;1;ENABLE_IP_PKTINFO;1 && ENABLE_IP_PKTINFO;endif;2888;2888
src/openvpn/socket.c;1;1;1;artifact;2889;2944
src/openvpn/socket.c;1;!UINT8_MAX;1 && !UINT8_MAX;if;2945;2945
src/openvpn/socket.c;1;!UINT8_MAX;1 && !UINT8_MAX;artifact;2946;2946
src/openvpn/socket.c;1;!UINT8_MAX;1 && !UINT8_MAX;endif;2947;2947
src/openvpn/socket.c;1;1;1;artifact;2948;3247
src/openvpn/socket.c;1;_WIN32;1 && _WIN32;if;3248;3248
src/openvpn/socket.c;1;_WIN32;1 && _WIN32;artifact;3249;3250
src/openvpn/socket.c;1;!_WIN32;!_WIN32 && 1;else;3251;3251
src/openvpn/socket.c;1;!_WIN32;!_WIN32 && 1;artifact;3252;3254
src/openvpn/socket.c;1;!_WIN32;!_WIN32 && 1;endif;3255;3255
src/openvpn/socket.c;1;1;1;artifact;3256;3279
src/openvpn/socket.c;1;!_WIN32;1 && !_WIN32;if;3280;3280
src/openvpn/socket.c;1;!_WIN32;1 && !_WIN32;artifact;3281;3281
src/openvpn/socket.c;1;ENABLE_IP_PKTINFO;1 && !_WIN32 && ENABLE_IP_PKTINFO;if;3282;3282
src/openvpn/socket.c;1;ENABLE_IP_PKTINFO;1 && !_WIN32 && ENABLE_IP_PKTINFO;artifact;3283;3286
src/openvpn/socket.c;1;DEFINED___LB__HAVE_IN_PKTINFO__RB__ && DEFINED___LB__HAVE_IPI_SPEC_DST__RB__;1 && !_WIN32 && ENABLE_IP_PKTINFO && DEFINED___LB__HAVE_IN_PKTINFO__RB__ && DEFINED___LB__HAVE_IPI_SPEC_DST__RB__;if;3287;3287
src/openvpn/socket.c;1;DEFINED___LB__HAVE_IN_PKTINFO__RB__ && DEFINED___LB__HAVE_IPI_SPEC_DST__RB__;1 && !_WIN32 && ENABLE_IP_PKTINFO && DEFINED___LB__HAVE_IN_PKTINFO__RB__ && DEFINED___LB__HAVE_IPI_SPEC_DST__RB__;artifact;3288;3289
src/openvpn/socket.c;1;!DEFINED___LB__HAVE_IN_PKTINFO__RB__ || !DEFINED___LB__HAVE_IPI_SPEC_DST__RB__;(!DEFINED___LB__HAVE_IN_PKTINFO__RB__ || !DEFINED___LB__HAVE_IPI_SPEC_DST__RB__) && 1 && !_WIN32 && ENABLE_IP_PKTINFO;else;3290;3290
src/openvpn/socket.c;1;!DEFINED___LB__HAVE_IN_PKTINFO__RB__ || !DEFINED___LB__HAVE_IPI_SPEC_DST__RB__;(!DEFINED___LB__HAVE_IN_PKTINFO__RB__ || !DEFINED___LB__HAVE_IPI_SPEC_DST__RB__) && 1 && !_WIN32 && ENABLE_IP_PKTINFO;artifact;3291;3292
src/openvpn/socket.c;1;!DEFINED___LB__HAVE_IN_PKTINFO__RB__ || !DEFINED___LB__HAVE_IPI_SPEC_DST__RB__;(!DEFINED___LB__HAVE_IN_PKTINFO__RB__ || !DEFINED___LB__HAVE_IPI_SPEC_DST__RB__) && 1 && !_WIN32 && ENABLE_IP_PKTINFO;endif;3293;3293
src/openvpn/socket.c;1;ENABLE_IP_PKTINFO;1 && !_WIN32 && ENABLE_IP_PKTINFO;artifact;3294;3322
src/openvpn/socket.c;1;DEFINED___LB__HAVE_IN_PKTINFO__RB__ && DEFINED___LB__HAVE_IPI_SPEC_DST__RB__;1 && !_WIN32 && ENABLE_IP_PKTINFO && DEFINED___LB__HAVE_IN_PKTINFO__RB__ && DEFINED___LB__HAVE_IPI_SPEC_DST__RB__;if;3323;3323
src/openvpn/socket.c;1;DEFINED___LB__HAVE_IN_PKTINFO__RB__ && DEFINED___LB__HAVE_IPI_SPEC_DST__RB__;1 && !_WIN32 && ENABLE_IP_PKTINFO && DEFINED___LB__HAVE_IN_PKTINFO__RB__ && DEFINED___LB__HAVE_IPI_SPEC_DST__RB__;artifact;3324;3326
src/openvpn/socket.c;1;DEFINED___LB__IP_RECVDSTADDR__RB__ && (!DEFINED___LB__HAVE_IN_PKTINFO__RB__ || !DEFINED___LB__HAVE_IPI_SPEC_DST__RB__);DEFINED___LB__IP_RECVDSTADDR__RB__ && (!DEFINED___LB__HAVE_IN_PKTINFO__RB__ || !DEFINED___LB__HAVE_IPI_SPEC_DST__RB__) && 1 && !_WIN32 && ENABLE_IP_PKTINFO;elif;3327;3327
src/openvpn/socket.c;1;DEFINED___LB__IP_RECVDSTADDR__RB__ && (!DEFINED___LB__HAVE_IN_PKTINFO__RB__ || !DEFINED___LB__HAVE_IPI_SPEC_DST__RB__);DEFINED___LB__IP_RECVDSTADDR__RB__ && (!DEFINED___LB__HAVE_IN_PKTINFO__RB__ || !DEFINED___LB__HAVE_IPI_SPEC_DST__RB__) && 1 && !_WIN32 && ENABLE_IP_PKTINFO;artifact;3328;3330
src/openvpn/socket.c;1;!DEFINED___LB__IP_RECVDSTADDR__RB__ && (!DEFINED___LB__HAVE_IN_PKTINFO__RB__ || !DEFINED___LB__HAVE_IPI_SPEC_DST__RB__);!DEFINED___LB__IP_RECVDSTADDR__RB__ && (!DEFINED___LB__HAVE_IN_PKTINFO__RB__ || !DEFINED___LB__HAVE_IPI_SPEC_DST__RB__) && 1 && !_WIN32 && ENABLE_IP_PKTINFO;else;3331;3331
src/openvpn/socket.c;1;!DEFINED___LB__IP_RECVDSTADDR__RB__ && (!DEFINED___LB__HAVE_IN_PKTINFO__RB__ || !DEFINED___LB__HAVE_IPI_SPEC_DST__RB__);!DEFINED___LB__IP_RECVDSTADDR__RB__ && (!DEFINED___LB__HAVE_IN_PKTINFO__RB__ || !DEFINED___LB__HAVE_IPI_SPEC_DST__RB__) && 1 && !_WIN32 && ENABLE_IP_PKTINFO;artifact;3332;3332
src/openvpn/socket.c;1;!DEFINED___LB__IP_RECVDSTADDR__RB__ && (!DEFINED___LB__HAVE_IN_PKTINFO__RB__ || !DEFINED___LB__HAVE_IPI_SPEC_DST__RB__);!DEFINED___LB__IP_RECVDSTADDR__RB__ && (!DEFINED___LB__HAVE_IN_PKTINFO__RB__ || !DEFINED___LB__HAVE_IPI_SPEC_DST__RB__) && 1 && !_WIN32 && ENABLE_IP_PKTINFO;endif;3333;3333
src/openvpn/socket.c;1;ENABLE_IP_PKTINFO;1 && !_WIN32 && ENABLE_IP_PKTINFO;artifact;3334;3334
src/openvpn/socket.c;1;DEFINED___LB__HAVE_IN_PKTINFO__RB__ && DEFINED___LB__HAVE_IPI_SPEC_DST__RB__;1 && !_WIN32 && ENABLE_IP_PKTINFO && DEFINED___LB__HAVE_IN_PKTINFO__RB__ && DEFINED___LB__HAVE_IPI_SPEC_DST__RB__;if;3335;3335
src/openvpn/socket.c;1;DEFINED___LB__HAVE_IN_PKTINFO__RB__ && DEFINED___LB__HAVE_IPI_SPEC_DST__RB__;1 && !_WIN32 && ENABLE_IP_PKTINFO && DEFINED___LB__HAVE_IN_PKTINFO__RB__ && DEFINED___LB__HAVE_IPI_SPEC_DST__RB__;artifact;3336;3338
src/openvpn/socket.c;1;DEFINED___LB__IP_RECVDSTADDR__RB__ && (!DEFINED___LB__HAVE_IN_PKTINFO__RB__ || !DEFINED___LB__HAVE_IPI_SPEC_DST__RB__);DEFINED___LB__IP_RECVDSTADDR__RB__ && (!DEFINED___LB__HAVE_IN_PKTINFO__RB__ || !DEFINED___LB__HAVE_IPI_SPEC_DST__RB__) && 1 && !_WIN32 && ENABLE_IP_PKTINFO;elif;3339;3339
src/openvpn/socket.c;1;DEFINED___LB__IP_RECVDSTADDR__RB__ && (!DEFINED___LB__HAVE_IN_PKTINFO__RB__ || !DEFINED___LB__HAVE_IPI_SPEC_DST__RB__);DEFINED___LB__IP_RECVDSTADDR__RB__ && (!DEFINED___LB__HAVE_IN_PKTINFO__RB__ || !DEFINED___LB__HAVE_IPI_SPEC_DST__RB__) && 1 && !_WIN32 && ENABLE_IP_PKTINFO;artifact;3340;3340
src/openvpn/socket.c;1;!DEFINED___LB__IP_RECVDSTADDR__RB__ && (!DEFINED___LB__HAVE_IN_PKTINFO__RB__ || !DEFINED___LB__HAVE_IPI_SPEC_DST__RB__);!DEFINED___LB__IP_RECVDSTADDR__RB__ && (!DEFINED___LB__HAVE_IN_PKTINFO__RB__ || !DEFINED___LB__HAVE_IPI_SPEC_DST__RB__) && 1 && !_WIN32 && ENABLE_IP_PKTINFO;else;3341;3341
src/openvpn/socket.c;1;!DEFINED___LB__IP_RECVDSTADDR__RB__ && (!DEFINED___LB__HAVE_IN_PKTINFO__RB__ || !DEFINED___LB__HAVE_IPI_SPEC_DST__RB__);!DEFINED___LB__IP_RECVDSTADDR__RB__ && (!DEFINED___LB__HAVE_IN_PKTINFO__RB__ || !DEFINED___LB__HAVE_IPI_SPEC_DST__RB__) && 1 && !_WIN32 && ENABLE_IP_PKTINFO;artifact;3342;3342
src/openvpn/socket.c;1;!DEFINED___LB__IP_RECVDSTADDR__RB__ && (!DEFINED___LB__HAVE_IN_PKTINFO__RB__ || !DEFINED___LB__HAVE_IPI_SPEC_DST__RB__);!DEFINED___LB__IP_RECVDSTADDR__RB__ && (!DEFINED___LB__HAVE_IN_PKTINFO__RB__ || !DEFINED___LB__HAVE_IPI_SPEC_DST__RB__) && 1 && !_WIN32 && ENABLE_IP_PKTINFO;endif;3343;3343
src/openvpn/socket.c;1;ENABLE_IP_PKTINFO;1 && !_WIN32 && ENABLE_IP_PKTINFO;artifact;3344;3362
src/openvpn/socket.c;1;ENABLE_IP_PKTINFO;1 && !_WIN32 && ENABLE_IP_PKTINFO;endif;3363;3363
src/openvpn/socket.c;1;!_WIN32;1 && !_WIN32;artifact;3364;3375
src/openvpn/socket.c;1;ENABLE_IP_PKTINFO;1 && !_WIN32 && ENABLE_IP_PKTINFO;if;3376;3376
src/openvpn/socket.c;1;ENABLE_IP_PKTINFO;1 && !_WIN32 && ENABLE_IP_PKTINFO;artifact;3377;3382
src/openvpn/socket.c;1;ENABLE_IP_PKTINFO;1 && !_WIN32 && ENABLE_IP_PKTINFO;endif;3383;3383
src/openvpn/socket.c;1;!_WIN32;1 && !_WIN32;artifact;3384;3393
src/openvpn/socket.c;1;!_WIN32;1 && !_WIN32;endif;3394;3394
src/openvpn/socket.c;1;1;1;artifact;3395;3409
src/openvpn/socket.c;1;_WIN32;1 && _WIN32;if;3410;3410
src/openvpn/socket.c;1;_WIN32;1 && _WIN32;artifact;3411;3411
src/openvpn/socket.c;1;!_WIN32;!_WIN32 && 1;else;3412;3412
src/openvpn/socket.c;1;!_WIN32;!_WIN32 && 1;artifact;3413;3413
src/openvpn/socket.c;1;!_WIN32;!_WIN32 && 1;endif;3414;3414
src/openvpn/socket.c;1;1;1;artifact;3415;3416
src/openvpn/socket.c;1;ENABLE_IP_PKTINFO;1 && ENABLE_IP_PKTINFO;if;3417;3417
src/openvpn/socket.c;1;ENABLE_IP_PKTINFO;1 && ENABLE_IP_PKTINFO;artifact;3418;3440
src/openvpn/socket.c;1;DEFINED___LB__HAVE_IN_PKTINFO__RB__ && DEFINED___LB__HAVE_IPI_SPEC_DST__RB__;1 && ENABLE_IP_PKTINFO && DEFINED___LB__HAVE_IN_PKTINFO__RB__ && DEFINED___LB__HAVE_IPI_SPEC_DST__RB__;if;3441;3441
src/openvpn/socket.c;1;DEFINED___LB__HAVE_IN_PKTINFO__RB__ && DEFINED___LB__HAVE_IPI_SPEC_DST__RB__;1 && ENABLE_IP_PKTINFO && DEFINED___LB__HAVE_IN_PKTINFO__RB__ && DEFINED___LB__HAVE_IPI_SPEC_DST__RB__;artifact;3442;3453
src/openvpn/socket.c;1;DEFINED___LB__IP_RECVDSTADDR__RB__ && (!DEFINED___LB__HAVE_IN_PKTINFO__RB__ || !DEFINED___LB__HAVE_IPI_SPEC_DST__RB__);DEFINED___LB__IP_RECVDSTADDR__RB__ && (!DEFINED___LB__HAVE_IN_PKTINFO__RB__ || !DEFINED___LB__HAVE_IPI_SPEC_DST__RB__) && 1 && ENABLE_IP_PKTINFO;elif;3454;3454
src/openvpn/socket.c;1;DEFINED___LB__IP_RECVDSTADDR__RB__ && (!DEFINED___LB__HAVE_IN_PKTINFO__RB__ || !DEFINED___LB__HAVE_IPI_SPEC_DST__RB__);DEFINED___LB__IP_RECVDSTADDR__RB__ && (!DEFINED___LB__HAVE_IN_PKTINFO__RB__ || !DEFINED___LB__HAVE_IPI_SPEC_DST__RB__) && 1 && ENABLE_IP_PKTINFO;artifact;3455;3461
src/openvpn/socket.c;1;!DEFINED___LB__IP_RECVDSTADDR__RB__ && (!DEFINED___LB__HAVE_IN_PKTINFO__RB__ || !DEFINED___LB__HAVE_IPI_SPEC_DST__RB__);!DEFINED___LB__IP_RECVDSTADDR__RB__ && (!DEFINED___LB__HAVE_IN_PKTINFO__RB__ || !DEFINED___LB__HAVE_IPI_SPEC_DST__RB__) && 1 && ENABLE_IP_PKTINFO;else;3462;3462
src/openvpn/socket.c;1;!DEFINED___LB__IP_RECVDSTADDR__RB__ && (!DEFINED___LB__HAVE_IN_PKTINFO__RB__ || !DEFINED___LB__HAVE_IPI_SPEC_DST__RB__);!DEFINED___LB__IP_RECVDSTADDR__RB__ && (!DEFINED___LB__HAVE_IN_PKTINFO__RB__ || !DEFINED___LB__HAVE_IPI_SPEC_DST__RB__) && 1 && ENABLE_IP_PKTINFO;artifact;3463;3463
src/openvpn/socket.c;1;!DEFINED___LB__IP_RECVDSTADDR__RB__ && (!DEFINED___LB__HAVE_IN_PKTINFO__RB__ || !DEFINED___LB__HAVE_IPI_SPEC_DST__RB__);!DEFINED___LB__IP_RECVDSTADDR__RB__ && (!DEFINED___LB__HAVE_IN_PKTINFO__RB__ || !DEFINED___LB__HAVE_IPI_SPEC_DST__RB__) && 1 && ENABLE_IP_PKTINFO;endif;3464;3464
src/openvpn/socket.c;1;ENABLE_IP_PKTINFO;1 && ENABLE_IP_PKTINFO;artifact;3465;3493
src/openvpn/socket.c;1;ENABLE_IP_PKTINFO;1 && ENABLE_IP_PKTINFO;endif;3494;3494
src/openvpn/socket.c;1;1;1;artifact;3495;3499
src/openvpn/socket.c;1;_WIN32;1 && _WIN32;if;3500;3500
src/openvpn/socket.c;1;_WIN32;1 && _WIN32;artifact;3501;3868
src/openvpn/socket.c;1;_WIN32;1 && _WIN32;endif;3869;3869
src/openvpn/socket.c;1;1;1;artifact;3870;3889
src/openvpn/socket.c;1;_WIN32;1 && _WIN32;if;3890;3890
src/openvpn/socket.c;1;_WIN32;1 && _WIN32;artifact;3891;3894
src/openvpn/socket.c;1;_WIN32;1 && _WIN32;endif;3895;3895
src/openvpn/socket.c;1;1;1;artifact;3896;3921
src/openvpn/socket.c;1;UNIX_SOCK_SUPPORT;1 && UNIX_SOCK_SUPPORT;if;3922;3922
src/openvpn/socket.c;1;UNIX_SOCK_SUPPORT;1 && UNIX_SOCK_SUPPORT;artifact;3923;4028
src/openvpn/socket.c;1;HAVE_GETPEEREID;1 && UNIX_SOCK_SUPPORT && HAVE_GETPEEREID;if;4029;4029
src/openvpn/socket.c;1;HAVE_GETPEEREID;1 && UNIX_SOCK_SUPPORT && HAVE_GETPEEREID;artifact;4030;4044
src/openvpn/socket.c;1;DEFINED___LB__SO_PEERCRED__RB__ && !HAVE_GETPEEREID;DEFINED___LB__SO_PEERCRED__RB__ && !HAVE_GETPEEREID && 1 && UNIX_SOCK_SUPPORT;elif;4045;4045
src/openvpn/socket.c;1;DEFINED___LB__SO_PEERCRED__RB__ && !HAVE_GETPEEREID;DEFINED___LB__SO_PEERCRED__RB__ && !HAVE_GETPEEREID && 1 && UNIX_SOCK_SUPPORT;artifact;4046;4060
src/openvpn/socket.c;1;!DEFINED___LB__SO_PEERCRED__RB__ && !HAVE_GETPEEREID;!DEFINED___LB__SO_PEERCRED__RB__ && !HAVE_GETPEEREID && 1 && UNIX_SOCK_SUPPORT;else;4061;4061
src/openvpn/socket.c;1;!DEFINED___LB__SO_PEERCRED__RB__ && !HAVE_GETPEEREID;!DEFINED___LB__SO_PEERCRED__RB__ && !HAVE_GETPEEREID && 1 && UNIX_SOCK_SUPPORT;artifact;4062;4062
src/openvpn/socket.c;1;!DEFINED___LB__SO_PEERCRED__RB__ && !HAVE_GETPEEREID;!DEFINED___LB__SO_PEERCRED__RB__ && !HAVE_GETPEEREID && 1 && UNIX_SOCK_SUPPORT;endif;4063;4063
src/openvpn/socket.c;1;UNIX_SOCK_SUPPORT;1 && UNIX_SOCK_SUPPORT;artifact;4064;4065
src/openvpn/socket.c;1;UNIX_SOCK_SUPPORT;1 && UNIX_SOCK_SUPPORT;endif;4066;4066
src/openvpn/socket.c;1;1;1;artifact;4067;4067
src/openvpn/socket.h;1;1;1;ROOT;1;1289
src/openvpn/socket.h;1;1;1;artifact;1;23
src/openvpn/socket.h;1;!SOCKET_H;1 && !SOCKET_H;if;24;24
src/openvpn/socket.h;1;!SOCKET_H;1 && !SOCKET_H;artifact;25;90
src/openvpn/socket.h;1;ENABLE_IP_PKTINFO;1 && !SOCKET_H && ENABLE_IP_PKTINFO;if;91;91
src/openvpn/socket.h;1;ENABLE_IP_PKTINFO;1 && !SOCKET_H && ENABLE_IP_PKTINFO;artifact;92;92
src/openvpn/socket.h;1;DEFINED___LB__HAVE_IN_PKTINFO__RB__ && DEFINED___LB__HAVE_IPI_SPEC_DST__RB__;1 && !SOCKET_H && ENABLE_IP_PKTINFO && DEFINED___LB__HAVE_IN_PKTINFO__RB__ && DEFINED___LB__HAVE_IPI_SPEC_DST__RB__;if;93;93
src/openvpn/socket.h;1;DEFINED___LB__HAVE_IN_PKTINFO__RB__ && DEFINED___LB__HAVE_IPI_SPEC_DST__RB__;1 && !SOCKET_H && ENABLE_IP_PKTINFO && DEFINED___LB__HAVE_IN_PKTINFO__RB__ && DEFINED___LB__HAVE_IPI_SPEC_DST__RB__;artifact;94;94
src/openvpn/socket.h;1;DEFINED___LB__IP_RECVDSTADDR__RB__ && (!DEFINED___LB__HAVE_IN_PKTINFO__RB__ || !DEFINED___LB__HAVE_IPI_SPEC_DST__RB__);DEFINED___LB__IP_RECVDSTADDR__RB__ && (!DEFINED___LB__HAVE_IN_PKTINFO__RB__ || !DEFINED___LB__HAVE_IPI_SPEC_DST__RB__) && 1 && !SOCKET_H && ENABLE_IP_PKTINFO;elif;95;95
src/openvpn/socket.h;1;DEFINED___LB__IP_RECVDSTADDR__RB__ && (!DEFINED___LB__HAVE_IN_PKTINFO__RB__ || !DEFINED___LB__HAVE_IPI_SPEC_DST__RB__);DEFINED___LB__IP_RECVDSTADDR__RB__ && (!DEFINED___LB__HAVE_IN_PKTINFO__RB__ || !DEFINED___LB__HAVE_IPI_SPEC_DST__RB__) && 1 && !SOCKET_H && ENABLE_IP_PKTINFO;artifact;96;96
src/openvpn/socket.h;1;DEFINED___LB__IP_RECVDSTADDR__RB__ && (!DEFINED___LB__HAVE_IN_PKTINFO__RB__ || !DEFINED___LB__HAVE_IPI_SPEC_DST__RB__);DEFINED___LB__IP_RECVDSTADDR__RB__ && (!DEFINED___LB__HAVE_IN_PKTINFO__RB__ || !DEFINED___LB__HAVE_IPI_SPEC_DST__RB__) && 1 && !SOCKET_H && ENABLE_IP_PKTINFO;endif;97;97
src/openvpn/socket.h;1;ENABLE_IP_PKTINFO;1 && !SOCKET_H && ENABLE_IP_PKTINFO;artifact;98;99
src/openvpn/socket.h;1;ENABLE_IP_PKTINFO;1 && !SOCKET_H && ENABLE_IP_PKTINFO;endif;100;100
src/openvpn/socket.h;1;!SOCKET_H;1 && !SOCKET_H;artifact;101;142
src/openvpn/socket.h;1;PORT_SHARE;1 && !SOCKET_H && PORT_SHARE;if;143;143
src/openvpn/socket.h;1;PORT_SHARE;1 && !SOCKET_H && PORT_SHARE;artifact;144;147
src/openvpn/socket.h;1;PORT_SHARE;1 && !SOCKET_H && PORT_SHARE;endif;148;148
src/openvpn/socket.h;1;!SOCKET_H;1 && !SOCKET_H;artifact;149;171
src/openvpn/socket.h;1;_WIN32;1 && !SOCKET_H && _WIN32;if;172;172
src/openvpn/socket.h;1;_WIN32;1 && !SOCKET_H && _WIN32;artifact;173;176
src/openvpn/socket.h;1;_WIN32;1 && !SOCKET_H && _WIN32;endif;177;177
src/openvpn/socket.h;1;!SOCKET_H;1 && !SOCKET_H;artifact;178;233
src/openvpn/socket.h;1;PASSTOS_CAPABILITY;1 && !SOCKET_H && PASSTOS_CAPABILITY;if;234;234
src/openvpn/socket.h;1;PASSTOS_CAPABILITY;1 && !SOCKET_H && PASSTOS_CAPABILITY;artifact;235;235
src/openvpn/socket.h;1;DEFINED___LB__TARGET_LINUX__RB__;1 && !SOCKET_H && PASSTOS_CAPABILITY && DEFINED___LB__TARGET_LINUX__RB__;if;236;236
src/openvpn/socket.h;1;DEFINED___LB__TARGET_LINUX__RB__;1 && !SOCKET_H && PASSTOS_CAPABILITY && DEFINED___LB__TARGET_LINUX__RB__;artifact;237;237
src/openvpn/socket.h;1;!DEFINED___LB__TARGET_LINUX__RB__;!DEFINED___LB__TARGET_LINUX__RB__ && 1 && !SOCKET_H && PASSTOS_CAPABILITY;else;238;238
src/openvpn/socket.h;1;!DEFINED___LB__TARGET_LINUX__RB__;!DEFINED___LB__TARGET_LINUX__RB__ && 1 && !SOCKET_H && PASSTOS_CAPABILITY;artifact;239;239
src/openvpn/socket.h;1;!DEFINED___LB__TARGET_LINUX__RB__;!DEFINED___LB__TARGET_LINUX__RB__ && 1 && !SOCKET_H && PASSTOS_CAPABILITY;endif;240;240
src/openvpn/socket.h;1;PASSTOS_CAPABILITY;1 && !SOCKET_H && PASSTOS_CAPABILITY;artifact;241;241
src/openvpn/socket.h;1;PASSTOS_CAPABILITY;1 && !SOCKET_H && PASSTOS_CAPABILITY;endif;242;242
src/openvpn/socket.h;1;!SOCKET_H;1 && !SOCKET_H;artifact;243;243
src/openvpn/socket.h;1;ENABLE_DEBUG;1 && !SOCKET_H && ENABLE_DEBUG;if;244;244
src/openvpn/socket.h;1;ENABLE_DEBUG;1 && !SOCKET_H && ENABLE_DEBUG;artifact;245;245
src/openvpn/socket.h;1;ENABLE_DEBUG;1 && !SOCKET_H && ENABLE_DEBUG;endif;246;246
src/openvpn/socket.h;1;!SOCKET_H;1 && !SOCKET_H;artifact;247;252
src/openvpn/socket.h;1;!MSG_NOSIGNAL;1 && !SOCKET_H && !MSG_NOSIGNAL;if;253;253
src/openvpn/socket.h;1;!MSG_NOSIGNAL;1 && !SOCKET_H && !MSG_NOSIGNAL;artifact;254;254
src/openvpn/socket.h;1;!MSG_NOSIGNAL;1 && !SOCKET_H && !MSG_NOSIGNAL;endif;255;255
src/openvpn/socket.h;1;!SOCKET_H;1 && !SOCKET_H;artifact;256;256
src/openvpn/socket.h;1;_WIN32;1 && !SOCKET_H && _WIN32;if;257;257
src/openvpn/socket.h;1;_WIN32;1 && !SOCKET_H && _WIN32;artifact;258;305
src/openvpn/socket.h;1;!_WIN32;!_WIN32 && 1 && !SOCKET_H;else;306;306
src/openvpn/socket.h;1;!_WIN32;!_WIN32 && 1 && !SOCKET_H;artifact;307;309
src/openvpn/socket.h;1;!_WIN32;!_WIN32 && 1 && !SOCKET_H;endif;310;310
src/openvpn/socket.h;1;!SOCKET_H;1 && !SOCKET_H;artifact;311;475
src/openvpn/socket.h;1;UNIX_SOCK_SUPPORT;1 && !SOCKET_H && UNIX_SOCK_SUPPORT;if;476;476
src/openvpn/socket.h;1;UNIX_SOCK_SUPPORT;1 && !SOCKET_H && UNIX_SOCK_SUPPORT;artifact;477;497
src/openvpn/socket.h;1;UNIX_SOCK_SUPPORT;1 && !SOCKET_H && UNIX_SOCK_SUPPORT;endif;498;498
src/openvpn/socket.h;1;!SOCKET_H;1 && !SOCKET_H;artifact;499;687
src/openvpn/socket.h;1;ENABLE_IP_PKTINFO;1 && !SOCKET_H && ENABLE_IP_PKTINFO;if;688;688
src/openvpn/socket.h;1;ENABLE_IP_PKTINFO;1 && !SOCKET_H && ENABLE_IP_PKTINFO;artifact;689;694
src/openvpn/socket.h;1;DEFINED___LB__HAVE_IN_PKTINFO__RB__ && DEFINED___LB__HAVE_IPI_SPEC_DST__RB__;1 && !SOCKET_H && ENABLE_IP_PKTINFO && DEFINED___LB__HAVE_IN_PKTINFO__RB__ && DEFINED___LB__HAVE_IPI_SPEC_DST__RB__;if;695;695
src/openvpn/socket.h;1;DEFINED___LB__HAVE_IN_PKTINFO__RB__ && DEFINED___LB__HAVE_IPI_SPEC_DST__RB__;1 && !SOCKET_H && ENABLE_IP_PKTINFO && DEFINED___LB__HAVE_IN_PKTINFO__RB__ && DEFINED___LB__HAVE_IPI_SPEC_DST__RB__;artifact;696;697
src/openvpn/socket.h;1;DEFINED___LB__IP_RECVDSTADDR__RB__ && (!DEFINED___LB__HAVE_IN_PKTINFO__RB__ || !DEFINED___LB__HAVE_IPI_SPEC_DST__RB__);DEFINED___LB__IP_RECVDSTADDR__RB__ && (!DEFINED___LB__HAVE_IN_PKTINFO__RB__ || !DEFINED___LB__HAVE_IPI_SPEC_DST__RB__) && 1 && !SOCKET_H && ENABLE_IP_PKTINFO;elif;698;698
src/openvpn/socket.h;1;DEFINED___LB__IP_RECVDSTADDR__RB__ && (!DEFINED___LB__HAVE_IN_PKTINFO__RB__ || !DEFINED___LB__HAVE_IPI_SPEC_DST__RB__);DEFINED___LB__IP_RECVDSTADDR__RB__ && (!DEFINED___LB__HAVE_IN_PKTINFO__RB__ || !DEFINED___LB__HAVE_IPI_SPEC_DST__RB__) && 1 && !SOCKET_H && ENABLE_IP_PKTINFO;artifact;699;700
src/openvpn/socket.h;1;DEFINED___LB__IP_RECVDSTADDR__RB__ && (!DEFINED___LB__HAVE_IN_PKTINFO__RB__ || !DEFINED___LB__HAVE_IPI_SPEC_DST__RB__);DEFINED___LB__IP_RECVDSTADDR__RB__ && (!DEFINED___LB__HAVE_IN_PKTINFO__RB__ || !DEFINED___LB__HAVE_IPI_SPEC_DST__RB__) && 1 && !SOCKET_H && ENABLE_IP_PKTINFO;endif;701;701
src/openvpn/socket.h;1;ENABLE_IP_PKTINFO;1 && !SOCKET_H && ENABLE_IP_PKTINFO;artifact;702;705
src/openvpn/socket.h;1;!ENABLE_IP_PKTINFO;!ENABLE_IP_PKTINFO && 1 && !SOCKET_H;else;706;706
src/openvpn/socket.h;1;!ENABLE_IP_PKTINFO;!ENABLE_IP_PKTINFO && 1 && !SOCKET_H;artifact;707;707
src/openvpn/socket.h;1;!ENABLE_IP_PKTINFO;!ENABLE_IP_PKTINFO && 1 && !SOCKET_H;endif;708;708
src/openvpn/socket.h;1;!SOCKET_H;1 && !SOCKET_H;artifact;709;875
src/openvpn/socket.h;1;0;1 && !SOCKET_H && 0;if;876;876
src/openvpn/socket.h;1;0;1 && !SOCKET_H && 0;artifact;877;879
src/openvpn/socket.h;1;0;1 && !SOCKET_H && 0;endif;880;880
src/openvpn/socket.h;1;!SOCKET_H;1 && !SOCKET_H;artifact;881;890
src/openvpn/socket.h;1;PORT_SHARE;1 && !SOCKET_H && PORT_SHARE;if;891;891
src/openvpn/socket.h;1;PORT_SHARE;1 && !SOCKET_H && PORT_SHARE;artifact;892;911
src/openvpn/socket.h;1;PORT_SHARE;1 && !SOCKET_H && PORT_SHARE;endif;912;912
src/openvpn/socket.h;1;!SOCKET_H;1 && !SOCKET_H;artifact;913;925
src/openvpn/socket.h;1;_WIN32;1 && !SOCKET_H && _WIN32;if;926;926
src/openvpn/socket.h;1;_WIN32;1 && !SOCKET_H && _WIN32;artifact;927;928
src/openvpn/socket.h;1;!_WIN32;!_WIN32 && 1 && !SOCKET_H;else;929;929
src/openvpn/socket.h;1;!_WIN32;!_WIN32 && 1 && !SOCKET_H;artifact;930;930
src/openvpn/socket.h;1;!_WIN32;!_WIN32 && 1 && !SOCKET_H;endif;931;931
src/openvpn/socket.h;1;!SOCKET_H;1 && !SOCKET_H;artifact;932;1041
src/openvpn/socket.h;1;_WIN32;1 && !SOCKET_H && _WIN32;if;1042;1042
src/openvpn/socket.h;1;_WIN32;1 && !SOCKET_H && _WIN32;artifact;1043;1057
src/openvpn/socket.h;1;!_WIN32;!_WIN32 && 1 && !SOCKET_H;else;1058;1058
src/openvpn/socket.h;1;!_WIN32;!_WIN32 && 1 && !SOCKET_H;artifact;1059;1063
src/openvpn/socket.h;1;!_WIN32;!_WIN32 && 1 && !SOCKET_H;endif;1064;1064
src/openvpn/socket.h;1;!SOCKET_H;1 && !SOCKET_H;artifact;1065;1077
src/openvpn/socket.h;1;_WIN32;1 && !SOCKET_H && _WIN32;if;1078;1078
src/openvpn/socket.h;1;_WIN32;1 && !SOCKET_H && _WIN32;artifact;1079;1079
src/openvpn/socket.h;1;!_WIN32;!_WIN32 && 1 && !SOCKET_H;else;1080;1080
src/openvpn/socket.h;1;!_WIN32;!_WIN32 && 1 && !SOCKET_H;artifact;1081;1081
src/openvpn/socket.h;1;!_WIN32;!_WIN32 && 1 && !SOCKET_H;endif;1082;1082
src/openvpn/socket.h;1;!SOCKET_H;1 && !SOCKET_H;artifact;1083;1105
src/openvpn/socket.h;1;_WIN32;1 && !SOCKET_H && _WIN32;if;1106;1106
src/openvpn/socket.h;1;_WIN32;1 && !SOCKET_H && _WIN32;artifact;1107;1135
src/openvpn/socket.h;1;!_WIN32;!_WIN32 && 1 && !SOCKET_H;else;1136;1136
src/openvpn/socket.h;1;!_WIN32;!_WIN32 && 1 && !SOCKET_H;artifact;1137;1147
src/openvpn/socket.h;1;ENABLE_IP_PKTINFO;!_WIN32 && 1 && !SOCKET_H && ENABLE_IP_PKTINFO;if;1148;1148
src/openvpn/socket.h;1;ENABLE_IP_PKTINFO;!_WIN32 && 1 && !SOCKET_H && ENABLE_IP_PKTINFO;artifact;1149;1154
src/openvpn/socket.h;1;ENABLE_IP_PKTINFO;!_WIN32 && 1 && !SOCKET_H && ENABLE_IP_PKTINFO;endif;1155;1155
src/openvpn/socket.h;1;!_WIN32;!_WIN32 && 1 && !SOCKET_H;artifact;1156;1168
src/openvpn/socket.h;1;!_WIN32;!_WIN32 && 1 && !SOCKET_H;endif;1169;1169
src/openvpn/socket.h;1;!SOCKET_H;1 && !SOCKET_H;artifact;1170;1175
src/openvpn/socket.h;1;_WIN32;1 && !SOCKET_H && _WIN32;if;1176;1176
src/openvpn/socket.h;1;_WIN32;1 && !SOCKET_H && _WIN32;artifact;1177;1177
src/openvpn/socket.h;1;!_WIN32;!_WIN32 && 1 && !SOCKET_H;else;1178;1178
src/openvpn/socket.h;1;!_WIN32;!_WIN32 && 1 && !SOCKET_H;artifact;1179;1179
src/openvpn/socket.h;1;!_WIN32;!_WIN32 && 1 && !SOCKET_H;endif;1180;1180
src/openvpn/socket.h;1;!SOCKET_H;1 && !SOCKET_H;artifact;1181;1204
src/openvpn/socket.h;1;PASSTOS_CAPABILITY;1 && !SOCKET_H && PASSTOS_CAPABILITY;if;1205;1205
src/openvpn/socket.h;1;PASSTOS_CAPABILITY;1 && !SOCKET_H && PASSTOS_CAPABILITY;artifact;1206;1233
src/openvpn/socket.h;1;PASSTOS_CAPABILITY;1 && !SOCKET_H && PASSTOS_CAPABILITY;endif;1234;1234
src/openvpn/socket.h;1;!SOCKET_H;1 && !SOCKET_H;artifact;1235;1248
src/openvpn/socket.h;1;_WIN32;1 && !SOCKET_H && _WIN32;if;1249;1249
src/openvpn/socket.h;1;_WIN32;1 && !SOCKET_H && _WIN32;artifact;1250;1250
src/openvpn/socket.h;1;!_WIN32;!_WIN32 && 1 && !SOCKET_H;else;1251;1251
src/openvpn/socket.h;1;!_WIN32;!_WIN32 && 1 && !SOCKET_H;artifact;1252;1252
src/openvpn/socket.h;1;!_WIN32;!_WIN32 && 1 && !SOCKET_H;endif;1253;1253
src/openvpn/socket.h;1;!SOCKET_H;1 && !SOCKET_H;artifact;1254;1279
src/openvpn/socket.h;1;_WIN32;1 && !SOCKET_H && _WIN32;if;1280;1280
src/openvpn/socket.h;1;_WIN32;1 && !SOCKET_H && _WIN32;artifact;1281;1281
src/openvpn/socket.h;1;_WIN32;1 && !SOCKET_H && _WIN32;endif;1282;1282
src/openvpn/socket.h;1;!SOCKET_H;1 && !SOCKET_H;artifact;1283;1286
src/openvpn/socket.h;1;!SOCKET_H;1 && !SOCKET_H;endif;1287;1287
src/openvpn/socket.h;1;1;1;artifact;1288;1288
src/openvpn/socks.c;1;1;1;ROOT;1;623
src/openvpn/socks.c;1;1;1;artifact;1;31
src/openvpn/socks.c;1;HAVE_CONFIG_H;1 && HAVE_CONFIG_H;if;32;32
src/openvpn/socks.c;1;HAVE_CONFIG_H;1 && HAVE_CONFIG_H;artifact;33;33
src/openvpn/socks.c;1;HAVE_CONFIG_H;1 && HAVE_CONFIG_H;endif;34;34
src/openvpn/socks.c;1;1;1;artifact;35;622
src/openvpn/socks.h;1;1;1;ROOT;1;71
src/openvpn/socks.h;1;1;1;artifact;1;28
src/openvpn/socks.h;1;!SOCKS_H;1 && !SOCKS_H;if;29;29
src/openvpn/socks.h;1;!SOCKS_H;1 && !SOCKS_H;artifact;30;68
src/openvpn/socks.h;1;!SOCKS_H;1 && !SOCKS_H;endif;69;69
src/openvpn/socks.h;1;1;1;artifact;70;70
src/openvpn/ssl.c;1;1;1;ROOT;1;4187
src/openvpn/ssl.c;1;1;1;artifact;1;36
src/openvpn/ssl.c;1;HAVE_CONFIG_H;1 && HAVE_CONFIG_H;if;37;37
src/openvpn/ssl.c;1;HAVE_CONFIG_H;1 && HAVE_CONFIG_H;artifact;38;38
src/openvpn/ssl.c;1;HAVE_CONFIG_H;1 && HAVE_CONFIG_H;endif;39;39
src/openvpn/ssl.c;1;1;1;artifact;40;68
src/openvpn/ssl.c;1;MEASURE_TLS_HANDSHAKE_STATS;1 && MEASURE_TLS_HANDSHAKE_STATS;if;69;69
src/openvpn/ssl.c;1;MEASURE_TLS_HANDSHAKE_STATS;1 && MEASURE_TLS_HANDSHAKE_STATS;artifact;70;88
src/openvpn/ssl.c;1;!MEASURE_TLS_HANDSHAKE_STATS;!MEASURE_TLS_HANDSHAKE_STATS && 1;else;89;89
src/openvpn/ssl.c;1;!MEASURE_TLS_HANDSHAKE_STATS;!MEASURE_TLS_HANDSHAKE_STATS && 1;artifact;90;95
src/openvpn/ssl.c;1;!MEASURE_TLS_HANDSHAKE_STATS;!MEASURE_TLS_HANDSHAKE_STATS && 1;endif;96;96
src/openvpn/ssl.c;1;1;1;artifact;97;274
src/openvpn/ssl.c;1;ENABLE_MANAGEMENT;1 && ENABLE_MANAGEMENT;if;275;275
src/openvpn/ssl.c;1;ENABLE_MANAGEMENT;1 && ENABLE_MANAGEMENT;artifact;276;276
src/openvpn/ssl.c;1;ENABLE_MANAGEMENT;1 && ENABLE_MANAGEMENT;endif;277;277
src/openvpn/ssl.c;1;1;1;artifact;278;297
src/openvpn/ssl.c;1;ENABLE_MANAGEMENT;1 && ENABLE_MANAGEMENT;if;298;298
src/openvpn/ssl.c;1;ENABLE_MANAGEMENT;1 && ENABLE_MANAGEMENT;artifact;299;321
src/openvpn/ssl.c;1;ENABLE_MANAGEMENT;1 && ENABLE_MANAGEMENT;endif;322;322
src/openvpn/ssl.c;1;1;1;artifact;323;370
src/openvpn/ssl.c;1;ENABLE_PKCS11;1 && ENABLE_PKCS11;if;371;371
src/openvpn/ssl.c;1;ENABLE_PKCS11;1 && ENABLE_PKCS11;artifact;372;372
src/openvpn/ssl.c;1;ENABLE_PKCS11;1 && ENABLE_PKCS11;endif;373;373
src/openvpn/ssl.c;1;1;1;artifact;374;376
src/openvpn/ssl.c;1;ENABLE_MANAGEMENT;1 && ENABLE_MANAGEMENT;if;377;377
src/openvpn/ssl.c;1;ENABLE_MANAGEMENT;1 && ENABLE_MANAGEMENT;artifact;378;378
src/openvpn/ssl.c;1;ENABLE_MANAGEMENT;1 && ENABLE_MANAGEMENT;endif;379;379
src/openvpn/ssl.c;1;1;1;artifact;380;381
src/openvpn/ssl.c;1;ENABLE_MANAGEMENT;1 && ENABLE_MANAGEMENT;if;382;382
src/openvpn/ssl.c;1;ENABLE_MANAGEMENT;1 && ENABLE_MANAGEMENT;artifact;383;397
src/openvpn/ssl.c;1;ENABLE_MANAGEMENT;1 && ENABLE_MANAGEMENT;endif;398;398
src/openvpn/ssl.c;1;1;1;artifact;399;551
src/openvpn/ssl.c;1;ENABLE_PKCS11;1 && ENABLE_PKCS11;if;552;552
src/openvpn/ssl.c;1;ENABLE_PKCS11;1 && ENABLE_PKCS11;artifact;553;561
src/openvpn/ssl.c;1;ENABLE_PKCS11;1 && ENABLE_PKCS11;endif;562;562
src/openvpn/ssl.c;1;ENABLE_CRYPTOAPI;1 && ENABLE_CRYPTOAPI;if;563;563
src/openvpn/ssl.c;1;ENABLE_CRYPTOAPI;1 && ENABLE_CRYPTOAPI;artifact;564;567
src/openvpn/ssl.c;1;ENABLE_CRYPTOAPI;1 && ENABLE_CRYPTOAPI;endif;568;568
src/openvpn/ssl.c;1;ENABLE_MANAGEMENT;1 && ENABLE_MANAGEMENT;if;569;569
src/openvpn/ssl.c;1;ENABLE_MANAGEMENT;1 && ENABLE_MANAGEMENT;artifact;570;576
src/openvpn/ssl.c;1;ENABLE_MANAGEMENT;1 && ENABLE_MANAGEMENT;endif;577;577
src/openvpn/ssl.c;1;1;1;artifact;578;590
src/openvpn/ssl.c;1;ENABLE_MANAGEMENT;1 && ENABLE_MANAGEMENT;if;591;591
src/openvpn/ssl.c;1;ENABLE_MANAGEMENT;1 && ENABLE_MANAGEMENT;artifact;592;599
src/openvpn/ssl.c;1;ENABLE_MANAGEMENT;1 && ENABLE_MANAGEMENT;endif;600;600
src/openvpn/ssl.c;1;1;1;artifact;601;646
src/openvpn/ssl.c;1;ENABLE_CRYPTO_MBEDTLS;1 && ENABLE_CRYPTO_MBEDTLS;if;647;647
src/openvpn/ssl.c;1;ENABLE_CRYPTO_MBEDTLS;1 && ENABLE_CRYPTO_MBEDTLS;artifact;648;649
src/openvpn/ssl.c;1;ENABLE_CRYPTO_MBEDTLS;1 && ENABLE_CRYPTO_MBEDTLS;endif;650;650
src/openvpn/ssl.c;1;1;1;artifact;651;852
src/openvpn/ssl.c;1;ENABLE_MANAGEMENT;1 && ENABLE_MANAGEMENT;if;853;853
src/openvpn/ssl.c;1;ENABLE_MANAGEMENT;1 && ENABLE_MANAGEMENT;artifact;854;854
src/openvpn/ssl.c;1;ENABLE_MANAGEMENT;1 && ENABLE_MANAGEMENT;endif;855;855
src/openvpn/ssl.c;1;1;1;artifact;856;931
src/openvpn/ssl.c;1;ENABLE_MANAGEMENT;1 && ENABLE_MANAGEMENT;if;932;932
src/openvpn/ssl.c;1;ENABLE_MANAGEMENT;1 && ENABLE_MANAGEMENT;artifact;933;933
src/openvpn/ssl.c;1;ENABLE_MANAGEMENT;1 && ENABLE_MANAGEMENT;endif;934;934
src/openvpn/ssl.c;1;1;1;artifact;935;1862
src/openvpn/ssl.c;1;DEFINED___LB__TARGET_LINUX__RB__;1 && DEFINED___LB__TARGET_LINUX__RB__;if;1863;1863
src/openvpn/ssl.c;1;DEFINED___LB__TARGET_LINUX__RB__;1 && DEFINED___LB__TARGET_LINUX__RB__;artifact;1864;1864
src/openvpn/ssl.c;1;DEFINED___LB__TARGET_SOLARIS__RB__ && !DEFINED___LB__TARGET_LINUX__RB__;DEFINED___LB__TARGET_SOLARIS__RB__ && !DEFINED___LB__TARGET_LINUX__RB__ && 1;elif;1865;1865
src/openvpn/ssl.c;1;DEFINED___LB__TARGET_SOLARIS__RB__ && !DEFINED___LB__TARGET_LINUX__RB__;DEFINED___LB__TARGET_SOLARIS__RB__ && !DEFINED___LB__TARGET_LINUX__RB__ && 1;artifact;1866;1866
src/openvpn/ssl.c;1;DEFINED___LB__TARGET_OPENBSD__RB__ && !DEFINED___LB__TARGET_SOLARIS__RB__ && !DEFINED___LB__TARGET_LINUX__RB__;DEFINED___LB__TARGET_OPENBSD__RB__ && !DEFINED___LB__TARGET_SOLARIS__RB__ && !DEFINED___LB__TARGET_LINUX__RB__ && 1;elif;1867;1867
src/openvpn/ssl.c;1;DEFINED___LB__TARGET_OPENBSD__RB__ && !DEFINED___LB__TARGET_SOLARIS__RB__ && !DEFINED___LB__TARGET_LINUX__RB__;DEFINED___LB__TARGET_OPENBSD__RB__ && !DEFINED___LB__TARGET_SOLARIS__RB__ && !DEFINED___LB__TARGET_LINUX__RB__ && 1;artifact;1868;1868
src/openvpn/ssl.c;1;DEFINED___LB__TARGET_DARWIN__RB__ && !DEFINED___LB__TARGET_OPENBSD__RB__ && !DEFINED___LB__TARGET_SOLARIS__RB__ && !DEFINED___LB__TARGET_LINUX__RB__;DEFINED___LB__TARGET_DARWIN__RB__ && !DEFINED___LB__TARGET_OPENBSD__RB__ && !DEFINED___LB__TARGET_SOLARIS__RB__ && !DEFINED___LB__TARGET_LINUX__RB__ && 1;elif;1869;1869
src/openvpn/ssl.c;1;DEFINED___LB__TARGET_DARWIN__RB__ && !DEFINED___LB__TARGET_OPENBSD__RB__ && !DEFINED___LB__TARGET_SOLARIS__RB__ && !DEFINED___LB__TARGET_LINUX__RB__;DEFINED___LB__TARGET_DARWIN__RB__ && !DEFINED___LB__TARGET_OPENBSD__RB__ && !DEFINED___LB__TARGET_SOLARIS__RB__ && !DEFINED___LB__TARGET_LINUX__RB__ && 1;artifact;1870;1870
src/openvpn/ssl.c;1;DEFINED___LB__TARGET_NETBSD__RB__ && !DEFINED___LB__TARGET_DARWIN__RB__ && !DEFINED___LB__TARGET_OPENBSD__RB__ && !DEFINED___LB__TARGET_SOLARIS__RB__ && !DEFINED___LB__TARGET_LINUX__RB__;DEFINED___LB__TARGET_NETBSD__RB__ && !DEFINED___LB__TARGET_DARWIN__RB__ && !DEFINED___LB__TARGET_OPENBSD__RB__ && !DEFINED___LB__TARGET_SOLARIS__RB__ && !DEFINED___LB__TARGET_LINUX__RB__ && 1;elif;1871;1871
src/openvpn/ssl.c;1;DEFINED___LB__TARGET_NETBSD__RB__ && !DEFINED___LB__TARGET_DARWIN__RB__ && !DEFINED___LB__TARGET_OPENBSD__RB__ && !DEFINED___LB__TARGET_SOLARIS__RB__ && !DEFINED___LB__TARGET_LINUX__RB__;DEFINED___LB__TARGET_NETBSD__RB__ && !DEFINED___LB__TARGET_DARWIN__RB__ && !DEFINED___LB__TARGET_OPENBSD__RB__ && !DEFINED___LB__TARGET_SOLARIS__RB__ && !DEFINED___LB__TARGET_LINUX__RB__ && 1;artifact;1872;1872
src/openvpn/ssl.c;1;DEFINED___LB__TARGET_FREEBSD__RB__ && !DEFINED___LB__TARGET_NETBSD__RB__ && !DEFINED___LB__TARGET_DARWIN__RB__ && !DEFINED___LB__TARGET_OPENBSD__RB__ && !DEFINED___LB__TARGET_SOLARIS__RB__ && !DEFINED___LB__TARGET_LINUX__RB__;DEFINED___LB__TARGET_FREEBSD__RB__ && !DEFINED___LB__TARGET_NETBSD__RB__ && !DEFINED___LB__TARGET_DARWIN__RB__ && !DEFINED___LB__TARGET_OPENBSD__RB__ && !DEFINED___LB__TARGET_SOLARIS__RB__ && !DEFINED___LB__TARGET_LINUX__RB__ && 1;elif;1873;1873
src/openvpn/ssl.c;1;DEFINED___LB__TARGET_FREEBSD__RB__ && !DEFINED___LB__TARGET_NETBSD__RB__ && !DEFINED___LB__TARGET_DARWIN__RB__ && !DEFINED___LB__TARGET_OPENBSD__RB__ && !DEFINED___LB__TARGET_SOLARIS__RB__ && !DEFINED___LB__TARGET_LINUX__RB__;DEFINED___LB__TARGET_FREEBSD__RB__ && !DEFINED___LB__TARGET_NETBSD__RB__ && !DEFINED___LB__TARGET_DARWIN__RB__ && !DEFINED___LB__TARGET_OPENBSD__RB__ && !DEFINED___LB__TARGET_SOLARIS__RB__ && !DEFINED___LB__TARGET_LINUX__RB__ && 1;artifact;1874;1874
src/openvpn/ssl.c;1;DEFINED___LB__TARGET_ANDROID__RB__ && !DEFINED___LB__TARGET_FREEBSD__RB__ && !DEFINED___LB__TARGET_NETBSD__RB__ && !DEFINED___LB__TARGET_DARWIN__RB__ && !DEFINED___LB__TARGET_OPENBSD__RB__ && !DEFINED___LB__TARGET_SOLARIS__RB__ && !DEFINED___LB__TARGET_LINUX__RB__;DEFINED___LB__TARGET_ANDROID__RB__ && !DEFINED___LB__TARGET_FREEBSD__RB__ && !DEFINED___LB__TARGET_NETBSD__RB__ && !DEFINED___LB__TARGET_DARWIN__RB__ && !DEFINED___LB__TARGET_OPENBSD__RB__ && !DEFINED___LB__TARGET_SOLARIS__RB__ && !DEFINED___LB__TARGET_LINUX__RB__ && 1;elif;1875;1875
src/openvpn/ssl.c;1;DEFINED___LB__TARGET_ANDROID__RB__ && !DEFINED___LB__TARGET_FREEBSD__RB__ && !DEFINED___LB__TARGET_NETBSD__RB__ && !DEFINED___LB__TARGET_DARWIN__RB__ && !DEFINED___LB__TARGET_OPENBSD__RB__ && !DEFINED___LB__TARGET_SOLARIS__RB__ && !DEFINED___LB__TARGET_LINUX__RB__;DEFINED___LB__TARGET_ANDROID__RB__ && !DEFINED___LB__TARGET_FREEBSD__RB__ && !DEFINED___LB__TARGET_NETBSD__RB__ && !DEFINED___LB__TARGET_DARWIN__RB__ && !DEFINED___LB__TARGET_OPENBSD__RB__ && !DEFINED___LB__TARGET_SOLARIS__RB__ && !DEFINED___LB__TARGET_LINUX__RB__ && 1;artifact;1876;1876
src/openvpn/ssl.c;1;DEFINED___LB___WIN32__RB__ && !DEFINED___LB__TARGET_ANDROID__RB__ && !DEFINED___LB__TARGET_FREEBSD__RB__ && !DEFINED___LB__TARGET_NETBSD__RB__ && !DEFINED___LB__TARGET_DARWIN__RB__ && !DEFINED___LB__TARGET_OPENBSD__RB__ && !DEFINED___LB__TARGET_SOLARIS__RB__ && !DEFINED___LB__TARGET_LINUX__RB__;DEFINED___LB___WIN32__RB__ && !DEFINED___LB__TARGET_ANDROID__RB__ && !DEFINED___LB__TARGET_FREEBSD__RB__ && !DEFINED___LB__TARGET_NETBSD__RB__ && !DEFINED___LB__TARGET_DARWIN__RB__ && !DEFINED___LB__TARGET_OPENBSD__RB__ && !DEFINED___LB__TARGET_SOLARIS__RB__ && !DEFINED___LB__TARGET_LINUX__RB__ && 1;elif;1877;1877
src/openvpn/ssl.c;1;DEFINED___LB___WIN32__RB__ && !DEFINED___LB__TARGET_ANDROID__RB__ && !DEFINED___LB__TARGET_FREEBSD__RB__ && !DEFINED___LB__TARGET_NETBSD__RB__ && !DEFINED___LB__TARGET_DARWIN__RB__ && !DEFINED___LB__TARGET_OPENBSD__RB__ && !DEFINED___LB__TARGET_SOLARIS__RB__ && !DEFINED___LB__TARGET_LINUX__RB__;DEFINED___LB___WIN32__RB__ && !DEFINED___LB__TARGET_ANDROID__RB__ && !DEFINED___LB__TARGET_FREEBSD__RB__ && !DEFINED___LB__TARGET_NETBSD__RB__ && !DEFINED___LB__TARGET_DARWIN__RB__ && !DEFINED___LB__TARGET_OPENBSD__RB__ && !DEFINED___LB__TARGET_SOLARIS__RB__ && !DEFINED___LB__TARGET_LINUX__RB__ && 1;artifact;1878;1878
src/openvpn/ssl.c;1;DEFINED___LB___WIN32__RB__ && !DEFINED___LB__TARGET_ANDROID__RB__ && !DEFINED___LB__TARGET_FREEBSD__RB__ && !DEFINED___LB__TARGET_NETBSD__RB__ && !DEFINED___LB__TARGET_DARWIN__RB__ && !DEFINED___LB__TARGET_OPENBSD__RB__ && !DEFINED___LB__TARGET_SOLARIS__RB__ && !DEFINED___LB__TARGET_LINUX__RB__;DEFINED___LB___WIN32__RB__ && !DEFINED___LB__TARGET_ANDROID__RB__ && !DEFINED___LB__TARGET_FREEBSD__RB__ && !DEFINED___LB__TARGET_NETBSD__RB__ && !DEFINED___LB__TARGET_DARWIN__RB__ && !DEFINED___LB__TARGET_OPENBSD__RB__ && !DEFINED___LB__TARGET_SOLARIS__RB__ && !DEFINED___LB__TARGET_LINUX__RB__ && 1;endif;1879;1879
src/openvpn/ssl.c;1;1;1;artifact;1880;1932
src/openvpn/ssl.c;1;HAVE_EXPORT_KEYING_MATERIAL;1 && HAVE_EXPORT_KEYING_MATERIAL;if;1933;1933
src/openvpn/ssl.c;1;HAVE_EXPORT_KEYING_MATERIAL;1 && HAVE_EXPORT_KEYING_MATERIAL;artifact;1934;1935
src/openvpn/ssl.c;1;HAVE_EXPORT_KEYING_MATERIAL;1 && HAVE_EXPORT_KEYING_MATERIAL;endif;1936;1936
src/openvpn/ssl.c;1;1;1;artifact;1937;1942
src/openvpn/ssl.c;1;USE_COMP;1 && USE_COMP;if;1943;1943
src/openvpn/ssl.c;1;USE_COMP;1 && USE_COMP;artifact;1944;1944
src/openvpn/ssl.c;1;USE_COMP;1 && USE_COMP;endif;1945;1945
src/openvpn/ssl.c;1;1;1;artifact;1946;1957
src/openvpn/ssl.c;1;DEFINED___LB___WIN32__RB__;1 && DEFINED___LB___WIN32__RB__;if;1958;1958
src/openvpn/ssl.c;1;DEFINED___LB___WIN32__RB__;1 && DEFINED___LB___WIN32__RB__;artifact;1959;1959
src/openvpn/ssl.c;1;DEFINED___LB___WIN32__RB__;1 && DEFINED___LB___WIN32__RB__;endif;1960;1960
src/openvpn/ssl.c;1;1;1;artifact;1961;2003
src/openvpn/ssl.c;1;USE_COMP;1 && USE_COMP;if;2004;2004
src/openvpn/ssl.c;1;USE_COMP;1 && USE_COMP;artifact;2005;2013
src/openvpn/ssl.c;1;USE_COMP;1 && USE_COMP;endif;2014;2014
src/openvpn/ssl.c;1;1;1;artifact;2015;2046
src/openvpn/ssl.c;1;USE_COMP;1 && USE_COMP;if;2047;2047
src/openvpn/ssl.c;1;USE_COMP;1 && USE_COMP;artifact;2048;2056
src/openvpn/ssl.c;1;USE_COMP;1 && USE_COMP;endif;2057;2057
src/openvpn/ssl.c;1;1;1;artifact;2058;2066
src/openvpn/ssl.c;1;ENABLE_MANAGEMENT;1 && ENABLE_MANAGEMENT;if;2067;2067
src/openvpn/ssl.c;1;ENABLE_MANAGEMENT;1 && ENABLE_MANAGEMENT;artifact;2068;2070
src/openvpn/ssl.c;1;!ENABLE_MANAGEMENT;!ENABLE_MANAGEMENT && 1;else;2071;2071
src/openvpn/ssl.c;1;!ENABLE_MANAGEMENT;!ENABLE_MANAGEMENT && 1;artifact;2072;2073
src/openvpn/ssl.c;1;!ENABLE_MANAGEMENT;!ENABLE_MANAGEMENT && 1;endif;2074;2074
src/openvpn/ssl.c;1;1;1;artifact;2075;2288
src/openvpn/ssl.c;1;USE_COMP;1 && USE_COMP;if;2289;2289
src/openvpn/ssl.c;1;USE_COMP;1 && USE_COMP;artifact;2290;2295
src/openvpn/ssl.c;1;USE_COMP;1 && USE_COMP;endif;2296;2296
src/openvpn/ssl.c;1;1;1;artifact;2297;2398
src/openvpn/ssl.c;1;ENABLE_MANAGEMENT;1 && ENABLE_MANAGEMENT;if;2399;2399
src/openvpn/ssl.c;1;ENABLE_MANAGEMENT;1 && ENABLE_MANAGEMENT;artifact;2400;2409
src/openvpn/ssl.c;1;ENABLE_MANAGEMENT;1 && ENABLE_MANAGEMENT;endif;2410;2410
src/openvpn/ssl.c;1;1;1;artifact;2411;2457
src/openvpn/ssl.c;1;MEASURE_TLS_HANDSHAKE_STATS;1 && MEASURE_TLS_HANDSHAKE_STATS;if;2458;2458
src/openvpn/ssl.c;1;MEASURE_TLS_HANDSHAKE_STATS;1 && MEASURE_TLS_HANDSHAKE_STATS;artifact;2459;2459
src/openvpn/ssl.c;1;MEASURE_TLS_HANDSHAKE_STATS;1 && MEASURE_TLS_HANDSHAKE_STATS;endif;2460;2460
src/openvpn/ssl.c;1;1;1;artifact;2461;3270
src/openvpn/ssl.c;1;ENABLE_DEBUG;1 && ENABLE_DEBUG;if;3271;3271
src/openvpn/ssl.c;1;ENABLE_DEBUG;1 && ENABLE_DEBUG;artifact;3272;3286
src/openvpn/ssl.c;1;ENABLE_DEBUG;1 && ENABLE_DEBUG;endif;3287;3287
src/openvpn/ssl.c;1;1;1;artifact;3288;3604
src/openvpn/ssl.c;1;ENABLE_MANAGEMENT;1 && ENABLE_MANAGEMENT;if;3605;3605
src/openvpn/ssl.c;1;ENABLE_MANAGEMENT;1 && ENABLE_MANAGEMENT;artifact;3606;3615
src/openvpn/ssl.c;1;ENABLE_MANAGEMENT;1 && ENABLE_MANAGEMENT;endif;3616;3616
src/openvpn/ssl.c;1;1;1;artifact;3617;4186
src/openvpn/ssl.h;1;1;1;ROOT;1;589
src/openvpn/ssl.h;1;1;1;artifact;1;28
src/openvpn/ssl.h;1;!OPENVPN_SSL_H;1 && !OPENVPN_SSL_H;if;29;29
src/openvpn/ssl.h;1;!OPENVPN_SSL_H;1 && !OPENVPN_SSL_H;artifact;30;411
src/openvpn/ssl.h;1;ENABLE_MANAGEMENT;1 && !OPENVPN_SSL_H && ENABLE_MANAGEMENT;if;412;412
src/openvpn/ssl.h;1;ENABLE_MANAGEMENT;1 && !OPENVPN_SSL_H && ENABLE_MANAGEMENT;artifact;413;417
src/openvpn/ssl.h;1;ENABLE_MANAGEMENT;1 && !OPENVPN_SSL_H && ENABLE_MANAGEMENT;endif;418;418
src/openvpn/ssl.h;1;!OPENVPN_SSL_H;1 && !OPENVPN_SSL_H;artifact;419;533
src/openvpn/ssl.h;1;MEASURE_TLS_HANDSHAKE_STATS;1 && !OPENVPN_SSL_H && MEASURE_TLS_HANDSHAKE_STATS;if;534;534
src/openvpn/ssl.h;1;MEASURE_TLS_HANDSHAKE_STATS;1 && !OPENVPN_SSL_H && MEASURE_TLS_HANDSHAKE_STATS;artifact;535;536
src/openvpn/ssl.h;1;MEASURE_TLS_HANDSHAKE_STATS;1 && !OPENVPN_SSL_H && MEASURE_TLS_HANDSHAKE_STATS;endif;537;537
src/openvpn/ssl.h;1;!OPENVPN_SSL_H;1 && !OPENVPN_SSL_H;artifact;538;586
src/openvpn/ssl.h;1;!OPENVPN_SSL_H;1 && !OPENVPN_SSL_H;endif;587;587
src/openvpn/ssl.h;1;1;1;artifact;588;588
src/openvpn/ssl_backend.h;1;1;1;ROOT;1;564
src/openvpn/ssl_backend.h;1;1;1;artifact;1;29
src/openvpn/ssl_backend.h;1;!SSL_BACKEND_H_;1 && !SSL_BACKEND_H_;if;30;30
src/openvpn/ssl_backend.h;1;!SSL_BACKEND_H_;1 && !SSL_BACKEND_H_;artifact;31;34
src/openvpn/ssl_backend.h;1;ENABLE_CRYPTO_OPENSSL;1 && !SSL_BACKEND_H_ && ENABLE_CRYPTO_OPENSSL;if;35;35
src/openvpn/ssl_backend.h;1;ENABLE_CRYPTO_OPENSSL;1 && !SSL_BACKEND_H_ && ENABLE_CRYPTO_OPENSSL;artifact;36;38
src/openvpn/ssl_backend.h;1;ENABLE_CRYPTO_OPENSSL;1 && !SSL_BACKEND_H_ && ENABLE_CRYPTO_OPENSSL;endif;39;39
src/openvpn/ssl_backend.h;1;ENABLE_CRYPTO_MBEDTLS;1 && !SSL_BACKEND_H_ && ENABLE_CRYPTO_MBEDTLS;if;40;40
src/openvpn/ssl_backend.h;1;ENABLE_CRYPTO_MBEDTLS;1 && !SSL_BACKEND_H_ && ENABLE_CRYPTO_MBEDTLS;artifact;41;43
src/openvpn/ssl_backend.h;1;ENABLE_CRYPTO_MBEDTLS;1 && !SSL_BACKEND_H_ && ENABLE_CRYPTO_MBEDTLS;endif;44;44
src/openvpn/ssl_backend.h;1;!SSL_BACKEND_H_;1 && !SSL_BACKEND_H_;artifact;45;46
src/openvpn/ssl_backend.h;1;!SSLAPI;1 && !SSL_BACKEND_H_ && !SSLAPI;if;47;47
src/openvpn/ssl_backend.h;1;!SSLAPI;1 && !SSL_BACKEND_H_ && !SSLAPI;artifact;48;48
src/openvpn/ssl_backend.h;1;!SSLAPI;1 && !SSL_BACKEND_H_ && !SSLAPI;endif;49;49
src/openvpn/ssl_backend.h;1;!SSL_BACKEND_H_;1 && !SSL_BACKEND_H_;artifact;50;256
src/openvpn/ssl_backend.h;1;ENABLE_CRYPTOAPI;1 && !SSL_BACKEND_H_ && ENABLE_CRYPTOAPI;if;257;257
src/openvpn/ssl_backend.h;1;ENABLE_CRYPTOAPI;1 && !SSL_BACKEND_H_ && ENABLE_CRYPTOAPI;artifact;258;259
src/openvpn/ssl_backend.h;1;ENABLE_CRYPTOAPI;1 && !SSL_BACKEND_H_ && ENABLE_CRYPTOAPI;endif;260;260
src/openvpn/ssl_backend.h;1;!SSL_BACKEND_H_;1 && !SSL_BACKEND_H_;artifact;261;289
src/openvpn/ssl_backend.h;1;ENABLE_MANAGEMENT;1 && !SSL_BACKEND_H_ && ENABLE_MANAGEMENT;if;290;290
src/openvpn/ssl_backend.h;1;ENABLE_MANAGEMENT;1 && !SSL_BACKEND_H_ && ENABLE_MANAGEMENT;artifact;291;301
src/openvpn/ssl_backend.h;1;ENABLE_MANAGEMENT;1 && !SSL_BACKEND_H_ && ENABLE_MANAGEMENT;endif;302;302
src/openvpn/ssl_backend.h;1;!SSL_BACKEND_H_;1 && !SSL_BACKEND_H_;artifact;303;335
src/openvpn/ssl_backend.h;1;ENABLE_CRYPTO_MBEDTLS;1 && !SSL_BACKEND_H_ && ENABLE_CRYPTO_MBEDTLS;if;336;336
src/openvpn/ssl_backend.h;1;ENABLE_CRYPTO_MBEDTLS;1 && !SSL_BACKEND_H_ && ENABLE_CRYPTO_MBEDTLS;artifact;337;344
src/openvpn/ssl_backend.h;1;ENABLE_CRYPTO_MBEDTLS;1 && !SSL_BACKEND_H_ && ENABLE_CRYPTO_MBEDTLS;endif;345;345
src/openvpn/ssl_backend.h;1;!SSL_BACKEND_H_;1 && !SSL_BACKEND_H_;artifact;346;561
src/openvpn/ssl_backend.h;1;!SSL_BACKEND_H_;1 && !SSL_BACKEND_H_;endif;562;562
src/openvpn/ssl_backend.h;1;1;1;artifact;563;563
src/openvpn/ssl_common.h;1;1;1;ROOT;1;726
src/openvpn/ssl_common.h;1;1;1;artifact;1;28
src/openvpn/ssl_common.h;1;!SSL_COMMON_H_;1 && !SSL_COMMON_H_;if;29;29
src/openvpn/ssl_common.h;1;!SSL_COMMON_H_;1 && !SSL_COMMON_H_;artifact;30;249
src/openvpn/ssl_common.h;1;ENABLE_MANAGEMENT;1 && !SSL_COMMON_H_ && ENABLE_MANAGEMENT;if;250;250
src/openvpn/ssl_common.h;1;ENABLE_MANAGEMENT;1 && !SSL_COMMON_H_ && ENABLE_MANAGEMENT;artifact;251;252
src/openvpn/ssl_common.h;1;ENABLE_MANAGEMENT;1 && !SSL_COMMON_H_ && ENABLE_MANAGEMENT;endif;253;253
src/openvpn/ssl_common.h;1;!SSL_COMMON_H_;1 && !SSL_COMMON_H_;artifact;254;347
src/openvpn/ssl_common.h;1;ENABLE_X509ALTUSERNAME;1 && !SSL_COMMON_H_ && ENABLE_X509ALTUSERNAME;if;348;348
src/openvpn/ssl_common.h;1;ENABLE_X509ALTUSERNAME;1 && !SSL_COMMON_H_ && ENABLE_X509ALTUSERNAME;artifact;349;349
src/openvpn/ssl_common.h;1;!ENABLE_X509ALTUSERNAME;!ENABLE_X509ALTUSERNAME && 1 && !SSL_COMMON_H_;else;350;350
src/openvpn/ssl_common.h;1;!ENABLE_X509ALTUSERNAME;!ENABLE_X509ALTUSERNAME && 1 && !SSL_COMMON_H_;artifact;351;351
src/openvpn/ssl_common.h;1;!ENABLE_X509ALTUSERNAME;!ENABLE_X509ALTUSERNAME && 1 && !SSL_COMMON_H_;endif;352;352
src/openvpn/ssl_common.h;1;!SSL_COMMON_H_;1 && !SSL_COMMON_H_;artifact;353;398
src/openvpn/ssl_common.h;1;USE_COMP;1 && !SSL_COMMON_H_ && USE_COMP;if;399;399
src/openvpn/ssl_common.h;1;USE_COMP;1 && !SSL_COMMON_H_ && USE_COMP;artifact;400;400
src/openvpn/ssl_common.h;1;USE_COMP;1 && !SSL_COMMON_H_ && USE_COMP;endif;401;401
src/openvpn/ssl_common.h;1;!SSL_COMMON_H_;1 && !SSL_COMMON_H_;artifact;402;416
src/openvpn/ssl_common.h;1;ENABLE_MANAGEMENT;1 && !SSL_COMMON_H_ && ENABLE_MANAGEMENT;if;417;417
src/openvpn/ssl_common.h;1;ENABLE_MANAGEMENT;1 && !SSL_COMMON_H_ && ENABLE_MANAGEMENT;artifact;418;418
src/openvpn/ssl_common.h;1;ENABLE_MANAGEMENT;1 && !SSL_COMMON_H_ && ENABLE_MANAGEMENT;endif;419;419
src/openvpn/ssl_common.h;1;!SSL_COMMON_H_;1 && !SSL_COMMON_H_;artifact;420;422
src/openvpn/ssl_common.h;1;ENABLE_MANAGEMENT;1 && !SSL_COMMON_H_ && ENABLE_MANAGEMENT;if;423;423
src/openvpn/ssl_common.h;1;ENABLE_MANAGEMENT;1 && !SSL_COMMON_H_ && ENABLE_MANAGEMENT;artifact;424;424
src/openvpn/ssl_common.h;1;ENABLE_MANAGEMENT;1 && !SSL_COMMON_H_ && ENABLE_MANAGEMENT;endif;425;425
src/openvpn/ssl_common.h;1;!SSL_COMMON_H_;1 && !SSL_COMMON_H_;artifact;426;723
src/openvpn/ssl_common.h;1;!SSL_COMMON_H_;1 && !SSL_COMMON_H_;endif;724;724
src/openvpn/ssl_common.h;1;1;1;artifact;725;725
src/openvpn/ssl_mbedtls.c;1;1;1;ROOT;1;1630
src/openvpn/ssl_mbedtls.c;1;1;1;artifact;1;29
src/openvpn/ssl_mbedtls.c;1;HAVE_CONFIG_H;1 && HAVE_CONFIG_H;if;30;30
src/openvpn/ssl_mbedtls.c;1;HAVE_CONFIG_H;1 && HAVE_CONFIG_H;artifact;31;31
src/openvpn/ssl_mbedtls.c;1;HAVE_CONFIG_H;1 && HAVE_CONFIG_H;endif;32;32
src/openvpn/ssl_mbedtls.c;1;1;1;artifact;33;35
src/openvpn/ssl_mbedtls.c;1;DEFINED___LB__ENABLE_CRYPTO_MBEDTLS__RB__;1 && DEFINED___LB__ENABLE_CRYPTO_MBEDTLS__RB__;if;36;36
src/openvpn/ssl_mbedtls.c;1;DEFINED___LB__ENABLE_CRYPTO_MBEDTLS__RB__;1 && DEFINED___LB__ENABLE_CRYPTO_MBEDTLS__RB__;artifact;37;53
src/openvpn/ssl_mbedtls.c;1;MBEDTLS_VERSION_NUMBER__GEQ__0x02040000;1 && DEFINED___LB__ENABLE_CRYPTO_MBEDTLS__RB__ && MBEDTLS_VERSION_NUMBER__GEQ__0x02040000;if;54;54
src/openvpn/ssl_mbedtls.c;1;MBEDTLS_VERSION_NUMBER__GEQ__0x02040000;1 && DEFINED___LB__ENABLE_CRYPTO_MBEDTLS__RB__ && MBEDTLS_VERSION_NUMBER__GEQ__0x02040000;artifact;55;55
src/openvpn/ssl_mbedtls.c;1;!MBEDTLS_VERSION_NUMBER__GEQ__0x02040000;!MBEDTLS_VERSION_NUMBER__GEQ__0x02040000 && 1 && DEFINED___LB__ENABLE_CRYPTO_MBEDTLS__RB__;else;56;56
src/openvpn/ssl_mbedtls.c;1;!MBEDTLS_VERSION_NUMBER__GEQ__0x02040000;!MBEDTLS_VERSION_NUMBER__GEQ__0x02040000 && 1 && DEFINED___LB__ENABLE_CRYPTO_MBEDTLS__RB__;artifact;57;57
src/openvpn/ssl_mbedtls.c;1;!MBEDTLS_VERSION_NUMBER__GEQ__0x02040000;!MBEDTLS_VERSION_NUMBER__GEQ__0x02040000 && 1 && DEFINED___LB__ENABLE_CRYPTO_MBEDTLS__RB__;endif;58;58
src/openvpn/ssl_mbedtls.c;1;DEFINED___LB__ENABLE_CRYPTO_MBEDTLS__RB__;1 && DEFINED___LB__ENABLE_CRYPTO_MBEDTLS__RB__;artifact;59;148
src/openvpn/ssl_mbedtls.c;1;DEFINED___LB__ENABLE_PKCS11__RB__;1 && DEFINED___LB__ENABLE_CRYPTO_MBEDTLS__RB__ && DEFINED___LB__ENABLE_PKCS11__RB__;if;149;149
src/openvpn/ssl_mbedtls.c;1;DEFINED___LB__ENABLE_PKCS11__RB__;1 && DEFINED___LB__ENABLE_CRYPTO_MBEDTLS__RB__ && DEFINED___LB__ENABLE_PKCS11__RB__;artifact;150;156
src/openvpn/ssl_mbedtls.c;1;DEFINED___LB__ENABLE_PKCS11__RB__;1 && DEFINED___LB__ENABLE_CRYPTO_MBEDTLS__RB__ && DEFINED___LB__ENABLE_PKCS11__RB__;endif;157;157
src/openvpn/ssl_mbedtls.c;1;DEFINED___LB__ENABLE_CRYPTO_MBEDTLS__RB__;1 && DEFINED___LB__ENABLE_CRYPTO_MBEDTLS__RB__;artifact;158;175
src/openvpn/ssl_mbedtls.c;1;HAVE_EXPORT_KEYING_MATERIAL;1 && DEFINED___LB__ENABLE_CRYPTO_MBEDTLS__RB__ && HAVE_EXPORT_KEYING_MATERIAL;if;176;176
src/openvpn/ssl_mbedtls.c;1;HAVE_EXPORT_KEYING_MATERIAL;1 && DEFINED___LB__ENABLE_CRYPTO_MBEDTLS__RB__ && HAVE_EXPORT_KEYING_MATERIAL;artifact;177;177
src/openvpn/ssl_mbedtls.c;1;HAVE_MBEDTLS_SSL_CONF_EXPORT_KEYS_EXT_CB;1 && DEFINED___LB__ENABLE_CRYPTO_MBEDTLS__RB__ && HAVE_EXPORT_KEYING_MATERIAL && HAVE_MBEDTLS_SSL_CONF_EXPORT_KEYS_EXT_CB;if;178;178
src/openvpn/ssl_mbedtls.c;1;HAVE_MBEDTLS_SSL_CONF_EXPORT_KEYS_EXT_CB;1 && DEFINED___LB__ENABLE_CRYPTO_MBEDTLS__RB__ && HAVE_EXPORT_KEYING_MATERIAL && HAVE_MBEDTLS_SSL_CONF_EXPORT_KEYS_EXT_CB;artifact;179;208
src/openvpn/ssl_mbedtls.c;1;HAVE_MBEDTLS_SSL_SET_EXPORT_KEYS_CB && !HAVE_MBEDTLS_SSL_CONF_EXPORT_KEYS_EXT_CB;HAVE_MBEDTLS_SSL_SET_EXPORT_KEYS_CB && !HAVE_MBEDTLS_SSL_CONF_EXPORT_KEYS_EXT_CB && 1 && DEFINED___LB__ENABLE_CRYPTO_MBEDTLS__RB__ && HAVE_EXPORT_KEYING_MATERIAL;elif;209;209
src/openvpn/ssl_mbedtls.c;1;HAVE_MBEDTLS_SSL_SET_EXPORT_KEYS_CB && !HAVE_MBEDTLS_SSL_CONF_EXPORT_KEYS_EXT_CB;HAVE_MBEDTLS_SSL_SET_EXPORT_KEYS_CB && !HAVE_MBEDTLS_SSL_CONF_EXPORT_KEYS_EXT_CB && 1 && DEFINED___LB__ENABLE_CRYPTO_MBEDTLS__RB__ && HAVE_EXPORT_KEYING_MATERIAL;artifact;210;254
src/openvpn/ssl_mbedtls.c;1;HAVE_MBEDTLS_SSL_SET_EXPORT_KEYS_CB && !HAVE_MBEDTLS_SSL_CONF_EXPORT_KEYS_EXT_CB;HAVE_MBEDTLS_SSL_SET_EXPORT_KEYS_CB && !HAVE_MBEDTLS_SSL_CONF_EXPORT_KEYS_EXT_CB && 1 && DEFINED___LB__ENABLE_CRYPTO_MBEDTLS__RB__ && HAVE_EXPORT_KEYING_MATERIAL;endif;255;255
src/openvpn/ssl_mbedtls.c;1;HAVE_EXPORT_KEYING_MATERIAL;1 && DEFINED___LB__ENABLE_CRYPTO_MBEDTLS__RB__ && HAVE_EXPORT_KEYING_MATERIAL;artifact;256;288
src/openvpn/ssl_mbedtls.c;1;!HAVE_EXPORT_KEYING_MATERIAL;!HAVE_EXPORT_KEYING_MATERIAL && 1 && DEFINED___LB__ENABLE_CRYPTO_MBEDTLS__RB__;else;289;289
src/openvpn/ssl_mbedtls.c;1;!HAVE_EXPORT_KEYING_MATERIAL;!HAVE_EXPORT_KEYING_MATERIAL && 1 && DEFINED___LB__ENABLE_CRYPTO_MBEDTLS__RB__;artifact;290;297
src/openvpn/ssl_mbedtls.c;1;!HAVE_EXPORT_KEYING_MATERIAL;!HAVE_EXPORT_KEYING_MATERIAL && 1 && DEFINED___LB__ENABLE_CRYPTO_MBEDTLS__RB__;endif;298;298
src/openvpn/ssl_mbedtls.c;1;DEFINED___LB__ENABLE_CRYPTO_MBEDTLS__RB__;1 && DEFINED___LB__ENABLE_CRYPTO_MBEDTLS__RB__;artifact;299;496
src/openvpn/ssl_mbedtls.c;1;ENABLE_CRYPTOAPI;1 && DEFINED___LB__ENABLE_CRYPTO_MBEDTLS__RB__ && ENABLE_CRYPTOAPI;if;497;497
src/openvpn/ssl_mbedtls.c;1;ENABLE_CRYPTOAPI;1 && DEFINED___LB__ENABLE_CRYPTO_MBEDTLS__RB__ && ENABLE_CRYPTOAPI;artifact;498;502
src/openvpn/ssl_mbedtls.c;1;ENABLE_CRYPTOAPI;1 && DEFINED___LB__ENABLE_CRYPTO_MBEDTLS__RB__ && ENABLE_CRYPTOAPI;endif;503;503
src/openvpn/ssl_mbedtls.c;1;DEFINED___LB__ENABLE_CRYPTO_MBEDTLS__RB__;1 && DEFINED___LB__ENABLE_CRYPTO_MBEDTLS__RB__;artifact;504;585
src/openvpn/ssl_mbedtls.c;1;ENABLE_MANAGEMENT;1 && DEFINED___LB__ENABLE_CRYPTO_MBEDTLS__RB__ && ENABLE_MANAGEMENT;if;586;586
src/openvpn/ssl_mbedtls.c;1;ENABLE_MANAGEMENT;1 && DEFINED___LB__ENABLE_CRYPTO_MBEDTLS__RB__ && ENABLE_MANAGEMENT;artifact;587;590
src/openvpn/ssl_mbedtls.c;1;ENABLE_MANAGEMENT;1 && DEFINED___LB__ENABLE_CRYPTO_MBEDTLS__RB__ && ENABLE_MANAGEMENT;endif;591;591
src/openvpn/ssl_mbedtls.c;1;DEFINED___LB__ENABLE_CRYPTO_MBEDTLS__RB__;1 && DEFINED___LB__ENABLE_CRYPTO_MBEDTLS__RB__;artifact;592;629
src/openvpn/ssl_mbedtls.c;1;MBEDTLS_VERSION_NUMBER__LT__0x03020100;1 && DEFINED___LB__ENABLE_CRYPTO_MBEDTLS__RB__ && MBEDTLS_VERSION_NUMBER__LT__0x03020100;if;630;630
src/openvpn/ssl_mbedtls.c;1;MBEDTLS_VERSION_NUMBER__LT__0x03020100;1 && DEFINED___LB__ENABLE_CRYPTO_MBEDTLS__RB__ && MBEDTLS_VERSION_NUMBER__LT__0x03020100;artifact;631;631
src/openvpn/ssl_mbedtls.c;1;MBEDTLS_VERSION_NUMBER__LT__0x03020100;1 && DEFINED___LB__ENABLE_CRYPTO_MBEDTLS__RB__ && MBEDTLS_VERSION_NUMBER__LT__0x03020100;endif;632;632
src/openvpn/ssl_mbedtls.c;1;DEFINED___LB__ENABLE_CRYPTO_MBEDTLS__RB__;1 && DEFINED___LB__ENABLE_CRYPTO_MBEDTLS__RB__;artifact;633;646
src/openvpn/ssl_mbedtls.c;1;MBEDTLS_VERSION_NUMBER__LT__0x03020100;1 && DEFINED___LB__ENABLE_CRYPTO_MBEDTLS__RB__ && MBEDTLS_VERSION_NUMBER__LT__0x03020100;if;647;647
src/openvpn/ssl_mbedtls.c;1;MBEDTLS_VERSION_NUMBER__LT__0x03020100;1 && DEFINED___LB__ENABLE_CRYPTO_MBEDTLS__RB__ && MBEDTLS_VERSION_NUMBER__LT__0x03020100;artifact;648;651
src/openvpn/ssl_mbedtls.c;1;MBEDTLS_VERSION_NUMBER__LT__0x03020100;1 && DEFINED___LB__ENABLE_CRYPTO_MBEDTLS__RB__ && MBEDTLS_VERSION_NUMBER__LT__0x03020100;endif;652;652
src/openvpn/ssl_mbedtls.c;1;DEFINED___LB__ENABLE_CRYPTO_MBEDTLS__RB__;1 && DEFINED___LB__ENABLE_CRYPTO_MBEDTLS__RB__;artifact;653;771
src/openvpn/ssl_mbedtls.c;1;ENABLE_MANAGEMENT;1 && DEFINED___LB__ENABLE_CRYPTO_MBEDTLS__RB__ && ENABLE_MANAGEMENT;if;772;772
src/openvpn/ssl_mbedtls.c;1;ENABLE_MANAGEMENT;1 && DEFINED___LB__ENABLE_CRYPTO_MBEDTLS__RB__ && ENABLE_MANAGEMENT;artifact;773;815
src/openvpn/ssl_mbedtls.c;1;ENABLE_MANAGEMENT;1 && DEFINED___LB__ENABLE_CRYPTO_MBEDTLS__RB__ && ENABLE_MANAGEMENT;endif;816;816
src/openvpn/ssl_mbedtls.c;1;DEFINED___LB__ENABLE_CRYPTO_MBEDTLS__RB__;1 && DEFINED___LB__ENABLE_CRYPTO_MBEDTLS__RB__;artifact;817;1040
src/openvpn/ssl_mbedtls.c;1;DEFINED___LB__MBEDTLS_SSL_PROTO_TLS1_2__RB__;1 && DEFINED___LB__ENABLE_CRYPTO_MBEDTLS__RB__ && DEFINED___LB__MBEDTLS_SSL_PROTO_TLS1_2__RB__;if;1041;1041
src/openvpn/ssl_mbedtls.c;1;DEFINED___LB__MBEDTLS_SSL_PROTO_TLS1_2__RB__;1 && DEFINED___LB__ENABLE_CRYPTO_MBEDTLS__RB__ && DEFINED___LB__MBEDTLS_SSL_PROTO_TLS1_2__RB__;artifact;1042;1042
src/openvpn/ssl_mbedtls.c;1;DEFINED___LB__MBEDTLS_SSL_PROTO_TLS1_1__RB__ && !DEFINED___LB__MBEDTLS_SSL_PROTO_TLS1_2__RB__;DEFINED___LB__MBEDTLS_SSL_PROTO_TLS1_1__RB__ && !DEFINED___LB__MBEDTLS_SSL_PROTO_TLS1_2__RB__ && 1 && DEFINED___LB__ENABLE_CRYPTO_MBEDTLS__RB__;elif;1043;1043
src/openvpn/ssl_mbedtls.c;1;DEFINED___LB__MBEDTLS_SSL_PROTO_TLS1_1__RB__ && !DEFINED___LB__MBEDTLS_SSL_PROTO_TLS1_2__RB__;DEFINED___LB__MBEDTLS_SSL_PROTO_TLS1_1__RB__ && !DEFINED___LB__MBEDTLS_SSL_PROTO_TLS1_2__RB__ && 1 && DEFINED___LB__ENABLE_CRYPTO_MBEDTLS__RB__;artifact;1044;1044
src/openvpn/ssl_mbedtls.c;1;DEFINED___LB__MBEDTLS_SSL_PROTO_TLS1__RB__ && !DEFINED___LB__MBEDTLS_SSL_PROTO_TLS1_1__RB__ && !DEFINED___LB__MBEDTLS_SSL_PROTO_TLS1_2__RB__;DEFINED___LB__MBEDTLS_SSL_PROTO_TLS1__RB__ && !DEFINED___LB__MBEDTLS_SSL_PROTO_TLS1_1__RB__ && !DEFINED___LB__MBEDTLS_SSL_PROTO_TLS1_2__RB__ && 1 && DEFINED___LB__ENABLE_CRYPTO_MBEDTLS__RB__;elif;1045;1045
src/openvpn/ssl_mbedtls.c;1;DEFINED___LB__MBEDTLS_SSL_PROTO_TLS1__RB__ && !DEFINED___LB__MBEDTLS_SSL_PROTO_TLS1_1__RB__ && !DEFINED___LB__MBEDTLS_SSL_PROTO_TLS1_2__RB__;DEFINED___LB__MBEDTLS_SSL_PROTO_TLS1__RB__ && !DEFINED___LB__MBEDTLS_SSL_PROTO_TLS1_1__RB__ && !DEFINED___LB__MBEDTLS_SSL_PROTO_TLS1_2__RB__ && 1 && DEFINED___LB__ENABLE_CRYPTO_MBEDTLS__RB__;artifact;1046;1046
src/openvpn/ssl_mbedtls.c;1;!DEFINED___LB__MBEDTLS_SSL_PROTO_TLS1__RB__ && !DEFINED___LB__MBEDTLS_SSL_PROTO_TLS1_1__RB__ && !DEFINED___LB__MBEDTLS_SSL_PROTO_TLS1_2__RB__;!DEFINED___LB__MBEDTLS_SSL_PROTO_TLS1__RB__ && !DEFINED___LB__MBEDTLS_SSL_PROTO_TLS1_1__RB__ && !DEFINED___LB__MBEDTLS_SSL_PROTO_TLS1_2__RB__ && 1 && DEFINED___LB__ENABLE_CRYPTO_MBEDTLS__RB__;else;1047;1047
src/openvpn/ssl_mbedtls.c;1;!DEFINED___LB__MBEDTLS_SSL_PROTO_TLS1__RB__ && !DEFINED___LB__MBEDTLS_SSL_PROTO_TLS1_1__RB__ && !DEFINED___LB__MBEDTLS_SSL_PROTO_TLS1_2__RB__;!DEFINED___LB__MBEDTLS_SSL_PROTO_TLS1__RB__ && !DEFINED___LB__MBEDTLS_SSL_PROTO_TLS1_1__RB__ && !DEFINED___LB__MBEDTLS_SSL_PROTO_TLS1_2__RB__ && 1 && DEFINED___LB__ENABLE_CRYPTO_MBEDTLS__RB__;artifact;1048;1048
src/openvpn/ssl_mbedtls.c;1;!DEFINED___LB__MBEDTLS_SSL_PROTO_TLS1__RB__ && !DEFINED___LB__MBEDTLS_SSL_PROTO_TLS1_1__RB__ && !DEFINED___LB__MBEDTLS_SSL_PROTO_TLS1_2__RB__;!DEFINED___LB__MBEDTLS_SSL_PROTO_TLS1__RB__ && !DEFINED___LB__MBEDTLS_SSL_PROTO_TLS1_1__RB__ && !DEFINED___LB__MBEDTLS_SSL_PROTO_TLS1_2__RB__ && 1 && DEFINED___LB__ENABLE_CRYPTO_MBEDTLS__RB__;endif;1049;1049
src/openvpn/ssl_mbedtls.c;1;DEFINED___LB__ENABLE_CRYPTO_MBEDTLS__RB__;1 && DEFINED___LB__ENABLE_CRYPTO_MBEDTLS__RB__;artifact;1050;1069
src/openvpn/ssl_mbedtls.c;1;DEFINED___LB__MBEDTLS_SSL_PROTO_TLS1__RB__;1 && DEFINED___LB__ENABLE_CRYPTO_MBEDTLS__RB__ && DEFINED___LB__MBEDTLS_SSL_PROTO_TLS1__RB__;if;1070;1070
src/openvpn/ssl_mbedtls.c;1;DEFINED___LB__MBEDTLS_SSL_PROTO_TLS1__RB__;1 && DEFINED___LB__ENABLE_CRYPTO_MBEDTLS__RB__ && DEFINED___LB__MBEDTLS_SSL_PROTO_TLS1__RB__;artifact;1071;1074
src/openvpn/ssl_mbedtls.c;1;DEFINED___LB__MBEDTLS_SSL_PROTO_TLS1__RB__;1 && DEFINED___LB__ENABLE_CRYPTO_MBEDTLS__RB__ && DEFINED___LB__MBEDTLS_SSL_PROTO_TLS1__RB__;endif;1075;1075
src/openvpn/ssl_mbedtls.c;1;DEFINED___LB__ENABLE_CRYPTO_MBEDTLS__RB__;1 && DEFINED___LB__ENABLE_CRYPTO_MBEDTLS__RB__;artifact;1076;1076
src/openvpn/ssl_mbedtls.c;1;DEFINED___LB__MBEDTLS_SSL_PROTO_TLS1_1__RB__;1 && DEFINED___LB__ENABLE_CRYPTO_MBEDTLS__RB__ && DEFINED___LB__MBEDTLS_SSL_PROTO_TLS1_1__RB__;if;1077;1077
src/openvpn/ssl_mbedtls.c;1;DEFINED___LB__MBEDTLS_SSL_PROTO_TLS1_1__RB__;1 && DEFINED___LB__ENABLE_CRYPTO_MBEDTLS__RB__ && DEFINED___LB__MBEDTLS_SSL_PROTO_TLS1_1__RB__;artifact;1078;1081
src/openvpn/ssl_mbedtls.c;1;DEFINED___LB__MBEDTLS_SSL_PROTO_TLS1_1__RB__;1 && DEFINED___LB__ENABLE_CRYPTO_MBEDTLS__RB__ && DEFINED___LB__MBEDTLS_SSL_PROTO_TLS1_1__RB__;endif;1082;1082
src/openvpn/ssl_mbedtls.c;1;DEFINED___LB__ENABLE_CRYPTO_MBEDTLS__RB__;1 && DEFINED___LB__ENABLE_CRYPTO_MBEDTLS__RB__;artifact;1083;1083
src/openvpn/ssl_mbedtls.c;1;DEFINED___LB__MBEDTLS_SSL_PROTO_TLS1_2__RB__;1 && DEFINED___LB__ENABLE_CRYPTO_MBEDTLS__RB__ && DEFINED___LB__MBEDTLS_SSL_PROTO_TLS1_2__RB__;if;1084;1084
src/openvpn/ssl_mbedtls.c;1;DEFINED___LB__MBEDTLS_SSL_PROTO_TLS1_2__RB__;1 && DEFINED___LB__ENABLE_CRYPTO_MBEDTLS__RB__ && DEFINED___LB__MBEDTLS_SSL_PROTO_TLS1_2__RB__;artifact;1085;1088
src/openvpn/ssl_mbedtls.c;1;DEFINED___LB__MBEDTLS_SSL_PROTO_TLS1_2__RB__;1 && DEFINED___LB__ENABLE_CRYPTO_MBEDTLS__RB__ && DEFINED___LB__MBEDTLS_SSL_PROTO_TLS1_2__RB__;endif;1089;1089
src/openvpn/ssl_mbedtls.c;1;DEFINED___LB__ENABLE_CRYPTO_MBEDTLS__RB__;1 && DEFINED___LB__ENABLE_CRYPTO_MBEDTLS__RB__;artifact;1090;1146
src/openvpn/ssl_mbedtls.c;1;MBEDTLS_DEBUG_C;1 && DEFINED___LB__ENABLE_CRYPTO_MBEDTLS__RB__ && MBEDTLS_DEBUG_C;if;1147;1147
src/openvpn/ssl_mbedtls.c;1;MBEDTLS_DEBUG_C;1 && DEFINED___LB__ENABLE_CRYPTO_MBEDTLS__RB__ && MBEDTLS_DEBUG_C;artifact;1148;1159
src/openvpn/ssl_mbedtls.c;1;MBEDTLS_DEBUG_C;1 && DEFINED___LB__ENABLE_CRYPTO_MBEDTLS__RB__ && MBEDTLS_DEBUG_C;endif;1160;1160
src/openvpn/ssl_mbedtls.c;1;DEFINED___LB__ENABLE_CRYPTO_MBEDTLS__RB__;1 && DEFINED___LB__ENABLE_CRYPTO_MBEDTLS__RB__;artifact;1161;1179
src/openvpn/ssl_mbedtls.c;1;DEFINED___LB__MBEDTLS_SSL_RENEGOTIATION__RB__;1 && DEFINED___LB__ENABLE_CRYPTO_MBEDTLS__RB__ && DEFINED___LB__MBEDTLS_SSL_RENEGOTIATION__RB__;if;1180;1180
src/openvpn/ssl_mbedtls.c;1;DEFINED___LB__MBEDTLS_SSL_RENEGOTIATION__RB__;1 && DEFINED___LB__ENABLE_CRYPTO_MBEDTLS__RB__ && DEFINED___LB__MBEDTLS_SSL_RENEGOTIATION__RB__;artifact;1181;1181
src/openvpn/ssl_mbedtls.c;1;DEFINED___LB__MBEDTLS_SSL_RENEGOTIATION__RB__;1 && DEFINED___LB__ENABLE_CRYPTO_MBEDTLS__RB__ && DEFINED___LB__MBEDTLS_SSL_RENEGOTIATION__RB__;endif;1182;1182
src/openvpn/ssl_mbedtls.c;1;DEFINED___LB__ENABLE_CRYPTO_MBEDTLS__RB__;1 && DEFINED___LB__ENABLE_CRYPTO_MBEDTLS__RB__;artifact;1183;1187
src/openvpn/ssl_mbedtls.c;1;DEFINED___LB__MBEDTLS_SSL_CBC_RECORD_SPLITTING__RB__;1 && DEFINED___LB__ENABLE_CRYPTO_MBEDTLS__RB__ && DEFINED___LB__MBEDTLS_SSL_CBC_RECORD_SPLITTING__RB__;if;1188;1188
src/openvpn/ssl_mbedtls.c;1;DEFINED___LB__MBEDTLS_SSL_CBC_RECORD_SPLITTING__RB__;1 && DEFINED___LB__ENABLE_CRYPTO_MBEDTLS__RB__ && DEFINED___LB__MBEDTLS_SSL_CBC_RECORD_SPLITTING__RB__;artifact;1189;1190
src/openvpn/ssl_mbedtls.c;1;DEFINED___LB__MBEDTLS_SSL_CBC_RECORD_SPLITTING__RB__;1 && DEFINED___LB__ENABLE_CRYPTO_MBEDTLS__RB__ && DEFINED___LB__MBEDTLS_SSL_CBC_RECORD_SPLITTING__RB__;endif;1191;1191
src/openvpn/ssl_mbedtls.c;1;DEFINED___LB__ENABLE_CRYPTO_MBEDTLS__RB__;1 && DEFINED___LB__ENABLE_CRYPTO_MBEDTLS__RB__;artifact;1192;1256
src/openvpn/ssl_mbedtls.c;1;HAVE_MBEDTLS_SSL_CONF_EXPORT_KEYS_EXT_CB;1 && DEFINED___LB__ENABLE_CRYPTO_MBEDTLS__RB__ && HAVE_MBEDTLS_SSL_CONF_EXPORT_KEYS_EXT_CB;if;1257;1257
src/openvpn/ssl_mbedtls.c;1;HAVE_MBEDTLS_SSL_CONF_EXPORT_KEYS_EXT_CB;1 && DEFINED___LB__ENABLE_CRYPTO_MBEDTLS__RB__ && HAVE_MBEDTLS_SSL_CONF_EXPORT_KEYS_EXT_CB;artifact;1258;1260
src/openvpn/ssl_mbedtls.c;1;HAVE_MBEDTLS_SSL_CONF_EXPORT_KEYS_EXT_CB;1 && DEFINED___LB__ENABLE_CRYPTO_MBEDTLS__RB__ && HAVE_MBEDTLS_SSL_CONF_EXPORT_KEYS_EXT_CB;endif;1261;1261
src/openvpn/ssl_mbedtls.c;1;DEFINED___LB__ENABLE_CRYPTO_MBEDTLS__RB__;1 && DEFINED___LB__ENABLE_CRYPTO_MBEDTLS__RB__;artifact;1262;1267
src/openvpn/ssl_mbedtls.c;1;HAVE_MBEDTLS_SSL_SET_EXPORT_KEYS_CB;1 && DEFINED___LB__ENABLE_CRYPTO_MBEDTLS__RB__ && HAVE_MBEDTLS_SSL_SET_EXPORT_KEYS_CB;if;1268;1268
src/openvpn/ssl_mbedtls.c;1;HAVE_MBEDTLS_SSL_SET_EXPORT_KEYS_CB;1 && DEFINED___LB__ENABLE_CRYPTO_MBEDTLS__RB__ && HAVE_MBEDTLS_SSL_SET_EXPORT_KEYS_CB;artifact;1269;1270
src/openvpn/ssl_mbedtls.c;1;HAVE_MBEDTLS_SSL_SET_EXPORT_KEYS_CB;1 && DEFINED___LB__ENABLE_CRYPTO_MBEDTLS__RB__ && HAVE_MBEDTLS_SSL_SET_EXPORT_KEYS_CB;endif;1271;1271
src/openvpn/ssl_mbedtls.c;1;DEFINED___LB__ENABLE_CRYPTO_MBEDTLS__RB__;1 && DEFINED___LB__ENABLE_CRYPTO_MBEDTLS__RB__;artifact;1272;1627
src/openvpn/ssl_mbedtls.c;1;DEFINED___LB__ENABLE_CRYPTO_MBEDTLS__RB__;1 && DEFINED___LB__ENABLE_CRYPTO_MBEDTLS__RB__;endif;1628;1628
src/openvpn/ssl_mbedtls.c;1;1;1;artifact;1629;1629
src/openvpn/ssl_mbedtls.h;1;1;1;ROOT;1;153
src/openvpn/ssl_mbedtls.h;1;1;1;artifact;1;28
src/openvpn/ssl_mbedtls.h;1;!SSL_MBEDTLS_H_;1 && !SSL_MBEDTLS_H_;if;29;29
src/openvpn/ssl_mbedtls.h;1;!SSL_MBEDTLS_H_;1 && !SSL_MBEDTLS_H_;artifact;30;37
src/openvpn/ssl_mbedtls.h;1;DEFINED___LB__ENABLE_PKCS11__RB__;1 && !SSL_MBEDTLS_H_ && DEFINED___LB__ENABLE_PKCS11__RB__;if;38;38
src/openvpn/ssl_mbedtls.h;1;DEFINED___LB__ENABLE_PKCS11__RB__;1 && !SSL_MBEDTLS_H_ && DEFINED___LB__ENABLE_PKCS11__RB__;artifact;39;39
src/openvpn/ssl_mbedtls.h;1;DEFINED___LB__ENABLE_PKCS11__RB__;1 && !SSL_MBEDTLS_H_ && DEFINED___LB__ENABLE_PKCS11__RB__;endif;40;40
src/openvpn/ssl_mbedtls.h;1;!SSL_MBEDTLS_H_;1 && !SSL_MBEDTLS_H_;artifact;41;84
src/openvpn/ssl_mbedtls.h;1;HAVE_EXPORT_KEYING_MATERIAL;1 && !SSL_MBEDTLS_H_ && HAVE_EXPORT_KEYING_MATERIAL;if;85;85
src/openvpn/ssl_mbedtls.h;1;HAVE_EXPORT_KEYING_MATERIAL;1 && !SSL_MBEDTLS_H_ && HAVE_EXPORT_KEYING_MATERIAL;artifact;86;93
src/openvpn/ssl_mbedtls.h;1;!HAVE_EXPORT_KEYING_MATERIAL;!HAVE_EXPORT_KEYING_MATERIAL && 1 && !SSL_MBEDTLS_H_;else;94;94
src/openvpn/ssl_mbedtls.h;1;!HAVE_EXPORT_KEYING_MATERIAL;!HAVE_EXPORT_KEYING_MATERIAL && 1 && !SSL_MBEDTLS_H_;artifact;95;95
src/openvpn/ssl_mbedtls.h;1;!HAVE_EXPORT_KEYING_MATERIAL;!HAVE_EXPORT_KEYING_MATERIAL && 1 && !SSL_MBEDTLS_H_;endif;96;96
src/openvpn/ssl_mbedtls.h;1;!SSL_MBEDTLS_H_;1 && !SSL_MBEDTLS_H_;artifact;97;115
src/openvpn/ssl_mbedtls.h;1;ENABLE_PKCS11;1 && !SSL_MBEDTLS_H_ && ENABLE_PKCS11;if;116;116
src/openvpn/ssl_mbedtls.h;1;ENABLE_PKCS11;1 && !SSL_MBEDTLS_H_ && ENABLE_PKCS11;artifact;117;117
src/openvpn/ssl_mbedtls.h;1;ENABLE_PKCS11;1 && !SSL_MBEDTLS_H_ && ENABLE_PKCS11;endif;118;118
src/openvpn/ssl_mbedtls.h;1;!SSL_MBEDTLS_H_;1 && !SSL_MBEDTLS_H_;artifact;119;150
src/openvpn/ssl_mbedtls.h;1;!SSL_MBEDTLS_H_;1 && !SSL_MBEDTLS_H_;endif;151;151
src/openvpn/ssl_mbedtls.h;1;1;1;artifact;152;152
src/openvpn/ssl_ncp.c;1;1;1;ROOT;1;531
src/openvpn/ssl_ncp.c;1;1;1;artifact;1;37
src/openvpn/ssl_ncp.c;1;HAVE_CONFIG_H;1 && HAVE_CONFIG_H;if;38;38
src/openvpn/ssl_ncp.c;1;HAVE_CONFIG_H;1 && HAVE_CONFIG_H;artifact;39;39
src/openvpn/ssl_ncp.c;1;HAVE_CONFIG_H;1 && HAVE_CONFIG_H;endif;40;40
src/openvpn/ssl_ncp.c;1;1;1;artifact;41;432
src/openvpn/ssl_ncp.c;1;DEFINED___LB__HAVE_EXPORT_KEYING_MATERIAL__RB__;1 && DEFINED___LB__HAVE_EXPORT_KEYING_MATERIAL__RB__;if;433;433
src/openvpn/ssl_ncp.c;1;DEFINED___LB__HAVE_EXPORT_KEYING_MATERIAL__RB__;1 && DEFINED___LB__HAVE_EXPORT_KEYING_MATERIAL__RB__;artifact;434;465
src/openvpn/ssl_ncp.c;1;DEFINED___LB__HAVE_EXPORT_KEYING_MATERIAL__RB__;1 && DEFINED___LB__HAVE_EXPORT_KEYING_MATERIAL__RB__;endif;466;466
src/openvpn/ssl_ncp.c;1;1;1;artifact;467;530
src/openvpn/ssl_ncp.h;1;1;1;ROOT;1;161
src/openvpn/ssl_ncp.h;1;1;1;artifact;1;29
src/openvpn/ssl_ncp.h;1;!OPENVPN_SSL_NCP_H;1 && !OPENVPN_SSL_NCP_H;if;30;30
src/openvpn/ssl_ncp.h;1;!OPENVPN_SSL_NCP_H;1 && !OPENVPN_SSL_NCP_H;artifact;31;158
src/openvpn/ssl_ncp.h;1;!OPENVPN_SSL_NCP_H;1 && !OPENVPN_SSL_NCP_H;endif;159;159
src/openvpn/ssl_ncp.h;1;1;1;artifact;160;160
src/openvpn/ssl_openssl.c;1;1;1;ROOT;1;2493
src/openvpn/ssl_openssl.c;1;1;1;artifact;1;28
src/openvpn/ssl_openssl.c;1;HAVE_CONFIG_H;1 && HAVE_CONFIG_H;if;29;29
src/openvpn/ssl_openssl.c;1;HAVE_CONFIG_H;1 && HAVE_CONFIG_H;artifact;30;30
src/openvpn/ssl_openssl.c;1;HAVE_CONFIG_H;1 && HAVE_CONFIG_H;endif;31;31
src/openvpn/ssl_openssl.c;1;1;1;artifact;32;34
src/openvpn/ssl_openssl.c;1;DEFINED___LB__ENABLE_CRYPTO_OPENSSL__RB__;1 && DEFINED___LB__ENABLE_CRYPTO_OPENSSL__RB__;if;35;35
src/openvpn/ssl_openssl.c;1;DEFINED___LB__ENABLE_CRYPTO_OPENSSL__RB__;1 && DEFINED___LB__ENABLE_CRYPTO_OPENSSL__RB__;artifact;36;47
src/openvpn/ssl_openssl.c;1;ENABLE_CRYPTOAPI;1 && DEFINED___LB__ENABLE_CRYPTO_OPENSSL__RB__ && ENABLE_CRYPTOAPI;if;48;48
src/openvpn/ssl_openssl.c;1;ENABLE_CRYPTOAPI;1 && DEFINED___LB__ENABLE_CRYPTO_OPENSSL__RB__ && ENABLE_CRYPTOAPI;artifact;49;49
src/openvpn/ssl_openssl.c;1;ENABLE_CRYPTOAPI;1 && DEFINED___LB__ENABLE_CRYPTO_OPENSSL__RB__ && ENABLE_CRYPTOAPI;endif;50;50
src/openvpn/ssl_openssl.c;1;DEFINED___LB__ENABLE_CRYPTO_OPENSSL__RB__;1 && DEFINED___LB__ENABLE_CRYPTO_OPENSSL__RB__;artifact;51;63
src/openvpn/ssl_openssl.c;1;!OPENSSL_NO_EC;1 && DEFINED___LB__ENABLE_CRYPTO_OPENSSL__RB__ && !OPENSSL_NO_EC;if;64;64
src/openvpn/ssl_openssl.c;1;!OPENSSL_NO_EC;1 && DEFINED___LB__ENABLE_CRYPTO_OPENSSL__RB__ && !OPENSSL_NO_EC;artifact;65;65
src/openvpn/ssl_openssl.c;1;!OPENSSL_NO_EC;1 && DEFINED___LB__ENABLE_CRYPTO_OPENSSL__RB__ && !OPENSSL_NO_EC;endif;66;66
src/openvpn/ssl_openssl.c;1;DEFINED___LB__ENABLE_CRYPTO_OPENSSL__RB__;1 && DEFINED___LB__ENABLE_CRYPTO_OPENSSL__RB__;artifact;67;67
src/openvpn/ssl_openssl.c;1;DEFINED___LB___MSC_VER__RB__ && !DEFINED___LB___M_ARM64__RB__;1 && DEFINED___LB__ENABLE_CRYPTO_OPENSSL__RB__ && DEFINED___LB___MSC_VER__RB__ && !DEFINED___LB___M_ARM64__RB__;if;68;68
src/openvpn/ssl_openssl.c;1;DEFINED___LB___MSC_VER__RB__ && !DEFINED___LB___M_ARM64__RB__;1 && DEFINED___LB__ENABLE_CRYPTO_OPENSSL__RB__ && DEFINED___LB___MSC_VER__RB__ && !DEFINED___LB___M_ARM64__RB__;artifact;69;69
src/openvpn/ssl_openssl.c;1;DEFINED___LB___MSC_VER__RB__ && !DEFINED___LB___M_ARM64__RB__;1 && DEFINED___LB__ENABLE_CRYPTO_OPENSSL__RB__ && DEFINED___LB___MSC_VER__RB__ && !DEFINED___LB___M_ARM64__RB__;endif;70;70
src/openvpn/ssl_openssl.c;1;DEFINED___LB__ENABLE_CRYPTO_OPENSSL__RB__;1 && DEFINED___LB__ENABLE_CRYPTO_OPENSSL__RB__;artifact;71;171
src/openvpn/ssl_openssl.c;1;!INFO_CALLBACK_SSL_CONST;1 && DEFINED___LB__ENABLE_CRYPTO_OPENSSL__RB__ && !INFO_CALLBACK_SSL_CONST;if;172;172
src/openvpn/ssl_openssl.c;1;!INFO_CALLBACK_SSL_CONST;1 && DEFINED___LB__ENABLE_CRYPTO_OPENSSL__RB__ && !INFO_CALLBACK_SSL_CONST;artifact;173;173
src/openvpn/ssl_openssl.c;1;!INFO_CALLBACK_SSL_CONST;1 && DEFINED___LB__ENABLE_CRYPTO_OPENSSL__RB__ && !INFO_CALLBACK_SSL_CONST;endif;174;174
src/openvpn/ssl_openssl.c;1;DEFINED___LB__ENABLE_CRYPTO_OPENSSL__RB__;1 && DEFINED___LB__ENABLE_CRYPTO_OPENSSL__RB__;artifact;175;201
src/openvpn/ssl_openssl.c;1;DEFINED___LB__TLS1_3_VERSION__RB__;1 && DEFINED___LB__ENABLE_CRYPTO_OPENSSL__RB__ && DEFINED___LB__TLS1_3_VERSION__RB__;if;202;202
src/openvpn/ssl_openssl.c;1;DEFINED___LB__TLS1_3_VERSION__RB__;1 && DEFINED___LB__ENABLE_CRYPTO_OPENSSL__RB__ && DEFINED___LB__TLS1_3_VERSION__RB__;artifact;203;204
src/openvpn/ssl_openssl.c;1;OPENSSL_VERSION_NUMBER__GEQ__0x10100000L && !DEFINED___LB__TLS1_3_VERSION__RB__;OPENSSL_VERSION_NUMBER__GEQ__0x10100000L && !DEFINED___LB__TLS1_3_VERSION__RB__ && 1 && DEFINED___LB__ENABLE_CRYPTO_OPENSSL__RB__;elif;205;205
src/openvpn/ssl_openssl.c;1;OPENSSL_VERSION_NUMBER__GEQ__0x10100000L && !DEFINED___LB__TLS1_3_VERSION__RB__;OPENSSL_VERSION_NUMBER__GEQ__0x10100000L && !DEFINED___LB__TLS1_3_VERSION__RB__ && 1 && DEFINED___LB__ENABLE_CRYPTO_OPENSSL__RB__;artifact;206;224
src/openvpn/ssl_openssl.c;1;(DEFINED___LB__TLS1_2_VERSION__RB__ || DEFINED___LB__SSL_OP_NO_TLSv1_2__RB__) && !OPENSSL_VERSION_NUMBER__GEQ__0x10100000L && !DEFINED___LB__TLS1_3_VERSION__RB__;(DEFINED___LB__TLS1_2_VERSION__RB__ || DEFINED___LB__SSL_OP_NO_TLSv1_2__RB__) && !OPENSSL_VERSION_NUMBER__GEQ__0x10100000L && !DEFINED___LB__TLS1_3_VERSION__RB__ && 1 && DEFINED___LB__ENABLE_CRYPTO_OPENSSL__RB__;elif;225;225
src/openvpn/ssl_openssl.c;1;(DEFINED___LB__TLS1_2_VERSION__RB__ || DEFINED___LB__SSL_OP_NO_TLSv1_2__RB__) && !OPENSSL_VERSION_NUMBER__GEQ__0x10100000L && !DEFINED___LB__TLS1_3_VERSION__RB__;(DEFINED___LB__TLS1_2_VERSION__RB__ || DEFINED___LB__SSL_OP_NO_TLSv1_2__RB__) && !OPENSSL_VERSION_NUMBER__GEQ__0x10100000L && !DEFINED___LB__TLS1_3_VERSION__RB__ && 1 && DEFINED___LB__ENABLE_CRYPTO_OPENSSL__RB__;artifact;226;226
src/openvpn/ssl_openssl.c;1;(DEFINED___LB__TLS1_1_VERSION__RB__ || DEFINED___LB__SSL_OP_NO_TLSv1_1__RB__) && !DEFINED___LB__TLS1_2_VERSION__RB__ && !DEFINED___LB__SSL_OP_NO_TLSv1_2__RB__ && !OPENSSL_VERSION_NUMBER__GEQ__0x10100000L && !DEFINED___LB__TLS1_3_VERSION__RB__;(DEFINED___LB__TLS1_1_VERSION__RB__ || DEFINED___LB__SSL_OP_NO_TLSv1_1__RB__) && !DEFINED___LB__TLS1_2_VERSION__RB__ && !DEFINED___LB__SSL_OP_NO_TLSv1_2__RB__ && !OPENSSL_VERSION_NUMBER__GEQ__0x10100000L && !DEFINED___LB__TLS1_3_VERSION__RB__ && 1 && DEFINED___LB__ENABLE_CRYPTO_OPENSSL__RB__;elif;227;227
src/openvpn/ssl_openssl.c;1;(DEFINED___LB__TLS1_1_VERSION__RB__ || DEFINED___LB__SSL_OP_NO_TLSv1_1__RB__) && !DEFINED___LB__TLS1_2_VERSION__RB__ && !DEFINED___LB__SSL_OP_NO_TLSv1_2__RB__ && !OPENSSL_VERSION_NUMBER__GEQ__0x10100000L && !DEFINED___LB__TLS1_3_VERSION__RB__;(DEFINED___LB__TLS1_1_VERSION__RB__ || DEFINED___LB__SSL_OP_NO_TLSv1_1__RB__) && !DEFINED___LB__TLS1_2_VERSION__RB__ && !DEFINED___LB__SSL_OP_NO_TLSv1_2__RB__ && !OPENSSL_VERSION_NUMBER__GEQ__0x10100000L && !DEFINED___LB__TLS1_3_VERSION__RB__ && 1 && DEFINED___LB__ENABLE_CRYPTO_OPENSSL__RB__;artifact;228;228
src/openvpn/ssl_openssl.c;1;!DEFINED___LB__TLS1_1_VERSION__RB__ && !DEFINED___LB__SSL_OP_NO_TLSv1_1__RB__ && !DEFINED___LB__TLS1_2_VERSION__RB__ && !DEFINED___LB__SSL_OP_NO_TLSv1_2__RB__ && !OPENSSL_VERSION_NUMBER__GEQ__0x10100000L && !DEFINED___LB__TLS1_3_VERSION__RB__;!DEFINED___LB__TLS1_1_VERSION__RB__ && !DEFINED___LB__SSL_OP_NO_TLSv1_1__RB__ && !DEFINED___LB__TLS1_2_VERSION__RB__ && !DEFINED___LB__SSL_OP_NO_TLSv1_2__RB__ && !OPENSSL_VERSION_NUMBER__GEQ__0x10100000L && !DEFINED___LB__TLS1_3_VERSION__RB__ && 1 && DEFINED___LB__ENABLE_CRYPTO_OPENSSL__RB__;else;229;229
src/openvpn/ssl_openssl.c;1;!DEFINED___LB__TLS1_1_VERSION__RB__ && !DEFINED___LB__SSL_OP_NO_TLSv1_1__RB__ && !DEFINED___LB__TLS1_2_VERSION__RB__ && !DEFINED___LB__SSL_OP_NO_TLSv1_2__RB__ && !OPENSSL_VERSION_NUMBER__GEQ__0x10100000L && !DEFINED___LB__TLS1_3_VERSION__RB__;!DEFINED___LB__TLS1_1_VERSION__RB__ && !DEFINED___LB__SSL_OP_NO_TLSv1_1__RB__ && !DEFINED___LB__TLS1_2_VERSION__RB__ && !DEFINED___LB__SSL_OP_NO_TLSv1_2__RB__ && !OPENSSL_VERSION_NUMBER__GEQ__0x10100000L && !DEFINED___LB__TLS1_3_VERSION__RB__ && 1 && DEFINED___LB__ENABLE_CRYPTO_OPENSSL__RB__;artifact;230;230
src/openvpn/ssl_openssl.c;1;!DEFINED___LB__TLS1_1_VERSION__RB__ && !DEFINED___LB__SSL_OP_NO_TLSv1_1__RB__ && !DEFINED___LB__TLS1_2_VERSION__RB__ && !DEFINED___LB__SSL_OP_NO_TLSv1_2__RB__ && !OPENSSL_VERSION_NUMBER__GEQ__0x10100000L && !DEFINED___LB__TLS1_3_VERSION__RB__;!DEFINED___LB__TLS1_1_VERSION__RB__ && !DEFINED___LB__SSL_OP_NO_TLSv1_1__RB__ && !DEFINED___LB__TLS1_2_VERSION__RB__ && !DEFINED___LB__SSL_OP_NO_TLSv1_2__RB__ && !OPENSSL_VERSION_NUMBER__GEQ__0x10100000L && !DEFINED___LB__TLS1_3_VERSION__RB__ && 1 && DEFINED___LB__ENABLE_CRYPTO_OPENSSL__RB__;endif;231;231
src/openvpn/ssl_openssl.c;1;DEFINED___LB__ENABLE_CRYPTO_OPENSSL__RB__;1 && DEFINED___LB__ENABLE_CRYPTO_OPENSSL__RB__;artifact;232;257
src/openvpn/ssl_openssl.c;1;!TLS1_3_VERSION;1 && DEFINED___LB__ENABLE_CRYPTO_OPENSSL__RB__ && !TLS1_3_VERSION;if;258;258
src/openvpn/ssl_openssl.c;1;!TLS1_3_VERSION;1 && DEFINED___LB__ENABLE_CRYPTO_OPENSSL__RB__ && !TLS1_3_VERSION;artifact;259;264
src/openvpn/ssl_openssl.c;1;TLS1_3_VERSION;TLS1_3_VERSION && 1 && DEFINED___LB__ENABLE_CRYPTO_OPENSSL__RB__;else;265;265
src/openvpn/ssl_openssl.c;1;TLS1_3_VERSION;TLS1_3_VERSION && 1 && DEFINED___LB__ENABLE_CRYPTO_OPENSSL__RB__;artifact;266;266
src/openvpn/ssl_openssl.c;1;TLS1_3_VERSION;TLS1_3_VERSION && 1 && DEFINED___LB__ENABLE_CRYPTO_OPENSSL__RB__;endif;267;267
src/openvpn/ssl_openssl.c;1;DEFINED___LB__ENABLE_CRYPTO_OPENSSL__RB__;1 && DEFINED___LB__ENABLE_CRYPTO_OPENSSL__RB__;artifact;268;308
src/openvpn/ssl_openssl.c;1;SSL_OP_CIPHER_SERVER_PREFERENCE;1 && DEFINED___LB__ENABLE_CRYPTO_OPENSSL__RB__ && SSL_OP_CIPHER_SERVER_PREFERENCE;if;309;309
src/openvpn/ssl_openssl.c;1;SSL_OP_CIPHER_SERVER_PREFERENCE;1 && DEFINED___LB__ENABLE_CRYPTO_OPENSSL__RB__ && SSL_OP_CIPHER_SERVER_PREFERENCE;artifact;310;310
src/openvpn/ssl_openssl.c;1;SSL_OP_CIPHER_SERVER_PREFERENCE;1 && DEFINED___LB__ENABLE_CRYPTO_OPENSSL__RB__ && SSL_OP_CIPHER_SERVER_PREFERENCE;endif;311;311
src/openvpn/ssl_openssl.c;1;DEFINED___LB__ENABLE_CRYPTO_OPENSSL__RB__;1 && DEFINED___LB__ENABLE_CRYPTO_OPENSSL__RB__;artifact;312;315
src/openvpn/ssl_openssl.c;1;SSL_OP_NO_RENEGOTIATION;1 && DEFINED___LB__ENABLE_CRYPTO_OPENSSL__RB__ && SSL_OP_NO_RENEGOTIATION;if;316;316
src/openvpn/ssl_openssl.c;1;SSL_OP_NO_RENEGOTIATION;1 && DEFINED___LB__ENABLE_CRYPTO_OPENSSL__RB__ && SSL_OP_NO_RENEGOTIATION;artifact;317;317
src/openvpn/ssl_openssl.c;1;SSL_OP_NO_RENEGOTIATION;1 && DEFINED___LB__ENABLE_CRYPTO_OPENSSL__RB__ && SSL_OP_NO_RENEGOTIATION;endif;318;318
src/openvpn/ssl_openssl.c;1;DEFINED___LB__ENABLE_CRYPTO_OPENSSL__RB__;1 && DEFINED___LB__ENABLE_CRYPTO_OPENSSL__RB__;artifact;319;326
src/openvpn/ssl_openssl.c;1;SSL_MODE_RELEASE_BUFFERS;1 && DEFINED___LB__ENABLE_CRYPTO_OPENSSL__RB__ && SSL_MODE_RELEASE_BUFFERS;if;327;327
src/openvpn/ssl_openssl.c;1;SSL_MODE_RELEASE_BUFFERS;1 && DEFINED___LB__ENABLE_CRYPTO_OPENSSL__RB__ && SSL_MODE_RELEASE_BUFFERS;artifact;328;328
src/openvpn/ssl_openssl.c;1;SSL_MODE_RELEASE_BUFFERS;1 && DEFINED___LB__ENABLE_CRYPTO_OPENSSL__RB__ && SSL_MODE_RELEASE_BUFFERS;endif;329;329
src/openvpn/ssl_openssl.c;1;DEFINED___LB__ENABLE_CRYPTO_OPENSSL__RB__;1 && DEFINED___LB__ENABLE_CRYPTO_OPENSSL__RB__;artifact;330;493
src/openvpn/ssl_openssl.c;1;!DEFINED___LB__TLS1_3_VERSION__RB__;1 && DEFINED___LB__ENABLE_CRYPTO_OPENSSL__RB__ && !DEFINED___LB__TLS1_3_VERSION__RB__;if;494;494
src/openvpn/ssl_openssl.c;1;!DEFINED___LB__TLS1_3_VERSION__RB__;1 && DEFINED___LB__ENABLE_CRYPTO_OPENSSL__RB__ && !DEFINED___LB__TLS1_3_VERSION__RB__;artifact;495;497
src/openvpn/ssl_openssl.c;1;DEFINED___LB__TLS1_3_VERSION__RB__;DEFINED___LB__TLS1_3_VERSION__RB__ && 1 && DEFINED___LB__ENABLE_CRYPTO_OPENSSL__RB__;else;498;498
src/openvpn/ssl_openssl.c;1;DEFINED___LB__TLS1_3_VERSION__RB__;DEFINED___LB__TLS1_3_VERSION__RB__ && 1 && DEFINED___LB__ENABLE_CRYPTO_OPENSSL__RB__;artifact;499;509
src/openvpn/ssl_openssl.c;1;DEFINED___LB__TLS1_3_VERSION__RB__;DEFINED___LB__TLS1_3_VERSION__RB__ && 1 && DEFINED___LB__ENABLE_CRYPTO_OPENSSL__RB__;endif;510;510
src/openvpn/ssl_openssl.c;1;DEFINED___LB__ENABLE_CRYPTO_OPENSSL__RB__;1 && DEFINED___LB__ENABLE_CRYPTO_OPENSSL__RB__;artifact;511;515
src/openvpn/ssl_openssl.c;1;OPENSSL_VERSION_NUMBER__GT__0x10100000L && (!DEFINED___LB__LIBRESSL_VERSION_NUMBER__RB__ || LIBRESSL_VERSION_NUMBER__GT__0x3060000fL);1 && DEFINED___LB__ENABLE_CRYPTO_OPENSSL__RB__ && OPENSSL_VERSION_NUMBER__GT__0x10100000L && (!DEFINED___LB__LIBRESSL_VERSION_NUMBER__RB__ || LIBRESSL_VERSION_NUMBER__GT__0x3060000fL);if;516;517
src/openvpn/ssl_openssl.c;1;OPENSSL_VERSION_NUMBER__GT__0x10100000L && (!DEFINED___LB__LIBRESSL_VERSION_NUMBER__RB__ || LIBRESSL_VERSION_NUMBER__GT__0x3060000fL);1 && DEFINED___LB__ENABLE_CRYPTO_OPENSSL__RB__ && OPENSSL_VERSION_NUMBER__GT__0x10100000L && (!DEFINED___LB__LIBRESSL_VERSION_NUMBER__RB__ || LIBRESSL_VERSION_NUMBER__GT__0x3060000fL);artifact;518;542
src/openvpn/ssl_openssl.c;1;(!OPENSSL_VERSION_NUMBER__GT__0x10100000L || DEFINED___LB__LIBRESSL_VERSION_NUMBER__RB__) && (!OPENSSL_VERSION_NUMBER__GT__0x10100000L || !LIBRESSL_VERSION_NUMBER__GT__0x3060000fL);(!OPENSSL_VERSION_NUMBER__GT__0x10100000L || DEFINED___LB__LIBRESSL_VERSION_NUMBER__RB__) && (!OPENSSL_VERSION_NUMBER__GT__0x10100000L || !LIBRESSL_VERSION_NUMBER__GT__0x3060000fL) && 1 && DEFINED___LB__ENABLE_CRYPTO_OPENSSL__RB__;else;543;543
src/openvpn/ssl_openssl.c;1;(!OPENSSL_VERSION_NUMBER__GT__0x10100000L || DEFINED___LB__LIBRESSL_VERSION_NUMBER__RB__) && (!OPENSSL_VERSION_NUMBER__GT__0x10100000L || !LIBRESSL_VERSION_NUMBER__GT__0x3060000fL);(!OPENSSL_VERSION_NUMBER__GT__0x10100000L || DEFINED___LB__LIBRESSL_VERSION_NUMBER__RB__) && (!OPENSSL_VERSION_NUMBER__GT__0x10100000L || !LIBRESSL_VERSION_NUMBER__GT__0x3060000fL) && 1 && DEFINED___LB__ENABLE_CRYPTO_OPENSSL__RB__;artifact;544;548
src/openvpn/ssl_openssl.c;1;(!OPENSSL_VERSION_NUMBER__GT__0x10100000L || DEFINED___LB__LIBRESSL_VERSION_NUMBER__RB__) && (!OPENSSL_VERSION_NUMBER__GT__0x10100000L || !LIBRESSL_VERSION_NUMBER__GT__0x3060000fL);(!OPENSSL_VERSION_NUMBER__GT__0x10100000L || DEFINED___LB__LIBRESSL_VERSION_NUMBER__RB__) && (!OPENSSL_VERSION_NUMBER__GT__0x10100000L || !LIBRESSL_VERSION_NUMBER__GT__0x3060000fL) && 1 && DEFINED___LB__ENABLE_CRYPTO_OPENSSL__RB__;endif;549;549
src/openvpn/ssl_openssl.c;1;DEFINED___LB__ENABLE_CRYPTO_OPENSSL__RB__;1 && DEFINED___LB__ENABLE_CRYPTO_OPENSSL__RB__;artifact;550;555
src/openvpn/ssl_openssl.c;1;OPENSSL_VERSION_NUMBER__LT__0x30000000L;1 && DEFINED___LB__ENABLE_CRYPTO_OPENSSL__RB__ && OPENSSL_VERSION_NUMBER__LT__0x30000000L;if;556;556
src/openvpn/ssl_openssl.c;1;OPENSSL_VERSION_NUMBER__LT__0x30000000L;1 && DEFINED___LB__ENABLE_CRYPTO_OPENSSL__RB__ && OPENSSL_VERSION_NUMBER__LT__0x30000000L;artifact;557;602
src/openvpn/ssl_openssl.c;1;!OPENSSL_VERSION_NUMBER__LT__0x30000000L;!OPENSSL_VERSION_NUMBER__LT__0x30000000L && 1 && DEFINED___LB__ENABLE_CRYPTO_OPENSSL__RB__;else;603;603
src/openvpn/ssl_openssl.c;1;!OPENSSL_VERSION_NUMBER__LT__0x30000000L;!OPENSSL_VERSION_NUMBER__LT__0x30000000L && 1 && DEFINED___LB__ENABLE_CRYPTO_OPENSSL__RB__;artifact;604;608
src/openvpn/ssl_openssl.c;1;!OPENSSL_VERSION_NUMBER__LT__0x30000000L;!OPENSSL_VERSION_NUMBER__LT__0x30000000L && 1 && DEFINED___LB__ENABLE_CRYPTO_OPENSSL__RB__;endif;609;609
src/openvpn/ssl_openssl.c;1;DEFINED___LB__ENABLE_CRYPTO_OPENSSL__RB__;1 && DEFINED___LB__ENABLE_CRYPTO_OPENSSL__RB__;artifact;610;671
src/openvpn/ssl_openssl.c;1;OPENSSL_VERSION_NUMBER__GEQ__0x30000000L;1 && DEFINED___LB__ENABLE_CRYPTO_OPENSSL__RB__ && OPENSSL_VERSION_NUMBER__GEQ__0x30000000L;if;672;672
src/openvpn/ssl_openssl.c;1;OPENSSL_VERSION_NUMBER__GEQ__0x30000000L;1 && DEFINED___LB__ENABLE_CRYPTO_OPENSSL__RB__ && OPENSSL_VERSION_NUMBER__GEQ__0x30000000L;artifact;673;687
src/openvpn/ssl_openssl.c;1;!OPENSSL_VERSION_NUMBER__GEQ__0x30000000L;!OPENSSL_VERSION_NUMBER__GEQ__0x30000000L && 1 && DEFINED___LB__ENABLE_CRYPTO_OPENSSL__RB__;else;688;688
src/openvpn/ssl_openssl.c;1;!OPENSSL_VERSION_NUMBER__GEQ__0x30000000L;!OPENSSL_VERSION_NUMBER__GEQ__0x30000000L && 1 && DEFINED___LB__ENABLE_CRYPTO_OPENSSL__RB__;artifact;689;705
src/openvpn/ssl_openssl.c;1;!OPENSSL_VERSION_NUMBER__GEQ__0x30000000L;!OPENSSL_VERSION_NUMBER__GEQ__0x30000000L && 1 && DEFINED___LB__ENABLE_CRYPTO_OPENSSL__RB__;endif;706;706
src/openvpn/ssl_openssl.c;1;DEFINED___LB__ENABLE_CRYPTO_OPENSSL__RB__;1 && DEFINED___LB__ENABLE_CRYPTO_OPENSSL__RB__;artifact;707;711
src/openvpn/ssl_openssl.c;1;OPENSSL_VERSION_NUMBER__GEQ__0x30000000L;1 && DEFINED___LB__ENABLE_CRYPTO_OPENSSL__RB__ && OPENSSL_VERSION_NUMBER__GEQ__0x30000000L;if;712;712
src/openvpn/ssl_openssl.c;1;OPENSSL_VERSION_NUMBER__GEQ__0x30000000L;1 && DEFINED___LB__ENABLE_CRYPTO_OPENSSL__RB__ && OPENSSL_VERSION_NUMBER__GEQ__0x30000000L;artifact;713;718
src/openvpn/ssl_openssl.c;1;!DEFINED___LB__OPENSSL_NO_EC__RB__ && !OPENSSL_VERSION_NUMBER__GEQ__0x30000000L;!DEFINED___LB__OPENSSL_NO_EC__RB__ && !OPENSSL_VERSION_NUMBER__GEQ__0x30000000L && 1 && DEFINED___LB__ENABLE_CRYPTO_OPENSSL__RB__;elif;719;719
src/openvpn/ssl_openssl.c;1;!DEFINED___LB__OPENSSL_NO_EC__RB__ && !OPENSSL_VERSION_NUMBER__GEQ__0x30000000L;!DEFINED___LB__OPENSSL_NO_EC__RB__ && !OPENSSL_VERSION_NUMBER__GEQ__0x30000000L && 1 && DEFINED___LB__ENABLE_CRYPTO_OPENSSL__RB__;artifact;720;764
src/openvpn/ssl_openssl.c;1;DEFINED___LB__OPENSSL_NO_EC__RB__ && !OPENSSL_VERSION_NUMBER__GEQ__0x30000000L;DEFINED___LB__OPENSSL_NO_EC__RB__ && !OPENSSL_VERSION_NUMBER__GEQ__0x30000000L && 1 && DEFINED___LB__ENABLE_CRYPTO_OPENSSL__RB__;else;765;765
src/openvpn/ssl_openssl.c;1;DEFINED___LB__OPENSSL_NO_EC__RB__ && !OPENSSL_VERSION_NUMBER__GEQ__0x30000000L;DEFINED___LB__OPENSSL_NO_EC__RB__ && !OPENSSL_VERSION_NUMBER__GEQ__0x30000000L && 1 && DEFINED___LB__ENABLE_CRYPTO_OPENSSL__RB__;artifact;766;767
src/openvpn/ssl_openssl.c;1;DEFINED___LB__OPENSSL_NO_EC__RB__ && !OPENSSL_VERSION_NUMBER__GEQ__0x30000000L;DEFINED___LB__OPENSSL_NO_EC__RB__ && !OPENSSL_VERSION_NUMBER__GEQ__0x30000000L && 1 && DEFINED___LB__ENABLE_CRYPTO_OPENSSL__RB__;endif;768;768
src/openvpn/ssl_openssl.c;1;DEFINED___LB__ENABLE_CRYPTO_OPENSSL__RB__;1 && DEFINED___LB__ENABLE_CRYPTO_OPENSSL__RB__;artifact;769;824
src/openvpn/ssl_openssl.c;1;ENABLE_MANAGEMENT;1 && DEFINED___LB__ENABLE_CRYPTO_OPENSSL__RB__ && ENABLE_MANAGEMENT;if;825;825
src/openvpn/ssl_openssl.c;1;ENABLE_MANAGEMENT;1 && DEFINED___LB__ENABLE_CRYPTO_OPENSSL__RB__ && ENABLE_MANAGEMENT;artifact;826;829
src/openvpn/ssl_openssl.c;1;ENABLE_MANAGEMENT;1 && DEFINED___LB__ENABLE_CRYPTO_OPENSSL__RB__ && ENABLE_MANAGEMENT;endif;830;830
src/openvpn/ssl_openssl.c;1;DEFINED___LB__ENABLE_CRYPTO_OPENSSL__RB__;1 && DEFINED___LB__ENABLE_CRYPTO_OPENSSL__RB__;artifact;831;899
src/openvpn/ssl_openssl.c;1;ENABLE_CRYPTOAPI;1 && DEFINED___LB__ENABLE_CRYPTO_OPENSSL__RB__ && ENABLE_CRYPTOAPI;if;900;900
src/openvpn/ssl_openssl.c;1;ENABLE_CRYPTOAPI;1 && DEFINED___LB__ENABLE_CRYPTO_OPENSSL__RB__ && ENABLE_CRYPTOAPI;artifact;901;911
src/openvpn/ssl_openssl.c;1;ENABLE_CRYPTOAPI;1 && DEFINED___LB__ENABLE_CRYPTO_OPENSSL__RB__ && ENABLE_CRYPTOAPI;endif;912;912
src/openvpn/ssl_openssl.c;1;DEFINED___LB__ENABLE_CRYPTO_OPENSSL__RB__;1 && DEFINED___LB__ENABLE_CRYPTO_OPENSSL__RB__;artifact;913;1042
src/openvpn/ssl_openssl.c;1;ENABLE_MANAGEMENT;1 && DEFINED___LB__ENABLE_CRYPTO_OPENSSL__RB__ && ENABLE_MANAGEMENT;if;1043;1043
src/openvpn/ssl_openssl.c;1;ENABLE_MANAGEMENT;1 && DEFINED___LB__ENABLE_CRYPTO_OPENSSL__RB__ && ENABLE_MANAGEMENT;artifact;1044;1047
src/openvpn/ssl_openssl.c;1;ENABLE_MANAGEMENT;1 && DEFINED___LB__ENABLE_CRYPTO_OPENSSL__RB__ && ENABLE_MANAGEMENT;endif;1048;1048
src/openvpn/ssl_openssl.c;1;DEFINED___LB__ENABLE_CRYPTO_OPENSSL__RB__;1 && DEFINED___LB__ENABLE_CRYPTO_OPENSSL__RB__;artifact;1049;1150
src/openvpn/ssl_openssl.c;1;DEFINED___LB__ENABLE_MANAGEMENT__RB__ && !DEFINED___LB__HAVE_XKEY_PROVIDER__RB__;1 && DEFINED___LB__ENABLE_CRYPTO_OPENSSL__RB__ && DEFINED___LB__ENABLE_MANAGEMENT__RB__ && !DEFINED___LB__HAVE_XKEY_PROVIDER__RB__;if;1151;1151
src/openvpn/ssl_openssl.c;1;DEFINED___LB__ENABLE_MANAGEMENT__RB__ && !DEFINED___LB__HAVE_XKEY_PROVIDER__RB__;1 && DEFINED___LB__ENABLE_CRYPTO_OPENSSL__RB__ && DEFINED___LB__ENABLE_MANAGEMENT__RB__ && !DEFINED___LB__HAVE_XKEY_PROVIDER__RB__;artifact;1152;1329
src/openvpn/ssl_openssl.c;1;!DEFINED___LB__OPENSSL_NO_EC__RB__;1 && DEFINED___LB__ENABLE_CRYPTO_OPENSSL__RB__ && DEFINED___LB__ENABLE_MANAGEMENT__RB__ && !DEFINED___LB__HAVE_XKEY_PROVIDER__RB__ && !DEFINED___LB__OPENSSL_NO_EC__RB__;if;1330;1330
src/openvpn/ssl_openssl.c;1;!DEFINED___LB__OPENSSL_NO_EC__RB__;1 && DEFINED___LB__ENABLE_CRYPTO_OPENSSL__RB__ && DEFINED___LB__ENABLE_MANAGEMENT__RB__ && !DEFINED___LB__HAVE_XKEY_PROVIDER__RB__ && !DEFINED___LB__OPENSSL_NO_EC__RB__;artifact;1331;1450
src/openvpn/ssl_openssl.c;1;!DEFINED___LB__OPENSSL_NO_EC__RB__;1 && DEFINED___LB__ENABLE_CRYPTO_OPENSSL__RB__ && DEFINED___LB__ENABLE_MANAGEMENT__RB__ && !DEFINED___LB__HAVE_XKEY_PROVIDER__RB__ && !DEFINED___LB__OPENSSL_NO_EC__RB__;endif;1451;1451
src/openvpn/ssl_openssl.c;1;DEFINED___LB__ENABLE_MANAGEMENT__RB__ && !DEFINED___LB__HAVE_XKEY_PROVIDER__RB__;1 && DEFINED___LB__ENABLE_CRYPTO_OPENSSL__RB__ && DEFINED___LB__ENABLE_MANAGEMENT__RB__ && !DEFINED___LB__HAVE_XKEY_PROVIDER__RB__;endif;1452;1452
src/openvpn/ssl_openssl.c;1;DEFINED___LB__ENABLE_CRYPTO_OPENSSL__RB__;1 && DEFINED___LB__ENABLE_CRYPTO_OPENSSL__RB__;artifact;1453;1453
src/openvpn/ssl_openssl.c;1;ENABLE_MANAGEMENT;1 && DEFINED___LB__ENABLE_CRYPTO_OPENSSL__RB__ && ENABLE_MANAGEMENT;if;1454;1454
src/openvpn/ssl_openssl.c;1;ENABLE_MANAGEMENT;1 && DEFINED___LB__ENABLE_CRYPTO_OPENSSL__RB__ && ENABLE_MANAGEMENT;artifact;1455;1469
src/openvpn/ssl_openssl.c;1;HAVE_XKEY_PROVIDER;1 && DEFINED___LB__ENABLE_CRYPTO_OPENSSL__RB__ && ENABLE_MANAGEMENT && HAVE_XKEY_PROVIDER;if;1470;1470
src/openvpn/ssl_openssl.c;1;HAVE_XKEY_PROVIDER;1 && DEFINED___LB__ENABLE_CRYPTO_OPENSSL__RB__ && ENABLE_MANAGEMENT && HAVE_XKEY_PROVIDER;artifact;1471;1478
src/openvpn/ssl_openssl.c;1;!HAVE_XKEY_PROVIDER;!HAVE_XKEY_PROVIDER && 1 && DEFINED___LB__ENABLE_CRYPTO_OPENSSL__RB__ && ENABLE_MANAGEMENT;else;1479;1479
src/openvpn/ssl_openssl.c;1;OPENSSL_VERSION_NUMBER__LT__0x30000000L;!HAVE_XKEY_PROVIDER && 1 && DEFINED___LB__ENABLE_CRYPTO_OPENSSL__RB__ && ENABLE_MANAGEMENT && OPENSSL_VERSION_NUMBER__LT__0x30000000L;if;1480;1480
src/openvpn/ssl_openssl.c;1;OPENSSL_VERSION_NUMBER__LT__0x30000000L;!HAVE_XKEY_PROVIDER && 1 && DEFINED___LB__ENABLE_CRYPTO_OPENSSL__RB__ && ENABLE_MANAGEMENT && OPENSSL_VERSION_NUMBER__LT__0x30000000L;artifact;1481;1481
src/openvpn/ssl_openssl.c;1;!OPENSSL_VERSION_NUMBER__LT__0x30000000L;!OPENSSL_VERSION_NUMBER__LT__0x30000000L && !HAVE_XKEY_PROVIDER && 1 && DEFINED___LB__ENABLE_CRYPTO_OPENSSL__RB__ && ENABLE_MANAGEMENT;else;1482;1482
src/openvpn/ssl_openssl.c;1;!OPENSSL_VERSION_NUMBER__LT__0x30000000L;!OPENSSL_VERSION_NUMBER__LT__0x30000000L && !HAVE_XKEY_PROVIDER && 1 && DEFINED___LB__ENABLE_CRYPTO_OPENSSL__RB__ && ENABLE_MANAGEMENT;artifact;1483;1483
src/openvpn/ssl_openssl.c;1;!OPENSSL_VERSION_NUMBER__LT__0x30000000L;!OPENSSL_VERSION_NUMBER__LT__0x30000000L && !HAVE_XKEY_PROVIDER && 1 && DEFINED___LB__ENABLE_CRYPTO_OPENSSL__RB__ && ENABLE_MANAGEMENT;endif;1484;1484
src/openvpn/ssl_openssl.c;1;!HAVE_XKEY_PROVIDER;!HAVE_XKEY_PROVIDER && 1 && DEFINED___LB__ENABLE_CRYPTO_OPENSSL__RB__ && ENABLE_MANAGEMENT;artifact;1485;1490
src/openvpn/ssl_openssl.c;1;!DEFINED___LB__OPENSSL_NO_EC__RB__;!HAVE_XKEY_PROVIDER && 1 && DEFINED___LB__ENABLE_CRYPTO_OPENSSL__RB__ && ENABLE_MANAGEMENT && !DEFINED___LB__OPENSSL_NO_EC__RB__;if;1491;1491
src/openvpn/ssl_openssl.c;1;OPENSSL_VERSION_NUMBER__LT__0x30000000L;!HAVE_XKEY_PROVIDER && 1 && DEFINED___LB__ENABLE_CRYPTO_OPENSSL__RB__ && ENABLE_MANAGEMENT && !DEFINED___LB__OPENSSL_NO_EC__RB__ && OPENSSL_VERSION_NUMBER__LT__0x30000000L;if;1492;1492
src/openvpn/ssl_openssl.c;1;OPENSSL_VERSION_NUMBER__LT__0x30000000L;!HAVE_XKEY_PROVIDER && 1 && DEFINED___LB__ENABLE_CRYPTO_OPENSSL__RB__ && ENABLE_MANAGEMENT && !DEFINED___LB__OPENSSL_NO_EC__RB__ && OPENSSL_VERSION_NUMBER__LT__0x30000000L;artifact;1493;1493
src/openvpn/ssl_openssl.c;1;!OPENSSL_VERSION_NUMBER__LT__0x30000000L;!OPENSSL_VERSION_NUMBER__LT__0x30000000L && !HAVE_XKEY_PROVIDER && 1 && DEFINED___LB__ENABLE_CRYPTO_OPENSSL__RB__ && ENABLE_MANAGEMENT && !DEFINED___LB__OPENSSL_NO_EC__RB__;else;1494;1494
src/openvpn/ssl_openssl.c;1;!OPENSSL_VERSION_NUMBER__LT__0x30000000L;!OPENSSL_VERSION_NUMBER__LT__0x30000000L && !HAVE_XKEY_PROVIDER && 1 && DEFINED___LB__ENABLE_CRYPTO_OPENSSL__RB__ && ENABLE_MANAGEMENT && !DEFINED___LB__OPENSSL_NO_EC__RB__;artifact;1495;1495
src/openvpn/ssl_openssl.c;1;!OPENSSL_VERSION_NUMBER__LT__0x30000000L;!OPENSSL_VERSION_NUMBER__LT__0x30000000L && !HAVE_XKEY_PROVIDER && 1 && DEFINED___LB__ENABLE_CRYPTO_OPENSSL__RB__ && ENABLE_MANAGEMENT && !DEFINED___LB__OPENSSL_NO_EC__RB__;endif;1496;1496
src/openvpn/ssl_openssl.c;1;!DEFINED___LB__OPENSSL_NO_EC__RB__;!HAVE_XKEY_PROVIDER && 1 && DEFINED___LB__ENABLE_CRYPTO_OPENSSL__RB__ && ENABLE_MANAGEMENT && !DEFINED___LB__OPENSSL_NO_EC__RB__;artifact;1497;1507
src/openvpn/ssl_openssl.c;1;DEFINED___LB__OPENSSL_NO_EC__RB__;DEFINED___LB__OPENSSL_NO_EC__RB__ && !HAVE_XKEY_PROVIDER && 1 && DEFINED___LB__ENABLE_CRYPTO_OPENSSL__RB__ && ENABLE_MANAGEMENT;else;1508;1508
src/openvpn/ssl_openssl.c;1;DEFINED___LB__OPENSSL_NO_EC__RB__;DEFINED___LB__OPENSSL_NO_EC__RB__ && !HAVE_XKEY_PROVIDER && 1 && DEFINED___LB__ENABLE_CRYPTO_OPENSSL__RB__ && ENABLE_MANAGEMENT;artifact;1509;1513
src/openvpn/ssl_openssl.c;1;DEFINED___LB__OPENSSL_NO_EC__RB__;DEFINED___LB__OPENSSL_NO_EC__RB__ && !HAVE_XKEY_PROVIDER && 1 && DEFINED___LB__ENABLE_CRYPTO_OPENSSL__RB__ && ENABLE_MANAGEMENT;endif;1514;1514
src/openvpn/ssl_openssl.c;1;!HAVE_XKEY_PROVIDER;!HAVE_XKEY_PROVIDER && 1 && DEFINED___LB__ENABLE_CRYPTO_OPENSSL__RB__ && ENABLE_MANAGEMENT;artifact;1515;1515
src/openvpn/ssl_openssl.c;1;!HAVE_XKEY_PROVIDER;!HAVE_XKEY_PROVIDER && 1 && DEFINED___LB__ENABLE_CRYPTO_OPENSSL__RB__ && ENABLE_MANAGEMENT;endif;1516;1516
src/openvpn/ssl_openssl.c;1;ENABLE_MANAGEMENT;1 && DEFINED___LB__ENABLE_CRYPTO_OPENSSL__RB__ && ENABLE_MANAGEMENT;artifact;1517;1526
src/openvpn/ssl_openssl.c;1;ENABLE_MANAGEMENT;1 && DEFINED___LB__ENABLE_CRYPTO_OPENSSL__RB__ && ENABLE_MANAGEMENT;endif;1527;1527
src/openvpn/ssl_openssl.c;1;DEFINED___LB__ENABLE_CRYPTO_OPENSSL__RB__;1 && DEFINED___LB__ENABLE_CRYPTO_OPENSSL__RB__;artifact;1528;1723
src/openvpn/ssl_openssl.c;1;BIO_DEBUG;1 && DEFINED___LB__ENABLE_CRYPTO_OPENSSL__RB__ && BIO_DEBUG;if;1724;1724
src/openvpn/ssl_openssl.c;1;BIO_DEBUG;1 && DEFINED___LB__ENABLE_CRYPTO_OPENSSL__RB__ && BIO_DEBUG;artifact;1725;1786
src/openvpn/ssl_openssl.c;1;BIO_DEBUG;1 && DEFINED___LB__ENABLE_CRYPTO_OPENSSL__RB__ && BIO_DEBUG;endif;1787;1787
src/openvpn/ssl_openssl.c;1;DEFINED___LB__ENABLE_CRYPTO_OPENSSL__RB__;1 && DEFINED___LB__ENABLE_CRYPTO_OPENSSL__RB__;artifact;1788;1805
src/openvpn/ssl_openssl.c;1;BIO_DEBUG;1 && DEFINED___LB__ENABLE_CRYPTO_OPENSSL__RB__ && BIO_DEBUG;if;1806;1806
src/openvpn/ssl_openssl.c;1;BIO_DEBUG;1 && DEFINED___LB__ENABLE_CRYPTO_OPENSSL__RB__ && BIO_DEBUG;artifact;1807;1807
src/openvpn/ssl_openssl.c;1;BIO_DEBUG;1 && DEFINED___LB__ENABLE_CRYPTO_OPENSSL__RB__ && BIO_DEBUG;endif;1808;1808
src/openvpn/ssl_openssl.c;1;DEFINED___LB__ENABLE_CRYPTO_OPENSSL__RB__;1 && DEFINED___LB__ENABLE_CRYPTO_OPENSSL__RB__;artifact;1809;1873
src/openvpn/ssl_openssl.c;1;BIO_DEBUG;1 && DEFINED___LB__ENABLE_CRYPTO_OPENSSL__RB__ && BIO_DEBUG;if;1874;1874
src/openvpn/ssl_openssl.c;1;BIO_DEBUG;1 && DEFINED___LB__ENABLE_CRYPTO_OPENSSL__RB__ && BIO_DEBUG;artifact;1875;1875
src/openvpn/ssl_openssl.c;1;BIO_DEBUG;1 && DEFINED___LB__ENABLE_CRYPTO_OPENSSL__RB__ && BIO_DEBUG;endif;1876;1876
src/openvpn/ssl_openssl.c;1;DEFINED___LB__ENABLE_CRYPTO_OPENSSL__RB__;1 && DEFINED___LB__ENABLE_CRYPTO_OPENSSL__RB__;artifact;1877;1923
src/openvpn/ssl_openssl.c;1;BIO_DEBUG;1 && DEFINED___LB__ENABLE_CRYPTO_OPENSSL__RB__ && BIO_DEBUG;if;1924;1924
src/openvpn/ssl_openssl.c;1;BIO_DEBUG;1 && DEFINED___LB__ENABLE_CRYPTO_OPENSSL__RB__ && BIO_DEBUG;artifact;1925;1927
src/openvpn/ssl_openssl.c;1;BIO_DEBUG;1 && DEFINED___LB__ENABLE_CRYPTO_OPENSSL__RB__ && BIO_DEBUG;endif;1928;1928
src/openvpn/ssl_openssl.c;1;DEFINED___LB__ENABLE_CRYPTO_OPENSSL__RB__;1 && DEFINED___LB__ENABLE_CRYPTO_OPENSSL__RB__;artifact;1929;1947
src/openvpn/ssl_openssl.c;1;BIO_DEBUG;1 && DEFINED___LB__ENABLE_CRYPTO_OPENSSL__RB__ && BIO_DEBUG;if;1948;1948
src/openvpn/ssl_openssl.c;1;BIO_DEBUG;1 && DEFINED___LB__ENABLE_CRYPTO_OPENSSL__RB__ && BIO_DEBUG;artifact;1949;1951
src/openvpn/ssl_openssl.c;1;BIO_DEBUG;1 && DEFINED___LB__ENABLE_CRYPTO_OPENSSL__RB__ && BIO_DEBUG;endif;1952;1952
src/openvpn/ssl_openssl.c;1;DEFINED___LB__ENABLE_CRYPTO_OPENSSL__RB__;1 && DEFINED___LB__ENABLE_CRYPTO_OPENSSL__RB__;artifact;1953;2043
src/openvpn/ssl_openssl.c;1;OPENSSL_VERSION_NUMBER__LT__0x30000000L;1 && DEFINED___LB__ENABLE_CRYPTO_OPENSSL__RB__ && OPENSSL_VERSION_NUMBER__LT__0x30000000L;if;2044;2044
src/openvpn/ssl_openssl.c;1;OPENSSL_VERSION_NUMBER__LT__0x30000000L;1 && DEFINED___LB__ENABLE_CRYPTO_OPENSSL__RB__ && OPENSSL_VERSION_NUMBER__LT__0x30000000L;artifact;2045;2045
src/openvpn/ssl_openssl.c;1;!OPENSSL_VERSION_NUMBER__LT__0x30000000L;!OPENSSL_VERSION_NUMBER__LT__0x30000000L && 1 && DEFINED___LB__ENABLE_CRYPTO_OPENSSL__RB__;else;2046;2046
src/openvpn/ssl_openssl.c;1;!OPENSSL_VERSION_NUMBER__LT__0x30000000L;!OPENSSL_VERSION_NUMBER__LT__0x30000000L && 1 && DEFINED___LB__ENABLE_CRYPTO_OPENSSL__RB__;artifact;2047;2047
src/openvpn/ssl_openssl.c;1;!OPENSSL_VERSION_NUMBER__LT__0x30000000L;!OPENSSL_VERSION_NUMBER__LT__0x30000000L && 1 && DEFINED___LB__ENABLE_CRYPTO_OPENSSL__RB__;endif;2048;2048
src/openvpn/ssl_openssl.c;1;DEFINED___LB__ENABLE_CRYPTO_OPENSSL__RB__;1 && DEFINED___LB__ENABLE_CRYPTO_OPENSSL__RB__;artifact;2049;2049
src/openvpn/ssl_openssl.c;1;!OPENSSL_NO_EC;1 && DEFINED___LB__ENABLE_CRYPTO_OPENSSL__RB__ && !OPENSSL_NO_EC;if;2050;2050
src/openvpn/ssl_openssl.c;1;!OPENSSL_NO_EC;1 && DEFINED___LB__ENABLE_CRYPTO_OPENSSL__RB__ && !OPENSSL_NO_EC;artifact;2051;2063
src/openvpn/ssl_openssl.c;1;!OPENSSL_NO_EC;1 && DEFINED___LB__ENABLE_CRYPTO_OPENSSL__RB__ && !OPENSSL_NO_EC;endif;2064;2064
src/openvpn/ssl_openssl.c;1;DEFINED___LB__ENABLE_CRYPTO_OPENSSL__RB__;1 && DEFINED___LB__ENABLE_CRYPTO_OPENSSL__RB__;artifact;2065;2066
src/openvpn/ssl_openssl.c;1;OPENSSL_VERSION_NUMBER__LT__0x30000000L;1 && DEFINED___LB__ENABLE_CRYPTO_OPENSSL__RB__ && OPENSSL_VERSION_NUMBER__LT__0x30000000L;if;2067;2067
src/openvpn/ssl_openssl.c;1;OPENSSL_VERSION_NUMBER__LT__0x30000000L;1 && DEFINED___LB__ENABLE_CRYPTO_OPENSSL__RB__ && OPENSSL_VERSION_NUMBER__LT__0x30000000L;artifact;2068;2088
src/openvpn/ssl_openssl.c;1;!OPENSSL_VERSION_NUMBER__LT__0x30000000L;!OPENSSL_VERSION_NUMBER__LT__0x30000000L && 1 && DEFINED___LB__ENABLE_CRYPTO_OPENSSL__RB__;else;2089;2089
src/openvpn/ssl_openssl.c;1;!OPENSSL_VERSION_NUMBER__LT__0x30000000L;!OPENSSL_VERSION_NUMBER__LT__0x30000000L && 1 && DEFINED___LB__ENABLE_CRYPTO_OPENSSL__RB__;artifact;2090;2094
src/openvpn/ssl_openssl.c;1;!OPENSSL_VERSION_NUMBER__LT__0x30000000L;!OPENSSL_VERSION_NUMBER__LT__0x30000000L && 1 && DEFINED___LB__ENABLE_CRYPTO_OPENSSL__RB__;endif;2095;2095
src/openvpn/ssl_openssl.c;1;DEFINED___LB__ENABLE_CRYPTO_OPENSSL__RB__;1 && DEFINED___LB__ENABLE_CRYPTO_OPENSSL__RB__;artifact;2096;2147
src/openvpn/ssl_openssl.c;1;(!DEFINED___LB__LIBRESSL_VERSION_NUMBER__RB__ || DEFINED___LB__LIBRESSL_VERSION_NUMBER__RB__) && (!DEFINED___LB__LIBRESSL_VERSION_NUMBER__RB__ || LIBRESSL_VERSION_NUMBER__GEQ__0x3090000fL);1 && DEFINED___LB__ENABLE_CRYPTO_OPENSSL__RB__ && (!DEFINED___LB__LIBRESSL_VERSION_NUMBER__RB__ || DEFINED___LB__LIBRESSL_VERSION_NUMBER__RB__) && (!DEFINED___LB__LIBRESSL_VERSION_NUMBER__RB__ || LIBRESSL_VERSION_NUMBER__GEQ__0x3090000fL);if;2148;2149
src/openvpn/ssl_openssl.c;1;(!DEFINED___LB__LIBRESSL_VERSION_NUMBER__RB__ || DEFINED___LB__LIBRESSL_VERSION_NUMBER__RB__) && (!DEFINED___LB__LIBRESSL_VERSION_NUMBER__RB__ || LIBRESSL_VERSION_NUMBER__GEQ__0x3090000fL);1 && DEFINED___LB__ENABLE_CRYPTO_OPENSSL__RB__ && (!DEFINED___LB__LIBRESSL_VERSION_NUMBER__RB__ || DEFINED___LB__LIBRESSL_VERSION_NUMBER__RB__) && (!DEFINED___LB__LIBRESSL_VERSION_NUMBER__RB__ || LIBRESSL_VERSION_NUMBER__GEQ__0x3090000fL);artifact;2150;2179
src/openvpn/ssl_openssl.c;1;(!DEFINED___LB__LIBRESSL_VERSION_NUMBER__RB__ || DEFINED___LB__LIBRESSL_VERSION_NUMBER__RB__) && (!DEFINED___LB__LIBRESSL_VERSION_NUMBER__RB__ || LIBRESSL_VERSION_NUMBER__GEQ__0x3090000fL);1 && DEFINED___LB__ENABLE_CRYPTO_OPENSSL__RB__ && (!DEFINED___LB__LIBRESSL_VERSION_NUMBER__RB__ || DEFINED___LB__LIBRESSL_VERSION_NUMBER__RB__) && (!DEFINED___LB__LIBRESSL_VERSION_NUMBER__RB__ || LIBRESSL_VERSION_NUMBER__GEQ__0x3090000fL);endif;2180;2180
src/openvpn/ssl_openssl.c;1;DEFINED___LB__ENABLE_CRYPTO_OPENSSL__RB__;1 && DEFINED___LB__ENABLE_CRYPTO_OPENSSL__RB__;artifact;2181;2195
src/openvpn/ssl_openssl.c;1;!DEFINED___LB__LIBRESSL_VERSION_NUMBER__RB__ || LIBRESSL_VERSION_NUMBER__GT__0x3050400fL;1 && DEFINED___LB__ENABLE_CRYPTO_OPENSSL__RB__ && (!DEFINED___LB__LIBRESSL_VERSION_NUMBER__RB__ || LIBRESSL_VERSION_NUMBER__GT__0x3050400fL);if;2196;2196
src/openvpn/ssl_openssl.c;1;!DEFINED___LB__LIBRESSL_VERSION_NUMBER__RB__ || LIBRESSL_VERSION_NUMBER__GT__0x3050400fL;1 && DEFINED___LB__ENABLE_CRYPTO_OPENSSL__RB__ && (!DEFINED___LB__LIBRESSL_VERSION_NUMBER__RB__ || LIBRESSL_VERSION_NUMBER__GT__0x3050400fL);artifact;2197;2201
src/openvpn/ssl_openssl.c;1;!DEFINED___LB__LIBRESSL_VERSION_NUMBER__RB__ || LIBRESSL_VERSION_NUMBER__GT__0x3050400fL;1 && DEFINED___LB__ENABLE_CRYPTO_OPENSSL__RB__ && (!DEFINED___LB__LIBRESSL_VERSION_NUMBER__RB__ || LIBRESSL_VERSION_NUMBER__GT__0x3050400fL);endif;2202;2202
src/openvpn/ssl_openssl.c;1;DEFINED___LB__ENABLE_CRYPTO_OPENSSL__RB__;1 && DEFINED___LB__ENABLE_CRYPTO_OPENSSL__RB__;artifact;2203;2203
src/openvpn/ssl_openssl.c;1;(!DEFINED___LB__LIBRESSL_VERSION_NUMBER__RB__ || DEFINED___LB__LIBRESSL_VERSION_NUMBER__RB__) && (!DEFINED___LB__LIBRESSL_VERSION_NUMBER__RB__ || LIBRESSL_VERSION_NUMBER__GEQ__0x3090000fL);1 && DEFINED___LB__ENABLE_CRYPTO_OPENSSL__RB__ && (!DEFINED___LB__LIBRESSL_VERSION_NUMBER__RB__ || DEFINED___LB__LIBRESSL_VERSION_NUMBER__RB__) && (!DEFINED___LB__LIBRESSL_VERSION_NUMBER__RB__ || LIBRESSL_VERSION_NUMBER__GEQ__0x3090000fL);if;2204;2205
src/openvpn/ssl_openssl.c;1;(!DEFINED___LB__LIBRESSL_VERSION_NUMBER__RB__ || DEFINED___LB__LIBRESSL_VERSION_NUMBER__RB__) && (!DEFINED___LB__LIBRESSL_VERSION_NUMBER__RB__ || LIBRESSL_VERSION_NUMBER__GEQ__0x3090000fL);1 && DEFINED___LB__ENABLE_CRYPTO_OPENSSL__RB__ && (!DEFINED___LB__LIBRESSL_VERSION_NUMBER__RB__ || DEFINED___LB__LIBRESSL_VERSION_NUMBER__RB__) && (!DEFINED___LB__LIBRESSL_VERSION_NUMBER__RB__ || LIBRESSL_VERSION_NUMBER__GEQ__0x3090000fL);artifact;2206;2212
src/openvpn/ssl_openssl.c;1;(!DEFINED___LB__LIBRESSL_VERSION_NUMBER__RB__ || DEFINED___LB__LIBRESSL_VERSION_NUMBER__RB__) && (!DEFINED___LB__LIBRESSL_VERSION_NUMBER__RB__ || LIBRESSL_VERSION_NUMBER__GEQ__0x3090000fL);1 && DEFINED___LB__ENABLE_CRYPTO_OPENSSL__RB__ && (!DEFINED___LB__LIBRESSL_VERSION_NUMBER__RB__ || DEFINED___LB__LIBRESSL_VERSION_NUMBER__RB__) && (!DEFINED___LB__LIBRESSL_VERSION_NUMBER__RB__ || LIBRESSL_VERSION_NUMBER__GEQ__0x3090000fL);endif;2213;2213
src/openvpn/ssl_openssl.c;1;DEFINED___LB__ENABLE_CRYPTO_OPENSSL__RB__;1 && DEFINED___LB__ENABLE_CRYPTO_OPENSSL__RB__;artifact;2214;2274
src/openvpn/ssl_openssl.c;1;DEFINED___LB__TLS1_3_VERSION__RB__;1 && DEFINED___LB__ENABLE_CRYPTO_OPENSSL__RB__ && DEFINED___LB__TLS1_3_VERSION__RB__;if;2275;2275
src/openvpn/ssl_openssl.c;1;DEFINED___LB__TLS1_3_VERSION__RB__;1 && DEFINED___LB__ENABLE_CRYPTO_OPENSSL__RB__ && DEFINED___LB__TLS1_3_VERSION__RB__;artifact;2276;2282
src/openvpn/ssl_openssl.c;1;DEFINED___LB__TLS1_3_VERSION__RB__;1 && DEFINED___LB__ENABLE_CRYPTO_OPENSSL__RB__ && DEFINED___LB__TLS1_3_VERSION__RB__;endif;2283;2283
src/openvpn/ssl_openssl.c;1;DEFINED___LB__ENABLE_CRYPTO_OPENSSL__RB__;1 && DEFINED___LB__ENABLE_CRYPTO_OPENSSL__RB__;artifact;2284;2296
src/openvpn/ssl_openssl.c;1;OPENSSL_VERSION_NUMBER__LT__0x1010000fL;1 && DEFINED___LB__ENABLE_CRYPTO_OPENSSL__RB__ && OPENSSL_VERSION_NUMBER__LT__0x1010000fL;if;2297;2297
src/openvpn/ssl_openssl.c;1;OPENSSL_VERSION_NUMBER__LT__0x1010000fL;1 && DEFINED___LB__ENABLE_CRYPTO_OPENSSL__RB__ && OPENSSL_VERSION_NUMBER__LT__0x1010000fL;artifact;2298;2298
src/openvpn/ssl_openssl.c;1;!OPENSSL_VERSION_NUMBER__LT__0x1010000fL;!OPENSSL_VERSION_NUMBER__LT__0x1010000fL && 1 && DEFINED___LB__ENABLE_CRYPTO_OPENSSL__RB__;else;2299;2299
src/openvpn/ssl_openssl.c;1;!OPENSSL_VERSION_NUMBER__LT__0x1010000fL;!OPENSSL_VERSION_NUMBER__LT__0x1010000fL && 1 && DEFINED___LB__ENABLE_CRYPTO_OPENSSL__RB__;artifact;2300;2300
src/openvpn/ssl_openssl.c;1;!OPENSSL_VERSION_NUMBER__LT__0x1010000fL;!OPENSSL_VERSION_NUMBER__LT__0x1010000fL && 1 && DEFINED___LB__ENABLE_CRYPTO_OPENSSL__RB__;endif;2301;2301
src/openvpn/ssl_openssl.c;1;DEFINED___LB__ENABLE_CRYPTO_OPENSSL__RB__;1 && DEFINED___LB__ENABLE_CRYPTO_OPENSSL__RB__;artifact;2302;2325
src/openvpn/ssl_openssl.c;1;OPENSSL_VERSION_NUMBER__GEQ__0x1010000fL;1 && DEFINED___LB__ENABLE_CRYPTO_OPENSSL__RB__ && OPENSSL_VERSION_NUMBER__GEQ__0x1010000fL;if;2326;2326
src/openvpn/ssl_openssl.c;1;OPENSSL_VERSION_NUMBER__GEQ__0x1010000fL;1 && DEFINED___LB__ENABLE_CRYPTO_OPENSSL__RB__ && OPENSSL_VERSION_NUMBER__GEQ__0x1010000fL;artifact;2327;2327
src/openvpn/ssl_openssl.c;1;OPENSSL_VERSION_NUMBER__GEQ__0x1010000fL;1 && DEFINED___LB__ENABLE_CRYPTO_OPENSSL__RB__ && OPENSSL_VERSION_NUMBER__GEQ__0x1010000fL;endif;2328;2328
src/openvpn/ssl_openssl.c;1;DEFINED___LB__ENABLE_CRYPTO_OPENSSL__RB__;1 && DEFINED___LB__ENABLE_CRYPTO_OPENSSL__RB__;artifact;2329;2343
src/openvpn/ssl_openssl.c;1;!OPENSSL_NO_EC;1 && DEFINED___LB__ENABLE_CRYPTO_OPENSSL__RB__ && !OPENSSL_NO_EC;if;2344;2344
src/openvpn/ssl_openssl.c;1;!OPENSSL_NO_EC;1 && DEFINED___LB__ENABLE_CRYPTO_OPENSSL__RB__ && !OPENSSL_NO_EC;artifact;2345;2370
src/openvpn/ssl_openssl.c;1;OPENSSL_NO_EC;OPENSSL_NO_EC && 1 && DEFINED___LB__ENABLE_CRYPTO_OPENSSL__RB__;else;2371;2371
src/openvpn/ssl_openssl.c;1;OPENSSL_NO_EC;OPENSSL_NO_EC && 1 && DEFINED___LB__ENABLE_CRYPTO_OPENSSL__RB__;artifact;2372;2373
src/openvpn/ssl_openssl.c;1;OPENSSL_NO_EC;OPENSSL_NO_EC && 1 && DEFINED___LB__ENABLE_CRYPTO_OPENSSL__RB__;endif;2374;2374
src/openvpn/ssl_openssl.c;1;DEFINED___LB__ENABLE_CRYPTO_OPENSSL__RB__;1 && DEFINED___LB__ENABLE_CRYPTO_OPENSSL__RB__;artifact;2375;2409
src/openvpn/ssl_openssl.c;1;HAVE_XKEY_PROVIDER;1 && DEFINED___LB__ENABLE_CRYPTO_OPENSSL__RB__ && HAVE_XKEY_PROVIDER;if;2410;2410
src/openvpn/ssl_openssl.c;1;HAVE_XKEY_PROVIDER;1 && DEFINED___LB__ENABLE_CRYPTO_OPENSSL__RB__ && HAVE_XKEY_PROVIDER;artifact;2411;2425
src/openvpn/ssl_openssl.c;1;HAVE_XKEY_PROVIDER;1 && DEFINED___LB__ENABLE_CRYPTO_OPENSSL__RB__ && HAVE_XKEY_PROVIDER;endif;2426;2426
src/openvpn/ssl_openssl.c;1;DEFINED___LB__ENABLE_CRYPTO_OPENSSL__RB__;1 && DEFINED___LB__ENABLE_CRYPTO_OPENSSL__RB__;artifact;2427;2437
src/openvpn/ssl_openssl.c;1;HAVE_XKEY_PROVIDER;1 && DEFINED___LB__ENABLE_CRYPTO_OPENSSL__RB__ && HAVE_XKEY_PROVIDER;if;2438;2438
src/openvpn/ssl_openssl.c;1;HAVE_XKEY_PROVIDER;1 && DEFINED___LB__ENABLE_CRYPTO_OPENSSL__RB__ && HAVE_XKEY_PROVIDER;artifact;2439;2471
src/openvpn/ssl_openssl.c;1;HAVE_XKEY_PROVIDER;1 && DEFINED___LB__ENABLE_CRYPTO_OPENSSL__RB__ && HAVE_XKEY_PROVIDER;endif;2472;2472
src/openvpn/ssl_openssl.c;1;DEFINED___LB__ENABLE_CRYPTO_OPENSSL__RB__;1 && DEFINED___LB__ENABLE_CRYPTO_OPENSSL__RB__;artifact;2473;2480
src/openvpn/ssl_openssl.c;1;HAVE_XKEY_PROVIDER;1 && DEFINED___LB__ENABLE_CRYPTO_OPENSSL__RB__ && HAVE_XKEY_PROVIDER;if;2481;2481
src/openvpn/ssl_openssl.c;1;HAVE_XKEY_PROVIDER;1 && DEFINED___LB__ENABLE_CRYPTO_OPENSSL__RB__ && HAVE_XKEY_PROVIDER;artifact;2482;2486
src/openvpn/ssl_openssl.c;1;HAVE_XKEY_PROVIDER;1 && DEFINED___LB__ENABLE_CRYPTO_OPENSSL__RB__ && HAVE_XKEY_PROVIDER;endif;2487;2487
src/openvpn/ssl_openssl.c;1;DEFINED___LB__ENABLE_CRYPTO_OPENSSL__RB__;1 && DEFINED___LB__ENABLE_CRYPTO_OPENSSL__RB__;artifact;2488;2490
src/openvpn/ssl_openssl.c;1;DEFINED___LB__ENABLE_CRYPTO_OPENSSL__RB__;1 && DEFINED___LB__ENABLE_CRYPTO_OPENSSL__RB__;endif;2491;2491
src/openvpn/ssl_openssl.c;1;1;1;artifact;2492;2492
src/openvpn/ssl_openssl.h;1;1;1;ROOT;1;66
src/openvpn/ssl_openssl.h;1;1;1;artifact;1;28
src/openvpn/ssl_openssl.h;1;!SSL_OPENSSL_H_;1 && !SSL_OPENSSL_H_;if;29;29
src/openvpn/ssl_openssl.h;1;!SSL_OPENSSL_H_;1 && !SSL_OPENSSL_H_;artifact;30;63
src/openvpn/ssl_openssl.h;1;!SSL_OPENSSL_H_;1 && !SSL_OPENSSL_H_;endif;64;64
src/openvpn/ssl_openssl.h;1;1;1;artifact;65;65
src/openvpn/ssl_pkt.c;1;1;1;ROOT;1;561
src/openvpn/ssl_pkt.c;1;1;1;artifact;1;22
src/openvpn/ssl_pkt.c;1;HAVE_CONFIG_H;1 && HAVE_CONFIG_H;if;23;23
src/openvpn/ssl_pkt.c;1;HAVE_CONFIG_H;1 && HAVE_CONFIG_H;artifact;24;24
src/openvpn/ssl_pkt.c;1;HAVE_CONFIG_H;1 && HAVE_CONFIG_H;endif;25;25
src/openvpn/ssl_pkt.c;1;1;1;artifact;26;560
src/openvpn/ssl_pkt.h;1;1;1;ROOT;1;319
src/openvpn/ssl_pkt.h;1;1;1;artifact;1;29
src/openvpn/ssl_pkt.h;1;!SSL_PKT_H;1 && !SSL_PKT_H;if;30;30
src/openvpn/ssl_pkt.h;1;!SSL_PKT_H;1 && !SSL_PKT_H;artifact;31;316
src/openvpn/ssl_pkt.h;1;!SSL_PKT_H;1 && !SSL_PKT_H;endif;317;317
src/openvpn/ssl_pkt.h;1;1;1;artifact;318;318
src/openvpn/ssl_util.c;1;1;1;ROOT;1;303
src/openvpn/ssl_util.c;1;1;1;artifact;1;22
src/openvpn/ssl_util.c;1;HAVE_CONFIG_H;1 && HAVE_CONFIG_H;if;23;23
src/openvpn/ssl_util.c;1;HAVE_CONFIG_H;1 && HAVE_CONFIG_H;artifact;24;24
src/openvpn/ssl_util.c;1;HAVE_CONFIG_H;1 && HAVE_CONFIG_H;endif;25;25
src/openvpn/ssl_util.c;1;1;1;artifact;26;245
src/openvpn/ssl_util.c;1;ENABLE_CRYPTO_OPENSSL;1 && ENABLE_CRYPTO_OPENSSL;if;246;246
src/openvpn/ssl_util.c;1;ENABLE_CRYPTO_OPENSSL;1 && ENABLE_CRYPTO_OPENSSL;artifact;247;259
src/openvpn/ssl_util.c;1;ENABLE_CRYPTO_OPENSSL;1 && ENABLE_CRYPTO_OPENSSL;endif;260;260
src/openvpn/ssl_util.c;1;1;1;artifact;261;302
src/openvpn/ssl_util.h;1;1;1;ROOT;1;94
src/openvpn/ssl_util.h;1;1;1;artifact;1;28
src/openvpn/ssl_util.h;1;!SSL_UTIL_H_;1 && !SSL_UTIL_H_;if;29;29
src/openvpn/ssl_util.h;1;!SSL_UTIL_H_;1 && !SSL_UTIL_H_;artifact;30;91
src/openvpn/ssl_util.h;1;!SSL_UTIL_H_;1 && !SSL_UTIL_H_;endif;92;92
src/openvpn/ssl_util.h;1;1;1;artifact;93;93
src/openvpn/ssl_verify.c;1;1;1;ROOT;1;1851
src/openvpn/ssl_verify.c;1;1;1;artifact;1;28
src/openvpn/ssl_verify.c;1;HAVE_CONFIG_H;1 && HAVE_CONFIG_H;if;29;29
src/openvpn/ssl_verify.c;1;HAVE_CONFIG_H;1 && HAVE_CONFIG_H;artifact;30;30
src/openvpn/ssl_verify.c;1;HAVE_CONFIG_H;1 && HAVE_CONFIG_H;endif;31;31
src/openvpn/ssl_verify.c;1;1;1;artifact;32;42
src/openvpn/ssl_verify.c;1;ENABLE_CRYPTO_OPENSSL;1 && ENABLE_CRYPTO_OPENSSL;if;43;43
src/openvpn/ssl_verify.c;1;ENABLE_CRYPTO_OPENSSL;1 && ENABLE_CRYPTO_OPENSSL;artifact;44;44
src/openvpn/ssl_verify.c;1;ENABLE_CRYPTO_OPENSSL;1 && ENABLE_CRYPTO_OPENSSL;endif;45;45
src/openvpn/ssl_verify.c;1;1;1;artifact;46;426
src/openvpn/ssl_verify.c;1;0;1 && 0;if;427;427
src/openvpn/ssl_verify.c;1;0;1 && 0;artifact;428;430
src/openvpn/ssl_verify.c;1;0;1 && 0;endif;431;431
src/openvpn/ssl_verify.c;1;1;1;artifact;432;827
src/openvpn/ssl_verify.c;1;ENABLE_MANAGEMENT;1 && ENABLE_MANAGEMENT;if;828;828
src/openvpn/ssl_verify.c;1;ENABLE_MANAGEMENT;1 && ENABLE_MANAGEMENT;artifact;829;841
src/openvpn/ssl_verify.c;1;ENABLE_MANAGEMENT;1 && ENABLE_MANAGEMENT;endif;842;842
src/openvpn/ssl_verify.c;1;1;1;artifact;843;1099
src/openvpn/ssl_verify.c;1;ENABLE_MANAGEMENT;1 && ENABLE_MANAGEMENT;if;1100;1100
src/openvpn/ssl_verify.c;1;ENABLE_MANAGEMENT;1 && ENABLE_MANAGEMENT;artifact;1101;1101
src/openvpn/ssl_verify.c;1;ENABLE_MANAGEMENT;1 && ENABLE_MANAGEMENT;endif;1102;1102
src/openvpn/ssl_verify.c;1;1;1;artifact;1103;1198
src/openvpn/ssl_verify.c;1;0;1 && 0;if;1199;1199
src/openvpn/ssl_verify.c;1;0;1 && 0;artifact;1200;1200
src/openvpn/ssl_verify.c;1;0;1 && 0;endif;1201;1201
src/openvpn/ssl_verify.c;1;1;1;artifact;1202;1244
src/openvpn/ssl_verify.c;1;ENABLE_MANAGEMENT;1 && ENABLE_MANAGEMENT;if;1245;1245
src/openvpn/ssl_verify.c;1;ENABLE_MANAGEMENT;1 && ENABLE_MANAGEMENT;artifact;1246;1269
src/openvpn/ssl_verify.c;1;ENABLE_MANAGEMENT;1 && ENABLE_MANAGEMENT;endif;1270;1270
src/openvpn/ssl_verify.c;1;1;1;artifact;1271;1404
src/openvpn/ssl_verify.c;1;ENABLE_PLUGIN;1 && ENABLE_PLUGIN;if;1405;1405
src/openvpn/ssl_verify.c;1;ENABLE_PLUGIN;1 && ENABLE_PLUGIN;artifact;1406;1416
src/openvpn/ssl_verify.c;1;ENABLE_PLUGIN;1 && ENABLE_PLUGIN;endif;1417;1417
src/openvpn/ssl_verify.c;1;1;1;artifact;1418;1522
src/openvpn/ssl_verify.c;1;ENABLE_MANAGEMENT;1 && ENABLE_MANAGEMENT;if;1523;1523
src/openvpn/ssl_verify.c;1;ENABLE_MANAGEMENT;1 && ENABLE_MANAGEMENT;artifact;1524;1553
src/openvpn/ssl_verify.c;1;ENABLE_MANAGEMENT;1 && ENABLE_MANAGEMENT;endif;1554;1554
src/openvpn/ssl_verify.c;1;1;1;artifact;1555;1596
src/openvpn/ssl_verify.c;1;ENABLE_MANAGEMENT;1 && ENABLE_MANAGEMENT;if;1597;1597
src/openvpn/ssl_verify.c;1;ENABLE_MANAGEMENT;1 && ENABLE_MANAGEMENT;artifact;1598;1603
src/openvpn/ssl_verify.c;1;ENABLE_MANAGEMENT;1 && ENABLE_MANAGEMENT;endif;1604;1604
src/openvpn/ssl_verify.c;1;1;1;artifact;1605;1674
src/openvpn/ssl_verify.c;1;ENABLE_MANAGEMENT;1 && ENABLE_MANAGEMENT;if;1675;1675
src/openvpn/ssl_verify.c;1;ENABLE_MANAGEMENT;1 && ENABLE_MANAGEMENT;artifact;1676;1679
src/openvpn/ssl_verify.c;1;ENABLE_MANAGEMENT;1 && ENABLE_MANAGEMENT;endif;1680;1680
src/openvpn/ssl_verify.c;1;1;1;artifact;1681;1709
src/openvpn/ssl_verify.c;1;ENABLE_MANAGEMENT;1 && ENABLE_MANAGEMENT;if;1710;1710
src/openvpn/ssl_verify.c;1;ENABLE_MANAGEMENT;1 && ENABLE_MANAGEMENT;artifact;1711;1711
src/openvpn/ssl_verify.c;1;ENABLE_MANAGEMENT;1 && ENABLE_MANAGEMENT;endif;1712;1712
src/openvpn/ssl_verify.c;1;1;1;artifact;1713;1720
src/openvpn/ssl_verify.c;1;ENABLE_MANAGEMENT;1 && ENABLE_MANAGEMENT;if;1721;1721
src/openvpn/ssl_verify.c;1;ENABLE_MANAGEMENT;1 && ENABLE_MANAGEMENT;artifact;1722;1732
src/openvpn/ssl_verify.c;1;ENABLE_MANAGEMENT;1 && ENABLE_MANAGEMENT;endif;1733;1733
src/openvpn/ssl_verify.c;1;1;1;artifact;1734;1850
src/openvpn/ssl_verify.h;1;1;1;ROOT;1;264
src/openvpn/ssl_verify.h;1;1;1;artifact;1;28
src/openvpn/ssl_verify.h;1;!SSL_VERIFY_H_;1 && !SSL_VERIFY_H_;if;29;29
src/openvpn/ssl_verify.h;1;!SSL_VERIFY_H_;1 && !SSL_VERIFY_H_;artifact;30;36
src/openvpn/ssl_verify.h;1;ENABLE_CRYPTO_OPENSSL;1 && !SSL_VERIFY_H_ && ENABLE_CRYPTO_OPENSSL;if;37;37
src/openvpn/ssl_verify.h;1;ENABLE_CRYPTO_OPENSSL;1 && !SSL_VERIFY_H_ && ENABLE_CRYPTO_OPENSSL;artifact;38;38
src/openvpn/ssl_verify.h;1;ENABLE_CRYPTO_OPENSSL;1 && !SSL_VERIFY_H_ && ENABLE_CRYPTO_OPENSSL;endif;39;39
src/openvpn/ssl_verify.h;1;ENABLE_CRYPTO_MBEDTLS;1 && !SSL_VERIFY_H_ && ENABLE_CRYPTO_MBEDTLS;if;40;40
src/openvpn/ssl_verify.h;1;ENABLE_CRYPTO_MBEDTLS;1 && !SSL_VERIFY_H_ && ENABLE_CRYPTO_MBEDTLS;artifact;41;41
src/openvpn/ssl_verify.h;1;ENABLE_CRYPTO_MBEDTLS;1 && !SSL_VERIFY_H_ && ENABLE_CRYPTO_MBEDTLS;endif;42;42
src/openvpn/ssl_verify.h;1;!SSL_VERIFY_H_;1 && !SSL_VERIFY_H_;artifact;43;238
src/openvpn/ssl_verify.h;1;ENABLE_MANAGEMENT;1 && !SSL_VERIFY_H_ && ENABLE_MANAGEMENT;if;239;239
src/openvpn/ssl_verify.h;1;ENABLE_MANAGEMENT;1 && !SSL_VERIFY_H_ && ENABLE_MANAGEMENT;artifact;240;241
src/openvpn/ssl_verify.h;1;ENABLE_MANAGEMENT;1 && !SSL_VERIFY_H_ && ENABLE_MANAGEMENT;endif;242;242
src/openvpn/ssl_verify.h;1;!SSL_VERIFY_H_;1 && !SSL_VERIFY_H_;artifact;243;261
src/openvpn/ssl_verify.h;1;!SSL_VERIFY_H_;1 && !SSL_VERIFY_H_;endif;262;262
src/openvpn/ssl_verify.h;1;1;1;artifact;263;263
src/openvpn/ssl_verify_backend.h;1;1;1;ROOT;1;273
src/openvpn/ssl_verify_backend.h;1;1;1;artifact;1;28
src/openvpn/ssl_verify_backend.h;1;!SSL_VERIFY_BACKEND_H_;1 && !SSL_VERIFY_BACKEND_H_;if;29;29
src/openvpn/ssl_verify_backend.h;1;!SSL_VERIFY_BACKEND_H_;1 && !SSL_VERIFY_BACKEND_H_;artifact;30;126
src/openvpn/ssl_verify_backend.h;1;ENABLE_X509ALTUSERNAME;1 && !SSL_VERIFY_BACKEND_H_ && ENABLE_X509ALTUSERNAME;if;127;127
src/openvpn/ssl_verify_backend.h;1;ENABLE_X509ALTUSERNAME;1 && !SSL_VERIFY_BACKEND_H_ && ENABLE_X509ALTUSERNAME;artifact;128;133
src/openvpn/ssl_verify_backend.h;1;ENABLE_X509ALTUSERNAME;1 && !SSL_VERIFY_BACKEND_H_ && ENABLE_X509ALTUSERNAME;endif;134;134
src/openvpn/ssl_verify_backend.h;1;!SSL_VERIFY_BACKEND_H_;1 && !SSL_VERIFY_BACKEND_H_;artifact;135;270
src/openvpn/ssl_verify_backend.h;1;!SSL_VERIFY_BACKEND_H_;1 && !SSL_VERIFY_BACKEND_H_;endif;271;271
src/openvpn/ssl_verify_backend.h;1;1;1;artifact;272;272
src/openvpn/ssl_verify_mbedtls.c;1;1;1;ROOT;1;587
src/openvpn/ssl_verify_mbedtls.c;1;1;1;artifact;1;28
src/openvpn/ssl_verify_mbedtls.c;1;HAVE_CONFIG_H;1 && HAVE_CONFIG_H;if;29;29
src/openvpn/ssl_verify_mbedtls.c;1;HAVE_CONFIG_H;1 && HAVE_CONFIG_H;artifact;30;30
src/openvpn/ssl_verify_mbedtls.c;1;HAVE_CONFIG_H;1 && HAVE_CONFIG_H;endif;31;31
src/openvpn/ssl_verify_mbedtls.c;1;1;1;artifact;32;34
src/openvpn/ssl_verify_mbedtls.c;1;DEFINED___LB__ENABLE_CRYPTO_MBEDTLS__RB__;1 && DEFINED___LB__ENABLE_CRYPTO_MBEDTLS__RB__;if;35;35
src/openvpn/ssl_verify_mbedtls.c;1;DEFINED___LB__ENABLE_CRYPTO_MBEDTLS__RB__;1 && DEFINED___LB__ENABLE_CRYPTO_MBEDTLS__RB__;artifact;36;124
src/openvpn/ssl_verify_mbedtls.c;1;ENABLE_X509ALTUSERNAME;1 && DEFINED___LB__ENABLE_CRYPTO_MBEDTLS__RB__ && ENABLE_X509ALTUSERNAME;if;125;125
src/openvpn/ssl_verify_mbedtls.c;1;ENABLE_X509ALTUSERNAME;1 && DEFINED___LB__ENABLE_CRYPTO_MBEDTLS__RB__ && ENABLE_X509ALTUSERNAME;artifact;126;126
src/openvpn/ssl_verify_mbedtls.c;1;ENABLE_X509ALTUSERNAME;1 && DEFINED___LB__ENABLE_CRYPTO_MBEDTLS__RB__ && ENABLE_X509ALTUSERNAME;endif;127;127
src/openvpn/ssl_verify_mbedtls.c;1;DEFINED___LB__ENABLE_CRYPTO_MBEDTLS__RB__;1 && DEFINED___LB__ENABLE_CRYPTO_MBEDTLS__RB__;artifact;128;584
src/openvpn/ssl_verify_mbedtls.c;1;DEFINED___LB__ENABLE_CRYPTO_MBEDTLS__RB__;1 && DEFINED___LB__ENABLE_CRYPTO_MBEDTLS__RB__;endif;585;585
src/openvpn/ssl_verify_mbedtls.c;1;1;1;artifact;586;586
src/openvpn/ssl_verify_mbedtls.h;1;1;1;ROOT;1;79
src/openvpn/ssl_verify_mbedtls.h;1;1;1;artifact;1;28
src/openvpn/ssl_verify_mbedtls.h;1;!SSL_VERIFY_MBEDTLS_H_;1 && !SSL_VERIFY_MBEDTLS_H_;if;29;29
src/openvpn/ssl_verify_mbedtls.h;1;!SSL_VERIFY_MBEDTLS_H_;1 && !SSL_VERIFY_MBEDTLS_H_;artifact;30;34
src/openvpn/ssl_verify_mbedtls.h;1;!__OPENVPN_X509_CERT_T_DECLARED;1 && !SSL_VERIFY_MBEDTLS_H_ && !__OPENVPN_X509_CERT_T_DECLARED;if;35;35
src/openvpn/ssl_verify_mbedtls.h;1;!__OPENVPN_X509_CERT_T_DECLARED;1 && !SSL_VERIFY_MBEDTLS_H_ && !__OPENVPN_X509_CERT_T_DECLARED;artifact;36;37
src/openvpn/ssl_verify_mbedtls.h;1;!__OPENVPN_X509_CERT_T_DECLARED;1 && !SSL_VERIFY_MBEDTLS_H_ && !__OPENVPN_X509_CERT_T_DECLARED;endif;38;38
src/openvpn/ssl_verify_mbedtls.h;1;!SSL_VERIFY_MBEDTLS_H_;1 && !SSL_VERIFY_MBEDTLS_H_;artifact;39;76
src/openvpn/ssl_verify_mbedtls.h;1;!SSL_VERIFY_MBEDTLS_H_;1 && !SSL_VERIFY_MBEDTLS_H_;endif;77;77
src/openvpn/ssl_verify_mbedtls.h;1;1;1;artifact;78;78
src/openvpn/ssl_verify_openssl.c;1;1;1;ROOT;1;817
src/openvpn/ssl_verify_openssl.c;1;1;1;artifact;1;28
src/openvpn/ssl_verify_openssl.c;1;HAVE_CONFIG_H;1 && HAVE_CONFIG_H;if;29;29
src/openvpn/ssl_verify_openssl.c;1;HAVE_CONFIG_H;1 && HAVE_CONFIG_H;artifact;30;30
src/openvpn/ssl_verify_openssl.c;1;HAVE_CONFIG_H;1 && HAVE_CONFIG_H;endif;31;31
src/openvpn/ssl_verify_openssl.c;1;1;1;artifact;32;34
src/openvpn/ssl_verify_openssl.c;1;DEFINED___LB__ENABLE_CRYPTO_OPENSSL__RB__;1 && DEFINED___LB__ENABLE_CRYPTO_OPENSSL__RB__;if;35;35
src/openvpn/ssl_verify_openssl.c;1;DEFINED___LB__ENABLE_CRYPTO_OPENSSL__RB__;1 && DEFINED___LB__ENABLE_CRYPTO_OPENSSL__RB__;artifact;36;114
src/openvpn/ssl_verify_openssl.c;1;ENABLE_X509ALTUSERNAME;1 && DEFINED___LB__ENABLE_CRYPTO_OPENSSL__RB__ && ENABLE_X509ALTUSERNAME;if;115;115
src/openvpn/ssl_verify_openssl.c;1;ENABLE_X509ALTUSERNAME;1 && DEFINED___LB__ENABLE_CRYPTO_OPENSSL__RB__ && ENABLE_X509ALTUSERNAME;artifact;116;185
src/openvpn/ssl_verify_openssl.c;1;ENABLE_X509ALTUSERNAME;1 && DEFINED___LB__ENABLE_CRYPTO_OPENSSL__RB__ && ENABLE_X509ALTUSERNAME;endif;186;186
src/openvpn/ssl_verify_openssl.c;1;DEFINED___LB__ENABLE_CRYPTO_OPENSSL__RB__;1 && DEFINED___LB__ENABLE_CRYPTO_OPENSSL__RB__;artifact;187;261
src/openvpn/ssl_verify_openssl.c;1;ENABLE_X509ALTUSERNAME;1 && DEFINED___LB__ENABLE_CRYPTO_OPENSSL__RB__ && ENABLE_X509ALTUSERNAME;if;262;262
src/openvpn/ssl_verify_openssl.c;1;ENABLE_X509ALTUSERNAME;1 && DEFINED___LB__ENABLE_CRYPTO_OPENSSL__RB__ && ENABLE_X509ALTUSERNAME;artifact;263;285
src/openvpn/ssl_verify_openssl.c;1;ENABLE_X509ALTUSERNAME;1 && DEFINED___LB__ENABLE_CRYPTO_OPENSSL__RB__ && ENABLE_X509ALTUSERNAME;endif;286;286
src/openvpn/ssl_verify_openssl.c;1;DEFINED___LB__ENABLE_CRYPTO_OPENSSL__RB__;1 && DEFINED___LB__ENABLE_CRYPTO_OPENSSL__RB__;artifact;287;814
src/openvpn/ssl_verify_openssl.c;1;DEFINED___LB__ENABLE_CRYPTO_OPENSSL__RB__;1 && DEFINED___LB__ENABLE_CRYPTO_OPENSSL__RB__;endif;815;815
src/openvpn/ssl_verify_openssl.c;1;1;1;artifact;816;816
src/openvpn/ssl_verify_openssl.h;1;1;1;ROOT;1;77
src/openvpn/ssl_verify_openssl.h;1;1;1;artifact;1;29
src/openvpn/ssl_verify_openssl.h;1;!SSL_VERIFY_OPENSSL_H_;1 && !SSL_VERIFY_OPENSSL_H_;if;30;30
src/openvpn/ssl_verify_openssl.h;1;!SSL_VERIFY_OPENSSL_H_;1 && !SSL_VERIFY_OPENSSL_H_;artifact;31;34
src/openvpn/ssl_verify_openssl.h;1;!__OPENVPN_X509_CERT_T_DECLARED;1 && !SSL_VERIFY_OPENSSL_H_ && !__OPENVPN_X509_CERT_T_DECLARED;if;35;35
src/openvpn/ssl_verify_openssl.h;1;!__OPENVPN_X509_CERT_T_DECLARED;1 && !SSL_VERIFY_OPENSSL_H_ && !__OPENVPN_X509_CERT_T_DECLARED;artifact;36;37
src/openvpn/ssl_verify_openssl.h;1;!__OPENVPN_X509_CERT_T_DECLARED;1 && !SSL_VERIFY_OPENSSL_H_ && !__OPENVPN_X509_CERT_T_DECLARED;endif;38;38
src/openvpn/ssl_verify_openssl.h;1;!SSL_VERIFY_OPENSSL_H_;1 && !SSL_VERIFY_OPENSSL_H_;artifact;39;74
src/openvpn/ssl_verify_openssl.h;1;!SSL_VERIFY_OPENSSL_H_;1 && !SSL_VERIFY_OPENSSL_H_;endif;75;75
src/openvpn/ssl_verify_openssl.h;1;1;1;artifact;76;76
src/openvpn/status.c;1;1;1;ROOT;1;317
src/openvpn/status.c;1;1;1;artifact;1;23
src/openvpn/status.c;1;HAVE_CONFIG_H;1 && HAVE_CONFIG_H;if;24;24
src/openvpn/status.c;1;HAVE_CONFIG_H;1 && HAVE_CONFIG_H;artifact;25;25
src/openvpn/status.c;1;HAVE_CONFIG_H;1 && HAVE_CONFIG_H;endif;26;26
src/openvpn/status.c;1;1;1;artifact;27;160
src/openvpn/status.c;1;DEFINED___LB__HAVE_FTRUNCATE__RB__;1 && DEFINED___LB__HAVE_FTRUNCATE__RB__;if;161;161
src/openvpn/status.c;1;DEFINED___LB__HAVE_FTRUNCATE__RB__;1 && DEFINED___LB__HAVE_FTRUNCATE__RB__;artifact;162;168
src/openvpn/status.c;1;DEFINED___LB__HAVE_CHSIZE__RB__ && !DEFINED___LB__HAVE_FTRUNCATE__RB__;DEFINED___LB__HAVE_CHSIZE__RB__ && !DEFINED___LB__HAVE_FTRUNCATE__RB__ && 1;elif;169;169
src/openvpn/status.c;1;DEFINED___LB__HAVE_CHSIZE__RB__ && !DEFINED___LB__HAVE_FTRUNCATE__RB__;DEFINED___LB__HAVE_CHSIZE__RB__ && !DEFINED___LB__HAVE_FTRUNCATE__RB__ && 1;artifact;170;173
src/openvpn/status.c;1;!DEFINED___LB__HAVE_CHSIZE__RB__ && !DEFINED___LB__HAVE_FTRUNCATE__RB__;!DEFINED___LB__HAVE_CHSIZE__RB__ && !DEFINED___LB__HAVE_FTRUNCATE__RB__ && 1;else;174;174
src/openvpn/status.c;1;!DEFINED___LB__HAVE_CHSIZE__RB__ && !DEFINED___LB__HAVE_FTRUNCATE__RB__;!DEFINED___LB__HAVE_CHSIZE__RB__ && !DEFINED___LB__HAVE_FTRUNCATE__RB__ && 1;artifact;175;175
src/openvpn/status.c;1;!DEFINED___LB__HAVE_CHSIZE__RB__ && !DEFINED___LB__HAVE_FTRUNCATE__RB__;!DEFINED___LB__HAVE_CHSIZE__RB__ && !DEFINED___LB__HAVE_FTRUNCATE__RB__ && 1;endif;176;176
src/openvpn/status.c;1;1;1;artifact;177;316
src/openvpn/status.h;1;1;1;ROOT;1;107
src/openvpn/status.h;1;1;1;artifact;1;23
src/openvpn/status.h;1;!STATUS_H;1 && !STATUS_H;if;24;24
src/openvpn/status.h;1;!STATUS_H;1 && !STATUS_H;artifact;25;80
src/openvpn/status.h;1;__GNUC__;1 && !STATUS_H && __GNUC__;if;81;81
src/openvpn/status.h;1;__USE_MINGW_ANSI_STDIO;1 && !STATUS_H && __GNUC__ && __USE_MINGW_ANSI_STDIO;if;82;82
src/openvpn/status.h;1;__USE_MINGW_ANSI_STDIO;1 && !STATUS_H && __GNUC__ && __USE_MINGW_ANSI_STDIO;artifact;83;83
src/openvpn/status.h;1;!__USE_MINGW_ANSI_STDIO;!__USE_MINGW_ANSI_STDIO && 1 && !STATUS_H && __GNUC__;else;84;84
src/openvpn/status.h;1;!__USE_MINGW_ANSI_STDIO;!__USE_MINGW_ANSI_STDIO && 1 && !STATUS_H && __GNUC__;artifact;85;85
src/openvpn/status.h;1;!__USE_MINGW_ANSI_STDIO;!__USE_MINGW_ANSI_STDIO && 1 && !STATUS_H && __GNUC__;endif;86;86
src/openvpn/status.h;1;__GNUC__;1 && !STATUS_H && __GNUC__;endif;87;87
src/openvpn/status.h;1;!STATUS_H;1 && !STATUS_H;artifact;88;104
src/openvpn/status.h;1;!STATUS_H;1 && !STATUS_H;endif;105;105
src/openvpn/status.h;1;1;1;artifact;106;106
src/openvpn/syshead.h;1;1;1;ROOT;1;535
src/openvpn/syshead.h;1;1;1;artifact;1;23
src/openvpn/syshead.h;1;!SYSHEAD_H;1 && !SYSHEAD_H;if;24;24
src/openvpn/syshead.h;1;!SYSHEAD_H;1 && !SYSHEAD_H;artifact;25;30
src/openvpn/syshead.h;1;DEFINED___LB____GNUC____RB__;1 && !SYSHEAD_H && DEFINED___LB____GNUC____RB__;if;31;31
src/openvpn/syshead.h;1;DEFINED___LB____GNUC____RB__;1 && !SYSHEAD_H && DEFINED___LB____GNUC____RB__;artifact;32;33
src/openvpn/syshead.h;1;!DEFINED___LB____GNUC____RB__;!DEFINED___LB____GNUC____RB__ && 1 && !SYSHEAD_H;else;34;34
src/openvpn/syshead.h;1;!DEFINED___LB____GNUC____RB__;!DEFINED___LB____GNUC____RB__ && 1 && !SYSHEAD_H;artifact;35;36
src/openvpn/syshead.h;1;!DEFINED___LB____GNUC____RB__;!DEFINED___LB____GNUC____RB__ && 1 && !SYSHEAD_H;endif;37;37
src/openvpn/syshead.h;1;!SYSHEAD_H;1 && !SYSHEAD_H;artifact;38;38
src/openvpn/syshead.h;1;_WIN32;1 && !SYSHEAD_H && _WIN32;if;39;39
src/openvpn/syshead.h;1;_WIN32;1 && !SYSHEAD_H && _WIN32;artifact;40;45
src/openvpn/syshead.h;1;_WIN32;1 && !SYSHEAD_H && _WIN32;endif;46;46
src/openvpn/syshead.h;1;!SYSHEAD_H;1 && !SYSHEAD_H;artifact;47;47
src/openvpn/syshead.h;1;_MSC_VER;1 && !SYSHEAD_H && _MSC_VER;if;48;48
src/openvpn/syshead.h;1;_MSC_VER;1 && !SYSHEAD_H && _MSC_VER;artifact;49;50
src/openvpn/syshead.h;1;_MSC_VER;1 && !SYSHEAD_H && _MSC_VER;endif;51;51
src/openvpn/syshead.h;1;!SYSHEAD_H;1 && !SYSHEAD_H;artifact;52;52
src/openvpn/syshead.h;1;DEFINED___LB____APPLE____RB__;1 && !SYSHEAD_H && DEFINED___LB____APPLE____RB__;if;53;53
src/openvpn/syshead.h;1;__ENVIRONMENT_MAC_OS_X_VERSION_MIN_REQUIRED____GEQ__1070;1 && !SYSHEAD_H && DEFINED___LB____APPLE____RB__ && __ENVIRONMENT_MAC_OS_X_VERSION_MIN_REQUIRED____GEQ__1070;if;54;54
src/openvpn/syshead.h;1;__ENVIRONMENT_MAC_OS_X_VERSION_MIN_REQUIRED____GEQ__1070;1 && !SYSHEAD_H && DEFINED___LB____APPLE____RB__ && __ENVIRONMENT_MAC_OS_X_VERSION_MIN_REQUIRED____GEQ__1070;artifact;55;55
src/openvpn/syshead.h;1;__ENVIRONMENT_MAC_OS_X_VERSION_MIN_REQUIRED____GEQ__1070;1 && !SYSHEAD_H && DEFINED___LB____APPLE____RB__ && __ENVIRONMENT_MAC_OS_X_VERSION_MIN_REQUIRED____GEQ__1070;endif;56;56
src/openvpn/syshead.h;1;DEFINED___LB____APPLE____RB__;1 && !SYSHEAD_H && DEFINED___LB____APPLE____RB__;endif;57;57
src/openvpn/syshead.h;1;!SYSHEAD_H;1 && !SYSHEAD_H;artifact;58;58
src/openvpn/syshead.h;1;HAVE_SYS_TYPES_H;1 && !SYSHEAD_H && HAVE_SYS_TYPES_H;if;59;59
src/openvpn/syshead.h;1;HAVE_SYS_TYPES_H;1 && !SYSHEAD_H && HAVE_SYS_TYPES_H;artifact;60;60
src/openvpn/syshead.h;1;HAVE_SYS_TYPES_H;1 && !SYSHEAD_H && HAVE_SYS_TYPES_H;endif;61;61
src/openvpn/syshead.h;1;!SYSHEAD_H;1 && !SYSHEAD_H;artifact;62;62
src/openvpn/syshead.h;1;HAVE_SYS_WAIT_H;1 && !SYSHEAD_H && HAVE_SYS_WAIT_H;if;63;63
src/openvpn/syshead.h;1;HAVE_SYS_WAIT_H;1 && !SYSHEAD_H && HAVE_SYS_WAIT_H;artifact;64;64
src/openvpn/syshead.h;1;HAVE_SYS_WAIT_H;1 && !SYSHEAD_H && HAVE_SYS_WAIT_H;endif;65;65
src/openvpn/syshead.h;1;!SYSHEAD_H;1 && !SYSHEAD_H;artifact;66;66
src/openvpn/syshead.h;1;!_WIN32;1 && !SYSHEAD_H && !_WIN32;if;67;67
src/openvpn/syshead.h;1;!WEXITSTATUS;1 && !SYSHEAD_H && !_WIN32 && !WEXITSTATUS;if;68;68
src/openvpn/syshead.h;1;!WEXITSTATUS;1 && !SYSHEAD_H && !_WIN32 && !WEXITSTATUS;artifact;69;69
src/openvpn/syshead.h;1;!WEXITSTATUS;1 && !SYSHEAD_H && !_WIN32 && !WEXITSTATUS;endif;70;70
src/openvpn/syshead.h;1;!WIFEXITED;1 && !SYSHEAD_H && !_WIN32 && !WIFEXITED;if;71;71
src/openvpn/syshead.h;1;!WIFEXITED;1 && !SYSHEAD_H && !_WIN32 && !WIFEXITED;artifact;72;72
src/openvpn/syshead.h;1;!WIFEXITED;1 && !SYSHEAD_H && !_WIN32 && !WIFEXITED;endif;73;73
src/openvpn/syshead.h;1;!_WIN32;1 && !SYSHEAD_H && !_WIN32;endif;74;74
src/openvpn/syshead.h;1;!SYSHEAD_H;1 && !SYSHEAD_H;artifact;75;75
src/openvpn/syshead.h;1;HAVE_SYS_TIME_H;1 && !SYSHEAD_H && HAVE_SYS_TIME_H;if;76;76
src/openvpn/syshead.h;1;HAVE_SYS_TIME_H;1 && !SYSHEAD_H && HAVE_SYS_TIME_H;artifact;77;77
src/openvpn/syshead.h;1;HAVE_SYS_TIME_H;1 && !SYSHEAD_H && HAVE_SYS_TIME_H;endif;78;78
src/openvpn/syshead.h;1;!SYSHEAD_H;1 && !SYSHEAD_H;artifact;79;81
src/openvpn/syshead.h;1;HAVE_SYS_SOCKET_H;1 && !SYSHEAD_H && HAVE_SYS_SOCKET_H;if;82;82
src/openvpn/syshead.h;1;HAVE_SYS_SOCKET_H;1 && !SYSHEAD_H && HAVE_SYS_SOCKET_H;artifact;83;83
src/openvpn/syshead.h;1;HAVE_SYS_SOCKET_H;1 && !SYSHEAD_H && HAVE_SYS_SOCKET_H;endif;84;84
src/openvpn/syshead.h;1;!SYSHEAD_H;1 && !SYSHEAD_H;artifact;85;85
src/openvpn/syshead.h;1;HAVE_SYS_UN_H;1 && !SYSHEAD_H && HAVE_SYS_UN_H;if;86;86
src/openvpn/syshead.h;1;HAVE_SYS_UN_H;1 && !SYSHEAD_H && HAVE_SYS_UN_H;artifact;87;87
src/openvpn/syshead.h;1;HAVE_SYS_UN_H;1 && !SYSHEAD_H && HAVE_SYS_UN_H;endif;88;88
src/openvpn/syshead.h;1;!SYSHEAD_H;1 && !SYSHEAD_H;artifact;89;89
src/openvpn/syshead.h;1;HAVE_SYS_IOCTL_H;1 && !SYSHEAD_H && HAVE_SYS_IOCTL_H;if;90;90
src/openvpn/syshead.h;1;HAVE_SYS_IOCTL_H;1 && !SYSHEAD_H && HAVE_SYS_IOCTL_H;artifact;91;91
src/openvpn/syshead.h;1;HAVE_SYS_IOCTL_H;1 && !SYSHEAD_H && HAVE_SYS_IOCTL_H;endif;92;92
src/openvpn/syshead.h;1;!SYSHEAD_H;1 && !SYSHEAD_H;artifact;93;93
src/openvpn/syshead.h;1;HAVE_SYS_STAT_H;1 && !SYSHEAD_H && HAVE_SYS_STAT_H;if;94;94
src/openvpn/syshead.h;1;HAVE_SYS_STAT_H;1 && !SYSHEAD_H && HAVE_SYS_STAT_H;artifact;95;95
src/openvpn/syshead.h;1;HAVE_SYS_STAT_H;1 && !SYSHEAD_H && HAVE_SYS_STAT_H;endif;96;96
src/openvpn/syshead.h;1;!SYSHEAD_H;1 && !SYSHEAD_H;artifact;97;97
src/openvpn/syshead.h;1;HAVE_FCNTL_H;1 && !SYSHEAD_H && HAVE_FCNTL_H;if;98;98
src/openvpn/syshead.h;1;HAVE_FCNTL_H;1 && !SYSHEAD_H && HAVE_FCNTL_H;artifact;99;99
src/openvpn/syshead.h;1;HAVE_FCNTL_H;1 && !SYSHEAD_H && HAVE_FCNTL_H;endif;100;100
src/openvpn/syshead.h;1;!SYSHEAD_H;1 && !SYSHEAD_H;artifact;101;101
src/openvpn/syshead.h;1;HAVE_SYS_FILE_H;1 && !SYSHEAD_H && HAVE_SYS_FILE_H;if;102;102
src/openvpn/syshead.h;1;HAVE_SYS_FILE_H;1 && !SYSHEAD_H && HAVE_SYS_FILE_H;artifact;103;103
src/openvpn/syshead.h;1;HAVE_SYS_FILE_H;1 && !SYSHEAD_H && HAVE_SYS_FILE_H;endif;104;104
src/openvpn/syshead.h;1;!SYSHEAD_H;1 && !SYSHEAD_H;artifact;105;116
src/openvpn/syshead.h;1;HAVE_UNISTD_H;1 && !SYSHEAD_H && HAVE_UNISTD_H;if;117;117
src/openvpn/syshead.h;1;HAVE_UNISTD_H;1 && !SYSHEAD_H && HAVE_UNISTD_H;artifact;118;118
src/openvpn/syshead.h;1;HAVE_UNISTD_H;1 && !SYSHEAD_H && HAVE_UNISTD_H;endif;119;119
src/openvpn/syshead.h;1;!SYSHEAD_H;1 && !SYSHEAD_H;artifact;120;120
src/openvpn/syshead.h;1;HAVE_ERR_H;1 && !SYSHEAD_H && HAVE_ERR_H;if;121;121
src/openvpn/syshead.h;1;HAVE_ERR_H;1 && !SYSHEAD_H && HAVE_ERR_H;artifact;122;122
src/openvpn/syshead.h;1;HAVE_ERR_H;1 && !SYSHEAD_H && HAVE_ERR_H;endif;123;123
src/openvpn/syshead.h;1;!SYSHEAD_H;1 && !SYSHEAD_H;artifact;124;124
src/openvpn/syshead.h;1;HAVE_SYSLOG_H;1 && !SYSHEAD_H && HAVE_SYSLOG_H;if;125;125
src/openvpn/syshead.h;1;HAVE_SYSLOG_H;1 && !SYSHEAD_H && HAVE_SYSLOG_H;artifact;126;126
src/openvpn/syshead.h;1;HAVE_SYSLOG_H;1 && !SYSHEAD_H && HAVE_SYSLOG_H;endif;127;127
src/openvpn/syshead.h;1;!SYSHEAD_H;1 && !SYSHEAD_H;artifact;128;128
src/openvpn/syshead.h;1;HAVE_PWD_H;1 && !SYSHEAD_H && HAVE_PWD_H;if;129;129
src/openvpn/syshead.h;1;HAVE_PWD_H;1 && !SYSHEAD_H && HAVE_PWD_H;artifact;130;130
src/openvpn/syshead.h;1;HAVE_PWD_H;1 && !SYSHEAD_H && HAVE_PWD_H;endif;131;131
src/openvpn/syshead.h;1;!SYSHEAD_H;1 && !SYSHEAD_H;artifact;132;132
src/openvpn/syshead.h;1;HAVE_GRP_H;1 && !SYSHEAD_H && HAVE_GRP_H;if;133;133
src/openvpn/syshead.h;1;HAVE_GRP_H;1 && !SYSHEAD_H && HAVE_GRP_H;artifact;134;134
src/openvpn/syshead.h;1;HAVE_GRP_H;1 && !SYSHEAD_H && HAVE_GRP_H;endif;135;135
src/openvpn/syshead.h;1;!SYSHEAD_H;1 && !SYSHEAD_H;artifact;136;136
src/openvpn/syshead.h;1;HAVE_NETDB_H;1 && !SYSHEAD_H && HAVE_NETDB_H;if;137;137
src/openvpn/syshead.h;1;HAVE_NETDB_H;1 && !SYSHEAD_H && HAVE_NETDB_H;artifact;138;138
src/openvpn/syshead.h;1;HAVE_NETDB_H;1 && !SYSHEAD_H && HAVE_NETDB_H;endif;139;139
src/openvpn/syshead.h;1;!SYSHEAD_H;1 && !SYSHEAD_H;artifact;140;140
src/openvpn/syshead.h;1;HAVE_NETINET_IN_H;1 && !SYSHEAD_H && HAVE_NETINET_IN_H;if;141;141
src/openvpn/syshead.h;1;HAVE_NETINET_IN_H;1 && !SYSHEAD_H && HAVE_NETINET_IN_H;artifact;142;142
src/openvpn/syshead.h;1;HAVE_NETINET_IN_H;1 && !SYSHEAD_H && HAVE_NETINET_IN_H;endif;143;143
src/openvpn/syshead.h;1;!SYSHEAD_H;1 && !SYSHEAD_H;artifact;144;144
src/openvpn/syshead.h;1;HAVE_RESOLV_H;1 && !SYSHEAD_H && HAVE_RESOLV_H;if;145;145
src/openvpn/syshead.h;1;HAVE_RESOLV_H;1 && !SYSHEAD_H && HAVE_RESOLV_H;artifact;146;146
src/openvpn/syshead.h;1;HAVE_RESOLV_H;1 && !SYSHEAD_H && HAVE_RESOLV_H;endif;147;147
src/openvpn/syshead.h;1;!SYSHEAD_H;1 && !SYSHEAD_H;artifact;148;148
src/openvpn/syshead.h;1;HAVE_POLL_H;1 && !SYSHEAD_H && HAVE_POLL_H;if;149;149
src/openvpn/syshead.h;1;HAVE_POLL_H;1 && !SYSHEAD_H && HAVE_POLL_H;artifact;150;150
src/openvpn/syshead.h;1;HAVE_POLL_H;1 && !SYSHEAD_H && HAVE_POLL_H;endif;151;151
src/openvpn/syshead.h;1;!SYSHEAD_H;1 && !SYSHEAD_H;artifact;152;152
src/openvpn/syshead.h;1;ENABLE_SELINUX;1 && !SYSHEAD_H && ENABLE_SELINUX;if;153;153
src/openvpn/syshead.h;1;ENABLE_SELINUX;1 && !SYSHEAD_H && ENABLE_SELINUX;artifact;154;154
src/openvpn/syshead.h;1;ENABLE_SELINUX;1 && !SYSHEAD_H && ENABLE_SELINUX;endif;155;155
src/openvpn/syshead.h;1;!SYSHEAD_H;1 && !SYSHEAD_H;artifact;156;156
src/openvpn/syshead.h;1;DEFINED___LB__HAVE_LIBGEN_H__RB__;1 && !SYSHEAD_H && DEFINED___LB__HAVE_LIBGEN_H__RB__;if;157;157
src/openvpn/syshead.h;1;DEFINED___LB__HAVE_LIBGEN_H__RB__;1 && !SYSHEAD_H && DEFINED___LB__HAVE_LIBGEN_H__RB__;artifact;158;158
src/openvpn/syshead.h;1;DEFINED___LB__HAVE_LIBGEN_H__RB__;1 && !SYSHEAD_H && DEFINED___LB__HAVE_LIBGEN_H__RB__;endif;159;159
src/openvpn/syshead.h;1;!SYSHEAD_H;1 && !SYSHEAD_H;artifact;160;160
src/openvpn/syshead.h;1;TARGET_SOLARIS;1 && !SYSHEAD_H && TARGET_SOLARIS;if;161;161
src/openvpn/syshead.h;1;HAVE_STRINGS_H;1 && !SYSHEAD_H && TARGET_SOLARIS && HAVE_STRINGS_H;if;162;162
src/openvpn/syshead.h;1;HAVE_STRINGS_H;1 && !SYSHEAD_H && TARGET_SOLARIS && HAVE_STRINGS_H;artifact;163;163
src/openvpn/syshead.h;1;HAVE_STRINGS_H;1 && !SYSHEAD_H && TARGET_SOLARIS && HAVE_STRINGS_H;endif;164;164
src/openvpn/syshead.h;1;!TARGET_SOLARIS;!TARGET_SOLARIS && 1 && !SYSHEAD_H;else;165;165
src/openvpn/syshead.h;1;!TARGET_SOLARIS;!TARGET_SOLARIS && 1 && !SYSHEAD_H;artifact;166;166
src/openvpn/syshead.h;1;!TARGET_SOLARIS;!TARGET_SOLARIS && 1 && !SYSHEAD_H;endif;167;167
src/openvpn/syshead.h;1;!SYSHEAD_H;1 && !SYSHEAD_H;artifact;168;168
src/openvpn/syshead.h;1;HAVE_ARPA_INET_H;1 && !SYSHEAD_H && HAVE_ARPA_INET_H;if;169;169
src/openvpn/syshead.h;1;HAVE_ARPA_INET_H;1 && !SYSHEAD_H && HAVE_ARPA_INET_H;artifact;170;170
src/openvpn/syshead.h;1;HAVE_ARPA_INET_H;1 && !SYSHEAD_H && HAVE_ARPA_INET_H;endif;171;171
src/openvpn/syshead.h;1;!SYSHEAD_H;1 && !SYSHEAD_H;artifact;172;172
src/openvpn/syshead.h;1;HAVE_NET_IF_H;1 && !SYSHEAD_H && HAVE_NET_IF_H;if;173;173
src/openvpn/syshead.h;1;HAVE_NET_IF_H;1 && !SYSHEAD_H && HAVE_NET_IF_H;artifact;174;174
src/openvpn/syshead.h;1;HAVE_NET_IF_H;1 && !SYSHEAD_H && HAVE_NET_IF_H;endif;175;175
src/openvpn/syshead.h;1;!SYSHEAD_H;1 && !SYSHEAD_H;artifact;176;176
src/openvpn/syshead.h;1;TARGET_NETBSD;1 && !SYSHEAD_H && TARGET_NETBSD;if;177;177
src/openvpn/syshead.h;1;TARGET_NETBSD;1 && !SYSHEAD_H && TARGET_NETBSD;artifact;178;178
src/openvpn/syshead.h;1;TARGET_NETBSD;1 && !SYSHEAD_H && TARGET_NETBSD;endif;179;179
src/openvpn/syshead.h;1;!SYSHEAD_H;1 && !SYSHEAD_H;artifact;180;180
src/openvpn/syshead.h;1;DEFINED___LB__TARGET_LINUX__RB__ || DEFINED___LB__TARGET_ANDROID__RB__;1 && !SYSHEAD_H && (DEFINED___LB__TARGET_LINUX__RB__ || DEFINED___LB__TARGET_ANDROID__RB__);if;181;181
src/openvpn/syshead.h;1;DEFINED___LB__TARGET_LINUX__RB__ || DEFINED___LB__TARGET_ANDROID__RB__;1 && !SYSHEAD_H && (DEFINED___LB__TARGET_LINUX__RB__ || DEFINED___LB__TARGET_ANDROID__RB__);artifact;182;182
src/openvpn/syshead.h;1;HAVE_LINUX_IF_TUN_H;1 && !SYSHEAD_H && (DEFINED___LB__TARGET_LINUX__RB__ || DEFINED___LB__TARGET_ANDROID__RB__) && HAVE_LINUX_IF_TUN_H;if;183;183
src/openvpn/syshead.h;1;HAVE_LINUX_IF_TUN_H;1 && !SYSHEAD_H && (DEFINED___LB__TARGET_LINUX__RB__ || DEFINED___LB__TARGET_ANDROID__RB__) && HAVE_LINUX_IF_TUN_H;artifact;184;184
src/openvpn/syshead.h;1;HAVE_LINUX_IF_TUN_H;1 && !SYSHEAD_H && (DEFINED___LB__TARGET_LINUX__RB__ || DEFINED___LB__TARGET_ANDROID__RB__) && HAVE_LINUX_IF_TUN_H;endif;185;185
src/openvpn/syshead.h;1;DEFINED___LB__TARGET_LINUX__RB__ || DEFINED___LB__TARGET_ANDROID__RB__;1 && !SYSHEAD_H && (DEFINED___LB__TARGET_LINUX__RB__ || DEFINED___LB__TARGET_ANDROID__RB__);artifact;186;186
src/openvpn/syshead.h;1;HAVE_NETINET_IP_H;1 && !SYSHEAD_H && (DEFINED___LB__TARGET_LINUX__RB__ || DEFINED___LB__TARGET_ANDROID__RB__) && HAVE_NETINET_IP_H;if;187;187
src/openvpn/syshead.h;1;HAVE_NETINET_IP_H;1 && !SYSHEAD_H && (DEFINED___LB__TARGET_LINUX__RB__ || DEFINED___LB__TARGET_ANDROID__RB__) && HAVE_NETINET_IP_H;artifact;188;188
src/openvpn/syshead.h;1;HAVE_NETINET_IP_H;1 && !SYSHEAD_H && (DEFINED___LB__TARGET_LINUX__RB__ || DEFINED___LB__TARGET_ANDROID__RB__) && HAVE_NETINET_IP_H;endif;189;189
src/openvpn/syshead.h;1;DEFINED___LB__TARGET_LINUX__RB__ || DEFINED___LB__TARGET_ANDROID__RB__;1 && !SYSHEAD_H && (DEFINED___LB__TARGET_LINUX__RB__ || DEFINED___LB__TARGET_ANDROID__RB__);artifact;190;190
src/openvpn/syshead.h;1;HAVE_LINUX_SOCKIOS_H;1 && !SYSHEAD_H && (DEFINED___LB__TARGET_LINUX__RB__ || DEFINED___LB__TARGET_ANDROID__RB__) && HAVE_LINUX_SOCKIOS_H;if;191;191
src/openvpn/syshead.h;1;HAVE_LINUX_SOCKIOS_H;1 && !SYSHEAD_H && (DEFINED___LB__TARGET_LINUX__RB__ || DEFINED___LB__TARGET_ANDROID__RB__) && HAVE_LINUX_SOCKIOS_H;artifact;192;192
src/openvpn/syshead.h;1;HAVE_LINUX_SOCKIOS_H;1 && !SYSHEAD_H && (DEFINED___LB__TARGET_LINUX__RB__ || DEFINED___LB__TARGET_ANDROID__RB__) && HAVE_LINUX_SOCKIOS_H;endif;193;193
src/openvpn/syshead.h;1;DEFINED___LB__TARGET_LINUX__RB__ || DEFINED___LB__TARGET_ANDROID__RB__;1 && !SYSHEAD_H && (DEFINED___LB__TARGET_LINUX__RB__ || DEFINED___LB__TARGET_ANDROID__RB__);artifact;194;194
src/openvpn/syshead.h;1;HAVE_LINUX_TYPES_H;1 && !SYSHEAD_H && (DEFINED___LB__TARGET_LINUX__RB__ || DEFINED___LB__TARGET_ANDROID__RB__) && HAVE_LINUX_TYPES_H;if;195;195
src/openvpn/syshead.h;1;HAVE_LINUX_TYPES_H;1 && !SYSHEAD_H && (DEFINED___LB__TARGET_LINUX__RB__ || DEFINED___LB__TARGET_ANDROID__RB__) && HAVE_LINUX_TYPES_H;artifact;196;196
src/openvpn/syshead.h;1;HAVE_LINUX_TYPES_H;1 && !SYSHEAD_H && (DEFINED___LB__TARGET_LINUX__RB__ || DEFINED___LB__TARGET_ANDROID__RB__) && HAVE_LINUX_TYPES_H;endif;197;197
src/openvpn/syshead.h;1;DEFINED___LB__TARGET_LINUX__RB__ || DEFINED___LB__TARGET_ANDROID__RB__;1 && !SYSHEAD_H && (DEFINED___LB__TARGET_LINUX__RB__ || DEFINED___LB__TARGET_ANDROID__RB__);artifact;198;198
src/openvpn/syshead.h;1;HAVE_LINUX_ERRQUEUE_H;1 && !SYSHEAD_H && (DEFINED___LB__TARGET_LINUX__RB__ || DEFINED___LB__TARGET_ANDROID__RB__) && HAVE_LINUX_ERRQUEUE_H;if;199;199
src/openvpn/syshead.h;1;HAVE_LINUX_ERRQUEUE_H;1 && !SYSHEAD_H && (DEFINED___LB__TARGET_LINUX__RB__ || DEFINED___LB__TARGET_ANDROID__RB__) && HAVE_LINUX_ERRQUEUE_H;artifact;200;200
src/openvpn/syshead.h;1;HAVE_LINUX_ERRQUEUE_H;1 && !SYSHEAD_H && (DEFINED___LB__TARGET_LINUX__RB__ || DEFINED___LB__TARGET_ANDROID__RB__) && HAVE_LINUX_ERRQUEUE_H;endif;201;201
src/openvpn/syshead.h;1;DEFINED___LB__TARGET_LINUX__RB__ || DEFINED___LB__TARGET_ANDROID__RB__;1 && !SYSHEAD_H && (DEFINED___LB__TARGET_LINUX__RB__ || DEFINED___LB__TARGET_ANDROID__RB__);artifact;202;202
src/openvpn/syshead.h;1;HAVE_NETINET_TCP_H;1 && !SYSHEAD_H && (DEFINED___LB__TARGET_LINUX__RB__ || DEFINED___LB__TARGET_ANDROID__RB__) && HAVE_NETINET_TCP_H;if;203;203
src/openvpn/syshead.h;1;HAVE_NETINET_TCP_H;1 && !SYSHEAD_H && (DEFINED___LB__TARGET_LINUX__RB__ || DEFINED___LB__TARGET_ANDROID__RB__) && HAVE_NETINET_TCP_H;artifact;204;204
src/openvpn/syshead.h;1;HAVE_NETINET_TCP_H;1 && !SYSHEAD_H && (DEFINED___LB__TARGET_LINUX__RB__ || DEFINED___LB__TARGET_ANDROID__RB__) && HAVE_NETINET_TCP_H;endif;205;205
src/openvpn/syshead.h;1;DEFINED___LB__TARGET_LINUX__RB__ || DEFINED___LB__TARGET_ANDROID__RB__;1 && !SYSHEAD_H && (DEFINED___LB__TARGET_LINUX__RB__ || DEFINED___LB__TARGET_ANDROID__RB__);artifact;206;206
src/openvpn/syshead.h;1;DEFINED___LB__TARGET_LINUX__RB__ || DEFINED___LB__TARGET_ANDROID__RB__;1 && !SYSHEAD_H && (DEFINED___LB__TARGET_LINUX__RB__ || DEFINED___LB__TARGET_ANDROID__RB__);endif;207;207
src/openvpn/syshead.h;1;!SYSHEAD_H;1 && !SYSHEAD_H;artifact;208;208
src/openvpn/syshead.h;1;TARGET_SOLARIS;1 && !SYSHEAD_H && TARGET_SOLARIS;if;209;209
src/openvpn/syshead.h;1;TARGET_SOLARIS;1 && !SYSHEAD_H && TARGET_SOLARIS;artifact;210;210
src/openvpn/syshead.h;1;HAVE_STROPTS_H;1 && !SYSHEAD_H && TARGET_SOLARIS && HAVE_STROPTS_H;if;211;211
src/openvpn/syshead.h;1;HAVE_STROPTS_H;1 && !SYSHEAD_H && TARGET_SOLARIS && HAVE_STROPTS_H;artifact;212;213
src/openvpn/syshead.h;1;HAVE_STROPTS_H;1 && !SYSHEAD_H && TARGET_SOLARIS && HAVE_STROPTS_H;endif;214;214
src/openvpn/syshead.h;1;TARGET_SOLARIS;1 && !SYSHEAD_H && TARGET_SOLARIS;artifact;215;215
src/openvpn/syshead.h;1;HAVE_NET_IF_TUN_H;1 && !SYSHEAD_H && TARGET_SOLARIS && HAVE_NET_IF_TUN_H;if;216;216
src/openvpn/syshead.h;1;HAVE_NET_IF_TUN_H;1 && !SYSHEAD_H && TARGET_SOLARIS && HAVE_NET_IF_TUN_H;artifact;217;217
src/openvpn/syshead.h;1;HAVE_NET_IF_TUN_H;1 && !SYSHEAD_H && TARGET_SOLARIS && HAVE_NET_IF_TUN_H;endif;218;218
src/openvpn/syshead.h;1;TARGET_SOLARIS;1 && !SYSHEAD_H && TARGET_SOLARIS;artifact;219;219
src/openvpn/syshead.h;1;HAVE_SYS_SOCKIO_H;1 && !SYSHEAD_H && TARGET_SOLARIS && HAVE_SYS_SOCKIO_H;if;220;220
src/openvpn/syshead.h;1;HAVE_SYS_SOCKIO_H;1 && !SYSHEAD_H && TARGET_SOLARIS && HAVE_SYS_SOCKIO_H;artifact;221;221
src/openvpn/syshead.h;1;HAVE_SYS_SOCKIO_H;1 && !SYSHEAD_H && TARGET_SOLARIS && HAVE_SYS_SOCKIO_H;endif;222;222
src/openvpn/syshead.h;1;TARGET_SOLARIS;1 && !SYSHEAD_H && TARGET_SOLARIS;artifact;223;223
src/openvpn/syshead.h;1;HAVE_NETINET_IP_H;1 && !SYSHEAD_H && TARGET_SOLARIS && HAVE_NETINET_IP_H;if;224;224
src/openvpn/syshead.h;1;HAVE_NETINET_IP_H;1 && !SYSHEAD_H && TARGET_SOLARIS && HAVE_NETINET_IP_H;artifact;225;225
src/openvpn/syshead.h;1;HAVE_NETINET_IP_H;1 && !SYSHEAD_H && TARGET_SOLARIS && HAVE_NETINET_IP_H;endif;226;226
src/openvpn/syshead.h;1;TARGET_SOLARIS;1 && !SYSHEAD_H && TARGET_SOLARIS;artifact;227;227
src/openvpn/syshead.h;1;HAVE_NETINET_TCP_H;1 && !SYSHEAD_H && TARGET_SOLARIS && HAVE_NETINET_TCP_H;if;228;228
src/openvpn/syshead.h;1;HAVE_NETINET_TCP_H;1 && !SYSHEAD_H && TARGET_SOLARIS && HAVE_NETINET_TCP_H;artifact;229;229
src/openvpn/syshead.h;1;HAVE_NETINET_TCP_H;1 && !SYSHEAD_H && TARGET_SOLARIS && HAVE_NETINET_TCP_H;endif;230;230
src/openvpn/syshead.h;1;TARGET_SOLARIS;1 && !SYSHEAD_H && TARGET_SOLARIS;artifact;231;231
src/openvpn/syshead.h;1;TARGET_SOLARIS;1 && !SYSHEAD_H && TARGET_SOLARIS;endif;232;232
src/openvpn/syshead.h;1;!SYSHEAD_H;1 && !SYSHEAD_H;artifact;233;233
src/openvpn/syshead.h;1;TARGET_OPENBSD;1 && !SYSHEAD_H && TARGET_OPENBSD;if;234;234
src/openvpn/syshead.h;1;TARGET_OPENBSD;1 && !SYSHEAD_H && TARGET_OPENBSD;artifact;235;235
src/openvpn/syshead.h;1;HAVE_SYS_UIO_H;1 && !SYSHEAD_H && TARGET_OPENBSD && HAVE_SYS_UIO_H;if;236;236
src/openvpn/syshead.h;1;HAVE_SYS_UIO_H;1 && !SYSHEAD_H && TARGET_OPENBSD && HAVE_SYS_UIO_H;artifact;237;237
src/openvpn/syshead.h;1;HAVE_SYS_UIO_H;1 && !SYSHEAD_H && TARGET_OPENBSD && HAVE_SYS_UIO_H;endif;238;238
src/openvpn/syshead.h;1;TARGET_OPENBSD;1 && !SYSHEAD_H && TARGET_OPENBSD;artifact;239;239
src/openvpn/syshead.h;1;HAVE_NETINET_IP_H;1 && !SYSHEAD_H && TARGET_OPENBSD && HAVE_NETINET_IP_H;if;240;240
src/openvpn/syshead.h;1;HAVE_NETINET_IP_H;1 && !SYSHEAD_H && TARGET_OPENBSD && HAVE_NETINET_IP_H;artifact;241;241
src/openvpn/syshead.h;1;HAVE_NETINET_IP_H;1 && !SYSHEAD_H && TARGET_OPENBSD && HAVE_NETINET_IP_H;endif;242;242
src/openvpn/syshead.h;1;TARGET_OPENBSD;1 && !SYSHEAD_H && TARGET_OPENBSD;artifact;243;243
src/openvpn/syshead.h;1;HAVE_NETINET_TCP_H;1 && !SYSHEAD_H && TARGET_OPENBSD && HAVE_NETINET_TCP_H;if;244;244
src/openvpn/syshead.h;1;HAVE_NETINET_TCP_H;1 && !SYSHEAD_H && TARGET_OPENBSD && HAVE_NETINET_TCP_H;artifact;245;245
src/openvpn/syshead.h;1;HAVE_NETINET_TCP_H;1 && !SYSHEAD_H && TARGET_OPENBSD && HAVE_NETINET_TCP_H;endif;246;246
src/openvpn/syshead.h;1;TARGET_OPENBSD;1 && !SYSHEAD_H && TARGET_OPENBSD;artifact;247;247
src/openvpn/syshead.h;1;HAVE_NET_IF_TUN_H;1 && !SYSHEAD_H && TARGET_OPENBSD && HAVE_NET_IF_TUN_H;if;248;248
src/openvpn/syshead.h;1;HAVE_NET_IF_TUN_H;1 && !SYSHEAD_H && TARGET_OPENBSD && HAVE_NET_IF_TUN_H;artifact;249;249
src/openvpn/syshead.h;1;HAVE_NET_IF_TUN_H;1 && !SYSHEAD_H && TARGET_OPENBSD && HAVE_NET_IF_TUN_H;endif;250;250
src/openvpn/syshead.h;1;TARGET_OPENBSD;1 && !SYSHEAD_H && TARGET_OPENBSD;artifact;251;251
src/openvpn/syshead.h;1;TARGET_OPENBSD;1 && !SYSHEAD_H && TARGET_OPENBSD;endif;252;252
src/openvpn/syshead.h;1;!SYSHEAD_H;1 && !SYSHEAD_H;artifact;253;253
src/openvpn/syshead.h;1;TARGET_FREEBSD;1 && !SYSHEAD_H && TARGET_FREEBSD;if;254;254
src/openvpn/syshead.h;1;TARGET_FREEBSD;1 && !SYSHEAD_H && TARGET_FREEBSD;artifact;255;255
src/openvpn/syshead.h;1;HAVE_SYS_UIO_H;1 && !SYSHEAD_H && TARGET_FREEBSD && HAVE_SYS_UIO_H;if;256;256
src/openvpn/syshead.h;1;HAVE_SYS_UIO_H;1 && !SYSHEAD_H && TARGET_FREEBSD && HAVE_SYS_UIO_H;artifact;257;257
src/openvpn/syshead.h;1;HAVE_SYS_UIO_H;1 && !SYSHEAD_H && TARGET_FREEBSD && HAVE_SYS_UIO_H;endif;258;258
src/openvpn/syshead.h;1;TARGET_FREEBSD;1 && !SYSHEAD_H && TARGET_FREEBSD;artifact;259;259
src/openvpn/syshead.h;1;HAVE_NETINET_IP_H;1 && !SYSHEAD_H && TARGET_FREEBSD && HAVE_NETINET_IP_H;if;260;260
src/openvpn/syshead.h;1;HAVE_NETINET_IP_H;1 && !SYSHEAD_H && TARGET_FREEBSD && HAVE_NETINET_IP_H;artifact;261;261
src/openvpn/syshead.h;1;HAVE_NETINET_IP_H;1 && !SYSHEAD_H && TARGET_FREEBSD && HAVE_NETINET_IP_H;endif;262;262
src/openvpn/syshead.h;1;TARGET_FREEBSD;1 && !SYSHEAD_H && TARGET_FREEBSD;artifact;263;263
src/openvpn/syshead.h;1;HAVE_NETINET_TCP_H;1 && !SYSHEAD_H && TARGET_FREEBSD && HAVE_NETINET_TCP_H;if;264;264
src/openvpn/syshead.h;1;HAVE_NETINET_TCP_H;1 && !SYSHEAD_H && TARGET_FREEBSD && HAVE_NETINET_TCP_H;artifact;265;265
src/openvpn/syshead.h;1;HAVE_NETINET_TCP_H;1 && !SYSHEAD_H && TARGET_FREEBSD && HAVE_NETINET_TCP_H;endif;266;266
src/openvpn/syshead.h;1;TARGET_FREEBSD;1 && !SYSHEAD_H && TARGET_FREEBSD;artifact;267;267
src/openvpn/syshead.h;1;HAVE_NET_IF_TUN_H;1 && !SYSHEAD_H && TARGET_FREEBSD && HAVE_NET_IF_TUN_H;if;268;268
src/openvpn/syshead.h;1;HAVE_NET_IF_TUN_H;1 && !SYSHEAD_H && TARGET_FREEBSD && HAVE_NET_IF_TUN_H;artifact;269;269
src/openvpn/syshead.h;1;HAVE_NET_IF_TUN_H;1 && !SYSHEAD_H && TARGET_FREEBSD && HAVE_NET_IF_TUN_H;endif;270;270
src/openvpn/syshead.h;1;TARGET_FREEBSD;1 && !SYSHEAD_H && TARGET_FREEBSD;artifact;271;271
src/openvpn/syshead.h;1;TARGET_FREEBSD;1 && !SYSHEAD_H && TARGET_FREEBSD;endif;272;272
src/openvpn/syshead.h;1;!SYSHEAD_H;1 && !SYSHEAD_H;artifact;273;273
src/openvpn/syshead.h;1;TARGET_NETBSD;1 && !SYSHEAD_H && TARGET_NETBSD;if;274;274
src/openvpn/syshead.h;1;TARGET_NETBSD;1 && !SYSHEAD_H && TARGET_NETBSD;artifact;275;275
src/openvpn/syshead.h;1;HAVE_NET_IF_TUN_H;1 && !SYSHEAD_H && TARGET_NETBSD && HAVE_NET_IF_TUN_H;if;276;276
src/openvpn/syshead.h;1;HAVE_NET_IF_TUN_H;1 && !SYSHEAD_H && TARGET_NETBSD && HAVE_NET_IF_TUN_H;artifact;277;277
src/openvpn/syshead.h;1;HAVE_NET_IF_TUN_H;1 && !SYSHEAD_H && TARGET_NETBSD && HAVE_NET_IF_TUN_H;endif;278;278
src/openvpn/syshead.h;1;TARGET_NETBSD;1 && !SYSHEAD_H && TARGET_NETBSD;artifact;279;279
src/openvpn/syshead.h;1;HAVE_NETINET_TCP_H;1 && !SYSHEAD_H && TARGET_NETBSD && HAVE_NETINET_TCP_H;if;280;280
src/openvpn/syshead.h;1;HAVE_NETINET_TCP_H;1 && !SYSHEAD_H && TARGET_NETBSD && HAVE_NETINET_TCP_H;artifact;281;281
src/openvpn/syshead.h;1;HAVE_NETINET_TCP_H;1 && !SYSHEAD_H && TARGET_NETBSD && HAVE_NETINET_TCP_H;endif;282;282
src/openvpn/syshead.h;1;TARGET_NETBSD;1 && !SYSHEAD_H && TARGET_NETBSD;artifact;283;283
src/openvpn/syshead.h;1;TARGET_NETBSD;1 && !SYSHEAD_H && TARGET_NETBSD;endif;284;284
src/openvpn/syshead.h;1;!SYSHEAD_H;1 && !SYSHEAD_H;artifact;285;285
src/openvpn/syshead.h;1;TARGET_DRAGONFLY;1 && !SYSHEAD_H && TARGET_DRAGONFLY;if;286;286
src/openvpn/syshead.h;1;TARGET_DRAGONFLY;1 && !SYSHEAD_H && TARGET_DRAGONFLY;artifact;287;287
src/openvpn/syshead.h;1;HAVE_SYS_UIO_H;1 && !SYSHEAD_H && TARGET_DRAGONFLY && HAVE_SYS_UIO_H;if;288;288
src/openvpn/syshead.h;1;HAVE_SYS_UIO_H;1 && !SYSHEAD_H && TARGET_DRAGONFLY && HAVE_SYS_UIO_H;artifact;289;289
src/openvpn/syshead.h;1;HAVE_SYS_UIO_H;1 && !SYSHEAD_H && TARGET_DRAGONFLY && HAVE_SYS_UIO_H;endif;290;290
src/openvpn/syshead.h;1;TARGET_DRAGONFLY;1 && !SYSHEAD_H && TARGET_DRAGONFLY;artifact;291;291
src/openvpn/syshead.h;1;HAVE_NETINET_IP_H;1 && !SYSHEAD_H && TARGET_DRAGONFLY && HAVE_NETINET_IP_H;if;292;292
src/openvpn/syshead.h;1;HAVE_NETINET_IP_H;1 && !SYSHEAD_H && TARGET_DRAGONFLY && HAVE_NETINET_IP_H;artifact;293;293
src/openvpn/syshead.h;1;HAVE_NETINET_IP_H;1 && !SYSHEAD_H && TARGET_DRAGONFLY && HAVE_NETINET_IP_H;endif;294;294
src/openvpn/syshead.h;1;TARGET_DRAGONFLY;1 && !SYSHEAD_H && TARGET_DRAGONFLY;artifact;295;295
src/openvpn/syshead.h;1;HAVE_NET_TUN_IF_TUN_H;1 && !SYSHEAD_H && TARGET_DRAGONFLY && HAVE_NET_TUN_IF_TUN_H;if;296;296
src/openvpn/syshead.h;1;HAVE_NET_TUN_IF_TUN_H;1 && !SYSHEAD_H && TARGET_DRAGONFLY && HAVE_NET_TUN_IF_TUN_H;artifact;297;297
src/openvpn/syshead.h;1;HAVE_NET_TUN_IF_TUN_H;1 && !SYSHEAD_H && TARGET_DRAGONFLY && HAVE_NET_TUN_IF_TUN_H;endif;298;298
src/openvpn/syshead.h;1;TARGET_DRAGONFLY;1 && !SYSHEAD_H && TARGET_DRAGONFLY;artifact;299;299
src/openvpn/syshead.h;1;TARGET_DRAGONFLY;1 && !SYSHEAD_H && TARGET_DRAGONFLY;endif;300;300
src/openvpn/syshead.h;1;!SYSHEAD_H;1 && !SYSHEAD_H;artifact;301;301
src/openvpn/syshead.h;1;TARGET_DARWIN;1 && !SYSHEAD_H && TARGET_DARWIN;if;302;302
src/openvpn/syshead.h;1;TARGET_DARWIN;1 && !SYSHEAD_H && TARGET_DARWIN;artifact;303;303
src/openvpn/syshead.h;1;HAVE_NETINET_TCP_H;1 && !SYSHEAD_H && TARGET_DARWIN && HAVE_NETINET_TCP_H;if;304;304
src/openvpn/syshead.h;1;HAVE_NETINET_TCP_H;1 && !SYSHEAD_H && TARGET_DARWIN && HAVE_NETINET_TCP_H;artifact;305;305
src/openvpn/syshead.h;1;HAVE_NETINET_TCP_H;1 && !SYSHEAD_H && TARGET_DARWIN && HAVE_NETINET_TCP_H;endif;306;306
src/openvpn/syshead.h;1;TARGET_DARWIN;1 && !SYSHEAD_H && TARGET_DARWIN;artifact;307;307
src/openvpn/syshead.h;1;TARGET_DARWIN;1 && !SYSHEAD_H && TARGET_DARWIN;endif;308;308
src/openvpn/syshead.h;1;!SYSHEAD_H;1 && !SYSHEAD_H;artifact;309;309
src/openvpn/syshead.h;1;_WIN32;1 && !SYSHEAD_H && _WIN32;if;310;310
src/openvpn/syshead.h;1;_WIN32;1 && !SYSHEAD_H && _WIN32;artifact;311;311
src/openvpn/syshead.h;1;DEFINED___LB____MINGW32____RB__;1 && !SYSHEAD_H && _WIN32 && DEFINED___LB____MINGW32____RB__;if;312;312
src/openvpn/syshead.h;1;DEFINED___LB____MINGW32____RB__;1 && !SYSHEAD_H && _WIN32 && DEFINED___LB____MINGW32____RB__;artifact;313;313
src/openvpn/syshead.h;1;DEFINED___LB____MINGW32____RB__;1 && !SYSHEAD_H && _WIN32 && DEFINED___LB____MINGW32____RB__;endif;314;314
src/openvpn/syshead.h;1;_WIN32;1 && !SYSHEAD_H && _WIN32;artifact;315;324
src/openvpn/syshead.h;1;_WIN32;1 && !SYSHEAD_H && _WIN32;endif;325;325
src/openvpn/syshead.h;1;!SYSHEAD_H;1 && !SYSHEAD_H;artifact;326;326
src/openvpn/syshead.h;1;HAVE_SYS_MMAN_H;1 && !SYSHEAD_H && HAVE_SYS_MMAN_H;if;327;327
src/openvpn/syshead.h;1;TARGET_DARWIN;1 && !SYSHEAD_H && HAVE_SYS_MMAN_H && TARGET_DARWIN;if;328;328
src/openvpn/syshead.h;1;TARGET_DARWIN;1 && !SYSHEAD_H && HAVE_SYS_MMAN_H && TARGET_DARWIN;artifact;329;329
src/openvpn/syshead.h;1;TARGET_DARWIN;1 && !SYSHEAD_H && HAVE_SYS_MMAN_H && TARGET_DARWIN;endif;330;330
src/openvpn/syshead.h;1;HAVE_SYS_MMAN_H;1 && !SYSHEAD_H && HAVE_SYS_MMAN_H;artifact;331;331
src/openvpn/syshead.h;1;HAVE_SYS_MMAN_H;1 && !SYSHEAD_H && HAVE_SYS_MMAN_H;endif;332;332
src/openvpn/syshead.h;1;!SYSHEAD_H;1 && !SYSHEAD_H;artifact;333;337
src/openvpn/syshead.h;1;PEDANTIC;1 && !SYSHEAD_H && PEDANTIC;if;338;338
src/openvpn/syshead.h;1;PEDANTIC;1 && !SYSHEAD_H && PEDANTIC;artifact;339;342
src/openvpn/syshead.h;1;PEDANTIC;1 && !SYSHEAD_H && PEDANTIC;endif;343;343
src/openvpn/syshead.h;1;!SYSHEAD_H;1 && !SYSHEAD_H;artifact;344;347
src/openvpn/syshead.h;1;DEFINED___LB__IPPROTO_IP__RB__ && DEFINED___LB__IP_TOS__RB__;1 && !SYSHEAD_H && DEFINED___LB__IPPROTO_IP__RB__ && DEFINED___LB__IP_TOS__RB__;if;348;348
src/openvpn/syshead.h;1;DEFINED___LB__IPPROTO_IP__RB__ && DEFINED___LB__IP_TOS__RB__;1 && !SYSHEAD_H && DEFINED___LB__IPPROTO_IP__RB__ && DEFINED___LB__IP_TOS__RB__;artifact;349;349
src/openvpn/syshead.h;1;!DEFINED___LB__IPPROTO_IP__RB__ || !DEFINED___LB__IP_TOS__RB__;(!DEFINED___LB__IPPROTO_IP__RB__ || !DEFINED___LB__IP_TOS__RB__) && 1 && !SYSHEAD_H;else;350;350
src/openvpn/syshead.h;1;!DEFINED___LB__IPPROTO_IP__RB__ || !DEFINED___LB__IP_TOS__RB__;(!DEFINED___LB__IPPROTO_IP__RB__ || !DEFINED___LB__IP_TOS__RB__) && 1 && !SYSHEAD_H;artifact;351;351
src/openvpn/syshead.h;1;!DEFINED___LB__IPPROTO_IP__RB__ || !DEFINED___LB__IP_TOS__RB__;(!DEFINED___LB__IPPROTO_IP__RB__ || !DEFINED___LB__IP_TOS__RB__) && 1 && !SYSHEAD_H;endif;352;352
src/openvpn/syshead.h;1;!SYSHEAD_H;1 && !SYSHEAD_H;artifact;353;356
src/openvpn/syshead.h;1;DEFINED___LB__HAVE_LINUX_TYPES_H__RB__ && DEFINED___LB__HAVE_LINUX_ERRQUEUE_H__RB__;1 && !SYSHEAD_H && DEFINED___LB__HAVE_LINUX_TYPES_H__RB__ && DEFINED___LB__HAVE_LINUX_ERRQUEUE_H__RB__;if;357;357
src/openvpn/syshead.h;1;DEFINED___LB__HAVE_LINUX_TYPES_H__RB__ && DEFINED___LB__HAVE_LINUX_ERRQUEUE_H__RB__;1 && !SYSHEAD_H && DEFINED___LB__HAVE_LINUX_TYPES_H__RB__ && DEFINED___LB__HAVE_LINUX_ERRQUEUE_H__RB__;artifact;358;358
src/openvpn/syshead.h;1;!DEFINED___LB__HAVE_LINUX_TYPES_H__RB__ || !DEFINED___LB__HAVE_LINUX_ERRQUEUE_H__RB__;(!DEFINED___LB__HAVE_LINUX_TYPES_H__RB__ || !DEFINED___LB__HAVE_LINUX_ERRQUEUE_H__RB__) && 1 && !SYSHEAD_H;else;359;359
src/openvpn/syshead.h;1;!DEFINED___LB__HAVE_LINUX_TYPES_H__RB__ || !DEFINED___LB__HAVE_LINUX_ERRQUEUE_H__RB__;(!DEFINED___LB__HAVE_LINUX_TYPES_H__RB__ || !DEFINED___LB__HAVE_LINUX_ERRQUEUE_H__RB__) && 1 && !SYSHEAD_H;artifact;360;360
src/openvpn/syshead.h;1;!DEFINED___LB__HAVE_LINUX_TYPES_H__RB__ || !DEFINED___LB__HAVE_LINUX_ERRQUEUE_H__RB__;(!DEFINED___LB__HAVE_LINUX_TYPES_H__RB__ || !DEFINED___LB__HAVE_LINUX_ERRQUEUE_H__RB__) && 1 && !SYSHEAD_H;endif;361;361
src/openvpn/syshead.h;1;!SYSHEAD_H;1 && !SYSHEAD_H;artifact;362;366
src/openvpn/syshead.h;1;(DEFINED___LB__IP_RECVDSTADDR__RB__ || DEFINED___LB__HAVE_IN_PKTINFO__RB__) && (DEFINED___LB__IP_RECVDSTADDR__RB__ || DEFINED___LB__IP_PKTINFO__RB__) && DEFINED___LB__HAVE_MSGHDR__RB__ && DEFINED___LB__HAVE_CMSGHDR__RB__ && DEFINED___LB__CMSG_FIRSTHDR__RB__ && DEFINED___LB__CMSG_NXTHDR__RB__ && DEFINED___LB__HAVE_RECVMSG__RB__ && DEFINED___LB__HAVE_SENDMSG__RB__;1 && !SYSHEAD_H && (DEFINED___LB__IP_RECVDSTADDR__RB__ || DEFINED___LB__HAVE_IN_PKTINFO__RB__) && (DEFINED___LB__IP_RECVDSTADDR__RB__ || DEFINED___LB__IP_PKTINFO__RB__) && DEFINED___LB__HAVE_MSGHDR__RB__ && DEFINED___LB__HAVE_CMSGHDR__RB__ && DEFINED___LB__CMSG_FIRSTHDR__RB__ && DEFINED___LB__CMSG_NXTHDR__RB__ && DEFINED___LB__HAVE_RECVMSG__RB__ && DEFINED___LB__HAVE_SENDMSG__RB__;if;367;367
src/openvpn/syshead.h;1;(DEFINED___LB__IP_RECVDSTADDR__RB__ || DEFINED___LB__HAVE_IN_PKTINFO__RB__) && (DEFINED___LB__IP_RECVDSTADDR__RB__ || DEFINED___LB__IP_PKTINFO__RB__) && DEFINED___LB__HAVE_MSGHDR__RB__ && DEFINED___LB__HAVE_CMSGHDR__RB__ && DEFINED___LB__CMSG_FIRSTHDR__RB__ && DEFINED___LB__CMSG_NXTHDR__RB__ && DEFINED___LB__HAVE_RECVMSG__RB__ && DEFINED___LB__HAVE_SENDMSG__RB__;1 && !SYSHEAD_H && (DEFINED___LB__IP_RECVDSTADDR__RB__ || DEFINED___LB__HAVE_IN_PKTINFO__RB__) && (DEFINED___LB__IP_RECVDSTADDR__RB__ || DEFINED___LB__IP_PKTINFO__RB__) && DEFINED___LB__HAVE_MSGHDR__RB__ && DEFINED___LB__HAVE_CMSGHDR__RB__ && DEFINED___LB__CMSG_FIRSTHDR__RB__ && DEFINED___LB__CMSG_NXTHDR__RB__ && DEFINED___LB__HAVE_RECVMSG__RB__ && DEFINED___LB__HAVE_SENDMSG__RB__;artifact;368;368
src/openvpn/syshead.h;1;(!DEFINED___LB__HAVE_MSGHDR__RB__ || !DEFINED___LB__HAVE_CMSGHDR__RB__ || !DEFINED___LB__CMSG_FIRSTHDR__RB__ || !DEFINED___LB__CMSG_NXTHDR__RB__ || !DEFINED___LB__HAVE_RECVMSG__RB__ || !DEFINED___LB__HAVE_SENDMSG__RB__ || !DEFINED___LB__HAVE_IN_PKTINFO__RB__ || !DEFINED___LB__IP_PKTINFO__RB__) && (!DEFINED___LB__HAVE_MSGHDR__RB__ || !DEFINED___LB__HAVE_CMSGHDR__RB__ || !DEFINED___LB__CMSG_FIRSTHDR__RB__ || !DEFINED___LB__CMSG_NXTHDR__RB__ || !DEFINED___LB__HAVE_RECVMSG__RB__ || !DEFINED___LB__HAVE_SENDMSG__RB__ || !DEFINED___LB__IP_RECVDSTADDR__RB__);(!DEFINED___LB__HAVE_MSGHDR__RB__ || !DEFINED___LB__HAVE_CMSGHDR__RB__ || !DEFINED___LB__CMSG_FIRSTHDR__RB__ || !DEFINED___LB__CMSG_NXTHDR__RB__ || !DEFINED___LB__HAVE_RECVMSG__RB__ || !DEFINED___LB__HAVE_SENDMSG__RB__ || !DEFINED___LB__HAVE_IN_PKTINFO__RB__ || !DEFINED___LB__IP_PKTINFO__RB__) && (!DEFINED___LB__HAVE_MSGHDR__RB__ || !DEFINED___LB__HAVE_CMSGHDR__RB__ || !DEFINED___LB__CMSG_FIRSTHDR__RB__ || !DEFINED___LB__CMSG_NXTHDR__RB__ || !DEFINED___LB__HAVE_RECVMSG__RB__ || !DEFINED___LB__HAVE_SENDMSG__RB__ || !DEFINED___LB__IP_RECVDSTADDR__RB__) && 1 && !SYSHEAD_H;else;369;369
src/openvpn/syshead.h;1;(!DEFINED___LB__HAVE_MSGHDR__RB__ || !DEFINED___LB__HAVE_CMSGHDR__RB__ || !DEFINED___LB__CMSG_FIRSTHDR__RB__ || !DEFINED___LB__CMSG_NXTHDR__RB__ || !DEFINED___LB__HAVE_RECVMSG__RB__ || !DEFINED___LB__HAVE_SENDMSG__RB__ || !DEFINED___LB__HAVE_IN_PKTINFO__RB__ || !DEFINED___LB__IP_PKTINFO__RB__) && (!DEFINED___LB__HAVE_MSGHDR__RB__ || !DEFINED___LB__HAVE_CMSGHDR__RB__ || !DEFINED___LB__CMSG_FIRSTHDR__RB__ || !DEFINED___LB__CMSG_NXTHDR__RB__ || !DEFINED___LB__HAVE_RECVMSG__RB__ || !DEFINED___LB__HAVE_SENDMSG__RB__ || !DEFINED___LB__IP_RECVDSTADDR__RB__);(!DEFINED___LB__HAVE_MSGHDR__RB__ || !DEFINED___LB__HAVE_CMSGHDR__RB__ || !DEFINED___LB__CMSG_FIRSTHDR__RB__ || !DEFINED___LB__CMSG_NXTHDR__RB__ || !DEFINED___LB__HAVE_RECVMSG__RB__ || !DEFINED___LB__HAVE_SENDMSG__RB__ || !DEFINED___LB__HAVE_IN_PKTINFO__RB__ || !DEFINED___LB__IP_PKTINFO__RB__) && (!DEFINED___LB__HAVE_MSGHDR__RB__ || !DEFINED___LB__HAVE_CMSGHDR__RB__ || !DEFINED___LB__CMSG_FIRSTHDR__RB__ || !DEFINED___LB__CMSG_NXTHDR__RB__ || !DEFINED___LB__HAVE_RECVMSG__RB__ || !DEFINED___LB__HAVE_SENDMSG__RB__ || !DEFINED___LB__IP_RECVDSTADDR__RB__) && 1 && !SYSHEAD_H;artifact;370;370
src/openvpn/syshead.h;1;(!DEFINED___LB__HAVE_MSGHDR__RB__ || !DEFINED___LB__HAVE_CMSGHDR__RB__ || !DEFINED___LB__CMSG_FIRSTHDR__RB__ || !DEFINED___LB__CMSG_NXTHDR__RB__ || !DEFINED___LB__HAVE_RECVMSG__RB__ || !DEFINED___LB__HAVE_SENDMSG__RB__ || !DEFINED___LB__HAVE_IN_PKTINFO__RB__ || !DEFINED___LB__IP_PKTINFO__RB__) && (!DEFINED___LB__HAVE_MSGHDR__RB__ || !DEFINED___LB__HAVE_CMSGHDR__RB__ || !DEFINED___LB__CMSG_FIRSTHDR__RB__ || !DEFINED___LB__CMSG_NXTHDR__RB__ || !DEFINED___LB__HAVE_RECVMSG__RB__ || !DEFINED___LB__HAVE_SENDMSG__RB__ || !DEFINED___LB__IP_RECVDSTADDR__RB__);(!DEFINED___LB__HAVE_MSGHDR__RB__ || !DEFINED___LB__HAVE_CMSGHDR__RB__ || !DEFINED___LB__CMSG_FIRSTHDR__RB__ || !DEFINED___LB__CMSG_NXTHDR__RB__ || !DEFINED___LB__HAVE_RECVMSG__RB__ || !DEFINED___LB__HAVE_SENDMSG__RB__ || !DEFINED___LB__HAVE_IN_PKTINFO__RB__ || !DEFINED___LB__IP_PKTINFO__RB__) && (!DEFINED___LB__HAVE_MSGHDR__RB__ || !DEFINED___LB__HAVE_CMSGHDR__RB__ || !DEFINED___LB__CMSG_FIRSTHDR__RB__ || !DEFINED___LB__CMSG_NXTHDR__RB__ || !DEFINED___LB__HAVE_RECVMSG__RB__ || !DEFINED___LB__HAVE_SENDMSG__RB__ || !DEFINED___LB__IP_RECVDSTADDR__RB__) && 1 && !SYSHEAD_H;endif;371;371
src/openvpn/syshead.h;1;!SYSHEAD_H;1 && !SYSHEAD_H;artifact;372;376
src/openvpn/syshead.h;1;!SOL_IP;1 && !SYSHEAD_H && !SOL_IP;if;377;377
src/openvpn/syshead.h;1;!SOL_IP;1 && !SYSHEAD_H && !SOL_IP;artifact;378;378
src/openvpn/syshead.h;1;!SOL_IP;1 && !SYSHEAD_H && !SOL_IP;endif;379;379
src/openvpn/syshead.h;1;!SYSHEAD_H;1 && !SYSHEAD_H;artifact;380;383
src/openvpn/syshead.h;1;!HAVE_SA_FAMILY_T;1 && !SYSHEAD_H && !HAVE_SA_FAMILY_T;if;384;384
src/openvpn/syshead.h;1;!HAVE_SA_FAMILY_T;1 && !SYSHEAD_H && !HAVE_SA_FAMILY_T;artifact;385;385
src/openvpn/syshead.h;1;!HAVE_SA_FAMILY_T;1 && !SYSHEAD_H && !HAVE_SA_FAMILY_T;endif;386;386
src/openvpn/syshead.h;1;!SYSHEAD_H;1 && !SYSHEAD_H;artifact;387;390
src/openvpn/syshead.h;1;0;1 && !SYSHEAD_H && 0;if;391;391
src/openvpn/syshead.h;1;0;1 && !SYSHEAD_H && 0;artifact;392;393
src/openvpn/syshead.h;1;0;1 && !SYSHEAD_H && 0;endif;394;394
src/openvpn/syshead.h;1;!SYSHEAD_H;1 && !SYSHEAD_H;artifact;395;398
src/openvpn/syshead.h;1;DEFINED___LB__HAVE_OPENLOG__RB__ && DEFINED___LB__HAVE_SYSLOG__RB__;1 && !SYSHEAD_H && DEFINED___LB__HAVE_OPENLOG__RB__ && DEFINED___LB__HAVE_SYSLOG__RB__;if;399;399
src/openvpn/syshead.h;1;DEFINED___LB__HAVE_OPENLOG__RB__ && DEFINED___LB__HAVE_SYSLOG__RB__;1 && !SYSHEAD_H && DEFINED___LB__HAVE_OPENLOG__RB__ && DEFINED___LB__HAVE_SYSLOG__RB__;artifact;400;400
src/openvpn/syshead.h;1;!DEFINED___LB__HAVE_OPENLOG__RB__ || !DEFINED___LB__HAVE_SYSLOG__RB__;(!DEFINED___LB__HAVE_OPENLOG__RB__ || !DEFINED___LB__HAVE_SYSLOG__RB__) && 1 && !SYSHEAD_H;else;401;401
src/openvpn/syshead.h;1;!DEFINED___LB__HAVE_OPENLOG__RB__ || !DEFINED___LB__HAVE_SYSLOG__RB__;(!DEFINED___LB__HAVE_OPENLOG__RB__ || !DEFINED___LB__HAVE_SYSLOG__RB__) && 1 && !SYSHEAD_H;artifact;402;402
src/openvpn/syshead.h;1;!DEFINED___LB__HAVE_OPENLOG__RB__ || !DEFINED___LB__HAVE_SYSLOG__RB__;(!DEFINED___LB__HAVE_OPENLOG__RB__ || !DEFINED___LB__HAVE_SYSLOG__RB__) && 1 && !SYSHEAD_H;endif;403;403
src/openvpn/syshead.h;1;!SYSHEAD_H;1 && !SYSHEAD_H;artifact;404;407
src/openvpn/syshead.h;1;!O_BINARY;1 && !SYSHEAD_H && !O_BINARY;if;408;408
src/openvpn/syshead.h;1;!O_BINARY;1 && !SYSHEAD_H && !O_BINARY;artifact;409;409
src/openvpn/syshead.h;1;!O_BINARY;1 && !SYSHEAD_H && !O_BINARY;endif;410;410
src/openvpn/syshead.h;1;!SYSHEAD_H;1 && !SYSHEAD_H;artifact;411;414
src/openvpn/syshead.h;1;_WIN32;1 && !SYSHEAD_H && _WIN32;if;415;415
src/openvpn/syshead.h;1;_WIN32;1 && !SYSHEAD_H && _WIN32;artifact;416;417
src/openvpn/syshead.h;1;!_WIN32;!_WIN32 && 1 && !SYSHEAD_H;else;418;418
src/openvpn/syshead.h;1;!_WIN32;!_WIN32 && 1 && !SYSHEAD_H;artifact;419;420
src/openvpn/syshead.h;1;!_WIN32;!_WIN32 && 1 && !SYSHEAD_H;endif;421;421
src/openvpn/syshead.h;1;!SYSHEAD_H;1 && !SYSHEAD_H;artifact;422;425
src/openvpn/syshead.h;1;_WIN32;1 && !SYSHEAD_H && _WIN32;if;426;426
src/openvpn/syshead.h;1;_WIN32;1 && !SYSHEAD_H && _WIN32;artifact;427;429
src/openvpn/syshead.h;1;!_WIN32;!_WIN32 && 1 && !SYSHEAD_H;else;430;430
src/openvpn/syshead.h;1;!_WIN32;!_WIN32 && 1 && !SYSHEAD_H;artifact;431;433
src/openvpn/syshead.h;1;!_WIN32;!_WIN32 && 1 && !SYSHEAD_H;endif;434;434
src/openvpn/syshead.h;1;!SYSHEAD_H;1 && !SYSHEAD_H;artifact;435;445
src/openvpn/syshead.h;1;DEFINED___LB__HAVE_EXECVE__RB__ && DEFINED___LB__HAVE_FORK__RB__;1 && !SYSHEAD_H && DEFINED___LB__HAVE_EXECVE__RB__ && DEFINED___LB__HAVE_FORK__RB__;if;446;446
src/openvpn/syshead.h;1;DEFINED___LB__HAVE_EXECVE__RB__ && DEFINED___LB__HAVE_FORK__RB__;1 && !SYSHEAD_H && DEFINED___LB__HAVE_EXECVE__RB__ && DEFINED___LB__HAVE_FORK__RB__;artifact;447;447
src/openvpn/syshead.h;1;DEFINED___LB__HAVE_EXECVE__RB__ && DEFINED___LB__HAVE_FORK__RB__;1 && !SYSHEAD_H && DEFINED___LB__HAVE_EXECVE__RB__ && DEFINED___LB__HAVE_FORK__RB__;endif;448;448
src/openvpn/syshead.h;1;!SYSHEAD_H;1 && !SYSHEAD_H;artifact;449;452
src/openvpn/syshead.h;1;DEFINED___LB__ENABLE_PORT_SHARE__RB__ && DEFINED___LB__SCM_RIGHTS__RB__ && DEFINED___LB__HAVE_MSGHDR__RB__ && DEFINED___LB__HAVE_CMSGHDR__RB__ && DEFINED___LB__CMSG_FIRSTHDR__RB__ && DEFINED___LB__CMSG_NXTHDR__RB__ && DEFINED___LB__HAVE_RECVMSG__RB__ && DEFINED___LB__HAVE_SENDMSG__RB__;1 && !SYSHEAD_H && DEFINED___LB__ENABLE_PORT_SHARE__RB__ && DEFINED___LB__SCM_RIGHTS__RB__ && DEFINED___LB__HAVE_MSGHDR__RB__ && DEFINED___LB__HAVE_CMSGHDR__RB__ && DEFINED___LB__CMSG_FIRSTHDR__RB__ && DEFINED___LB__CMSG_NXTHDR__RB__ && DEFINED___LB__HAVE_RECVMSG__RB__ && DEFINED___LB__HAVE_SENDMSG__RB__;if;453;453
src/openvpn/syshead.h;1;DEFINED___LB__ENABLE_PORT_SHARE__RB__ && DEFINED___LB__SCM_RIGHTS__RB__ && DEFINED___LB__HAVE_MSGHDR__RB__ && DEFINED___LB__HAVE_CMSGHDR__RB__ && DEFINED___LB__CMSG_FIRSTHDR__RB__ && DEFINED___LB__CMSG_NXTHDR__RB__ && DEFINED___LB__HAVE_RECVMSG__RB__ && DEFINED___LB__HAVE_SENDMSG__RB__;1 && !SYSHEAD_H && DEFINED___LB__ENABLE_PORT_SHARE__RB__ && DEFINED___LB__SCM_RIGHTS__RB__ && DEFINED___LB__HAVE_MSGHDR__RB__ && DEFINED___LB__HAVE_CMSGHDR__RB__ && DEFINED___LB__CMSG_FIRSTHDR__RB__ && DEFINED___LB__CMSG_NXTHDR__RB__ && DEFINED___LB__HAVE_RECVMSG__RB__ && DEFINED___LB__HAVE_SENDMSG__RB__;artifact;454;454
src/openvpn/syshead.h;1;!DEFINED___LB__ENABLE_PORT_SHARE__RB__ || !DEFINED___LB__SCM_RIGHTS__RB__ || !DEFINED___LB__HAVE_MSGHDR__RB__ || !DEFINED___LB__HAVE_CMSGHDR__RB__ || !DEFINED___LB__CMSG_FIRSTHDR__RB__ || !DEFINED___LB__CMSG_NXTHDR__RB__ || !DEFINED___LB__HAVE_RECVMSG__RB__ || !DEFINED___LB__HAVE_SENDMSG__RB__;(!DEFINED___LB__ENABLE_PORT_SHARE__RB__ || !DEFINED___LB__SCM_RIGHTS__RB__ || !DEFINED___LB__HAVE_MSGHDR__RB__ || !DEFINED___LB__HAVE_CMSGHDR__RB__ || !DEFINED___LB__CMSG_FIRSTHDR__RB__ || !DEFINED___LB__CMSG_NXTHDR__RB__ || !DEFINED___LB__HAVE_RECVMSG__RB__ || !DEFINED___LB__HAVE_SENDMSG__RB__) && 1 && !SYSHEAD_H;else;455;455
src/openvpn/syshead.h;1;!DEFINED___LB__ENABLE_PORT_SHARE__RB__ || !DEFINED___LB__SCM_RIGHTS__RB__ || !DEFINED___LB__HAVE_MSGHDR__RB__ || !DEFINED___LB__HAVE_CMSGHDR__RB__ || !DEFINED___LB__CMSG_FIRSTHDR__RB__ || !DEFINED___LB__CMSG_NXTHDR__RB__ || !DEFINED___LB__HAVE_RECVMSG__RB__ || !DEFINED___LB__HAVE_SENDMSG__RB__;(!DEFINED___LB__ENABLE_PORT_SHARE__RB__ || !DEFINED___LB__SCM_RIGHTS__RB__ || !DEFINED___LB__HAVE_MSGHDR__RB__ || !DEFINED___LB__HAVE_CMSGHDR__RB__ || !DEFINED___LB__CMSG_FIRSTHDR__RB__ || !DEFINED___LB__CMSG_NXTHDR__RB__ || !DEFINED___LB__HAVE_RECVMSG__RB__ || !DEFINED___LB__HAVE_SENDMSG__RB__) && 1 && !SYSHEAD_H;artifact;456;456
src/openvpn/syshead.h;1;!DEFINED___LB__ENABLE_PORT_SHARE__RB__ || !DEFINED___LB__SCM_RIGHTS__RB__ || !DEFINED___LB__HAVE_MSGHDR__RB__ || !DEFINED___LB__HAVE_CMSGHDR__RB__ || !DEFINED___LB__CMSG_FIRSTHDR__RB__ || !DEFINED___LB__CMSG_NXTHDR__RB__ || !DEFINED___LB__HAVE_RECVMSG__RB__ || !DEFINED___LB__HAVE_SENDMSG__RB__;(!DEFINED___LB__ENABLE_PORT_SHARE__RB__ || !DEFINED___LB__SCM_RIGHTS__RB__ || !DEFINED___LB__HAVE_MSGHDR__RB__ || !DEFINED___LB__HAVE_CMSGHDR__RB__ || !DEFINED___LB__CMSG_FIRSTHDR__RB__ || !DEFINED___LB__CMSG_NXTHDR__RB__ || !DEFINED___LB__HAVE_RECVMSG__RB__ || !DEFINED___LB__HAVE_SENDMSG__RB__) && 1 && !SYSHEAD_H;endif;457;457
src/openvpn/syshead.h;1;!SYSHEAD_H;1 && !SYSHEAD_H;artifact;458;458
src/openvpn/syshead.h;1;ENABLE_CRYPTO_MBEDTLS;1 && !SYSHEAD_H && ENABLE_CRYPTO_MBEDTLS;if;459;459
src/openvpn/syshead.h;1;ENABLE_CRYPTO_MBEDTLS;1 && !SYSHEAD_H && ENABLE_CRYPTO_MBEDTLS;artifact;460;460
src/openvpn/syshead.h;1;ENABLE_CRYPTO_MBEDTLS;1 && !SYSHEAD_H && ENABLE_CRYPTO_MBEDTLS;endif;461;461
src/openvpn/syshead.h;1;!SYSHEAD_H;1 && !SYSHEAD_H;artifact;462;465
src/openvpn/syshead.h;1;DEFINED___LB__PF_UNIX__RB__ && !DEFINED___LB___WIN32__RB__;1 && !SYSHEAD_H && DEFINED___LB__PF_UNIX__RB__ && !DEFINED___LB___WIN32__RB__;if;466;466
src/openvpn/syshead.h;1;DEFINED___LB__PF_UNIX__RB__ && !DEFINED___LB___WIN32__RB__;1 && !SYSHEAD_H && DEFINED___LB__PF_UNIX__RB__ && !DEFINED___LB___WIN32__RB__;artifact;467;467
src/openvpn/syshead.h;1;!DEFINED___LB__PF_UNIX__RB__ || DEFINED___LB___WIN32__RB__;(!DEFINED___LB__PF_UNIX__RB__ || DEFINED___LB___WIN32__RB__) && 1 && !SYSHEAD_H;else;468;468
src/openvpn/syshead.h;1;!DEFINED___LB__PF_UNIX__RB__ || DEFINED___LB___WIN32__RB__;(!DEFINED___LB__PF_UNIX__RB__ || DEFINED___LB___WIN32__RB__) && 1 && !SYSHEAD_H;artifact;469;469
src/openvpn/syshead.h;1;!DEFINED___LB__PF_UNIX__RB__ || DEFINED___LB___WIN32__RB__;(!DEFINED___LB__PF_UNIX__RB__ || DEFINED___LB___WIN32__RB__) && 1 && !SYSHEAD_H;endif;470;470
src/openvpn/syshead.h;1;!SYSHEAD_H;1 && !SYSHEAD_H;artifact;471;474
src/openvpn/syshead.h;1;ENABLE_NTLM;1 && !SYSHEAD_H && ENABLE_NTLM;if;475;475
src/openvpn/syshead.h;1;ENABLE_NTLM;1 && !SYSHEAD_H && ENABLE_NTLM;artifact;476;476
src/openvpn/syshead.h;1;ENABLE_NTLM;1 && !SYSHEAD_H && ENABLE_NTLM;endif;477;477
src/openvpn/syshead.h;1;!SYSHEAD_H;1 && !SYSHEAD_H;artifact;478;486
src/openvpn/syshead.h;1;DEFINED___LB___WIN32__RB__ && DEFINED___LB__ENABLE_CRYPTO_OPENSSL__RB__ && !DEFINED___LB__ENABLE_CRYPTO_WOLFSSL__RB__;1 && !SYSHEAD_H && DEFINED___LB___WIN32__RB__ && DEFINED___LB__ENABLE_CRYPTO_OPENSSL__RB__ && !DEFINED___LB__ENABLE_CRYPTO_WOLFSSL__RB__;if;487;488
src/openvpn/syshead.h;1;DEFINED___LB___WIN32__RB__ && DEFINED___LB__ENABLE_CRYPTO_OPENSSL__RB__ && !DEFINED___LB__ENABLE_CRYPTO_WOLFSSL__RB__;1 && !SYSHEAD_H && DEFINED___LB___WIN32__RB__ && DEFINED___LB__ENABLE_CRYPTO_OPENSSL__RB__ && !DEFINED___LB__ENABLE_CRYPTO_WOLFSSL__RB__;artifact;489;489
src/openvpn/syshead.h;1;DEFINED___LB___WIN32__RB__ && DEFINED___LB__ENABLE_CRYPTO_OPENSSL__RB__ && !DEFINED___LB__ENABLE_CRYPTO_WOLFSSL__RB__;1 && !SYSHEAD_H && DEFINED___LB___WIN32__RB__ && DEFINED___LB__ENABLE_CRYPTO_OPENSSL__RB__ && !DEFINED___LB__ENABLE_CRYPTO_WOLFSSL__RB__;endif;490;490
src/openvpn/syshead.h;1;!SYSHEAD_H;1 && !SYSHEAD_H;artifact;491;496
src/openvpn/syshead.h;1;DEFINED___LB__HAVE_POLL_H__RB__ || !DEFINED___LB___WIN32__RB__;1 && !SYSHEAD_H && (DEFINED___LB__HAVE_POLL_H__RB__ || !DEFINED___LB___WIN32__RB__);if;497;497
src/openvpn/syshead.h;1;DEFINED___LB__HAVE_POLL_H__RB__ || !DEFINED___LB___WIN32__RB__;1 && !SYSHEAD_H && (DEFINED___LB__HAVE_POLL_H__RB__ || !DEFINED___LB___WIN32__RB__);artifact;498;498
src/openvpn/syshead.h;1;!DEFINED___LB__HAVE_POLL_H__RB__ && DEFINED___LB___WIN32__RB__;!DEFINED___LB__HAVE_POLL_H__RB__ && DEFINED___LB___WIN32__RB__ && 1 && !SYSHEAD_H;else;499;499
src/openvpn/syshead.h;1;!DEFINED___LB__HAVE_POLL_H__RB__ && DEFINED___LB___WIN32__RB__;!DEFINED___LB__HAVE_POLL_H__RB__ && DEFINED___LB___WIN32__RB__ && 1 && !SYSHEAD_H;artifact;500;500
src/openvpn/syshead.h;1;!DEFINED___LB__HAVE_POLL_H__RB__ && DEFINED___LB___WIN32__RB__;!DEFINED___LB__HAVE_POLL_H__RB__ && DEFINED___LB___WIN32__RB__ && 1 && !SYSHEAD_H;endif;501;501
src/openvpn/syshead.h;1;!SYSHEAD_H;1 && !SYSHEAD_H;artifact;502;505
src/openvpn/syshead.h;1;DEFINED___LB__HAVE_EPOLL_CREATE__RB__ && DEFINED___LB__HAVE_SYS_EPOLL_H__RB__;1 && !SYSHEAD_H && DEFINED___LB__HAVE_EPOLL_CREATE__RB__ && DEFINED___LB__HAVE_SYS_EPOLL_H__RB__;if;506;506
src/openvpn/syshead.h;1;DEFINED___LB__HAVE_EPOLL_CREATE__RB__ && DEFINED___LB__HAVE_SYS_EPOLL_H__RB__;1 && !SYSHEAD_H && DEFINED___LB__HAVE_EPOLL_CREATE__RB__ && DEFINED___LB__HAVE_SYS_EPOLL_H__RB__;artifact;507;507
src/openvpn/syshead.h;1;!DEFINED___LB__HAVE_EPOLL_CREATE__RB__ || !DEFINED___LB__HAVE_SYS_EPOLL_H__RB__;(!DEFINED___LB__HAVE_EPOLL_CREATE__RB__ || !DEFINED___LB__HAVE_SYS_EPOLL_H__RB__) && 1 && !SYSHEAD_H;else;508;508
src/openvpn/syshead.h;1;!DEFINED___LB__HAVE_EPOLL_CREATE__RB__ || !DEFINED___LB__HAVE_SYS_EPOLL_H__RB__;(!DEFINED___LB__HAVE_EPOLL_CREATE__RB__ || !DEFINED___LB__HAVE_SYS_EPOLL_H__RB__) && 1 && !SYSHEAD_H;artifact;509;509
src/openvpn/syshead.h;1;!DEFINED___LB__HAVE_EPOLL_CREATE__RB__ || !DEFINED___LB__HAVE_SYS_EPOLL_H__RB__;(!DEFINED___LB__HAVE_EPOLL_CREATE__RB__ || !DEFINED___LB__HAVE_SYS_EPOLL_H__RB__) && 1 && !SYSHEAD_H;endif;510;510
src/openvpn/syshead.h;1;!SYSHEAD_H;1 && !SYSHEAD_H;artifact;511;514
src/openvpn/syshead.h;1;DEFINED___LB__ENABLE_LZO__RB__ || DEFINED___LB__ENABLE_LZ4__RB__ || DEFINED___LB__ENABLE_COMP_STUB__RB__;1 && !SYSHEAD_H && (DEFINED___LB__ENABLE_LZO__RB__ || DEFINED___LB__ENABLE_LZ4__RB__ || DEFINED___LB__ENABLE_COMP_STUB__RB__);if;515;516
src/openvpn/syshead.h;1;DEFINED___LB__ENABLE_LZO__RB__ || DEFINED___LB__ENABLE_LZ4__RB__ || DEFINED___LB__ENABLE_COMP_STUB__RB__;1 && !SYSHEAD_H && (DEFINED___LB__ENABLE_LZO__RB__ || DEFINED___LB__ENABLE_LZ4__RB__ || DEFINED___LB__ENABLE_COMP_STUB__RB__);artifact;517;517
src/openvpn/syshead.h;1;DEFINED___LB__ENABLE_LZO__RB__ || DEFINED___LB__ENABLE_LZ4__RB__ || DEFINED___LB__ENABLE_COMP_STUB__RB__;1 && !SYSHEAD_H && (DEFINED___LB__ENABLE_LZO__RB__ || DEFINED___LB__ENABLE_LZ4__RB__ || DEFINED___LB__ENABLE_COMP_STUB__RB__);endif;518;518
src/openvpn/syshead.h;1;!SYSHEAD_H;1 && !SYSHEAD_H;artifact;519;522
src/openvpn/syshead.h;1;TARGET_LINUX;1 && !SYSHEAD_H && TARGET_LINUX;if;523;523
src/openvpn/syshead.h;1;TARGET_LINUX;1 && !SYSHEAD_H && TARGET_LINUX;artifact;524;524
src/openvpn/syshead.h;1;TARGET_LINUX;1 && !SYSHEAD_H && TARGET_LINUX;endif;525;525
src/openvpn/syshead.h;1;!SYSHEAD_H;1 && !SYSHEAD_H;artifact;526;526
src/openvpn/syshead.h;1;_MSC_VER;1 && !SYSHEAD_H && _MSC_VER;if;527;527
src/openvpn/syshead.h;1;!PATH_MAX;1 && !SYSHEAD_H && _MSC_VER && !PATH_MAX;if;528;528
src/openvpn/syshead.h;1;!PATH_MAX;1 && !SYSHEAD_H && _MSC_VER && !PATH_MAX;artifact;529;529
src/openvpn/syshead.h;1;!PATH_MAX;1 && !SYSHEAD_H && _MSC_VER && !PATH_MAX;endif;530;530
src/openvpn/syshead.h;1;_MSC_VER;1 && !SYSHEAD_H && _MSC_VER;endif;531;531
src/openvpn/syshead.h;1;!SYSHEAD_H;1 && !SYSHEAD_H;artifact;532;532
src/openvpn/syshead.h;1;!SYSHEAD_H;1 && !SYSHEAD_H;endif;533;533
src/openvpn/syshead.h;1;1;1;artifact;534;534
src/openvpn/tls_crypt.c;1;1;1;ROOT;1;793
src/openvpn/tls_crypt.c;1;1;1;artifact;1;23
src/openvpn/tls_crypt.c;1;HAVE_CONFIG_H;1 && HAVE_CONFIG_H;if;24;24
src/openvpn/tls_crypt.c;1;HAVE_CONFIG_H;1 && HAVE_CONFIG_H;artifact;25;25
src/openvpn/tls_crypt.c;1;HAVE_CONFIG_H;1 && HAVE_CONFIG_H;endif;26;26
src/openvpn/tls_crypt.c;1;1;1;artifact;27;792
src/openvpn/tls_crypt.h;1;1;1;ROOT;1;241
src/openvpn/tls_crypt.h;1;1;1;artifact;1;79
src/openvpn/tls_crypt.h;1;!TLSCRYPT_H;1 && !TLSCRYPT_H;if;80;80
src/openvpn/tls_crypt.h;1;!TLSCRYPT_H;1 && !TLSCRYPT_H;artifact;81;238
src/openvpn/tls_crypt.h;1;!TLSCRYPT_H;1 && !TLSCRYPT_H;endif;239;239
src/openvpn/tls_crypt.h;1;1;1;artifact;240;240
src/openvpn/tun.c;1;1;1;ROOT;1;7195
src/openvpn/tun.c;1;1;1;artifact;1;31
src/openvpn/tun.c;1;HAVE_CONFIG_H;1 && HAVE_CONFIG_H;if;32;32
src/openvpn/tun.c;1;HAVE_CONFIG_H;1 && HAVE_CONFIG_H;artifact;33;33
src/openvpn/tun.c;1;HAVE_CONFIG_H;1 && HAVE_CONFIG_H;endif;34;34
src/openvpn/tun.c;1;1;1;artifact;35;51
src/openvpn/tun.c;1;_WIN32;1 && _WIN32;if;52;52
src/openvpn/tun.c;1;_WIN32;1 && _WIN32;artifact;53;53
src/openvpn/tun.c;1;_WIN32;1 && _WIN32;endif;54;54
src/openvpn/tun.c;1;1;1;artifact;55;57
src/openvpn/tun.c;1;_WIN32;1 && _WIN32;if;58;58
src/openvpn/tun.c;1;_WIN32;1 && _WIN32;artifact;59;400
src/openvpn/tun.c;1;_WIN32;1 && _WIN32;endif;401;401
src/openvpn/tun.c;1;1;1;artifact;402;402
src/openvpn/tun.c;1;TARGET_SOLARIS;1 && TARGET_SOLARIS;if;403;403
src/openvpn/tun.c;1;TARGET_SOLARIS;1 && TARGET_SOLARIS;artifact;404;406
src/openvpn/tun.c;1;TARGET_SOLARIS;1 && TARGET_SOLARIS;endif;407;407
src/openvpn/tun.c;1;1;1;artifact;408;408
src/openvpn/tun.c;1;DEFINED___LB__TARGET_DARWIN__RB__ && HAVE_NET_IF_UTUN_H;1 && DEFINED___LB__TARGET_DARWIN__RB__ && HAVE_NET_IF_UTUN_H;if;409;409
src/openvpn/tun.c;1;DEFINED___LB__TARGET_DARWIN__RB__ && HAVE_NET_IF_UTUN_H;1 && DEFINED___LB__TARGET_DARWIN__RB__ && HAVE_NET_IF_UTUN_H;artifact;410;412
src/openvpn/tun.c;1;DEFINED___LB__TARGET_DARWIN__RB__ && HAVE_NET_IF_UTUN_H;1 && DEFINED___LB__TARGET_DARWIN__RB__ && HAVE_NET_IF_UTUN_H;endif;413;413
src/openvpn/tun.c;1;1;1;artifact;414;484
src/openvpn/tun.c;1;_WIN32;1 && _WIN32;if;485;485
src/openvpn/tun.c;1;_WIN32;1 && _WIN32;artifact;486;490
src/openvpn/tun.c;1;_WIN32;1 && _WIN32;endif;491;491
src/openvpn/tun.c;1;1;1;artifact;492;544
src/openvpn/tun.c;1;0;1 && 0;if;545;545
src/openvpn/tun.c;1;0;1 && 0;artifact;546;550
src/openvpn/tun.c;1;0;1 && 0;endif;551;551
src/openvpn/tun.c;1;1;1;artifact;552;614
src/openvpn/tun.c;1;0;1 && 0;if;615;615
src/openvpn/tun.c;1;0;1 && 0;artifact;616;637
src/openvpn/tun.c;1;0;1 && 0;endif;638;638
src/openvpn/tun.c;1;1;1;artifact;639;711
src/openvpn/tun.c;1;_WIN32;1 && _WIN32;if;712;712
src/openvpn/tun.c;1;_WIN32;1 && _WIN32;artifact;713;714
src/openvpn/tun.c;1;_WIN32;1 && _WIN32;endif;715;715
src/openvpn/tun.c;1;1;1;artifact;716;720
src/openvpn/tun.c;1;_WIN32;1 && _WIN32;if;721;721
src/openvpn/tun.c;1;_WIN32;1 && _WIN32;artifact;722;723
src/openvpn/tun.c;1;_WIN32;1 && _WIN32;endif;724;724
src/openvpn/tun.c;1;1;1;artifact;725;911
src/openvpn/tun.c;1;_WIN32;1 && _WIN32;if;912;912
src/openvpn/tun.c;1;_WIN32;1 && _WIN32;artifact;913;925
src/openvpn/tun.c;1;_WIN32;1 && _WIN32;endif;926;926
src/openvpn/tun.c;1;1;1;artifact;927;967
src/openvpn/tun.c;1;_WIN32;1 && _WIN32;if;968;968
src/openvpn/tun.c;1;_WIN32;1 && _WIN32;artifact;969;1009
src/openvpn/tun.c;1;_WIN32;1 && _WIN32;endif;1010;1010
src/openvpn/tun.c;1;1;1;artifact;1011;1012
src/openvpn/tun.c;1;DEFINED___LB___WIN32__RB__ || DEFINED___LB__TARGET_DARWIN__RB__ || DEFINED___LB__TARGET_NETBSD__RB__ || DEFINED___LB__TARGET_OPENBSD__RB__;1 && (DEFINED___LB___WIN32__RB__ || DEFINED___LB__TARGET_DARWIN__RB__ || DEFINED___LB__TARGET_NETBSD__RB__ || DEFINED___LB__TARGET_OPENBSD__RB__);if;1013;1014
src/openvpn/tun.c;1;DEFINED___LB___WIN32__RB__ || DEFINED___LB__TARGET_DARWIN__RB__ || DEFINED___LB__TARGET_NETBSD__RB__ || DEFINED___LB__TARGET_OPENBSD__RB__;1 && (DEFINED___LB___WIN32__RB__ || DEFINED___LB__TARGET_DARWIN__RB__ || DEFINED___LB__TARGET_NETBSD__RB__ || DEFINED___LB__TARGET_OPENBSD__RB__);artifact;1015;1049
src/openvpn/tun.c;1;DEFINED___LB___WIN32__RB__ || DEFINED___LB__TARGET_DARWIN__RB__ || DEFINED___LB__TARGET_NETBSD__RB__ || DEFINED___LB__TARGET_OPENBSD__RB__;1 && (DEFINED___LB___WIN32__RB__ || DEFINED___LB__TARGET_DARWIN__RB__ || DEFINED___LB__TARGET_NETBSD__RB__ || DEFINED___LB__TARGET_OPENBSD__RB__);endif;1050;1050
src/openvpn/tun.c;1;1;1;artifact;1051;1051
src/openvpn/tun.c;1;DEFINED___LB__TARGET_FREEBSD__RB__ || DEFINED___LB__TARGET_DRAGONFLY__RB__ || DEFINED___LB__TARGET_NETBSD__RB__ || DEFINED___LB__TARGET_OPENBSD__RB__;1 && (DEFINED___LB__TARGET_FREEBSD__RB__ || DEFINED___LB__TARGET_DRAGONFLY__RB__ || DEFINED___LB__TARGET_NETBSD__RB__ || DEFINED___LB__TARGET_OPENBSD__RB__);if;1052;1053
src/openvpn/tun.c;1;DEFINED___LB__TARGET_FREEBSD__RB__ || DEFINED___LB__TARGET_DRAGONFLY__RB__ || DEFINED___LB__TARGET_NETBSD__RB__ || DEFINED___LB__TARGET_OPENBSD__RB__;1 && (DEFINED___LB__TARGET_FREEBSD__RB__ || DEFINED___LB__TARGET_DRAGONFLY__RB__ || DEFINED___LB__TARGET_NETBSD__RB__ || DEFINED___LB__TARGET_OPENBSD__RB__);artifact;1054;1076
src/openvpn/tun.c;1;DEFINED___LB__TARGET_FREEBSD__RB__ || DEFINED___LB__TARGET_DRAGONFLY__RB__ || DEFINED___LB__TARGET_NETBSD__RB__ || DEFINED___LB__TARGET_OPENBSD__RB__;1 && (DEFINED___LB__TARGET_FREEBSD__RB__ || DEFINED___LB__TARGET_DRAGONFLY__RB__ || DEFINED___LB__TARGET_NETBSD__RB__ || DEFINED___LB__TARGET_OPENBSD__RB__);endif;1077;1077
src/openvpn/tun.c;1;1;1;artifact;1078;1091
src/openvpn/tun.c;1;!DEFINED___LB__TARGET_LINUX__RB__;1 && !DEFINED___LB__TARGET_LINUX__RB__;if;1092;1092
src/openvpn/tun.c;1;!DEFINED___LB__TARGET_LINUX__RB__;1 && !DEFINED___LB__TARGET_LINUX__RB__;artifact;1093;1095
src/openvpn/tun.c;1;!DEFINED___LB__TARGET_LINUX__RB__;1 && !DEFINED___LB__TARGET_LINUX__RB__;endif;1096;1096
src/openvpn/tun.c;1;1;1;artifact;1097;1097
src/openvpn/tun.c;1;DEFINED___LB__TARGET_LINUX__RB__;1 && DEFINED___LB__TARGET_LINUX__RB__;if;1098;1098
src/openvpn/tun.c;1;DEFINED___LB__TARGET_LINUX__RB__;1 && DEFINED___LB__TARGET_LINUX__RB__;artifact;1099;1113
src/openvpn/tun.c;1;DEFINED___LB__TARGET_ANDROID__RB__ && !DEFINED___LB__TARGET_LINUX__RB__;DEFINED___LB__TARGET_ANDROID__RB__ && !DEFINED___LB__TARGET_LINUX__RB__ && 1;elif;1114;1114
src/openvpn/tun.c;1;DEFINED___LB__TARGET_ANDROID__RB__ && !DEFINED___LB__TARGET_LINUX__RB__;DEFINED___LB__TARGET_ANDROID__RB__ && !DEFINED___LB__TARGET_LINUX__RB__ && 1;artifact;1115;1119
src/openvpn/tun.c;1;DEFINED___LB__TARGET_SOLARIS__RB__ && !DEFINED___LB__TARGET_ANDROID__RB__ && !DEFINED___LB__TARGET_LINUX__RB__;DEFINED___LB__TARGET_SOLARIS__RB__ && !DEFINED___LB__TARGET_ANDROID__RB__ && !DEFINED___LB__TARGET_LINUX__RB__ && 1;elif;1120;1120
src/openvpn/tun.c;1;DEFINED___LB__TARGET_SOLARIS__RB__ && !DEFINED___LB__TARGET_ANDROID__RB__ && !DEFINED___LB__TARGET_LINUX__RB__;DEFINED___LB__TARGET_SOLARIS__RB__ && !DEFINED___LB__TARGET_ANDROID__RB__ && !DEFINED___LB__TARGET_LINUX__RB__ && 1;artifact;1121;1170
src/openvpn/tun.c;1;(DEFINED___LB__TARGET_OPENBSD__RB__ || DEFINED___LB__TARGET_NETBSD__RB__ || DEFINED___LB__TARGET_DARWIN__RB__ || DEFINED___LB__TARGET_FREEBSD__RB__ || DEFINED___LB__TARGET_DRAGONFLY__RB__) && !DEFINED___LB__TARGET_SOLARIS__RB__ && !DEFINED___LB__TARGET_ANDROID__RB__ && !DEFINED___LB__TARGET_LINUX__RB__;(DEFINED___LB__TARGET_OPENBSD__RB__ || DEFINED___LB__TARGET_NETBSD__RB__ || DEFINED___LB__TARGET_DARWIN__RB__ || DEFINED___LB__TARGET_FREEBSD__RB__ || DEFINED___LB__TARGET_DRAGONFLY__RB__) && !DEFINED___LB__TARGET_SOLARIS__RB__ && !DEFINED___LB__TARGET_ANDROID__RB__ && !DEFINED___LB__TARGET_LINUX__RB__ && 1;elif;1171;1173
src/openvpn/tun.c;1;(DEFINED___LB__TARGET_OPENBSD__RB__ || DEFINED___LB__TARGET_NETBSD__RB__ || DEFINED___LB__TARGET_DARWIN__RB__ || DEFINED___LB__TARGET_FREEBSD__RB__ || DEFINED___LB__TARGET_DRAGONFLY__RB__) && !DEFINED___LB__TARGET_SOLARIS__RB__ && !DEFINED___LB__TARGET_ANDROID__RB__ && !DEFINED___LB__TARGET_LINUX__RB__;(DEFINED___LB__TARGET_OPENBSD__RB__ || DEFINED___LB__TARGET_NETBSD__RB__ || DEFINED___LB__TARGET_DARWIN__RB__ || DEFINED___LB__TARGET_FREEBSD__RB__ || DEFINED___LB__TARGET_DRAGONFLY__RB__) && !DEFINED___LB__TARGET_SOLARIS__RB__ && !DEFINED___LB__TARGET_ANDROID__RB__ && !DEFINED___LB__TARGET_LINUX__RB__ && 1;artifact;1174;1180
src/openvpn/tun.c;1;DEFINED___LB__TARGET_FREEBSD__RB__ && __FreeBSD_version__GEQ__1200000 && __FreeBSD_version__LT__1300000;!DEFINED___LB__TARGET_SOLARIS__RB__ && !DEFINED___LB__TARGET_ANDROID__RB__ && !DEFINED___LB__TARGET_LINUX__RB__ && 1 && DEFINED___LB__TARGET_FREEBSD__RB__ && __FreeBSD_version__GEQ__1200000 && __FreeBSD_version__LT__1300000;if;1181;1182
src/openvpn/tun.c;1;DEFINED___LB__TARGET_FREEBSD__RB__ && __FreeBSD_version__GEQ__1200000 && __FreeBSD_version__LT__1300000;!DEFINED___LB__TARGET_SOLARIS__RB__ && !DEFINED___LB__TARGET_ANDROID__RB__ && !DEFINED___LB__TARGET_LINUX__RB__ && 1 && DEFINED___LB__TARGET_FREEBSD__RB__ && __FreeBSD_version__GEQ__1200000 && __FreeBSD_version__LT__1300000;artifact;1183;1202
src/openvpn/tun.c;1;DEFINED___LB__TARGET_FREEBSD__RB__ && __FreeBSD_version__GEQ__1200000 && __FreeBSD_version__LT__1300000;!DEFINED___LB__TARGET_SOLARIS__RB__ && !DEFINED___LB__TARGET_ANDROID__RB__ && !DEFINED___LB__TARGET_LINUX__RB__ && 1 && DEFINED___LB__TARGET_FREEBSD__RB__ && __FreeBSD_version__GEQ__1200000 && __FreeBSD_version__LT__1300000;endif;1203;1203
src/openvpn/tun.c;1;(DEFINED___LB__TARGET_OPENBSD__RB__ || DEFINED___LB__TARGET_NETBSD__RB__ || DEFINED___LB__TARGET_DARWIN__RB__ || DEFINED___LB__TARGET_FREEBSD__RB__ || DEFINED___LB__TARGET_DRAGONFLY__RB__) && !DEFINED___LB__TARGET_SOLARIS__RB__ && !DEFINED___LB__TARGET_ANDROID__RB__ && !DEFINED___LB__TARGET_LINUX__RB__;(DEFINED___LB__TARGET_OPENBSD__RB__ || DEFINED___LB__TARGET_NETBSD__RB__ || DEFINED___LB__TARGET_DARWIN__RB__ || DEFINED___LB__TARGET_FREEBSD__RB__ || DEFINED___LB__TARGET_DRAGONFLY__RB__) && !DEFINED___LB__TARGET_SOLARIS__RB__ && !DEFINED___LB__TARGET_ANDROID__RB__ && !DEFINED___LB__TARGET_LINUX__RB__ && 1;artifact;1204;1204
src/openvpn/tun.c;1;DEFINED___LB__TARGET_OPENBSD__RB__ || DEFINED___LB__TARGET_NETBSD__RB__ || DEFINED___LB__TARGET_DARWIN__RB__;!DEFINED___LB__TARGET_SOLARIS__RB__ && !DEFINED___LB__TARGET_ANDROID__RB__ && !DEFINED___LB__TARGET_LINUX__RB__ && 1 && (DEFINED___LB__TARGET_OPENBSD__RB__ || DEFINED___LB__TARGET_NETBSD__RB__ || DEFINED___LB__TARGET_DARWIN__RB__);if;1205;1206
src/openvpn/tun.c;1;DEFINED___LB__TARGET_OPENBSD__RB__ || DEFINED___LB__TARGET_NETBSD__RB__ || DEFINED___LB__TARGET_DARWIN__RB__;!DEFINED___LB__TARGET_SOLARIS__RB__ && !DEFINED___LB__TARGET_ANDROID__RB__ && !DEFINED___LB__TARGET_LINUX__RB__ && 1 && (DEFINED___LB__TARGET_OPENBSD__RB__ || DEFINED___LB__TARGET_NETBSD__RB__ || DEFINED___LB__TARGET_DARWIN__RB__);artifact;1207;1208
src/openvpn/tun.c;1;DEFINED___LB__TARGET_OPENBSD__RB__ || DEFINED___LB__TARGET_NETBSD__RB__ || DEFINED___LB__TARGET_DARWIN__RB__;!DEFINED___LB__TARGET_SOLARIS__RB__ && !DEFINED___LB__TARGET_ANDROID__RB__ && !DEFINED___LB__TARGET_LINUX__RB__ && 1 && (DEFINED___LB__TARGET_OPENBSD__RB__ || DEFINED___LB__TARGET_NETBSD__RB__ || DEFINED___LB__TARGET_DARWIN__RB__);endif;1209;1209
src/openvpn/tun.c;1;DEFINED___LB__TARGET_AIX__RB__ && !DEFINED___LB__TARGET_OPENBSD__RB__ && !DEFINED___LB__TARGET_NETBSD__RB__ && !DEFINED___LB__TARGET_DARWIN__RB__ && !DEFINED___LB__TARGET_FREEBSD__RB__ && !DEFINED___LB__TARGET_DRAGONFLY__RB__ && !DEFINED___LB__TARGET_SOLARIS__RB__ && !DEFINED___LB__TARGET_ANDROID__RB__ && !DEFINED___LB__TARGET_LINUX__RB__;DEFINED___LB__TARGET_AIX__RB__ && !DEFINED___LB__TARGET_OPENBSD__RB__ && !DEFINED___LB__TARGET_NETBSD__RB__ && !DEFINED___LB__TARGET_DARWIN__RB__ && !DEFINED___LB__TARGET_FREEBSD__RB__ && !DEFINED___LB__TARGET_DRAGONFLY__RB__ && !DEFINED___LB__TARGET_SOLARIS__RB__ && !DEFINED___LB__TARGET_ANDROID__RB__ && !DEFINED___LB__TARGET_LINUX__RB__ && 1;elif;1210;1210
src/openvpn/tun.c;1;DEFINED___LB__TARGET_AIX__RB__ && !DEFINED___LB__TARGET_OPENBSD__RB__ && !DEFINED___LB__TARGET_NETBSD__RB__ && !DEFINED___LB__TARGET_DARWIN__RB__ && !DEFINED___LB__TARGET_FREEBSD__RB__ && !DEFINED___LB__TARGET_DRAGONFLY__RB__ && !DEFINED___LB__TARGET_SOLARIS__RB__ && !DEFINED___LB__TARGET_ANDROID__RB__ && !DEFINED___LB__TARGET_LINUX__RB__;DEFINED___LB__TARGET_AIX__RB__ && !DEFINED___LB__TARGET_OPENBSD__RB__ && !DEFINED___LB__TARGET_NETBSD__RB__ && !DEFINED___LB__TARGET_DARWIN__RB__ && !DEFINED___LB__TARGET_FREEBSD__RB__ && !DEFINED___LB__TARGET_DRAGONFLY__RB__ && !DEFINED___LB__TARGET_SOLARIS__RB__ && !DEFINED___LB__TARGET_ANDROID__RB__ && !DEFINED___LB__TARGET_LINUX__RB__ && 1;artifact;1211;1222
src/openvpn/tun.c;1;DEFINED___LB___WIN32__RB__ && !DEFINED___LB__TARGET_AIX__RB__ && !DEFINED___LB__TARGET_OPENBSD__RB__ && !DEFINED___LB__TARGET_NETBSD__RB__ && !DEFINED___LB__TARGET_DARWIN__RB__ && !DEFINED___LB__TARGET_FREEBSD__RB__ && !DEFINED___LB__TARGET_DRAGONFLY__RB__ && !DEFINED___LB__TARGET_SOLARIS__RB__ && !DEFINED___LB__TARGET_ANDROID__RB__ && !DEFINED___LB__TARGET_LINUX__RB__;DEFINED___LB___WIN32__RB__ && !DEFINED___LB__TARGET_AIX__RB__ && !DEFINED___LB__TARGET_OPENBSD__RB__ && !DEFINED___LB__TARGET_NETBSD__RB__ && !DEFINED___LB__TARGET_DARWIN__RB__ && !DEFINED___LB__TARGET_FREEBSD__RB__ && !DEFINED___LB__TARGET_DRAGONFLY__RB__ && !DEFINED___LB__TARGET_SOLARIS__RB__ && !DEFINED___LB__TARGET_ANDROID__RB__ && !DEFINED___LB__TARGET_LINUX__RB__ && 1;elif;1223;1223
src/openvpn/tun.c;1;DEFINED___LB___WIN32__RB__ && !DEFINED___LB__TARGET_AIX__RB__ && !DEFINED___LB__TARGET_OPENBSD__RB__ && !DEFINED___LB__TARGET_NETBSD__RB__ && !DEFINED___LB__TARGET_DARWIN__RB__ && !DEFINED___LB__TARGET_FREEBSD__RB__ && !DEFINED___LB__TARGET_DRAGONFLY__RB__ && !DEFINED___LB__TARGET_SOLARIS__RB__ && !DEFINED___LB__TARGET_ANDROID__RB__ && !DEFINED___LB__TARGET_LINUX__RB__;DEFINED___LB___WIN32__RB__ && !DEFINED___LB__TARGET_AIX__RB__ && !DEFINED___LB__TARGET_OPENBSD__RB__ && !DEFINED___LB__TARGET_NETBSD__RB__ && !DEFINED___LB__TARGET_DARWIN__RB__ && !DEFINED___LB__TARGET_FREEBSD__RB__ && !DEFINED___LB__TARGET_DRAGONFLY__RB__ && !DEFINED___LB__TARGET_SOLARIS__RB__ && !DEFINED___LB__TARGET_ANDROID__RB__ && !DEFINED___LB__TARGET_LINUX__RB__ && 1;artifact;1224;1272
src/openvpn/tun.c;1;!DEFINED___LB___WIN32__RB__ && !DEFINED___LB__TARGET_AIX__RB__ && !DEFINED___LB__TARGET_OPENBSD__RB__ && !DEFINED___LB__TARGET_NETBSD__RB__ && !DEFINED___LB__TARGET_DARWIN__RB__ && !DEFINED___LB__TARGET_FREEBSD__RB__ && !DEFINED___LB__TARGET_DRAGONFLY__RB__ && !DEFINED___LB__TARGET_SOLARIS__RB__ && !DEFINED___LB__TARGET_ANDROID__RB__ && !DEFINED___LB__TARGET_LINUX__RB__;!DEFINED___LB___WIN32__RB__ && !DEFINED___LB__TARGET_AIX__RB__ && !DEFINED___LB__TARGET_OPENBSD__RB__ && !DEFINED___LB__TARGET_NETBSD__RB__ && !DEFINED___LB__TARGET_DARWIN__RB__ && !DEFINED___LB__TARGET_FREEBSD__RB__ && !DEFINED___LB__TARGET_DRAGONFLY__RB__ && !DEFINED___LB__TARGET_SOLARIS__RB__ && !DEFINED___LB__TARGET_ANDROID__RB__ && !DEFINED___LB__TARGET_LINUX__RB__ && 1;else;1273;1273
src/openvpn/tun.c;1;!DEFINED___LB___WIN32__RB__ && !DEFINED___LB__TARGET_AIX__RB__ && !DEFINED___LB__TARGET_OPENBSD__RB__ && !DEFINED___LB__TARGET_NETBSD__RB__ && !DEFINED___LB__TARGET_DARWIN__RB__ && !DEFINED___LB__TARGET_FREEBSD__RB__ && !DEFINED___LB__TARGET_DRAGONFLY__RB__ && !DEFINED___LB__TARGET_SOLARIS__RB__ && !DEFINED___LB__TARGET_ANDROID__RB__ && !DEFINED___LB__TARGET_LINUX__RB__;!DEFINED___LB___WIN32__RB__ && !DEFINED___LB__TARGET_AIX__RB__ && !DEFINED___LB__TARGET_OPENBSD__RB__ && !DEFINED___LB__TARGET_NETBSD__RB__ && !DEFINED___LB__TARGET_DARWIN__RB__ && !DEFINED___LB__TARGET_FREEBSD__RB__ && !DEFINED___LB__TARGET_DRAGONFLY__RB__ && !DEFINED___LB__TARGET_SOLARIS__RB__ && !DEFINED___LB__TARGET_ANDROID__RB__ && !DEFINED___LB__TARGET_LINUX__RB__ && 1;artifact;1274;1274
src/openvpn/tun.c;1;!DEFINED___LB___WIN32__RB__ && !DEFINED___LB__TARGET_AIX__RB__ && !DEFINED___LB__TARGET_OPENBSD__RB__ && !DEFINED___LB__TARGET_NETBSD__RB__ && !DEFINED___LB__TARGET_DARWIN__RB__ && !DEFINED___LB__TARGET_FREEBSD__RB__ && !DEFINED___LB__TARGET_DRAGONFLY__RB__ && !DEFINED___LB__TARGET_SOLARIS__RB__ && !DEFINED___LB__TARGET_ANDROID__RB__ && !DEFINED___LB__TARGET_LINUX__RB__;!DEFINED___LB___WIN32__RB__ && !DEFINED___LB__TARGET_AIX__RB__ && !DEFINED___LB__TARGET_OPENBSD__RB__ && !DEFINED___LB__TARGET_NETBSD__RB__ && !DEFINED___LB__TARGET_DARWIN__RB__ && !DEFINED___LB__TARGET_FREEBSD__RB__ && !DEFINED___LB__TARGET_DRAGONFLY__RB__ && !DEFINED___LB__TARGET_SOLARIS__RB__ && !DEFINED___LB__TARGET_ANDROID__RB__ && !DEFINED___LB__TARGET_LINUX__RB__ && 1;endif;1275;1275
src/openvpn/tun.c;1;1;1;artifact;1276;1276
src/openvpn/tun.c;1;!DEFINED___LB__TARGET_LINUX__RB__;1 && !DEFINED___LB__TARGET_LINUX__RB__;if;1277;1277
src/openvpn/tun.c;1;!DEFINED___LB__TARGET_LINUX__RB__;1 && !DEFINED___LB__TARGET_LINUX__RB__;artifact;1278;1279
src/openvpn/tun.c;1;!DEFINED___LB__TARGET_LINUX__RB__;1 && !DEFINED___LB__TARGET_LINUX__RB__;endif;1280;1280
src/openvpn/tun.c;1;1;1;artifact;1281;1295
src/openvpn/tun.c;1;!DEFINED___LB___WIN32__RB__ && !DEFINED___LB__TARGET_ANDROID__RB__;1 && !DEFINED___LB___WIN32__RB__ && !DEFINED___LB__TARGET_ANDROID__RB__;if;1296;1296
src/openvpn/tun.c;1;!DEFINED___LB___WIN32__RB__ && !DEFINED___LB__TARGET_ANDROID__RB__;1 && !DEFINED___LB___WIN32__RB__ && !DEFINED___LB__TARGET_ANDROID__RB__;artifact;1297;1300
src/openvpn/tun.c;1;!DEFINED___LB___WIN32__RB__ && !DEFINED___LB__TARGET_ANDROID__RB__;1 && !DEFINED___LB___WIN32__RB__ && !DEFINED___LB__TARGET_ANDROID__RB__;endif;1301;1301
src/openvpn/tun.c;1;1;1;artifact;1302;1302
src/openvpn/tun.c;1;!DEFINED___LB__TARGET_LINUX__RB__;1 && !DEFINED___LB__TARGET_LINUX__RB__;if;1303;1303
src/openvpn/tun.c;1;!DEFINED___LB__TARGET_LINUX__RB__;1 && !DEFINED___LB__TARGET_LINUX__RB__;artifact;1304;1313
src/openvpn/tun.c;1;!DEFINED___LB__TARGET_LINUX__RB__;1 && !DEFINED___LB__TARGET_LINUX__RB__;endif;1314;1314
src/openvpn/tun.c;1;1;1;artifact;1315;1315
src/openvpn/tun.c;1;DEFINED___LB__TARGET_LINUX__RB__;1 && DEFINED___LB__TARGET_LINUX__RB__;if;1316;1316
src/openvpn/tun.c;1;DEFINED___LB__TARGET_LINUX__RB__;1 && DEFINED___LB__TARGET_LINUX__RB__;artifact;1317;1342
src/openvpn/tun.c;1;DEFINED___LB__TARGET_ANDROID__RB__ && !DEFINED___LB__TARGET_LINUX__RB__;DEFINED___LB__TARGET_ANDROID__RB__ && !DEFINED___LB__TARGET_LINUX__RB__ && 1;elif;1343;1343
src/openvpn/tun.c;1;DEFINED___LB__TARGET_ANDROID__RB__ && !DEFINED___LB__TARGET_LINUX__RB__;DEFINED___LB__TARGET_ANDROID__RB__ && !DEFINED___LB__TARGET_LINUX__RB__ && 1;artifact;1344;1368
src/openvpn/tun.c;1;DEFINED___LB__TARGET_SOLARIS__RB__ && !DEFINED___LB__TARGET_ANDROID__RB__ && !DEFINED___LB__TARGET_LINUX__RB__;DEFINED___LB__TARGET_SOLARIS__RB__ && !DEFINED___LB__TARGET_ANDROID__RB__ && !DEFINED___LB__TARGET_LINUX__RB__ && 1;elif;1369;1369
src/openvpn/tun.c;1;DEFINED___LB__TARGET_SOLARIS__RB__ && !DEFINED___LB__TARGET_ANDROID__RB__ && !DEFINED___LB__TARGET_LINUX__RB__;DEFINED___LB__TARGET_SOLARIS__RB__ && !DEFINED___LB__TARGET_ANDROID__RB__ && !DEFINED___LB__TARGET_LINUX__RB__ && 1;artifact;1370;1420
src/openvpn/tun.c;1;DEFINED___LB__TARGET_OPENBSD__RB__ && !DEFINED___LB__TARGET_SOLARIS__RB__ && !DEFINED___LB__TARGET_ANDROID__RB__ && !DEFINED___LB__TARGET_LINUX__RB__;DEFINED___LB__TARGET_OPENBSD__RB__ && !DEFINED___LB__TARGET_SOLARIS__RB__ && !DEFINED___LB__TARGET_ANDROID__RB__ && !DEFINED___LB__TARGET_LINUX__RB__ && 1;elif;1421;1421
src/openvpn/tun.c;1;DEFINED___LB__TARGET_OPENBSD__RB__ && !DEFINED___LB__TARGET_SOLARIS__RB__ && !DEFINED___LB__TARGET_ANDROID__RB__ && !DEFINED___LB__TARGET_LINUX__RB__;DEFINED___LB__TARGET_OPENBSD__RB__ && !DEFINED___LB__TARGET_SOLARIS__RB__ && !DEFINED___LB__TARGET_ANDROID__RB__ && !DEFINED___LB__TARGET_LINUX__RB__ && 1;artifact;1422;1467
src/openvpn/tun.c;1;DEFINED___LB__TARGET_NETBSD__RB__ && !DEFINED___LB__TARGET_OPENBSD__RB__ && !DEFINED___LB__TARGET_SOLARIS__RB__ && !DEFINED___LB__TARGET_ANDROID__RB__ && !DEFINED___LB__TARGET_LINUX__RB__;DEFINED___LB__TARGET_NETBSD__RB__ && !DEFINED___LB__TARGET_OPENBSD__RB__ && !DEFINED___LB__TARGET_SOLARIS__RB__ && !DEFINED___LB__TARGET_ANDROID__RB__ && !DEFINED___LB__TARGET_LINUX__RB__ && 1;elif;1468;1468
src/openvpn/tun.c;1;DEFINED___LB__TARGET_NETBSD__RB__ && !DEFINED___LB__TARGET_OPENBSD__RB__ && !DEFINED___LB__TARGET_SOLARIS__RB__ && !DEFINED___LB__TARGET_ANDROID__RB__ && !DEFINED___LB__TARGET_LINUX__RB__;DEFINED___LB__TARGET_NETBSD__RB__ && !DEFINED___LB__TARGET_OPENBSD__RB__ && !DEFINED___LB__TARGET_SOLARIS__RB__ && !DEFINED___LB__TARGET_ANDROID__RB__ && !DEFINED___LB__TARGET_LINUX__RB__ && 1;artifact;1469;1509
src/openvpn/tun.c;1;DEFINED___LB__TARGET_DARWIN__RB__ && !DEFINED___LB__TARGET_NETBSD__RB__ && !DEFINED___LB__TARGET_OPENBSD__RB__ && !DEFINED___LB__TARGET_SOLARIS__RB__ && !DEFINED___LB__TARGET_ANDROID__RB__ && !DEFINED___LB__TARGET_LINUX__RB__;DEFINED___LB__TARGET_DARWIN__RB__ && !DEFINED___LB__TARGET_NETBSD__RB__ && !DEFINED___LB__TARGET_OPENBSD__RB__ && !DEFINED___LB__TARGET_SOLARIS__RB__ && !DEFINED___LB__TARGET_ANDROID__RB__ && !DEFINED___LB__TARGET_LINUX__RB__ && 1;elif;1510;1510
src/openvpn/tun.c;1;DEFINED___LB__TARGET_DARWIN__RB__ && !DEFINED___LB__TARGET_NETBSD__RB__ && !DEFINED___LB__TARGET_OPENBSD__RB__ && !DEFINED___LB__TARGET_SOLARIS__RB__ && !DEFINED___LB__TARGET_ANDROID__RB__ && !DEFINED___LB__TARGET_LINUX__RB__;DEFINED___LB__TARGET_DARWIN__RB__ && !DEFINED___LB__TARGET_NETBSD__RB__ && !DEFINED___LB__TARGET_OPENBSD__RB__ && !DEFINED___LB__TARGET_SOLARIS__RB__ && !DEFINED___LB__TARGET_ANDROID__RB__ && !DEFINED___LB__TARGET_LINUX__RB__ && 1;artifact;1511;1559
src/openvpn/tun.c;1;(DEFINED___LB__TARGET_FREEBSD__RB__ || DEFINED___LB__TARGET_DRAGONFLY__RB__) && !DEFINED___LB__TARGET_DARWIN__RB__ && !DEFINED___LB__TARGET_NETBSD__RB__ && !DEFINED___LB__TARGET_OPENBSD__RB__ && !DEFINED___LB__TARGET_SOLARIS__RB__ && !DEFINED___LB__TARGET_ANDROID__RB__ && !DEFINED___LB__TARGET_LINUX__RB__;(DEFINED___LB__TARGET_FREEBSD__RB__ || DEFINED___LB__TARGET_DRAGONFLY__RB__) && !DEFINED___LB__TARGET_DARWIN__RB__ && !DEFINED___LB__TARGET_NETBSD__RB__ && !DEFINED___LB__TARGET_OPENBSD__RB__ && !DEFINED___LB__TARGET_SOLARIS__RB__ && !DEFINED___LB__TARGET_ANDROID__RB__ && !DEFINED___LB__TARGET_LINUX__RB__ && 1;elif;1560;1560
src/openvpn/tun.c;1;(DEFINED___LB__TARGET_FREEBSD__RB__ || DEFINED___LB__TARGET_DRAGONFLY__RB__) && !DEFINED___LB__TARGET_DARWIN__RB__ && !DEFINED___LB__TARGET_NETBSD__RB__ && !DEFINED___LB__TARGET_OPENBSD__RB__ && !DEFINED___LB__TARGET_SOLARIS__RB__ && !DEFINED___LB__TARGET_ANDROID__RB__ && !DEFINED___LB__TARGET_LINUX__RB__;(DEFINED___LB__TARGET_FREEBSD__RB__ || DEFINED___LB__TARGET_DRAGONFLY__RB__) && !DEFINED___LB__TARGET_DARWIN__RB__ && !DEFINED___LB__TARGET_NETBSD__RB__ && !DEFINED___LB__TARGET_OPENBSD__RB__ && !DEFINED___LB__TARGET_SOLARIS__RB__ && !DEFINED___LB__TARGET_ANDROID__RB__ && !DEFINED___LB__TARGET_LINUX__RB__ && 1;artifact;1561;1578
src/openvpn/tun.c;1;DEFINED___LB__TARGET_AIX__RB__ && !DEFINED___LB__TARGET_FREEBSD__RB__ && !DEFINED___LB__TARGET_DRAGONFLY__RB__ && !DEFINED___LB__TARGET_DARWIN__RB__ && !DEFINED___LB__TARGET_NETBSD__RB__ && !DEFINED___LB__TARGET_OPENBSD__RB__ && !DEFINED___LB__TARGET_SOLARIS__RB__ && !DEFINED___LB__TARGET_ANDROID__RB__ && !DEFINED___LB__TARGET_LINUX__RB__;DEFINED___LB__TARGET_AIX__RB__ && !DEFINED___LB__TARGET_FREEBSD__RB__ && !DEFINED___LB__TARGET_DRAGONFLY__RB__ && !DEFINED___LB__TARGET_DARWIN__RB__ && !DEFINED___LB__TARGET_NETBSD__RB__ && !DEFINED___LB__TARGET_OPENBSD__RB__ && !DEFINED___LB__TARGET_SOLARIS__RB__ && !DEFINED___LB__TARGET_ANDROID__RB__ && !DEFINED___LB__TARGET_LINUX__RB__ && 1;elif;1579;1579
src/openvpn/tun.c;1;DEFINED___LB__TARGET_AIX__RB__ && !DEFINED___LB__TARGET_FREEBSD__RB__ && !DEFINED___LB__TARGET_DRAGONFLY__RB__ && !DEFINED___LB__TARGET_DARWIN__RB__ && !DEFINED___LB__TARGET_NETBSD__RB__ && !DEFINED___LB__TARGET_OPENBSD__RB__ && !DEFINED___LB__TARGET_SOLARIS__RB__ && !DEFINED___LB__TARGET_ANDROID__RB__ && !DEFINED___LB__TARGET_LINUX__RB__;DEFINED___LB__TARGET_AIX__RB__ && !DEFINED___LB__TARGET_FREEBSD__RB__ && !DEFINED___LB__TARGET_DRAGONFLY__RB__ && !DEFINED___LB__TARGET_DARWIN__RB__ && !DEFINED___LB__TARGET_NETBSD__RB__ && !DEFINED___LB__TARGET_OPENBSD__RB__ && !DEFINED___LB__TARGET_SOLARIS__RB__ && !DEFINED___LB__TARGET_ANDROID__RB__ && !DEFINED___LB__TARGET_LINUX__RB__ && 1;artifact;1580;1598
src/openvpn/tun.c;1;DEFINED___LB___WIN32__RB__ && !DEFINED___LB__TARGET_AIX__RB__ && !DEFINED___LB__TARGET_FREEBSD__RB__ && !DEFINED___LB__TARGET_DRAGONFLY__RB__ && !DEFINED___LB__TARGET_DARWIN__RB__ && !DEFINED___LB__TARGET_NETBSD__RB__ && !DEFINED___LB__TARGET_OPENBSD__RB__ && !DEFINED___LB__TARGET_SOLARIS__RB__ && !DEFINED___LB__TARGET_ANDROID__RB__ && !DEFINED___LB__TARGET_LINUX__RB__;DEFINED___LB___WIN32__RB__ && !DEFINED___LB__TARGET_AIX__RB__ && !DEFINED___LB__TARGET_FREEBSD__RB__ && !DEFINED___LB__TARGET_DRAGONFLY__RB__ && !DEFINED___LB__TARGET_DARWIN__RB__ && !DEFINED___LB__TARGET_NETBSD__RB__ && !DEFINED___LB__TARGET_OPENBSD__RB__ && !DEFINED___LB__TARGET_SOLARIS__RB__ && !DEFINED___LB__TARGET_ANDROID__RB__ && !DEFINED___LB__TARGET_LINUX__RB__ && 1;elif;1599;1599
src/openvpn/tun.c;1;DEFINED___LB___WIN32__RB__ && !DEFINED___LB__TARGET_AIX__RB__ && !DEFINED___LB__TARGET_FREEBSD__RB__ && !DEFINED___LB__TARGET_DRAGONFLY__RB__ && !DEFINED___LB__TARGET_DARWIN__RB__ && !DEFINED___LB__TARGET_NETBSD__RB__ && !DEFINED___LB__TARGET_OPENBSD__RB__ && !DEFINED___LB__TARGET_SOLARIS__RB__ && !DEFINED___LB__TARGET_ANDROID__RB__ && !DEFINED___LB__TARGET_LINUX__RB__;DEFINED___LB___WIN32__RB__ && !DEFINED___LB__TARGET_AIX__RB__ && !DEFINED___LB__TARGET_FREEBSD__RB__ && !DEFINED___LB__TARGET_DRAGONFLY__RB__ && !DEFINED___LB__TARGET_DARWIN__RB__ && !DEFINED___LB__TARGET_NETBSD__RB__ && !DEFINED___LB__TARGET_OPENBSD__RB__ && !DEFINED___LB__TARGET_SOLARIS__RB__ && !DEFINED___LB__TARGET_ANDROID__RB__ && !DEFINED___LB__TARGET_LINUX__RB__ && 1;artifact;1600;1637
src/openvpn/tun.c;1;!DEFINED___LB___WIN32__RB__ && !DEFINED___LB__TARGET_AIX__RB__ && !DEFINED___LB__TARGET_FREEBSD__RB__ && !DEFINED___LB__TARGET_DRAGONFLY__RB__ && !DEFINED___LB__TARGET_DARWIN__RB__ && !DEFINED___LB__TARGET_NETBSD__RB__ && !DEFINED___LB__TARGET_OPENBSD__RB__ && !DEFINED___LB__TARGET_SOLARIS__RB__ && !DEFINED___LB__TARGET_ANDROID__RB__ && !DEFINED___LB__TARGET_LINUX__RB__;!DEFINED___LB___WIN32__RB__ && !DEFINED___LB__TARGET_AIX__RB__ && !DEFINED___LB__TARGET_FREEBSD__RB__ && !DEFINED___LB__TARGET_DRAGONFLY__RB__ && !DEFINED___LB__TARGET_DARWIN__RB__ && !DEFINED___LB__TARGET_NETBSD__RB__ && !DEFINED___LB__TARGET_OPENBSD__RB__ && !DEFINED___LB__TARGET_SOLARIS__RB__ && !DEFINED___LB__TARGET_ANDROID__RB__ && !DEFINED___LB__TARGET_LINUX__RB__ && 1;else;1638;1638
src/openvpn/tun.c;1;!DEFINED___LB___WIN32__RB__ && !DEFINED___LB__TARGET_AIX__RB__ && !DEFINED___LB__TARGET_FREEBSD__RB__ && !DEFINED___LB__TARGET_DRAGONFLY__RB__ && !DEFINED___LB__TARGET_DARWIN__RB__ && !DEFINED___LB__TARGET_NETBSD__RB__ && !DEFINED___LB__TARGET_OPENBSD__RB__ && !DEFINED___LB__TARGET_SOLARIS__RB__ && !DEFINED___LB__TARGET_ANDROID__RB__ && !DEFINED___LB__TARGET_LINUX__RB__;!DEFINED___LB___WIN32__RB__ && !DEFINED___LB__TARGET_AIX__RB__ && !DEFINED___LB__TARGET_FREEBSD__RB__ && !DEFINED___LB__TARGET_DRAGONFLY__RB__ && !DEFINED___LB__TARGET_DARWIN__RB__ && !DEFINED___LB__TARGET_NETBSD__RB__ && !DEFINED___LB__TARGET_OPENBSD__RB__ && !DEFINED___LB__TARGET_SOLARIS__RB__ && !DEFINED___LB__TARGET_ANDROID__RB__ && !DEFINED___LB__TARGET_LINUX__RB__ && 1;artifact;1639;1639
src/openvpn/tun.c;1;!DEFINED___LB___WIN32__RB__ && !DEFINED___LB__TARGET_AIX__RB__ && !DEFINED___LB__TARGET_FREEBSD__RB__ && !DEFINED___LB__TARGET_DRAGONFLY__RB__ && !DEFINED___LB__TARGET_DARWIN__RB__ && !DEFINED___LB__TARGET_NETBSD__RB__ && !DEFINED___LB__TARGET_OPENBSD__RB__ && !DEFINED___LB__TARGET_SOLARIS__RB__ && !DEFINED___LB__TARGET_ANDROID__RB__ && !DEFINED___LB__TARGET_LINUX__RB__;!DEFINED___LB___WIN32__RB__ && !DEFINED___LB__TARGET_AIX__RB__ && !DEFINED___LB__TARGET_FREEBSD__RB__ && !DEFINED___LB__TARGET_DRAGONFLY__RB__ && !DEFINED___LB__TARGET_DARWIN__RB__ && !DEFINED___LB__TARGET_NETBSD__RB__ && !DEFINED___LB__TARGET_OPENBSD__RB__ && !DEFINED___LB__TARGET_SOLARIS__RB__ && !DEFINED___LB__TARGET_ANDROID__RB__ && !DEFINED___LB__TARGET_LINUX__RB__ && 1;endif;1640;1640
src/openvpn/tun.c;1;1;1;artifact;1641;1641
src/openvpn/tun.c;1;!DEFINED___LB__TARGET_LINUX__RB__;1 && !DEFINED___LB__TARGET_LINUX__RB__;if;1642;1642
src/openvpn/tun.c;1;!DEFINED___LB__TARGET_LINUX__RB__;1 && !DEFINED___LB__TARGET_LINUX__RB__;artifact;1643;1644
src/openvpn/tun.c;1;!DEFINED___LB__TARGET_LINUX__RB__;1 && !DEFINED___LB__TARGET_LINUX__RB__;endif;1645;1645
src/openvpn/tun.c;1;1;1;artifact;1646;1655
src/openvpn/tun.c;1;ENABLE_MANAGEMENT;1 && ENABLE_MANAGEMENT;if;1656;1656
src/openvpn/tun.c;1;ENABLE_MANAGEMENT;1 && ENABLE_MANAGEMENT;artifact;1657;1666
src/openvpn/tun.c;1;ENABLE_MANAGEMENT;1 && ENABLE_MANAGEMENT;endif;1667;1667
src/openvpn/tun.c;1;1;1;artifact;1668;1685
src/openvpn/tun.c;1;DEFINED___LB__TARGET_LINUX__RB__;1 && DEFINED___LB__TARGET_LINUX__RB__;if;1686;1686
src/openvpn/tun.c;1;DEFINED___LB__TARGET_LINUX__RB__;1 && DEFINED___LB__TARGET_LINUX__RB__;artifact;1687;1705
src/openvpn/tun.c;1;DEFINED___LB__TARGET_FREEBSD__RB__ && !DEFINED___LB__TARGET_LINUX__RB__;DEFINED___LB__TARGET_FREEBSD__RB__ && !DEFINED___LB__TARGET_LINUX__RB__ && 1;elif;1706;1706
src/openvpn/tun.c;1;DEFINED___LB__TARGET_FREEBSD__RB__ && !DEFINED___LB__TARGET_LINUX__RB__;DEFINED___LB__TARGET_FREEBSD__RB__ && !DEFINED___LB__TARGET_LINUX__RB__ && 1;artifact;1707;1717
src/openvpn/tun.c;1;DEFINED___LB__TARGET_FREEBSD__RB__ && !DEFINED___LB__TARGET_LINUX__RB__;DEFINED___LB__TARGET_FREEBSD__RB__ && !DEFINED___LB__TARGET_LINUX__RB__ && 1;endif;1718;1718
src/openvpn/tun.c;1;1;1;artifact;1719;1724
src/openvpn/tun.c;1;DEFINED___LB__TARGET_LINUX__RB__;1 && DEFINED___LB__TARGET_LINUX__RB__;if;1725;1725
src/openvpn/tun.c;1;DEFINED___LB__TARGET_LINUX__RB__;1 && DEFINED___LB__TARGET_LINUX__RB__;artifact;1726;1730
src/openvpn/tun.c;1;DEFINED___LB__TARGET_FREEBSD__RB__ && !DEFINED___LB__TARGET_LINUX__RB__;DEFINED___LB__TARGET_FREEBSD__RB__ && !DEFINED___LB__TARGET_LINUX__RB__ && 1;elif;1731;1731
src/openvpn/tun.c;1;DEFINED___LB__TARGET_FREEBSD__RB__ && !DEFINED___LB__TARGET_LINUX__RB__;DEFINED___LB__TARGET_FREEBSD__RB__ && !DEFINED___LB__TARGET_LINUX__RB__ && 1;artifact;1732;1743
src/openvpn/tun.c;1;DEFINED___LB__TARGET_FREEBSD__RB__ && !DEFINED___LB__TARGET_LINUX__RB__;DEFINED___LB__TARGET_FREEBSD__RB__ && !DEFINED___LB__TARGET_LINUX__RB__ && 1;endif;1744;1744
src/openvpn/tun.c;1;1;1;artifact;1745;1771
src/openvpn/tun.c;1;_WIN32;1 && _WIN32;if;1772;1772
src/openvpn/tun.c;1;_WIN32;1 && _WIN32;artifact;1773;1773
src/openvpn/tun.c;1;!_WIN32;!_WIN32 && 1;else;1774;1774
src/openvpn/tun.c;1;!_WIN32;!_WIN32 && 1;artifact;1775;1775
src/openvpn/tun.c;1;!_WIN32;!_WIN32 && 1;endif;1776;1776
src/openvpn/tun.c;1;TARGET_SOLARIS;1 && TARGET_SOLARIS;if;1777;1777
src/openvpn/tun.c;1;TARGET_SOLARIS;1 && TARGET_SOLARIS;artifact;1778;1778
src/openvpn/tun.c;1;TARGET_SOLARIS;1 && TARGET_SOLARIS;endif;1779;1779
src/openvpn/tun.c;1;1;1;artifact;1780;1788
src/openvpn/tun.c;1;(DEFINED___LB__TARGET_OPENBSD__RB__ || DEFINED___LB__TARGET_DARWIN__RB__) && (DEFINED___LB__TARGET_OPENBSD__RB__ || HAVE_NET_IF_UTUN_H);1 && (DEFINED___LB__TARGET_OPENBSD__RB__ || DEFINED___LB__TARGET_DARWIN__RB__) && (DEFINED___LB__TARGET_OPENBSD__RB__ || HAVE_NET_IF_UTUN_H);if;1789;1789
src/openvpn/tun.c;1;(DEFINED___LB__TARGET_OPENBSD__RB__ || DEFINED___LB__TARGET_DARWIN__RB__) && (DEFINED___LB__TARGET_OPENBSD__RB__ || HAVE_NET_IF_UTUN_H);1 && (DEFINED___LB__TARGET_OPENBSD__RB__ || DEFINED___LB__TARGET_DARWIN__RB__) && (DEFINED___LB__TARGET_OPENBSD__RB__ || HAVE_NET_IF_UTUN_H);artifact;1790;1877
src/openvpn/tun.c;1;(DEFINED___LB__TARGET_OPENBSD__RB__ || DEFINED___LB__TARGET_DARWIN__RB__) && (DEFINED___LB__TARGET_OPENBSD__RB__ || HAVE_NET_IF_UTUN_H);1 && (DEFINED___LB__TARGET_OPENBSD__RB__ || DEFINED___LB__TARGET_DARWIN__RB__) && (DEFINED___LB__TARGET_OPENBSD__RB__ || HAVE_NET_IF_UTUN_H);endif;1878;1878
src/openvpn/tun.c;1;1;1;artifact;1879;1885
src/openvpn/tun.c;1;DEFINED___LB__TARGET_LINUX__RB__ || DEFINED___LB__TARGET_FREEBSD__RB__;1 && (DEFINED___LB__TARGET_LINUX__RB__ || DEFINED___LB__TARGET_FREEBSD__RB__);if;1886;1886
src/openvpn/tun.c;1;DEFINED___LB__TARGET_LINUX__RB__ || DEFINED___LB__TARGET_FREEBSD__RB__;1 && (DEFINED___LB__TARGET_LINUX__RB__ || DEFINED___LB__TARGET_FREEBSD__RB__);artifact;1887;1891
src/openvpn/tun.c;1;DEFINED___LB__TARGET_LINUX__RB__ || DEFINED___LB__TARGET_FREEBSD__RB__;1 && (DEFINED___LB__TARGET_LINUX__RB__ || DEFINED___LB__TARGET_FREEBSD__RB__);endif;1892;1892
src/openvpn/tun.c;1;1;1;artifact;1893;1894
src/openvpn/tun.c;1;!DEFINED___LB___WIN32__RB__ && !DEFINED___LB__TARGET_LINUX__RB__ && !DEFINED___LB__TARGET_SOLARIS__RB__;1 && !DEFINED___LB___WIN32__RB__ && !DEFINED___LB__TARGET_LINUX__RB__ && !DEFINED___LB__TARGET_SOLARIS__RB__;if;1895;1895
src/openvpn/tun.c;1;!DEFINED___LB___WIN32__RB__ && !DEFINED___LB__TARGET_LINUX__RB__ && !DEFINED___LB__TARGET_SOLARIS__RB__;1 && !DEFINED___LB___WIN32__RB__ && !DEFINED___LB__TARGET_LINUX__RB__ && !DEFINED___LB__TARGET_SOLARIS__RB__;artifact;1896;1976
src/openvpn/tun.c;1;!DEFINED___LB___WIN32__RB__ && !DEFINED___LB__TARGET_LINUX__RB__ && !DEFINED___LB__TARGET_SOLARIS__RB__;1 && !DEFINED___LB___WIN32__RB__ && !DEFINED___LB__TARGET_LINUX__RB__ && !DEFINED___LB__TARGET_SOLARIS__RB__;endif;1977;1977
src/openvpn/tun.c;1;1;1;artifact;1978;1978
src/openvpn/tun.c;1;DEFINED___LB__TARGET_LINUX__RB__ || DEFINED___LB__TARGET_FREEBSD__RB__;1 && (DEFINED___LB__TARGET_LINUX__RB__ || DEFINED___LB__TARGET_FREEBSD__RB__);if;1979;1979
src/openvpn/tun.c;1;DEFINED___LB__TARGET_LINUX__RB__ || DEFINED___LB__TARGET_FREEBSD__RB__;1 && (DEFINED___LB__TARGET_LINUX__RB__ || DEFINED___LB__TARGET_FREEBSD__RB__);artifact;1980;2053
src/openvpn/tun.c;1;DEFINED___LB__TARGET_LINUX__RB__ || DEFINED___LB__TARGET_FREEBSD__RB__;1 && (DEFINED___LB__TARGET_LINUX__RB__ || DEFINED___LB__TARGET_FREEBSD__RB__);endif;2054;2054
src/openvpn/tun.c;1;1;1;artifact;2055;2055
src/openvpn/tun.c;1;!DEFINED___LB___WIN32__RB__ && !DEFINED___LB__TARGET_SOLARIS__RB__;1 && !DEFINED___LB___WIN32__RB__ && !DEFINED___LB__TARGET_SOLARIS__RB__;if;2056;2056
src/openvpn/tun.c;1;!DEFINED___LB___WIN32__RB__ && !DEFINED___LB__TARGET_SOLARIS__RB__;1 && !DEFINED___LB___WIN32__RB__ && !DEFINED___LB__TARGET_SOLARIS__RB__;artifact;2057;2067
src/openvpn/tun.c;1;!DEFINED___LB___WIN32__RB__ && !DEFINED___LB__TARGET_SOLARIS__RB__;1 && !DEFINED___LB___WIN32__RB__ && !DEFINED___LB__TARGET_SOLARIS__RB__;endif;2068;2068
src/openvpn/tun.c;1;1;1;artifact;2069;2069
src/openvpn/tun.c;1;DEFINED___LB__TARGET_ANDROID__RB__;1 && DEFINED___LB__TARGET_ANDROID__RB__;if;2070;2070
src/openvpn/tun.c;1;DEFINED___LB__TARGET_ANDROID__RB__;1 && DEFINED___LB__TARGET_ANDROID__RB__;artifact;2071;2160
src/openvpn/tun.c;1;DEFINED___LB__TARGET_LINUX__RB__ && !DEFINED___LB__TARGET_ANDROID__RB__;DEFINED___LB__TARGET_LINUX__RB__ && !DEFINED___LB__TARGET_ANDROID__RB__ && 1;elif;2161;2161
src/openvpn/tun.c;1;DEFINED___LB__TARGET_LINUX__RB__ && !DEFINED___LB__TARGET_ANDROID__RB__;DEFINED___LB__TARGET_LINUX__RB__ && !DEFINED___LB__TARGET_ANDROID__RB__ && 1;artifact;2162;2162
src/openvpn/tun.c;1;!HAVE_LINUX_SOCKIOS_H;DEFINED___LB__TARGET_LINUX__RB__ && !DEFINED___LB__TARGET_ANDROID__RB__ && 1 && !HAVE_LINUX_SOCKIOS_H;if;2163;2163
src/openvpn/tun.c;1;!HAVE_LINUX_SOCKIOS_H;DEFINED___LB__TARGET_LINUX__RB__ && !DEFINED___LB__TARGET_ANDROID__RB__ && 1 && !HAVE_LINUX_SOCKIOS_H;artifact;2164;2164
src/openvpn/tun.c;1;!HAVE_LINUX_SOCKIOS_H;DEFINED___LB__TARGET_LINUX__RB__ && !DEFINED___LB__TARGET_ANDROID__RB__ && 1 && !HAVE_LINUX_SOCKIOS_H;endif;2165;2165
src/openvpn/tun.c;1;DEFINED___LB__TARGET_LINUX__RB__ && !DEFINED___LB__TARGET_ANDROID__RB__;DEFINED___LB__TARGET_LINUX__RB__ && !DEFINED___LB__TARGET_ANDROID__RB__ && 1;artifact;2166;2166
src/openvpn/tun.c;1;!PEDANTIC;DEFINED___LB__TARGET_LINUX__RB__ && !DEFINED___LB__TARGET_ANDROID__RB__ && 1 && !PEDANTIC;if;2167;2167
src/openvpn/tun.c;1;!PEDANTIC;DEFINED___LB__TARGET_LINUX__RB__ && !DEFINED___LB__TARGET_ANDROID__RB__ && 1 && !PEDANTIC;artifact;2168;2210
src/openvpn/tun.c;1;DEFINED___LB__IFF_ONE_QUEUE__RB__ && DEFINED___LB__SIOCSIFTXQLEN__RB__;DEFINED___LB__TARGET_LINUX__RB__ && !DEFINED___LB__TARGET_ANDROID__RB__ && 1 && !PEDANTIC && DEFINED___LB__IFF_ONE_QUEUE__RB__ && DEFINED___LB__SIOCSIFTXQLEN__RB__;if;2211;2211
src/openvpn/tun.c;1;DEFINED___LB__IFF_ONE_QUEUE__RB__ && DEFINED___LB__SIOCSIFTXQLEN__RB__;DEFINED___LB__TARGET_LINUX__RB__ && !DEFINED___LB__TARGET_ANDROID__RB__ && 1 && !PEDANTIC && DEFINED___LB__IFF_ONE_QUEUE__RB__ && DEFINED___LB__SIOCSIFTXQLEN__RB__;artifact;2212;2212
src/openvpn/tun.c;1;DEFINED___LB__IFF_ONE_QUEUE__RB__ && DEFINED___LB__SIOCSIFTXQLEN__RB__;DEFINED___LB__TARGET_LINUX__RB__ && !DEFINED___LB__TARGET_ANDROID__RB__ && 1 && !PEDANTIC && DEFINED___LB__IFF_ONE_QUEUE__RB__ && DEFINED___LB__SIOCSIFTXQLEN__RB__;endif;2213;2213
src/openvpn/tun.c;1;!PEDANTIC;DEFINED___LB__TARGET_LINUX__RB__ && !DEFINED___LB__TARGET_ANDROID__RB__ && 1 && !PEDANTIC;artifact;2214;2253
src/openvpn/tun.c;1;DEFINED___LB__IFF_ONE_QUEUE__RB__ && DEFINED___LB__SIOCSIFTXQLEN__RB__;DEFINED___LB__TARGET_LINUX__RB__ && !DEFINED___LB__TARGET_ANDROID__RB__ && 1 && !PEDANTIC && DEFINED___LB__IFF_ONE_QUEUE__RB__ && DEFINED___LB__SIOCSIFTXQLEN__RB__;if;2254;2254
src/openvpn/tun.c;1;DEFINED___LB__IFF_ONE_QUEUE__RB__ && DEFINED___LB__SIOCSIFTXQLEN__RB__;DEFINED___LB__TARGET_LINUX__RB__ && !DEFINED___LB__TARGET_ANDROID__RB__ && 1 && !PEDANTIC && DEFINED___LB__IFF_ONE_QUEUE__RB__ && DEFINED___LB__SIOCSIFTXQLEN__RB__;artifact;2255;2279
src/openvpn/tun.c;1;DEFINED___LB__IFF_ONE_QUEUE__RB__ && DEFINED___LB__SIOCSIFTXQLEN__RB__;DEFINED___LB__TARGET_LINUX__RB__ && !DEFINED___LB__TARGET_ANDROID__RB__ && 1 && !PEDANTIC && DEFINED___LB__IFF_ONE_QUEUE__RB__ && DEFINED___LB__SIOCSIFTXQLEN__RB__;endif;2280;2280
src/openvpn/tun.c;1;!PEDANTIC;DEFINED___LB__TARGET_LINUX__RB__ && !DEFINED___LB__TARGET_ANDROID__RB__ && 1 && !PEDANTIC;artifact;2281;2288
src/openvpn/tun.c;1;PEDANTIC;PEDANTIC && DEFINED___LB__TARGET_LINUX__RB__ && !DEFINED___LB__TARGET_ANDROID__RB__ && 1;else;2289;2289
src/openvpn/tun.c;1;PEDANTIC;PEDANTIC && DEFINED___LB__TARGET_LINUX__RB__ && !DEFINED___LB__TARGET_ANDROID__RB__ && 1;artifact;2290;2297
src/openvpn/tun.c;1;PEDANTIC;PEDANTIC && DEFINED___LB__TARGET_LINUX__RB__ && !DEFINED___LB__TARGET_ANDROID__RB__ && 1;endif;2298;2298
src/openvpn/tun.c;1;DEFINED___LB__TARGET_LINUX__RB__ && !DEFINED___LB__TARGET_ANDROID__RB__;DEFINED___LB__TARGET_LINUX__RB__ && !DEFINED___LB__TARGET_ANDROID__RB__ && 1;artifact;2299;2299
src/openvpn/tun.c;1;ENABLE_FEATURE_TUN_PERSIST;DEFINED___LB__TARGET_LINUX__RB__ && !DEFINED___LB__TARGET_ANDROID__RB__ && 1 && ENABLE_FEATURE_TUN_PERSIST;if;2300;2300
src/openvpn/tun.c;1;ENABLE_FEATURE_TUN_PERSIST;DEFINED___LB__TARGET_LINUX__RB__ && !DEFINED___LB__TARGET_ANDROID__RB__ && 1 && ENABLE_FEATURE_TUN_PERSIST;artifact;2301;2302
src/openvpn/tun.c;1;!TUNSETGROUP;DEFINED___LB__TARGET_LINUX__RB__ && !DEFINED___LB__TARGET_ANDROID__RB__ && 1 && ENABLE_FEATURE_TUN_PERSIST && !TUNSETGROUP;if;2303;2303
src/openvpn/tun.c;1;!TUNSETGROUP;DEFINED___LB__TARGET_LINUX__RB__ && !DEFINED___LB__TARGET_ANDROID__RB__ && 1 && ENABLE_FEATURE_TUN_PERSIST && !TUNSETGROUP;artifact;2304;2304
src/openvpn/tun.c;1;!TUNSETGROUP;DEFINED___LB__TARGET_LINUX__RB__ && !DEFINED___LB__TARGET_ANDROID__RB__ && 1 && ENABLE_FEATURE_TUN_PERSIST && !TUNSETGROUP;endif;2305;2305
src/openvpn/tun.c;1;ENABLE_FEATURE_TUN_PERSIST;DEFINED___LB__TARGET_LINUX__RB__ && !DEFINED___LB__TARGET_ANDROID__RB__ && 1 && ENABLE_FEATURE_TUN_PERSIST;artifact;2306;2353
src/openvpn/tun.c;1;ENABLE_FEATURE_TUN_PERSIST;DEFINED___LB__TARGET_LINUX__RB__ && !DEFINED___LB__TARGET_ANDROID__RB__ && 1 && ENABLE_FEATURE_TUN_PERSIST;endif;2354;2354
src/openvpn/tun.c;1;DEFINED___LB__TARGET_LINUX__RB__ && !DEFINED___LB__TARGET_ANDROID__RB__;DEFINED___LB__TARGET_LINUX__RB__ && !DEFINED___LB__TARGET_ANDROID__RB__ && 1;artifact;2355;2360
src/openvpn/tun.c;1;DEFINED___LB__TARGET_LINUX__RB__ || DEFINED___LB__TARGET_FREEBSD__RB__;DEFINED___LB__TARGET_LINUX__RB__ && !DEFINED___LB__TARGET_ANDROID__RB__ && 1 && (DEFINED___LB__TARGET_LINUX__RB__ || DEFINED___LB__TARGET_FREEBSD__RB__);if;2361;2361
src/openvpn/tun.c;1;DEFINED___LB__TARGET_LINUX__RB__ || DEFINED___LB__TARGET_FREEBSD__RB__;DEFINED___LB__TARGET_LINUX__RB__ && !DEFINED___LB__TARGET_ANDROID__RB__ && 1 && (DEFINED___LB__TARGET_LINUX__RB__ || DEFINED___LB__TARGET_FREEBSD__RB__);artifact;2362;2365
src/openvpn/tun.c;1;DEFINED___LB__TARGET_LINUX__RB__ || DEFINED___LB__TARGET_FREEBSD__RB__;DEFINED___LB__TARGET_LINUX__RB__ && !DEFINED___LB__TARGET_ANDROID__RB__ && 1 && (DEFINED___LB__TARGET_LINUX__RB__ || DEFINED___LB__TARGET_FREEBSD__RB__);endif;2366;2366
src/openvpn/tun.c;1;DEFINED___LB__TARGET_LINUX__RB__ && !DEFINED___LB__TARGET_ANDROID__RB__;DEFINED___LB__TARGET_LINUX__RB__ && !DEFINED___LB__TARGET_ANDROID__RB__ && 1;artifact;2367;2382
src/openvpn/tun.c;1;DEFINED___LB__TARGET_SOLARIS__RB__ && !DEFINED___LB__TARGET_LINUX__RB__ && !DEFINED___LB__TARGET_ANDROID__RB__;DEFINED___LB__TARGET_SOLARIS__RB__ && !DEFINED___LB__TARGET_LINUX__RB__ && !DEFINED___LB__TARGET_ANDROID__RB__ && 1;elif;2383;2383
src/openvpn/tun.c;1;DEFINED___LB__TARGET_SOLARIS__RB__ && !DEFINED___LB__TARGET_LINUX__RB__ && !DEFINED___LB__TARGET_ANDROID__RB__;DEFINED___LB__TARGET_SOLARIS__RB__ && !DEFINED___LB__TARGET_LINUX__RB__ && !DEFINED___LB__TARGET_ANDROID__RB__ && 1;artifact;2384;2384
src/openvpn/tun.c;1;!TUNNEWPPA;DEFINED___LB__TARGET_SOLARIS__RB__ && !DEFINED___LB__TARGET_LINUX__RB__ && !DEFINED___LB__TARGET_ANDROID__RB__ && 1 && !TUNNEWPPA;if;2385;2385
src/openvpn/tun.c;1;!TUNNEWPPA;DEFINED___LB__TARGET_SOLARIS__RB__ && !DEFINED___LB__TARGET_LINUX__RB__ && !DEFINED___LB__TARGET_ANDROID__RB__ && 1 && !TUNNEWPPA;artifact;2386;2386
src/openvpn/tun.c;1;!TUNNEWPPA;DEFINED___LB__TARGET_SOLARIS__RB__ && !DEFINED___LB__TARGET_LINUX__RB__ && !DEFINED___LB__TARGET_ANDROID__RB__ && 1 && !TUNNEWPPA;endif;2387;2387
src/openvpn/tun.c;1;DEFINED___LB__TARGET_SOLARIS__RB__ && !DEFINED___LB__TARGET_LINUX__RB__ && !DEFINED___LB__TARGET_ANDROID__RB__;DEFINED___LB__TARGET_SOLARIS__RB__ && !DEFINED___LB__TARGET_LINUX__RB__ && !DEFINED___LB__TARGET_ANDROID__RB__ && 1;artifact;2388;2737
src/openvpn/tun.c;1;DEFINED___LB__TARGET_OPENBSD__RB__ && !DEFINED___LB__TARGET_SOLARIS__RB__ && !DEFINED___LB__TARGET_LINUX__RB__ && !DEFINED___LB__TARGET_ANDROID__RB__;DEFINED___LB__TARGET_OPENBSD__RB__ && !DEFINED___LB__TARGET_SOLARIS__RB__ && !DEFINED___LB__TARGET_LINUX__RB__ && !DEFINED___LB__TARGET_ANDROID__RB__ && 1;elif;2738;2738
src/openvpn/tun.c;1;DEFINED___LB__TARGET_OPENBSD__RB__ && !DEFINED___LB__TARGET_SOLARIS__RB__ && !DEFINED___LB__TARGET_LINUX__RB__ && !DEFINED___LB__TARGET_ANDROID__RB__;DEFINED___LB__TARGET_OPENBSD__RB__ && !DEFINED___LB__TARGET_SOLARIS__RB__ && !DEFINED___LB__TARGET_LINUX__RB__ && !DEFINED___LB__TARGET_ANDROID__RB__ && 1;artifact;2739;2755
src/openvpn/tun.c;1;IFF_MULTICAST;DEFINED___LB__TARGET_OPENBSD__RB__ && !DEFINED___LB__TARGET_SOLARIS__RB__ && !DEFINED___LB__TARGET_LINUX__RB__ && !DEFINED___LB__TARGET_ANDROID__RB__ && 1 && IFF_MULTICAST;if;2756;2756
src/openvpn/tun.c;1;IFF_MULTICAST;DEFINED___LB__TARGET_OPENBSD__RB__ && !DEFINED___LB__TARGET_SOLARIS__RB__ && !DEFINED___LB__TARGET_LINUX__RB__ && !DEFINED___LB__TARGET_ANDROID__RB__ && 1 && IFF_MULTICAST;artifact;2757;2757
src/openvpn/tun.c;1;IFF_MULTICAST;DEFINED___LB__TARGET_OPENBSD__RB__ && !DEFINED___LB__TARGET_SOLARIS__RB__ && !DEFINED___LB__TARGET_LINUX__RB__ && !DEFINED___LB__TARGET_ANDROID__RB__ && 1 && IFF_MULTICAST;endif;2758;2758
src/openvpn/tun.c;1;DEFINED___LB__TARGET_OPENBSD__RB__ && !DEFINED___LB__TARGET_SOLARIS__RB__ && !DEFINED___LB__TARGET_LINUX__RB__ && !DEFINED___LB__TARGET_ANDROID__RB__;DEFINED___LB__TARGET_OPENBSD__RB__ && !DEFINED___LB__TARGET_SOLARIS__RB__ && !DEFINED___LB__TARGET_LINUX__RB__ && !DEFINED___LB__TARGET_ANDROID__RB__ && 1;artifact;2759;2818
src/openvpn/tun.c;1;DEFINED___LB__TARGET_NETBSD__RB__ && !DEFINED___LB__TARGET_OPENBSD__RB__ && !DEFINED___LB__TARGET_SOLARIS__RB__ && !DEFINED___LB__TARGET_LINUX__RB__ && !DEFINED___LB__TARGET_ANDROID__RB__;DEFINED___LB__TARGET_NETBSD__RB__ && !DEFINED___LB__TARGET_OPENBSD__RB__ && !DEFINED___LB__TARGET_SOLARIS__RB__ && !DEFINED___LB__TARGET_LINUX__RB__ && !DEFINED___LB__TARGET_ANDROID__RB__ && 1;elif;2819;2819
src/openvpn/tun.c;1;DEFINED___LB__TARGET_NETBSD__RB__ && !DEFINED___LB__TARGET_OPENBSD__RB__ && !DEFINED___LB__TARGET_SOLARIS__RB__ && !DEFINED___LB__TARGET_LINUX__RB__ && !DEFINED___LB__TARGET_ANDROID__RB__;DEFINED___LB__TARGET_NETBSD__RB__ && !DEFINED___LB__TARGET_OPENBSD__RB__ && !DEFINED___LB__TARGET_SOLARIS__RB__ && !DEFINED___LB__TARGET_LINUX__RB__ && !DEFINED___LB__TARGET_ANDROID__RB__ && 1;artifact;2820;2987
src/openvpn/tun.c;1;DEFINED___LB__TARGET_FREEBSD__RB__ && !DEFINED___LB__TARGET_NETBSD__RB__ && !DEFINED___LB__TARGET_OPENBSD__RB__ && !DEFINED___LB__TARGET_SOLARIS__RB__ && !DEFINED___LB__TARGET_LINUX__RB__ && !DEFINED___LB__TARGET_ANDROID__RB__;DEFINED___LB__TARGET_FREEBSD__RB__ && !DEFINED___LB__TARGET_NETBSD__RB__ && !DEFINED___LB__TARGET_OPENBSD__RB__ && !DEFINED___LB__TARGET_SOLARIS__RB__ && !DEFINED___LB__TARGET_LINUX__RB__ && !DEFINED___LB__TARGET_ANDROID__RB__ && 1;elif;2988;2988
src/openvpn/tun.c;1;DEFINED___LB__TARGET_FREEBSD__RB__ && !DEFINED___LB__TARGET_NETBSD__RB__ && !DEFINED___LB__TARGET_OPENBSD__RB__ && !DEFINED___LB__TARGET_SOLARIS__RB__ && !DEFINED___LB__TARGET_LINUX__RB__ && !DEFINED___LB__TARGET_ANDROID__RB__;DEFINED___LB__TARGET_FREEBSD__RB__ && !DEFINED___LB__TARGET_NETBSD__RB__ && !DEFINED___LB__TARGET_OPENBSD__RB__ && !DEFINED___LB__TARGET_SOLARIS__RB__ && !DEFINED___LB__TARGET_LINUX__RB__ && !DEFINED___LB__TARGET_ANDROID__RB__ && 1;artifact;2989;3130
src/openvpn/tun.c;1;DEFINED___LB__TARGET_DRAGONFLY__RB__ && !DEFINED___LB__TARGET_FREEBSD__RB__ && !DEFINED___LB__TARGET_NETBSD__RB__ && !DEFINED___LB__TARGET_OPENBSD__RB__ && !DEFINED___LB__TARGET_SOLARIS__RB__ && !DEFINED___LB__TARGET_LINUX__RB__ && !DEFINED___LB__TARGET_ANDROID__RB__;DEFINED___LB__TARGET_DRAGONFLY__RB__ && !DEFINED___LB__TARGET_FREEBSD__RB__ && !DEFINED___LB__TARGET_NETBSD__RB__ && !DEFINED___LB__TARGET_OPENBSD__RB__ && !DEFINED___LB__TARGET_SOLARIS__RB__ && !DEFINED___LB__TARGET_LINUX__RB__ && !DEFINED___LB__TARGET_ANDROID__RB__ && 1;elif;3131;3131
src/openvpn/tun.c;1;DEFINED___LB__TARGET_DRAGONFLY__RB__ && !DEFINED___LB__TARGET_FREEBSD__RB__ && !DEFINED___LB__TARGET_NETBSD__RB__ && !DEFINED___LB__TARGET_OPENBSD__RB__ && !DEFINED___LB__TARGET_SOLARIS__RB__ && !DEFINED___LB__TARGET_LINUX__RB__ && !DEFINED___LB__TARGET_ANDROID__RB__;DEFINED___LB__TARGET_DRAGONFLY__RB__ && !DEFINED___LB__TARGET_FREEBSD__RB__ && !DEFINED___LB__TARGET_NETBSD__RB__ && !DEFINED___LB__TARGET_OPENBSD__RB__ && !DEFINED___LB__TARGET_SOLARIS__RB__ && !DEFINED___LB__TARGET_LINUX__RB__ && !DEFINED___LB__TARGET_ANDROID__RB__ && 1;artifact;3132;3225
src/openvpn/tun.c;1;DEFINED___LB__TARGET_DARWIN__RB__ && !DEFINED___LB__TARGET_DRAGONFLY__RB__ && !DEFINED___LB__TARGET_FREEBSD__RB__ && !DEFINED___LB__TARGET_NETBSD__RB__ && !DEFINED___LB__TARGET_OPENBSD__RB__ && !DEFINED___LB__TARGET_SOLARIS__RB__ && !DEFINED___LB__TARGET_LINUX__RB__ && !DEFINED___LB__TARGET_ANDROID__RB__;DEFINED___LB__TARGET_DARWIN__RB__ && !DEFINED___LB__TARGET_DRAGONFLY__RB__ && !DEFINED___LB__TARGET_FREEBSD__RB__ && !DEFINED___LB__TARGET_NETBSD__RB__ && !DEFINED___LB__TARGET_OPENBSD__RB__ && !DEFINED___LB__TARGET_SOLARIS__RB__ && !DEFINED___LB__TARGET_LINUX__RB__ && !DEFINED___LB__TARGET_ANDROID__RB__ && 1;elif;3226;3226
src/openvpn/tun.c;1;DEFINED___LB__TARGET_DARWIN__RB__ && !DEFINED___LB__TARGET_DRAGONFLY__RB__ && !DEFINED___LB__TARGET_FREEBSD__RB__ && !DEFINED___LB__TARGET_NETBSD__RB__ && !DEFINED___LB__TARGET_OPENBSD__RB__ && !DEFINED___LB__TARGET_SOLARIS__RB__ && !DEFINED___LB__TARGET_LINUX__RB__ && !DEFINED___LB__TARGET_ANDROID__RB__;DEFINED___LB__TARGET_DARWIN__RB__ && !DEFINED___LB__TARGET_DRAGONFLY__RB__ && !DEFINED___LB__TARGET_FREEBSD__RB__ && !DEFINED___LB__TARGET_NETBSD__RB__ && !DEFINED___LB__TARGET_OPENBSD__RB__ && !DEFINED___LB__TARGET_SOLARIS__RB__ && !DEFINED___LB__TARGET_LINUX__RB__ && !DEFINED___LB__TARGET_ANDROID__RB__ && 1;artifact;3227;3241
src/openvpn/tun.c;1;HAVE_NET_IF_UTUN_H;DEFINED___LB__TARGET_DARWIN__RB__ && !DEFINED___LB__TARGET_DRAGONFLY__RB__ && !DEFINED___LB__TARGET_FREEBSD__RB__ && !DEFINED___LB__TARGET_NETBSD__RB__ && !DEFINED___LB__TARGET_OPENBSD__RB__ && !DEFINED___LB__TARGET_SOLARIS__RB__ && !DEFINED___LB__TARGET_LINUX__RB__ && !DEFINED___LB__TARGET_ANDROID__RB__ && 1 && HAVE_NET_IF_UTUN_H;if;3242;3242
src/openvpn/tun.c;1;HAVE_NET_IF_UTUN_H;DEFINED___LB__TARGET_DARWIN__RB__ && !DEFINED___LB__TARGET_DRAGONFLY__RB__ && !DEFINED___LB__TARGET_FREEBSD__RB__ && !DEFINED___LB__TARGET_NETBSD__RB__ && !DEFINED___LB__TARGET_OPENBSD__RB__ && !DEFINED___LB__TARGET_SOLARIS__RB__ && !DEFINED___LB__TARGET_LINUX__RB__ && !DEFINED___LB__TARGET_ANDROID__RB__ && 1 && HAVE_NET_IF_UTUN_H;artifact;3243;3372
src/openvpn/tun.c;1;HAVE_NET_IF_UTUN_H;DEFINED___LB__TARGET_DARWIN__RB__ && !DEFINED___LB__TARGET_DRAGONFLY__RB__ && !DEFINED___LB__TARGET_FREEBSD__RB__ && !DEFINED___LB__TARGET_NETBSD__RB__ && !DEFINED___LB__TARGET_OPENBSD__RB__ && !DEFINED___LB__TARGET_SOLARIS__RB__ && !DEFINED___LB__TARGET_LINUX__RB__ && !DEFINED___LB__TARGET_ANDROID__RB__ && 1 && HAVE_NET_IF_UTUN_H;endif;3373;3373
src/openvpn/tun.c;1;DEFINED___LB__TARGET_DARWIN__RB__ && !DEFINED___LB__TARGET_DRAGONFLY__RB__ && !DEFINED___LB__TARGET_FREEBSD__RB__ && !DEFINED___LB__TARGET_NETBSD__RB__ && !DEFINED___LB__TARGET_OPENBSD__RB__ && !DEFINED___LB__TARGET_SOLARIS__RB__ && !DEFINED___LB__TARGET_LINUX__RB__ && !DEFINED___LB__TARGET_ANDROID__RB__;DEFINED___LB__TARGET_DARWIN__RB__ && !DEFINED___LB__TARGET_DRAGONFLY__RB__ && !DEFINED___LB__TARGET_FREEBSD__RB__ && !DEFINED___LB__TARGET_NETBSD__RB__ && !DEFINED___LB__TARGET_OPENBSD__RB__ && !DEFINED___LB__TARGET_SOLARIS__RB__ && !DEFINED___LB__TARGET_LINUX__RB__ && !DEFINED___LB__TARGET_ANDROID__RB__ && 1;artifact;3374;3378
src/openvpn/tun.c;1;HAVE_NET_IF_UTUN_H;DEFINED___LB__TARGET_DARWIN__RB__ && !DEFINED___LB__TARGET_DRAGONFLY__RB__ && !DEFINED___LB__TARGET_FREEBSD__RB__ && !DEFINED___LB__TARGET_NETBSD__RB__ && !DEFINED___LB__TARGET_OPENBSD__RB__ && !DEFINED___LB__TARGET_SOLARIS__RB__ && !DEFINED___LB__TARGET_LINUX__RB__ && !DEFINED___LB__TARGET_ANDROID__RB__ && 1 && HAVE_NET_IF_UTUN_H;if;3379;3379
src/openvpn/tun.c;1;HAVE_NET_IF_UTUN_H;DEFINED___LB__TARGET_DARWIN__RB__ && !DEFINED___LB__TARGET_DRAGONFLY__RB__ && !DEFINED___LB__TARGET_FREEBSD__RB__ && !DEFINED___LB__TARGET_NETBSD__RB__ && !DEFINED___LB__TARGET_OPENBSD__RB__ && !DEFINED___LB__TARGET_SOLARIS__RB__ && !DEFINED___LB__TARGET_LINUX__RB__ && !DEFINED___LB__TARGET_ANDROID__RB__ && 1 && HAVE_NET_IF_UTUN_H;artifact;3380;3413
src/openvpn/tun.c;1;HAVE_NET_IF_UTUN_H;DEFINED___LB__TARGET_DARWIN__RB__ && !DEFINED___LB__TARGET_DRAGONFLY__RB__ && !DEFINED___LB__TARGET_FREEBSD__RB__ && !DEFINED___LB__TARGET_NETBSD__RB__ && !DEFINED___LB__TARGET_OPENBSD__RB__ && !DEFINED___LB__TARGET_SOLARIS__RB__ && !DEFINED___LB__TARGET_LINUX__RB__ && !DEFINED___LB__TARGET_ANDROID__RB__ && 1 && HAVE_NET_IF_UTUN_H;endif;3414;3414
src/openvpn/tun.c;1;DEFINED___LB__TARGET_DARWIN__RB__ && !DEFINED___LB__TARGET_DRAGONFLY__RB__ && !DEFINED___LB__TARGET_FREEBSD__RB__ && !DEFINED___LB__TARGET_NETBSD__RB__ && !DEFINED___LB__TARGET_OPENBSD__RB__ && !DEFINED___LB__TARGET_SOLARIS__RB__ && !DEFINED___LB__TARGET_LINUX__RB__ && !DEFINED___LB__TARGET_ANDROID__RB__;DEFINED___LB__TARGET_DARWIN__RB__ && !DEFINED___LB__TARGET_DRAGONFLY__RB__ && !DEFINED___LB__TARGET_FREEBSD__RB__ && !DEFINED___LB__TARGET_NETBSD__RB__ && !DEFINED___LB__TARGET_OPENBSD__RB__ && !DEFINED___LB__TARGET_SOLARIS__RB__ && !DEFINED___LB__TARGET_LINUX__RB__ && !DEFINED___LB__TARGET_ANDROID__RB__ && 1;artifact;3415;3457
src/openvpn/tun.c;1;HAVE_NET_IF_UTUN_H;DEFINED___LB__TARGET_DARWIN__RB__ && !DEFINED___LB__TARGET_DRAGONFLY__RB__ && !DEFINED___LB__TARGET_FREEBSD__RB__ && !DEFINED___LB__TARGET_NETBSD__RB__ && !DEFINED___LB__TARGET_OPENBSD__RB__ && !DEFINED___LB__TARGET_SOLARIS__RB__ && !DEFINED___LB__TARGET_LINUX__RB__ && !DEFINED___LB__TARGET_ANDROID__RB__ && 1 && HAVE_NET_IF_UTUN_H;if;3458;3458
src/openvpn/tun.c;1;HAVE_NET_IF_UTUN_H;DEFINED___LB__TARGET_DARWIN__RB__ && !DEFINED___LB__TARGET_DRAGONFLY__RB__ && !DEFINED___LB__TARGET_FREEBSD__RB__ && !DEFINED___LB__TARGET_NETBSD__RB__ && !DEFINED___LB__TARGET_OPENBSD__RB__ && !DEFINED___LB__TARGET_SOLARIS__RB__ && !DEFINED___LB__TARGET_LINUX__RB__ && !DEFINED___LB__TARGET_ANDROID__RB__ && 1 && HAVE_NET_IF_UTUN_H;artifact;3459;3463
src/openvpn/tun.c;1;HAVE_NET_IF_UTUN_H;DEFINED___LB__TARGET_DARWIN__RB__ && !DEFINED___LB__TARGET_DRAGONFLY__RB__ && !DEFINED___LB__TARGET_FREEBSD__RB__ && !DEFINED___LB__TARGET_NETBSD__RB__ && !DEFINED___LB__TARGET_OPENBSD__RB__ && !DEFINED___LB__TARGET_SOLARIS__RB__ && !DEFINED___LB__TARGET_LINUX__RB__ && !DEFINED___LB__TARGET_ANDROID__RB__ && 1 && HAVE_NET_IF_UTUN_H;endif;3464;3464
src/openvpn/tun.c;1;DEFINED___LB__TARGET_DARWIN__RB__ && !DEFINED___LB__TARGET_DRAGONFLY__RB__ && !DEFINED___LB__TARGET_FREEBSD__RB__ && !DEFINED___LB__TARGET_NETBSD__RB__ && !DEFINED___LB__TARGET_OPENBSD__RB__ && !DEFINED___LB__TARGET_SOLARIS__RB__ && !DEFINED___LB__TARGET_LINUX__RB__ && !DEFINED___LB__TARGET_ANDROID__RB__;DEFINED___LB__TARGET_DARWIN__RB__ && !DEFINED___LB__TARGET_DRAGONFLY__RB__ && !DEFINED___LB__TARGET_FREEBSD__RB__ && !DEFINED___LB__TARGET_NETBSD__RB__ && !DEFINED___LB__TARGET_OPENBSD__RB__ && !DEFINED___LB__TARGET_SOLARIS__RB__ && !DEFINED___LB__TARGET_LINUX__RB__ && !DEFINED___LB__TARGET_ANDROID__RB__ && 1;artifact;3465;3470
src/openvpn/tun.c;1;HAVE_NET_IF_UTUN_H;DEFINED___LB__TARGET_DARWIN__RB__ && !DEFINED___LB__TARGET_DRAGONFLY__RB__ && !DEFINED___LB__TARGET_FREEBSD__RB__ && !DEFINED___LB__TARGET_NETBSD__RB__ && !DEFINED___LB__TARGET_OPENBSD__RB__ && !DEFINED___LB__TARGET_SOLARIS__RB__ && !DEFINED___LB__TARGET_LINUX__RB__ && !DEFINED___LB__TARGET_ANDROID__RB__ && 1 && HAVE_NET_IF_UTUN_H;if;3471;3471
src/openvpn/tun.c;1;HAVE_NET_IF_UTUN_H;DEFINED___LB__TARGET_DARWIN__RB__ && !DEFINED___LB__TARGET_DRAGONFLY__RB__ && !DEFINED___LB__TARGET_FREEBSD__RB__ && !DEFINED___LB__TARGET_NETBSD__RB__ && !DEFINED___LB__TARGET_OPENBSD__RB__ && !DEFINED___LB__TARGET_SOLARIS__RB__ && !DEFINED___LB__TARGET_LINUX__RB__ && !DEFINED___LB__TARGET_ANDROID__RB__ && 1 && HAVE_NET_IF_UTUN_H;artifact;3472;3476
src/openvpn/tun.c;1;HAVE_NET_IF_UTUN_H;DEFINED___LB__TARGET_DARWIN__RB__ && !DEFINED___LB__TARGET_DRAGONFLY__RB__ && !DEFINED___LB__TARGET_FREEBSD__RB__ && !DEFINED___LB__TARGET_NETBSD__RB__ && !DEFINED___LB__TARGET_OPENBSD__RB__ && !DEFINED___LB__TARGET_SOLARIS__RB__ && !DEFINED___LB__TARGET_LINUX__RB__ && !DEFINED___LB__TARGET_ANDROID__RB__ && 1 && HAVE_NET_IF_UTUN_H;endif;3477;3477
src/openvpn/tun.c;1;DEFINED___LB__TARGET_DARWIN__RB__ && !DEFINED___LB__TARGET_DRAGONFLY__RB__ && !DEFINED___LB__TARGET_FREEBSD__RB__ && !DEFINED___LB__TARGET_NETBSD__RB__ && !DEFINED___LB__TARGET_OPENBSD__RB__ && !DEFINED___LB__TARGET_SOLARIS__RB__ && !DEFINED___LB__TARGET_LINUX__RB__ && !DEFINED___LB__TARGET_ANDROID__RB__;DEFINED___LB__TARGET_DARWIN__RB__ && !DEFINED___LB__TARGET_DRAGONFLY__RB__ && !DEFINED___LB__TARGET_FREEBSD__RB__ && !DEFINED___LB__TARGET_NETBSD__RB__ && !DEFINED___LB__TARGET_OPENBSD__RB__ && !DEFINED___LB__TARGET_SOLARIS__RB__ && !DEFINED___LB__TARGET_LINUX__RB__ && !DEFINED___LB__TARGET_ANDROID__RB__ && 1;artifact;3478;3480
src/openvpn/tun.c;1;DEFINED___LB__TARGET_AIX__RB__ && !DEFINED___LB__TARGET_DARWIN__RB__ && !DEFINED___LB__TARGET_DRAGONFLY__RB__ && !DEFINED___LB__TARGET_FREEBSD__RB__ && !DEFINED___LB__TARGET_NETBSD__RB__ && !DEFINED___LB__TARGET_OPENBSD__RB__ && !DEFINED___LB__TARGET_SOLARIS__RB__ && !DEFINED___LB__TARGET_LINUX__RB__ && !DEFINED___LB__TARGET_ANDROID__RB__;DEFINED___LB__TARGET_AIX__RB__ && !DEFINED___LB__TARGET_DARWIN__RB__ && !DEFINED___LB__TARGET_DRAGONFLY__RB__ && !DEFINED___LB__TARGET_FREEBSD__RB__ && !DEFINED___LB__TARGET_NETBSD__RB__ && !DEFINED___LB__TARGET_OPENBSD__RB__ && !DEFINED___LB__TARGET_SOLARIS__RB__ && !DEFINED___LB__TARGET_LINUX__RB__ && !DEFINED___LB__TARGET_ANDROID__RB__ && 1;elif;3481;3481
src/openvpn/tun.c;1;DEFINED___LB__TARGET_AIX__RB__ && !DEFINED___LB__TARGET_DARWIN__RB__ && !DEFINED___LB__TARGET_DRAGONFLY__RB__ && !DEFINED___LB__TARGET_FREEBSD__RB__ && !DEFINED___LB__TARGET_NETBSD__RB__ && !DEFINED___LB__TARGET_OPENBSD__RB__ && !DEFINED___LB__TARGET_SOLARIS__RB__ && !DEFINED___LB__TARGET_LINUX__RB__ && !DEFINED___LB__TARGET_ANDROID__RB__;DEFINED___LB__TARGET_AIX__RB__ && !DEFINED___LB__TARGET_DARWIN__RB__ && !DEFINED___LB__TARGET_DRAGONFLY__RB__ && !DEFINED___LB__TARGET_FREEBSD__RB__ && !DEFINED___LB__TARGET_NETBSD__RB__ && !DEFINED___LB__TARGET_OPENBSD__RB__ && !DEFINED___LB__TARGET_SOLARIS__RB__ && !DEFINED___LB__TARGET_LINUX__RB__ && !DEFINED___LB__TARGET_ANDROID__RB__ && 1;artifact;3482;3621
src/openvpn/tun.c;1;DEFINED___LB___WIN32__RB__ && !DEFINED___LB__TARGET_AIX__RB__ && !DEFINED___LB__TARGET_DARWIN__RB__ && !DEFINED___LB__TARGET_DRAGONFLY__RB__ && !DEFINED___LB__TARGET_FREEBSD__RB__ && !DEFINED___LB__TARGET_NETBSD__RB__ && !DEFINED___LB__TARGET_OPENBSD__RB__ && !DEFINED___LB__TARGET_SOLARIS__RB__ && !DEFINED___LB__TARGET_LINUX__RB__ && !DEFINED___LB__TARGET_ANDROID__RB__;DEFINED___LB___WIN32__RB__ && !DEFINED___LB__TARGET_AIX__RB__ && !DEFINED___LB__TARGET_DARWIN__RB__ && !DEFINED___LB__TARGET_DRAGONFLY__RB__ && !DEFINED___LB__TARGET_FREEBSD__RB__ && !DEFINED___LB__TARGET_NETBSD__RB__ && !DEFINED___LB__TARGET_OPENBSD__RB__ && !DEFINED___LB__TARGET_SOLARIS__RB__ && !DEFINED___LB__TARGET_LINUX__RB__ && !DEFINED___LB__TARGET_ANDROID__RB__ && 1;elif;3622;3622
src/openvpn/tun.c;1;DEFINED___LB___WIN32__RB__ && !DEFINED___LB__TARGET_AIX__RB__ && !DEFINED___LB__TARGET_DARWIN__RB__ && !DEFINED___LB__TARGET_DRAGONFLY__RB__ && !DEFINED___LB__TARGET_FREEBSD__RB__ && !DEFINED___LB__TARGET_NETBSD__RB__ && !DEFINED___LB__TARGET_OPENBSD__RB__ && !DEFINED___LB__TARGET_SOLARIS__RB__ && !DEFINED___LB__TARGET_LINUX__RB__ && !DEFINED___LB__TARGET_ANDROID__RB__;DEFINED___LB___WIN32__RB__ && !DEFINED___LB__TARGET_AIX__RB__ && !DEFINED___LB__TARGET_DARWIN__RB__ && !DEFINED___LB__TARGET_DRAGONFLY__RB__ && !DEFINED___LB__TARGET_FREEBSD__RB__ && !DEFINED___LB__TARGET_NETBSD__RB__ && !DEFINED___LB__TARGET_OPENBSD__RB__ && !DEFINED___LB__TARGET_SOLARIS__RB__ && !DEFINED___LB__TARGET_LINUX__RB__ && !DEFINED___LB__TARGET_ANDROID__RB__ && 1;artifact;3623;5407
src/openvpn/tun.c;1;0;DEFINED___LB___WIN32__RB__ && !DEFINED___LB__TARGET_AIX__RB__ && !DEFINED___LB__TARGET_DARWIN__RB__ && !DEFINED___LB__TARGET_DRAGONFLY__RB__ && !DEFINED___LB__TARGET_FREEBSD__RB__ && !DEFINED___LB__TARGET_NETBSD__RB__ && !DEFINED___LB__TARGET_OPENBSD__RB__ && !DEFINED___LB__TARGET_SOLARIS__RB__ && !DEFINED___LB__TARGET_LINUX__RB__ && !DEFINED___LB__TARGET_ANDROID__RB__ && 1 && 0;if;5408;5408
src/openvpn/tun.c;1;0;DEFINED___LB___WIN32__RB__ && !DEFINED___LB__TARGET_AIX__RB__ && !DEFINED___LB__TARGET_DARWIN__RB__ && !DEFINED___LB__TARGET_DRAGONFLY__RB__ && !DEFINED___LB__TARGET_FREEBSD__RB__ && !DEFINED___LB__TARGET_NETBSD__RB__ && !DEFINED___LB__TARGET_OPENBSD__RB__ && !DEFINED___LB__TARGET_SOLARIS__RB__ && !DEFINED___LB__TARGET_LINUX__RB__ && !DEFINED___LB__TARGET_ANDROID__RB__ && 1 && 0;artifact;5409;5417
src/openvpn/tun.c;1;0;DEFINED___LB___WIN32__RB__ && !DEFINED___LB__TARGET_AIX__RB__ && !DEFINED___LB__TARGET_DARWIN__RB__ && !DEFINED___LB__TARGET_DRAGONFLY__RB__ && !DEFINED___LB__TARGET_FREEBSD__RB__ && !DEFINED___LB__TARGET_NETBSD__RB__ && !DEFINED___LB__TARGET_OPENBSD__RB__ && !DEFINED___LB__TARGET_SOLARIS__RB__ && !DEFINED___LB__TARGET_LINUX__RB__ && !DEFINED___LB__TARGET_ANDROID__RB__ && 1 && 0;endif;5418;5418
src/openvpn/tun.c;1;DEFINED___LB___WIN32__RB__ && !DEFINED___LB__TARGET_AIX__RB__ && !DEFINED___LB__TARGET_DARWIN__RB__ && !DEFINED___LB__TARGET_DRAGONFLY__RB__ && !DEFINED___LB__TARGET_FREEBSD__RB__ && !DEFINED___LB__TARGET_NETBSD__RB__ && !DEFINED___LB__TARGET_OPENBSD__RB__ && !DEFINED___LB__TARGET_SOLARIS__RB__ && !DEFINED___LB__TARGET_LINUX__RB__ && !DEFINED___LB__TARGET_ANDROID__RB__;DEFINED___LB___WIN32__RB__ && !DEFINED___LB__TARGET_AIX__RB__ && !DEFINED___LB__TARGET_DARWIN__RB__ && !DEFINED___LB__TARGET_DRAGONFLY__RB__ && !DEFINED___LB__TARGET_FREEBSD__RB__ && !DEFINED___LB__TARGET_NETBSD__RB__ && !DEFINED___LB__TARGET_OPENBSD__RB__ && !DEFINED___LB__TARGET_SOLARIS__RB__ && !DEFINED___LB__TARGET_LINUX__RB__ && !DEFINED___LB__TARGET_ANDROID__RB__ && 1;artifact;5419;6529
src/openvpn/tun.c;1;!SIMULATE_DHCP_FAILED;DEFINED___LB___WIN32__RB__ && !DEFINED___LB__TARGET_AIX__RB__ && !DEFINED___LB__TARGET_DARWIN__RB__ && !DEFINED___LB__TARGET_DRAGONFLY__RB__ && !DEFINED___LB__TARGET_FREEBSD__RB__ && !DEFINED___LB__TARGET_NETBSD__RB__ && !DEFINED___LB__TARGET_OPENBSD__RB__ && !DEFINED___LB__TARGET_SOLARIS__RB__ && !DEFINED___LB__TARGET_LINUX__RB__ && !DEFINED___LB__TARGET_ANDROID__RB__ && 1 && !SIMULATE_DHCP_FAILED;if;6530;6530
src/openvpn/tun.c;1;!SIMULATE_DHCP_FAILED;DEFINED___LB___WIN32__RB__ && !DEFINED___LB__TARGET_AIX__RB__ && !DEFINED___LB__TARGET_DARWIN__RB__ && !DEFINED___LB__TARGET_DRAGONFLY__RB__ && !DEFINED___LB__TARGET_FREEBSD__RB__ && !DEFINED___LB__TARGET_NETBSD__RB__ && !DEFINED___LB__TARGET_OPENBSD__RB__ && !DEFINED___LB__TARGET_SOLARIS__RB__ && !DEFINED___LB__TARGET_LINUX__RB__ && !DEFINED___LB__TARGET_ANDROID__RB__ && 1 && !SIMULATE_DHCP_FAILED;artifact;6531;6565
src/openvpn/tun.c;1;!SIMULATE_DHCP_FAILED;DEFINED___LB___WIN32__RB__ && !DEFINED___LB__TARGET_AIX__RB__ && !DEFINED___LB__TARGET_DARWIN__RB__ && !DEFINED___LB__TARGET_DRAGONFLY__RB__ && !DEFINED___LB__TARGET_FREEBSD__RB__ && !DEFINED___LB__TARGET_NETBSD__RB__ && !DEFINED___LB__TARGET_OPENBSD__RB__ && !DEFINED___LB__TARGET_SOLARIS__RB__ && !DEFINED___LB__TARGET_LINUX__RB__ && !DEFINED___LB__TARGET_ANDROID__RB__ && 1 && !SIMULATE_DHCP_FAILED;endif;6566;6566
src/openvpn/tun.c;1;DEFINED___LB___WIN32__RB__ && !DEFINED___LB__TARGET_AIX__RB__ && !DEFINED___LB__TARGET_DARWIN__RB__ && !DEFINED___LB__TARGET_DRAGONFLY__RB__ && !DEFINED___LB__TARGET_FREEBSD__RB__ && !DEFINED___LB__TARGET_NETBSD__RB__ && !DEFINED___LB__TARGET_OPENBSD__RB__ && !DEFINED___LB__TARGET_SOLARIS__RB__ && !DEFINED___LB__TARGET_LINUX__RB__ && !DEFINED___LB__TARGET_ANDROID__RB__;DEFINED___LB___WIN32__RB__ && !DEFINED___LB__TARGET_AIX__RB__ && !DEFINED___LB__TARGET_DARWIN__RB__ && !DEFINED___LB__TARGET_DRAGONFLY__RB__ && !DEFINED___LB__TARGET_FREEBSD__RB__ && !DEFINED___LB__TARGET_NETBSD__RB__ && !DEFINED___LB__TARGET_OPENBSD__RB__ && !DEFINED___LB__TARGET_SOLARIS__RB__ && !DEFINED___LB__TARGET_LINUX__RB__ && !DEFINED___LB__TARGET_ANDROID__RB__ && 1;artifact;6567;7162
src/openvpn/tun.c;1;!DEFINED___LB___WIN32__RB__ && !DEFINED___LB__TARGET_AIX__RB__ && !DEFINED___LB__TARGET_DARWIN__RB__ && !DEFINED___LB__TARGET_DRAGONFLY__RB__ && !DEFINED___LB__TARGET_FREEBSD__RB__ && !DEFINED___LB__TARGET_NETBSD__RB__ && !DEFINED___LB__TARGET_OPENBSD__RB__ && !DEFINED___LB__TARGET_SOLARIS__RB__ && !DEFINED___LB__TARGET_LINUX__RB__ && !DEFINED___LB__TARGET_ANDROID__RB__;!DEFINED___LB___WIN32__RB__ && !DEFINED___LB__TARGET_AIX__RB__ && !DEFINED___LB__TARGET_DARWIN__RB__ && !DEFINED___LB__TARGET_DRAGONFLY__RB__ && !DEFINED___LB__TARGET_FREEBSD__RB__ && !DEFINED___LB__TARGET_NETBSD__RB__ && !DEFINED___LB__TARGET_OPENBSD__RB__ && !DEFINED___LB__TARGET_SOLARIS__RB__ && !DEFINED___LB__TARGET_LINUX__RB__ && !DEFINED___LB__TARGET_ANDROID__RB__ && 1;else;7163;7163
src/openvpn/tun.c;1;!DEFINED___LB___WIN32__RB__ && !DEFINED___LB__TARGET_AIX__RB__ && !DEFINED___LB__TARGET_DARWIN__RB__ && !DEFINED___LB__TARGET_DRAGONFLY__RB__ && !DEFINED___LB__TARGET_FREEBSD__RB__ && !DEFINED___LB__TARGET_NETBSD__RB__ && !DEFINED___LB__TARGET_OPENBSD__RB__ && !DEFINED___LB__TARGET_SOLARIS__RB__ && !DEFINED___LB__TARGET_LINUX__RB__ && !DEFINED___LB__TARGET_ANDROID__RB__;!DEFINED___LB___WIN32__RB__ && !DEFINED___LB__TARGET_AIX__RB__ && !DEFINED___LB__TARGET_DARWIN__RB__ && !DEFINED___LB__TARGET_DRAGONFLY__RB__ && !DEFINED___LB__TARGET_FREEBSD__RB__ && !DEFINED___LB__TARGET_NETBSD__RB__ && !DEFINED___LB__TARGET_OPENBSD__RB__ && !DEFINED___LB__TARGET_SOLARIS__RB__ && !DEFINED___LB__TARGET_LINUX__RB__ && !DEFINED___LB__TARGET_ANDROID__RB__ && 1;artifact;7164;7192
src/openvpn/tun.c;1;!DEFINED___LB___WIN32__RB__ && !DEFINED___LB__TARGET_AIX__RB__ && !DEFINED___LB__TARGET_DARWIN__RB__ && !DEFINED___LB__TARGET_DRAGONFLY__RB__ && !DEFINED___LB__TARGET_FREEBSD__RB__ && !DEFINED___LB__TARGET_NETBSD__RB__ && !DEFINED___LB__TARGET_OPENBSD__RB__ && !DEFINED___LB__TARGET_SOLARIS__RB__ && !DEFINED___LB__TARGET_LINUX__RB__ && !DEFINED___LB__TARGET_ANDROID__RB__;!DEFINED___LB___WIN32__RB__ && !DEFINED___LB__TARGET_AIX__RB__ && !DEFINED___LB__TARGET_DARWIN__RB__ && !DEFINED___LB__TARGET_DRAGONFLY__RB__ && !DEFINED___LB__TARGET_FREEBSD__RB__ && !DEFINED___LB__TARGET_NETBSD__RB__ && !DEFINED___LB__TARGET_OPENBSD__RB__ && !DEFINED___LB__TARGET_SOLARIS__RB__ && !DEFINED___LB__TARGET_LINUX__RB__ && !DEFINED___LB__TARGET_ANDROID__RB__ && 1;endif;7193;7193
src/openvpn/tun.c;1;1;1;artifact;7194;7194
src/openvpn/tun.h;1;1;1;ROOT;1;767
src/openvpn/tun.h;1;1;1;artifact;1;23
src/openvpn/tun.h;1;!TUN_H;1 && !TUN_H;if;24;24
src/openvpn/tun.h;1;!TUN_H;1 && !TUN_H;artifact;25;26
src/openvpn/tun.h;1;_WIN32;1 && !TUN_H && _WIN32;if;27;27
src/openvpn/tun.h;1;_WIN32;1 && !TUN_H && _WIN32;artifact;28;31
src/openvpn/tun.h;1;_WIN32;1 && !TUN_H && _WIN32;endif;32;32
src/openvpn/tun.h;1;!TUN_H;1 && !TUN_H;artifact;33;44
src/openvpn/tun.h;1;_WIN32;1 && !TUN_H && _WIN32;if;45;45
src/openvpn/tun.h;1;_WIN32;1 && !TUN_H && _WIN32;artifact;46;54
src/openvpn/tun.h;1;_WIN32;1 && !TUN_H && _WIN32;endif;55;55
src/openvpn/tun.h;1;!TUN_H;1 && !TUN_H;artifact;56;56
src/openvpn/tun.h;1;DEFINED___LB___WIN32__RB__ || DEFINED___LB__TARGET_ANDROID__RB__;1 && !TUN_H && (DEFINED___LB___WIN32__RB__ || DEFINED___LB__TARGET_ANDROID__RB__);if;57;57
src/openvpn/tun.h;1;DEFINED___LB___WIN32__RB__ || DEFINED___LB__TARGET_ANDROID__RB__;1 && !TUN_H && (DEFINED___LB___WIN32__RB__ || DEFINED___LB__TARGET_ANDROID__RB__);artifact;58;82
src/openvpn/tun.h;1;_WIN32;1 && !TUN_H && (DEFINED___LB___WIN32__RB__ || DEFINED___LB__TARGET_ANDROID__RB__) && _WIN32;if;83;83
src/openvpn/tun.h;1;_WIN32;1 && !TUN_H && (DEFINED___LB___WIN32__RB__ || DEFINED___LB__TARGET_ANDROID__RB__) && _WIN32;artifact;84;84
src/openvpn/tun.h;1;_WIN32;1 && !TUN_H && (DEFINED___LB___WIN32__RB__ || DEFINED___LB__TARGET_ANDROID__RB__) && _WIN32;endif;85;85
src/openvpn/tun.h;1;DEFINED___LB___WIN32__RB__ || DEFINED___LB__TARGET_ANDROID__RB__;1 && !TUN_H && (DEFINED___LB___WIN32__RB__ || DEFINED___LB__TARGET_ANDROID__RB__);artifact;86;139
src/openvpn/tun.h;1;DEFINED___LB__TARGET_ANDROID__RB__;1 && !TUN_H && (DEFINED___LB___WIN32__RB__ || DEFINED___LB__TARGET_ANDROID__RB__) && DEFINED___LB__TARGET_ANDROID__RB__;if;140;140
src/openvpn/tun.h;1;DEFINED___LB__TARGET_ANDROID__RB__;1 && !TUN_H && (DEFINED___LB___WIN32__RB__ || DEFINED___LB__TARGET_ANDROID__RB__) && DEFINED___LB__TARGET_ANDROID__RB__;artifact;141;142
src/openvpn/tun.h;1;DEFINED___LB__TARGET_ANDROID__RB__;1 && !TUN_H && (DEFINED___LB___WIN32__RB__ || DEFINED___LB__TARGET_ANDROID__RB__) && DEFINED___LB__TARGET_ANDROID__RB__;endif;143;143
src/openvpn/tun.h;1;DEFINED___LB___WIN32__RB__ || DEFINED___LB__TARGET_ANDROID__RB__;1 && !TUN_H && (DEFINED___LB___WIN32__RB__ || DEFINED___LB__TARGET_ANDROID__RB__);artifact;144;145
src/openvpn/tun.h;1;DEFINED___LB__TARGET_LINUX__RB__ && !DEFINED___LB___WIN32__RB__ && !DEFINED___LB__TARGET_ANDROID__RB__;DEFINED___LB__TARGET_LINUX__RB__ && !DEFINED___LB___WIN32__RB__ && !DEFINED___LB__TARGET_ANDROID__RB__ && 1 && !TUN_H;elif;146;146
src/openvpn/tun.h;1;DEFINED___LB__TARGET_LINUX__RB__ && !DEFINED___LB___WIN32__RB__ && !DEFINED___LB__TARGET_ANDROID__RB__;DEFINED___LB__TARGET_LINUX__RB__ && !DEFINED___LB___WIN32__RB__ && !DEFINED___LB__TARGET_ANDROID__RB__ && 1 && !TUN_H;artifact;147;152
src/openvpn/tun.h;1;DEFINED___LB__TARGET_FREEBSD__RB__ && !DEFINED___LB__TARGET_LINUX__RB__ && !DEFINED___LB___WIN32__RB__ && !DEFINED___LB__TARGET_ANDROID__RB__;DEFINED___LB__TARGET_FREEBSD__RB__ && !DEFINED___LB__TARGET_LINUX__RB__ && !DEFINED___LB___WIN32__RB__ && !DEFINED___LB__TARGET_ANDROID__RB__ && 1 && !TUN_H;elif;153;153
src/openvpn/tun.h;1;DEFINED___LB__TARGET_FREEBSD__RB__ && !DEFINED___LB__TARGET_LINUX__RB__ && !DEFINED___LB___WIN32__RB__ && !DEFINED___LB__TARGET_ANDROID__RB__;DEFINED___LB__TARGET_FREEBSD__RB__ && !DEFINED___LB__TARGET_LINUX__RB__ && !DEFINED___LB___WIN32__RB__ && !DEFINED___LB__TARGET_ANDROID__RB__ && 1 && !TUN_H;artifact;154;158
src/openvpn/tun.h;1;!DEFINED___LB__TARGET_FREEBSD__RB__ && !DEFINED___LB__TARGET_LINUX__RB__ && !DEFINED___LB___WIN32__RB__ && !DEFINED___LB__TARGET_ANDROID__RB__;!DEFINED___LB__TARGET_FREEBSD__RB__ && !DEFINED___LB__TARGET_LINUX__RB__ && !DEFINED___LB___WIN32__RB__ && !DEFINED___LB__TARGET_ANDROID__RB__ && 1 && !TUN_H;else;159;159
src/openvpn/tun.h;1;!DEFINED___LB__TARGET_FREEBSD__RB__ && !DEFINED___LB__TARGET_LINUX__RB__ && !DEFINED___LB___WIN32__RB__ && !DEFINED___LB__TARGET_ANDROID__RB__;!DEFINED___LB__TARGET_FREEBSD__RB__ && !DEFINED___LB__TARGET_LINUX__RB__ && !DEFINED___LB___WIN32__RB__ && !DEFINED___LB__TARGET_ANDROID__RB__ && 1 && !TUN_H;artifact;160;165
src/openvpn/tun.h;1;!DEFINED___LB__TARGET_FREEBSD__RB__ && !DEFINED___LB__TARGET_LINUX__RB__ && !DEFINED___LB___WIN32__RB__ && !DEFINED___LB__TARGET_ANDROID__RB__;!DEFINED___LB__TARGET_FREEBSD__RB__ && !DEFINED___LB__TARGET_LINUX__RB__ && !DEFINED___LB___WIN32__RB__ && !DEFINED___LB__TARGET_ANDROID__RB__ && 1 && !TUN_H;endif;166;166
src/openvpn/tun.h;1;!TUN_H;1 && !TUN_H;artifact;167;196
src/openvpn/tun.h;1;_WIN32;1 && !TUN_H && _WIN32;if;197;197
src/openvpn/tun.h;1;_WIN32;1 && !TUN_H && _WIN32;artifact;198;220
src/openvpn/tun.h;1;!_WIN32;!_WIN32 && 1 && !TUN_H;else;221;221
src/openvpn/tun.h;1;!_WIN32;!_WIN32 && 1 && !TUN_H;artifact;222;222
src/openvpn/tun.h;1;!_WIN32;!_WIN32 && 1 && !TUN_H;endif;223;223
src/openvpn/tun.h;1;!TUN_H;1 && !TUN_H;artifact;224;224
src/openvpn/tun.h;1;TARGET_SOLARIS;1 && !TUN_H && TARGET_SOLARIS;if;225;225
src/openvpn/tun.h;1;TARGET_SOLARIS;1 && !TUN_H && TARGET_SOLARIS;artifact;226;226
src/openvpn/tun.h;1;TARGET_SOLARIS;1 && !TUN_H && TARGET_SOLARIS;endif;227;227
src/openvpn/tun.h;1;!TUN_H;1 && !TUN_H;artifact;228;228
src/openvpn/tun.h;1;HAVE_NET_IF_UTUN_H;1 && !TUN_H && HAVE_NET_IF_UTUN_H;if;229;229
src/openvpn/tun.h;1;HAVE_NET_IF_UTUN_H;1 && !TUN_H && HAVE_NET_IF_UTUN_H;artifact;230;230
src/openvpn/tun.h;1;HAVE_NET_IF_UTUN_H;1 && !TUN_H && HAVE_NET_IF_UTUN_H;endif;231;231
src/openvpn/tun.h;1;!TUN_H;1 && !TUN_H;artifact;232;240
src/openvpn/tun.h;1;_WIN32;1 && !TUN_H && _WIN32;if;241;241
src/openvpn/tun.h;1;_WIN32;1 && !TUN_H && _WIN32;artifact;242;242
src/openvpn/tun.h;1;!_WIN32;!_WIN32 && 1 && !TUN_H;else;243;243
src/openvpn/tun.h;1;!_WIN32;!_WIN32 && 1 && !TUN_H;artifact;244;244
src/openvpn/tun.h;1;!_WIN32;!_WIN32 && 1 && !TUN_H;endif;245;245
src/openvpn/tun.h;1;!TUN_H;1 && !TUN_H;artifact;246;247
src/openvpn/tun.h;1;_WIN32;1 && !TUN_H && _WIN32;if;248;248
src/openvpn/tun.h;1;_WIN32;1 && !TUN_H && _WIN32;artifact;249;259
src/openvpn/tun.h;1;_WIN32;1 && !TUN_H && _WIN32;endif;260;260
src/openvpn/tun.h;1;!TUN_H;1 && !TUN_H;artifact;261;360
src/openvpn/tun.h;1;DEFINED___LB__TARGET_LINUX__RB__;1 && !TUN_H && DEFINED___LB__TARGET_LINUX__RB__;if;361;361
src/openvpn/tun.h;1;DEFINED___LB__TARGET_LINUX__RB__;1 && !TUN_H && DEFINED___LB__TARGET_LINUX__RB__;artifact;362;362
src/openvpn/tun.h;1;DEFINED___LB__TARGET_SOLARIS__RB__ && !DEFINED___LB__TARGET_LINUX__RB__;DEFINED___LB__TARGET_SOLARIS__RB__ && !DEFINED___LB__TARGET_LINUX__RB__ && 1 && !TUN_H;elif;363;363
src/openvpn/tun.h;1;DEFINED___LB__TARGET_SOLARIS__RB__ && !DEFINED___LB__TARGET_LINUX__RB__;DEFINED___LB__TARGET_SOLARIS__RB__ && !DEFINED___LB__TARGET_LINUX__RB__ && 1 && !TUN_H;artifact;364;364
src/openvpn/tun.h;1;DEFINED___LB__TARGET_OPENBSD__RB__ && !DEFINED___LB__TARGET_SOLARIS__RB__ && !DEFINED___LB__TARGET_LINUX__RB__;DEFINED___LB__TARGET_OPENBSD__RB__ && !DEFINED___LB__TARGET_SOLARIS__RB__ && !DEFINED___LB__TARGET_LINUX__RB__ && 1 && !TUN_H;elif;365;365
src/openvpn/tun.h;1;DEFINED___LB__TARGET_OPENBSD__RB__ && !DEFINED___LB__TARGET_SOLARIS__RB__ && !DEFINED___LB__TARGET_LINUX__RB__;DEFINED___LB__TARGET_OPENBSD__RB__ && !DEFINED___LB__TARGET_SOLARIS__RB__ && !DEFINED___LB__TARGET_LINUX__RB__ && 1 && !TUN_H;artifact;366;366
src/openvpn/tun.h;1;DEFINED___LB__TARGET_DARWIN__RB__ && !DEFINED___LB__TARGET_OPENBSD__RB__ && !DEFINED___LB__TARGET_SOLARIS__RB__ && !DEFINED___LB__TARGET_LINUX__RB__;DEFINED___LB__TARGET_DARWIN__RB__ && !DEFINED___LB__TARGET_OPENBSD__RB__ && !DEFINED___LB__TARGET_SOLARIS__RB__ && !DEFINED___LB__TARGET_LINUX__RB__ && 1 && !TUN_H;elif;367;367
src/openvpn/tun.h;1;DEFINED___LB__TARGET_DARWIN__RB__ && !DEFINED___LB__TARGET_OPENBSD__RB__ && !DEFINED___LB__TARGET_SOLARIS__RB__ && !DEFINED___LB__TARGET_LINUX__RB__;DEFINED___LB__TARGET_DARWIN__RB__ && !DEFINED___LB__TARGET_OPENBSD__RB__ && !DEFINED___LB__TARGET_SOLARIS__RB__ && !DEFINED___LB__TARGET_LINUX__RB__ && 1 && !TUN_H;artifact;368;368
src/openvpn/tun.h;1;DEFINED___LB__TARGET_NETBSD__RB__ && !DEFINED___LB__TARGET_DARWIN__RB__ && !DEFINED___LB__TARGET_OPENBSD__RB__ && !DEFINED___LB__TARGET_SOLARIS__RB__ && !DEFINED___LB__TARGET_LINUX__RB__;DEFINED___LB__TARGET_NETBSD__RB__ && !DEFINED___LB__TARGET_DARWIN__RB__ && !DEFINED___LB__TARGET_OPENBSD__RB__ && !DEFINED___LB__TARGET_SOLARIS__RB__ && !DEFINED___LB__TARGET_LINUX__RB__ && 1 && !TUN_H;elif;369;369
src/openvpn/tun.h;1;DEFINED___LB__TARGET_NETBSD__RB__ && !DEFINED___LB__TARGET_DARWIN__RB__ && !DEFINED___LB__TARGET_OPENBSD__RB__ && !DEFINED___LB__TARGET_SOLARIS__RB__ && !DEFINED___LB__TARGET_LINUX__RB__;DEFINED___LB__TARGET_NETBSD__RB__ && !DEFINED___LB__TARGET_DARWIN__RB__ && !DEFINED___LB__TARGET_OPENBSD__RB__ && !DEFINED___LB__TARGET_SOLARIS__RB__ && !DEFINED___LB__TARGET_LINUX__RB__ && 1 && !TUN_H;artifact;370;370
src/openvpn/tun.h;1;DEFINED___LB___WIN32__RB__ && !DEFINED___LB__TARGET_NETBSD__RB__ && !DEFINED___LB__TARGET_DARWIN__RB__ && !DEFINED___LB__TARGET_OPENBSD__RB__ && !DEFINED___LB__TARGET_SOLARIS__RB__ && !DEFINED___LB__TARGET_LINUX__RB__;DEFINED___LB___WIN32__RB__ && !DEFINED___LB__TARGET_NETBSD__RB__ && !DEFINED___LB__TARGET_DARWIN__RB__ && !DEFINED___LB__TARGET_OPENBSD__RB__ && !DEFINED___LB__TARGET_SOLARIS__RB__ && !DEFINED___LB__TARGET_LINUX__RB__ && 1 && !TUN_H;elif;371;371
src/openvpn/tun.h;1;DEFINED___LB___WIN32__RB__ && !DEFINED___LB__TARGET_NETBSD__RB__ && !DEFINED___LB__TARGET_DARWIN__RB__ && !DEFINED___LB__TARGET_OPENBSD__RB__ && !DEFINED___LB__TARGET_SOLARIS__RB__ && !DEFINED___LB__TARGET_LINUX__RB__;DEFINED___LB___WIN32__RB__ && !DEFINED___LB__TARGET_NETBSD__RB__ && !DEFINED___LB__TARGET_DARWIN__RB__ && !DEFINED___LB__TARGET_OPENBSD__RB__ && !DEFINED___LB__TARGET_SOLARIS__RB__ && !DEFINED___LB__TARGET_LINUX__RB__ && 1 && !TUN_H;artifact;372;372
src/openvpn/tun.h;1;DEFINED___LB__TARGET_ANDROID__RB__ && !DEFINED___LB___WIN32__RB__ && !DEFINED___LB__TARGET_NETBSD__RB__ && !DEFINED___LB__TARGET_DARWIN__RB__ && !DEFINED___LB__TARGET_OPENBSD__RB__ && !DEFINED___LB__TARGET_SOLARIS__RB__ && !DEFINED___LB__TARGET_LINUX__RB__;DEFINED___LB__TARGET_ANDROID__RB__ && !DEFINED___LB___WIN32__RB__ && !DEFINED___LB__TARGET_NETBSD__RB__ && !DEFINED___LB__TARGET_DARWIN__RB__ && !DEFINED___LB__TARGET_OPENBSD__RB__ && !DEFINED___LB__TARGET_SOLARIS__RB__ && !DEFINED___LB__TARGET_LINUX__RB__ && 1 && !TUN_H;elif;373;373
src/openvpn/tun.h;1;DEFINED___LB__TARGET_ANDROID__RB__ && !DEFINED___LB___WIN32__RB__ && !DEFINED___LB__TARGET_NETBSD__RB__ && !DEFINED___LB__TARGET_DARWIN__RB__ && !DEFINED___LB__TARGET_OPENBSD__RB__ && !DEFINED___LB__TARGET_SOLARIS__RB__ && !DEFINED___LB__TARGET_LINUX__RB__;DEFINED___LB__TARGET_ANDROID__RB__ && !DEFINED___LB___WIN32__RB__ && !DEFINED___LB__TARGET_NETBSD__RB__ && !DEFINED___LB__TARGET_DARWIN__RB__ && !DEFINED___LB__TARGET_OPENBSD__RB__ && !DEFINED___LB__TARGET_SOLARIS__RB__ && !DEFINED___LB__TARGET_LINUX__RB__ && 1 && !TUN_H;artifact;374;374
src/openvpn/tun.h;1;!DEFINED___LB__TARGET_ANDROID__RB__ && !DEFINED___LB___WIN32__RB__ && !DEFINED___LB__TARGET_NETBSD__RB__ && !DEFINED___LB__TARGET_DARWIN__RB__ && !DEFINED___LB__TARGET_OPENBSD__RB__ && !DEFINED___LB__TARGET_SOLARIS__RB__ && !DEFINED___LB__TARGET_LINUX__RB__;!DEFINED___LB__TARGET_ANDROID__RB__ && !DEFINED___LB___WIN32__RB__ && !DEFINED___LB__TARGET_NETBSD__RB__ && !DEFINED___LB__TARGET_DARWIN__RB__ && !DEFINED___LB__TARGET_OPENBSD__RB__ && !DEFINED___LB__TARGET_SOLARIS__RB__ && !DEFINED___LB__TARGET_LINUX__RB__ && 1 && !TUN_H;else;375;375
src/openvpn/tun.h;1;!DEFINED___LB__TARGET_ANDROID__RB__ && !DEFINED___LB___WIN32__RB__ && !DEFINED___LB__TARGET_NETBSD__RB__ && !DEFINED___LB__TARGET_DARWIN__RB__ && !DEFINED___LB__TARGET_OPENBSD__RB__ && !DEFINED___LB__TARGET_SOLARIS__RB__ && !DEFINED___LB__TARGET_LINUX__RB__;!DEFINED___LB__TARGET_ANDROID__RB__ && !DEFINED___LB___WIN32__RB__ && !DEFINED___LB__TARGET_NETBSD__RB__ && !DEFINED___LB__TARGET_DARWIN__RB__ && !DEFINED___LB__TARGET_OPENBSD__RB__ && !DEFINED___LB__TARGET_SOLARIS__RB__ && !DEFINED___LB__TARGET_LINUX__RB__ && 1 && !TUN_H;artifact;376;376
src/openvpn/tun.h;1;!DEFINED___LB__TARGET_ANDROID__RB__ && !DEFINED___LB___WIN32__RB__ && !DEFINED___LB__TARGET_NETBSD__RB__ && !DEFINED___LB__TARGET_DARWIN__RB__ && !DEFINED___LB__TARGET_OPENBSD__RB__ && !DEFINED___LB__TARGET_SOLARIS__RB__ && !DEFINED___LB__TARGET_LINUX__RB__;!DEFINED___LB__TARGET_ANDROID__RB__ && !DEFINED___LB___WIN32__RB__ && !DEFINED___LB__TARGET_NETBSD__RB__ && !DEFINED___LB__TARGET_DARWIN__RB__ && !DEFINED___LB__TARGET_OPENBSD__RB__ && !DEFINED___LB__TARGET_SOLARIS__RB__ && !DEFINED___LB__TARGET_LINUX__RB__ && 1 && !TUN_H;endif;377;377
src/openvpn/tun.h;1;!TUN_H;1 && !TUN_H;artifact;378;386
src/openvpn/tun.h;1;DEFINED___LB__TARGET_ANDROID__RB__;1 && !TUN_H && DEFINED___LB__TARGET_ANDROID__RB__;if;387;387
src/openvpn/tun.h;1;DEFINED___LB__TARGET_ANDROID__RB__;1 && !TUN_H && DEFINED___LB__TARGET_ANDROID__RB__;artifact;388;388
src/openvpn/tun.h;1;!DEFINED___LB__TARGET_ANDROID__RB__;!DEFINED___LB__TARGET_ANDROID__RB__ && 1 && !TUN_H;else;389;389
src/openvpn/tun.h;1;!DEFINED___LB__TARGET_ANDROID__RB__;!DEFINED___LB__TARGET_ANDROID__RB__ && 1 && !TUN_H;artifact;390;390
src/openvpn/tun.h;1;!DEFINED___LB__TARGET_ANDROID__RB__;!DEFINED___LB__TARGET_ANDROID__RB__ && 1 && !TUN_H;endif;391;391
src/openvpn/tun.h;1;!TUN_H;1 && !TUN_H;artifact;392;394
src/openvpn/tun.h;1;_WIN32;1 && !TUN_H && _WIN32;if;395;395
src/openvpn/tun.h;1;_WIN32;1 && !TUN_H && _WIN32;artifact;396;670
src/openvpn/tun.h;1;!_WIN32;!_WIN32 && 1 && !TUN_H;else;671;671
src/openvpn/tun.h;1;!_WIN32;!_WIN32 && 1 && !TUN_H;artifact;672;708
src/openvpn/tun.h;1;!_WIN32;!_WIN32 && 1 && !TUN_H;endif;709;709
src/openvpn/tun.h;1;!TUN_H;1 && !TUN_H;artifact;710;717
src/openvpn/tun.h;1;_WIN32;1 && !TUN_H && _WIN32;if;718;718
src/openvpn/tun.h;1;_WIN32;1 && !TUN_H && _WIN32;artifact;719;719
src/openvpn/tun.h;1;!_WIN32;!_WIN32 && 1 && !TUN_H;else;720;720
src/openvpn/tun.h;1;!_WIN32;!_WIN32 && 1 && !TUN_H;artifact;721;721
src/openvpn/tun.h;1;!_WIN32;!_WIN32 && 1 && !TUN_H;endif;722;722
src/openvpn/tun.h;1;!TUN_H;1 && !TUN_H;artifact;723;745
src/openvpn/tun.h;1;_WIN32;1 && !TUN_H && _WIN32;if;746;746
src/openvpn/tun.h;1;_WIN32;1 && !TUN_H && _WIN32;artifact;747;750
src/openvpn/tun.h;1;_WIN32;1 && !TUN_H && _WIN32;endif;751;751
src/openvpn/tun.h;1;!TUN_H;1 && !TUN_H;artifact;752;764
src/openvpn/tun.h;1;!TUN_H;1 && !TUN_H;endif;765;765
src/openvpn/tun.h;1;1;1;artifact;766;766
src/openvpn/vlan.c;1;1;1;ROOT;1;333
src/openvpn/vlan.c;1;1;1;artifact;1;24
src/openvpn/vlan.c;1;HAVE_CONFIG_H;1 && HAVE_CONFIG_H;if;25;25
src/openvpn/vlan.c;1;HAVE_CONFIG_H;1 && HAVE_CONFIG_H;artifact;26;26
src/openvpn/vlan.c;1;HAVE_CONFIG_H;1 && HAVE_CONFIG_H;endif;27;27
src/openvpn/vlan.c;1;1;1;artifact;28;332
src/openvpn/vlan.h;1;1;1;ROOT;1;46
src/openvpn/vlan.h;1;1;1;artifact;1;24
src/openvpn/vlan.h;1;!VLAN_H;1 && !VLAN_H;if;25;25
src/openvpn/vlan.h;1;!VLAN_H;1 && !VLAN_H;artifact;26;43
src/openvpn/vlan.h;1;!VLAN_H;1 && !VLAN_H;endif;44;44
src/openvpn/vlan.h;1;1;1;artifact;45;45
src/openvpn/win32-util.c;1;1;1;ROOT;1;174
src/openvpn/win32-util.c;1;1;1;artifact;1;28
src/openvpn/win32-util.c;1;HAVE_CONFIG_H;1 && HAVE_CONFIG_H;if;29;29
src/openvpn/win32-util.c;1;HAVE_CONFIG_H;1 && HAVE_CONFIG_H;artifact;30;30
src/openvpn/win32-util.c;1;HAVE_CONFIG_H;1 && HAVE_CONFIG_H;endif;31;31
src/openvpn/win32-util.c;1;1;1;artifact;32;34
src/openvpn/win32-util.c;1;_WIN32;1 && _WIN32;if;35;35
src/openvpn/win32-util.c;1;_WIN32;1 && _WIN32;artifact;36;171
src/openvpn/win32-util.c;1;_WIN32;1 && _WIN32;endif;172;172
src/openvpn/win32-util.c;1;1;1;artifact;173;173
src/openvpn/win32-util.h;1;1;1;ROOT;1;49
src/openvpn/win32-util.h;1;1;1;artifact;1;23
src/openvpn/win32-util.h;1;_WIN32;1 && _WIN32;if;24;24
src/openvpn/win32-util.h;1;!OPENVPN_WIN32_UTIL_H;1 && _WIN32 && !OPENVPN_WIN32_UTIL_H;if;25;25
src/openvpn/win32-util.h;1;!OPENVPN_WIN32_UTIL_H;1 && _WIN32 && !OPENVPN_WIN32_UTIL_H;artifact;26;45
src/openvpn/win32-util.h;1;!OPENVPN_WIN32_UTIL_H;1 && _WIN32 && !OPENVPN_WIN32_UTIL_H;endif;46;46
src/openvpn/win32-util.h;1;_WIN32;1 && _WIN32;endif;47;47
src/openvpn/win32-util.h;1;1;1;artifact;48;48
src/openvpn/win32.c;1;1;1;ROOT;1;1648
src/openvpn/win32.c;1;1;1;artifact;1;28
src/openvpn/win32.c;1;HAVE_CONFIG_H;1 && HAVE_CONFIG_H;if;29;29
src/openvpn/win32.c;1;HAVE_CONFIG_H;1 && HAVE_CONFIG_H;artifact;30;30
src/openvpn/win32.c;1;HAVE_CONFIG_H;1 && HAVE_CONFIG_H;endif;31;31
src/openvpn/win32.c;1;1;1;artifact;32;34
src/openvpn/win32.c;1;_WIN32;1 && _WIN32;if;35;35
src/openvpn/win32.c;1;_WIN32;1 && _WIN32;artifact;36;1327
src/openvpn/win32.c;1;_ARM64_;1 && _WIN32 && _ARM64_;if;1328;1328
src/openvpn/win32.c;1;_ARM64_;1 && _WIN32 && _ARM64_;artifact;1329;1329
src/openvpn/win32.c;1;DEFINED___LB___WIN64__RB__ && !_ARM64_;DEFINED___LB___WIN64__RB__ && !_ARM64_ && 1 && _WIN32;elif;1330;1330
src/openvpn/win32.c;1;DEFINED___LB___WIN64__RB__ && !_ARM64_;DEFINED___LB___WIN64__RB__ && !_ARM64_ && 1 && _WIN32;artifact;1331;1341
src/openvpn/win32.c;1;DEFINED___LB___WIN32__RB__ && !DEFINED___LB___WIN64__RB__ && !_ARM64_;DEFINED___LB___WIN32__RB__ && !DEFINED___LB___WIN64__RB__ && !_ARM64_ && 1 && _WIN32;elif;1342;1342
src/openvpn/win32.c;1;DEFINED___LB___WIN32__RB__ && !DEFINED___LB___WIN64__RB__ && !_ARM64_;DEFINED___LB___WIN32__RB__ && !DEFINED___LB___WIN64__RB__ && !_ARM64_ && 1 && _WIN32;artifact;1343;1378
src/openvpn/win32.c;1;DEFINED___LB___WIN32__RB__ && !DEFINED___LB___WIN64__RB__ && !_ARM64_;DEFINED___LB___WIN32__RB__ && !DEFINED___LB___WIN64__RB__ && !_ARM64_ && 1 && _WIN32;endif;1379;1379
src/openvpn/win32.c;1;_WIN32;1 && _WIN32;artifact;1380;1645
src/openvpn/win32.c;1;_WIN32;1 && _WIN32;endif;1646;1646
src/openvpn/win32.c;1;1;1;artifact;1647;1647
src/openvpn/win32.h;1;1;1;ROOT;1;355
src/openvpn/win32.h;1;1;1;artifact;1;23
src/openvpn/win32.h;1;_WIN32;1 && _WIN32;if;24;24
src/openvpn/win32.h;1;!OPENVPN_WIN32_H;1 && _WIN32 && !OPENVPN_WIN32_H;if;25;25
src/openvpn/win32.h;1;!OPENVPN_WIN32_H;1 && _WIN32 && !OPENVPN_WIN32_H;artifact;26;48
src/openvpn/win32.h;1;!IN6_ARE_ADDR_EQUAL;1 && _WIN32 && !OPENVPN_WIN32_H && !IN6_ARE_ADDR_EQUAL;if;49;49
src/openvpn/win32.h;1;!IN6_ARE_ADDR_EQUAL;1 && _WIN32 && !OPENVPN_WIN32_H && !IN6_ARE_ADDR_EQUAL;artifact;50;51
src/openvpn/win32.h;1;!IN6_ARE_ADDR_EQUAL;1 && _WIN32 && !OPENVPN_WIN32_H && !IN6_ARE_ADDR_EQUAL;endif;52;52
src/openvpn/win32.h;1;!OPENVPN_WIN32_H;1 && _WIN32 && !OPENVPN_WIN32_H;artifact;53;351
src/openvpn/win32.h;1;!OPENVPN_WIN32_H;1 && _WIN32 && !OPENVPN_WIN32_H;endif;352;352
src/openvpn/win32.h;1;_WIN32;1 && _WIN32;endif;353;353
src/openvpn/win32.h;1;1;1;artifact;354;354
src/openvpn/xkey_common.h;1;1;1;ROOT;1;194
src/openvpn/xkey_common.h;1;1;1;artifact;1;24
src/openvpn/xkey_common.h;1;!XKEY_COMMON_H_;1 && !XKEY_COMMON_H_;if;25;25
src/openvpn/xkey_common.h;1;!XKEY_COMMON_H_;1 && !XKEY_COMMON_H_;artifact;26;29
src/openvpn/xkey_common.h;1;DEFINED___LB__ENABLE_CRYPTO_OPENSSL__RB__;1 && !XKEY_COMMON_H_ && DEFINED___LB__ENABLE_CRYPTO_OPENSSL__RB__;if;30;30
src/openvpn/xkey_common.h;1;DEFINED___LB__ENABLE_CRYPTO_OPENSSL__RB__;1 && !XKEY_COMMON_H_ && DEFINED___LB__ENABLE_CRYPTO_OPENSSL__RB__;artifact;31;31
src/openvpn/xkey_common.h;1;OPENSSL_VERSION_NUMBER__GEQ__0x30000010L && !DEFINED___LB__DISABLE_XKEY_PROVIDER__RB__;1 && !XKEY_COMMON_H_ && DEFINED___LB__ENABLE_CRYPTO_OPENSSL__RB__ && OPENSSL_VERSION_NUMBER__GEQ__0x30000010L && !DEFINED___LB__DISABLE_XKEY_PROVIDER__RB__;if;32;32
src/openvpn/xkey_common.h;1;OPENSSL_VERSION_NUMBER__GEQ__0x30000010L && !DEFINED___LB__DISABLE_XKEY_PROVIDER__RB__;1 && !XKEY_COMMON_H_ && DEFINED___LB__ENABLE_CRYPTO_OPENSSL__RB__ && OPENSSL_VERSION_NUMBER__GEQ__0x30000010L && !DEFINED___LB__DISABLE_XKEY_PROVIDER__RB__;artifact;33;187
src/openvpn/xkey_common.h;1;OPENSSL_VERSION_NUMBER__GEQ__0x30000010L && !DEFINED___LB__DISABLE_XKEY_PROVIDER__RB__;1 && !XKEY_COMMON_H_ && DEFINED___LB__ENABLE_CRYPTO_OPENSSL__RB__ && OPENSSL_VERSION_NUMBER__GEQ__0x30000010L && !DEFINED___LB__DISABLE_XKEY_PROVIDER__RB__;endif;188;188
src/openvpn/xkey_common.h;1;DEFINED___LB__ENABLE_CRYPTO_OPENSSL__RB__;1 && !XKEY_COMMON_H_ && DEFINED___LB__ENABLE_CRYPTO_OPENSSL__RB__;artifact;189;189
src/openvpn/xkey_common.h;1;DEFINED___LB__ENABLE_CRYPTO_OPENSSL__RB__;1 && !XKEY_COMMON_H_ && DEFINED___LB__ENABLE_CRYPTO_OPENSSL__RB__;endif;190;190
src/openvpn/xkey_common.h;1;!XKEY_COMMON_H_;1 && !XKEY_COMMON_H_;artifact;191;191
src/openvpn/xkey_common.h;1;!XKEY_COMMON_H_;1 && !XKEY_COMMON_H_;endif;192;192
src/openvpn/xkey_common.h;1;1;1;artifact;193;193
src/openvpn/xkey_helper.c;1;1;1;ROOT;1;449
src/openvpn/xkey_helper.c;1;1;1;artifact;1;24
src/openvpn/xkey_helper.c;1;HAVE_CONFIG_H;1 && HAVE_CONFIG_H;if;25;25
src/openvpn/xkey_helper.c;1;HAVE_CONFIG_H;1 && HAVE_CONFIG_H;artifact;26;26
src/openvpn/xkey_helper.c;1;HAVE_CONFIG_H;1 && HAVE_CONFIG_H;endif;27;27
src/openvpn/xkey_helper.c;1;1;1;artifact;28;35
src/openvpn/xkey_helper.c;1;HAVE_XKEY_PROVIDER;1 && HAVE_XKEY_PROVIDER;if;36;36
src/openvpn/xkey_helper.c;1;HAVE_XKEY_PROVIDER;1 && HAVE_XKEY_PROVIDER;artifact;37;85
src/openvpn/xkey_helper.c;1;ENABLE_MANAGEMENT;1 && HAVE_XKEY_PROVIDER && ENABLE_MANAGEMENT;if;86;86
src/openvpn/xkey_helper.c;1;ENABLE_MANAGEMENT;1 && HAVE_XKEY_PROVIDER && ENABLE_MANAGEMENT;artifact;87;108
src/openvpn/xkey_helper.c;1;ENABLE_MANAGEMENT;1 && HAVE_XKEY_PROVIDER && ENABLE_MANAGEMENT;endif;109;109
src/openvpn/xkey_helper.c;1;HAVE_XKEY_PROVIDER;1 && HAVE_XKEY_PROVIDER;artifact;110;149
src/openvpn/xkey_helper.c;1;ENABLE_MANAGEMENT;1 && HAVE_XKEY_PROVIDER && ENABLE_MANAGEMENT;if;150;150
src/openvpn/xkey_helper.c;1;ENABLE_MANAGEMENT;1 && HAVE_XKEY_PROVIDER && ENABLE_MANAGEMENT;artifact;151;280
src/openvpn/xkey_helper.c;1;ENABLE_MANAGEMENT;1 && HAVE_XKEY_PROVIDER && ENABLE_MANAGEMENT;endif;281;281
src/openvpn/xkey_helper.c;1;HAVE_XKEY_PROVIDER;1 && HAVE_XKEY_PROVIDER;artifact;282;446
src/openvpn/xkey_helper.c;1;HAVE_XKEY_PROVIDER;1 && HAVE_XKEY_PROVIDER;endif;447;447
src/openvpn/xkey_helper.c;1;1;1;artifact;448;448
src/openvpn/xkey_provider.c;1;1;1;ROOT;1;1269
src/openvpn/xkey_provider.c;1;1;1;artifact;1;24
src/openvpn/xkey_provider.c;1;HAVE_CONFIG_H;1 && HAVE_CONFIG_H;if;25;25
src/openvpn/xkey_provider.c;1;HAVE_CONFIG_H;1 && HAVE_CONFIG_H;artifact;26;26
src/openvpn/xkey_provider.c;1;HAVE_CONFIG_H;1 && HAVE_CONFIG_H;endif;27;27
src/openvpn/xkey_provider.c;1;1;1;artifact;28;33
src/openvpn/xkey_provider.c;1;HAVE_XKEY_PROVIDER;1 && HAVE_XKEY_PROVIDER;if;34;34
src/openvpn/xkey_provider.c;1;HAVE_XKEY_PROVIDER;1 && HAVE_XKEY_PROVIDER;artifact;35;1266
src/openvpn/xkey_provider.c;1;HAVE_XKEY_PROVIDER;1 && HAVE_XKEY_PROVIDER;endif;1267;1267
src/openvpn/xkey_provider.c;1;1;1;artifact;1268;1268
src/openvpnmsica/dllmain.c;1;1;1;ROOT;1;198
src/openvpnmsica/dllmain.c;1;1;1;artifact;1;20
src/openvpnmsica/dllmain.c;1;HAVE_CONFIG_H;1 && HAVE_CONFIG_H;if;21;21
src/openvpnmsica/dllmain.c;1;HAVE_CONFIG_H;1 && HAVE_CONFIG_H;artifact;22;22
src/openvpnmsica/dllmain.c;1;HAVE_CONFIG_H;1 && HAVE_CONFIG_H;endif;23;23
src/openvpnmsica/dllmain.c;1;1;1;artifact;24;30
src/openvpnmsica/dllmain.c;1;_MSC_VER;1 && _MSC_VER;if;31;31
src/openvpnmsica/dllmain.c;1;_MSC_VER;1 && _MSC_VER;artifact;32;32
src/openvpnmsica/dllmain.c;1;_MSC_VER;1 && _MSC_VER;endif;33;33
src/openvpnmsica/dllmain.c;1;1;1;artifact;34;197
src/openvpnmsica/msica_arg.c;1;1;1;ROOT;1;139
src/openvpnmsica/msica_arg.c;1;1;1;artifact;1;20
src/openvpnmsica/msica_arg.c;1;HAVE_CONFIG_H;1 && HAVE_CONFIG_H;if;21;21
src/openvpnmsica/msica_arg.c;1;HAVE_CONFIG_H;1 && HAVE_CONFIG_H;artifact;22;22
src/openvpnmsica/msica_arg.c;1;HAVE_CONFIG_H;1 && HAVE_CONFIG_H;endif;23;23
src/openvpnmsica/msica_arg.c;1;1;1;artifact;24;111
src/openvpnmsica/msica_arg.c;1;_MSC_VER;1 && _MSC_VER;if;112;112
src/openvpnmsica/msica_arg.c;1;_MSC_VER;1 && _MSC_VER;artifact;113;114
src/openvpnmsica/msica_arg.c;1;_MSC_VER;1 && _MSC_VER;endif;115;115
src/openvpnmsica/msica_arg.c;1;1;1;artifact;116;131
src/openvpnmsica/msica_arg.c;1;_MSC_VER;1 && _MSC_VER;if;132;132
src/openvpnmsica/msica_arg.c;1;_MSC_VER;1 && _MSC_VER;artifact;133;133
src/openvpnmsica/msica_arg.c;1;_MSC_VER;1 && _MSC_VER;endif;134;134
src/openvpnmsica/msica_arg.c;1;1;1;artifact;135;138
src/openvpnmsica/msica_arg.h;1;1;1;ROOT;1;114
src/openvpnmsica/msica_arg.h;1;1;1;artifact;1;20
src/openvpnmsica/msica_arg.h;1;!MSICA_ARG_H;1 && !MSICA_ARG_H;if;21;21
src/openvpnmsica/msica_arg.h;1;!MSICA_ARG_H;1 && !MSICA_ARG_H;artifact;22;28
src/openvpnmsica/msica_arg.h;1;_MSC_VER;1 && !MSICA_ARG_H && _MSC_VER;if;29;29
src/openvpnmsica/msica_arg.h;1;_MSC_VER;1 && !MSICA_ARG_H && _MSC_VER;artifact;30;31
src/openvpnmsica/msica_arg.h;1;_MSC_VER;1 && !MSICA_ARG_H && _MSC_VER;endif;32;32
src/openvpnmsica/msica_arg.h;1;!MSICA_ARG_H;1 && !MSICA_ARG_H;artifact;33;107
src/openvpnmsica/msica_arg.h;1;_MSC_VER;1 && !MSICA_ARG_H && _MSC_VER;if;108;108
src/openvpnmsica/msica_arg.h;1;_MSC_VER;1 && !MSICA_ARG_H && _MSC_VER;artifact;109;109
src/openvpnmsica/msica_arg.h;1;_MSC_VER;1 && !MSICA_ARG_H && _MSC_VER;endif;110;110
src/openvpnmsica/msica_arg.h;1;!MSICA_ARG_H;1 && !MSICA_ARG_H;artifact;111;111
src/openvpnmsica/msica_arg.h;1;!MSICA_ARG_H;1 && !MSICA_ARG_H;endif;112;112
src/openvpnmsica/msica_arg.h;1;1;1;artifact;113;113
src/openvpnmsica/msiex.c;1;1;1;ROOT;1;265
src/openvpnmsica/msiex.c;1;1;1;artifact;1;20
src/openvpnmsica/msiex.c;1;HAVE_CONFIG_H;1 && HAVE_CONFIG_H;if;21;21
src/openvpnmsica/msiex.c;1;HAVE_CONFIG_H;1 && HAVE_CONFIG_H;artifact;22;22
src/openvpnmsica/msiex.c;1;HAVE_CONFIG_H;1 && HAVE_CONFIG_H;endif;23;23
src/openvpnmsica/msiex.c;1;1;1;artifact;24;31
src/openvpnmsica/msiex.c;1;_MSC_VER;1 && _MSC_VER;if;32;32
src/openvpnmsica/msiex.c;1;_MSC_VER;1 && _MSC_VER;artifact;33;33
src/openvpnmsica/msiex.c;1;_MSC_VER;1 && _MSC_VER;endif;34;34
src/openvpnmsica/msiex.c;1;1;1;artifact;35;264
src/openvpnmsica/msiex.h;1;1;1;ROOT;1;114
src/openvpnmsica/msiex.h;1;1;1;artifact;1;20
src/openvpnmsica/msiex.h;1;!MSIHLP_H;1 && !MSIHLP_H;if;21;21
src/openvpnmsica/msiex.h;1;!MSIHLP_H;1 && !MSIHLP_H;artifact;22;111
src/openvpnmsica/msiex.h;1;!MSIHLP_H;1 && !MSIHLP_H;endif;112;112
src/openvpnmsica/msiex.h;1;1;1;artifact;113;113
src/openvpnmsica/openvpnmsica.c;1;1;1;ROOT;1;1201
src/openvpnmsica/openvpnmsica.c;1;1;1;artifact;1;20
src/openvpnmsica/openvpnmsica.c;1;HAVE_CONFIG_H;1 && HAVE_CONFIG_H;if;21;21
src/openvpnmsica/openvpnmsica.c;1;HAVE_CONFIG_H;1 && HAVE_CONFIG_H;artifact;22;22
src/openvpnmsica/openvpnmsica.c;1;HAVE_CONFIG_H;1 && HAVE_CONFIG_H;endif;23;23
src/openvpnmsica/openvpnmsica.c;1;1;1;artifact;24;48
src/openvpnmsica/openvpnmsica.c;1;_MSC_VER;1 && _MSC_VER;if;49;49
src/openvpnmsica/openvpnmsica.c;1;_MSC_VER;1 && _MSC_VER;artifact;50;54
src/openvpnmsica/openvpnmsica.c;1;_MSC_VER;1 && _MSC_VER;endif;55;55
src/openvpnmsica/openvpnmsica.c;1;1;1;artifact;56;98
src/openvpnmsica/openvpnmsica.c;1;_DEBUG;1 && _DEBUG;if;99;99
src/openvpnmsica/openvpnmsica.c;1;_DEBUG;1 && _DEBUG;artifact;100;139
src/openvpnmsica/openvpnmsica.c;1;!_DEBUG;!_DEBUG && 1;else;140;140
src/openvpnmsica/openvpnmsica.c;1;!_DEBUG;!_DEBUG && 1;artifact;141;141
src/openvpnmsica/openvpnmsica.c;1;!_DEBUG;!_DEBUG && 1;endif;142;142
src/openvpnmsica/openvpnmsica.c;1;1;1;artifact;143;302
src/openvpnmsica/openvpnmsica.c;1;_MSC_VER;1 && _MSC_VER;if;303;303
src/openvpnmsica/openvpnmsica.c;1;_MSC_VER;1 && _MSC_VER;artifact;304;304
src/openvpnmsica/openvpnmsica.c;1;_MSC_VER;1 && _MSC_VER;endif;305;305
src/openvpnmsica/openvpnmsica.c;1;1;1;artifact;306;339
src/openvpnmsica/openvpnmsica.c;1;_MSC_VER;1 && _MSC_VER;if;340;340
src/openvpnmsica/openvpnmsica.c;1;_MSC_VER;1 && _MSC_VER;artifact;341;341
src/openvpnmsica/openvpnmsica.c;1;_MSC_VER;1 && _MSC_VER;endif;342;342
src/openvpnmsica/openvpnmsica.c;1;1;1;artifact;343;362
src/openvpnmsica/openvpnmsica.c;1;_MSC_VER;1 && _MSC_VER;if;363;363
src/openvpnmsica/openvpnmsica.c;1;_MSC_VER;1 && _MSC_VER;artifact;364;364
src/openvpnmsica/openvpnmsica.c;1;_MSC_VER;1 && _MSC_VER;endif;365;365
src/openvpnmsica/openvpnmsica.c;1;1;1;artifact;366;635
src/openvpnmsica/openvpnmsica.c;1;_MSC_VER;1 && _MSC_VER;if;636;636
src/openvpnmsica/openvpnmsica.c;1;_MSC_VER;1 && _MSC_VER;artifact;637;637
src/openvpnmsica/openvpnmsica.c;1;_MSC_VER;1 && _MSC_VER;endif;638;638
src/openvpnmsica/openvpnmsica.c;1;1;1;artifact;639;788
src/openvpnmsica/openvpnmsica.c;1;__GNUC__;1 && __GNUC__;if;789;789
src/openvpnmsica/openvpnmsica.c;1;__GNUC__;1 && __GNUC__;artifact;790;795
src/openvpnmsica/openvpnmsica.c;1;__GNUC__;1 && __GNUC__;endif;796;796
src/openvpnmsica/openvpnmsica.c;1;1;1;artifact;797;808
src/openvpnmsica/openvpnmsica.c;1;__GNUC__;1 && __GNUC__;if;809;809
src/openvpnmsica/openvpnmsica.c;1;__GNUC__;1 && __GNUC__;artifact;810;810
src/openvpnmsica/openvpnmsica.c;1;__GNUC__;1 && __GNUC__;endif;811;811
src/openvpnmsica/openvpnmsica.c;1;1;1;artifact;812;964
src/openvpnmsica/openvpnmsica.c;1;_MSC_VER;1 && _MSC_VER;if;965;965
src/openvpnmsica/openvpnmsica.c;1;_MSC_VER;1 && _MSC_VER;artifact;966;966
src/openvpnmsica/openvpnmsica.c;1;_MSC_VER;1 && _MSC_VER;endif;967;967
src/openvpnmsica/openvpnmsica.c;1;1;1;artifact;968;1164
src/openvpnmsica/openvpnmsica.c;1;_MSC_VER;1 && _MSC_VER;if;1165;1165
src/openvpnmsica/openvpnmsica.c;1;_MSC_VER;1 && _MSC_VER;artifact;1166;1166
src/openvpnmsica/openvpnmsica.c;1;_MSC_VER;1 && _MSC_VER;endif;1167;1167
src/openvpnmsica/openvpnmsica.c;1;1;1;artifact;1168;1200
src/openvpnmsica/openvpnmsica.h;1;1;1;ROOT;1;172
src/openvpnmsica/openvpnmsica.h;1;1;1;artifact;1;20
src/openvpnmsica/openvpnmsica.h;1;!MSICA_H;1 && !MSICA_H;if;21;21
src/openvpnmsica/openvpnmsica.h;1;!MSICA_H;1 && !MSICA_H;artifact;22;64
src/openvpnmsica/openvpnmsica.h;1;__cplusplus;1 && !MSICA_H && __cplusplus;if;65;65
src/openvpnmsica/openvpnmsica.h;1;__cplusplus;1 && !MSICA_H && __cplusplus;artifact;66;66
src/openvpnmsica/openvpnmsica.h;1;__cplusplus;1 && !MSICA_H && __cplusplus;endif;67;67
src/openvpnmsica/openvpnmsica.h;1;!MSICA_H;1 && !MSICA_H;artifact;68;68
src/openvpnmsica/openvpnmsica.h;1;__GNUC__;1 && !MSICA_H && __GNUC__;if;69;69
src/openvpnmsica/openvpnmsica.h;1;__GNUC__;1 && !MSICA_H && __GNUC__;artifact;70;70
src/openvpnmsica/openvpnmsica.h;1;!__GNUC__;!__GNUC__ && 1 && !MSICA_H;else;71;71
src/openvpnmsica/openvpnmsica.h;1;!__GNUC__;!__GNUC__ && 1 && !MSICA_H;artifact;72;73
src/openvpnmsica/openvpnmsica.h;1;!__GNUC__;!__GNUC__ && 1 && !MSICA_H;endif;74;74
src/openvpnmsica/openvpnmsica.h;1;!MSICA_H;1 && !MSICA_H;artifact;75;165
src/openvpnmsica/openvpnmsica.h;1;__cplusplus;1 && !MSICA_H && __cplusplus;if;166;166
src/openvpnmsica/openvpnmsica.h;1;__cplusplus;1 && !MSICA_H && __cplusplus;artifact;167;167
src/openvpnmsica/openvpnmsica.h;1;__cplusplus;1 && !MSICA_H && __cplusplus;endif;168;168
src/openvpnmsica/openvpnmsica.h;1;!MSICA_H;1 && !MSICA_H;artifact;169;169
src/openvpnmsica/openvpnmsica.h;1;!MSICA_H;1 && !MSICA_H;endif;170;170
src/openvpnmsica/openvpnmsica.h;1;1;1;artifact;171;171
src/openvpnserv/common.c;1;1;1;ROOT;1;278
src/openvpnserv/common.c;1;1;1;artifact;1;277
src/openvpnserv/interactive.c;1;1;1;ROOT;1;2429
src/openvpnserv/interactive.c;1;1;1;artifact;1;2428
src/openvpnserv/service.c;1;1;1;ROOT;1;308
src/openvpnserv/service.c;1;1;1;artifact;1;307
src/openvpnserv/service.h;1;1;1;ROOT;1;100
src/openvpnserv/service.h;1;1;1;artifact;1;23
src/openvpnserv/service.h;1;!_SERVICE_H;1 && !_SERVICE_H;if;24;24
src/openvpnserv/service.h;1;!_SERVICE_H;1 && !_SERVICE_H;artifact;25;27
src/openvpnserv/service.h;1;!UNICODE;1 && !_SERVICE_H && !UNICODE;if;28;28
src/openvpnserv/service.h;1;!UNICODE;1 && !_SERVICE_H && !UNICODE;artifact;29;29
src/openvpnserv/service.h;1;!UNICODE;1 && !_SERVICE_H && !UNICODE;endif;30;30
src/openvpnserv/service.h;1;!_SERVICE_H;1 && !_SERVICE_H;artifact;31;31
src/openvpnserv/service.h;1;HAVE_CONFIG_H;1 && !_SERVICE_H && HAVE_CONFIG_H;if;32;32
src/openvpnserv/service.h;1;HAVE_CONFIG_H;1 && !_SERVICE_H && HAVE_CONFIG_H;artifact;33;33
src/openvpnserv/service.h;1;HAVE_CONFIG_H;1 && !_SERVICE_H && HAVE_CONFIG_H;endif;34;34
src/openvpnserv/service.h;1;!_SERVICE_H;1 && !_SERVICE_H;artifact;35;97
src/openvpnserv/service.h;1;!_SERVICE_H;1 && !_SERVICE_H;endif;98;98
src/openvpnserv/service.h;1;1;1;artifact;99;99
src/openvpnserv/validate.c;1;1;1;ROOT;1;338
src/openvpnserv/validate.c;1;1;1;artifact;1;337
src/openvpnserv/validate.h;1;1;1;ROOT;1;49
src/openvpnserv/validate.h;1;1;1;artifact;1;24
src/openvpnserv/validate.h;1;!VALIDATE_H;1 && !VALIDATE_H;if;25;25
src/openvpnserv/validate.h;1;!VALIDATE_H;1 && !VALIDATE_H;artifact;26;46
src/openvpnserv/validate.h;1;!VALIDATE_H;1 && !VALIDATE_H;endif;47;47
src/openvpnserv/validate.h;1;1;1;artifact;48;48
src/plugins/auth-pam/auth-pam.c;1;1;1;ROOT;1;1061
src/plugins/auth-pam/auth-pam.c;1;1;1;artifact;1;28
src/plugins/auth-pam/auth-pam.c;1;HAVE_CONFIG_H;1 && HAVE_CONFIG_H;if;29;29
src/plugins/auth-pam/auth-pam.c;1;HAVE_CONFIG_H;1 && HAVE_CONFIG_H;artifact;30;30
src/plugins/auth-pam/auth-pam.c;1;HAVE_CONFIG_H;1 && HAVE_CONFIG_H;endif;31;31
src/plugins/auth-pam/auth-pam.c;1;1;1;artifact;32;34
src/plugins/auth-pam/auth-pam.c;1;USE_PAM_DLOPEN;1 && USE_PAM_DLOPEN;if;35;35
src/plugins/auth-pam/auth-pam.c;1;USE_PAM_DLOPEN;1 && USE_PAM_DLOPEN;artifact;36;36
src/plugins/auth-pam/auth-pam.c;1;USE_PAM_DLOPEN;1 && USE_PAM_DLOPEN;endif;37;37
src/plugins/auth-pam/auth-pam.c;1;1;1;artifact;38;199
src/plugins/auth-pam/auth-pam.c;1;DO_DAEMONIZE;1 && DO_DAEMONIZE;if;200;200
src/plugins/auth-pam/auth-pam.c;1;DO_DAEMONIZE;1 && DO_DAEMONIZE;artifact;201;218
src/plugins/auth-pam/auth-pam.c;1;DEFINED___LB____APPLE____RB__ && DEFINED___LB____clang____RB__;1 && DO_DAEMONIZE && DEFINED___LB____APPLE____RB__ && DEFINED___LB____clang____RB__;if;219;219
src/plugins/auth-pam/auth-pam.c;1;DEFINED___LB____APPLE____RB__ && DEFINED___LB____clang____RB__;1 && DO_DAEMONIZE && DEFINED___LB____APPLE____RB__ && DEFINED___LB____clang____RB__;artifact;220;221
src/plugins/auth-pam/auth-pam.c;1;DEFINED___LB____APPLE____RB__ && DEFINED___LB____clang____RB__;1 && DO_DAEMONIZE && DEFINED___LB____APPLE____RB__ && DEFINED___LB____clang____RB__;endif;222;222
src/plugins/auth-pam/auth-pam.c;1;DO_DAEMONIZE;1 && DO_DAEMONIZE;artifact;223;226
src/plugins/auth-pam/auth-pam.c;1;DEFINED___LB____APPLE____RB__ && DEFINED___LB____clang____RB__;1 && DO_DAEMONIZE && DEFINED___LB____APPLE____RB__ && DEFINED___LB____clang____RB__;if;227;227
src/plugins/auth-pam/auth-pam.c;1;DEFINED___LB____APPLE____RB__ && DEFINED___LB____clang____RB__;1 && DO_DAEMONIZE && DEFINED___LB____APPLE____RB__ && DEFINED___LB____clang____RB__;artifact;228;228
src/plugins/auth-pam/auth-pam.c;1;DEFINED___LB____APPLE____RB__ && DEFINED___LB____clang____RB__;1 && DO_DAEMONIZE && DEFINED___LB____APPLE____RB__ && DEFINED___LB____clang____RB__;endif;229;229
src/plugins/auth-pam/auth-pam.c;1;DO_DAEMONIZE;1 && DO_DAEMONIZE;artifact;230;237
src/plugins/auth-pam/auth-pam.c;1;DO_DAEMONIZE;1 && DO_DAEMONIZE;endif;238;238
src/plugins/auth-pam/auth-pam.c;1;1;1;artifact;239;502
src/plugins/auth-pam/auth-pam.c;1;DO_DAEMONIZE;1 && DO_DAEMONIZE;if;503;503
src/plugins/auth-pam/auth-pam.c;1;DO_DAEMONIZE;1 && DO_DAEMONIZE;artifact;504;505
src/plugins/auth-pam/auth-pam.c;1;DO_DAEMONIZE;1 && DO_DAEMONIZE;endif;506;506
src/plugins/auth-pam/auth-pam.c;1;1;1;artifact;507;921
src/plugins/auth-pam/auth-pam.c;1;USE_PAM_DLOPEN;1 && USE_PAM_DLOPEN;if;922;922
src/plugins/auth-pam/auth-pam.c;1;USE_PAM_DLOPEN;1 && USE_PAM_DLOPEN;artifact;923;923
src/plugins/auth-pam/auth-pam.c;1;USE_PAM_DLOPEN;1 && USE_PAM_DLOPEN;endif;924;924
src/plugins/auth-pam/auth-pam.c;1;1;1;artifact;925;933
src/plugins/auth-pam/auth-pam.c;1;USE_PAM_DLOPEN;1 && USE_PAM_DLOPEN;if;934;934
src/plugins/auth-pam/auth-pam.c;1;USE_PAM_DLOPEN;1 && USE_PAM_DLOPEN;artifact;935;943
src/plugins/auth-pam/auth-pam.c;1;USE_PAM_DLOPEN;1 && USE_PAM_DLOPEN;endif;944;944
src/plugins/auth-pam/auth-pam.c;1;1;1;artifact;945;989
src/plugins/auth-pam/auth-pam.c;1;0;1 && 0;if;990;990
src/plugins/auth-pam/auth-pam.c;1;0;1 && 0;artifact;991;992
src/plugins/auth-pam/auth-pam.c;1;1;1 && 1;else;993;993
src/plugins/auth-pam/auth-pam.c;1;1;1 && 1;artifact;994;995
src/plugins/auth-pam/auth-pam.c;1;1;1 && 1;endif;996;996
src/plugins/auth-pam/auth-pam.c;1;1;1;artifact;997;1049
src/plugins/auth-pam/auth-pam.c;1;USE_PAM_DLOPEN;1 && USE_PAM_DLOPEN;if;1050;1050
src/plugins/auth-pam/auth-pam.c;1;USE_PAM_DLOPEN;1 && USE_PAM_DLOPEN;artifact;1051;1051
src/plugins/auth-pam/auth-pam.c;1;USE_PAM_DLOPEN;1 && USE_PAM_DLOPEN;endif;1052;1052
src/plugins/auth-pam/auth-pam.c;1;1;1;artifact;1053;1060
src/plugins/auth-pam/pamdl.c;1;1;1;ROOT;1;201
src/plugins/auth-pam/pamdl.c;1;HAVE_CONFIG_H;1 && HAVE_CONFIG_H;if;1;1
src/plugins/auth-pam/pamdl.c;1;HAVE_CONFIG_H;1 && HAVE_CONFIG_H;artifact;2;2
src/plugins/auth-pam/pamdl.c;1;HAVE_CONFIG_H;1 && HAVE_CONFIG_H;endif;3;3
src/plugins/auth-pam/pamdl.c;1;1;1;artifact;4;4
src/plugins/auth-pam/pamdl.c;1;USE_PAM_DLOPEN;1 && USE_PAM_DLOPEN;if;5;5
src/plugins/auth-pam/pamdl.c;1;USE_PAM_DLOPEN;1 && USE_PAM_DLOPEN;artifact;6;198
src/plugins/auth-pam/pamdl.c;1;USE_PAM_DLOPEN;1 && USE_PAM_DLOPEN;endif;199;199
src/plugins/auth-pam/pamdl.c;1;1;1;artifact;200;200
src/plugins/auth-pam/pamdl.h;1;1;1;ROOT;1;9
src/plugins/auth-pam/pamdl.h;1;USE_PAM_DLOPEN;1 && USE_PAM_DLOPEN;if;1;1
src/plugins/auth-pam/pamdl.h;1;USE_PAM_DLOPEN;1 && USE_PAM_DLOPEN;artifact;2;6
src/plugins/auth-pam/pamdl.h;1;USE_PAM_DLOPEN;1 && USE_PAM_DLOPEN;endif;7;7
src/plugins/auth-pam/pamdl.h;1;1;1;artifact;8;8
src/plugins/auth-pam/utils.c;1;1;1;ROOT;1;127
src/plugins/auth-pam/utils.c;1;1;1;artifact;1;27
src/plugins/auth-pam/utils.c;1;HAVE_CONFIG_H;1 && HAVE_CONFIG_H;if;28;28
src/plugins/auth-pam/utils.c;1;HAVE_CONFIG_H;1 && HAVE_CONFIG_H;artifact;29;29
src/plugins/auth-pam/utils.c;1;HAVE_CONFIG_H;1 && HAVE_CONFIG_H;endif;30;30
src/plugins/auth-pam/utils.c;1;1;1;artifact;31;126
src/plugins/auth-pam/utils.h;1;1;1;ROOT;1;67
src/plugins/auth-pam/utils.h;1;1;1;artifact;1;23
src/plugins/auth-pam/utils.h;1;!_PLUGIN_AUTH_PAM_UTILS__H;1 && !_PLUGIN_AUTH_PAM_UTILS__H;if;24;24
src/plugins/auth-pam/utils.h;1;!_PLUGIN_AUTH_PAM_UTILS__H;1 && !_PLUGIN_AUTH_PAM_UTILS__H;artifact;25;64
src/plugins/auth-pam/utils.h;1;!_PLUGIN_AUTH_PAM_UTILS__H;1 && !_PLUGIN_AUTH_PAM_UTILS__H;endif;65;65
src/plugins/auth-pam/utils.h;1;1;1;artifact;66;66
src/plugins/down-root/down-root.c;1;1;1;ROOT;1;582
src/plugins/down-root/down-root.c;1;1;1;artifact;1;28
src/plugins/down-root/down-root.c;1;HAVE_CONFIG_H;1 && HAVE_CONFIG_H;if;29;29
src/plugins/down-root/down-root.c;1;HAVE_CONFIG_H;1 && HAVE_CONFIG_H;artifact;30;30
src/plugins/down-root/down-root.c;1;HAVE_CONFIG_H;1 && HAVE_CONFIG_H;endif;31;31
src/plugins/down-root/down-root.c;1;1;1;artifact;32;175
src/plugins/down-root/down-root.c;1;DEFINED___LB____APPLE____RB__ && DEFINED___LB____clang____RB__;1 && DEFINED___LB____APPLE____RB__ && DEFINED___LB____clang____RB__;if;176;176
src/plugins/down-root/down-root.c;1;DEFINED___LB____APPLE____RB__ && DEFINED___LB____clang____RB__;1 && DEFINED___LB____APPLE____RB__ && DEFINED___LB____clang____RB__;artifact;177;178
src/plugins/down-root/down-root.c;1;DEFINED___LB____APPLE____RB__ && DEFINED___LB____clang____RB__;1 && DEFINED___LB____APPLE____RB__ && DEFINED___LB____clang____RB__;endif;179;179
src/plugins/down-root/down-root.c;1;1;1;artifact;180;183
src/plugins/down-root/down-root.c;1;DEFINED___LB____APPLE____RB__ && DEFINED___LB____clang____RB__;1 && DEFINED___LB____APPLE____RB__ && DEFINED___LB____clang____RB__;if;184;184
src/plugins/down-root/down-root.c;1;DEFINED___LB____APPLE____RB__ && DEFINED___LB____clang____RB__;1 && DEFINED___LB____APPLE____RB__ && DEFINED___LB____clang____RB__;artifact;185;185
src/plugins/down-root/down-root.c;1;DEFINED___LB____APPLE____RB__ && DEFINED___LB____clang____RB__;1 && DEFINED___LB____APPLE____RB__ && DEFINED___LB____clang____RB__;endif;186;186
src/plugins/down-root/down-root.c;1;1;1;artifact;187;581
src/tapctl/basic.h;1;1;1;ROOT;1;68
src/tapctl/basic.h;1;1;1;artifact;1;21
src/tapctl/basic.h;1;!BASIC_H;1 && !BASIC_H;if;22;22
src/tapctl/basic.h;1;!BASIC_H;1 && !BASIC_H;artifact;23;24
src/tapctl/basic.h;1;_UNICODE;1 && !BASIC_H && _UNICODE;if;25;25
src/tapctl/basic.h;1;_UNICODE;1 && !BASIC_H && _UNICODE;artifact;26;27
src/tapctl/basic.h;1;!_UNICODE;!_UNICODE && 1 && !BASIC_H;else;28;28
src/tapctl/basic.h;1;!_UNICODE;!_UNICODE && 1 && !BASIC_H;artifact;29;30
src/tapctl/basic.h;1;!_UNICODE;!_UNICODE && 1 && !BASIC_H;endif;31;31
src/tapctl/basic.h;1;!BASIC_H;1 && !BASIC_H;artifact;32;40
src/tapctl/basic.h;1;!_In_;1 && !BASIC_H && !_In_;if;41;41
src/tapctl/basic.h;1;!_In_;1 && !BASIC_H && !_In_;artifact;42;42
src/tapctl/basic.h;1;!_In_;1 && !BASIC_H && !_In_;endif;43;43
src/tapctl/basic.h;1;!_In_opt_;1 && !BASIC_H && !_In_opt_;if;44;44
src/tapctl/basic.h;1;!_In_opt_;1 && !BASIC_H && !_In_opt_;artifact;45;45
src/tapctl/basic.h;1;!_In_opt_;1 && !BASIC_H && !_In_opt_;endif;46;46
src/tapctl/basic.h;1;!_In_z_;1 && !BASIC_H && !_In_z_;if;47;47
src/tapctl/basic.h;1;!_In_z_;1 && !BASIC_H && !_In_z_;artifact;48;48
src/tapctl/basic.h;1;!_In_z_;1 && !BASIC_H && !_In_z_;endif;49;49
src/tapctl/basic.h;1;!_Inout_;1 && !BASIC_H && !_Inout_;if;50;50
src/tapctl/basic.h;1;!_Inout_;1 && !BASIC_H && !_Inout_;artifact;51;51
src/tapctl/basic.h;1;!_Inout_;1 && !BASIC_H && !_Inout_;endif;52;52
src/tapctl/basic.h;1;!_Inout_opt_;1 && !BASIC_H && !_Inout_opt_;if;53;53
src/tapctl/basic.h;1;!_Inout_opt_;1 && !BASIC_H && !_Inout_opt_;artifact;54;54
src/tapctl/basic.h;1;!_Inout_opt_;1 && !BASIC_H && !_Inout_opt_;endif;55;55
src/tapctl/basic.h;1;!_Out_;1 && !BASIC_H && !_Out_;if;56;56
src/tapctl/basic.h;1;!_Out_;1 && !BASIC_H && !_Out_;artifact;57;57
src/tapctl/basic.h;1;!_Out_;1 && !BASIC_H && !_Out_;endif;58;58
src/tapctl/basic.h;1;!_Out_opt_;1 && !BASIC_H && !_Out_opt_;if;59;59
src/tapctl/basic.h;1;!_Out_opt_;1 && !BASIC_H && !_Out_opt_;artifact;60;60
src/tapctl/basic.h;1;!_Out_opt_;1 && !BASIC_H && !_Out_opt_;endif;61;61
src/tapctl/basic.h;1;!_Out_z_cap_;1 && !BASIC_H && !_Out_z_cap_;if;62;62
src/tapctl/basic.h;1;!_Out_z_cap_;1 && !BASIC_H && !_Out_z_cap_;artifact;63;63
src/tapctl/basic.h;1;!_Out_z_cap_;1 && !BASIC_H && !_Out_z_cap_;endif;64;64
src/tapctl/basic.h;1;!BASIC_H;1 && !BASIC_H;artifact;65;65
src/tapctl/basic.h;1;!BASIC_H;1 && !BASIC_H;endif;66;66
src/tapctl/basic.h;1;1;1;artifact;67;67
src/tapctl/error.c;1;1;1;ROOT;1;38
src/tapctl/error.c;1;1;1;artifact;1;37
src/tapctl/error.h;1;1;1;ROOT;1;98
src/tapctl/error.h;1;1;1;artifact;1;21
src/tapctl/error.h;1;!ERROR_H;1 && !ERROR_H;if;22;22
src/tapctl/error.h;1;!ERROR_H;1 && !ERROR_H;artifact;23;64
src/tapctl/error.h;1;_MSC_VER;1 && !ERROR_H && _MSC_VER;if;65;65
src/tapctl/error.h;1;_MSC_VER;1 && !ERROR_H && _MSC_VER;artifact;66;66
src/tapctl/error.h;1;_MSC_VER;1 && !ERROR_H && _MSC_VER;endif;67;67
src/tapctl/error.h;1;!ERROR_H;1 && !ERROR_H;artifact;68;70
src/tapctl/error.h;1;ENABLE_DEBUG;1 && !ERROR_H && ENABLE_DEBUG;if;71;71
src/tapctl/error.h;1;ENABLE_DEBUG;1 && !ERROR_H && ENABLE_DEBUG;artifact;72;72
src/tapctl/error.h;1;!ENABLE_DEBUG;!ENABLE_DEBUG && 1 && !ERROR_H;else;73;73
src/tapctl/error.h;1;!ENABLE_DEBUG;!ENABLE_DEBUG && 1 && !ERROR_H;artifact;74;74
src/tapctl/error.h;1;!ENABLE_DEBUG;!ENABLE_DEBUG && 1 && !ERROR_H;endif;75;75
src/tapctl/error.h;1;!ERROR_H;1 && !ERROR_H;artifact;76;95
src/tapctl/error.h;1;!ERROR_H;1 && !ERROR_H;endif;96;96
src/tapctl/error.h;1;1;1;artifact;97;97
src/tapctl/main.c;1;1;1;ROOT;1;529
src/tapctl/main.c;1;1;1;artifact;1;21
src/tapctl/main.c;1;HAVE_CONFIG_H;1 && HAVE_CONFIG_H;if;22;22
src/tapctl/main.c;1;HAVE_CONFIG_H;1 && HAVE_CONFIG_H;artifact;23;23
src/tapctl/main.c;1;HAVE_CONFIG_H;1 && HAVE_CONFIG_H;endif;24;24
src/tapctl/main.c;1;1;1;artifact;25;33
src/tapctl/main.c;1;_MSC_VER;1 && _MSC_VER;if;34;34
src/tapctl/main.c;1;_MSC_VER;1 && _MSC_VER;artifact;35;36
src/tapctl/main.c;1;_MSC_VER;1 && _MSC_VER;endif;37;37
src/tapctl/main.c;1;1;1;artifact;38;528
src/tapctl/tap.c;1;1;1;ROOT;1;1369
src/tapctl/tap.c;1;1;1;artifact;1;20
src/tapctl/tap.c;1;HAVE_CONFIG_H;1 && HAVE_CONFIG_H;if;21;21
src/tapctl/tap.c;1;HAVE_CONFIG_H;1 && HAVE_CONFIG_H;artifact;22;22
src/tapctl/tap.c;1;HAVE_CONFIG_H;1 && HAVE_CONFIG_H;endif;23;23
src/tapctl/tap.c;1;1;1;artifact;24;35
src/tapctl/tap.c;1;_MSC_VER;1 && _MSC_VER;if;36;36
src/tapctl/tap.c;1;_MSC_VER;1 && _MSC_VER;artifact;37;40
src/tapctl/tap.c;1;_MSC_VER;1 && _MSC_VER;endif;41;41
src/tapctl/tap.c;1;1;1;artifact;42;464
src/tapctl/tap.c;1;UNICODE;1 && UNICODE;if;465;465
src/tapctl/tap.c;1;UNICODE;1 && UNICODE;artifact;466;466
src/tapctl/tap.c;1;!UNICODE;!UNICODE && 1;else;467;467
src/tapctl/tap.c;1;!UNICODE;!UNICODE && 1;artifact;468;468
src/tapctl/tap.c;1;!UNICODE;!UNICODE && 1;endif;469;469
src/tapctl/tap.c;1;1;1;artifact;470;499
src/tapctl/tap.c;1;UNICODE;1 && UNICODE;if;500;500
src/tapctl/tap.c;1;UNICODE;1 && UNICODE;artifact;501;501
src/tapctl/tap.c;1;!UNICODE;!UNICODE && 1;else;502;502
src/tapctl/tap.c;1;!UNICODE;!UNICODE && 1;artifact;503;504
src/tapctl/tap.c;1;!UNICODE;!UNICODE && 1;endif;505;505
src/tapctl/tap.c;1;1;1;artifact;506;815
src/tapctl/tap.c;1;HAVE_DIINSTALLDEVICE;1 && HAVE_DIINSTALLDEVICE;if;816;816
src/tapctl/tap.c;1;HAVE_DIINSTALLDEVICE;1 && HAVE_DIINSTALLDEVICE;artifact;817;817
src/tapctl/tap.c;1;!HAVE_DIINSTALLDEVICE;!HAVE_DIINSTALLDEVICE && 1;else;818;818
src/tapctl/tap.c;1;!HAVE_DIINSTALLDEVICE;!HAVE_DIINSTALLDEVICE && 1;artifact;819;832
src/tapctl/tap.c;1;!HAVE_DIINSTALLDEVICE;!HAVE_DIINSTALLDEVICE && 1;endif;833;833
src/tapctl/tap.c;1;1;1;artifact;834;1368
src/tapctl/tap.h;1;1;1;ROOT;1;183
src/tapctl/tap.h;1;1;1;artifact;1;20
src/tapctl/tap.h;1;!TAP_H;1 && !TAP_H;if;21;21
src/tapctl/tap.h;1;!TAP_H;1 && !TAP_H;artifact;22;180
src/tapctl/tap.h;1;!TAP_H;1 && !TAP_H;endif;181;181
src/tapctl/tap.h;1;1;1;artifact;182;182
tests/ntlm_support.c;1;1;1;ROOT;1;54
tests/ntlm_support.c;1;1;1;artifact;1;23
tests/ntlm_support.c;1;HAVE_CONFIG_H;1 && HAVE_CONFIG_H;if;24;24
tests/ntlm_support.c;1;HAVE_CONFIG_H;1 && HAVE_CONFIG_H;artifact;25;25
tests/ntlm_support.c;1;HAVE_CONFIG_H;1 && HAVE_CONFIG_H;endif;26;26
tests/ntlm_support.c;1;1;1;artifact;27;35
tests/ntlm_support.c;1;DEFINED___LB__ENABLE_CRYPTO_OPENSSL__RB__;1 && DEFINED___LB__ENABLE_CRYPTO_OPENSSL__RB__;if;36;36
tests/ntlm_support.c;1;DEFINED___LB__ENABLE_CRYPTO_OPENSSL__RB__;1 && DEFINED___LB__ENABLE_CRYPTO_OPENSSL__RB__;artifact;37;38
tests/ntlm_support.c;1;DEFINED___LB__ENABLE_CRYPTO_OPENSSL__RB__;1 && DEFINED___LB__ENABLE_CRYPTO_OPENSSL__RB__;endif;39;39
tests/ntlm_support.c;1;NTLM;1 && NTLM;if;40;40
tests/ntlm_support.c;1;NTLM;1 && NTLM;artifact;41;48
tests/ntlm_support.c;1;!NTLM;!NTLM && 1;else;49;49
tests/ntlm_support.c;1;!NTLM;!NTLM && 1;artifact;50;50
tests/ntlm_support.c;1;!NTLM;!NTLM && 1;endif;51;51
tests/ntlm_support.c;1;1;1;artifact;52;53
tests/unit_tests/example_test/test.c;1;1;1;ROOT;1;62
tests/unit_tests/example_test/test.c;1;1;1;artifact;1;61
tests/unit_tests/example_test/test2.c;1;1;1;ROOT;1;28
tests/unit_tests/example_test/test2.c;1;1;1;artifact;1;27
tests/unit_tests/openvpn/cert_data.h;1;1;1;ROOT;1;168
tests/unit_tests/openvpn/cert_data.h;1;1;1;artifact;1;24
tests/unit_tests/openvpn/cert_data.h;1;!CERT_DATA_H;1 && !CERT_DATA_H;if;25;25
tests/unit_tests/openvpn/cert_data.h;1;!CERT_DATA_H;1 && !CERT_DATA_H;artifact;26;165
tests/unit_tests/openvpn/cert_data.h;1;!CERT_DATA_H;1 && !CERT_DATA_H;endif;166;166
tests/unit_tests/openvpn/cert_data.h;1;1;1;artifact;167;167
tests/unit_tests/openvpn/mock_get_random.c;1;1;1;ROOT;1;48
tests/unit_tests/openvpn/mock_get_random.c;1;1;1;artifact;1;47
tests/unit_tests/openvpn/mock_management.c;1;1;1;ROOT;1;53
tests/unit_tests/openvpn/mock_management.c;1;1;1;artifact;1;26
tests/unit_tests/openvpn/mock_management.c;1;HAVE_CONFIG_H;1 && HAVE_CONFIG_H;if;27;27
tests/unit_tests/openvpn/mock_management.c;1;HAVE_CONFIG_H;1 && HAVE_CONFIG_H;artifact;28;28
tests/unit_tests/openvpn/mock_management.c;1;HAVE_CONFIG_H;1 && HAVE_CONFIG_H;endif;29;29
tests/unit_tests/openvpn/mock_management.c;1;1;1;artifact;30;34
tests/unit_tests/openvpn/mock_management.c;1;ENABLE_MANAGEMENT;1 && ENABLE_MANAGEMENT;if;35;35
tests/unit_tests/openvpn/mock_management.c;1;ENABLE_MANAGEMENT;1 && ENABLE_MANAGEMENT;artifact;36;50
tests/unit_tests/openvpn/mock_management.c;1;ENABLE_MANAGEMENT;1 && ENABLE_MANAGEMENT;endif;51;51
tests/unit_tests/openvpn/mock_management.c;1;1;1;artifact;52;52
tests/unit_tests/openvpn/mock_msg.c;1;1;1;ROOT;1;114
tests/unit_tests/openvpn/mock_msg.c;1;1;1;artifact;1;23
tests/unit_tests/openvpn/mock_msg.c;1;HAVE_CONFIG_H;1 && HAVE_CONFIG_H;if;24;24
tests/unit_tests/openvpn/mock_msg.c;1;HAVE_CONFIG_H;1 && HAVE_CONFIG_H;artifact;25;25
tests/unit_tests/openvpn/mock_msg.c;1;HAVE_CONFIG_H;1 && HAVE_CONFIG_H;endif;26;26
tests/unit_tests/openvpn/mock_msg.c;1;1;1;artifact;27;33
tests/unit_tests/openvpn/mock_msg.c;1;!NO_CMOCKA;1 && !NO_CMOCKA;if;34;34
tests/unit_tests/openvpn/mock_msg.c;1;!NO_CMOCKA;1 && !NO_CMOCKA;artifact;35;35
tests/unit_tests/openvpn/mock_msg.c;1;!NO_CMOCKA;1 && !NO_CMOCKA;endif;36;36
tests/unit_tests/openvpn/mock_msg.c;1;1;1;artifact;37;78
tests/unit_tests/openvpn/mock_msg.c;1;!NO_CMOCKA;1 && !NO_CMOCKA;if;79;79
tests/unit_tests/openvpn/mock_msg.c;1;!NO_CMOCKA;1 && !NO_CMOCKA;artifact;80;86
tests/unit_tests/openvpn/mock_msg.c;1;NO_CMOCKA;NO_CMOCKA && 1;else;87;87
tests/unit_tests/openvpn/mock_msg.c;1;NO_CMOCKA;NO_CMOCKA && 1;artifact;88;93
tests/unit_tests/openvpn/mock_msg.c;1;NO_CMOCKA;NO_CMOCKA && 1;endif;94;94
tests/unit_tests/openvpn/mock_msg.c;1;1;1;artifact;95;113
tests/unit_tests/openvpn/mock_msg.h;1;1;1;ROOT;1;36
tests/unit_tests/openvpn/mock_msg.h;1;1;1;artifact;1;23
tests/unit_tests/openvpn/mock_msg.h;1;!MOCK_MSG_H;1 && !MOCK_MSG_H;if;24;24
tests/unit_tests/openvpn/mock_msg.h;1;!MOCK_MSG_H;1 && !MOCK_MSG_H;artifact;25;33
tests/unit_tests/openvpn/mock_msg.h;1;!MOCK_MSG_H;1 && !MOCK_MSG_H;endif;34;34
tests/unit_tests/openvpn/mock_msg.h;1;1;1;artifact;35;35
tests/unit_tests/openvpn/mock_ssl_dependencies.c;1;1;1;ROOT;1;69
tests/unit_tests/openvpn/mock_ssl_dependencies.c;1;1;1;artifact;1;26
tests/unit_tests/openvpn/mock_ssl_dependencies.c;1;HAVE_CONFIG_H;1 && HAVE_CONFIG_H;if;27;27
tests/unit_tests/openvpn/mock_ssl_dependencies.c;1;HAVE_CONFIG_H;1 && HAVE_CONFIG_H;artifact;28;28
tests/unit_tests/openvpn/mock_ssl_dependencies.c;1;HAVE_CONFIG_H;1 && HAVE_CONFIG_H;endif;29;29
tests/unit_tests/openvpn/mock_ssl_dependencies.c;1;1;1;artifact;30;68
tests/unit_tests/openvpn/mock_win32_execve.c;1;1;1;ROOT;1;39
tests/unit_tests/openvpn/mock_win32_execve.c;1;1;1;artifact;1;30
tests/unit_tests/openvpn/mock_win32_execve.c;1;_WIN32;1 && _WIN32;if;31;31
tests/unit_tests/openvpn/mock_win32_execve.c;1;_WIN32;1 && _WIN32;artifact;32;36
tests/unit_tests/openvpn/mock_win32_execve.c;1;_WIN32;1 && _WIN32;endif;37;37
tests/unit_tests/openvpn/mock_win32_execve.c;1;1;1;artifact;38;38
tests/unit_tests/openvpn/pkey_test_utils.c;1;1;1;ROOT;1;141
tests/unit_tests/openvpn/pkey_test_utils.c;1;1;1;artifact;1;24
tests/unit_tests/openvpn/pkey_test_utils.c;1;HAVE_CONFIG_H;1 && HAVE_CONFIG_H;if;25;25
tests/unit_tests/openvpn/pkey_test_utils.c;1;HAVE_CONFIG_H;1 && HAVE_CONFIG_H;artifact;26;26
tests/unit_tests/openvpn/pkey_test_utils.c;1;HAVE_CONFIG_H;1 && HAVE_CONFIG_H;endif;27;27
tests/unit_tests/openvpn/pkey_test_utils.c;1;1;1;artifact;28;34
tests/unit_tests/openvpn/pkey_test_utils.c;1;HAVE_XKEY_PROVIDER;1 && HAVE_XKEY_PROVIDER;if;35;35
tests/unit_tests/openvpn/pkey_test_utils.c;1;HAVE_XKEY_PROVIDER;1 && HAVE_XKEY_PROVIDER;artifact;36;138
tests/unit_tests/openvpn/pkey_test_utils.c;1;HAVE_XKEY_PROVIDER;1 && HAVE_XKEY_PROVIDER;endif;139;139
tests/unit_tests/openvpn/pkey_test_utils.c;1;1;1;artifact;140;140
tests/unit_tests/openvpn/test_argv.c;1;1;1;ROOT;1;277
tests/unit_tests/openvpn/test_argv.c;1;1;1;artifact;1;276
tests/unit_tests/openvpn/test_auth_token.c;1;1;1;ROOT;1;433
tests/unit_tests/openvpn/test_auth_token.c;1;1;1;artifact;1;23
tests/unit_tests/openvpn/test_auth_token.c;1;HAVE_CONFIG_H;1 && HAVE_CONFIG_H;if;24;24
tests/unit_tests/openvpn/test_auth_token.c;1;HAVE_CONFIG_H;1 && HAVE_CONFIG_H;artifact;25;25
tests/unit_tests/openvpn/test_auth_token.c;1;HAVE_CONFIG_H;1 && HAVE_CONFIG_H;endif;26;26
tests/unit_tests/openvpn/test_auth_token.c;1;1;1;artifact;27;423
tests/unit_tests/openvpn/test_auth_token.c;1;DEFINED___LB__ENABLE_CRYPTO_OPENSSL__RB__;1 && DEFINED___LB__ENABLE_CRYPTO_OPENSSL__RB__;if;424;424
tests/unit_tests/openvpn/test_auth_token.c;1;DEFINED___LB__ENABLE_CRYPTO_OPENSSL__RB__;1 && DEFINED___LB__ENABLE_CRYPTO_OPENSSL__RB__;artifact;425;425
tests/unit_tests/openvpn/test_auth_token.c;1;DEFINED___LB__ENABLE_CRYPTO_OPENSSL__RB__;1 && DEFINED___LB__ENABLE_CRYPTO_OPENSSL__RB__;endif;426;426
tests/unit_tests/openvpn/test_auth_token.c;1;1;1;artifact;427;432
tests/unit_tests/openvpn/test_buffer.c;1;1;1;ROOT;1;446
tests/unit_tests/openvpn/test_buffer.c;1;1;1;artifact;1;23
tests/unit_tests/openvpn/test_buffer.c;1;HAVE_CONFIG_H;1 && HAVE_CONFIG_H;if;24;24
tests/unit_tests/openvpn/test_buffer.c;1;HAVE_CONFIG_H;1 && HAVE_CONFIG_H;artifact;25;25
tests/unit_tests/openvpn/test_buffer.c;1;HAVE_CONFIG_H;1 && HAVE_CONFIG_H;endif;26;26
tests/unit_tests/openvpn/test_buffer.c;1;1;1;artifact;27;370
tests/unit_tests/openvpn/test_buffer.c;1;DEFINED___LB____GNUC____RB__;1 && DEFINED___LB____GNUC____RB__;if;371;371
tests/unit_tests/openvpn/test_buffer.c;1;DEFINED___LB____GNUC____RB__;1 && DEFINED___LB____GNUC____RB__;artifact;372;373
tests/unit_tests/openvpn/test_buffer.c;1;DEFINED___LB____clang____RB__;1 && DEFINED___LB____GNUC____RB__ && DEFINED___LB____clang____RB__;if;374;374
tests/unit_tests/openvpn/test_buffer.c;1;DEFINED___LB____clang____RB__;1 && DEFINED___LB____GNUC____RB__ && DEFINED___LB____clang____RB__;artifact;375;376
tests/unit_tests/openvpn/test_buffer.c;1;DEFINED___LB____clang____RB__;1 && DEFINED___LB____GNUC____RB__ && DEFINED___LB____clang____RB__;endif;377;377
tests/unit_tests/openvpn/test_buffer.c;1;DEFINED___LB____GNUC____RB__;1 && DEFINED___LB____GNUC____RB__;artifact;378;379
tests/unit_tests/openvpn/test_buffer.c;1;DEFINED___LB____GNUC____RB__;1 && DEFINED___LB____GNUC____RB__;endif;380;380
tests/unit_tests/openvpn/test_buffer.c;1;1;1;artifact;381;398
tests/unit_tests/openvpn/test_buffer.c;1;DEFINED___LB____GNUC____RB__;1 && DEFINED___LB____GNUC____RB__;if;399;399
tests/unit_tests/openvpn/test_buffer.c;1;DEFINED___LB____GNUC____RB__;1 && DEFINED___LB____GNUC____RB__;artifact;400;400
tests/unit_tests/openvpn/test_buffer.c;1;DEFINED___LB____clang____RB__;1 && DEFINED___LB____GNUC____RB__ && DEFINED___LB____clang____RB__;if;401;401
tests/unit_tests/openvpn/test_buffer.c;1;DEFINED___LB____clang____RB__;1 && DEFINED___LB____GNUC____RB__ && DEFINED___LB____clang____RB__;artifact;402;402
tests/unit_tests/openvpn/test_buffer.c;1;DEFINED___LB____clang____RB__;1 && DEFINED___LB____GNUC____RB__ && DEFINED___LB____clang____RB__;endif;403;403
tests/unit_tests/openvpn/test_buffer.c;1;DEFINED___LB____GNUC____RB__;1 && DEFINED___LB____GNUC____RB__;endif;404;404
tests/unit_tests/openvpn/test_buffer.c;1;1;1;artifact;405;445
tests/unit_tests/openvpn/test_common.h;1;1;1;ROOT;1;69
tests/unit_tests/openvpn/test_common.h;1;1;1;artifact;1;57
tests/unit_tests/openvpn/test_common.h;1;DEFINED___LB__UNIT_TEST_SOURCEDIR__RB__;1 && DEFINED___LB__UNIT_TEST_SOURCEDIR__RB__;if;58;58
tests/unit_tests/openvpn/test_common.h;1;DEFINED___LB__UNIT_TEST_SOURCEDIR__RB__;1 && DEFINED___LB__UNIT_TEST_SOURCEDIR__RB__;artifact;59;62
tests/unit_tests/openvpn/test_common.h;1;DEFINED___LB__UNIT_TEST_SOURCEDIR__RB__;1 && DEFINED___LB__UNIT_TEST_SOURCEDIR__RB__;endif;63;63
tests/unit_tests/openvpn/test_common.h;1;1;1;artifact;64;68
tests/unit_tests/openvpn/test_crypto.c;1;1;1;ROOT;1;477
tests/unit_tests/openvpn/test_crypto.c;1;1;1;artifact;1;23
tests/unit_tests/openvpn/test_crypto.c;1;HAVE_CONFIG_H;1 && HAVE_CONFIG_H;if;24;24
tests/unit_tests/openvpn/test_crypto.c;1;HAVE_CONFIG_H;1 && HAVE_CONFIG_H;artifact;25;25
tests/unit_tests/openvpn/test_crypto.c;1;HAVE_CONFIG_H;1 && HAVE_CONFIG_H;endif;26;26
tests/unit_tests/openvpn/test_crypto.c;1;1;1;artifact;27;159
tests/unit_tests/openvpn/test_crypto.c;1;DEFINED___LB__LIBRESSL_VERSION_NUMBER__RB__ || DEFINED___LB__ENABLE_CRYPTO_WOLFSSL__RB__;1 && (DEFINED___LB__LIBRESSL_VERSION_NUMBER__RB__ || DEFINED___LB__ENABLE_CRYPTO_WOLFSSL__RB__);if;160;160
tests/unit_tests/openvpn/test_crypto.c;1;DEFINED___LB__LIBRESSL_VERSION_NUMBER__RB__ || DEFINED___LB__ENABLE_CRYPTO_WOLFSSL__RB__;1 && (DEFINED___LB__LIBRESSL_VERSION_NUMBER__RB__ || DEFINED___LB__ENABLE_CRYPTO_WOLFSSL__RB__);artifact;161;162
tests/unit_tests/openvpn/test_crypto.c;1;!DEFINED___LB__LIBRESSL_VERSION_NUMBER__RB__ && !DEFINED___LB__ENABLE_CRYPTO_WOLFSSL__RB__;!DEFINED___LB__LIBRESSL_VERSION_NUMBER__RB__ && !DEFINED___LB__ENABLE_CRYPTO_WOLFSSL__RB__ && 1;else;163;163
tests/unit_tests/openvpn/test_crypto.c;1;!DEFINED___LB__LIBRESSL_VERSION_NUMBER__RB__ && !DEFINED___LB__ENABLE_CRYPTO_WOLFSSL__RB__;!DEFINED___LB__LIBRESSL_VERSION_NUMBER__RB__ && !DEFINED___LB__ENABLE_CRYPTO_WOLFSSL__RB__ && 1;artifact;164;169
tests/unit_tests/openvpn/test_crypto.c;1;!DEFINED___LB__LIBRESSL_VERSION_NUMBER__RB__ && !DEFINED___LB__ENABLE_CRYPTO_WOLFSSL__RB__;!DEFINED___LB__LIBRESSL_VERSION_NUMBER__RB__ && !DEFINED___LB__ENABLE_CRYPTO_WOLFSSL__RB__ && 1;endif;170;170
tests/unit_tests/openvpn/test_crypto.c;1;1;1;artifact;171;273
tests/unit_tests/openvpn/test_crypto.c;1;DEFINED___LB__USE_COMP__RB__;1 && DEFINED___LB__USE_COMP__RB__;if;274;274
tests/unit_tests/openvpn/test_crypto.c;1;DEFINED___LB__USE_COMP__RB__;1 && DEFINED___LB__USE_COMP__RB__;artifact;275;280
tests/unit_tests/openvpn/test_crypto.c;1;DEFINED___LB__ENABLE_FRAGMENT__RB__;1 && DEFINED___LB__USE_COMP__RB__ && DEFINED___LB__ENABLE_FRAGMENT__RB__;if;281;281
tests/unit_tests/openvpn/test_crypto.c;1;DEFINED___LB__ENABLE_FRAGMENT__RB__;1 && DEFINED___LB__USE_COMP__RB__ && DEFINED___LB__ENABLE_FRAGMENT__RB__;artifact;282;286
tests/unit_tests/openvpn/test_crypto.c;1;DEFINED___LB__ENABLE_FRAGMENT__RB__;1 && DEFINED___LB__USE_COMP__RB__ && DEFINED___LB__ENABLE_FRAGMENT__RB__;endif;287;287
tests/unit_tests/openvpn/test_crypto.c;1;DEFINED___LB__USE_COMP__RB__;1 && DEFINED___LB__USE_COMP__RB__;artifact;288;289
tests/unit_tests/openvpn/test_crypto.c;1;DEFINED___LB__USE_COMP__RB__;1 && DEFINED___LB__USE_COMP__RB__;endif;290;290
tests/unit_tests/openvpn/test_crypto.c;1;1;1;artifact;291;324
tests/unit_tests/openvpn/test_crypto.c;1;DEFINED___LB__USE_COMP__RB__ && DEFINED___LB__ENABLE_FRAGMENT__RB__;1 && DEFINED___LB__USE_COMP__RB__ && DEFINED___LB__ENABLE_FRAGMENT__RB__;if;325;325
tests/unit_tests/openvpn/test_crypto.c;1;DEFINED___LB__USE_COMP__RB__ && DEFINED___LB__ENABLE_FRAGMENT__RB__;1 && DEFINED___LB__USE_COMP__RB__ && DEFINED___LB__ENABLE_FRAGMENT__RB__;artifact;326;336
tests/unit_tests/openvpn/test_crypto.c;1;DEFINED___LB__USE_COMP__RB__ && DEFINED___LB__ENABLE_FRAGMENT__RB__;1 && DEFINED___LB__USE_COMP__RB__ && DEFINED___LB__ENABLE_FRAGMENT__RB__;endif;337;337
tests/unit_tests/openvpn/test_crypto.c;1;1;1;artifact;338;399
tests/unit_tests/openvpn/test_crypto.c;1;USE_COMP;1 && USE_COMP;if;400;400
tests/unit_tests/openvpn/test_crypto.c;1;USE_COMP;1 && USE_COMP;artifact;401;426
tests/unit_tests/openvpn/test_crypto.c;1;USE_COMP;1 && USE_COMP;endif;427;427
tests/unit_tests/openvpn/test_crypto.c;1;1;1;artifact;428;463
tests/unit_tests/openvpn/test_crypto.c;1;DEFINED___LB__ENABLE_CRYPTO_OPENSSL__RB__;1 && DEFINED___LB__ENABLE_CRYPTO_OPENSSL__RB__;if;464;464
tests/unit_tests/openvpn/test_crypto.c;1;DEFINED___LB__ENABLE_CRYPTO_OPENSSL__RB__;1 && DEFINED___LB__ENABLE_CRYPTO_OPENSSL__RB__;artifact;465;465
tests/unit_tests/openvpn/test_crypto.c;1;DEFINED___LB__ENABLE_CRYPTO_OPENSSL__RB__;1 && DEFINED___LB__ENABLE_CRYPTO_OPENSSL__RB__;endif;466;466
tests/unit_tests/openvpn/test_crypto.c;1;1;1;artifact;467;469
tests/unit_tests/openvpn/test_crypto.c;1;DEFINED___LB__ENABLE_CRYPTO_OPENSSL__RB__;1 && DEFINED___LB__ENABLE_CRYPTO_OPENSSL__RB__;if;470;470
tests/unit_tests/openvpn/test_crypto.c;1;DEFINED___LB__ENABLE_CRYPTO_OPENSSL__RB__;1 && DEFINED___LB__ENABLE_CRYPTO_OPENSSL__RB__;artifact;471;471
tests/unit_tests/openvpn/test_crypto.c;1;DEFINED___LB__ENABLE_CRYPTO_OPENSSL__RB__;1 && DEFINED___LB__ENABLE_CRYPTO_OPENSSL__RB__;endif;472;472
tests/unit_tests/openvpn/test_crypto.c;1;1;1;artifact;473;476
tests/unit_tests/openvpn/test_cryptoapi.c;1;1;1;ROOT;1;518
tests/unit_tests/openvpn/test_cryptoapi.c;1;1;1;artifact;1;24
tests/unit_tests/openvpn/test_cryptoapi.c;1;HAVE_CONFIG_H;1 && HAVE_CONFIG_H;if;25;25
tests/unit_tests/openvpn/test_cryptoapi.c;1;HAVE_CONFIG_H;1 && HAVE_CONFIG_H;artifact;26;26
tests/unit_tests/openvpn/test_cryptoapi.c;1;HAVE_CONFIG_H;1 && HAVE_CONFIG_H;endif;27;27
tests/unit_tests/openvpn/test_cryptoapi.c;1;1;1;artifact;28;34
tests/unit_tests/openvpn/test_cryptoapi.c;1;DEFINED___LB__HAVE_XKEY_PROVIDER__RB__ && DEFINED___LB__ENABLE_CRYPTOAPI__RB__;1 && DEFINED___LB__HAVE_XKEY_PROVIDER__RB__ && DEFINED___LB__ENABLE_CRYPTOAPI__RB__;if;35;35
tests/unit_tests/openvpn/test_cryptoapi.c;1;DEFINED___LB__HAVE_XKEY_PROVIDER__RB__ && DEFINED___LB__ENABLE_CRYPTOAPI__RB__;1 && DEFINED___LB__HAVE_XKEY_PROVIDER__RB__ && DEFINED___LB__ENABLE_CRYPTOAPI__RB__;artifact;36;75
tests/unit_tests/openvpn/test_cryptoapi.c;1;!_countof;1 && DEFINED___LB__HAVE_XKEY_PROVIDER__RB__ && DEFINED___LB__ENABLE_CRYPTOAPI__RB__ && !_countof;if;76;76
tests/unit_tests/openvpn/test_cryptoapi.c;1;!_countof;1 && DEFINED___LB__HAVE_XKEY_PROVIDER__RB__ && DEFINED___LB__ENABLE_CRYPTOAPI__RB__ && !_countof;artifact;77;77
tests/unit_tests/openvpn/test_cryptoapi.c;1;!_countof;1 && DEFINED___LB__HAVE_XKEY_PROVIDER__RB__ && DEFINED___LB__ENABLE_CRYPTOAPI__RB__ && !_countof;endif;78;78
tests/unit_tests/openvpn/test_cryptoapi.c;1;DEFINED___LB__HAVE_XKEY_PROVIDER__RB__ && DEFINED___LB__ENABLE_CRYPTOAPI__RB__;1 && DEFINED___LB__HAVE_XKEY_PROVIDER__RB__ && DEFINED___LB__ENABLE_CRYPTOAPI__RB__;artifact;79;507
tests/unit_tests/openvpn/test_cryptoapi.c;1;!DEFINED___LB__HAVE_XKEY_PROVIDER__RB__ || !DEFINED___LB__ENABLE_CRYPTOAPI__RB__;(!DEFINED___LB__HAVE_XKEY_PROVIDER__RB__ || !DEFINED___LB__ENABLE_CRYPTOAPI__RB__) && 1;else;508;508
tests/unit_tests/openvpn/test_cryptoapi.c;1;!DEFINED___LB__HAVE_XKEY_PROVIDER__RB__ || !DEFINED___LB__ENABLE_CRYPTOAPI__RB__;(!DEFINED___LB__HAVE_XKEY_PROVIDER__RB__ || !DEFINED___LB__ENABLE_CRYPTOAPI__RB__) && 1;artifact;509;515
tests/unit_tests/openvpn/test_cryptoapi.c;1;!DEFINED___LB__HAVE_XKEY_PROVIDER__RB__ || !DEFINED___LB__ENABLE_CRYPTOAPI__RB__;(!DEFINED___LB__HAVE_XKEY_PROVIDER__RB__ || !DEFINED___LB__ENABLE_CRYPTOAPI__RB__) && 1;endif;516;516
tests/unit_tests/openvpn/test_cryptoapi.c;1;1;1;artifact;517;517
tests/unit_tests/openvpn/test_misc.c;1;1;1;ROOT;1;330
tests/unit_tests/openvpn/test_misc.c;1;1;1;artifact;1;23
tests/unit_tests/openvpn/test_misc.c;1;HAVE_CONFIG_H;1 && HAVE_CONFIG_H;if;24;24
tests/unit_tests/openvpn/test_misc.c;1;HAVE_CONFIG_H;1 && HAVE_CONFIG_H;artifact;25;25
tests/unit_tests/openvpn/test_misc.c;1;HAVE_CONFIG_H;1 && HAVE_CONFIG_H;endif;26;26
tests/unit_tests/openvpn/test_misc.c;1;1;1;artifact;27;329
tests/unit_tests/openvpn/test_ncp.c;1;1;1;ROOT;1;283
tests/unit_tests/openvpn/test_ncp.c;1;1;1;artifact;1;23
tests/unit_tests/openvpn/test_ncp.c;1;HAVE_CONFIG_H;1 && HAVE_CONFIG_H;if;24;24
tests/unit_tests/openvpn/test_ncp.c;1;HAVE_CONFIG_H;1 && HAVE_CONFIG_H;artifact;25;25
tests/unit_tests/openvpn/test_ncp.c;1;HAVE_CONFIG_H;1 && HAVE_CONFIG_H;endif;26;26
tests/unit_tests/openvpn/test_ncp.c;1;1;1;artifact;27;123
tests/unit_tests/openvpn/test_ncp.c;1;ENABLE_CRYPTO_OPENSSL;1 && ENABLE_CRYPTO_OPENSSL;if;124;124
tests/unit_tests/openvpn/test_ncp.c;1;ENABLE_CRYPTO_OPENSSL;1 && ENABLE_CRYPTO_OPENSSL;artifact;125;126
tests/unit_tests/openvpn/test_ncp.c;1;!ENABLE_CRYPTO_OPENSSL;!ENABLE_CRYPTO_OPENSSL && 1;else;127;127
tests/unit_tests/openvpn/test_ncp.c;1;!ENABLE_CRYPTO_OPENSSL;!ENABLE_CRYPTO_OPENSSL && 1;artifact;128;132
tests/unit_tests/openvpn/test_ncp.c;1;!ENABLE_CRYPTO_OPENSSL;!ENABLE_CRYPTO_OPENSSL && 1;endif;133;133
tests/unit_tests/openvpn/test_ncp.c;1;1;1;artifact;134;276
tests/unit_tests/openvpn/test_ncp.c;1;DEFINED___LB__ENABLE_CRYPTO_OPENSSL__RB__;1 && DEFINED___LB__ENABLE_CRYPTO_OPENSSL__RB__;if;277;277
tests/unit_tests/openvpn/test_ncp.c;1;DEFINED___LB__ENABLE_CRYPTO_OPENSSL__RB__;1 && DEFINED___LB__ENABLE_CRYPTO_OPENSSL__RB__;artifact;278;278
tests/unit_tests/openvpn/test_ncp.c;1;DEFINED___LB__ENABLE_CRYPTO_OPENSSL__RB__;1 && DEFINED___LB__ENABLE_CRYPTO_OPENSSL__RB__;endif;279;279
tests/unit_tests/openvpn/test_ncp.c;1;1;1;artifact;280;282
tests/unit_tests/openvpn/test_networking.c;1;1;1;ROOT;1;289
tests/unit_tests/openvpn/test_networking.c;1;1;1;artifact;1;288
tests/unit_tests/openvpn/test_packet_id.c;1;1;1;ROOT;1;305
tests/unit_tests/openvpn/test_packet_id.c;1;1;1;artifact;1;24
tests/unit_tests/openvpn/test_packet_id.c;1;HAVE_CONFIG_H;1 && HAVE_CONFIG_H;if;25;25
tests/unit_tests/openvpn/test_packet_id.c;1;HAVE_CONFIG_H;1 && HAVE_CONFIG_H;artifact;26;26
tests/unit_tests/openvpn/test_packet_id.c;1;HAVE_CONFIG_H;1 && HAVE_CONFIG_H;endif;27;27
tests/unit_tests/openvpn/test_packet_id.c;1;1;1;artifact;28;304
tests/unit_tests/openvpn/test_pkcs11.c;1;1;1;ROOT;1;478
tests/unit_tests/openvpn/test_pkcs11.c;1;1;1;artifact;1;24
tests/unit_tests/openvpn/test_pkcs11.c;1;HAVE_CONFIG_H;1 && HAVE_CONFIG_H;if;25;25
tests/unit_tests/openvpn/test_pkcs11.c;1;HAVE_CONFIG_H;1 && HAVE_CONFIG_H;artifact;26;26
tests/unit_tests/openvpn/test_pkcs11.c;1;HAVE_CONFIG_H;1 && HAVE_CONFIG_H;endif;27;27
tests/unit_tests/openvpn/test_pkcs11.c;1;1;1;artifact;28;182
tests/unit_tests/openvpn/test_pkcs11.c;1;DEFINED___LB__HAVE_XKEY_PROVIDER__RB__;1 && DEFINED___LB__HAVE_XKEY_PROVIDER__RB__;if;183;183
tests/unit_tests/openvpn/test_pkcs11.c;1;DEFINED___LB__HAVE_XKEY_PROVIDER__RB__;1 && DEFINED___LB__HAVE_XKEY_PROVIDER__RB__;artifact;184;185
tests/unit_tests/openvpn/test_pkcs11.c;1;DEFINED___LB__HAVE_XKEY_PROVIDER__RB__;1 && DEFINED___LB__HAVE_XKEY_PROVIDER__RB__;endif;186;186
tests/unit_tests/openvpn/test_pkcs11.c;1;1;1;artifact;187;302
tests/unit_tests/openvpn/test_pkcs11.c;1;DEFINED___LB__HAVE_XKEY_PROVIDER__RB__;1 && DEFINED___LB__HAVE_XKEY_PROVIDER__RB__;if;303;303
tests/unit_tests/openvpn/test_pkcs11.c;1;DEFINED___LB__HAVE_XKEY_PROVIDER__RB__;1 && DEFINED___LB__HAVE_XKEY_PROVIDER__RB__;artifact;304;312
tests/unit_tests/openvpn/test_pkcs11.c;1;DEFINED___LB__HAVE_XKEY_PROVIDER__RB__;1 && DEFINED___LB__HAVE_XKEY_PROVIDER__RB__;endif;313;313
tests/unit_tests/openvpn/test_pkcs11.c;1;1;1;artifact;314;322
tests/unit_tests/openvpn/test_pkcs11.c;1;DEFINED___LB__HAVE_XKEY_PROVIDER__RB__;1 && DEFINED___LB__HAVE_XKEY_PROVIDER__RB__;if;323;323
tests/unit_tests/openvpn/test_pkcs11.c;1;DEFINED___LB__HAVE_XKEY_PROVIDER__RB__;1 && DEFINED___LB__HAVE_XKEY_PROVIDER__RB__;artifact;324;332
tests/unit_tests/openvpn/test_pkcs11.c;1;DEFINED___LB__HAVE_XKEY_PROVIDER__RB__;1 && DEFINED___LB__HAVE_XKEY_PROVIDER__RB__;endif;333;333
tests/unit_tests/openvpn/test_pkcs11.c;1;1;1;artifact;334;408
tests/unit_tests/openvpn/test_pkcs11.c;1;HAVE_XKEY_PROVIDER;1 && HAVE_XKEY_PROVIDER;if;409;409
tests/unit_tests/openvpn/test_pkcs11.c;1;HAVE_XKEY_PROVIDER;1 && HAVE_XKEY_PROVIDER;artifact;410;410
tests/unit_tests/openvpn/test_pkcs11.c;1;!HAVE_XKEY_PROVIDER;!HAVE_XKEY_PROVIDER && 1;else;411;411
tests/unit_tests/openvpn/test_pkcs11.c;1;!HAVE_XKEY_PROVIDER;!HAVE_XKEY_PROVIDER && 1;artifact;412;412
tests/unit_tests/openvpn/test_pkcs11.c;1;!HAVE_XKEY_PROVIDER;!HAVE_XKEY_PROVIDER && 1;endif;413;413
tests/unit_tests/openvpn/test_pkcs11.c;1;1;1;artifact;414;438
tests/unit_tests/openvpn/test_pkcs11.c;1;HAVE_XKEY_PROVIDER;1 && HAVE_XKEY_PROVIDER;if;439;439
tests/unit_tests/openvpn/test_pkcs11.c;1;HAVE_XKEY_PROVIDER;1 && HAVE_XKEY_PROVIDER;artifact;440;441
tests/unit_tests/openvpn/test_pkcs11.c;1;!HAVE_XKEY_PROVIDER;!HAVE_XKEY_PROVIDER && 1;else;442;442
tests/unit_tests/openvpn/test_pkcs11.c;1;!HAVE_XKEY_PROVIDER;!HAVE_XKEY_PROVIDER && 1;artifact;443;447
tests/unit_tests/openvpn/test_pkcs11.c;1;!HAVE_XKEY_PROVIDER;!HAVE_XKEY_PROVIDER && 1;endif;448;448
tests/unit_tests/openvpn/test_pkcs11.c;1;1;1;artifact;449;477
tests/unit_tests/openvpn/test_pkt.c;1;1;1;ROOT;1;658
tests/unit_tests/openvpn/test_pkt.c;1;1;1;artifact;1;23
tests/unit_tests/openvpn/test_pkt.c;1;HAVE_CONFIG_H;1 && HAVE_CONFIG_H;if;24;24
tests/unit_tests/openvpn/test_pkt.c;1;HAVE_CONFIG_H;1 && HAVE_CONFIG_H;artifact;25;25
tests/unit_tests/openvpn/test_pkt.c;1;HAVE_CONFIG_H;1 && HAVE_CONFIG_H;endif;26;26
tests/unit_tests/openvpn/test_pkt.c;1;1;1;artifact;27;644
tests/unit_tests/openvpn/test_pkt.c;1;DEFINED___LB__ENABLE_CRYPTO_OPENSSL__RB__;1 && DEFINED___LB__ENABLE_CRYPTO_OPENSSL__RB__;if;645;645
tests/unit_tests/openvpn/test_pkt.c;1;DEFINED___LB__ENABLE_CRYPTO_OPENSSL__RB__;1 && DEFINED___LB__ENABLE_CRYPTO_OPENSSL__RB__;artifact;646;646
tests/unit_tests/openvpn/test_pkt.c;1;DEFINED___LB__ENABLE_CRYPTO_OPENSSL__RB__;1 && DEFINED___LB__ENABLE_CRYPTO_OPENSSL__RB__;endif;647;647
tests/unit_tests/openvpn/test_pkt.c;1;1;1;artifact;648;650
tests/unit_tests/openvpn/test_pkt.c;1;DEFINED___LB__ENABLE_CRYPTO_OPENSSL__RB__;1 && DEFINED___LB__ENABLE_CRYPTO_OPENSSL__RB__;if;651;651
tests/unit_tests/openvpn/test_pkt.c;1;DEFINED___LB__ENABLE_CRYPTO_OPENSSL__RB__;1 && DEFINED___LB__ENABLE_CRYPTO_OPENSSL__RB__;artifact;652;652
tests/unit_tests/openvpn/test_pkt.c;1;DEFINED___LB__ENABLE_CRYPTO_OPENSSL__RB__;1 && DEFINED___LB__ENABLE_CRYPTO_OPENSSL__RB__;endif;653;653
tests/unit_tests/openvpn/test_pkt.c;1;1;1;artifact;654;657
tests/unit_tests/openvpn/test_provider.c;1;1;1;ROOT;1;437
tests/unit_tests/openvpn/test_provider.c;1;1;1;artifact;1;24
tests/unit_tests/openvpn/test_provider.c;1;HAVE_CONFIG_H;1 && HAVE_CONFIG_H;if;25;25
tests/unit_tests/openvpn/test_provider.c;1;HAVE_CONFIG_H;1 && HAVE_CONFIG_H;artifact;26;26
tests/unit_tests/openvpn/test_provider.c;1;HAVE_CONFIG_H;1 && HAVE_CONFIG_H;endif;27;27
tests/unit_tests/openvpn/test_provider.c;1;1;1;artifact;28;33
tests/unit_tests/openvpn/test_provider.c;1;HAVE_XKEY_PROVIDER;1 && HAVE_XKEY_PROVIDER;if;34;34
tests/unit_tests/openvpn/test_provider.c;1;HAVE_XKEY_PROVIDER;1 && HAVE_XKEY_PROVIDER;artifact;35;47
tests/unit_tests/openvpn/test_provider.c;1;!_countof;1 && HAVE_XKEY_PROVIDER && !_countof;if;48;48
tests/unit_tests/openvpn/test_provider.c;1;!_countof;1 && HAVE_XKEY_PROVIDER && !_countof;artifact;49;49
tests/unit_tests/openvpn/test_provider.c;1;!_countof;1 && HAVE_XKEY_PROVIDER && !_countof;endif;50;50
tests/unit_tests/openvpn/test_provider.c;1;HAVE_XKEY_PROVIDER;1 && HAVE_XKEY_PROVIDER;artifact;51;131
tests/unit_tests/openvpn/test_provider.c;1;ENABLE_MANAGEMENT;1 && HAVE_XKEY_PROVIDER && ENABLE_MANAGEMENT;if;132;132
tests/unit_tests/openvpn/test_provider.c;1;ENABLE_MANAGEMENT;1 && HAVE_XKEY_PROVIDER && ENABLE_MANAGEMENT;artifact;133;133
tests/unit_tests/openvpn/test_provider.c;1;ENABLE_MANAGEMENT;1 && HAVE_XKEY_PROVIDER && ENABLE_MANAGEMENT;endif;134;134
tests/unit_tests/openvpn/test_provider.c;1;HAVE_XKEY_PROVIDER;1 && HAVE_XKEY_PROVIDER;artifact;135;278
tests/unit_tests/openvpn/test_provider.c;1;ENABLE_MANAGEMENT;1 && HAVE_XKEY_PROVIDER && ENABLE_MANAGEMENT;if;279;279
tests/unit_tests/openvpn/test_provider.c;1;ENABLE_MANAGEMENT;1 && HAVE_XKEY_PROVIDER && ENABLE_MANAGEMENT;artifact;280;317
tests/unit_tests/openvpn/test_provider.c;1;ENABLE_MANAGEMENT;1 && HAVE_XKEY_PROVIDER && ENABLE_MANAGEMENT;endif;318;318
tests/unit_tests/openvpn/test_provider.c;1;HAVE_XKEY_PROVIDER;1 && HAVE_XKEY_PROVIDER;artifact;319;417
tests/unit_tests/openvpn/test_provider.c;1;ENABLE_MANAGEMENT;1 && HAVE_XKEY_PROVIDER && ENABLE_MANAGEMENT;if;418;418
tests/unit_tests/openvpn/test_provider.c;1;ENABLE_MANAGEMENT;1 && HAVE_XKEY_PROVIDER && ENABLE_MANAGEMENT;artifact;419;419
tests/unit_tests/openvpn/test_provider.c;1;ENABLE_MANAGEMENT;1 && HAVE_XKEY_PROVIDER && ENABLE_MANAGEMENT;endif;420;420
tests/unit_tests/openvpn/test_provider.c;1;HAVE_XKEY_PROVIDER;1 && HAVE_XKEY_PROVIDER;artifact;421;428
tests/unit_tests/openvpn/test_provider.c;1;!HAVE_XKEY_PROVIDER;!HAVE_XKEY_PROVIDER && 1;else;429;429
tests/unit_tests/openvpn/test_provider.c;1;!HAVE_XKEY_PROVIDER;!HAVE_XKEY_PROVIDER && 1;artifact;430;434
tests/unit_tests/openvpn/test_provider.c;1;!HAVE_XKEY_PROVIDER;!HAVE_XKEY_PROVIDER && 1;endif;435;435
tests/unit_tests/openvpn/test_provider.c;1;1;1;artifact;436;436
tests/unit_tests/openvpn/test_ssl.c;1;1;1;ROOT;1;366
tests/unit_tests/openvpn/test_ssl.c;1;1;1;artifact;1;23
tests/unit_tests/openvpn/test_ssl.c;1;HAVE_CONFIG_H;1 && HAVE_CONFIG_H;if;24;24
tests/unit_tests/openvpn/test_ssl.c;1;HAVE_CONFIG_H;1 && HAVE_CONFIG_H;artifact;25;25
tests/unit_tests/openvpn/test_ssl.c;1;HAVE_CONFIG_H;1 && HAVE_CONFIG_H;endif;26;26
tests/unit_tests/openvpn/test_ssl.c;1;1;1;artifact;27;52
tests/unit_tests/openvpn/test_ssl.c;1;_WIN32;1 && _WIN32;if;53;53
tests/unit_tests/openvpn/test_ssl.c;1;_WIN32;1 && _WIN32;artifact;54;66
tests/unit_tests/openvpn/test_ssl.c;1;_WIN32;1 && _WIN32;endif;67;67
tests/unit_tests/openvpn/test_ssl.c;1;1;1;artifact;68;86
tests/unit_tests/openvpn/test_ssl.c;1;_WIN32;1 && _WIN32;if;87;87
tests/unit_tests/openvpn/test_ssl.c;1;_WIN32;1 && _WIN32;artifact;88;88
tests/unit_tests/openvpn/test_ssl.c;1;!_WIN32;!_WIN32 && 1;else;89;89
tests/unit_tests/openvpn/test_ssl.c;1;!_WIN32;!_WIN32 && 1;artifact;90;90
tests/unit_tests/openvpn/test_ssl.c;1;!_WIN32;!_WIN32 && 1;endif;91;91
tests/unit_tests/openvpn/test_ssl.c;1;1;1;artifact;92;108
tests/unit_tests/openvpn/test_ssl.c;1;ENABLE_CRYPTO_OPENSSL;1 && ENABLE_CRYPTO_OPENSSL;if;109;109
tests/unit_tests/openvpn/test_ssl.c;1;ENABLE_CRYPTO_OPENSSL;1 && ENABLE_CRYPTO_OPENSSL;artifact;110;110
tests/unit_tests/openvpn/test_ssl.c;1;DEFINED___LB__ENABLE_CRYPTO_MBEDTLS__RB__ && !ENABLE_CRYPTO_OPENSSL;DEFINED___LB__ENABLE_CRYPTO_MBEDTLS__RB__ && !ENABLE_CRYPTO_OPENSSL && 1;elif;111;111
tests/unit_tests/openvpn/test_ssl.c;1;DEFINED___LB__ENABLE_CRYPTO_MBEDTLS__RB__ && !ENABLE_CRYPTO_OPENSSL;DEFINED___LB__ENABLE_CRYPTO_MBEDTLS__RB__ && !ENABLE_CRYPTO_OPENSSL && 1;artifact;112;112
tests/unit_tests/openvpn/test_ssl.c;1;DEFINED___LB__ENABLE_CRYPTO_MBEDTLS__RB__ && !ENABLE_CRYPTO_OPENSSL;DEFINED___LB__ENABLE_CRYPTO_MBEDTLS__RB__ && !ENABLE_CRYPTO_OPENSSL && 1;endif;113;113
tests/unit_tests/openvpn/test_ssl.c;1;1;1;artifact;114;352
tests/unit_tests/openvpn/test_ssl.c;1;DEFINED___LB__ENABLE_CRYPTO_OPENSSL__RB__;1 && DEFINED___LB__ENABLE_CRYPTO_OPENSSL__RB__;if;353;353
tests/unit_tests/openvpn/test_ssl.c;1;DEFINED___LB__ENABLE_CRYPTO_OPENSSL__RB__;1 && DEFINED___LB__ENABLE_CRYPTO_OPENSSL__RB__;artifact;354;354
tests/unit_tests/openvpn/test_ssl.c;1;DEFINED___LB__ENABLE_CRYPTO_OPENSSL__RB__;1 && DEFINED___LB__ENABLE_CRYPTO_OPENSSL__RB__;endif;355;355
tests/unit_tests/openvpn/test_ssl.c;1;1;1;artifact;356;358
tests/unit_tests/openvpn/test_ssl.c;1;DEFINED___LB__ENABLE_CRYPTO_OPENSSL__RB__;1 && DEFINED___LB__ENABLE_CRYPTO_OPENSSL__RB__;if;359;359
tests/unit_tests/openvpn/test_ssl.c;1;DEFINED___LB__ENABLE_CRYPTO_OPENSSL__RB__;1 && DEFINED___LB__ENABLE_CRYPTO_OPENSSL__RB__;artifact;360;360
tests/unit_tests/openvpn/test_ssl.c;1;DEFINED___LB__ENABLE_CRYPTO_OPENSSL__RB__;1 && DEFINED___LB__ENABLE_CRYPTO_OPENSSL__RB__;endif;361;361
tests/unit_tests/openvpn/test_ssl.c;1;1;1;artifact;362;365
tests/unit_tests/openvpn/test_tls_crypt.c;1;1;1;ROOT;1;736
tests/unit_tests/openvpn/test_tls_crypt.c;1;1;1;artifact;1;23
tests/unit_tests/openvpn/test_tls_crypt.c;1;HAVE_CONFIG_H;1 && HAVE_CONFIG_H;if;24;24
tests/unit_tests/openvpn/test_tls_crypt.c;1;HAVE_CONFIG_H;1 && HAVE_CONFIG_H;artifact;25;25
tests/unit_tests/openvpn/test_tls_crypt.c;1;HAVE_CONFIG_H;1 && HAVE_CONFIG_H;endif;26;26
tests/unit_tests/openvpn/test_tls_crypt.c;1;1;1;artifact;27;722
tests/unit_tests/openvpn/test_tls_crypt.c;1;DEFINED___LB__ENABLE_CRYPTO_OPENSSL__RB__;1 && DEFINED___LB__ENABLE_CRYPTO_OPENSSL__RB__;if;723;723
tests/unit_tests/openvpn/test_tls_crypt.c;1;DEFINED___LB__ENABLE_CRYPTO_OPENSSL__RB__;1 && DEFINED___LB__ENABLE_CRYPTO_OPENSSL__RB__;artifact;724;724
tests/unit_tests/openvpn/test_tls_crypt.c;1;DEFINED___LB__ENABLE_CRYPTO_OPENSSL__RB__;1 && DEFINED___LB__ENABLE_CRYPTO_OPENSSL__RB__;endif;725;725
tests/unit_tests/openvpn/test_tls_crypt.c;1;1;1;artifact;726;728
tests/unit_tests/openvpn/test_tls_crypt.c;1;DEFINED___LB__ENABLE_CRYPTO_OPENSSL__RB__;1 && DEFINED___LB__ENABLE_CRYPTO_OPENSSL__RB__;if;729;729
tests/unit_tests/openvpn/test_tls_crypt.c;1;DEFINED___LB__ENABLE_CRYPTO_OPENSSL__RB__;1 && DEFINED___LB__ENABLE_CRYPTO_OPENSSL__RB__;artifact;730;730
tests/unit_tests/openvpn/test_tls_crypt.c;1;DEFINED___LB__ENABLE_CRYPTO_OPENSSL__RB__;1 && DEFINED___LB__ENABLE_CRYPTO_OPENSSL__RB__;endif;731;731
tests/unit_tests/openvpn/test_tls_crypt.c;1;1;1;artifact;732;735
tests/unit_tests/openvpn/test_user_pass.c;1;1;1;ROOT;1;346
tests/unit_tests/openvpn/test_user_pass.c;1;1;1;artifact;1;24
tests/unit_tests/openvpn/test_user_pass.c;1;HAVE_CONFIG_H;1 && HAVE_CONFIG_H;if;25;25
tests/unit_tests/openvpn/test_user_pass.c;1;HAVE_CONFIG_H;1 && HAVE_CONFIG_H;artifact;26;26
tests/unit_tests/openvpn/test_user_pass.c;1;HAVE_CONFIG_H;1 && HAVE_CONFIG_H;endif;27;27
tests/unit_tests/openvpn/test_user_pass.c;1;1;1;artifact;28;269
tests/unit_tests/openvpn/test_user_pass.c;1;ENABLE_MANAGEMENT;1 && ENABLE_MANAGEMENT;if;270;270
tests/unit_tests/openvpn/test_user_pass.c;1;ENABLE_MANAGEMENT;1 && ENABLE_MANAGEMENT;artifact;271;324
tests/unit_tests/openvpn/test_user_pass.c;1;ENABLE_MANAGEMENT;1 && ENABLE_MANAGEMENT;endif;325;325
tests/unit_tests/openvpn/test_user_pass.c;1;1;1;artifact;326;332
tests/unit_tests/openvpn/test_user_pass.c;1;ENABLE_MANAGEMENT;1 && ENABLE_MANAGEMENT;if;333;333
tests/unit_tests/openvpn/test_user_pass.c;1;ENABLE_MANAGEMENT;1 && ENABLE_MANAGEMENT;artifact;334;335
tests/unit_tests/openvpn/test_user_pass.c;1;ENABLE_MANAGEMENT;1 && ENABLE_MANAGEMENT;endif;336;336
tests/unit_tests/openvpn/test_user_pass.c;1;1;1;artifact;337;345
tests/unit_tests/plugins/auth-pam/test_search_and_replace.c;1;1;1;ROOT;1;94
tests/unit_tests/plugins/auth-pam/test_search_and_replace.c;1;1;1;artifact;1;93
