Path;File Condition;Block Condition;Presence Condition;Line Type;start;end
app/app_procs.c;1;1;1;ROOT;1;1236
app/app_procs.c;1;1;1;artifact;1;29
app/app_procs.c;1;HAVE_UNISTD_H;1 && HAVE_UNISTD_H;if;30;30
app/app_procs.c;1;HAVE_UNISTD_H;1 && HAVE_UNISTD_H;artifact;31;31
app/app_procs.c;1;HAVE_UNISTD_H;1 && HAVE_UNISTD_H;endif;32;32
app/app_procs.c;1;1;1;artifact;33;376
app/app_procs.c;1;__GNUC__;1 && __GNUC__;if;377;377
app/app_procs.c;1;__GNUC__;1 && __GNUC__;artifact;378;378
app/app_procs.c;1;DEFINED__MSC_VER && !__GNUC__;DEFINED__MSC_VER && !__GNUC__ && 1;elif;379;379
app/app_procs.c;1;DEFINED__MSC_VER && !__GNUC__;DEFINED__MSC_VER && !__GNUC__ && 1;artifact;380;380
app/app_procs.c;1;!DEFINED__MSC_VER && !__GNUC__;!DEFINED__MSC_VER && !__GNUC__ && 1;else;381;381
app/app_procs.c;1;!DEFINED__MSC_VER && !__GNUC__;!DEFINED__MSC_VER && !__GNUC__ && 1;artifact;382;382
app/app_procs.c;1;!DEFINED__MSC_VER && !__GNUC__;!DEFINED__MSC_VER && !__GNUC__ && 1;endif;383;383
app/app_procs.c;1;1;1;artifact;384;391
app/app_procs.c;1;0;1 && 0;if;392;392
app/app_procs.c;1;0;1 && 0;artifact;393;401
app/app_procs.c;1;0;1 && 0;endif;402;402
app/app_procs.c;1;1;1;artifact;403;506
app/app_procs.c;1;G_OS_WIN32;1 && G_OS_WIN32;if;507;507
app/app_procs.c;1;G_OS_WIN32;1 && G_OS_WIN32;artifact;508;509
app/app_procs.c;1;!G_OS_WIN32;!G_OS_WIN32 && 1;else;510;510
app/app_procs.c;1;!G_OS_WIN32;!G_OS_WIN32 && 1;artifact;511;511
app/app_procs.c;1;!G_OS_WIN32;!G_OS_WIN32 && 1;endif;512;512
app/app_procs.c;1;1;1;artifact;513;726
app/app_procs.c;1;DEFINED___TIME__ && DEFINED___DATE__;1 && DEFINED___TIME__ && DEFINED___DATE__;if;727;727
app/app_procs.c;1;DEFINED___TIME__ && DEFINED___DATE__;1 && DEFINED___TIME__ && DEFINED___DATE__;artifact;728;729
app/app_procs.c;1;!DEFINED___TIME__ || !DEFINED___DATE__;(!DEFINED___TIME__ || !DEFINED___DATE__) && 1;else;730;730
app/app_procs.c;1;!DEFINED___TIME__ || !DEFINED___DATE__;(!DEFINED___TIME__ || !DEFINED___DATE__) && 1;artifact;731;731
app/app_procs.c;1;!DEFINED___TIME__ || !DEFINED___DATE__;(!DEFINED___TIME__ || !DEFINED___DATE__) && 1;endif;732;732
app/app_procs.c;1;1;1;artifact;733;822
app/app_procs.c;1;0;1 && 0;if;823;823
app/app_procs.c;1;0;1 && 0;artifact;824;825
app/app_procs.c;1;0;1 && 0;endif;826;826
app/app_procs.c;1;1;1;artifact;827;1043
app/app_procs.c;1;G_OS_WIN32;1 && G_OS_WIN32;if;1044;1044
app/app_procs.c;1;G_OS_WIN32;1 && G_OS_WIN32;artifact;1045;1051
app/app_procs.c;1;G_OS_WIN32;1 && G_OS_WIN32;endif;1052;1052
app/app_procs.c;1;1;1;artifact;1053;1054
app/app_procs.c;1;!G_OS_WIN32;1 && !G_OS_WIN32;if;1055;1055
app/app_procs.c;1;!G_OS_WIN32;1 && !G_OS_WIN32;artifact;1056;1057
app/app_procs.c;1;G_OS_WIN32;G_OS_WIN32 && 1;else;1058;1058
app/app_procs.c;1;G_OS_WIN32;G_OS_WIN32 && 1;artifact;1059;1060
app/app_procs.c;1;G_OS_WIN32;G_OS_WIN32 && 1;endif;1061;1061
app/app_procs.c;1;1;1;artifact;1062;1235
app/app_procs.h;1;1;1;ROOT;1;34
app/app_procs.h;1;1;1;artifact;1;33
app/authors.h;1;1;1;ROOT;1;124
app/authors.h;1;1;1;artifact;1;123
app/autosave.c;1;1;1;ROOT;1;75
app/autosave.c;1;1;1;artifact;1;74
app/autosave.h;1;1;1;ROOT;1;28
app/autosave.h;1;1;1;artifact;1;18
app/autosave.h;1;!AUTOSAVE_H;1 && !AUTOSAVE_H;if;19;19
app/autosave.h;1;!AUTOSAVE_H;1 && !AUTOSAVE_H;artifact;20;25
app/autosave.h;1;!AUTOSAVE_H;1 && !AUTOSAVE_H;endif;26;26
app/autosave.h;1;1;1;artifact;27;27
app/commands.c;1;1;1;ROOT;1;1779
app/commands.c;1;1;1;artifact;1;21
app/commands.c;1;HAVE_UNISTD_H;1 && HAVE_UNISTD_H;if;22;22
app/commands.c;1;HAVE_UNISTD_H;1 && HAVE_UNISTD_H;artifact;23;23
app/commands.c;1;HAVE_UNISTD_H;1 && HAVE_UNISTD_H;endif;24;24
app/commands.c;1;1;1;artifact;25;34
app/commands.c;1;G_OS_WIN32;1 && G_OS_WIN32;if;35;35
app/commands.c;1;G_OS_WIN32;1 && G_OS_WIN32;artifact;36;36
app/commands.c;1;G_OS_WIN32;1 && G_OS_WIN32;endif;37;37
app/commands.c;1;1;1;artifact;38;56
app/commands.c;1;G_OS_WIN32;1 && G_OS_WIN32;if;57;57
app/commands.c;1;G_OS_WIN32;1 && G_OS_WIN32;artifact;58;69
app/commands.c;1;G_OS_WIN32;1 && G_OS_WIN32;endif;70;70
app/commands.c;1;1;1;artifact;71;457
app/commands.c;1;G_OS_WIN32;1 && G_OS_WIN32;if;458;458
app/commands.c;1;G_OS_WIN32;1 && G_OS_WIN32;artifact;459;463
app/commands.c;1;G_OS_WIN32;1 && G_OS_WIN32;endif;464;464
app/commands.c;1;1;1;artifact;465;604
app/commands.c;1;!GDK_WINDOWING_X11;1 && !GDK_WINDOWING_X11;if;605;605
app/commands.c;1;!GDK_WINDOWING_X11;1 && !GDK_WINDOWING_X11;artifact;606;607
app/commands.c;1;GDK_WINDOWING_X11;GDK_WINDOWING_X11 && 1;else;608;608
app/commands.c;1;GDK_WINDOWING_X11;GDK_WINDOWING_X11 && 1;artifact;609;610
app/commands.c;1;GDK_WINDOWING_X11;GDK_WINDOWING_X11 && 1;endif;611;611
app/commands.c;1;1;1;artifact;612;686
app/commands.c;1;!GDK_WINDOWING_X11;1 && !GDK_WINDOWING_X11;if;687;687
app/commands.c;1;!GDK_WINDOWING_X11;1 && !GDK_WINDOWING_X11;artifact;688;690
app/commands.c;1;GDK_WINDOWING_X11;GDK_WINDOWING_X11 && 1;else;691;691
app/commands.c;1;GDK_WINDOWING_X11;GDK_WINDOWING_X11 && 1;artifact;692;694
app/commands.c;1;GDK_WINDOWING_X11;GDK_WINDOWING_X11 && 1;endif;695;695
app/commands.c;1;1;1;artifact;696;855
app/commands.c;1;!GDK_WINDOWING_X11;1 && !GDK_WINDOWING_X11;if;856;856
app/commands.c;1;!GDK_WINDOWING_X11;1 && !GDK_WINDOWING_X11;artifact;857;858
app/commands.c;1;GDK_WINDOWING_X11;GDK_WINDOWING_X11 && 1;else;859;859
app/commands.c;1;GDK_WINDOWING_X11;GDK_WINDOWING_X11 && 1;artifact;860;861
app/commands.c;1;GDK_WINDOWING_X11;GDK_WINDOWING_X11 && 1;endif;862;862
app/commands.c;1;1;1;artifact;863;898
app/commands.c;1;!GDK_WINDOWING_X11;1 && !GDK_WINDOWING_X11;if;899;899
app/commands.c;1;!GDK_WINDOWING_X11;1 && !GDK_WINDOWING_X11;artifact;900;901
app/commands.c;1;GDK_WINDOWING_X11;GDK_WINDOWING_X11 && 1;else;902;902
app/commands.c;1;GDK_WINDOWING_X11;GDK_WINDOWING_X11 && 1;artifact;903;904
app/commands.c;1;GDK_WINDOWING_X11;GDK_WINDOWING_X11 && 1;endif;905;905
app/commands.c;1;1;1;artifact;906;927
app/commands.c;1;!GDK_WINDOWING_X11;1 && !GDK_WINDOWING_X11;if;928;928
app/commands.c;1;!GDK_WINDOWING_X11;1 && !GDK_WINDOWING_X11;artifact;929;930
app/commands.c;1;GDK_WINDOWING_X11;GDK_WINDOWING_X11 && 1;else;931;931
app/commands.c;1;GDK_WINDOWING_X11;GDK_WINDOWING_X11 && 1;artifact;932;933
app/commands.c;1;GDK_WINDOWING_X11;GDK_WINDOWING_X11 && 1;endif;934;934
app/commands.c;1;1;1;artifact;935;1054
app/commands.c;1;G_OS_WIN32;1 && G_OS_WIN32;if;1055;1055
app/commands.c;1;G_OS_WIN32;1 && G_OS_WIN32;artifact;1056;1068
app/commands.c;1;!G_OS_WIN32;!G_OS_WIN32 && 1;else;1069;1069
app/commands.c;1;!G_OS_WIN32;!G_OS_WIN32 && 1;artifact;1070;1074
app/commands.c;1;!G_OS_WIN32;!G_OS_WIN32 && 1;endif;1075;1075
app/commands.c;1;1;1;artifact;1076;1085
app/commands.c;1;G_OS_WIN32;1 && G_OS_WIN32;if;1086;1086
app/commands.c;1;G_OS_WIN32;1 && G_OS_WIN32;artifact;1087;1088
app/commands.c;1;!G_OS_WIN32;!G_OS_WIN32 && 1;else;1089;1089
app/commands.c;1;!G_OS_WIN32;!G_OS_WIN32 && 1;artifact;1090;1092
app/commands.c;1;!G_OS_WIN32;!G_OS_WIN32 && 1;endif;1093;1093
app/commands.c;1;1;1;artifact;1094;1102
app/commands.c;1;G_OS_WIN32;1 && G_OS_WIN32;if;1103;1103
app/commands.c;1;G_OS_WIN32;1 && G_OS_WIN32;artifact;1104;1104
app/commands.c;1;!G_OS_WIN32;!G_OS_WIN32 && 1;else;1105;1105
app/commands.c;1;!G_OS_WIN32;!G_OS_WIN32 && 1;artifact;1106;1113
app/commands.c;1;!G_OS_WIN32;!G_OS_WIN32 && 1;endif;1114;1114
app/commands.c;1;1;1;artifact;1115;1778
app/commands.h;1;1;1;ROOT;1;105
app/commands.h;1;1;1;artifact;1;17
app/commands.h;1;!COMMANDS_H;1 && !COMMANDS_H;if;18;18
app/commands.h;1;!COMMANDS_H;1 && !COMMANDS_H;artifact;19;102
app/commands.h;1;!COMMANDS_H;1 && !COMMANDS_H;endif;103;103
app/commands.h;1;1;1;artifact;104;104
app/confirm.c;1;1;1;ROOT;1;113
app/confirm.c;1;1;1;artifact;1;112
app/confirm.h;1;1;1;ROOT;1;18
app/confirm.h;1;1;1;artifact;1;17
app/connectionpoint_ops.c;1;1;1;ROOT;1;231
app/connectionpoint_ops.c;1;1;1;artifact;1;230
app/connectionpoint_ops.h;1;1;1;ROOT;1;41
app/connectionpoint_ops.h;1;1;1;artifact;1;17
app/connectionpoint_ops.h;1;!CONNECTIONPOINT_OPS_H;1 && !CONNECTIONPOINT_OPS_H;if;18;18
app/connectionpoint_ops.h;1;!CONNECTIONPOINT_OPS_H;1 && !CONNECTIONPOINT_OPS_H;artifact;19;37
app/connectionpoint_ops.h;1;!CONNECTIONPOINT_OPS_H;1 && !CONNECTIONPOINT_OPS_H;endif;38;38
app/connectionpoint_ops.h;1;1;1;artifact;39;40
app/create_object.c;1;1;1;ROOT;1;330
app/create_object.c;1;1;1;artifact;1;329
app/create_object.h;1;1;1;ROOT;1;45
app/create_object.h;1;1;1;artifact;1;17
app/create_object.h;1;!CREATE_OBJECT_H;1 && !CREATE_OBJECT_H;if;18;18
app/create_object.h;1;!CREATE_OBJECT_H;1 && !CREATE_OBJECT_H;artifact;19;42
app/create_object.h;1;!CREATE_OBJECT_H;1 && !CREATE_OBJECT_H;endif;43;43
app/create_object.h;1;1;1;artifact;44;44
app/cursor.c;1;1;1;ROOT;1;48
app/cursor.c;1;1;1;artifact;1;47
app/cursor.h;1;1;1;ROOT;1;31
app/cursor.h;1;1;1;artifact;1;30
app/cut_n_paste.c;1;1;1;ROOT;1;64
app/cut_n_paste.c;1;1;1;artifact;1;63
app/cut_n_paste.h;1;1;1;ROOT;1;33
app/cut_n_paste.h;1;1;1;artifact;1;17
app/cut_n_paste.h;1;!CUT_N_PASTE_H;1 && !CUT_N_PASTE_H;if;18;18
app/cut_n_paste.h;1;!CUT_N_PASTE_H;1 && !CUT_N_PASTE_H;artifact;19;30
app/cut_n_paste.h;1;!CUT_N_PASTE_H;1 && !CUT_N_PASTE_H;endif;31;31
app/cut_n_paste.h;1;1;1;artifact;32;32
app/defaults.c;1;1;1;ROOT;1;163
app/defaults.c;1;1;1;artifact;1;162
app/defaults.h;1;1;1;ROOT;1;30
app/defaults.h;1;1;1;artifact;1;17
app/defaults.h;1;!DEFAULTS_H;1 && !DEFAULTS_H;if;18;18
app/defaults.h;1;!DEFAULTS_H;1 && !DEFAULTS_H;artifact;19;25
app/defaults.h;1;!DEFAULTS_H;1 && !DEFAULTS_H;endif;26;26
app/defaults.h;1;1;1;artifact;27;29
app/dia-application.c;1;1;1;ROOT;1;176
app/dia-application.c;1;1;1;artifact;1;175
app/dia-application.h;1;1;1;ROOT;1;31
app/dia-application.h;1;1;1;artifact;1;30
app/dia-builder.c;1;1;1;ROOT;1;367
app/dia-builder.c;1;1;1;artifact;1;366
app/dia-builder.h;1;1;1;ROOT;1;57
app/dia-builder.h;1;1;1;artifact;1;56
app/dia-canvas.c;1;1;1;ROOT;1;310
app/dia-canvas.c;1;1;1;artifact;1;309
app/dia-canvas.h;1;1;1;ROOT;1;36
app/dia-canvas.h;1;1;1;artifact;1;35
app/dia-colour-area.c;1;1;1;ROOT;1;297
app/dia-colour-area.c;1;1;1;artifact;1;296
app/dia-colour-area.h;1;1;1;ROOT;1;50
app/dia-colour-area.h;1;1;1;artifact;1;49
app/dia-diagram-properties-dialog.c;1;1;1;ROOT;1;412
app/dia-diagram-properties-dialog.c;1;1;1;artifact;1;411
app/dia-diagram-properties-dialog.h;1;1;1;ROOT;1;49
app/dia-diagram-properties-dialog.h;1;1;1;artifact;1;48
app/dia-guide-dialog.c;1;1;1;ROOT;1;210
app/dia-guide-dialog.c;1;1;1;artifact;1;209
app/dia-guide-dialog.h;1;1;1;ROOT;1;41
app/dia-guide-dialog.h;1;1;1;artifact;1;40
app/dia-guide-tool.c;1;1;1;ROOT;1;228
app/dia-guide-tool.c;1;1;1;artifact;1;227
app/dia-guide-tool.h;1;1;1;ROOT;1;54
app/dia-guide-tool.h;1;1;1;artifact;1;53
app/dia-line-width-area.c;1;1;1;ROOT;1;253
app/dia-line-width-area.c;1;1;1;artifact;1;26
app/dia-line-width-area.c;1;!DEFINED___LB__rint__RB__;1 && !DEFINED___LB__rint__RB__;if;27;27
app/dia-line-width-area.c;1;!DEFINED___LB__rint__RB__;1 && !DEFINED___LB__rint__RB__;artifact;28;29
app/dia-line-width-area.c;1;!DEFINED___LB__rint__RB__;1 && !DEFINED___LB__rint__RB__;endif;30;30
app/dia-line-width-area.c;1;1;1;artifact;31;252
app/dia-line-width-area.h;1;1;1;ROOT;1;42
app/dia-line-width-area.h;1;1;1;artifact;1;41
app/dia-page-layout.c;1;1;1;ROOT;1;928
app/dia-page-layout.c;1;1;1;artifact;1;886
app/dia-page-layout.c;1;PAGELAYOUT_TEST;1 && PAGELAYOUT_TEST;if;887;887
app/dia-page-layout.c;1;PAGELAYOUT_TEST;1 && PAGELAYOUT_TEST;artifact;888;925
app/dia-page-layout.c;1;PAGELAYOUT_TEST;1 && PAGELAYOUT_TEST;endif;926;926
app/dia-page-layout.c;1;1;1;artifact;927;927
app/dia-page-layout.h;1;1;1;ROOT;1;93
app/dia-page-layout.h;1;1;1;artifact;1;92
app/dia-win-remote.c;1;1;1;ROOT;1;407
app/dia-win-remote.c;1;1;1;artifact;1;406
app/diagram.c;1;1;1;ROOT;1;1931
app/diagram.c;1;1;1;artifact;1;1332
app/diagram.c;1;0;1 && 0;if;1333;1333
app/diagram.c;1;0;1 && 0;artifact;1334;1337
app/diagram.c;1;0;1 && 0;endif;1338;1338
app/diagram.c;1;1;1;artifact;1339;1930
app/diagram.h;1;1;1;ROOT;1;173
app/diagram.h;1;1;1;artifact;1;17
app/diagram.h;1;!DIAGRAM_H;1 && !DIAGRAM_H;if;18;18
app/diagram.h;1;!DIAGRAM_H;1 && !DIAGRAM_H;artifact;19;169
app/diagram.h;1;!DIAGRAM_H;1 && !DIAGRAM_H;endif;170;170
app/diagram.h;1;1;1;artifact;171;172
app/diagram_tree.h;1;1;1;ROOT;1;5
app/diagram_tree.h;1;1;1;artifact;1;4
app/diagram_tree_model.c;1;1;1;ROOT;1;724
app/diagram_tree_model.c;1;1;1;artifact;1;36
app/diagram_tree_model.c;1;DEFINED___LB___MSC_VER__RB__ && !DEFINED___LB____clang____RB__;1 && DEFINED___LB___MSC_VER__RB__ && !DEFINED___LB____clang____RB__;if;37;37
app/diagram_tree_model.c;1;DEFINED___LB___MSC_VER__RB__ && !DEFINED___LB____clang____RB__;1 && DEFINED___LB___MSC_VER__RB__ && !DEFINED___LB____clang____RB__;artifact;38;42
app/diagram_tree_model.c;1;!DEFINED___LB___MSC_VER__RB__ || DEFINED___LB____clang____RB__;(!DEFINED___LB___MSC_VER__RB__ || DEFINED___LB____clang____RB__) && 1;else;43;43
app/diagram_tree_model.c;1;!DEFINED___LB___MSC_VER__RB__ || DEFINED___LB____clang____RB__;(!DEFINED___LB___MSC_VER__RB__ || DEFINED___LB____clang____RB__) && 1;artifact;44;46
app/diagram_tree_model.c;1;!DEFINED___LB___MSC_VER__RB__ || DEFINED___LB____clang____RB__;(!DEFINED___LB___MSC_VER__RB__ || DEFINED___LB____clang____RB__) && 1;endif;47;47
app/diagram_tree_model.c;1;1;1;artifact;48;383
app/diagram_tree_model.c;1;0;1 && 0;if;384;384
app/diagram_tree_model.c;1;0;1 && 0;artifact;385;389
app/diagram_tree_model.c;1;0;1 && 0;endif;390;390
app/diagram_tree_model.c;1;1;1;artifact;391;723
app/diagram_tree_model.h;1;1;1;ROOT;1;29
app/diagram_tree_model.h;1;!DIAGRAM_TREE_MODEL_H;1 && !DIAGRAM_TREE_MODEL_H;if;1;1
app/diagram_tree_model.h;1;!DIAGRAM_TREE_MODEL_H;1 && !DIAGRAM_TREE_MODEL_H;artifact;2;27
app/diagram_tree_model.h;1;!DIAGRAM_TREE_MODEL_H;1 && !DIAGRAM_TREE_MODEL_H;endif;28;28
app/diagram_tree_view.c;1;1;1;ROOT;1;626
app/diagram_tree_view.c;1;1;1;artifact;1;62
app/diagram_tree_view.c;1;0;1 && 0;if;63;63
app/diagram_tree_view.c;1;0;1 && 0;artifact;64;67
app/diagram_tree_view.c;1;1;1 && 1;else;68;68
app/diagram_tree_view.c;1;1;1 && 1;artifact;69;69
app/diagram_tree_view.c;1;1;1 && 1;endif;70;70
app/diagram_tree_view.c;1;1;1;artifact;71;317
app/diagram_tree_view.c;1;0;1 && 0;if;318;318
app/diagram_tree_view.c;1;0;1 && 0;artifact;319;324
app/diagram_tree_view.c;1;0;1 && 0;endif;325;325
app/diagram_tree_view.c;1;1;1;artifact;326;518
app/diagram_tree_view.c;1;0;1 && 0;if;519;519
app/diagram_tree_view.c;1;0;1 && 0;artifact;520;520
app/diagram_tree_view.c;1;0;1 && 0;endif;521;521
app/diagram_tree_view.c;1;1;1;artifact;522;625
app/diagrid.h;1;1;1;ROOT;1;31
app/diagrid.h;1;!DIA_GRID_H;1 && !DIA_GRID_H;if;1;1
app/diagrid.h;1;!DIA_GRID_H;1 && !DIA_GRID_H;artifact;2;28
app/diagrid.h;1;!DIA_GRID_H;1 && !DIA_GRID_H;endif;29;29
app/diagrid.h;1;1;1;artifact;30;30
app/disp_callbacks.c;1;1;1;ROOT;1;1361
app/disp_callbacks.c;1;1;1;artifact;1;981
app/disp_callbacks.c;1;0;1 && 0;if;982;982
app/disp_callbacks.c;1;0;1 && 0;artifact;983;983
app/disp_callbacks.c;1;0;1 && 0;endif;984;984
app/disp_callbacks.c;1;1;1;artifact;985;1017
app/disp_callbacks.c;1;0;1 && 0;if;1018;1018
app/disp_callbacks.c;1;0;1 && 0;artifact;1019;1022
app/disp_callbacks.c;1;1;1 && 1;else;1023;1023
app/disp_callbacks.c;1;1;1 && 1;artifact;1024;1024
app/disp_callbacks.c;1;1;1 && 1;endif;1025;1025
app/disp_callbacks.c;1;1;1;artifact;1026;1360
app/disp_callbacks.h;1;1;1;ROOT;1;54
app/disp_callbacks.h;1;1;1;artifact;1;17
app/disp_callbacks.h;1;!DISP_CALLBACKS_H;1 && !DISP_CALLBACKS_H;if;18;18
app/disp_callbacks.h;1;!DISP_CALLBACKS_H;1 && !DISP_CALLBACKS_H;artifact;19;51
app/disp_callbacks.h;1;!DISP_CALLBACKS_H;1 && !DISP_CALLBACKS_H;endif;52;52
app/disp_callbacks.h;1;1;1;artifact;53;53
app/display.c;1;1;1;ROOT;1;1730
app/display.c;1;1;1;artifact;1;526
app/display.c;1;TRACES;1 && TRACES;if;527;527
app/display.c;1;TRACES;1 && TRACES;artifact;528;528
app/display.c;1;TRACES;1 && TRACES;endif;529;529
app/display.c;1;1;1;artifact;530;562
app/display.c;1;TRACES;1 && TRACES;if;563;563
app/display.c;1;TRACES;1 && TRACES;artifact;564;564
app/display.c;1;TRACES;1 && TRACES;endif;565;565
app/display.c;1;1;1;artifact;566;569
app/display.c;1;TRACES;1 && TRACES;if;570;570
app/display.c;1;TRACES;1 && TRACES;artifact;571;572
app/display.c;1;TRACES;1 && TRACES;endif;573;573
app/display.c;1;1;1;artifact;574;1729
app/display.h;1;1;1;ROOT;1;227
app/display.h;1;1;1;artifact;1;17
app/display.h;1;!DDISPLAY_H;1 && !DDISPLAY_H;if;18;18
app/display.h;1;!DDISPLAY_H;1 && !DDISPLAY_H;artifact;19;223
app/display.h;1;!DDISPLAY_H;1 && !DDISPLAY_H;endif;224;224
app/display.h;1;1;1;artifact;225;226
app/dynamic_refresh.c;1;1;1;ROOT;1;129
app/dynamic_refresh.c;1;1;1;artifact;1;128
app/dynamic_refresh.h;1;1;1;ROOT;1;37
app/dynamic_refresh.h;1;1;1;artifact;1;21
app/dynamic_refresh.h;1;!DYNAMIC_REFRESH_H;1 && !DYNAMIC_REFRESH_H;if;22;22
app/dynamic_refresh.h;1;!DYNAMIC_REFRESH_H;1 && !DYNAMIC_REFRESH_H;artifact;23;34
app/dynamic_refresh.h;1;!DYNAMIC_REFRESH_H;1 && !DYNAMIC_REFRESH_H;endif;35;35
app/dynamic_refresh.h;1;1;1;artifact;36;36
app/exit_dialog.c;1;1;1;ROOT;1;395
app/exit_dialog.c;1;1;1;artifact;1;394
app/exit_dialog.h;1;1;1;ROOT;1;81
app/exit_dialog.h;1;1;1;artifact;1;80
app/filedlg.c;1;1;1;ROOT;1;919
app/filedlg.c;1;1;1;artifact;1;125
app/filedlg.c;1;0;1 && 0;if;126;126
app/filedlg.c;1;0;1 && 0;artifact;127;134
app/filedlg.c;1;0;1 && 0;endif;135;135
app/filedlg.c;1;1;1;artifact;136;918
app/filedlg.h;1;1;1;ROOT;1;36
app/filedlg.h;1;1;1;artifact;1;21
app/filedlg.h;1;!FILEDLG_H;1 && !FILEDLG_H;if;22;22
app/filedlg.h;1;!FILEDLG_H;1 && !FILEDLG_H;artifact;23;33
app/filedlg.h;1;!FILEDLG_H;1 && !FILEDLG_H;endif;34;34
app/filedlg.h;1;1;1;artifact;35;35
app/find-and-replace.c;1;1;1;ROOT;1;601
app/find-and-replace.c;1;1;1;artifact;1;600
app/find-and-replace.h;1;1;1;ROOT;1;32
app/find-and-replace.h;1;1;1;artifact;1;22
app/find-and-replace.h;1;!FIND_AND_REPLACE_H;1 && !FIND_AND_REPLACE_H;if;23;23
app/find-and-replace.h;1;!FIND_AND_REPLACE_H;1 && !FIND_AND_REPLACE_H;artifact;24;28
app/find-and-replace.h;1;!FIND_AND_REPLACE_H;1 && !FIND_AND_REPLACE_H;endif;29;29
app/find-and-replace.h;1;1;1;artifact;30;31
app/grid.c;1;1;1;ROOT;1;542
app/grid.c;1;1;1;artifact;1;541
app/grid.h;1;1;1;ROOT;1;43
app/grid.h;1;1;1;artifact;1;17
app/grid.h;1;!GRID_H;1 && !GRID_H;if;18;18
app/grid.h;1;!GRID_H;1 && !GRID_H;artifact;19;40
app/grid.h;1;!GRID_H;1 && !GRID_H;endif;41;41
app/grid.h;1;1;1;artifact;42;42
app/gtkhwrapbox.c;1;1;1;ROOT;1;647
app/gtkhwrapbox.c;1;1;1;artifact;1;646
app/gtkhwrapbox.h;1;1;1;ROOT;1;72
app/gtkhwrapbox.h;1;1;1;artifact;1;22
app/gtkhwrapbox.h;1;!__GTK_HWRAP_BOX_H__;1 && !__GTK_HWRAP_BOX_H__;if;23;23
app/gtkhwrapbox.h;1;!__GTK_HWRAP_BOX_H__;1 && !__GTK_HWRAP_BOX_H__;artifact;24;69
app/gtkhwrapbox.h;1;!__GTK_HWRAP_BOX_H__;1 && !__GTK_HWRAP_BOX_H__;endif;70;70
app/gtkhwrapbox.h;1;1;1;artifact;71;71
app/gtkwrapbox.c;1;1;1;ROOT;1;895
app/gtkwrapbox.c;1;1;1;artifact;1;894
app/gtkwrapbox.h;1;1;1;ROOT;1;138
app/gtkwrapbox.h;1;1;1;artifact;1;22
app/gtkwrapbox.h;1;!__GTK_WRAP_BOX_H__;1 && !__GTK_WRAP_BOX_H__;if;23;23
app/gtkwrapbox.h;1;!__GTK_WRAP_BOX_H__;1 && !__GTK_WRAP_BOX_H__;artifact;24;135
app/gtkwrapbox.h;1;!__GTK_WRAP_BOX_H__;1 && !__GTK_WRAP_BOX_H__;endif;136;136
app/gtkwrapbox.h;1;1;1;artifact;137;137
app/handle_ops.c;1;1;1;ROOT;1;134
app/handle_ops.c;1;1;1;artifact;1;133
app/handle_ops.h;1;1;1;ROOT;1;30
app/handle_ops.h;1;1;1;artifact;1;17
app/handle_ops.h;1;!HANDLE_OPS_H;1 && !HANDLE_OPS_H;if;18;18
app/handle_ops.h;1;!HANDLE_OPS_H;1 && !HANDLE_OPS_H;artifact;19;27
app/handle_ops.h;1;!HANDLE_OPS_H;1 && !HANDLE_OPS_H;endif;28;28
app/handle_ops.h;1;1;1;artifact;29;29
app/highlight.c;1;1;1;ROOT;1;101
app/highlight.c;1;1;1;artifact;1;100
app/highlight.h;1;1;1;ROOT;1;45
app/highlight.h;1;1;1;artifact;1;17
app/highlight.h;1;!HIGHLIGHT_H;1 && !HIGHLIGHT_H;if;18;18
app/highlight.h;1;!HIGHLIGHT_H;1 && !HIGHLIGHT_H;artifact;19;42
app/highlight.h;1;!HIGHLIGHT_H;1 && !HIGHLIGHT_H;endif;43;43
app/highlight.h;1;1;1;artifact;44;44
app/interface.c;1;1;1;ROOT;1;1258
app/interface.c;1;1;1;artifact;1;1257
app/interface.h;1;1;1;ROOT;1;75
app/interface.h;1;1;1;artifact;1;74
app/layer-editor/dia-layer-editor-dialog.c;1;1;1;ROOT;1;375
app/layer-editor/dia-layer-editor-dialog.c;1;1;1;artifact;1;374
app/layer-editor/dia-layer-editor-dialog.h;1;1;1;ROOT;1;43
app/layer-editor/dia-layer-editor-dialog.h;1;1;1;artifact;1;42
app/layer-editor/dia-layer-editor.c;1;1;1;ROOT;1;406
app/layer-editor/dia-layer-editor.c;1;1;1;artifact;1;405
app/layer-editor/dia-layer-editor.h;1;1;1;ROOT;1;43
app/layer-editor/dia-layer-editor.h;1;1;1;artifact;1;42
app/layer-editor/dia-layer-list.c;1;1;1;ROOT;1;1194
app/layer-editor/dia-layer-list.c;1;1;1;artifact;1;1193
app/layer-editor/dia-layer-list.h;1;1;1;ROOT;1;50
app/layer-editor/dia-layer-list.h;1;1;1;artifact;1;49
app/layer-editor/dia-layer-properties.c;1;1;1;ROOT;1;337
app/layer-editor/dia-layer-properties.c;1;1;1;artifact;1;336
app/layer-editor/dia-layer-properties.h;1;1;1;ROOT;1;46
app/layer-editor/dia-layer-properties.h;1;1;1;artifact;1;45
app/layer-editor/dia-layer-widget.c;1;1;1;ROOT;1;766
app/layer-editor/dia-layer-widget.c;1;1;1;artifact;1;765
app/layer-editor/dia-layer-widget.h;1;1;1;ROOT;1;51
app/layer-editor/dia-layer-widget.h;1;1;1;artifact;1;50
app/layer-editor/layer_dialog.c;1;1;1;ROOT;1;365
app/layer-editor/layer_dialog.c;1;1;1;artifact;1;364
app/layer-editor/layer_dialog.h;1;1;1;ROOT;1;61
app/layer-editor/layer_dialog.h;1;1;1;artifact;1;60
app/load_save.c;1;1;1;ROOT;1;1431
app/load_save.c;1;1;1;artifact;1;34
app/load_save.c;1;!W_OK;1 && !W_OK;if;35;35
app/load_save.c;1;!W_OK;1 && !W_OK;artifact;36;36
app/load_save.c;1;!W_OK;1 && !W_OK;endif;37;37
app/load_save.c;1;1;1;artifact;38;55
app/load_save.c;1;G_OS_WIN32;1 && G_OS_WIN32;if;56;56
app/load_save.c;1;G_OS_WIN32;1 && G_OS_WIN32;artifact;57;57
app/load_save.c;1;G_OS_WIN32;1 && G_OS_WIN32;endif;58;58
app/load_save.c;1;1;1;artifact;59;296
app/load_save.c;1;0;1 && 0;if;297;297
app/load_save.c;1;0;1 && 0;artifact;298;299
app/load_save.c;1;0;1 && 0;endif;300;300
app/load_save.c;1;1;1;artifact;301;1176
app/load_save.c;1;!DEFINED_G_OS_WIN32;1 && !DEFINED_G_OS_WIN32;if;1177;1177
app/load_save.c;1;!DEFINED_G_OS_WIN32;1 && !DEFINED_G_OS_WIN32;artifact;1178;1185
app/load_save.c;1;!DEFINED_G_OS_WIN32;1 && !DEFINED_G_OS_WIN32;endif;1186;1186
app/load_save.c;1;1;1;artifact;1187;1209
app/load_save.c;1;!DEFINED_G_OS_WIN32;1 && !DEFINED_G_OS_WIN32;if;1210;1210
app/load_save.c;1;!DEFINED_G_OS_WIN32;1 && !DEFINED_G_OS_WIN32;artifact;1211;1217
app/load_save.c;1;!DEFINED_G_OS_WIN32;1 && !DEFINED_G_OS_WIN32;endif;1218;1218
app/load_save.c;1;1;1;artifact;1219;1225
app/load_save.c;1;!G_OS_WIN32;1 && !G_OS_WIN32;if;1226;1226
app/load_save.c;1;!G_OS_WIN32;1 && !G_OS_WIN32;artifact;1227;1227
app/load_save.c;1;G_OS_WIN32;G_OS_WIN32 && 1;else;1228;1228
app/load_save.c;1;G_OS_WIN32;G_OS_WIN32 && 1;artifact;1229;1229
app/load_save.c;1;G_OS_WIN32;G_OS_WIN32 && 1;endif;1230;1230
app/load_save.c;1;1;1;artifact;1231;1300
app/load_save.c;1;TRACES;1 && TRACES;if;1301;1301
app/load_save.c;1;TRACES;1 && TRACES;artifact;1302;1304
app/load_save.c;1;TRACES;1 && TRACES;endif;1305;1305
app/load_save.c;1;1;1;artifact;1306;1378
app/load_save.c;1;G_THREADS_ENABLED;1 && G_THREADS_ENABLED;if;1379;1379
app/load_save.c;1;G_THREADS_ENABLED;1 && G_THREADS_ENABLED;artifact;1380;1394
app/load_save.c;1;!G_THREADS_ENABLED;!G_THREADS_ENABLED && 1;else;1395;1395
app/load_save.c;1;!G_THREADS_ENABLED;!G_THREADS_ENABLED && 1;artifact;1396;1402
app/load_save.c;1;!G_THREADS_ENABLED;!G_THREADS_ENABLED && 1;endif;1403;1403
app/load_save.c;1;1;1;artifact;1404;1430
app/load_save.h;1;1;1;ROOT;1;33
app/load_save.h;1;1;1;artifact;1;17
app/load_save.h;1;!LOAD_SAVE_H;1 && !LOAD_SAVE_H;if;18;18
app/load_save.h;1;!LOAD_SAVE_H;1 && !LOAD_SAVE_H;artifact;19;30
app/load_save.h;1;!LOAD_SAVE_H;1 && !LOAD_SAVE_H;endif;31;31
app/load_save.h;1;1;1;artifact;32;32
app/magnify.c;1;1;1;ROOT;1;173
app/magnify.c;1;1;1;artifact;1;172
app/magnify.h;1;1;1;ROOT;1;32
app/magnify.h;1;1;1;artifact;1;17
app/magnify.h;1;!MAGNIFY_H;1 && !MAGNIFY_H;if;18;18
app/magnify.h;1;!MAGNIFY_H;1 && !MAGNIFY_H;artifact;19;29
app/magnify.h;1;!MAGNIFY_H;1 && !MAGNIFY_H;endif;30;30
app/magnify.h;1;1;1;artifact;31;31
app/main.c;1;1;1;ROOT;1;41
app/main.c;1;1;1;artifact;1;40
app/menus.c;1;1;1;ROOT;1;1355
app/menus.c;1;1;1;artifact;1;70
app/menus.c;1;HAVE_MAC_INTEGRATION;1 && HAVE_MAC_INTEGRATION;if;71;71
app/menus.c;1;HAVE_MAC_INTEGRATION;1 && HAVE_MAC_INTEGRATION;artifact;72;74
app/menus.c;1;!HAVE_MAC_INTEGRATION;!HAVE_MAC_INTEGRATION && 1;else;75;75
app/menus.c;1;!HAVE_MAC_INTEGRATION;!HAVE_MAC_INTEGRATION && 1;artifact;76;78
app/menus.c;1;!HAVE_MAC_INTEGRATION;!HAVE_MAC_INTEGRATION && 1;endif;79;79
app/menus.c;1;1;1;artifact;80;1354
app/menus.h;1;1;1;ROOT;1;68
app/menus.h;1;1;1;artifact;1;67
app/modify_tool.c;1;1;1;ROOT;1;912
app/modify_tool.c;1;1;1;artifact;1;115
app/modify_tool.c;1;DEFINED_GDK_WINDOWING_QUARTZ;1 && DEFINED_GDK_WINDOWING_QUARTZ;if;116;116
app/modify_tool.c;1;DEFINED_GDK_WINDOWING_QUARTZ;1 && DEFINED_GDK_WINDOWING_QUARTZ;artifact;117;143
app/modify_tool.c;1;DEFINED_GDK_WINDOWING_QUARTZ;1 && DEFINED_GDK_WINDOWING_QUARTZ;endif;144;144
app/modify_tool.c;1;1;1;artifact;145;911
app/modify_tool.h;1;1;1;ROOT;1;38
app/modify_tool.h;1;1;1;artifact;1;17
app/modify_tool.h;1;!MODIFY_TOOL_H;1 && !MODIFY_TOOL_H;if;18;18
app/modify_tool.h;1;!MODIFY_TOOL_H;1 && !MODIFY_TOOL_H;artifact;19;35
app/modify_tool.h;1;!MODIFY_TOOL_H;1 && !MODIFY_TOOL_H;endif;36;36
app/modify_tool.h;1;1;1;artifact;37;37
app/navigation.c;1;1;1;ROOT;1;504
app/navigation.c;1;1;1;artifact;1;503
app/navigation.h;1;1;1;ROOT;1;36
app/navigation.h;1;1;1;artifact;1;35
app/object_ops.c;1;1;1;ROOT;1;733
app/object_ops.c;1;1;1;artifact;1;658
app/object_ops.c;1;0;1 && 0;if;659;659
app/object_ops.c;1;0;1 && 0;artifact;660;660
app/object_ops.c;1;1;1 && 1;else;661;661
app/object_ops.c;1;1;1 && 1;artifact;662;666
app/object_ops.c;1;1;1 && 1;endif;667;667
app/object_ops.c;1;1;1;artifact;668;732
app/object_ops.h;1;1;1;ROOT;1;63
app/object_ops.h;1;1;1;artifact;1;17
app/object_ops.h;1;!OBJECT_OPS_H;1 && !OBJECT_OPS_H;if;18;18
app/object_ops.h;1;!OBJECT_OPS_H;1 && !OBJECT_OPS_H;artifact;19;59
app/object_ops.h;1;!OBJECT_OPS_H;1 && !OBJECT_OPS_H;endif;60;60
app/object_ops.h;1;1;1;artifact;61;62
app/pagesetup.c;1;1;1;ROOT;1;215
app/pagesetup.c;1;1;1;artifact;1;214
app/pagesetup.h;1;1;1;ROOT;1;31
app/pagesetup.h;1;1;1;artifact;1;21
app/pagesetup.h;1;!PAGESETUP_H;1 && !PAGESETUP_H;if;22;22
app/pagesetup.h;1;!PAGESETUP_H;1 && !PAGESETUP_H;artifact;23;28
app/pagesetup.h;1;!PAGESETUP_H;1 && !PAGESETUP_H;endif;29;29
app/pagesetup.h;1;1;1;artifact;30;30
app/plugin-manager.c;1;1;1;ROOT;1;311
app/plugin-manager.c;1;1;1;artifact;1;310
app/plugin-manager.h;1;1;1;ROOT;1;31
app/plugin-manager.h;1;1;1;artifact;1;21
app/plugin-manager.h;1;!PLUGIN_MANAGER_H;1 && !PLUGIN_MANAGER_H;if;22;22
app/plugin-manager.h;1;!PLUGIN_MANAGER_H;1 && !PLUGIN_MANAGER_H;artifact;23;28
app/plugin-manager.h;1;!PLUGIN_MANAGER_H;1 && !PLUGIN_MANAGER_H;endif;29;29
app/plugin-manager.h;1;1;1;artifact;30;30
app/preferences.c;1;1;1;ROOT;1;1107
app/preferences.c;1;1;1;artifact;1;1106
app/preferences.h;1;1;1;ROOT;1;92
app/preferences.h;1;1;1;artifact;1;91
app/properties-dialog.c;1;1;1;ROOT;1;327
app/properties-dialog.c;1;1;1;artifact;1;172
app/properties-dialog.c;1;G_OS_WIN32;1 && G_OS_WIN32;if;173;173
app/properties-dialog.c;1;G_OS_WIN32;1 && G_OS_WIN32;artifact;174;176
app/properties-dialog.c;1;!G_OS_WIN32;!G_OS_WIN32 && 1;else;177;177
app/properties-dialog.c;1;!G_OS_WIN32;!G_OS_WIN32 && 1;artifact;178;178
app/properties-dialog.c;1;!G_OS_WIN32;!G_OS_WIN32 && 1;endif;179;179
app/properties-dialog.c;1;1;1;artifact;180;326
app/properties-dialog.h;1;1;1;ROOT;1;34
app/properties-dialog.h;1;1;1;artifact;1;17
app/properties-dialog.h;1;!PROPERTIES_H;1 && !PROPERTIES_H;if;18;18
app/properties-dialog.h;1;!PROPERTIES_H;1 && !PROPERTIES_H;artifact;19;29
app/properties-dialog.h;1;!PROPERTIES_H;1 && !PROPERTIES_H;endif;30;30
app/properties-dialog.h;1;1;1;artifact;31;33
app/recent_files.c;1;1;1;ROOT;1;196
app/recent_files.c;1;1;1;artifact;1;195
app/recent_files.h;1;1;1;ROOT;1;30
app/recent_files.h;1;1;1;artifact;1;21
app/recent_files.h;1;!RECENT_FILES_H;1 && !RECENT_FILES_H;if;22;22
app/recent_files.h;1;!RECENT_FILES_H;1 && !RECENT_FILES_H;artifact;23;27
app/recent_files.h;1;!RECENT_FILES_H;1 && !RECENT_FILES_H;endif;28;28
app/recent_files.h;1;1;1;artifact;29;29
app/ruler.c;1;1;1;ROOT;1;267
app/ruler.c;1;1;1;artifact;1;193
app/ruler.c;1;0;1 && 0;if;194;194
app/ruler.c;1;0;1 && 0;artifact;195;196
app/ruler.c;1;1;1 && 1;else;197;197
app/ruler.c;1;1;1 && 1;artifact;198;201
app/ruler.c;1;1;1 && 1;endif;202;202
app/ruler.c;1;1;1;artifact;203;266
app/ruler.h;1;1;1;ROOT;1;18
app/ruler.h;1;1;1;artifact;1;1
app/ruler.h;1;!DIA_RULER_H;1 && !DIA_RULER_H;if;2;2
app/ruler.h;1;!DIA_RULER_H;1 && !DIA_RULER_H;artifact;3;15
app/ruler.h;1;!DIA_RULER_H;1 && !DIA_RULER_H;endif;16;16
app/ruler.h;1;1;1;artifact;17;17
app/scroll_tool.c;1;1;1;ROOT;1;159
app/scroll_tool.c;1;1;1;artifact;1;158
app/scroll_tool.h;1;1;1;ROOT;1;42
app/scroll_tool.h;1;1;1;artifact;1;17
app/scroll_tool.h;1;!SCROLL_TOOL_H;1 && !SCROLL_TOOL_H;if;18;18
app/scroll_tool.h;1;!SCROLL_TOOL_H;1 && !SCROLL_TOOL_H;artifact;19;36
app/scroll_tool.h;1;!SCROLL_TOOL_H;1 && !SCROLL_TOOL_H;endif;37;37
app/scroll_tool.h;1;1;1;artifact;38;41
app/select.c;1;1;1;ROOT;1;284
app/select.c;1;1;1;artifact;1;283
app/select.h;1;1;1;ROOT;1;44
app/select.h;1;1;1;artifact;1;17
app/select.h;1;!SELECT_H;1 && !SELECT_H;if;18;18
app/select.h;1;!SELECT_H;1 && !SELECT_H;artifact;19;41
app/select.h;1;!SELECT_H;1 && !SELECT_H;endif;42;42
app/select.h;1;1;1;artifact;43;43
app/sheet-editor/sheet-editor-button.c;1;1;1;ROOT;1;321
app/sheet-editor/sheet-editor-button.c;1;1;1;artifact;1;320
app/sheet-editor/sheet-editor-button.h;1;1;1;ROOT;1;50
app/sheet-editor/sheet-editor-button.h;1;1;1;artifact;1;49
app/sheet-editor/sheets.c;1;1;1;ROOT;1;340
app/sheet-editor/sheets.c;1;1;1;artifact;1;339
app/sheet-editor/sheets.h;1;1;1;ROOT;1;84
app/sheet-editor/sheets.h;1;1;1;artifact;1;83
app/sheet-editor/sheets_dialog.c;1;1;1;ROOT;1;221
app/sheet-editor/sheets_dialog.c;1;1;1;artifact;1;220
app/sheet-editor/sheets_dialog.h;1;1;1;ROOT;1;6
app/sheet-editor/sheets_dialog.h;1;1;1;artifact;1;5
app/sheet-editor/sheets_dialog_callbacks.c;1;1;1;ROOT;1;1778
app/sheet-editor/sheets_dialog_callbacks.c;1;1;1;artifact;1;29
app/sheet-editor/sheets_dialog_callbacks.c;1;HAVE_UTIME_H;1 && HAVE_UTIME_H;if;30;30
app/sheet-editor/sheets_dialog_callbacks.c;1;HAVE_UTIME_H;1 && HAVE_UTIME_H;artifact;31;31
app/sheet-editor/sheets_dialog_callbacks.c;1;!HAVE_UTIME_H;!HAVE_UTIME_H && 1;else;32;32
app/sheet-editor/sheets_dialog_callbacks.c;1;!HAVE_UTIME_H;!HAVE_UTIME_H && 1;artifact;33;34
app/sheet-editor/sheets_dialog_callbacks.c;1;G_OS_WIN32;!HAVE_UTIME_H && 1 && G_OS_WIN32;if;35;35
app/sheet-editor/sheets_dialog_callbacks.c;1;G_OS_WIN32;!HAVE_UTIME_H && 1 && G_OS_WIN32;artifact;36;37
app/sheet-editor/sheets_dialog_callbacks.c;1;G_OS_WIN32;!HAVE_UTIME_H && 1 && G_OS_WIN32;endif;38;38
app/sheet-editor/sheets_dialog_callbacks.c;1;!HAVE_UTIME_H;!HAVE_UTIME_H && 1;endif;39;39
app/sheet-editor/sheets_dialog_callbacks.c;1;1;1;artifact;40;1777
app/sheet-editor/sheets_dialog_callbacks.h;1;1;1;ROOT;1;84
app/sheet-editor/sheets_dialog_callbacks.h;1;1;1;artifact;1;83
app/splash.c;1;1;1;ROOT;1;86
app/splash.c;1;1;1;artifact;1;85
app/textedit.c;1;1;1;ROOT;1;394
app/textedit.c;1;1;1;artifact;1;393
app/textedit.h;1;1;1;ROOT;1;38
app/textedit.h;1;1;1;artifact;1;18
app/textedit.h;1;!TEXTEDIT_H;1 && !TEXTEDIT_H;if;19;19
app/textedit.h;1;!TEXTEDIT_H;1 && !TEXTEDIT_H;artifact;20;35
app/textedit.h;1;!TEXTEDIT_H;1 && !TEXTEDIT_H;endif;36;36
app/textedit.h;1;1;1;artifact;37;37
app/textedit_tool.c;1;1;1;ROOT;1;184
app/textedit_tool.c;1;1;1;artifact;1;183
app/textedit_tool.h;1;1;1;ROOT;1;44
app/textedit_tool.h;1;1;1;artifact;1;17
app/textedit_tool.h;1;!TEXTEDIT_TOOL_H;1 && !TEXTEDIT_TOOL_H;if;18;18
app/textedit_tool.h;1;!TEXTEDIT_TOOL_H;1 && !TEXTEDIT_TOOL_H;artifact;19;41
app/textedit_tool.h;1;!TEXTEDIT_TOOL_H;1 && !TEXTEDIT_TOOL_H;endif;42;42
app/textedit_tool.h;1;1;1;artifact;43;43
app/tool.c;1;1;1;ROOT;1;175
app/tool.c;1;1;1;artifact;1;174
app/tool.h;1;1;1;ROOT;1;79
app/tool.h;1;1;1;artifact;1;17
app/tool.h;1;!TOOL_H;1 && !TOOL_H;if;18;18
app/tool.h;1;!TOOL_H;1 && !TOOL_H;artifact;19;76
app/tool.h;1;!TOOL_H;1 && !TOOL_H;endif;77;77
app/tool.h;1;1;1;artifact;78;78
app/toolbox.c;1;1;1;ROOT;1;1051
app/toolbox.c;1;1;1;artifact;1;1050
app/toolbox.h;1;1;1;ROOT;1;38
app/toolbox.h;1;1;1;artifact;1;37
app/undo.c;1;1;1;ROOT;1;1974
app/undo.c;1;1;1;artifact;1;1973
app/undo.h;1;1;1;ROOT;1;206
app/undo.h;1;1;1;artifact;1;17
app/undo.h;1;!UNDO_H;1 && !UNDO_H;if;18;18
app/undo.h;1;!UNDO_H;1 && !UNDO_H;artifact;19;202
app/undo.h;1;!UNDO_H;1 && !UNDO_H;endif;203;203
app/undo.h;1;1;1;artifact;204;205
app/winmain.c;1;1;1;ROOT;1;175
app/winmain.c;1;1;1;artifact;1;6
app/winmain.c;1;G_OS_WIN32;1 && G_OS_WIN32;if;7;7
app/winmain.c;1;G_OS_WIN32;1 && G_OS_WIN32;artifact;8;19
app/winmain.c;1;__GNUC__;1 && G_OS_WIN32 && __GNUC__;if;20;20
app/winmain.c;1;!_stdcall;1 && G_OS_WIN32 && __GNUC__ && !_stdcall;if;21;21
app/winmain.c;1;!_stdcall;1 && G_OS_WIN32 && __GNUC__ && !_stdcall;artifact;22;22
app/winmain.c;1;!_stdcall;1 && G_OS_WIN32 && __GNUC__ && !_stdcall;endif;23;23
app/winmain.c;1;__GNUC__;1 && G_OS_WIN32 && __GNUC__;endif;24;24
app/winmain.c;1;G_OS_WIN32;1 && G_OS_WIN32;artifact;25;172
app/winmain.c;1;G_OS_WIN32;1 && G_OS_WIN32;endif;173;173
app/winmain.c;1;1;1;artifact;174;174
lib/arrows.c;1;1;1;ROOT;1;2741
lib/arrows.c;1;1;1;artifact;1;2740
lib/arrows.h;1;1;1;ROOT;1;194
lib/arrows.h;1;1;1;artifact;1;193
lib/attributes.c;1;1;1;ROOT;1;342
lib/attributes.c;1;1;1;artifact;1;341
lib/attributes.h;1;1;1;ROOT;1;51
lib/attributes.h;1;1;1;artifact;1;50
lib/autoroute.c;1;1;1;ROOT;1;689
lib/autoroute.c;1;1;1;artifact;1;688
lib/autoroute.h;1;1;1;ROOT;1;34
lib/autoroute.h;1;1;1;artifact;1;20
lib/autoroute.h;1;!AUTOROUTE_H;1 && !AUTOROUTE_H;if;21;21
lib/autoroute.h;1;!AUTOROUTE_H;1 && !AUTOROUTE_H;artifact;22;31
lib/autoroute.h;1;!AUTOROUTE_H;1 && !AUTOROUTE_H;endif;32;32
lib/autoroute.h;1;1;1;artifact;33;33
lib/bezier-common.c;1;1;1;ROOT;1;195
lib/bezier-common.c;1;1;1;artifact;1;194
lib/bezier-common.h;1;1;1;ROOT;1;65
lib/bezier-common.h;1;1;1;artifact;1;23
lib/bezier-common.h;1;!BEZIER_COMMON_H;1 && !BEZIER_COMMON_H;if;24;24
lib/bezier-common.h;1;!BEZIER_COMMON_H;1 && !BEZIER_COMMON_H;artifact;25;62
lib/bezier-common.h;1;!BEZIER_COMMON_H;1 && !BEZIER_COMMON_H;endif;63;63
lib/bezier-common.h;1;1;1;artifact;64;64
lib/bezier_conn.c;1;1;1;ROOT;1;1434
lib/bezier_conn.c;1;1;1;artifact;1;1433
lib/bezier_conn.h;1;1;1;ROOT;1;106
lib/bezier_conn.h;1;1;1;artifact;1;105
lib/beziershape.c;1;1;1;ROOT;1;1453
lib/beziershape.c;1;1;1;artifact;1;735
lib/beziershape.c;1;0;1 && 0;if;736;736
lib/beziershape.c;1;0;1 && 0;artifact;737;739
lib/beziershape.c;1;0;1 && 0;endif;740;740
lib/beziershape.c;1;1;1;artifact;741;1452
lib/beziershape.h;1;1;1;ROOT;1;111
lib/beziershape.h;1;1;1;artifact;1;110
lib/boundingbox.c;1;1;1;ROOT;1;674
lib/boundingbox.c;1;1;1;artifact;1;629
lib/boundingbox.c;1;0;1 && 0;if;630;630
lib/boundingbox.c;1;0;1 && 0;artifact;631;646
lib/boundingbox.c;1;0;1 && 0;endif;647;647
lib/boundingbox.c;1;1;1;artifact;648;673
lib/boundingbox.h;1;1;1;ROOT;1;122
lib/boundingbox.h;1;1;1;artifact;1;25
lib/boundingbox.h;1;!BOUNDINGBOX_H;1 && !BOUNDINGBOX_H;if;26;26
lib/boundingbox.h;1;!BOUNDINGBOX_H;1 && !BOUNDINGBOX_H;artifact;27;119
lib/boundingbox.h;1;!BOUNDINGBOX_H;1 && !BOUNDINGBOX_H;endif;120;120
lib/boundingbox.h;1;1;1;artifact;121;121
lib/color.c;1;1;1;ROOT;1;212
lib/color.c;1;1;1;artifact;1;211
lib/color.h;1;1;1;ROOT;1;73
lib/color.h;1;1;1;artifact;1;72
lib/connection.c;1;1;1;ROOT;1;293
lib/connection.c;1;1;1;artifact;1;292
lib/connection.h;1;1;1;ROOT;1;74
lib/connection.h;1;1;1;artifact;1;73
lib/connectionpoint.c;1;1;1;ROOT;1;108
lib/connectionpoint.c;1;1;1;artifact;1;107
lib/connectionpoint.h;1;1;1;ROOT;1;108
lib/connectionpoint.h;1;1;1;artifact;1;18
lib/connectionpoint.h;1;!CONNECTIONPOINT_H;1 && !CONNECTIONPOINT_H;if;19;19
lib/connectionpoint.h;1;!CONNECTIONPOINT_H;1 && !CONNECTIONPOINT_H;artifact;20;105
lib/connectionpoint.h;1;!CONNECTIONPOINT_H;1 && !CONNECTIONPOINT_H;endif;106;106
lib/connectionpoint.h;1;1;1;artifact;107;107
lib/connpoint_line.c;1;1;1;ROOT;1;590
lib/connpoint_line.c;1;1;1;artifact;1;295
lib/connpoint_line.c;1;DEBUG_ORDER;1 && DEBUG_ORDER;if;296;296
lib/connpoint_line.c;1;DEBUG_ORDER;1 && DEBUG_ORDER;artifact;297;321
lib/connpoint_line.c;1;DEBUG_ORDER;1 && DEBUG_ORDER;endif;322;322
lib/connpoint_line.c;1;1;1;artifact;323;345
lib/connpoint_line.c;1;DEBUG_ORDER;1 && DEBUG_ORDER;if;346;346
lib/connpoint_line.c;1;DEBUG_ORDER;1 && DEBUG_ORDER;artifact;347;348
lib/connpoint_line.c;1;DEBUG_ORDER;1 && DEBUG_ORDER;endif;349;349
lib/connpoint_line.c;1;1;1;artifact;350;369
lib/connpoint_line.c;1;DEBUG_ORDER;1 && DEBUG_ORDER;if;370;370
lib/connpoint_line.c;1;DEBUG_ORDER;1 && DEBUG_ORDER;artifact;371;372
lib/connpoint_line.c;1;DEBUG_ORDER;1 && DEBUG_ORDER;endif;373;373
lib/connpoint_line.c;1;DEBUG_PARENT;1 && DEBUG_PARENT;if;374;374
lib/connpoint_line.c;1;DEBUG_PARENT;1 && DEBUG_PARENT;artifact;375;379
lib/connpoint_line.c;1;DEBUG_PARENT;1 && DEBUG_PARENT;endif;380;380
lib/connpoint_line.c;1;1;1;artifact;381;589
lib/connpoint_line.h;1;1;1;ROOT;1;92
lib/connpoint_line.h;1;1;1;artifact;1;91
lib/create.c;1;1;1;ROOT;1;433
lib/create.c;1;1;1;artifact;1;432
lib/create.h;1;1;1;ROOT;1;151
lib/create.h;1;1;1;artifact;1;29
lib/create.h;1;!STANDARD_OBJECT_CREATE_H;1 && !STANDARD_OBJECT_CREATE_H;if;30;30
lib/create.h;1;!STANDARD_OBJECT_CREATE_H;1 && !STANDARD_OBJECT_CREATE_H;artifact;31;148
lib/create.h;1;!STANDARD_OBJECT_CREATE_H;1 && !STANDARD_OBJECT_CREATE_H;endif;149;149
lib/create.h;1;1;1;artifact;150;150
lib/debug.c;1;1;1;ROOT;1;50
lib/debug.c;1;1;1;artifact;1;49
lib/debug.h;1;1;1;ROOT;1;34
lib/debug.h;1;1;1;artifact;1;20
lib/debug.h;1;!DEBUG_H;1 && !DEBUG_H;if;21;21
lib/debug.h;1;!DEBUG_H;1 && !DEBUG_H;artifact;22;31
lib/debug.h;1;!DEBUG_H;1 && !DEBUG_H;endif;32;32
lib/debug.h;1;1;1;artifact;33;33
lib/dia-arrow-cell-renderer.c;1;1;1;ROOT;1;299
lib/dia-arrow-cell-renderer.c;1;1;1;artifact;1;298
lib/dia-arrow-cell-renderer.h;1;1;1;ROOT;1;43
lib/dia-arrow-cell-renderer.h;1;1;1;artifact;1;42
lib/dia-arrow-chooser.c;1;1;1;ROOT;1;354
lib/dia-arrow-chooser.c;1;1;1;artifact;1;353
lib/dia-arrow-chooser.h;1;1;1;ROOT;1;47
lib/dia-arrow-chooser.h;1;1;1;artifact;1;46
lib/dia-arrow-preview.c;1;1;1;ROOT;1;225
lib/dia-arrow-preview.c;1;1;1;artifact;1;224
lib/dia-arrow-preview.h;1;1;1;ROOT;1;41
lib/dia-arrow-preview.h;1;1;1;artifact;1;40
lib/dia-arrow-selector.c;1;1;1;ROOT;1;263
lib/dia-arrow-selector.c;1;1;1;artifact;1;262
lib/dia-arrow-selector.h;1;1;1;ROOT;1;39
lib/dia-arrow-selector.h;1;1;1;artifact;1;38
lib/dia-change.c;1;1;1;ROOT;1;346
lib/dia-change.c;1;1;1;artifact;1;345
lib/dia-change.h;1;1;1;ROOT;1;140
lib/dia-change.h;1;1;1;artifact;1;26
lib/dia-change.h;1;!__GTK_DOC_IGNORE__;1 && !__GTK_DOC_IGNORE__;if;27;27
lib/dia-change.h;1;!__GTK_DOC_IGNORE__;1 && !__GTK_DOC_IGNORE__;artifact;28;29
lib/dia-change.h;1;!__GTK_DOC_IGNORE__;1 && !__GTK_DOC_IGNORE__;endif;30;30
lib/dia-change.h;1;1;1;artifact;31;139
lib/dia-colour-cell-renderer.c;1;1;1;ROOT;1;270
lib/dia-colour-cell-renderer.c;1;1;1;artifact;1;269
lib/dia-colour-cell-renderer.h;1;1;1;ROOT;1;43
lib/dia-colour-cell-renderer.h;1;1;1;artifact;1;42
lib/dia-colour-selector.c;1;1;1;ROOT;1;480
lib/dia-colour-selector.c;1;1;1;artifact;1;479
lib/dia-colour-selector.h;1;1;1;ROOT;1;42
lib/dia-colour-selector.h;1;1;1;artifact;1;41
lib/dia-enums.h;1;1;1;ROOT;1;72
lib/dia-enums.h;1;1;1;artifact;1;71
lib/dia-font-selector.c;1;1;1;ROOT;1;648
lib/dia-font-selector.c;1;1;1;artifact;1;647
lib/dia-font-selector.h;1;1;1;ROOT;1;39
lib/dia-font-selector.h;1;1;1;artifact;1;38
lib/dia-graphene.h;1;1;1;ROOT;1;54
lib/dia-graphene.h;1;1;1;artifact;1;53
lib/dia-guide.c;1;1;1;ROOT;1;60
lib/dia-guide.c;1;1;1;artifact;1;59
lib/dia-guide.h;1;1;1;ROOT;1;38
lib/dia-guide.h;1;1;1;artifact;1;37
lib/dia-handle.c;1;1;1;ROOT;1;50
lib/dia-handle.c;1;1;1;artifact;1;49
lib/dia-layer.h;1;1;1;ROOT;1;106
lib/dia-layer.h;1;1;1;artifact;1;105
lib/dia-line-cell-renderer.c;1;1;1;ROOT;1;225
lib/dia-line-cell-renderer.c;1;1;1;artifact;1;224
lib/dia-line-cell-renderer.h;1;1;1;ROOT;1;43
lib/dia-line-cell-renderer.h;1;1;1;artifact;1;42
lib/dia-line-chooser.c;1;1;1;ROOT;1;227
lib/dia-line-chooser.c;1;1;1;artifact;1;226
lib/dia-line-chooser.h;1;1;1;ROOT;1;47
lib/dia-line-chooser.h;1;1;1;artifact;1;46
lib/dia-line-preview.c;1;1;1;ROOT;1;159
lib/dia-line-preview.c;1;1;1;artifact;1;158
lib/dia-line-preview.h;1;1;1;ROOT;1;38
lib/dia-line-preview.h;1;1;1;artifact;1;37
lib/dia-line-style-selector.c;1;1;1;ROOT;1;236
lib/dia-line-style-selector.c;1;1;1;artifact;1;235
lib/dia-line-style-selector.h;1;1;1;ROOT;1;42
lib/dia-line-style-selector.h;1;1;1;artifact;1;41
lib/dia-object-change-list.c;1;1;1;ROOT;1;89
lib/dia-object-change-list.c;1;1;1;artifact;1;88
lib/dia-object-change-list.h;1;1;1;ROOT;1;38
lib/dia-object-change-list.h;1;1;1;artifact;1;37
lib/dia-object-change.c;1;1;1;ROOT;1;366
lib/dia-object-change.c;1;1;1;artifact;1;365
lib/dia-object-change.h;1;1;1;ROOT;1;153
lib/dia-object-change.h;1;1;1;artifact;1;26
lib/dia-object-change.h;1;!__GTK_DOC_IGNORE__;1 && !__GTK_DOC_IGNORE__;if;27;27
lib/dia-object-change.h;1;!__GTK_DOC_IGNORE__;1 && !__GTK_DOC_IGNORE__;artifact;28;29
lib/dia-object-change.h;1;!__GTK_DOC_IGNORE__;1 && !__GTK_DOC_IGNORE__;endif;30;30
lib/dia-object-change.h;1;1;1;artifact;31;152
lib/dia-simple-list.c;1;1;1;ROOT;1;200
lib/dia-simple-list.c;1;1;1;artifact;1;199
lib/dia-simple-list.h;1;1;1;ROOT;1;48
lib/dia-simple-list.h;1;1;1;artifact;1;47
lib/dia-size-selector.c;1;1;1;ROOT;1;246
lib/dia-size-selector.c;1;1;1;artifact;1;245
lib/dia-size-selector.h;1;1;1;ROOT;1;43
lib/dia-size-selector.h;1;1;1;artifact;1;42
lib/dia-state-object-change.c;1;1;1;ROOT;1;119
lib/dia-state-object-change.c;1;1;1;artifact;1;118
lib/dia-state-object-change.h;1;1;1;ROOT;1;82
lib/dia-state-object-change.h;1;1;1;artifact;1;81
lib/dia-unit-spinner.c;1;1;1;ROOT;1;207
lib/dia-unit-spinner.c;1;1;1;artifact;1;206
lib/dia-unit-spinner.h;1;1;1;ROOT;1;43
lib/dia-unit-spinner.h;1;1;1;artifact;1;42
lib/dia_dirs.c;1;1;1;ROOT;1;274
lib/dia_dirs.c;1;1;1;artifact;1;45
lib/dia_dirs.c;1;G_OS_WIN32;1 && G_OS_WIN32;if;46;46
lib/dia_dirs.c;1;G_OS_WIN32;1 && G_OS_WIN32;artifact;47;57
lib/dia_dirs.c;1;!G_OS_WIN32;!G_OS_WIN32 && 1;else;58;58
lib/dia_dirs.c;1;!G_OS_WIN32;!G_OS_WIN32 && 1;artifact;59;72
lib/dia_dirs.c;1;!G_OS_WIN32;!G_OS_WIN32 && 1;endif;73;73
lib/dia_dirs.c;1;1;1;artifact;74;88
lib/dia_dirs.c;1;G_OS_WIN32;1 && G_OS_WIN32;if;89;89
lib/dia_dirs.c;1;G_OS_WIN32;1 && G_OS_WIN32;artifact;90;95
lib/dia_dirs.c;1;!G_OS_WIN32;!G_OS_WIN32 && 1;else;96;96
lib/dia_dirs.c;1;!G_OS_WIN32;!G_OS_WIN32 && 1;artifact;97;97
lib/dia_dirs.c;1;!G_OS_WIN32;!G_OS_WIN32 && 1;endif;98;98
lib/dia_dirs.c;1;1;1;artifact;99;104
lib/dia_dirs.c;1;G_OS_WIN32;1 && G_OS_WIN32;if;105;105
lib/dia_dirs.c;1;G_OS_WIN32;1 && G_OS_WIN32;artifact;106;111
lib/dia_dirs.c;1;!G_OS_WIN32;!G_OS_WIN32 && 1;else;112;112
lib/dia_dirs.c;1;!G_OS_WIN32;!G_OS_WIN32 && 1;artifact;113;113
lib/dia_dirs.c;1;!G_OS_WIN32;!G_OS_WIN32 && 1;endif;114;114
lib/dia_dirs.c;1;1;1;artifact;115;273
lib/dia_dirs.h;1;1;1;ROOT;1;36
lib/dia_dirs.h;1;1;1;artifact;1;35
lib/dia_image.c;1;1;1;ROOT;1;555
lib/dia_image.c;1;1;1;artifact;1;554
lib/dia_image.h;1;1;1;ROOT;1;88
lib/dia_image.h;1;1;1;artifact;1;17
lib/dia_image.h;1;!DIA_IMAGE_H;1 && !DIA_IMAGE_H;if;18;18
lib/dia_image.h;1;!DIA_IMAGE_H;1 && !DIA_IMAGE_H;artifact;19;84
lib/dia_image.h;1;!DIA_IMAGE_H;1 && !DIA_IMAGE_H;endif;85;85
lib/dia_image.h;1;1;1;artifact;86;87
lib/dia_svg.c;1;1;1;ROOT;1;1809
lib/dia_svg.c;1;1;1;artifact;1;1117
lib/dia_svg.c;1;DEBUG_CUSTOM;1 && DEBUG_CUSTOM;if;1118;1118
lib/dia_svg.c;1;DEBUG_CUSTOM;1 && DEBUG_CUSTOM;artifact;1119;1119
lib/dia_svg.c;1;DEBUG_CUSTOM;1 && DEBUG_CUSTOM;endif;1120;1120
lib/dia_svg.c;1;1;1;artifact;1121;1482
lib/dia_svg.c;1;1;1 && 1;if;1483;1483
lib/dia_svg.c;1;1;1 && 1;artifact;1484;1490
lib/dia_svg.c;1;0;0 && 1;else;1491;1491
lib/dia_svg.c;1;0;0 && 1;artifact;1492;1505
lib/dia_svg.c;1;0;0 && 1;endif;1506;1506
lib/dia_svg.c;1;1;1;artifact;1507;1808
lib/dia_svg.h;1;1;1;ROOT;1;81
lib/dia_svg.h;1;1;1;artifact;1;80
lib/dia_xml.c;1;1;1;ROOT;1;1401
lib/dia_xml.c;1;1;1;artifact;1;36
lib/dia_xml.c;1;HAVE_UNISTD_H;1 && HAVE_UNISTD_H;if;37;37
lib/dia_xml.c;1;HAVE_UNISTD_H;1 && HAVE_UNISTD_H;artifact;38;38
lib/dia_xml.c;1;HAVE_UNISTD_H;1 && HAVE_UNISTD_H;endif;39;39
lib/dia_xml.c;1;1;1;artifact;40;46
lib/dia_xml.c;1;G_OS_WIN32;1 && G_OS_WIN32;if;47;47
lib/dia_xml.c;1;G_OS_WIN32;1 && G_OS_WIN32;artifact;48;48
lib/dia_xml.c;1;G_OS_WIN32;1 && G_OS_WIN32;endif;49;49
lib/dia_xml.c;1;1;1;artifact;50;1400
lib/dia_xml.h;1;1;1;ROOT;1;124
lib/dia_xml.h;1;1;1;artifact;1;17
lib/dia_xml.h;1;!DIA_XML_H;1 && !DIA_XML_H;if;18;18
lib/dia_xml.h;1;!DIA_XML_H;1 && !DIA_XML_H;artifact;19;120
lib/dia_xml.h;1;!DIA_XML_H;1 && !DIA_XML_H;endif;121;121
lib/dia_xml.h;1;1;1;artifact;122;123
lib/dia_xml_libxml.h;1;1;1;ROOT;1;36
lib/dia_xml_libxml.h;1;1;1;artifact;1;20
lib/dia_xml_libxml.h;1;!DIA_XML_LIBXML_H;1 && !DIA_XML_LIBXML_H;if;21;21
lib/dia_xml_libxml.h;1;!DIA_XML_LIBXML_H;1 && !DIA_XML_LIBXML_H;artifact;22;33
lib/dia_xml_libxml.h;1;!DIA_XML_LIBXML_H;1 && !DIA_XML_LIBXML_H;endif;34;34
lib/dia_xml_libxml.h;1;1;1;artifact;35;35
lib/diacellrendererenum.c;1;1;1;ROOT;1;127
lib/diacellrendererenum.c;1;1;1;artifact;1;126
lib/diacellrendererenum.h;1;1;1;ROOT;1;15
lib/diacellrendererenum.h;1;!DIA_CELLRENDERERENUM_H;1 && !DIA_CELLRENDERERENUM_H;if;1;1
lib/diacellrendererenum.h;1;!DIA_CELLRENDERERENUM_H;1 && !DIA_CELLRENDERERENUM_H;artifact;2;12
lib/diacellrendererenum.h;1;!DIA_CELLRENDERERENUM_H;1 && !DIA_CELLRENDERERENUM_H;endif;13;13
lib/diacellrendererenum.h;1;1;1;artifact;14;14
lib/diacontext.c;1;1;1;ROOT;1;189
lib/diacontext.c;1;1;1;artifact;1;188
lib/diacontext.h;1;1;1;ROOT;1;26
lib/diacontext.h;1;1;1;artifact;1;25
lib/diagramdata.c;1;1;1;ROOT;1;1126
lib/diagramdata.c;1;1;1;artifact;1;1125
lib/diagramdata.h;1;1;1;ROOT;1;174
lib/diagramdata.h;1;1;1;artifact;1;18
lib/diagramdata.h;1;!DIAGRAMDATA_H;1 && !DIAGRAMDATA_H;if;19;19
lib/diagramdata.h;1;!DIAGRAMDATA_H;1 && !DIAGRAMDATA_H;artifact;20;33
lib/diagramdata.h;1;!__in_diagram_data;1 && !DIAGRAMDATA_H && !__in_diagram_data;if;34;34
lib/diagramdata.h;1;!__in_diagram_data;1 && !DIAGRAMDATA_H && !__in_diagram_data;artifact;35;35
lib/diagramdata.h;1;__in_diagram_data;__in_diagram_data && 1 && !DIAGRAMDATA_H;else;36;36
lib/diagramdata.h;1;__in_diagram_data;__in_diagram_data && 1 && !DIAGRAMDATA_H;artifact;37;37
lib/diagramdata.h;1;__in_diagram_data;__in_diagram_data && 1 && !DIAGRAMDATA_H;endif;38;38
lib/diagramdata.h;1;!DIAGRAMDATA_H;1 && !DIAGRAMDATA_H;artifact;39;171
lib/diagramdata.h;1;!DIAGRAMDATA_H;1 && !DIAGRAMDATA_H;endif;172;172
lib/diagramdata.h;1;1;1;artifact;173;173
lib/diaimportrenderer.c;1;1;1;ROOT;1;781
lib/diaimportrenderer.c;1;1;1;artifact;1;410
lib/diaimportrenderer.c;1;0;1 && 0;if;411;411
lib/diaimportrenderer.c;1;0;1 && 0;artifact;412;416
lib/diaimportrenderer.c;1;1;1 && 1;else;417;417
lib/diaimportrenderer.c;1;1;1 && 1;artifact;418;425
lib/diaimportrenderer.c;1;1;1 && 1;endif;426;426
lib/diaimportrenderer.c;1;1;1;artifact;427;780
lib/diaimportrenderer.h;1;1;1;ROOT;1;59
lib/diaimportrenderer.h;1;!DIA_IMPORT_RENDERER_H;1 && !DIA_IMPORT_RENDERER_H;if;1;1
lib/diaimportrenderer.h;1;!DIA_IMPORT_RENDERER_H;1 && !DIA_IMPORT_RENDERER_H;artifact;2;56
lib/diaimportrenderer.h;1;!DIA_IMPORT_RENDERER_H;1 && !DIA_IMPORT_RENDERER_H;endif;57;57
lib/diaimportrenderer.h;1;1;1;artifact;58;58
lib/diainteractiverenderer.c;1;1;1;ROOT;1;356
lib/diainteractiverenderer.c;1;1;1;artifact;1;355
lib/diainteractiverenderer.h;1;1;1;ROOT;1;146
lib/diainteractiverenderer.h;1;1;1;artifact;1;145
lib/dialib.c;1;1;1;ROOT;1;121
lib/dialib.c;1;1;1;artifact;1;52
lib/dialib.c;1;G_OS_WIN32;1 && G_OS_WIN32;if;53;53
lib/dialib.c;1;G_OS_WIN32;1 && G_OS_WIN32;artifact;54;67
lib/dialib.c;1;G_OS_WIN32;1 && G_OS_WIN32;endif;68;68
lib/dialib.c;1;1;1;artifact;69;91
lib/dialib.c;1;G_OS_WIN32;1 && G_OS_WIN32;if;92;92
lib/dialib.c;1;G_OS_WIN32;1 && G_OS_WIN32;artifact;93;93
lib/dialib.c;1;G_OS_WIN32;1 && G_OS_WIN32;endif;94;94
lib/dialib.c;1;1;1;artifact;95;102
lib/dialib.c;1;!GTK_CHECK_VERSION___LB__3__0__0__RB__;1 && !GTK_CHECK_VERSION___LB__3__0__0__RB__;if;103;103
lib/dialib.c;1;!GTK_CHECK_VERSION___LB__3__0__0__RB__;1 && !GTK_CHECK_VERSION___LB__3__0__0__RB__;artifact;104;109
lib/dialib.c;1;!GTK_CHECK_VERSION___LB__3__0__0__RB__;1 && !GTK_CHECK_VERSION___LB__3__0__0__RB__;endif;110;110
lib/dialib.c;1;1;1;artifact;111;120
lib/dialib.h;1;1;1;ROOT;1;20
lib/dialib.h;1;!LIBDIA_H;1 && !LIBDIA_H;if;1;1
lib/dialib.h;1;!LIBDIA_H;1 && !LIBDIA_H;artifact;2;17
lib/dialib.h;1;!LIBDIA_H;1 && !LIBDIA_H;endif;18;18
lib/dialib.h;1;1;1;artifact;19;19
lib/diamenu.h;1;1;1;ROOT;1;56
lib/diamenu.h;1;1;1;artifact;1;17
lib/diamenu.h;1;!DIAMENU_H;1 && !DIAMENU_H;if;18;18
lib/diamenu.h;1;!DIAMENU_H;1 && !DIAMENU_H;artifact;19;53
lib/diamenu.h;1;!DIAMENU_H;1 && !DIAMENU_H;endif;54;54
lib/diamenu.h;1;1;1;artifact;55;55
lib/diaoptionmenu.c;1;1;1;ROOT;1;179
lib/diaoptionmenu.c;1;1;1;artifact;1;178
lib/diaoptionmenu.h;1;1;1;ROOT;1;46
lib/diaoptionmenu.h;1;1;1;artifact;1;45
lib/diapathrenderer.c;1;1;1;ROOT;1;917
lib/diapathrenderer.c;1;1;1;artifact;1;916
lib/diapathrenderer.h;1;1;1;ROOT;1;55
lib/diapathrenderer.h;1;1;1;artifact;1;20
lib/diapathrenderer.h;1;!DIA_PATH_RENDERER_H;1 && !DIA_PATH_RENDERER_H;if;21;21
lib/diapathrenderer.h;1;!DIA_PATH_RENDERER_H;1 && !DIA_PATH_RENDERER_H;artifact;22;51
lib/diapathrenderer.h;1;!DIA_PATH_RENDERER_H;1 && !DIA_PATH_RENDERER_H;endif;52;52
lib/diapathrenderer.h;1;1;1;artifact;53;54
lib/diapatternselector.c;1;1;1;ROOT;1;241
lib/diapatternselector.c;1;1;1;artifact;1;240
lib/diapatternselector.h;1;1;1;ROOT;1;8
lib/diapatternselector.h;1;1;1;artifact;1;7
lib/diarenderer.c;1;1;1;ROOT;1;2698
lib/diarenderer.c;1;1;1;artifact;1;288
lib/diarenderer.c;1;1;1 && 1;if;289;289
lib/diarenderer.c;1;1;1 && 1;artifact;290;296
lib/diarenderer.c;1;0;0 && 1;else;297;297
lib/diarenderer.c;1;0;0 && 1;artifact;298;316
lib/diarenderer.c;1;0;0 && 1;endif;317;317
lib/diarenderer.c;1;1;1;artifact;318;2697
lib/diarenderer.h;1;1;1;ROOT;1;455
lib/diarenderer.h;1;1;1;artifact;1;19
lib/diarenderer.h;1;!DIA_RENDERER_H;1 && !DIA_RENDERER_H;if;20;20
lib/diarenderer.h;1;!DIA_RENDERER_H;1 && !DIA_RENDERER_H;artifact;21;452
lib/diarenderer.h;1;!DIA_RENDERER_H;1 && !DIA_RENDERER_H;endif;453;453
lib/diarenderer.h;1;1;1;artifact;454;454
lib/diasvgrenderer.c;1;1;1;ROOT;1;1030
lib/diasvgrenderer.c;1;1;1;artifact;1;36
lib/diasvgrenderer.c;1;HAVE_UNISTD_H;1 && HAVE_UNISTD_H;if;37;37
lib/diasvgrenderer.c;1;HAVE_UNISTD_H;1 && HAVE_UNISTD_H;artifact;38;38
lib/diasvgrenderer.c;1;HAVE_UNISTD_H;1 && HAVE_UNISTD_H;endif;39;39
lib/diasvgrenderer.c;1;1;1;artifact;40;842
lib/diasvgrenderer.c;1;0;1 && 0;if;843;843
lib/diasvgrenderer.c;1;0;1 && 0;artifact;844;845
lib/diasvgrenderer.c;1;1;1 && 1;else;846;846
lib/diasvgrenderer.c;1;1;1 && 1;artifact;847;849
lib/diasvgrenderer.c;1;1;1 && 1;endif;850;850
lib/diasvgrenderer.c;1;1;1;artifact;851;1029
lib/diasvgrenderer.h;1;1;1;ROOT;1;51
lib/diasvgrenderer.h;1;!DIA_SVG_RENDERER_H;1 && !DIA_SVG_RENDERER_H;if;1;1
lib/diasvgrenderer.h;1;!DIA_SVG_RENDERER_H;1 && !DIA_SVG_RENDERER_H;artifact;2;48
lib/diasvgrenderer.h;1;!DIA_SVG_RENDERER_H;1 && !DIA_SVG_RENDERER_H;endif;49;49
lib/diasvgrenderer.h;1;1;1;artifact;50;50
lib/diatransform.c;1;1;1;ROOT;1;121
lib/diatransform.c;1;1;1;artifact;1;120
lib/diatransform.h;1;1;1;ROOT;1;51
lib/diatransform.h;1;1;1;artifact;1;50
lib/diatransformrenderer.c;1;1;1;ROOT;1;641
lib/diatransformrenderer.c;1;1;1;artifact;1;640
lib/diatransformrenderer.h;1;1;1;ROOT;1;27
lib/diatransformrenderer.h;1;1;1;artifact;1;26
lib/diatypes.h;1;1;1;ROOT;1;183
lib/diatypes.h;1;1;1;artifact;1;26
lib/diatypes.h;1;!__GTK_DOC_IGNORE__;1 && !__GTK_DOC_IGNORE__;if;27;27
lib/diatypes.h;1;!__GTK_DOC_IGNORE__;1 && !__GTK_DOC_IGNORE__;artifact;28;180
lib/diatypes.h;1;!__GTK_DOC_IGNORE__;1 && !__GTK_DOC_IGNORE__;endif;181;181
lib/diatypes.h;1;1;1;artifact;182;182
lib/diavar.h;1;1;1;ROOT;1;23
lib/diavar.h;1;!DIAVAR_H;1 && !DIAVAR_H;if;1;1
lib/diavar.h;1;!DIAVAR_H;1 && !DIAVAR_H;artifact;2;5
lib/diavar.h;1;G_OS_WIN32;1 && !DIAVAR_H && G_OS_WIN32;if;6;6
lib/diavar.h;1;LIBDIA_COMPILATION;1 && !DIAVAR_H && G_OS_WIN32 && LIBDIA_COMPILATION;if;7;7
lib/diavar.h;1;LIBDIA_COMPILATION;1 && !DIAVAR_H && G_OS_WIN32 && LIBDIA_COMPILATION;artifact;8;8
lib/diavar.h;1;!LIBDIA_COMPILATION;!LIBDIA_COMPILATION && 1 && !DIAVAR_H && G_OS_WIN32;else;9;9
lib/diavar.h;1;!LIBDIA_COMPILATION;!LIBDIA_COMPILATION && 1 && !DIAVAR_H && G_OS_WIN32;artifact;10;10
lib/diavar.h;1;!LIBDIA_COMPILATION;!LIBDIA_COMPILATION && 1 && !DIAVAR_H && G_OS_WIN32;endif;11;11
lib/diavar.h;1;!G_OS_WIN32;!G_OS_WIN32 && 1 && !DIAVAR_H;else;12;12
lib/diavar.h;1;!G_OS_WIN32;!G_OS_WIN32 && 1 && !DIAVAR_H;artifact;13;18
lib/diavar.h;1;!G_OS_WIN32;!G_OS_WIN32 && 1 && !DIAVAR_H;endif;19;19
lib/diavar.h;1;!DIAVAR_H;1 && !DIAVAR_H;artifact;20;20
lib/diavar.h;1;!DIAVAR_H;1 && !DIAVAR_H;endif;21;21
lib/diavar.h;1;1;1;artifact;22;22
lib/dynamic_obj.c;1;1;1;ROOT;1;107
lib/dynamic_obj.c;1;1;1;artifact;1;106
lib/dynamic_obj.h;1;1;1;ROOT;1;60
lib/dynamic_obj.h;1;1;1;artifact;1;21
lib/dynamic_obj.h;1;!DYNAMIC_OBJ_H;1 && !DYNAMIC_OBJ_H;if;22;22
lib/dynamic_obj.h;1;!DYNAMIC_OBJ_H;1 && !DYNAMIC_OBJ_H;artifact;23;57
lib/dynamic_obj.h;1;!DYNAMIC_OBJ_H;1 && !DYNAMIC_OBJ_H;endif;58;58
lib/dynamic_obj.h;1;1;1;artifact;59;59
lib/element.c;1;1;1;ROOT;1;664
lib/element.c;1;1;1;artifact;1;40
lib/element.c;1;G_OS_WIN32;1 && G_OS_WIN32;if;41;41
lib/element.c;1;G_OS_WIN32;1 && G_OS_WIN32;artifact;42;42
lib/element.c;1;!G_OS_WIN32;!G_OS_WIN32 && 1;else;43;43
lib/element.c;1;!G_OS_WIN32;!G_OS_WIN32 && 1;artifact;44;44
lib/element.c;1;!G_OS_WIN32;!G_OS_WIN32 && 1;endif;45;45
lib/element.c;1;1;1;artifact;46;663
lib/element.h;1;1;1;ROOT;1;136
lib/element.h;1;1;1;artifact;1;93
lib/element.h;1;G_OS_WIN32;1 && G_OS_WIN32;if;94;94
lib/element.h;1;G_OS_WIN32;1 && G_OS_WIN32;artifact;95;96
lib/element.h;1;!G_OS_WIN32;!G_OS_WIN32 && 1;else;97;97
lib/element.h;1;!G_OS_WIN32;!G_OS_WIN32 && 1;artifact;98;100
lib/element.h;1;!G_OS_WIN32;!G_OS_WIN32 && 1;endif;101;101
lib/element.h;1;1;1;artifact;102;135
lib/filter.c;1;1;1;ROOT;1;338
lib/filter.c;1;1;1;artifact;1;337
lib/filter.h;1;1;1;ROOT;1;139
lib/filter.h;1;1;1;artifact;1;20
lib/filter.h;1;!FILTER_H;1 && !FILTER_H;if;21;21
lib/filter.h;1;!FILTER_H;1 && !FILTER_H;artifact;22;136
lib/filter.h;1;!FILTER_H;1 && !FILTER_H;endif;137;137
lib/filter.h;1;1;1;artifact;138;138
lib/focus.c;1;1;1;ROOT;1;279
lib/focus.c;1;1;1;artifact;1;278
lib/focus.h;1;1;1;ROOT;1;50
lib/focus.h;1;1;1;artifact;1;49
lib/font.c;1;1;1;ROOT;1;1108
lib/font.c;1;1;1;artifact;1;33
lib/font.c;1;GDK_WINDOWING_WIN32;1 && GDK_WINDOWING_WIN32;if;34;34
lib/font.c;1;GDK_WINDOWING_WIN32;1 && GDK_WINDOWING_WIN32;artifact;35;37
lib/font.c;1;GDK_WINDOWING_WIN32;1 && GDK_WINDOWING_WIN32;endif;38;38
lib/font.c;1;1;1;artifact;39;101
lib/font.c;1;GDK_WINDOWING_WIN32;1 && GDK_WINDOWING_WIN32;if;102;102
lib/font.c;1;GDK_WINDOWING_WIN32;1 && GDK_WINDOWING_WIN32;artifact;103;103
lib/font.c;1;(DEFINED___LB__GDK_WINDOWING_QUARTZ__RB__ || DEFINED___LB__GDK_WINDOWING_X11__RB__) && !GDK_WINDOWING_WIN32;(DEFINED___LB__GDK_WINDOWING_QUARTZ__RB__ || DEFINED___LB__GDK_WINDOWING_X11__RB__) && !GDK_WINDOWING_WIN32 && 1;elif;104;104
lib/font.c;1;(DEFINED___LB__GDK_WINDOWING_QUARTZ__RB__ || DEFINED___LB__GDK_WINDOWING_X11__RB__) && !GDK_WINDOWING_WIN32;(DEFINED___LB__GDK_WINDOWING_QUARTZ__RB__ || DEFINED___LB__GDK_WINDOWING_X11__RB__) && !GDK_WINDOWING_WIN32 && 1;artifact;105;105
lib/font.c;1;!DEFINED___LB__GDK_WINDOWING_QUARTZ__RB__ && !DEFINED___LB__GDK_WINDOWING_X11__RB__ && !GDK_WINDOWING_WIN32;!DEFINED___LB__GDK_WINDOWING_QUARTZ__RB__ && !DEFINED___LB__GDK_WINDOWING_X11__RB__ && !GDK_WINDOWING_WIN32 && 1;else;106;106
lib/font.c;1;!DEFINED___LB__GDK_WINDOWING_QUARTZ__RB__ && !DEFINED___LB__GDK_WINDOWING_X11__RB__ && !GDK_WINDOWING_WIN32;!DEFINED___LB__GDK_WINDOWING_QUARTZ__RB__ && !DEFINED___LB__GDK_WINDOWING_X11__RB__ && !GDK_WINDOWING_WIN32 && 1;artifact;107;107
lib/font.c;1;!DEFINED___LB__GDK_WINDOWING_QUARTZ__RB__ && !DEFINED___LB__GDK_WINDOWING_X11__RB__ && !GDK_WINDOWING_WIN32;!DEFINED___LB__GDK_WINDOWING_QUARTZ__RB__ && !DEFINED___LB__GDK_WINDOWING_X11__RB__ && !GDK_WINDOWING_WIN32 && 1;endif;108;108
lib/font.c;1;1;1;artifact;109;1107
lib/font.h;1;1;1;ROOT;1;152
lib/font.h;1;1;1;artifact;1;151
lib/geometry.c;1;1;1;ROOT;1;896
lib/geometry.c;1;1;1;artifact;1;675
lib/geometry.c;1;TRACE_DIST;1 && TRACE_DIST;if;676;676
lib/geometry.c;1;TRACE_DIST;1 && TRACE_DIST;artifact;677;678
lib/geometry.c;1;TRACE_DIST;1 && TRACE_DIST;endif;679;679
lib/geometry.c;1;1;1;artifact;680;702
lib/geometry.c;1;TRACE_DIST;1 && TRACE_DIST;if;703;703
lib/geometry.c;1;TRACE_DIST;1 && TRACE_DIST;artifact;704;705
lib/geometry.c;1;TRACE_DIST;1 && TRACE_DIST;endif;706;706
lib/geometry.c;1;1;1;artifact;707;709
lib/geometry.c;1;TRACE_DIST;1 && TRACE_DIST;if;710;710
lib/geometry.c;1;TRACE_DIST;1 && TRACE_DIST;artifact;711;716
lib/geometry.c;1;TRACE_DIST;1 && TRACE_DIST;endif;717;717
lib/geometry.c;1;1;1;artifact;718;895
lib/geometry.h;1;1;1;ROOT;1;331
lib/geometry.h;1;1;1;artifact;1;19
lib/geometry.h;1;!GEOMETRY_H;1 && !GEOMETRY_H;if;20;20
lib/geometry.h;1;!GEOMETRY_H;1 && !GEOMETRY_H;artifact;21;328
lib/geometry.h;1;!GEOMETRY_H;1 && !GEOMETRY_H;endif;329;329
lib/geometry.h;1;1;1;artifact;330;330
lib/group.c;1;1;1;ROOT;1;939
lib/group.c;1;1;1;artifact;1;183
lib/group.c;1;0;1 && 0;if;184;184
lib/group.c;1;0;1 && 0;artifact;185;202
lib/group.c;1;0;1 && 0;endif;203;203
lib/group.c;1;1;1;artifact;204;938
lib/group.h;1;1;1;ROOT;1;48
lib/group.h;1;1;1;artifact;1;47
lib/handle.h;1;1;1;ROOT;1;148
lib/handle.h;1;1;1;artifact;1;147
lib/intl.c;1;1;1;ROOT;1;34
lib/intl.c;1;1;1;artifact;1;33
lib/intl.h;1;1;1;ROOT;1;5
lib/intl.h;1;1;1;artifact;1;4
lib/layer.c;1;1;1;ROOT;1;1164
lib/layer.c;1;1;1;artifact;1;1163
lib/message.c;1;1;1;ROOT;1;361
lib/message.c;1;1;1;artifact;1;360
lib/message.h;1;1;1;ROOT;1;53
lib/message.h;1;1;1;artifact;1;52
lib/object-alias.c;1;1;1;ROOT;1;190
lib/object-alias.c;1;1;1;artifact;1;119
lib/object-alias.c;1;MODIFY_OBJECTS_TYPE;1 && MODIFY_OBJECTS_TYPE;if;120;120
lib/object-alias.c;1;MODIFY_OBJECTS_TYPE;1 && MODIFY_OBJECTS_TYPE;artifact;121;122
lib/object-alias.c;1;MODIFY_OBJECTS_TYPE;1 && MODIFY_OBJECTS_TYPE;endif;123;123
lib/object-alias.c;1;1;1;artifact;124;144
lib/object-alias.c;1;MODIFY_OBJECTS_TYPE;1 && MODIFY_OBJECTS_TYPE;if;145;145
lib/object-alias.c;1;MODIFY_OBJECTS_TYPE;1 && MODIFY_OBJECTS_TYPE;artifact;146;147
lib/object-alias.c;1;MODIFY_OBJECTS_TYPE;1 && MODIFY_OBJECTS_TYPE;endif;148;148
lib/object-alias.c;1;1;1;artifact;149;189
lib/object-alias.h;1;1;1;ROOT;1;10
lib/object-alias.h;1;!OBJECT_ALIAS_H;1 && !OBJECT_ALIAS_H;if;1;1
lib/object-alias.h;1;!OBJECT_ALIAS_H;1 && !OBJECT_ALIAS_H;artifact;2;7
lib/object-alias.h;1;!OBJECT_ALIAS_H;1 && !OBJECT_ALIAS_H;endif;8;8
lib/object-alias.h;1;1;1;artifact;9;9
lib/object.c;1;1;1;ROOT;1;1955
lib/object.c;1;1;1;artifact;1;395
lib/object.c;1;0;1 && 0;if;396;396
lib/object.c;1;0;1 && 0;artifact;397;397
lib/object.c;1;1;1 && 1;else;398;398
lib/object.c;1;1;1 && 1;artifact;399;404
lib/object.c;1;1;1 && 1;endif;405;405
lib/object.c;1;1;1;artifact;406;1954
lib/object.h;1;1;1;ROOT;1;583
lib/object.h;1;1;1;artifact;1;582
lib/object_defaults.c;1;1;1;ROOT;1;418
lib/object_defaults.c;1;1;1;artifact;1;175
lib/object_defaults.c;1;0;1 && 0;if;176;176
lib/object_defaults.c;1;0;1 && 0;artifact;177;177
lib/object_defaults.c;1;1;1 && 1;else;178;178
lib/object_defaults.c;1;1;1 && 1;artifact;179;184
lib/object_defaults.c;1;1;1 && 1;endif;185;185
lib/object_defaults.c;1;1;1;artifact;186;417
lib/orth_conn.c;1;1;1;ROOT;1;1360
lib/orth_conn.c;1;1;1;artifact;1;1359
lib/orth_conn.h;1;1;1;ROOT;1;155
lib/orth_conn.h;1;1;1;artifact;1;154
lib/paper.c;1;1;1;ROOT;1;233
lib/paper.c;1;1;1;artifact;1;232
lib/paper.h;1;1;1;ROOT;1;60
lib/paper.h;1;1;1;artifact;1;59
lib/parent.c;1;1;1;ROOT;1;312
lib/parent.c;1;1;1;artifact;1;311
lib/parent.h;1;1;1;ROOT;1;38
lib/parent.h;1;1;1;artifact;1;18
lib/parent.h;1;!PARENT_H;1 && !PARENT_H;if;19;19
lib/parent.h;1;!PARENT_H;1 && !PARENT_H;artifact;20;35
lib/parent.h;1;!PARENT_H;1 && !PARENT_H;endif;36;36
lib/parent.h;1;1;1;artifact;37;37
lib/path-math.c;1;1;1;ROOT;1;864
lib/path-math.c;1;1;1;artifact;1;453
lib/path-math.c;1;0;1 && 0;if;454;454
lib/path-math.c;1;0;1 && 0;artifact;455;456
lib/path-math.c;1;1;1 && 1;else;457;457
lib/path-math.c;1;1;1 && 1;artifact;458;459
lib/path-math.c;1;1;1 && 1;endif;460;460
lib/path-math.c;1;1;1;artifact;461;863
lib/path-math.h;1;1;1;ROOT;1;31
lib/path-math.h;1;1;1;artifact;1;20
lib/path-math.h;1;!DIA_PATH_MATH_H;1 && !DIA_PATH_MATH_H;if;21;21
lib/path-math.h;1;!DIA_PATH_MATH_H;1 && !DIA_PATH_MATH_H;artifact;22;27
lib/path-math.h;1;!DIA_PATH_MATH_H;1 && !DIA_PATH_MATH_H;endif;28;28
lib/path-math.h;1;1;1;artifact;29;30
lib/pattern.c;1;1;1;ROOT;1;255
lib/pattern.c;1;1;1;artifact;1;254
lib/pattern.h;1;1;1;ROOT;1;63
lib/pattern.h;1;1;1;artifact;1;20
lib/pattern.h;1;!PATTERN_H;1 && !PATTERN_H;if;21;21
lib/pattern.h;1;!PATTERN_H;1 && !PATTERN_H;artifact;22;60
lib/pattern.h;1;!PATTERN_H;1 && !PATTERN_H;endif;61;61
lib/pattern.h;1;1;1;artifact;62;62
lib/persistence.c;1;1;1;ROOT;1;1582
lib/persistence.c;1;1;1;artifact;1;1581
lib/persistence.h;1;1;1;ROOT;1;88
lib/persistence.h;1;1;1;artifact;1;87
lib/plug-ins.c;1;1;1;ROOT;1;604
lib/plug-ins.c;1;1;1;artifact;1;32
lib/plug-ins.c;1;HAVE_UNISTD_H;1 && HAVE_UNISTD_H;if;33;33
lib/plug-ins.c;1;HAVE_UNISTD_H;1 && HAVE_UNISTD_H;artifact;34;34
lib/plug-ins.c;1;HAVE_UNISTD_H;1 && HAVE_UNISTD_H;endif;35;35
lib/plug-ins.c;1;1;1;artifact;36;47
lib/plug-ins.c;1;G_OS_WIN32;1 && G_OS_WIN32;if;48;48
lib/plug-ins.c;1;G_OS_WIN32;1 && G_OS_WIN32;artifact;49;50
lib/plug-ins.c;1;G_OS_WIN32;1 && G_OS_WIN32;endif;51;51
lib/plug-ins.c;1;1;1;artifact;52;163
lib/plug-ins.c;1;G_OS_WIN32;1 && G_OS_WIN32;if;164;164
lib/plug-ins.c;1;G_OS_WIN32;1 && G_OS_WIN32;artifact;165;165
lib/plug-ins.c;1;G_OS_WIN32;1 && G_OS_WIN32;endif;166;166
lib/plug-ins.c;1;1;1;artifact;167;172
lib/plug-ins.c;1;G_OS_WIN32;1 && G_OS_WIN32;if;173;173
lib/plug-ins.c;1;G_OS_WIN32;1 && G_OS_WIN32;artifact;174;175
lib/plug-ins.c;1;G_OS_WIN32;1 && G_OS_WIN32;endif;176;176
lib/plug-ins.c;1;1;1;artifact;177;179
lib/plug-ins.c;1;G_OS_WIN32;1 && G_OS_WIN32;if;180;180
lib/plug-ins.c;1;G_OS_WIN32;1 && G_OS_WIN32;artifact;181;181
lib/plug-ins.c;1;G_OS_WIN32;1 && G_OS_WIN32;endif;182;182
lib/plug-ins.c;1;1;1;artifact;183;603
lib/plug-ins.h;1;1;1;ROOT;1;117
lib/plug-ins.h;1;1;1;artifact;1;21
lib/plug-ins.h;1;!PLUG_INS_H;1 && !PLUG_INS_H;if;22;22
lib/plug-ins.h;1;!PLUG_INS_H;1 && !PLUG_INS_H;artifact;23;114
lib/plug-ins.h;1;!PLUG_INS_H;1 && !PLUG_INS_H;endif;115;115
lib/plug-ins.h;1;1;1;artifact;116;116
lib/poly_conn.c;1;1;1;ROOT;1;607
lib/poly_conn.c;1;1;1;artifact;1;606
lib/poly_conn.h;1;1;1;ROOT;1;93
lib/poly_conn.h;1;1;1;artifact;1;92
lib/polyshape.c;1;1;1;ROOT;1;676
lib/polyshape.c;1;1;1;artifact;1;675
lib/polyshape.h;1;1;1;ROOT;1;92
lib/polyshape.h;1;1;1;artifact;1;91
lib/prefs.c;1;1;1;ROOT;1;53
lib/prefs.c;1;1;1;artifact;1;52
lib/prefs.h;1;1;1;ROOT;1;30
lib/prefs.h;1;1;1;artifact;1;29
lib/prop_attr.c;1;1;1;ROOT;1;521
lib/prop_attr.c;1;1;1;artifact;1;520
lib/prop_attr.h;1;1;1;ROOT;1;75
lib/prop_attr.h;1;1;1;artifact;1;74
lib/prop_basic.c;1;1;1;ROOT;1;524
lib/prop_basic.c;1;1;1;artifact;1;523
lib/prop_basic.h;1;1;1;ROOT;1;108
lib/prop_basic.h;1;1;1;artifact;1;25
lib/prop_basic.h;1;!PROP_BASIC_H;1 && !PROP_BASIC_H;if;26;26
lib/prop_basic.h;1;!PROP_BASIC_H;1 && !PROP_BASIC_H;artifact;27;105
lib/prop_basic.h;1;!PROP_BASIC_H;1 && !PROP_BASIC_H;endif;106;106
lib/prop_basic.h;1;1;1;artifact;107;107
lib/prop_dict.c;1;1;1;ROOT;1;397
lib/prop_dict.c;1;1;1;artifact;1;396
lib/prop_dict.h;1;1;1;ROOT;1;44
lib/prop_dict.h;1;1;1;artifact;1;25
lib/prop_dict.h;1;!PROP_DICT_H;1 && !PROP_DICT_H;if;26;26
lib/prop_dict.h;1;!PROP_DICT_H;1 && !PROP_DICT_H;artifact;27;41
lib/prop_dict.h;1;!PROP_DICT_H;1 && !PROP_DICT_H;endif;42;42
lib/prop_dict.h;1;1;1;artifact;43;43
lib/prop_geomtypes.c;1;1;1;ROOT;1;954
lib/prop_geomtypes.c;1;1;1;artifact;1;953
lib/prop_geomtypes.h;1;1;1;ROOT;1;124
lib/prop_geomtypes.h;1;1;1;artifact;1;24
lib/prop_geomtypes.h;1;!PROP_GEOMTYPES_H;1 && !PROP_GEOMTYPES_H;if;25;25
lib/prop_geomtypes.h;1;!PROP_GEOMTYPES_H;1 && !PROP_GEOMTYPES_H;artifact;26;121
lib/prop_geomtypes.h;1;!PROP_GEOMTYPES_H;1 && !PROP_GEOMTYPES_H;endif;122;122
lib/prop_geomtypes.h;1;1;1;artifact;123;123
lib/prop_inttypes.c;1;1;1;ROOT;1;735
lib/prop_inttypes.c;1;1;1;artifact;1;734
lib/prop_inttypes.h;1;1;1;ROOT;1;66
lib/prop_inttypes.h;1;1;1;artifact;1;24
lib/prop_inttypes.h;1;!PROP_INTTYPES_H;1 && !PROP_INTTYPES_H;if;25;25
lib/prop_inttypes.h;1;!PROP_INTTYPES_H;1 && !PROP_INTTYPES_H;artifact;26;63
lib/prop_inttypes.h;1;!PROP_INTTYPES_H;1 && !PROP_INTTYPES_H;endif;64;64
lib/prop_inttypes.h;1;1;1;artifact;65;65
lib/prop_matrix.c;1;1;1;ROOT;1;284
lib/prop_matrix.c;1;1;1;artifact;1;283
lib/prop_matrix.h;1;1;1;ROOT;1;45
lib/prop_matrix.h;1;1;1;artifact;1;25
lib/prop_matrix.h;1;!PROP_MATRIX_H;1 && !PROP_MATRIX_H;if;26;26
lib/prop_matrix.h;1;!PROP_MATRIX_H;1 && !PROP_MATRIX_H;artifact;27;42
lib/prop_matrix.h;1;!PROP_MATRIX_H;1 && !PROP_MATRIX_H;endif;43;43
lib/prop_matrix.h;1;1;1;artifact;44;44
lib/prop_pattern.c;1;1;1;ROOT;1;263
lib/prop_pattern.c;1;1;1;artifact;1;262
lib/prop_pattern.h;1;1;1;ROOT;1;45
lib/prop_pattern.h;1;1;1;artifact;1;25
lib/prop_pattern.h;1;!PROP_PATTERN_H;1 && !PROP_PATTERN_H;if;26;26
lib/prop_pattern.h;1;!PROP_PATTERN_H;1 && !PROP_PATTERN_H;artifact;27;42
lib/prop_pattern.h;1;!PROP_PATTERN_H;1 && !PROP_PATTERN_H;endif;43;43
lib/prop_pattern.h;1;1;1;artifact;44;44
lib/prop_pixbuf.c;1;1;1;ROOT;1;381
lib/prop_pixbuf.c;1;1;1;artifact;1;380
lib/prop_pixbuf.h;1;1;1;ROOT;1;50
lib/prop_pixbuf.h;1;1;1;artifact;1;25
lib/prop_pixbuf.h;1;!PROP_PIXBUF_H;1 && !PROP_PIXBUF_H;if;26;26
lib/prop_pixbuf.h;1;!PROP_PIXBUF_H;1 && !PROP_PIXBUF_H;artifact;27;47
lib/prop_pixbuf.h;1;!PROP_PIXBUF_H;1 && !PROP_PIXBUF_H;endif;48;48
lib/prop_pixbuf.h;1;1;1;artifact;49;49
lib/prop_sdarray.c;1;1;1;ROOT;1;310
lib/prop_sdarray.c;1;1;1;artifact;1;309
lib/prop_sdarray.h;1;1;1;ROOT;1;46
lib/prop_sdarray.h;1;1;1;artifact;1;26
lib/prop_sdarray.h;1;!PROP_SDARRAY_H;1 && !PROP_SDARRAY_H;if;27;27
lib/prop_sdarray.h;1;!PROP_SDARRAY_H;1 && !PROP_SDARRAY_H;artifact;28;43
lib/prop_sdarray.h;1;!PROP_SDARRAY_H;1 && !PROP_SDARRAY_H;endif;44;44
lib/prop_sdarray.h;1;1;1;artifact;45;45
lib/prop_sdarray_widget.c;1;1;1;ROOT;1;797
lib/prop_sdarray_widget.c;1;1;1;artifact;1;796
lib/prop_sdarray_widget.h;1;1;1;ROOT;1;6
lib/prop_sdarray_widget.h;1;1;1;artifact;1;5
lib/prop_text.c;1;1;1;ROOT;1;528
lib/prop_text.c;1;1;1;artifact;1;527
lib/prop_text.h;1;1;1;ROOT;1;58
lib/prop_text.h;1;1;1;artifact;1;24
lib/prop_text.h;1;!PROP_TEXT_H;1 && !PROP_TEXT_H;if;25;25
lib/prop_text.h;1;!PROP_TEXT_H;1 && !PROP_TEXT_H;artifact;26;55
lib/prop_text.h;1;!PROP_TEXT_H;1 && !PROP_TEXT_H;endif;56;56
lib/prop_text.h;1;1;1;artifact;57;57
lib/prop_widgets.c;1;1;1;ROOT;1;499
lib/prop_widgets.c;1;1;1;artifact;1;498
lib/prop_widgets.h;1;1;1;ROOT;1;65
lib/prop_widgets.h;1;1;1;artifact;1;24
lib/prop_widgets.h;1;!PROP_WIDGETS_H;1 && !PROP_WIDGETS_H;if;25;25
lib/prop_widgets.h;1;!PROP_WIDGETS_H;1 && !PROP_WIDGETS_H;artifact;26;62
lib/prop_widgets.h;1;!PROP_WIDGETS_H;1 && !PROP_WIDGETS_H;endif;63;63
lib/prop_widgets.h;1;1;1;artifact;64;64
lib/propdesc.c;1;1;1;ROOT;1;228
lib/propdesc.c;1;1;1;artifact;1;227
lib/propdialogs.c;1;1;1;ROOT;1;439
lib/propdialogs.c;1;1;1;artifact;1;438
lib/properties.c;1;1;1;ROOT;1;104
lib/properties.c;1;1;1;artifact;1;54
lib/properties.c;1;G_OS_WIN32;1 && G_OS_WIN32;if;55;55
lib/properties.c;1;G_OS_WIN32;1 && G_OS_WIN32;artifact;56;56
lib/properties.c;1;!G_OS_WIN32;!G_OS_WIN32 && 1;else;57;57
lib/properties.c;1;!G_OS_WIN32;!G_OS_WIN32 && 1;artifact;58;85
lib/properties.c;1;!G_OS_WIN32;!G_OS_WIN32 && 1;endif;86;86
lib/properties.c;1;1;1;artifact;87;87
lib/properties.c;1;FOR_TRANSLATORS_ONLY;1 && FOR_TRANSLATORS_ONLY;if;88;88
lib/properties.c;1;FOR_TRANSLATORS_ONLY;1 && FOR_TRANSLATORS_ONLY;artifact;89;101
lib/properties.c;1;FOR_TRANSLATORS_ONLY;1 && FOR_TRANSLATORS_ONLY;endif;102;102
lib/properties.c;1;1;1;artifact;103;103
lib/properties.h;1;1;1;ROOT;1;794
lib/properties.h;1;1;1;artifact;1;23
lib/properties.h;1;!LIB_PROPERTIES_H;1 && !LIB_PROPERTIES_H;if;24;24
lib/properties.h;1;!LIB_PROPERTIES_H;1 && !LIB_PROPERTIES_H;artifact;25;26
lib/properties.h;1;!WIDGET;1 && !LIB_PROPERTIES_H && !WIDGET;if;27;27
lib/properties.h;1;GTK_WIDGET;1 && !LIB_PROPERTIES_H && !WIDGET && GTK_WIDGET;if;28;28
lib/properties.h;1;GTK_WIDGET;1 && !LIB_PROPERTIES_H && !WIDGET && GTK_WIDGET;artifact;29;29
lib/properties.h;1;!GTK_WIDGET;!GTK_WIDGET && 1 && !LIB_PROPERTIES_H && !WIDGET;else;30;30
lib/properties.h;1;!GTK_WIDGET;!GTK_WIDGET && 1 && !LIB_PROPERTIES_H && !WIDGET;artifact;31;31
lib/properties.h;1;!GTK_WIDGET;!GTK_WIDGET && 1 && !LIB_PROPERTIES_H && !WIDGET;endif;32;32
lib/properties.h;1;!WIDGET;1 && !LIB_PROPERTIES_H && !WIDGET;endif;33;33
lib/properties.h;1;!LIB_PROPERTIES_H;1 && !LIB_PROPERTIES_H;artifact;34;35
lib/properties.h;1;HAVE_STDDEF_H;1 && !LIB_PROPERTIES_H && HAVE_STDDEF_H;if;36;36
lib/properties.h;1;HAVE_STDDEF_H;1 && !LIB_PROPERTIES_H && HAVE_STDDEF_H;artifact;37;37
lib/properties.h;1;HAVE_STDDEF_H;1 && !LIB_PROPERTIES_H && HAVE_STDDEF_H;endif;38;38
lib/properties.h;1;!LIB_PROPERTIES_H;1 && !LIB_PROPERTIES_H;artifact;39;502
lib/properties.h;1;!offsetof;1 && !LIB_PROPERTIES_H && !offsetof;if;503;503
lib/properties.h;1;!offsetof;1 && !LIB_PROPERTIES_H && !offsetof;artifact;504;504
lib/properties.h;1;!offsetof;1 && !LIB_PROPERTIES_H && !offsetof;endif;505;505
lib/properties.h;1;!LIB_PROPERTIES_H;1 && !LIB_PROPERTIES_H;artifact;506;606
lib/properties.h;1;G_OS_WIN32;1 && !LIB_PROPERTIES_H && G_OS_WIN32;if;607;607
lib/properties.h;1;G_OS_WIN32;1 && !LIB_PROPERTIES_H && G_OS_WIN32;artifact;608;633
lib/properties.h;1;!G_OS_WIN32;!G_OS_WIN32 && 1 && !LIB_PROPERTIES_H;else;634;634
lib/properties.h;1;!G_OS_WIN32;!G_OS_WIN32 && 1 && !LIB_PROPERTIES_H;artifact;635;639
lib/properties.h;1;!G_OS_WIN32;!G_OS_WIN32 && 1 && !LIB_PROPERTIES_H;endif;640;640
lib/properties.h;1;!LIB_PROPERTIES_H;1 && !LIB_PROPERTIES_H;artifact;641;791
lib/properties.h;1;!LIB_PROPERTIES_H;1 && !LIB_PROPERTIES_H;endif;792;792
lib/properties.h;1;1;1;artifact;793;793
lib/propinternals.h;1;1;1;ROOT;1;100
lib/propinternals.h;1;1;1;artifact;1;26
lib/propinternals.h;1;!PROPINTERNALS_H;1 && !PROPINTERNALS_H;if;27;27
lib/propinternals.h;1;!PROPINTERNALS_H;1 && !PROPINTERNALS_H;artifact;28;96
lib/propinternals.h;1;!PROPINTERNALS_H;1 && !PROPINTERNALS_H;endif;97;97
lib/propinternals.h;1;1;1;artifact;98;99
lib/proplist.c;1;1;1;ROOT;1;382
lib/proplist.c;1;1;1;artifact;1;79
lib/proplist.c;1;0;1 && 0;if;80;80
lib/proplist.c;1;0;1 && 0;artifact;81;84
lib/proplist.c;1;0;1 && 0;endif;85;85
lib/proplist.c;1;1;1;artifact;86;381
lib/propobject.c;1;1;1;ROOT;1;532
lib/propobject.c;1;1;1;artifact;1;531
lib/propoffsets.c;1;1;1;ROOT;1;99
lib/propoffsets.c;1;1;1;artifact;1;98
lib/propregistry.c;1;1;1;ROOT;1;57
lib/propregistry.c;1;1;1;artifact;1;56
lib/renderer/diacairo-interactive.c;1;1;1;ROOT;1;598
lib/renderer/diacairo-interactive.c;1;1;1;artifact;1;597
lib/renderer/diacairo-print.c;1;1;1;ROOT;1;262
lib/renderer/diacairo-print.c;1;1;1;artifact;1;75
lib/renderer/diacairo-print.c;1;0;1 && 0;if;76;76
lib/renderer/diacairo-print.c;1;0;1 && 0;artifact;77;77
lib/renderer/diacairo-print.c;1;0;1 && 0;endif;78;78
lib/renderer/diacairo-print.c;1;1;1;artifact;79;80
lib/renderer/diacairo-print.c;1;0;1 && 0;if;81;81
lib/renderer/diacairo-print.c;1;0;1 && 0;artifact;82;82
lib/renderer/diacairo-print.c;1;0;1 && 0;endif;83;83
lib/renderer/diacairo-print.c;1;1;1;artifact;84;142
lib/renderer/diacairo-print.c;1;0;1 && 0;if;143;143
lib/renderer/diacairo-print.c;1;0;1 && 0;artifact;144;148
lib/renderer/diacairo-print.c;1;0;1 && 0;endif;149;149
lib/renderer/diacairo-print.c;1;1;1;artifact;150;161
lib/renderer/diacairo-print.c;1;1;1 && 1;if;162;162
lib/renderer/diacairo-print.c;1;1;1 && 1;artifact;163;164
lib/renderer/diacairo-print.c;1;1;1 && 1;endif;165;165
lib/renderer/diacairo-print.c;1;1;1;artifact;166;261
lib/renderer/diacairo-print.h;1;1;1;ROOT;1;20
lib/renderer/diacairo-print.h;1;1;1;artifact;1;19
lib/renderer/diacairo-renderer.c;1;1;1;ROOT;1;1319
lib/renderer/diacairo-renderer.c;1;1;1;artifact;1;41
lib/renderer/diacairo-renderer.c;1;CAIRO_HAS_PS_SURFACE;1 && CAIRO_HAS_PS_SURFACE;if;42;42
lib/renderer/diacairo-renderer.c;1;CAIRO_HAS_PS_SURFACE;1 && CAIRO_HAS_PS_SURFACE;artifact;43;43
lib/renderer/diacairo-renderer.c;1;CAIRO_HAS_PS_SURFACE;1 && CAIRO_HAS_PS_SURFACE;endif;44;44
lib/renderer/diacairo-renderer.c;1;CAIRO_HAS_PDF_SURFACE;1 && CAIRO_HAS_PDF_SURFACE;if;45;45
lib/renderer/diacairo-renderer.c;1;CAIRO_HAS_PDF_SURFACE;1 && CAIRO_HAS_PDF_SURFACE;artifact;46;46
lib/renderer/diacairo-renderer.c;1;CAIRO_HAS_PDF_SURFACE;1 && CAIRO_HAS_PDF_SURFACE;endif;47;47
lib/renderer/diacairo-renderer.c;1;1;1;artifact;48;162
lib/renderer/diacairo-renderer.c;1;0;1 && 0;if;163;163
lib/renderer/diacairo-renderer.c;1;0;1 && 0;artifact;164;172
lib/renderer/diacairo-renderer.c;1;HAVE_PANGOCAIRO_H;1 && 0 && HAVE_PANGOCAIRO_H;if;173;173
lib/renderer/diacairo-renderer.c;1;HAVE_PANGOCAIRO_H;1 && 0 && HAVE_PANGOCAIRO_H;artifact;174;175
lib/renderer/diacairo-renderer.c;1;HAVE_PANGOCAIRO_H;1 && 0 && HAVE_PANGOCAIRO_H;endif;176;176
lib/renderer/diacairo-renderer.c;1;0;1 && 0;artifact;177;177
lib/renderer/diacairo-renderer.c;1;0;1 && 0;endif;178;178
lib/renderer/diacairo-renderer.c;1;1;1;artifact;179;1098
lib/renderer/diacairo-renderer.c;1;0;1 && 0;if;1099;1099
lib/renderer/diacairo-renderer.c;1;0;1 && 0;artifact;1100;1105
lib/renderer/diacairo-renderer.c;1;0;1 && 0;endif;1106;1106
lib/renderer/diacairo-renderer.c;1;1;1;artifact;1107;1318
lib/renderer/diacairo.c;1;1;1;ROOT;1;360
lib/renderer/diacairo.c;1;1;1;artifact;1;39
lib/renderer/diacairo.c;1;CAIRO_HAS_PS_SURFACE;1 && CAIRO_HAS_PS_SURFACE;if;40;40
lib/renderer/diacairo.c;1;CAIRO_HAS_PS_SURFACE;1 && CAIRO_HAS_PS_SURFACE;artifact;41;41
lib/renderer/diacairo.c;1;CAIRO_HAS_PS_SURFACE;1 && CAIRO_HAS_PS_SURFACE;endif;42;42
lib/renderer/diacairo.c;1;CAIRO_HAS_PDF_SURFACE;1 && CAIRO_HAS_PDF_SURFACE;if;43;43
lib/renderer/diacairo.c;1;CAIRO_HAS_PDF_SURFACE;1 && CAIRO_HAS_PDF_SURFACE;artifact;44;44
lib/renderer/diacairo.c;1;CAIRO_HAS_PDF_SURFACE;1 && CAIRO_HAS_PDF_SURFACE;endif;45;45
lib/renderer/diacairo.c;1;CAIRO_HAS_WIN32_SURFACE;1 && CAIRO_HAS_WIN32_SURFACE;if;46;46
lib/renderer/diacairo.c;1;CAIRO_HAS_WIN32_SURFACE;1 && CAIRO_HAS_WIN32_SURFACE;artifact;47;48
lib/renderer/diacairo.c;1;CAIRO_HAS_WIN32_SURFACE;1 && CAIRO_HAS_WIN32_SURFACE;endif;49;49
lib/renderer/diacairo.c;1;CAIRO_HAS_SCRIPT_SURFACE;1 && CAIRO_HAS_SCRIPT_SURFACE;if;50;50
lib/renderer/diacairo.c;1;CAIRO_HAS_SCRIPT_SURFACE;1 && CAIRO_HAS_SCRIPT_SURFACE;artifact;51;51
lib/renderer/diacairo.c;1;CAIRO_HAS_SCRIPT_SURFACE;1 && CAIRO_HAS_SCRIPT_SURFACE;endif;52;52
lib/renderer/diacairo.c;1;1;1;artifact;53;64
lib/renderer/diacairo.c;1;DEFINED_CAIRO_HAS_WIN32_SURFACE && CAIRO_VERSION__GT__10510;1 && DEFINED_CAIRO_HAS_WIN32_SURFACE && CAIRO_VERSION__GT__10510;if;65;65
lib/renderer/diacairo.c;1;DEFINED_CAIRO_HAS_WIN32_SURFACE && CAIRO_VERSION__GT__10510;1 && DEFINED_CAIRO_HAS_WIN32_SURFACE && CAIRO_VERSION__GT__10510;artifact;66;67
lib/renderer/diacairo.c;1;DEFINED_CAIRO_HAS_WIN32_SURFACE && CAIRO_VERSION__GT__10510;1 && DEFINED_CAIRO_HAS_WIN32_SURFACE && CAIRO_VERSION__GT__10510;endif;68;68
lib/renderer/diacairo.c;1;1;1;artifact;69;87
lib/renderer/diacairo.c;1;DIA_CAIRO_CAN_EMF;1 && DIA_CAIRO_CAN_EMF;if;88;88
lib/renderer/diacairo.c;1;DIA_CAIRO_CAN_EMF;1 && DIA_CAIRO_CAN_EMF;artifact;89;89
lib/renderer/diacairo.c;1;DIA_CAIRO_CAN_EMF;1 && DIA_CAIRO_CAN_EMF;endif;90;90
lib/renderer/diacairo.c;1;1;1;artifact;91;100
lib/renderer/diacairo.c;1;G_OS_WIN32;1 && G_OS_WIN32;if;101;101
lib/renderer/diacairo.c;1;G_OS_WIN32;1 && G_OS_WIN32;artifact;102;108
lib/renderer/diacairo.c;1;G_OS_WIN32;1 && G_OS_WIN32;endif;109;109
lib/renderer/diacairo.c;1;1;1;artifact;110;115
lib/renderer/diacairo.c;1;CAIRO_HAS_PS_SURFACE;1 && CAIRO_HAS_PS_SURFACE;if;116;116
lib/renderer/diacairo.c;1;CAIRO_HAS_PS_SURFACE;1 && CAIRO_HAS_PS_SURFACE;artifact;117;133
lib/renderer/diacairo.c;1;CAIRO_HAS_PS_SURFACE;1 && CAIRO_HAS_PS_SURFACE;endif;134;134
lib/renderer/diacairo.c;1;DEFINED_CAIRO_HAS_PNG_SURFACE || DEFINED_CAIRO_HAS_PNG_FUNCTIONS;1 && (DEFINED_CAIRO_HAS_PNG_SURFACE || DEFINED_CAIRO_HAS_PNG_FUNCTIONS);if;135;135
lib/renderer/diacairo.c;1;DEFINED_CAIRO_HAS_PNG_SURFACE || DEFINED_CAIRO_HAS_PNG_FUNCTIONS;1 && (DEFINED_CAIRO_HAS_PNG_SURFACE || DEFINED_CAIRO_HAS_PNG_FUNCTIONS);artifact;136;151
lib/renderer/diacairo.c;1;DEFINED_CAIRO_HAS_PNG_SURFACE || DEFINED_CAIRO_HAS_PNG_FUNCTIONS;1 && (DEFINED_CAIRO_HAS_PNG_SURFACE || DEFINED_CAIRO_HAS_PNG_FUNCTIONS);endif;152;152
lib/renderer/diacairo.c;1;CAIRO_HAS_PDF_SURFACE;1 && CAIRO_HAS_PDF_SURFACE;if;153;153
lib/renderer/diacairo.c;1;CAIRO_HAS_PDF_SURFACE;1 && CAIRO_HAS_PDF_SURFACE;artifact;154;171
lib/renderer/diacairo.c;1;CAIRO_HAS_PDF_SURFACE;1 && CAIRO_HAS_PDF_SURFACE;endif;172;172
lib/renderer/diacairo.c;1;1;1;artifact;173;183
lib/renderer/diacairo.c;1;CAIRO_HAS_SCRIPT_SURFACE;1 && CAIRO_HAS_SCRIPT_SURFACE;if;184;184
lib/renderer/diacairo.c;1;CAIRO_HAS_SCRIPT_SURFACE;1 && CAIRO_HAS_SCRIPT_SURFACE;artifact;185;198
lib/renderer/diacairo.c;1;CAIRO_HAS_SCRIPT_SURFACE;1 && CAIRO_HAS_SCRIPT_SURFACE;endif;199;199
lib/renderer/diacairo.c;1;1;1;artifact;200;200
lib/renderer/diacairo.c;1;DIA_CAIRO_CAN_EMF;1 && DIA_CAIRO_CAN_EMF;if;201;201
lib/renderer/diacairo.c;1;DIA_CAIRO_CAN_EMF;1 && DIA_CAIRO_CAN_EMF;artifact;202;223
lib/renderer/diacairo.c;1;0;1 && DIA_CAIRO_CAN_EMF && 0;if;224;224
lib/renderer/diacairo.c;1;0;1 && DIA_CAIRO_CAN_EMF && 0;artifact;225;235
lib/renderer/diacairo.c;1;0;1 && DIA_CAIRO_CAN_EMF && 0;endif;236;236
lib/renderer/diacairo.c;1;DIA_CAIRO_CAN_EMF;1 && DIA_CAIRO_CAN_EMF;artifact;237;244
lib/renderer/diacairo.c;1;!DIA_CAIRO_CAN_EMF;!DIA_CAIRO_CAN_EMF && 1;else;245;245
lib/renderer/diacairo.c;1;!DIA_CAIRO_CAN_EMF;!DIA_CAIRO_CAN_EMF && 1;artifact;246;249
lib/renderer/diacairo.c;1;!DIA_CAIRO_CAN_EMF;!DIA_CAIRO_CAN_EMF && 1;endif;250;250
lib/renderer/diacairo.c;1;1;1;artifact;251;268
lib/renderer/diacairo.c;1;DEFINED_CAIRO_HAS_PNG_FUNCTIONS;1 && DEFINED_CAIRO_HAS_PNG_FUNCTIONS;if;269;269
lib/renderer/diacairo.c;1;DEFINED_CAIRO_HAS_PNG_FUNCTIONS;1 && DEFINED_CAIRO_HAS_PNG_FUNCTIONS;artifact;270;274
lib/renderer/diacairo.c;1;DEFINED_CAIRO_HAS_PNG_FUNCTIONS;1 && DEFINED_CAIRO_HAS_PNG_FUNCTIONS;endif;275;275
lib/renderer/diacairo.c;1;DIA_CAIRO_CAN_EMF;1 && DIA_CAIRO_CAN_EMF;if;276;276
lib/renderer/diacairo.c;1;DIA_CAIRO_CAN_EMF;1 && DIA_CAIRO_CAN_EMF;artifact;277;319
lib/renderer/diacairo.c;1;DIA_CAIRO_CAN_EMF;1 && DIA_CAIRO_CAN_EMF;endif;320;320
lib/renderer/diacairo.c;1;1;1;artifact;321;337
lib/renderer/diacairo.c;1;CAIRO_HAS_PDF_SURFACE;1 && CAIRO_HAS_PDF_SURFACE;if;338;338
lib/renderer/diacairo.c;1;CAIRO_HAS_PDF_SURFACE;1 && CAIRO_HAS_PDF_SURFACE;artifact;339;340
lib/renderer/diacairo.c;1;CAIRO_HAS_PDF_SURFACE;1 && CAIRO_HAS_PDF_SURFACE;endif;341;341
lib/renderer/diacairo.c;1;1;1;artifact;342;359
lib/renderer/diacairo.h;1;1;1;ROOT;1;113
lib/renderer/diacairo.h;1;1;1;artifact;1;28
lib/renderer/diacairo.h;1;DEBUG_CAIRO;1 && DEBUG_CAIRO;if;29;29
lib/renderer/diacairo.h;1;DEBUG_CAIRO;1 && DEBUG_CAIRO;artifact;30;30
lib/renderer/diacairo.h;1;!DEBUG_CAIRO;!DEBUG_CAIRO && 1;else;31;31
lib/renderer/diacairo.h;1;!DEBUG_CAIRO;!DEBUG_CAIRO && 1;artifact;32;32
lib/renderer/diacairo.h;1;!DEBUG_CAIRO;!DEBUG_CAIRO && 1;endif;33;33
lib/renderer/diacairo.h;1;1;1;artifact;34;112
lib/sheet.c;1;1;1;ROOT;1;565
lib/sheet.c;1;1;1;artifact;1;564
lib/sheet.h;1;1;1;ROOT;1;75
lib/sheet.h;1;1;1;artifact;1;17
lib/sheet.h;1;!SHEET_H;1 && !SHEET_H;if;18;18
lib/sheet.h;1;!SHEET_H;1 && !SHEET_H;artifact;19;72
lib/sheet.h;1;!SHEET_H;1 && !SHEET_H;endif;73;73
lib/sheet.h;1;1;1;artifact;74;74
lib/standard-path.c;1;1;1;ROOT;1;1253
lib/standard-path.c;1;1;1;artifact;1;1252
lib/standard-path.h;1;1;1;ROOT;1;49
lib/standard-path.h;1;1;1;artifact;1;48
lib/text.c;1;1;1;ROOT;1;1525
lib/text.c;1;1;1;artifact;1;559
lib/text.c;1;0;1 && 0;if;560;560
lib/text.c;1;0;1 && 0;artifact;561;561
lib/text.c;1;1;1 && 1;else;562;562
lib/text.c;1;1;1 && 1;artifact;563;564
lib/text.c;1;1;1 && 1;endif;565;565
lib/text.c;1;1;1;artifact;566;1524
lib/text.h;1;1;1;ROOT;1;143
lib/text.h;1;1;1;artifact;1;142
lib/textattr.h;1;1;1;ROOT;1;37
lib/textattr.h;1;1;1;artifact;1;17
lib/textattr.h;1;!TEXTATTR_H;1 && !TEXTATTR_H;if;18;18
lib/textattr.h;1;!TEXTATTR_H;1 && !TEXTATTR_H;artifact;19;34
lib/textattr.h;1;!TEXTATTR_H;1 && !TEXTATTR_H;endif;35;35
lib/textattr.h;1;1;1;artifact;36;36
lib/textline.c;1;1;1;ROOT;1;376
lib/textline.c;1;1;1;artifact;1;375
lib/textline.h;1;1;1;ROOT;1;89
lib/textline.h;1;1;1;artifact;1;17
lib/textline.h;1;!TEXTLINE_H;1 && !TEXTLINE_H;if;18;18
lib/textline.h;1;!TEXTLINE_H;1 && !TEXTLINE_H;artifact;19;86
lib/textline.h;1;!TEXTLINE_H;1 && !TEXTLINE_H;endif;87;87
lib/textline.h;1;1;1;artifact;88;88
lib/units.c;1;1;1;ROOT;1;168
lib/units.c;1;1;1;artifact;1;167
lib/units.h;1;1;1;ROOT;1;55
lib/units.h;1;1;1;artifact;1;54
lib/widgets.c;1;1;1;ROOT;1;178
lib/widgets.c;1;1;1;artifact;1;177
lib/widgets.h;1;1;1;ROOT;1;37
lib/widgets.h;1;1;1;artifact;1;36
objects/AADL/aadl.c;1;1;1;ROOT;1;70
objects/AADL/aadl.c;1;1;1;artifact;1;69
objects/AADL/aadl.h;1;1;1;ROOT;1;232
objects/AADL/aadl.h;1;1;1;artifact;1;231
objects/AADL/aadlbox.c;1;1;1;ROOT;1;1034
objects/AADL/aadlbox.c;1;1;1;artifact;1;1033
objects/AADL/aadlbus.c;1;1;1;ROOT;1;258
objects/AADL/aadlbus.c;1;1;1;artifact;1;257
objects/AADL/aadldata.c;1;1;1;ROOT;1;211
objects/AADL/aadldata.c;1;1;1;artifact;1;210
objects/AADL/aadldevice.c;1;1;1;ROOT;1;208
objects/AADL/aadldevice.c;1;1;1;artifact;1;207
objects/AADL/aadlmemory.c;1;1;1;ROOT;1;182
objects/AADL/aadlmemory.c;1;1;1;artifact;1;181
objects/AADL/aadlpackage.c;1;1;1;ROOT;1;161
objects/AADL/aadlpackage.c;1;1;1;artifact;1;160
objects/AADL/aadlport.c;1;1;1;ROOT;1;555
objects/AADL/aadlport.c;1;1;1;artifact;1;554
objects/AADL/aadlprocess.c;1;1;1;ROOT;1;201
objects/AADL/aadlprocess.c;1;1;1;artifact;1;200
objects/AADL/aadlprocessor.c;1;1;1;ROOT;1;177
objects/AADL/aadlprocessor.c;1;1;1;artifact;1;176
objects/AADL/aadlsubprogram.c;1;1;1;ROOT;1;183
objects/AADL/aadlsubprogram.c;1;1;1;artifact;1;182
objects/AADL/aadlsystem.c;1;1;1;ROOT;1;194
objects/AADL/aadlsystem.c;1;1;1;artifact;1;193
objects/AADL/aadltext.c;1;1;1;ROOT;1;199
objects/AADL/aadltext.c;1;1;1;artifact;1;198
objects/AADL/aadlthread.c;1;1;1;ROOT;1;125
objects/AADL/aadlthread.c;1;1;1;artifact;1;124
objects/AADL/aadlthreadgroup.c;1;1;1;ROOT;1;127
objects/AADL/aadlthreadgroup.c;1;1;1;artifact;1;126
objects/AADL/edit_port_declaration.c;1;1;1;ROOT;1;222
objects/AADL/edit_port_declaration.c;1;1;1;artifact;1;221
objects/AADL/edit_port_declaration.h;1;1;1;ROOT;1;38
objects/AADL/edit_port_declaration.h;1;1;1;artifact;1;37
objects/Database/compound.c;1;1;1;ROOT;1;1259
objects/Database/compound.c;1;1;1;artifact;1;591
objects/Database/compound.c;1;DEBUG_DRAW_BOUNDING_BOX;1 && DEBUG_DRAW_BOUNDING_BOX;if;592;592
objects/Database/compound.c;1;DEBUG_DRAW_BOUNDING_BOX;1 && DEBUG_DRAW_BOUNDING_BOX;artifact;593;601
objects/Database/compound.c;1;DEBUG_DRAW_BOUNDING_BOX;1 && DEBUG_DRAW_BOUNDING_BOX;endif;602;602
objects/Database/compound.c;1;1;1;artifact;603;604
objects/Database/compound.c;1;DEBUG_DRAW_MP_DIRECTION;1 && DEBUG_DRAW_MP_DIRECTION;if;605;605
objects/Database/compound.c;1;DEBUG_DRAW_MP_DIRECTION;1 && DEBUG_DRAW_MP_DIRECTION;artifact;606;620
objects/Database/compound.c;1;DEBUG_DRAW_MP_DIRECTION;1 && DEBUG_DRAW_MP_DIRECTION;endif;621;621
objects/Database/compound.c;1;1;1;artifact;622;865
objects/Database/compound.c;1;DEBUG_DRAW_MP_DIRECTION;1 && DEBUG_DRAW_MP_DIRECTION;if;866;866
objects/Database/compound.c;1;DEBUG_DRAW_MP_DIRECTION;1 && DEBUG_DRAW_MP_DIRECTION;artifact;867;873
objects/Database/compound.c;1;DEBUG_DRAW_MP_DIRECTION;1 && DEBUG_DRAW_MP_DIRECTION;endif;874;874
objects/Database/compound.c;1;1;1;artifact;875;1258
objects/Database/database.c;1;1;1;ROOT;1;48
objects/Database/database.c;1;1;1;artifact;1;47
objects/Database/database.h;1;1;1;ROOT;1;163
objects/Database/database.h;1;1;1;artifact;1;162
objects/Database/reference.c;1;1;1;ROOT;1;596
objects/Database/reference.c;1;1;1;artifact;1;595
objects/Database/table.c;1;1;1;ROOT;1;1643
objects/Database/table.c;1;1;1;artifact;1;1642
objects/ER/attribute.c;1;1;1;ROOT;1;638
objects/ER/attribute.c;1;1;1;artifact;1;637
objects/ER/entity.c;1;1;1;ROOT;1;591
objects/ER/entity.c;1;1;1;artifact;1;590
objects/ER/er.c;1;1;1;ROOT;1;53
objects/ER/er.c;1;1;1;artifact;1;52
objects/ER/participation.c;1;1;1;ROOT;1;452
objects/ER/participation.c;1;1;1;artifact;1;451
objects/ER/relationship.c;1;1;1;ROOT;1;698
objects/ER/relationship.c;1;1;1;artifact;1;697
objects/FS/flow-ortho.c;1;1;1;ROOT;1;707
objects/FS/flow-ortho.c;1;1;1;artifact;1;466
objects/FS/flow-ortho.c;1;0;1 && 0;if;467;467
objects/FS/flow-ortho.c;1;0;1 && 0;artifact;468;486
objects/FS/flow-ortho.c;1;0;1 && 0;endif;487;487
objects/FS/flow-ortho.c;1;1;1;artifact;488;706
objects/FS/flow.c;1;1;1;ROOT;1;683
objects/FS/flow.c;1;1;1;artifact;1;682
objects/FS/fs.c;1;1;1;ROOT;1;51
objects/FS/fs.c;1;1;1;artifact;1;50
objects/GRAFCET/action.c;1;1;1;ROOT;1;467
objects/GRAFCET/action.c;1;1;1;artifact;1;202
objects/GRAFCET/action.c;1;0;1 && 0;if;203;203
objects/GRAFCET/action.c;1;0;1 && 0;artifact;204;212
objects/GRAFCET/action.c;1;0;1 && 0;endif;213;213
objects/GRAFCET/action.c;1;1;1;artifact;214;466
objects/GRAFCET/action_text_draw.c;1;1;1;ROOT;1;149
objects/GRAFCET/action_text_draw.c;1;1;1;artifact;1;148
objects/GRAFCET/action_text_draw.h;1;1;1;ROOT;1;37
objects/GRAFCET/action_text_draw.h;1;1;1;artifact;1;23
objects/GRAFCET/action_text_draw.h;1;!__ACTION_TEXT_DRAW_H;1 && !__ACTION_TEXT_DRAW_H;if;24;24
objects/GRAFCET/action_text_draw.h;1;!__ACTION_TEXT_DRAW_H;1 && !__ACTION_TEXT_DRAW_H;artifact;25;34
objects/GRAFCET/action_text_draw.h;1;!__ACTION_TEXT_DRAW_H;1 && !__ACTION_TEXT_DRAW_H;endif;35;35
objects/GRAFCET/action_text_draw.h;1;1;1;artifact;36;36
objects/GRAFCET/boolequation.c;1;1;1;ROOT;1;669
objects/GRAFCET/boolequation.c;1;1;1;artifact;1;668
objects/GRAFCET/boolequation.h;1;1;1;ROOT;1;68
objects/GRAFCET/boolequation.h;1;1;1;artifact;1;24
objects/GRAFCET/boolequation.h;1;!__BOOLEQUATION_H;1 && !__BOOLEQUATION_H;if;25;25
objects/GRAFCET/boolequation.h;1;!__BOOLEQUATION_H;1 && !__BOOLEQUATION_H;artifact;26;65
objects/GRAFCET/boolequation.h;1;!__BOOLEQUATION_H;1 && !__BOOLEQUATION_H;endif;66;66
objects/GRAFCET/boolequation.h;1;1;1;artifact;67;67
objects/GRAFCET/condition.c;1;1;1;ROOT;1;459
objects/GRAFCET/condition.c;1;1;1;artifact;1;458
objects/GRAFCET/grafcet.c;1;1;1;ROOT;1;61
objects/GRAFCET/grafcet.c;1;1;1;artifact;1;60
objects/GRAFCET/grafcet.h;1;1;1;ROOT;1;27
objects/GRAFCET/grafcet.h;1;1;1;artifact;1;26
objects/GRAFCET/step.c;1;1;1;ROOT;1;654
objects/GRAFCET/step.c;1;1;1;artifact;1;653
objects/GRAFCET/transition.c;1;1;1;ROOT;1;503
objects/GRAFCET/transition.c;1;1;1;artifact;1;502
objects/GRAFCET/vector.c;1;1;1;ROOT;1;368
objects/GRAFCET/vector.c;1;1;1;artifact;1;367
objects/GRAFCET/vergent.c;1;1;1;ROOT;1;572
objects/GRAFCET/vergent.c;1;1;1;artifact;1;571
objects/Istar/actor.c;1;1;1;ROOT;1;541
objects/Istar/actor.c;1;1;1;artifact;1;540
objects/Istar/goal.c;1;1;1;ROOT;1;616
objects/Istar/goal.c;1;1;1;artifact;1;615
objects/Istar/istar.c;1;1;1;ROOT;1;55
objects/Istar/istar.c;1;1;1;artifact;1;54
objects/Istar/istar.h;1;1;1;ROOT;1;30
objects/Istar/istar.h;1;1;1;artifact;1;24
objects/Istar/istar.h;1;!ISTAR_H;1 && !ISTAR_H;if;25;25
objects/Istar/istar.h;1;!ISTAR_H;1 && !ISTAR_H;artifact;26;27
objects/Istar/istar.h;1;!ISTAR_H;1 && !ISTAR_H;endif;28;28
objects/Istar/istar.h;1;1;1;artifact;29;29
objects/Istar/link.c;1;1;1;ROOT;1;675
objects/Istar/link.c;1;1;1;artifact;1;674
objects/Istar/other.c;1;1;1;ROOT;1;647
objects/Istar/other.c;1;1;1;artifact;1;646
objects/Jackson/domain.c;1;1;1;ROOT;1;735
objects/Jackson/domain.c;1;1;1;artifact;1;734
objects/Jackson/jackson.c;1;1;1;ROOT;1;56
objects/Jackson/jackson.c;1;1;1;artifact;1;55
objects/Jackson/jackson.h;1;1;1;ROOT;1;33
objects/Jackson/jackson.h;1;1;1;artifact;1;27
objects/Jackson/jackson.h;1;!JACKSON_H;1 && !JACKSON_H;if;28;28
objects/Jackson/jackson.h;1;!JACKSON_H;1 && !JACKSON_H;artifact;29;30
objects/Jackson/jackson.h;1;!JACKSON_H;1 && !JACKSON_H;endif;31;31
objects/Jackson/jackson.h;1;1;1;artifact;32;32
objects/Jackson/phenomenon.c;1;1;1;ROOT;1;431
objects/Jackson/phenomenon.c;1;1;1;artifact;1;430
objects/Jackson/requirement.c;1;1;1;ROOT;1;418
objects/Jackson/requirement.c;1;1;1;artifact;1;417
objects/KAOS/goal.c;1;1;1;ROOT;1;769
objects/KAOS/goal.c;1;1;1;artifact;1;768
objects/KAOS/kaos.c;1;1;1;ROOT;1;59
objects/KAOS/kaos.c;1;1;1;artifact;1;58
objects/KAOS/kaos.h;1;1;1;ROOT;1;34
objects/KAOS/kaos.h;1;1;1;artifact;1;28
objects/KAOS/kaos.h;1;!KAOS_H;1 && !KAOS_H;if;29;29
objects/KAOS/kaos.h;1;!KAOS_H;1 && !KAOS_H;artifact;30;31
objects/KAOS/kaos.h;1;!KAOS_H;1 && !KAOS_H;endif;32;32
objects/KAOS/kaos.h;1;1;1;artifact;33;33
objects/KAOS/metaandorrel.c;1;1;1;ROOT;1;657
objects/KAOS/metaandorrel.c;1;1;1;artifact;1;656
objects/KAOS/metabinrel.c;1;1;1;ROOT;1;618
objects/KAOS/metabinrel.c;1;1;1;artifact;1;617
objects/KAOS/other.c;1;1;1;ROOT;1;714
objects/KAOS/other.c;1;1;1;artifact;1;713
objects/Misc/analog_clock.c;1;1;1;ROOT;1;473
objects/Misc/analog_clock.c;1;1;1;artifact;1;472
objects/Misc/diagram_as_object.c;1;1;1;ROOT;1;420
objects/Misc/diagram_as_object.c;1;1;1;artifact;1;27
objects/Misc/diagram_as_object.c;1;HAVE_UNISTD_H;1 && HAVE_UNISTD_H;if;28;28
objects/Misc/diagram_as_object.c;1;HAVE_UNISTD_H;1 && HAVE_UNISTD_H;artifact;29;29
objects/Misc/diagram_as_object.c;1;HAVE_UNISTD_H;1 && HAVE_UNISTD_H;endif;30;30
objects/Misc/diagram_as_object.c;1;G_OS_WIN32;1 && G_OS_WIN32;if;31;31
objects/Misc/diagram_as_object.c;1;G_OS_WIN32;1 && G_OS_WIN32;artifact;32;32
objects/Misc/diagram_as_object.c;1;G_OS_WIN32;1 && G_OS_WIN32;endif;33;33
objects/Misc/diagram_as_object.c;1;1;1;artifact;34;419
objects/Misc/grid_object.c;1;1;1;ROOT;1;522
objects/Misc/grid_object.c;1;1;1;artifact;1;521
objects/Misc/libmisc.c;1;1;1;ROOT;1;56
objects/Misc/libmisc.c;1;1;1;artifact;1;55
objects/Misc/measure.c;1;1;1;ROOT;1;362
objects/Misc/measure.c;1;1;1;artifact;1;361
objects/Misc/n_gon.c;1;1;1;ROOT;1;638
objects/Misc/n_gon.c;1;1;1;artifact;1;637
objects/Misc/tree.c;1;1;1;ROOT;1;795
objects/Misc/tree.c;1;1;1;artifact;1;794
objects/SADT/annotation.c;1;1;1;ROOT;1;424
objects/SADT/annotation.c;1;1;1;artifact;1;117
objects/SADT/annotation.c;1;TEMPORARY_EVENT_TEST;1 && TEMPORARY_EVENT_TEST;if;118;118
objects/SADT/annotation.c;1;TEMPORARY_EVENT_TEST;1 && TEMPORARY_EVENT_TEST;artifact;119;133
objects/SADT/annotation.c;1;TEMPORARY_EVENT_TEST;1 && TEMPORARY_EVENT_TEST;endif;134;134
objects/SADT/annotation.c;1;1;1;artifact;135;137
objects/SADT/annotation.c;1;TEMPORARY_EVENT_TEST;1 && TEMPORARY_EVENT_TEST;if;138;138
objects/SADT/annotation.c;1;TEMPORARY_EVENT_TEST;1 && TEMPORARY_EVENT_TEST;artifact;139;141
objects/SADT/annotation.c;1;TEMPORARY_EVENT_TEST;1 && TEMPORARY_EVENT_TEST;endif;142;142
objects/SADT/annotation.c;1;1;1;artifact;143;423
objects/SADT/arrow.c;1;1;1;ROOT;1;537
objects/SADT/arrow.c;1;1;1;artifact;1;536
objects/SADT/box.c;1;1;1;ROOT;1;609
objects/SADT/box.c;1;1;1;artifact;1;608
objects/SADT/sadt.c;1;1;1;ROOT;1;52
objects/SADT/sadt.c;1;1;1;artifact;1;51
objects/SADT/sadt.h;1;1;1;ROOT;1;29
objects/SADT/sadt.h;1;1;1;artifact;1;20
objects/SADT/sadt.h;1;!SADT_H;1 && !SADT_H;if;21;21
objects/SADT/sadt.h;1;!SADT_H;1 && !SADT_H;artifact;22;25
objects/SADT/sadt.h;1;!SADT_H;1 && !SADT_H;endif;26;26
objects/SADT/sadt.h;1;1;1;artifact;27;28
objects/UML/activity.c;1;1;1;ROOT;1;353
objects/UML/activity.c;1;1;1;artifact;1;352
objects/UML/actor.c;1;1;1;ROOT;1;423
objects/UML/actor.c;1;1;1;artifact;1;422
objects/UML/association.c;1;1;1;ROOT;1;1116
objects/UML/association.c;1;1;1;artifact;1;1115
objects/UML/branch.c;1;1;1;ROOT;1;313
objects/UML/branch.c;1;1;1;artifact;1;312
objects/UML/class.c;1;1;1;ROOT;1;2584
objects/UML/class.c;1;1;1;artifact;1;127
objects/UML/class.c;1;1;1 && 1;if;128;128
objects/UML/class.c;1;1;1 && 1;artifact;129;130
objects/UML/class.c;1;0;0 && 1;else;131;131
objects/UML/class.c;1;0;0 && 1;artifact;132;133
objects/UML/class.c;1;0;0 && 1;endif;134;134
objects/UML/class.c;1;1;1;artifact;135;469
objects/UML/class.c;1;UML_MAINPOINT;1 && UML_MAINPOINT;if;470;470
objects/UML/class.c;1;UML_MAINPOINT;1 && UML_MAINPOINT;artifact;471;471
objects/UML/class.c;1;!UML_MAINPOINT;!UML_MAINPOINT && 1;else;472;472
objects/UML/class.c;1;!UML_MAINPOINT;!UML_MAINPOINT && 1;artifact;473;473
objects/UML/class.c;1;!UML_MAINPOINT;!UML_MAINPOINT && 1;endif;474;474
objects/UML/class.c;1;1;1;artifact;475;513
objects/UML/class.c;1;UML_MAINPOINT;1 && UML_MAINPOINT;if;514;514
objects/UML/class.c;1;UML_MAINPOINT;1 && UML_MAINPOINT;artifact;515;516
objects/UML/class.c;1;UML_MAINPOINT;1 && UML_MAINPOINT;endif;517;517
objects/UML/class.c;1;1;1;artifact;518;522
objects/UML/class.c;1;DEBUG;1 && DEBUG;if;523;523
objects/UML/class.c;1;DEBUG;1 && DEBUG;artifact;524;526
objects/UML/class.c;1;DEBUG;1 && DEBUG;endif;527;527
objects/UML/class.c;1;1;1;artifact;528;1364
objects/UML/class.c;1;UML_MAINPOINT;1 && UML_MAINPOINT;if;1365;1365
objects/UML/class.c;1;UML_MAINPOINT;1 && UML_MAINPOINT;artifact;1366;1371
objects/UML/class.c;1;UML_MAINPOINT;1 && UML_MAINPOINT;endif;1372;1372
objects/UML/class.c;1;1;1;artifact;1373;1448
objects/UML/class.c;1;DEBUG;1 && DEBUG;if;1449;1449
objects/UML/class.c;1;DEBUG;1 && DEBUG;artifact;1450;1450
objects/UML/class.c;1;DEBUG;1 && DEBUG;endif;1451;1451
objects/UML/class.c;1;1;1;artifact;1452;1920
objects/UML/class.c;1;UML_MAINPOINT;1 && UML_MAINPOINT;if;1921;1921
objects/UML/class.c;1;UML_MAINPOINT;1 && UML_MAINPOINT;artifact;1922;1922
objects/UML/class.c;1;!UML_MAINPOINT;!UML_MAINPOINT && 1;else;1923;1923
objects/UML/class.c;1;!UML_MAINPOINT;!UML_MAINPOINT && 1;artifact;1924;1924
objects/UML/class.c;1;!UML_MAINPOINT;!UML_MAINPOINT && 1;endif;1925;1925
objects/UML/class.c;1;1;1;artifact;1926;1980
objects/UML/class.c;1;UML_MAINPOINT;1 && UML_MAINPOINT;if;1981;1981
objects/UML/class.c;1;UML_MAINPOINT;1 && UML_MAINPOINT;artifact;1982;1987
objects/UML/class.c;1;UML_MAINPOINT;1 && UML_MAINPOINT;endif;1988;1988
objects/UML/class.c;1;1;1;artifact;1989;2008
objects/UML/class.c;1;DEBUG;1 && DEBUG;if;2009;2009
objects/UML/class.c;1;DEBUG;1 && DEBUG;artifact;2010;2010
objects/UML/class.c;1;DEBUG;1 && DEBUG;endif;2011;2011
objects/UML/class.c;1;1;1;artifact;2012;2199
objects/UML/class.c;1;UML_MAINPOINT;1 && UML_MAINPOINT;if;2200;2200
objects/UML/class.c;1;UML_MAINPOINT;1 && UML_MAINPOINT;artifact;2201;2207
objects/UML/class.c;1;UML_MAINPOINT;1 && UML_MAINPOINT;endif;2208;2208
objects/UML/class.c;1;1;1;artifact;2209;2211
objects/UML/class.c;1;DEBUG;1 && DEBUG;if;2212;2212
objects/UML/class.c;1;DEBUG;1 && DEBUG;artifact;2213;2213
objects/UML/class.c;1;DEBUG;1 && DEBUG;endif;2214;2214
objects/UML/class.c;1;1;1;artifact;2215;2229
objects/UML/class.c;1;DEBUG;1 && DEBUG;if;2230;2230
objects/UML/class.c;1;DEBUG;1 && DEBUG;artifact;2231;2231
objects/UML/class.c;1;DEBUG;1 && DEBUG;endif;2232;2232
objects/UML/class.c;1;1;1;artifact;2233;2355
objects/UML/class.c;1;UML_MAINPOINT;1 && UML_MAINPOINT;if;2356;2356
objects/UML/class.c;1;UML_MAINPOINT;1 && UML_MAINPOINT;artifact;2357;2357
objects/UML/class.c;1;!UML_MAINPOINT;!UML_MAINPOINT && 1;else;2358;2358
objects/UML/class.c;1;!UML_MAINPOINT;!UML_MAINPOINT && 1;artifact;2359;2359
objects/UML/class.c;1;!UML_MAINPOINT;!UML_MAINPOINT && 1;endif;2360;2360
objects/UML/class.c;1;1;1;artifact;2361;2476
objects/UML/class.c;1;DEBUG;1 && DEBUG;if;2477;2477
objects/UML/class.c;1;DEBUG;1 && DEBUG;artifact;2478;2478
objects/UML/class.c;1;DEBUG;1 && DEBUG;endif;2479;2479
objects/UML/class.c;1;1;1;artifact;2480;2506
objects/UML/class.c;1;UML_MAINPOINT;1 && UML_MAINPOINT;if;2507;2507
objects/UML/class.c;1;UML_MAINPOINT;1 && UML_MAINPOINT;artifact;2508;2508
objects/UML/class.c;1;!UML_MAINPOINT;!UML_MAINPOINT && 1;else;2509;2509
objects/UML/class.c;1;!UML_MAINPOINT;!UML_MAINPOINT && 1;artifact;2510;2510
objects/UML/class.c;1;!UML_MAINPOINT;!UML_MAINPOINT && 1;endif;2511;2511
objects/UML/class.c;1;1;1;artifact;2512;2530
objects/UML/class.c;1;UML_MAINPOINT;1 && UML_MAINPOINT;if;2531;2531
objects/UML/class.c;1;UML_MAINPOINT;1 && UML_MAINPOINT;artifact;2532;2537
objects/UML/class.c;1;UML_MAINPOINT;1 && UML_MAINPOINT;endif;2538;2538
objects/UML/class.c;1;1;1;artifact;2539;2550
objects/UML/class.c;1;0;1 && 0;if;2551;2551
objects/UML/class.c;1;0;1 && 0;artifact;2552;2554
objects/UML/class.c;1;0;1 && 0;endif;2555;2555
objects/UML/class.c;1;1;1;artifact;2556;2583
objects/UML/class.h;1;1;1;ROOT;1;158
objects/UML/class.h;1;1;1;artifact;1;67
objects/UML/class.h;1;UML_MAINPOINT;1 && UML_MAINPOINT;if;68;68
objects/UML/class.h;1;UML_MAINPOINT;1 && UML_MAINPOINT;artifact;69;69
objects/UML/class.h;1;!UML_MAINPOINT;!UML_MAINPOINT && 1;else;70;70
objects/UML/class.h;1;!UML_MAINPOINT;!UML_MAINPOINT && 1;artifact;71;71
objects/UML/class.h;1;!UML_MAINPOINT;!UML_MAINPOINT && 1;endif;72;72
objects/UML/class.h;1;1;1;artifact;73;157
objects/UML/class_attributes_dialog.c;1;1;1;ROOT;1;783
objects/UML/class_attributes_dialog.c;1;1;1;artifact;1;449
objects/UML/class_attributes_dialog.c;1;0;1 && 0;if;450;450
objects/UML/class_attributes_dialog.c;1;0;1 && 0;artifact;451;451
objects/UML/class_attributes_dialog.c;1;0;1 && 0;endif;452;452
objects/UML/class_attributes_dialog.c;1;1;1;artifact;453;462
objects/UML/class_attributes_dialog.c;1;DEBUG;1 && DEBUG;if;463;463
objects/UML/class_attributes_dialog.c;1;DEBUG;1 && DEBUG;artifact;464;464
objects/UML/class_attributes_dialog.c;1;DEBUG;1 && DEBUG;endif;465;465
objects/UML/class_attributes_dialog.c;1;1;1;artifact;466;732
objects/UML/class_attributes_dialog.c;1;0;1 && 0;if;733;735
objects/UML/class_attributes_dialog.c;1;0;1 && 0;artifact;736;737
objects/UML/class_attributes_dialog.c;1;0;1 && 0;endif;738;738
objects/UML/class_attributes_dialog.c;1;1;1;artifact;739;782
objects/UML/class_dialog.c;1;1;1;ROOT;1;1113
objects/UML/class_dialog.c;1;1;1;artifact;1;604
objects/UML/class_dialog.c;1;DEBUG;1 && DEBUG;if;605;605
objects/UML/class_dialog.c;1;DEBUG;1 && DEBUG;artifact;606;606
objects/UML/class_dialog.c;1;DEBUG;1 && DEBUG;endif;607;607
objects/UML/class_dialog.c;1;1;1;artifact;608;624
objects/UML/class_dialog.c;1;DEBUG;1 && DEBUG;if;625;625
objects/UML/class_dialog.c;1;DEBUG;1 && DEBUG;artifact;626;626
objects/UML/class_dialog.c;1;DEBUG;1 && DEBUG;endif;627;627
objects/UML/class_dialog.c;1;1;1;artifact;628;645
objects/UML/class_dialog.c;1;UML_MAINPOINT;1 && UML_MAINPOINT;if;646;646
objects/UML/class_dialog.c;1;UML_MAINPOINT;1 && UML_MAINPOINT;artifact;647;648
objects/UML/class_dialog.c;1;!UML_MAINPOINT;!UML_MAINPOINT && 1;else;649;649
objects/UML/class_dialog.c;1;!UML_MAINPOINT;!UML_MAINPOINT && 1;artifact;650;651
objects/UML/class_dialog.c;1;!UML_MAINPOINT;!UML_MAINPOINT && 1;endif;652;652
objects/UML/class_dialog.c;1;1;1;artifact;653;665
objects/UML/class_dialog.c;1;UML_MAINPOINT;1 && UML_MAINPOINT;if;666;666
objects/UML/class_dialog.c;1;UML_MAINPOINT;1 && UML_MAINPOINT;artifact;667;668
objects/UML/class_dialog.c;1;UML_MAINPOINT;1 && UML_MAINPOINT;endif;669;669
objects/UML/class_dialog.c;1;1;1;artifact;670;696
objects/UML/class_dialog.c;1;DEBUG;1 && DEBUG;if;697;697
objects/UML/class_dialog.c;1;DEBUG;1 && DEBUG;artifact;698;698
objects/UML/class_dialog.c;1;DEBUG;1 && DEBUG;endif;699;699
objects/UML/class_dialog.c;1;1;1;artifact;700;719
objects/UML/class_dialog.c;1;DEBUG;1 && DEBUG;if;720;720
objects/UML/class_dialog.c;1;DEBUG;1 && DEBUG;artifact;721;721
objects/UML/class_dialog.c;1;DEBUG;1 && DEBUG;endif;722;722
objects/UML/class_dialog.c;1;1;1;artifact;723;889
objects/UML/class_dialog.c;1;UML_MAINPOINT;1 && UML_MAINPOINT;if;890;890
objects/UML/class_dialog.c;1;UML_MAINPOINT;1 && UML_MAINPOINT;artifact;891;891
objects/UML/class_dialog.c;1;!UML_MAINPOINT;!UML_MAINPOINT && 1;else;892;892
objects/UML/class_dialog.c;1;!UML_MAINPOINT;!UML_MAINPOINT && 1;artifact;893;893
objects/UML/class_dialog.c;1;!UML_MAINPOINT;!UML_MAINPOINT && 1;endif;894;894
objects/UML/class_dialog.c;1;1;1;artifact;895;938
objects/UML/class_dialog.c;1;UML_MAINPOINT;1 && UML_MAINPOINT;if;939;939
objects/UML/class_dialog.c;1;UML_MAINPOINT;1 && UML_MAINPOINT;artifact;940;940
objects/UML/class_dialog.c;1;UML_MAINPOINT;1 && UML_MAINPOINT;endif;941;941
objects/UML/class_dialog.c;1;1;1;artifact;942;1112
objects/UML/class_dialog.h;1;1;1;ROOT;1;124
objects/UML/class_dialog.h;1;1;1;artifact;1;123
objects/UML/class_operations_dialog.c;1;1;1;ROOT;1;1547
objects/UML/class_operations_dialog.c;1;1;1;artifact;1;1546
objects/UML/class_templates_dialog.c;1;1;1;ROOT;1;552
objects/UML/class_templates_dialog.c;1;1;1;artifact;1;551
objects/UML/classicon.c;1;1;1;ROOT;1;500
objects/UML/classicon.c;1;1;1;artifact;1;499
objects/UML/component.c;1;1;1;ROOT;1;463
objects/UML/component.c;1;1;1;artifact;1;462
objects/UML/component_feature.c;1;1;1;ROOT;1;499
objects/UML/component_feature.c;1;1;1;artifact;1;498
objects/UML/constraint.c;1;1;1;ROOT;1;413
objects/UML/constraint.c;1;1;1;artifact;1;412
objects/UML/dependency.c;1;1;1;ROOT;1;498
objects/UML/dependency.c;1;1;1;artifact;1;497
objects/UML/fork.c;1;1;1;ROOT;1;324
objects/UML/fork.c;1;1;1;artifact;1;323
objects/UML/generalization.c;1;1;1;ROOT;1;493
objects/UML/generalization.c;1;1;1;artifact;1;492
objects/UML/implements.c;1;1;1;ROOT;1;436
objects/UML/implements.c;1;1;1;artifact;1;435
objects/UML/large_package.c;1;1;1;ROOT;1;442
objects/UML/large_package.c;1;1;1;artifact;1;441
objects/UML/lifeline.c;1;1;1;ROOT;1;780
objects/UML/lifeline.c;1;1;1;artifact;1;779
objects/UML/message.c;1;1;1;ROOT;1;482
objects/UML/message.c;1;1;1;artifact;1;481
objects/UML/node.c;1;1;1;ROOT;1;390
objects/UML/node.c;1;1;1;artifact;1;389
objects/UML/note.c;1;1;1;ROOT;1;378
objects/UML/note.c;1;1;1;artifact;1;377
objects/UML/object.c;1;1;1;ROOT;1;561
objects/UML/object.c;1;1;1;artifact;1;560
objects/UML/realizes.c;1;1;1;ROOT;1;498
objects/UML/realizes.c;1;1;1;artifact;1;497
objects/UML/small_package.c;1;1;1;ROOT;1;431
objects/UML/small_package.c;1;1;1;artifact;1;430
objects/UML/state.c;1;1;1;ROOT;1;572
objects/UML/state.c;1;1;1;artifact;1;571
objects/UML/state_term.c;1;1;1;ROOT;1;330
objects/UML/state_term.c;1;1;1;artifact;1;329
objects/UML/stereotype.c;1;1;1;ROOT;1;103
objects/UML/stereotype.c;1;1;1;artifact;1;102
objects/UML/stereotype.h;1;1;1;ROOT;1;34
objects/UML/stereotype.h;1;1;1;artifact;1;18
objects/UML/stereotype.h;1;!STEREOTYPE_H;1 && !STEREOTYPE_H;if;19;19
objects/UML/stereotype.h;1;!STEREOTYPE_H;1 && !STEREOTYPE_H;artifact;20;31
objects/UML/stereotype.h;1;!STEREOTYPE_H;1 && !STEREOTYPE_H;endif;32;32
objects/UML/stereotype.h;1;1;1;artifact;33;33
objects/UML/transition.c;1;1;1;ROOT;1;619
objects/UML/transition.c;1;1;1;artifact;1;618
objects/UML/uml.c;1;1;1;ROOT;1;116
objects/UML/uml.c;1;1;1;artifact;1;115
objects/UML/uml.h;1;1;1;ROOT;1;210
objects/UML/uml.h;1;1;1;artifact;1;209
objects/UML/umlattribute.c;1;1;1;ROOT;1;272
objects/UML/umlattribute.c;1;1;1;artifact;1;90
objects/UML/umlattribute.c;1;0;1 && 0;if;91;91
objects/UML/umlattribute.c;1;0;1 && 0;artifact;92;93
objects/UML/umlattribute.c;1;0;1 && 0;endif;94;94
objects/UML/umlattribute.c;1;1;1;artifact;95;162
objects/UML/umlattribute.c;1;0;1 && 0;if;163;163
objects/UML/umlattribute.c;1;0;1 && 0;artifact;164;165
objects/UML/umlattribute.c;1;0;1 && 0;endif;166;166
objects/UML/umlattribute.c;1;1;1;artifact;167;271
objects/UML/umlformalparameter.c;1;1;1;ROOT;1;151
objects/UML/umlformalparameter.c;1;1;1;artifact;1;150
objects/UML/umloperation.c;1;1;1;ROOT;1;438
objects/UML/umloperation.c;1;1;1;artifact;1;119
objects/UML/umloperation.c;1;0;1 && 0;if;120;120
objects/UML/umloperation.c;1;0;1 && 0;artifact;121;122
objects/UML/umloperation.c;1;0;1 && 0;endif;123;123
objects/UML/umloperation.c;1;1;1;artifact;124;178
objects/UML/umloperation.c;1;0;1 && 0;if;179;179
objects/UML/umloperation.c;1;0;1 && 0;artifact;180;186
objects/UML/umloperation.c;1;0;1 && 0;endif;187;187
objects/UML/umloperation.c;1;1;1;artifact;188;214
objects/UML/umloperation.c;1;0;1 && 0;if;215;215
objects/UML/umloperation.c;1;0;1 && 0;artifact;216;218
objects/UML/umloperation.c;1;0;1 && 0;endif;219;219
objects/UML/umloperation.c;1;1;1;artifact;220;437
objects/UML/umlparameter.c;1;1;1;ROOT;1;213
objects/UML/umlparameter.c;1;1;1;artifact;1;212
objects/UML/usecase.c;1;1;1;ROOT;1;481
objects/UML/usecase.c;1;1;1;artifact;1;480
objects/chronogram/chronogram.c;1;1;1;ROOT;1;48
objects/chronogram/chronogram.c;1;1;1;artifact;1;47
objects/chronogram/chronogram.h;1;1;1;ROOT;1;32
objects/chronogram/chronogram.h;1;1;1;artifact;1;20
objects/chronogram/chronogram.h;1;!CHRONOGRAM_H;1 && !CHRONOGRAM_H;if;21;21
objects/chronogram/chronogram.h;1;!CHRONOGRAM_H;1 && !CHRONOGRAM_H;artifact;22;28
objects/chronogram/chronogram.h;1;!CHRONOGRAM_H;1 && !CHRONOGRAM_H;endif;29;29
objects/chronogram/chronogram.h;1;1;1;artifact;30;31
objects/chronogram/chronoline.c;1;1;1;ROOT;1;701
objects/chronogram/chronoline.c;1;1;1;artifact;1;700
objects/chronogram/chronoline_event.c;1;1;1;ROOT;1;335
objects/chronogram/chronoline_event.c;1;1;1;artifact;1;73
objects/chronogram/chronoline_event.c;1;DUMP_PARSED_CLELIST;1 && DUMP_PARSED_CLELIST;if;74;74
objects/chronogram/chronoline_event.c;1;DUMP_PARSED_CLELIST;1 && DUMP_PARSED_CLELIST;artifact;75;98
objects/chronogram/chronoline_event.c;1;DUMP_PARSED_CLELIST;1 && DUMP_PARSED_CLELIST;endif;99;99
objects/chronogram/chronoline_event.c;1;1;1;artifact;100;252
objects/chronogram/chronoline_event.c;1;DUMP_PARSED_CLELIST;1 && DUMP_PARSED_CLELIST;if;253;253
objects/chronogram/chronoline_event.c;1;DUMP_PARSED_CLELIST;1 && DUMP_PARSED_CLELIST;artifact;254;254
objects/chronogram/chronoline_event.c;1;DUMP_PARSED_CLELIST;1 && DUMP_PARSED_CLELIST;endif;255;255
objects/chronogram/chronoline_event.c;1;1;1;artifact;256;334
objects/chronogram/chronoline_event.h;1;1;1;ROOT;1;50
objects/chronogram/chronoline_event.h;1;1;1;artifact;1;21
objects/chronogram/chronoline_event.h;1;!__CHRONOLINE_EVENT_H;1 && !__CHRONOLINE_EVENT_H;if;22;22
objects/chronogram/chronoline_event.h;1;!__CHRONOLINE_EVENT_H;1 && !__CHRONOLINE_EVENT_H;artifact;23;47
objects/chronogram/chronoline_event.h;1;!__CHRONOLINE_EVENT_H;1 && !__CHRONOLINE_EVENT_H;endif;48;48
objects/chronogram/chronoline_event.h;1;1;1;artifact;49;49
objects/chronogram/chronoref.c;1;1;1;ROOT;1;484
objects/chronogram/chronoref.c;1;1;1;artifact;1;483
objects/custom/custom.c;1;1;1;ROOT;1;170
objects/custom/custom.c;1;1;1;artifact;1;169
objects/custom/custom_object.c;1;1;1;ROOT;1;2005
objects/custom/custom_object.c;1;1;1;artifact;1;32
objects/custom/custom_object.c;1;HAVE_UNISTD_H;1 && HAVE_UNISTD_H;if;33;33
objects/custom/custom_object.c;1;HAVE_UNISTD_H;1 && HAVE_UNISTD_H;artifact;34;34
objects/custom/custom_object.c;1;HAVE_UNISTD_H;1 && HAVE_UNISTD_H;endif;35;35
objects/custom/custom_object.c;1;1;1;artifact;36;776
objects/custom/custom_object.c;1;USE_DELTA_MAX;1 && USE_DELTA_MAX;if;777;777
objects/custom/custom_object.c;1;USE_DELTA_MAX;1 && USE_DELTA_MAX;artifact;778;782
objects/custom/custom_object.c;1;USE_DELTA_MAX;1 && USE_DELTA_MAX;endif;783;783
objects/custom/custom_object.c;1;1;1;artifact;784;2004
objects/custom/custom_object.h;1;1;1;ROOT;1;37
objects/custom/custom_object.h;1;1;1;artifact;1;36
objects/custom/custom_util.c;1;1;1;ROOT;1;45
objects/custom/custom_util.c;1;1;1;artifact;1;44
objects/custom/custom_util.h;1;1;1;ROOT;1;32
objects/custom/custom_util.h;1;1;1;artifact;1;21
objects/custom/custom_util.h;1;!_CUSTOM_UTIL_H_;1 && !_CUSTOM_UTIL_H_;if;22;22
objects/custom/custom_util.h;1;!_CUSTOM_UTIL_H_;1 && !_CUSTOM_UTIL_H_;artifact;23;29
objects/custom/custom_util.h;1;!_CUSTOM_UTIL_H_;1 && !_CUSTOM_UTIL_H_;endif;30;30
objects/custom/custom_util.h;1;1;1;artifact;31;31
objects/custom/shape_info.c;1;1;1;ROOT;1;1101
objects/custom/shape_info.c;1;1;1;artifact;1;659
objects/custom/shape_info.c;1;1;1 && 1;if;660;660
objects/custom/shape_info.c;1;1;1 && 1;artifact;661;668
objects/custom/shape_info.c;1;0;0 && 1;else;669;669
objects/custom/shape_info.c;1;0;0 && 1;artifact;670;679
objects/custom/shape_info.c;1;0;0 && 1;endif;680;680
objects/custom/shape_info.c;1;1;1;artifact;681;1100
objects/custom/shape_info.h;1;1;1;ROOT;1;249
objects/custom/shape_info.h;1;1;1;artifact;1;248
objects/custom/shape_typeinfo.c;1;1;1;ROOT;1;248
objects/custom/shape_typeinfo.c;1;1;1;artifact;1;247
objects/custom_lines/custom_lines.c;1;1;1;ROOT;1;182
objects/custom_lines/custom_lines.c;1;1;1;artifact;1;181
objects/custom_lines/custom_linetypes.c;1;1;1;ROOT;1;323
objects/custom_lines/custom_linetypes.c;1;1;1;artifact;1;322
objects/custom_lines/custom_linetypes.h;1;1;1;ROOT;1;32
objects/custom_lines/custom_linetypes.h;1;1;1;artifact;1;23
objects/custom_lines/custom_linetypes.h;1;!_CUSTOM_LINETYPES_H_;1 && !_CUSTOM_LINETYPES_H_;if;24;24
objects/custom_lines/custom_linetypes.h;1;!_CUSTOM_LINETYPES_H_;1 && !_CUSTOM_LINETYPES_H_;artifact;25;29
objects/custom_lines/custom_linetypes.h;1;!_CUSTOM_LINETYPES_H_;1 && !_CUSTOM_LINETYPES_H_;endif;30;30
objects/custom_lines/custom_linetypes.h;1;1;1;artifact;31;31
objects/custom_lines/line_info.c;1;1;1;ROOT;1;389
objects/custom_lines/line_info.c;1;1;1;artifact;1;388
objects/custom_lines/line_info.h;1;1;1;ROOT;1;67
objects/custom_lines/line_info.h;1;1;1;artifact;1;23
objects/custom_lines/line_info.h;1;!_LINE_INFO_H_;1 && !_LINE_INFO_H_;if;24;24
objects/custom_lines/line_info.h;1;!_LINE_INFO_H_;1 && !_LINE_INFO_H_;artifact;25;64
objects/custom_lines/line_info.h;1;!_LINE_INFO_H_;1 && !_LINE_INFO_H_;endif;65;65
objects/custom_lines/line_info.h;1;1;1;artifact;66;66
objects/flowchart/box.c;1;1;1;ROOT;1;776
objects/flowchart/box.c;1;1;1;artifact;1;775
objects/flowchart/diamond.c;1;1;1;ROOT;1;740
objects/flowchart/diamond.c;1;1;1;artifact;1;739
objects/flowchart/ellipse.c;1;1;1;ROOT;1;717
objects/flowchart/ellipse.c;1;1;1;artifact;1;716
objects/flowchart/flowchart.c;1;1;1;ROOT;1;48
objects/flowchart/flowchart.c;1;1;1;artifact;1;47
objects/flowchart/parallelogram.c;1;1;1;ROOT;1;801
objects/flowchart/parallelogram.c;1;1;1;artifact;1;800
objects/network/basestation.c;1;1;1;ROOT;1;443
objects/network/basestation.c;1;1;1;artifact;1;442
objects/network/bus.c;1;1;1;ROOT;1;796
objects/network/bus.c;1;1;1;artifact;1;795
objects/network/network.c;1;1;1;ROOT;1;51
objects/network/network.c;1;1;1;artifact;1;50
objects/network/network.h;1;1;1;ROOT;1;26
objects/network/network.h;1;1;1;artifact;1;17
objects/network/network.h;1;!NETWORK_H;1 && !NETWORK_H;if;18;18
objects/network/network.h;1;!NETWORK_H;1 && !NETWORK_H;artifact;19;22
objects/network/network.h;1;!NETWORK_H;1 && !NETWORK_H;endif;23;23
objects/network/network.h;1;1;1;artifact;24;25
objects/network/radiocell.c;1;1;1;ROOT;1;381
objects/network/radiocell.c;1;1;1;artifact;1;380
objects/network/wanlink.c;1;1;1;ROOT;1;505
objects/network/wanlink.c;1;1;1;artifact;1;35
objects/network/wanlink.c;1;!M_PI_2;1 && !M_PI_2;if;36;36
objects/network/wanlink.c;1;!M_PI_2;1 && !M_PI_2;artifact;37;37
objects/network/wanlink.c;1;!M_PI_2;1 && !M_PI_2;endif;38;38
objects/network/wanlink.c;1;1;1;artifact;39;504
objects/standard/arc.c;1;1;1;ROOT;1;1117
objects/standard/arc.c;1;1;1;artifact;1;558
objects/standard/arc.c;1;TRACE_DIST;1 && TRACE_DIST;if;559;559
objects/standard/arc.c;1;TRACE_DIST;1 && TRACE_DIST;artifact;560;562
objects/standard/arc.c;1;TRACE_DIST;1 && TRACE_DIST;endif;563;563
objects/standard/arc.c;1;1;1;artifact;564;582
objects/standard/arc.c;1;TRACE_DIST;1 && TRACE_DIST;if;583;583
objects/standard/arc.c;1;TRACE_DIST;1 && TRACE_DIST;artifact;584;585
objects/standard/arc.c;1;TRACE_DIST;1 && TRACE_DIST;endif;586;586
objects/standard/arc.c;1;1;1;artifact;587;597
objects/standard/arc.c;1;TRACE_DIST;1 && TRACE_DIST;if;598;598
objects/standard/arc.c;1;TRACE_DIST;1 && TRACE_DIST;artifact;599;602
objects/standard/arc.c;1;TRACE_DIST;1 && TRACE_DIST;endif;603;603
objects/standard/arc.c;1;1;1;artifact;604;1116
objects/standard/bezier.c;1;1;1;ROOT;1;876
objects/standard/bezier.c;1;1;1;artifact;1;407
objects/standard/bezier.c;1;0;1 && 0;if;408;408
objects/standard/bezier.c;1;0;1 && 0;artifact;409;426
objects/standard/bezier.c;1;0;1 && 0;endif;427;427
objects/standard/bezier.c;1;1;1;artifact;428;875
objects/standard/beziergon.c;1;1;1;ROOT;1;577
objects/standard/beziergon.c;1;1;1;artifact;1;576
objects/standard/box.c;1;1;1;ROOT;1;866
objects/standard/box.c;1;1;1;artifact;1;865
objects/standard/ellipse.c;1;1;1;ROOT;1;871
objects/standard/ellipse.c;1;1;1;artifact;1;870
objects/standard/image.c;1;1;1;ROOT;1;911
objects/standard/image.c;1;1;1;artifact;1;910
objects/standard/line.c;1;1;1;ROOT;1;791
objects/standard/line.c;1;1;1;artifact;1;659
objects/standard/line.c;1;DEBUG;1 && DEBUG;if;660;660
objects/standard/line.c;1;DEBUG;1 && DEBUG;artifact;661;661
objects/standard/line.c;1;DEBUG;1 && DEBUG;endif;662;662
objects/standard/line.c;1;1;1;artifact;663;790
objects/standard/outline.c;1;1;1;ROOT;1;585
objects/standard/outline.c;1;1;1;artifact;1;316
objects/standard/outline.c;1;0;1 && 0;if;317;317
objects/standard/outline.c;1;0;1 && 0;artifact;318;322
objects/standard/outline.c;1;0;1 && 0;endif;323;323
objects/standard/outline.c;1;1;1;artifact;324;584
objects/standard/polygon.c;1;1;1;ROOT;1;534
objects/standard/polygon.c;1;1;1;artifact;1;533
objects/standard/polyline.c;1;1;1;ROOT;1;685
objects/standard/polyline.c;1;1;1;artifact;1;684
objects/standard/standard.c;1;1;1;ROOT;1;78
objects/standard/standard.c;1;1;1;artifact;1;77
objects/standard/textobj.c;1;1;1;ROOT;1;655
objects/standard/textobj.c;1;1;1;artifact;1;654
objects/standard/zigzagline.c;1;1;1;ROOT;1;625
objects/standard/zigzagline.c;1;1;1;artifact;1;624
plug-ins/cairo/diacairo.c;1;1;1;ROOT;1;268
plug-ins/cairo/diacairo.c;1;1;1;artifact;1;39
plug-ins/cairo/diacairo.c;1;CAIRO_HAS_PS_SURFACE;1 && CAIRO_HAS_PS_SURFACE;if;40;40
plug-ins/cairo/diacairo.c;1;CAIRO_HAS_PS_SURFACE;1 && CAIRO_HAS_PS_SURFACE;artifact;41;41
plug-ins/cairo/diacairo.c;1;CAIRO_HAS_PS_SURFACE;1 && CAIRO_HAS_PS_SURFACE;endif;42;42
plug-ins/cairo/diacairo.c;1;CAIRO_HAS_PDF_SURFACE;1 && CAIRO_HAS_PDF_SURFACE;if;43;43
plug-ins/cairo/diacairo.c;1;CAIRO_HAS_PDF_SURFACE;1 && CAIRO_HAS_PDF_SURFACE;artifact;44;44
plug-ins/cairo/diacairo.c;1;CAIRO_HAS_PDF_SURFACE;1 && CAIRO_HAS_PDF_SURFACE;endif;45;45
plug-ins/cairo/diacairo.c;1;CAIRO_HAS_WIN32_SURFACE;1 && CAIRO_HAS_WIN32_SURFACE;if;46;46
plug-ins/cairo/diacairo.c;1;CAIRO_HAS_WIN32_SURFACE;1 && CAIRO_HAS_WIN32_SURFACE;artifact;47;48
plug-ins/cairo/diacairo.c;1;CAIRO_HAS_WIN32_SURFACE;1 && CAIRO_HAS_WIN32_SURFACE;endif;49;49
plug-ins/cairo/diacairo.c;1;CAIRO_HAS_SCRIPT_SURFACE;1 && CAIRO_HAS_SCRIPT_SURFACE;if;50;50
plug-ins/cairo/diacairo.c;1;CAIRO_HAS_SCRIPT_SURFACE;1 && CAIRO_HAS_SCRIPT_SURFACE;artifact;51;51
plug-ins/cairo/diacairo.c;1;CAIRO_HAS_SCRIPT_SURFACE;1 && CAIRO_HAS_SCRIPT_SURFACE;endif;52;52
plug-ins/cairo/diacairo.c;1;1;1;artifact;53;64
plug-ins/cairo/diacairo.c;1;CAIRO_HAS_PS_SURFACE;1 && CAIRO_HAS_PS_SURFACE;if;65;65
plug-ins/cairo/diacairo.c;1;CAIRO_HAS_PS_SURFACE;1 && CAIRO_HAS_PS_SURFACE;artifact;66;82
plug-ins/cairo/diacairo.c;1;CAIRO_HAS_PS_SURFACE;1 && CAIRO_HAS_PS_SURFACE;endif;83;83
plug-ins/cairo/diacairo.c;1;1;1;artifact;84;84
plug-ins/cairo/diacairo.c;1;CAIRO_HAS_PDF_SURFACE;1 && CAIRO_HAS_PDF_SURFACE;if;85;85
plug-ins/cairo/diacairo.c;1;CAIRO_HAS_PDF_SURFACE;1 && CAIRO_HAS_PDF_SURFACE;artifact;86;94
plug-ins/cairo/diacairo.c;1;CAIRO_HAS_PDF_SURFACE;1 && CAIRO_HAS_PDF_SURFACE;endif;95;95
plug-ins/cairo/diacairo.c;1;1;1;artifact;96;106
plug-ins/cairo/diacairo.c;1;CAIRO_HAS_SCRIPT_SURFACE;1 && CAIRO_HAS_SCRIPT_SURFACE;if;107;107
plug-ins/cairo/diacairo.c;1;CAIRO_HAS_SCRIPT_SURFACE;1 && CAIRO_HAS_SCRIPT_SURFACE;artifact;108;116
plug-ins/cairo/diacairo.c;1;CAIRO_HAS_SCRIPT_SURFACE;1 && CAIRO_HAS_SCRIPT_SURFACE;endif;117;117
plug-ins/cairo/diacairo.c;1;1;1;artifact;118;135
plug-ins/cairo/diacairo.c;1;DIA_CAIRO_CAN_EMF;1 && DIA_CAIRO_CAN_EMF;if;136;136
plug-ins/cairo/diacairo.c;1;DIA_CAIRO_CAN_EMF;1 && DIA_CAIRO_CAN_EMF;artifact;137;183
plug-ins/cairo/diacairo.c;1;DIA_CAIRO_CAN_EMF;1 && DIA_CAIRO_CAN_EMF;endif;184;184
plug-ins/cairo/diacairo.c;1;1;1;artifact;185;206
plug-ins/cairo/diacairo.c;1;CAIRO_HAS_PS_SURFACE;1 && CAIRO_HAS_PS_SURFACE;if;207;207
plug-ins/cairo/diacairo.c;1;CAIRO_HAS_PS_SURFACE;1 && CAIRO_HAS_PS_SURFACE;artifact;208;209
plug-ins/cairo/diacairo.c;1;CAIRO_HAS_PS_SURFACE;1 && CAIRO_HAS_PS_SURFACE;endif;210;210
plug-ins/cairo/diacairo.c;1;CAIRO_HAS_PDF_SURFACE;1 && CAIRO_HAS_PDF_SURFACE;if;211;211
plug-ins/cairo/diacairo.c;1;CAIRO_HAS_PDF_SURFACE;1 && CAIRO_HAS_PDF_SURFACE;artifact;212;212
plug-ins/cairo/diacairo.c;1;CAIRO_HAS_PDF_SURFACE;1 && CAIRO_HAS_PDF_SURFACE;endif;213;213
plug-ins/cairo/diacairo.c;1;1;1;artifact;214;214
plug-ins/cairo/diacairo.c;1;CAIRO_HAS_SCRIPT_SURFACE;1 && CAIRO_HAS_SCRIPT_SURFACE;if;215;215
plug-ins/cairo/diacairo.c;1;CAIRO_HAS_SCRIPT_SURFACE;1 && CAIRO_HAS_SCRIPT_SURFACE;artifact;216;216
plug-ins/cairo/diacairo.c;1;CAIRO_HAS_SCRIPT_SURFACE;1 && CAIRO_HAS_SCRIPT_SURFACE;endif;217;217
plug-ins/cairo/diacairo.c;1;1;1;artifact;218;219
plug-ins/cairo/diacairo.c;1;DIA_CAIRO_CAN_EMF;1 && DIA_CAIRO_CAN_EMF;if;220;220
plug-ins/cairo/diacairo.c;1;DIA_CAIRO_CAN_EMF;1 && DIA_CAIRO_CAN_EMF;artifact;221;223
plug-ins/cairo/diacairo.c;1;DIA_CAIRO_CAN_EMF;1 && DIA_CAIRO_CAN_EMF;endif;224;224
plug-ins/cairo/diacairo.c;1;1;1;artifact;225;243
plug-ins/cairo/diacairo.c;1;CAIRO_HAS_PS_SURFACE;1 && CAIRO_HAS_PS_SURFACE;if;244;244
plug-ins/cairo/diacairo.c;1;CAIRO_HAS_PS_SURFACE;1 && CAIRO_HAS_PS_SURFACE;artifact;245;246
plug-ins/cairo/diacairo.c;1;CAIRO_HAS_PS_SURFACE;1 && CAIRO_HAS_PS_SURFACE;endif;247;247
plug-ins/cairo/diacairo.c;1;CAIRO_HAS_PDF_SURFACE;1 && CAIRO_HAS_PDF_SURFACE;if;248;248
plug-ins/cairo/diacairo.c;1;CAIRO_HAS_PDF_SURFACE;1 && CAIRO_HAS_PDF_SURFACE;artifact;249;249
plug-ins/cairo/diacairo.c;1;CAIRO_HAS_PDF_SURFACE;1 && CAIRO_HAS_PDF_SURFACE;endif;250;250
plug-ins/cairo/diacairo.c;1;1;1;artifact;251;251
plug-ins/cairo/diacairo.c;1;CAIRO_HAS_SCRIPT_SURFACE;1 && CAIRO_HAS_SCRIPT_SURFACE;if;252;252
plug-ins/cairo/diacairo.c;1;CAIRO_HAS_SCRIPT_SURFACE;1 && CAIRO_HAS_SCRIPT_SURFACE;artifact;253;253
plug-ins/cairo/diacairo.c;1;CAIRO_HAS_SCRIPT_SURFACE;1 && CAIRO_HAS_SCRIPT_SURFACE;endif;254;254
plug-ins/cairo/diacairo.c;1;1;1;artifact;255;256
plug-ins/cairo/diacairo.c;1;DIA_CAIRO_CAN_EMF;1 && DIA_CAIRO_CAN_EMF;if;257;257
plug-ins/cairo/diacairo.c;1;DIA_CAIRO_CAN_EMF;1 && DIA_CAIRO_CAN_EMF;artifact;258;260
plug-ins/cairo/diacairo.c;1;DIA_CAIRO_CAN_EMF;1 && DIA_CAIRO_CAN_EMF;endif;261;261
plug-ins/cairo/diacairo.c;1;1;1;artifact;262;267
plug-ins/cgm/cgm.c;1;1;1;ROOT;1;1397
plug-ins/cgm/cgm.c;1;1;1;artifact;1;66
plug-ins/cgm/cgm.c;1;__GNUC__;1 && __GNUC__;if;67;67
plug-ins/cgm/cgm.c;1;__GNUC__;1 && __GNUC__;artifact;68;68
plug-ins/cgm/cgm.c;1;__GNUC__;1 && __GNUC__;endif;69;69
plug-ins/cgm/cgm.c;1;1;1;artifact;70;672
plug-ins/cgm/cgm.c;1;0;1 && 0;if;673;673
plug-ins/cgm/cgm.c;1;0;1 && 0;artifact;674;681
plug-ins/cgm/cgm.c;1;0;1 && 0;endif;682;682
plug-ins/cgm/cgm.c;1;1;1;artifact;683;1125
plug-ins/cgm/cgm.c;1;0;1 && 0;if;1126;1126
plug-ins/cgm/cgm.c;1;0;1 && 0;artifact;1127;1133
plug-ins/cgm/cgm.c;1;0;1 && 0;endif;1134;1134
plug-ins/cgm/cgm.c;1;1;1;artifact;1135;1396
plug-ins/cgm/cgm.h;1;1;1;ROOT;1;112
plug-ins/cgm/cgm.h;1;1;1;artifact;1;111
plug-ins/drs/dia-render-script-import.c;1;1;1;ROOT;1;554
plug-ins/drs/dia-render-script-import.c;1;1;1;artifact;1;553
plug-ins/drs/dia-render-script-object.c;1;1;1;ROOT;1;3
plug-ins/drs/dia-render-script-object.c;1;1;1;artifact;1;2
plug-ins/drs/dia-render-script-renderer.c;1;1;1;ROOT;1;833
plug-ins/drs/dia-render-script-renderer.c;1;1;1;artifact;1;256
plug-ins/drs/dia-render-script-renderer.c;1;0;1 && 0;if;257;257
plug-ins/drs/dia-render-script-renderer.c;1;0;1 && 0;artifact;258;258
plug-ins/drs/dia-render-script-renderer.c;1;0;1 && 0;endif;259;259
plug-ins/drs/dia-render-script-renderer.c;1;1;1;artifact;260;811
plug-ins/drs/dia-render-script-renderer.c;1;0;1 && 0;if;812;812
plug-ins/drs/dia-render-script-renderer.c;1;0;1 && 0;artifact;813;815
plug-ins/drs/dia-render-script-renderer.c;1;0;1 && 0;endif;816;816
plug-ins/drs/dia-render-script-renderer.c;1;1;1;artifact;817;832
plug-ins/drs/dia-render-script-renderer.h;1;1;1;ROOT;1;75
plug-ins/drs/dia-render-script-renderer.h;1;1;1;artifact;1;74
plug-ins/drs/dia-render-script.c;1;1;1;ROOT;1;215
plug-ins/drs/dia-render-script.c;1;1;1;artifact;1;214
plug-ins/drs/dia-render-script.h;1;1;1;ROOT;1;24
plug-ins/drs/dia-render-script.h;1;1;1;artifact;1;23
plug-ins/dxf/autocad_pal.c;1;1;1;ROOT;1;322
plug-ins/dxf/autocad_pal.c;1;1;1;artifact;1;321
plug-ins/dxf/autocad_pal.h;1;1;1;ROOT;1;35
plug-ins/dxf/autocad_pal.h;1;1;1;artifact;1;21
plug-ins/dxf/autocad_pal.h;1;!AUTOCAD_PAL_H;1 && !AUTOCAD_PAL_H;if;22;22
plug-ins/dxf/autocad_pal.h;1;!AUTOCAD_PAL_H;1 && !AUTOCAD_PAL_H;artifact;23;32
plug-ins/dxf/autocad_pal.h;1;!AUTOCAD_PAL_H;1 && !AUTOCAD_PAL_H;endif;33;33
plug-ins/dxf/autocad_pal.h;1;1;1;artifact;34;34
plug-ins/dxf/dxf-export.c;1;1;1;ROOT;1;671
plug-ins/dxf/dxf-export.c;1;1;1;artifact;1;340
plug-ins/dxf/dxf-export.c;1;0;1 && 0;if;341;341
plug-ins/dxf/dxf-export.c;1;0;1 && 0;artifact;342;343
plug-ins/dxf/dxf-export.c;1;0;1 && 0;endif;344;344
plug-ins/dxf/dxf-export.c;1;1;1;artifact;345;670
plug-ins/dxf/dxf-import.c;1;1;1;ROOT;1;1438
plug-ins/dxf/dxf-import.c;1;1;1;artifact;1;1437
plug-ins/dxf/dxf.c;1;1;1;ROOT;1;63
plug-ins/dxf/dxf.c;1;1;1;artifact;1;62
plug-ins/hpgl/hpgl.c;1;1;1;ROOT;1;821
plug-ins/hpgl/hpgl.c;1;1;1;artifact;1;104
plug-ins/hpgl/hpgl.c;1;DEBUG_HPGL;1 && DEBUG_HPGL;if;105;105
plug-ins/hpgl/hpgl.c;1;DEBUG_HPGL;1 && DEBUG_HPGL;artifact;106;106
plug-ins/hpgl/hpgl.c;1;!DEBUG_HPGL;!DEBUG_HPGL && 1;else;107;107
plug-ins/hpgl/hpgl.c;1;!DEBUG_HPGL;!DEBUG_HPGL && 1;artifact;108;108
plug-ins/hpgl/hpgl.c;1;!DEBUG_HPGL;!DEBUG_HPGL && 1;endif;109;109
plug-ins/hpgl/hpgl.c;1;1;1;artifact;110;563
plug-ins/hpgl/hpgl.c;1;0;1 && 0;if;564;564
plug-ins/hpgl/hpgl.c;1;0;1 && 0;artifact;565;574
plug-ins/hpgl/hpgl.c;1;1;1 && 1;else;575;575
plug-ins/hpgl/hpgl.c;1;1;1 && 1;artifact;576;584
plug-ins/hpgl/hpgl.c;1;1;1 && 1;endif;585;585
plug-ins/hpgl/hpgl.c;1;1;1;artifact;586;768
plug-ins/hpgl/hpgl.c;1;0;1 && 0;if;769;769
plug-ins/hpgl/hpgl.c;1;0;1 && 0;artifact;770;775
plug-ins/hpgl/hpgl.c;1;0;1 && 0;endif;776;776
plug-ins/hpgl/hpgl.c;1;1;1;artifact;777;820
plug-ins/layout/dia-graph.cpp;1;1;1;ROOT;1;211
plug-ins/layout/dia-graph.cpp;1;1;1;artifact;1;210
plug-ins/layout/dia-graph.h;1;1;1;ROOT;1;11
plug-ins/layout/dia-graph.h;1;!DIA_GRAPH_H;1 && !DIA_GRAPH_H;if;1;1
plug-ins/layout/dia-graph.h;1;!DIA_GRAPH_H;1 && !DIA_GRAPH_H;artifact;2;8
plug-ins/layout/dia-graph.h;1;!DIA_GRAPH_H;1 && !DIA_GRAPH_H;endif;9;9
plug-ins/layout/dia-graph.h;1;1;1;artifact;10;10
plug-ins/layout/layout.cpp;1;1;1;ROOT;1;478
plug-ins/layout/layout.cpp;1;1;1;artifact;1;394
plug-ins/layout/layout.cpp;1;HAVE_OGDF;1 && HAVE_OGDF;if;395;395
plug-ins/layout/layout.cpp;1;HAVE_OGDF;1 && HAVE_OGDF;artifact;396;424
plug-ins/layout/layout.cpp;1;HAVE_OGDF;1 && HAVE_OGDF;endif;425;425
plug-ins/layout/layout.cpp;1;1;1;artifact;426;432
plug-ins/layout/layout.cpp;1;0;1 && 0;if;433;433
plug-ins/layout/layout.cpp;1;0;1 && 0;artifact;434;438
plug-ins/layout/layout.cpp;1;0;1 && 0;endif;439;439
plug-ins/layout/layout.cpp;1;1;1;artifact;440;477
plug-ins/layout/ogdf-simple.cpp;1;1;1;ROOT;1;405
plug-ins/layout/ogdf-simple.cpp;1;1;1;artifact;1;44
plug-ins/layout/ogdf-simple.cpp;1;_MSC_VER;1 && _MSC_VER;if;45;45
plug-ins/layout/ogdf-simple.cpp;1;_MSC_VER;1 && _MSC_VER;artifact;46;46
plug-ins/layout/ogdf-simple.cpp;1;_MSC_VER;1 && _MSC_VER;endif;47;47
plug-ins/layout/ogdf-simple.cpp;1;1;1;artifact;48;181
plug-ins/layout/ogdf-simple.cpp;1;OGDF_DEBUG;1 && OGDF_DEBUG;if;182;182
plug-ins/layout/ogdf-simple.cpp;1;OGDF_DEBUG;1 && OGDF_DEBUG;artifact;183;183
plug-ins/layout/ogdf-simple.cpp;1;OGDF_DEBUG;1 && OGDF_DEBUG;endif;184;184
plug-ins/layout/ogdf-simple.cpp;1;1;1;artifact;185;283
plug-ins/layout/ogdf-simple.cpp;1;OGDF_DEBUG;1 && OGDF_DEBUG;if;284;284
plug-ins/layout/ogdf-simple.cpp;1;OGDF_DEBUG;1 && OGDF_DEBUG;artifact;285;286
plug-ins/layout/ogdf-simple.cpp;1;OGDF_DEBUG;1 && OGDF_DEBUG;endif;287;287
plug-ins/layout/ogdf-simple.cpp;1;1;1;artifact;288;404
plug-ins/layout/ogdf-simple.h;1;1;1;ROOT;1;73
plug-ins/layout/ogdf-simple.h;1;1;1;artifact;1;16
plug-ins/layout/ogdf-simple.h;1;!OGDF_SIMPLE_H;1 && !OGDF_SIMPLE_H;if;17;17
plug-ins/layout/ogdf-simple.h;1;!OGDF_SIMPLE_H;1 && !OGDF_SIMPLE_H;artifact;18;19
plug-ins/layout/ogdf-simple.h;1;!DLL_EXPORT;1 && !OGDF_SIMPLE_H && !DLL_EXPORT;if;20;20
plug-ins/layout/ogdf-simple.h;1;!DLL_EXPORT;1 && !OGDF_SIMPLE_H && !DLL_EXPORT;artifact;21;21
plug-ins/layout/ogdf-simple.h;1;!DLL_EXPORT;1 && !OGDF_SIMPLE_H && !DLL_EXPORT;endif;22;22
plug-ins/layout/ogdf-simple.h;1;!OGDF_SIMPLE_H;1 && !OGDF_SIMPLE_H;artifact;23;70
plug-ins/layout/ogdf-simple.h;1;!OGDF_SIMPLE_H;1 && !OGDF_SIMPLE_H;endif;71;71
plug-ins/layout/ogdf-simple.h;1;1;1;artifact;72;72
plug-ins/metapost/metapost.c;1;1;1;ROOT;1;59
plug-ins/metapost/metapost.c;1;1;1;artifact;1;58
plug-ins/metapost/render_metapost.c;1;1;1;ROOT;1;1201
plug-ins/metapost/render_metapost.c;1;1;1;artifact;1;39
plug-ins/metapost/render_metapost.c;1;HAVE_UNISTD_H;1 && HAVE_UNISTD_H;if;40;40
plug-ins/metapost/render_metapost.c;1;HAVE_UNISTD_H;1 && HAVE_UNISTD_H;artifact;41;41
plug-ins/metapost/render_metapost.c;1;HAVE_UNISTD_H;1 && HAVE_UNISTD_H;endif;42;42
plug-ins/metapost/render_metapost.c;1;1;1;artifact;43;451
plug-ins/metapost/render_metapost.c;1;0;1 && 0;if;452;452
plug-ins/metapost/render_metapost.c;1;0;1 && 0;artifact;453;453
plug-ins/metapost/render_metapost.c;1;0;1 && 0;endif;454;454
plug-ins/metapost/render_metapost.c;1;1;1;artifact;455;888
plug-ins/metapost/render_metapost.c;1;0;1 && 0;if;889;889
plug-ins/metapost/render_metapost.c;1;0;1 && 0;artifact;890;898
plug-ins/metapost/render_metapost.c;1;0;1 && 0;endif;899;899
plug-ins/metapost/render_metapost.c;1;1;1;artifact;900;1200
plug-ins/metapost/render_metapost.h;1;1;1;ROOT;1;84
plug-ins/metapost/render_metapost.h;1;1;1;artifact;1;23
plug-ins/metapost/render_metapost.h;1;!RENDER_METAPOST_H;1 && !RENDER_METAPOST_H;if;24;24
plug-ins/metapost/render_metapost.h;1;!RENDER_METAPOST_H;1 && !RENDER_METAPOST_H;artifact;25;80
plug-ins/metapost/render_metapost.h;1;!RENDER_METAPOST_H;1 && !RENDER_METAPOST_H;endif;81;81
plug-ins/metapost/render_metapost.h;1;1;1;artifact;82;83
plug-ins/pdf/pdf-import.cpp;1;1;1;ROOT;1;940
plug-ins/pdf/pdf-import.cpp;1;1;1;artifact;1;161
plug-ins/pdf/pdf-import.cpp;1;(POPPLER_VERSION_MAJOR__GT__22 || POPPLER_VERSION_MAJOR__EQ__22) && (POPPLER_VERSION_MAJOR__GT__22 || POPPLER_VERSION_MINOR__GEQ__9);1 && (POPPLER_VERSION_MAJOR__GT__22 || POPPLER_VERSION_MAJOR__EQ__22) && (POPPLER_VERSION_MAJOR__GT__22 || POPPLER_VERSION_MINOR__GEQ__9);if;162;162
plug-ins/pdf/pdf-import.cpp;1;(POPPLER_VERSION_MAJOR__GT__22 || POPPLER_VERSION_MAJOR__EQ__22) && (POPPLER_VERSION_MAJOR__GT__22 || POPPLER_VERSION_MINOR__GEQ__9);1 && (POPPLER_VERSION_MAJOR__GT__22 || POPPLER_VERSION_MAJOR__EQ__22) && (POPPLER_VERSION_MAJOR__GT__22 || POPPLER_VERSION_MINOR__GEQ__9);artifact;163;164
plug-ins/pdf/pdf-import.cpp;1;!POPPLER_VERSION_MAJOR__GT__22 && (!POPPLER_VERSION_MAJOR__EQ__22 || !POPPLER_VERSION_MINOR__GEQ__9);!POPPLER_VERSION_MAJOR__GT__22 && (!POPPLER_VERSION_MAJOR__EQ__22 || !POPPLER_VERSION_MINOR__GEQ__9) && 1;else;165;165
plug-ins/pdf/pdf-import.cpp;1;!POPPLER_VERSION_MAJOR__GT__22 && (!POPPLER_VERSION_MAJOR__EQ__22 || !POPPLER_VERSION_MINOR__GEQ__9);!POPPLER_VERSION_MAJOR__GT__22 && (!POPPLER_VERSION_MAJOR__EQ__22 || !POPPLER_VERSION_MINOR__GEQ__9) && 1;artifact;166;167
plug-ins/pdf/pdf-import.cpp;1;!POPPLER_VERSION_MAJOR__GT__22 && (!POPPLER_VERSION_MAJOR__EQ__22 || !POPPLER_VERSION_MINOR__GEQ__9);!POPPLER_VERSION_MAJOR__GT__22 && (!POPPLER_VERSION_MAJOR__EQ__22 || !POPPLER_VERSION_MINOR__GEQ__9) && 1;endif;168;168
plug-ins/pdf/pdf-import.cpp;1;1;1;artifact;169;324
plug-ins/pdf/pdf-import.cpp;1;(POPPLER_VERSION_MAJOR__GT__22 || POPPLER_VERSION_MAJOR__EQ__22) && (POPPLER_VERSION_MAJOR__GT__22 || POPPLER_VERSION_MINOR__GEQ__6);1 && (POPPLER_VERSION_MAJOR__GT__22 || POPPLER_VERSION_MAJOR__EQ__22) && (POPPLER_VERSION_MAJOR__GT__22 || POPPLER_VERSION_MINOR__GEQ__6);if;325;325
plug-ins/pdf/pdf-import.cpp;1;(POPPLER_VERSION_MAJOR__GT__22 || POPPLER_VERSION_MAJOR__EQ__22) && (POPPLER_VERSION_MAJOR__GT__22 || POPPLER_VERSION_MINOR__GEQ__6);1 && (POPPLER_VERSION_MAJOR__GT__22 || POPPLER_VERSION_MAJOR__EQ__22) && (POPPLER_VERSION_MAJOR__GT__22 || POPPLER_VERSION_MINOR__GEQ__6);artifact;326;326
plug-ins/pdf/pdf-import.cpp;1;!POPPLER_VERSION_MAJOR__GT__22 && (!POPPLER_VERSION_MAJOR__EQ__22 || !POPPLER_VERSION_MINOR__GEQ__6);!POPPLER_VERSION_MAJOR__GT__22 && (!POPPLER_VERSION_MAJOR__EQ__22 || !POPPLER_VERSION_MINOR__GEQ__6) && 1;else;327;327
plug-ins/pdf/pdf-import.cpp;1;!POPPLER_VERSION_MAJOR__GT__22 && (!POPPLER_VERSION_MAJOR__EQ__22 || !POPPLER_VERSION_MINOR__GEQ__6);!POPPLER_VERSION_MAJOR__GT__22 && (!POPPLER_VERSION_MAJOR__EQ__22 || !POPPLER_VERSION_MINOR__GEQ__6) && 1;artifact;328;328
plug-ins/pdf/pdf-import.cpp;1;!POPPLER_VERSION_MAJOR__GT__22 && (!POPPLER_VERSION_MAJOR__EQ__22 || !POPPLER_VERSION_MINOR__GEQ__6);!POPPLER_VERSION_MAJOR__GT__22 && (!POPPLER_VERSION_MAJOR__EQ__22 || !POPPLER_VERSION_MINOR__GEQ__6) && 1;endif;329;329
plug-ins/pdf/pdf-import.cpp;1;1;1;artifact;330;333
plug-ins/pdf/pdf-import.cpp;1;(POPPLER_VERSION_MAJOR__GT__22 || POPPLER_VERSION_MAJOR__EQ__22) && (POPPLER_VERSION_MAJOR__GT__22 || POPPLER_VERSION_MINOR__GEQ__6);1 && (POPPLER_VERSION_MAJOR__GT__22 || POPPLER_VERSION_MAJOR__EQ__22) && (POPPLER_VERSION_MAJOR__GT__22 || POPPLER_VERSION_MINOR__GEQ__6);if;334;334
plug-ins/pdf/pdf-import.cpp;1;(POPPLER_VERSION_MAJOR__GT__22 || POPPLER_VERSION_MAJOR__EQ__22) && (POPPLER_VERSION_MAJOR__GT__22 || POPPLER_VERSION_MINOR__GEQ__6);1 && (POPPLER_VERSION_MAJOR__GT__22 || POPPLER_VERSION_MAJOR__EQ__22) && (POPPLER_VERSION_MAJOR__GT__22 || POPPLER_VERSION_MINOR__GEQ__6);artifact;335;335
plug-ins/pdf/pdf-import.cpp;1;!POPPLER_VERSION_MAJOR__GT__22 && (!POPPLER_VERSION_MAJOR__EQ__22 || !POPPLER_VERSION_MINOR__GEQ__6);!POPPLER_VERSION_MAJOR__GT__22 && (!POPPLER_VERSION_MAJOR__EQ__22 || !POPPLER_VERSION_MINOR__GEQ__6) && 1;else;336;336
plug-ins/pdf/pdf-import.cpp;1;!POPPLER_VERSION_MAJOR__GT__22 && (!POPPLER_VERSION_MAJOR__EQ__22 || !POPPLER_VERSION_MINOR__GEQ__6);!POPPLER_VERSION_MAJOR__GT__22 && (!POPPLER_VERSION_MAJOR__EQ__22 || !POPPLER_VERSION_MINOR__GEQ__6) && 1;artifact;337;337
plug-ins/pdf/pdf-import.cpp;1;!POPPLER_VERSION_MAJOR__GT__22 && (!POPPLER_VERSION_MAJOR__EQ__22 || !POPPLER_VERSION_MINOR__GEQ__6);!POPPLER_VERSION_MAJOR__GT__22 && (!POPPLER_VERSION_MAJOR__EQ__22 || !POPPLER_VERSION_MINOR__GEQ__6) && 1;endif;338;338
plug-ins/pdf/pdf-import.cpp;1;1;1;artifact;339;380
plug-ins/pdf/pdf-import.cpp;1;0;1 && 0;if;381;381
plug-ins/pdf/pdf-import.cpp;1;0;1 && 0;artifact;382;385
plug-ins/pdf/pdf-import.cpp;1;0;1 && 0;endif;386;386
plug-ins/pdf/pdf-import.cpp;1;1;1;artifact;387;736
plug-ins/pdf/pdf-import.cpp;1;(POPPLER_VERSION_MAJOR__GT__22 || POPPLER_VERSION_MAJOR__EQ__22) && (POPPLER_VERSION_MAJOR__GT__22 || POPPLER_VERSION_MINOR__GEQ__6);1 && (POPPLER_VERSION_MAJOR__GT__22 || POPPLER_VERSION_MAJOR__EQ__22) && (POPPLER_VERSION_MAJOR__GT__22 || POPPLER_VERSION_MINOR__GEQ__6);if;737;737
plug-ins/pdf/pdf-import.cpp;1;(POPPLER_VERSION_MAJOR__GT__22 || POPPLER_VERSION_MAJOR__EQ__22) && (POPPLER_VERSION_MAJOR__GT__22 || POPPLER_VERSION_MINOR__GEQ__6);1 && (POPPLER_VERSION_MAJOR__GT__22 || POPPLER_VERSION_MAJOR__EQ__22) && (POPPLER_VERSION_MAJOR__GT__22 || POPPLER_VERSION_MINOR__GEQ__6);artifact;738;738
plug-ins/pdf/pdf-import.cpp;1;!POPPLER_VERSION_MAJOR__GT__22 && (!POPPLER_VERSION_MAJOR__EQ__22 || !POPPLER_VERSION_MINOR__GEQ__6);!POPPLER_VERSION_MAJOR__GT__22 && (!POPPLER_VERSION_MAJOR__EQ__22 || !POPPLER_VERSION_MINOR__GEQ__6) && 1;else;739;739
plug-ins/pdf/pdf-import.cpp;1;!POPPLER_VERSION_MAJOR__GT__22 && (!POPPLER_VERSION_MAJOR__EQ__22 || !POPPLER_VERSION_MINOR__GEQ__6);!POPPLER_VERSION_MAJOR__GT__22 && (!POPPLER_VERSION_MAJOR__EQ__22 || !POPPLER_VERSION_MINOR__GEQ__6) && 1;artifact;740;740
plug-ins/pdf/pdf-import.cpp;1;!POPPLER_VERSION_MAJOR__GT__22 && (!POPPLER_VERSION_MAJOR__EQ__22 || !POPPLER_VERSION_MINOR__GEQ__6);!POPPLER_VERSION_MAJOR__GT__22 && (!POPPLER_VERSION_MAJOR__EQ__22 || !POPPLER_VERSION_MINOR__GEQ__6) && 1;endif;741;741
plug-ins/pdf/pdf-import.cpp;1;1;1;artifact;742;744
plug-ins/pdf/pdf-import.cpp;1;(POPPLER_VERSION_MAJOR__GT__22 || POPPLER_VERSION_MAJOR__EQ__22) && (POPPLER_VERSION_MAJOR__GT__22 || POPPLER_VERSION_MINOR__GEQ__6);1 && (POPPLER_VERSION_MAJOR__GT__22 || POPPLER_VERSION_MAJOR__EQ__22) && (POPPLER_VERSION_MAJOR__GT__22 || POPPLER_VERSION_MINOR__GEQ__6);if;745;745
plug-ins/pdf/pdf-import.cpp;1;(POPPLER_VERSION_MAJOR__GT__22 || POPPLER_VERSION_MAJOR__EQ__22) && (POPPLER_VERSION_MAJOR__GT__22 || POPPLER_VERSION_MINOR__GEQ__6);1 && (POPPLER_VERSION_MAJOR__GT__22 || POPPLER_VERSION_MAJOR__EQ__22) && (POPPLER_VERSION_MAJOR__GT__22 || POPPLER_VERSION_MINOR__GEQ__6);artifact;746;746
plug-ins/pdf/pdf-import.cpp;1;!POPPLER_VERSION_MAJOR__GT__22 && (!POPPLER_VERSION_MAJOR__EQ__22 || !POPPLER_VERSION_MINOR__GEQ__6);!POPPLER_VERSION_MAJOR__GT__22 && (!POPPLER_VERSION_MAJOR__EQ__22 || !POPPLER_VERSION_MINOR__GEQ__6) && 1;else;747;747
plug-ins/pdf/pdf-import.cpp;1;!POPPLER_VERSION_MAJOR__GT__22 && (!POPPLER_VERSION_MAJOR__EQ__22 || !POPPLER_VERSION_MINOR__GEQ__6);!POPPLER_VERSION_MAJOR__GT__22 && (!POPPLER_VERSION_MAJOR__EQ__22 || !POPPLER_VERSION_MINOR__GEQ__6) && 1;artifact;748;748
plug-ins/pdf/pdf-import.cpp;1;!POPPLER_VERSION_MAJOR__GT__22 && (!POPPLER_VERSION_MAJOR__EQ__22 || !POPPLER_VERSION_MINOR__GEQ__6);!POPPLER_VERSION_MAJOR__GT__22 && (!POPPLER_VERSION_MAJOR__EQ__22 || !POPPLER_VERSION_MINOR__GEQ__6) && 1;endif;749;749
plug-ins/pdf/pdf-import.cpp;1;1;1;artifact;750;752
plug-ins/pdf/pdf-import.cpp;1;(POPPLER_VERSION_MAJOR__GT__22 || POPPLER_VERSION_MAJOR__EQ__22) && (POPPLER_VERSION_MAJOR__GT__22 || POPPLER_VERSION_MINOR__GEQ__6);1 && (POPPLER_VERSION_MAJOR__GT__22 || POPPLER_VERSION_MAJOR__EQ__22) && (POPPLER_VERSION_MAJOR__GT__22 || POPPLER_VERSION_MINOR__GEQ__6);if;753;753
plug-ins/pdf/pdf-import.cpp;1;(POPPLER_VERSION_MAJOR__GT__22 || POPPLER_VERSION_MAJOR__EQ__22) && (POPPLER_VERSION_MAJOR__GT__22 || POPPLER_VERSION_MINOR__GEQ__6);1 && (POPPLER_VERSION_MAJOR__GT__22 || POPPLER_VERSION_MAJOR__EQ__22) && (POPPLER_VERSION_MAJOR__GT__22 || POPPLER_VERSION_MINOR__GEQ__6);artifact;754;754
plug-ins/pdf/pdf-import.cpp;1;!POPPLER_VERSION_MAJOR__GT__22 && (!POPPLER_VERSION_MAJOR__EQ__22 || !POPPLER_VERSION_MINOR__GEQ__6);!POPPLER_VERSION_MAJOR__GT__22 && (!POPPLER_VERSION_MAJOR__EQ__22 || !POPPLER_VERSION_MINOR__GEQ__6) && 1;else;755;755
plug-ins/pdf/pdf-import.cpp;1;!POPPLER_VERSION_MAJOR__GT__22 && (!POPPLER_VERSION_MAJOR__EQ__22 || !POPPLER_VERSION_MINOR__GEQ__6);!POPPLER_VERSION_MAJOR__GT__22 && (!POPPLER_VERSION_MAJOR__EQ__22 || !POPPLER_VERSION_MINOR__GEQ__6) && 1;artifact;756;756
plug-ins/pdf/pdf-import.cpp;1;!POPPLER_VERSION_MAJOR__GT__22 && (!POPPLER_VERSION_MAJOR__EQ__22 || !POPPLER_VERSION_MINOR__GEQ__6);!POPPLER_VERSION_MAJOR__GT__22 && (!POPPLER_VERSION_MAJOR__EQ__22 || !POPPLER_VERSION_MINOR__GEQ__6) && 1;endif;757;757
plug-ins/pdf/pdf-import.cpp;1;1;1;artifact;758;827
plug-ins/pdf/pdf-import.cpp;1;USE_IMAGE_CACHE;1 && USE_IMAGE_CACHE;if;828;828
plug-ins/pdf/pdf-import.cpp;1;USE_IMAGE_CACHE;1 && USE_IMAGE_CACHE;artifact;829;833
plug-ins/pdf/pdf-import.cpp;1;USE_IMAGE_CACHE;1 && USE_IMAGE_CACHE;endif;834;834
plug-ins/pdf/pdf-import.cpp;1;1;1;artifact;835;873
plug-ins/pdf/pdf-import.cpp;1;USE_IMAGE_CACHE;1 && USE_IMAGE_CACHE;if;874;874
plug-ins/pdf/pdf-import.cpp;1;USE_IMAGE_CACHE;1 && USE_IMAGE_CACHE;artifact;875;877
plug-ins/pdf/pdf-import.cpp;1;USE_IMAGE_CACHE;1 && USE_IMAGE_CACHE;endif;878;878
plug-ins/pdf/pdf-import.cpp;1;1;1;artifact;879;900
plug-ins/pdf/pdf-import.cpp;1;(POPPLER_VERSION_MAJOR__GT__22 || POPPLER_VERSION_MAJOR__EQ__22) && (POPPLER_VERSION_MAJOR__GT__22 || POPPLER_VERSION_MINOR__GEQ__6);1 && (POPPLER_VERSION_MAJOR__GT__22 || POPPLER_VERSION_MAJOR__EQ__22) && (POPPLER_VERSION_MAJOR__GT__22 || POPPLER_VERSION_MINOR__GEQ__6);if;901;901
plug-ins/pdf/pdf-import.cpp;1;(POPPLER_VERSION_MAJOR__GT__22 || POPPLER_VERSION_MAJOR__EQ__22) && (POPPLER_VERSION_MAJOR__GT__22 || POPPLER_VERSION_MINOR__GEQ__6);1 && (POPPLER_VERSION_MAJOR__GT__22 || POPPLER_VERSION_MAJOR__EQ__22) && (POPPLER_VERSION_MAJOR__GT__22 || POPPLER_VERSION_MINOR__GEQ__6);artifact;902;903
plug-ins/pdf/pdf-import.cpp;1;!POPPLER_VERSION_MAJOR__GT__22 && (!POPPLER_VERSION_MAJOR__EQ__22 || !POPPLER_VERSION_MINOR__GEQ__6);!POPPLER_VERSION_MAJOR__GT__22 && (!POPPLER_VERSION_MAJOR__EQ__22 || !POPPLER_VERSION_MINOR__GEQ__6) && 1;else;904;904
plug-ins/pdf/pdf-import.cpp;1;!POPPLER_VERSION_MAJOR__GT__22 && (!POPPLER_VERSION_MAJOR__EQ__22 || !POPPLER_VERSION_MINOR__GEQ__6);!POPPLER_VERSION_MAJOR__GT__22 && (!POPPLER_VERSION_MAJOR__EQ__22 || !POPPLER_VERSION_MINOR__GEQ__6) && 1;artifact;905;906
plug-ins/pdf/pdf-import.cpp;1;!POPPLER_VERSION_MAJOR__GT__22 && (!POPPLER_VERSION_MAJOR__EQ__22 || !POPPLER_VERSION_MINOR__GEQ__6);!POPPLER_VERSION_MAJOR__GT__22 && (!POPPLER_VERSION_MAJOR__EQ__22 || !POPPLER_VERSION_MINOR__GEQ__6) && 1;endif;907;907
plug-ins/pdf/pdf-import.cpp;1;1;1;artifact;908;939
plug-ins/pdf/pdf.c;1;1;1;ROOT;1;68
plug-ins/pdf/pdf.c;1;1;1;artifact;1;28
plug-ins/pdf/pdf.c;1;!HAVE_POPPLER;1 && !HAVE_POPPLER;if;29;29
plug-ins/pdf/pdf.c;1;!HAVE_POPPLER;1 && !HAVE_POPPLER;artifact;30;35
plug-ins/pdf/pdf.c;1;!HAVE_POPPLER;1 && !HAVE_POPPLER;endif;36;36
plug-ins/pdf/pdf.c;1;1;1;artifact;37;43
plug-ins/pdf/pdf.c;1;HAVE_POPPLER;1 && HAVE_POPPLER;if;44;44
plug-ins/pdf/pdf.c;1;HAVE_POPPLER;1 && HAVE_POPPLER;artifact;45;45
plug-ins/pdf/pdf.c;1;!HAVE_POPPLER;!HAVE_POPPLER && 1;else;46;46
plug-ins/pdf/pdf.c;1;!HAVE_POPPLER;!HAVE_POPPLER && 1;artifact;47;47
plug-ins/pdf/pdf.c;1;!HAVE_POPPLER;!HAVE_POPPLER && 1;endif;48;48
plug-ins/pdf/pdf.c;1;1;1;artifact;49;67
plug-ins/pgf/pgf.c;1;1;1;ROOT;1;39
plug-ins/pgf/pgf.c;1;1;1;artifact;1;38
plug-ins/pgf/render_pgf.c;1;1;1;ROOT;1;1451
plug-ins/pgf/render_pgf.c;1;1;1;artifact;1;60
plug-ins/pgf/render_pgf.c;1;HAVE_UNISTD_H;1 && HAVE_UNISTD_H;if;61;61
plug-ins/pgf/render_pgf.c;1;HAVE_UNISTD_H;1 && HAVE_UNISTD_H;artifact;62;62
plug-ins/pgf/render_pgf.c;1;HAVE_UNISTD_H;1 && HAVE_UNISTD_H;endif;63;63
plug-ins/pgf/render_pgf.c;1;1;1;artifact;64;1450
plug-ins/pgf/render_pgf.h;1;1;1;ROOT;1;71
plug-ins/pgf/render_pgf.h;1;1;1;artifact;1;22
plug-ins/pgf/render_pgf.h;1;!RENDER_PGF_H;1 && !RENDER_PGF_H;if;23;23
plug-ins/pgf/render_pgf.h;1;!RENDER_PGF_H;1 && !RENDER_PGF_H;artifact;24;67
plug-ins/pgf/render_pgf.h;1;!RENDER_PGF_H;1 && !RENDER_PGF_H;endif;68;68
plug-ins/pgf/render_pgf.h;1;1;1;artifact;69;70
plug-ins/pixbuf/pixbuf.c;1;1;1;ROOT;1;264
plug-ins/pixbuf/pixbuf.c;1;1;1;artifact;1;263
plug-ins/pstricks/pstricks.c;1;1;1;ROOT;1;39
plug-ins/pstricks/pstricks.c;1;1;1;artifact;1;38
plug-ins/pstricks/render_pstricks.c;1;1;1;ROOT;1;1076
plug-ins/pstricks/render_pstricks.c;1;1;1;artifact;1;49
plug-ins/pstricks/render_pstricks.c;1;HAVE_UNISTD_H;1 && HAVE_UNISTD_H;if;50;50
plug-ins/pstricks/render_pstricks.c;1;HAVE_UNISTD_H;1 && HAVE_UNISTD_H;artifact;51;51
plug-ins/pstricks/render_pstricks.c;1;HAVE_UNISTD_H;1 && HAVE_UNISTD_H;endif;52;52
plug-ins/pstricks/render_pstricks.c;1;1;1;artifact;53;1075
plug-ins/pstricks/render_pstricks.h;1;1;1;ROOT;1;71
plug-ins/pstricks/render_pstricks.h;1;1;1;artifact;1;22
plug-ins/pstricks/render_pstricks.h;1;!RENDER_PSTRICKS_H;1 && !RENDER_PSTRICKS_H;if;23;23
plug-ins/pstricks/render_pstricks.h;1;!RENDER_PSTRICKS_H;1 && !RENDER_PSTRICKS_H;artifact;24;67
plug-ins/pstricks/render_pstricks.h;1;!RENDER_PSTRICKS_H;1 && !RENDER_PSTRICKS_H;endif;68;68
plug-ins/pstricks/render_pstricks.h;1;1;1;artifact;69;70
plug-ins/python/diamodule.c;1;1;1;ROOT;1;677
plug-ins/python/diamodule.c;1;1;1;artifact;1;463
plug-ins/python/diamodule.c;1;1;1 && 1;if;464;464
plug-ins/python/diamodule.c;1;1;1 && 1;artifact;465;467
plug-ins/python/diamodule.c;1;1;1 && 1;endif;468;468
plug-ins/python/diamodule.c;1;1;1;artifact;469;676
plug-ins/python/pydia-color.c;1;1;1;ROOT;1;168
plug-ins/python/pydia-color.c;1;1;1;artifact;1;167
plug-ins/python/pydia-color.h;1;1;1;ROOT;1;18
plug-ins/python/pydia-color.h;1;!PYDIA_COLOR_H;1 && !PYDIA_COLOR_H;if;1;1
plug-ins/python/pydia-color.h;1;!PYDIA_COLOR_H;1 && !PYDIA_COLOR_H;artifact;2;15
plug-ins/python/pydia-color.h;1;!PYDIA_COLOR_H;1 && !PYDIA_COLOR_H;endif;16;16
plug-ins/python/pydia-color.h;1;1;1;artifact;17;17
plug-ins/python/pydia-cpoint.c;1;1;1;ROOT;1;142
plug-ins/python/pydia-cpoint.c;1;1;1;artifact;1;141
plug-ins/python/pydia-cpoint.h;1;1;1;ROOT;1;40
plug-ins/python/pydia-cpoint.h;1;1;1;artifact;1;19
plug-ins/python/pydia-cpoint.h;1;!PYDIA_CPOINT_H;1 && !PYDIA_CPOINT_H;if;20;20
plug-ins/python/pydia-cpoint.h;1;!PYDIA_CPOINT_H;1 && !PYDIA_CPOINT_H;artifact;21;37
plug-ins/python/pydia-cpoint.h;1;!PYDIA_CPOINT_H;1 && !PYDIA_CPOINT_H;endif;38;38
plug-ins/python/pydia-cpoint.h;1;1;1;artifact;39;39
plug-ins/python/pydia-diagram.c;1;1;1;ROOT;1;691
plug-ins/python/pydia-diagram.c;1;1;1;artifact;1;690
plug-ins/python/pydia-diagram.h;1;1;1;ROOT;1;40
plug-ins/python/pydia-diagram.h;1;1;1;artifact;1;39
plug-ins/python/pydia-diagramdata.c;1;1;1;ROOT;1;490
plug-ins/python/pydia-diagramdata.c;1;1;1;artifact;1;489
plug-ins/python/pydia-diagramdata.h;1;1;1;ROOT;1;18
plug-ins/python/pydia-diagramdata.h;1;!PYDIA_DIAGRAMDATA_H;1 && !PYDIA_DIAGRAMDATA_H;if;1;1
plug-ins/python/pydia-diagramdata.h;1;!PYDIA_DIAGRAMDATA_H;1 && !PYDIA_DIAGRAMDATA_H;artifact;2;15
plug-ins/python/pydia-diagramdata.h;1;!PYDIA_DIAGRAMDATA_H;1 && !PYDIA_DIAGRAMDATA_H;endif;16;16
plug-ins/python/pydia-diagramdata.h;1;1;1;artifact;17;17
plug-ins/python/pydia-display.c;1;1;1;ROOT;1;304
plug-ins/python/pydia-display.c;1;1;1;artifact;1;303
plug-ins/python/pydia-display.h;1;1;1;ROOT;1;39
plug-ins/python/pydia-display.h;1;1;1;artifact;1;19
plug-ins/python/pydia-display.h;1;!PYDIA_DISPLAY_H;1 && !PYDIA_DISPLAY_H;if;20;20
plug-ins/python/pydia-display.h;1;!PYDIA_DISPLAY_H;1 && !PYDIA_DISPLAY_H;artifact;21;36
plug-ins/python/pydia-display.h;1;!PYDIA_DISPLAY_H;1 && !PYDIA_DISPLAY_H;endif;37;37
plug-ins/python/pydia-display.h;1;1;1;artifact;38;38
plug-ins/python/pydia-error.c;1;1;1;ROOT;1;198
plug-ins/python/pydia-error.c;1;1;1;artifact;1;197
plug-ins/python/pydia-error.h;1;1;1;ROOT;1;26
plug-ins/python/pydia-error.h;1;!PYDIA_ERROR_H;1 && !PYDIA_ERROR_H;if;1;1
plug-ins/python/pydia-error.h;1;!PYDIA_ERROR_H;1 && !PYDIA_ERROR_H;artifact;2;23
plug-ins/python/pydia-error.h;1;!PYDIA_ERROR_H;1 && !PYDIA_ERROR_H;endif;24;24
plug-ins/python/pydia-error.h;1;1;1;artifact;25;25
plug-ins/python/pydia-export.c;1;1;1;ROOT;1;130
plug-ins/python/pydia-export.c;1;1;1;artifact;1;129
plug-ins/python/pydia-export.h;1;1;1;ROOT;1;24
plug-ins/python/pydia-export.h;1;!PYDIA_EXPORT_H;1 && !PYDIA_EXPORT_H;if;1;1
plug-ins/python/pydia-export.h;1;!PYDIA_EXPORT_H;1 && !PYDIA_EXPORT_H;artifact;2;21
plug-ins/python/pydia-export.h;1;!PYDIA_EXPORT_H;1 && !PYDIA_EXPORT_H;endif;22;22
plug-ins/python/pydia-export.h;1;1;1;artifact;23;23
plug-ins/python/pydia-font.c;1;1;1;ROOT;1;217
plug-ins/python/pydia-font.c;1;1;1;artifact;1;216
plug-ins/python/pydia-font.h;1;1;1;ROOT;1;18
plug-ins/python/pydia-font.h;1;!PYDIA_FONT_H;1 && !PYDIA_FONT_H;if;1;1
plug-ins/python/pydia-font.h;1;!PYDIA_FONT_H;1 && !PYDIA_FONT_H;artifact;2;15
plug-ins/python/pydia-font.h;1;!PYDIA_FONT_H;1 && !PYDIA_FONT_H;endif;16;16
plug-ins/python/pydia-font.h;1;1;1;artifact;17;17
plug-ins/python/pydia-geometry.c;1;1;1;ROOT;1;794
plug-ins/python/pydia-geometry.c;1;1;1;artifact;1;454
plug-ins/python/pydia-geometry.c;1;!_DEBUG;1 && !_DEBUG;if;455;455
plug-ins/python/pydia-geometry.c;1;!_DEBUG;1 && !_DEBUG;artifact;456;458
plug-ins/python/pydia-geometry.c;1;_DEBUG;_DEBUG && 1;else;459;459
plug-ins/python/pydia-geometry.c;1;_DEBUG;_DEBUG && 1;artifact;460;462
plug-ins/python/pydia-geometry.c;1;_DEBUG;_DEBUG && 1;endif;463;463
plug-ins/python/pydia-geometry.c;1;1;1;artifact;464;478
plug-ins/python/pydia-geometry.c;1;!_DEBUG;1 && !_DEBUG;if;479;479
plug-ins/python/pydia-geometry.c;1;!_DEBUG;1 && !_DEBUG;artifact;480;484
plug-ins/python/pydia-geometry.c;1;_DEBUG;_DEBUG && 1;else;485;485
plug-ins/python/pydia-geometry.c;1;_DEBUG;_DEBUG && 1;artifact;486;490
plug-ins/python/pydia-geometry.c;1;_DEBUG;_DEBUG && 1;endif;491;491
plug-ins/python/pydia-geometry.c;1;1;1;artifact;492;504
plug-ins/python/pydia-geometry.c;1;0;1 && 0;if;505;506
plug-ins/python/pydia-geometry.c;1;0;1 && 0;artifact;507;512
plug-ins/python/pydia-geometry.c;1;1;1 && 1;else;513;513
plug-ins/python/pydia-geometry.c;1;1;1 && 1;artifact;514;516
plug-ins/python/pydia-geometry.c;1;1;1 && 1;endif;517;517
plug-ins/python/pydia-geometry.c;1;1;1;artifact;518;793
plug-ins/python/pydia-geometry.h;1;1;1;ROOT;1;59
plug-ins/python/pydia-geometry.h;1;!PYDIA_GEOMETRY_H;1 && !PYDIA_GEOMETRY_H;if;1;1
plug-ins/python/pydia-geometry.h;1;!PYDIA_GEOMETRY_H;1 && !PYDIA_GEOMETRY_H;artifact;2;56
plug-ins/python/pydia-geometry.h;1;!PYDIA_GEOMETRY_H;1 && !PYDIA_GEOMETRY_H;endif;57;57
plug-ins/python/pydia-geometry.h;1;1;1;artifact;58;58
plug-ins/python/pydia-handle.c;1;1;1;ROOT;1;166
plug-ins/python/pydia-handle.c;1;1;1;artifact;1;165
plug-ins/python/pydia-handle.h;1;1;1;ROOT;1;40
plug-ins/python/pydia-handle.h;1;1;1;artifact;1;19
plug-ins/python/pydia-handle.h;1;!PYDIA_HANDLE_H;1 && !PYDIA_HANDLE_H;if;20;20
plug-ins/python/pydia-handle.h;1;!PYDIA_HANDLE_H;1 && !PYDIA_HANDLE_H;artifact;21;37
plug-ins/python/pydia-handle.h;1;!PYDIA_HANDLE_H;1 && !PYDIA_HANDLE_H;endif;38;38
plug-ins/python/pydia-handle.h;1;1;1;artifact;39;39
plug-ins/python/pydia-image.c;1;1;1;ROOT;1;226
plug-ins/python/pydia-image.c;1;1;1;artifact;1;225
plug-ins/python/pydia-image.h;1;1;1;ROOT;1;18
plug-ins/python/pydia-image.h;1;!PYDIA_IMAGE_H;1 && !PYDIA_IMAGE_H;if;1;1
plug-ins/python/pydia-image.h;1;!PYDIA_IMAGE_H;1 && !PYDIA_IMAGE_H;artifact;2;15
plug-ins/python/pydia-image.h;1;!PYDIA_IMAGE_H;1 && !PYDIA_IMAGE_H;endif;16;16
plug-ins/python/pydia-image.h;1;1;1;artifact;17;17
plug-ins/python/pydia-layer.c;1;1;1;ROOT;1;375
plug-ins/python/pydia-layer.c;1;1;1;artifact;1;374
plug-ins/python/pydia-layer.h;1;1;1;ROOT;1;39
plug-ins/python/pydia-layer.h;1;1;1;artifact;1;19
plug-ins/python/pydia-layer.h;1;!PYDIA_LAYER_H;1 && !PYDIA_LAYER_H;if;20;20
plug-ins/python/pydia-layer.h;1;!PYDIA_LAYER_H;1 && !PYDIA_LAYER_H;artifact;21;36
plug-ins/python/pydia-layer.h;1;!PYDIA_LAYER_H;1 && !PYDIA_LAYER_H;endif;37;37
plug-ins/python/pydia-layer.h;1;1;1;artifact;38;38
plug-ins/python/pydia-menuitem.c;1;1;1;ROOT;1;194
plug-ins/python/pydia-menuitem.c;1;1;1;artifact;1;193
plug-ins/python/pydia-menuitem.h;1;1;1;ROOT;1;19
plug-ins/python/pydia-menuitem.h;1;!PYDIA_MENUITEM_H;1 && !PYDIA_MENUITEM_H;if;1;1
plug-ins/python/pydia-menuitem.h;1;!PYDIA_MENUITEM_H;1 && !PYDIA_MENUITEM_H;artifact;2;16
plug-ins/python/pydia-menuitem.h;1;!PYDIA_MENUITEM_H;1 && !PYDIA_MENUITEM_H;endif;17;17
plug-ins/python/pydia-menuitem.h;1;1;1;artifact;18;18
plug-ins/python/pydia-object.c;1;1;1;ROOT;1;555
plug-ins/python/pydia-object.c;1;1;1;artifact;1;554
plug-ins/python/pydia-object.h;1;1;1;ROOT;1;48
plug-ins/python/pydia-object.h;1;1;1;artifact;1;19
plug-ins/python/pydia-object.h;1;!PYDIA_OBJECT_H;1 && !PYDIA_OBJECT_H;if;20;20
plug-ins/python/pydia-object.h;1;!PYDIA_OBJECT_H;1 && !PYDIA_OBJECT_H;artifact;21;45
plug-ins/python/pydia-object.h;1;!PYDIA_OBJECT_H;1 && !PYDIA_OBJECT_H;endif;46;46
plug-ins/python/pydia-object.h;1;1;1;artifact;47;47
plug-ins/python/pydia-paperinfo.c;1;1;1;ROOT;1;202
plug-ins/python/pydia-paperinfo.c;1;1;1;artifact;1;201
plug-ins/python/pydia-paperinfo.h;1;1;1;ROOT;1;19
plug-ins/python/pydia-paperinfo.h;1;!PYDIA_PAPERINFO_H;1 && !PYDIA_PAPERINFO_H;if;1;1
plug-ins/python/pydia-paperinfo.h;1;!PYDIA_PAPERINFO_H;1 && !PYDIA_PAPERINFO_H;artifact;2;16
plug-ins/python/pydia-paperinfo.h;1;!PYDIA_PAPERINFO_H;1 && !PYDIA_PAPERINFO_H;endif;17;17
plug-ins/python/pydia-paperinfo.h;1;1;1;artifact;18;18
plug-ins/python/pydia-properties.c;1;1;1;ROOT;1;359
plug-ins/python/pydia-properties.c;1;1;1;artifact;1;358
plug-ins/python/pydia-properties.h;1;1;1;ROOT;1;31
plug-ins/python/pydia-properties.h;1;!PYDIA_PROPERTIES_H;1 && !PYDIA_PROPERTIES_H;if;1;1
plug-ins/python/pydia-properties.h;1;!PYDIA_PROPERTIES_H;1 && !PYDIA_PROPERTIES_H;artifact;2;28
plug-ins/python/pydia-properties.h;1;!PYDIA_PROPERTIES_H;1 && !PYDIA_PROPERTIES_H;endif;29;29
plug-ins/python/pydia-properties.h;1;1;1;artifact;30;30
plug-ins/python/pydia-property.c;1;1;1;ROOT;1;1243
plug-ins/python/pydia-property.c;1;1;1;artifact;1;1242
plug-ins/python/pydia-render.c;1;1;1;ROOT;1;1321
plug-ins/python/pydia-render.c;1;1;1;artifact;1;1320
plug-ins/python/pydia-render.h;1;1;1;ROOT;1;3
plug-ins/python/pydia-render.h;1;1;1;artifact;1;2
plug-ins/python/pydia-sheet.c;1;1;1;ROOT;1;169
plug-ins/python/pydia-sheet.c;1;1;1;artifact;1;168
plug-ins/python/pydia-sheet.h;1;1;1;ROOT;1;18
plug-ins/python/pydia-sheet.h;1;!PYDIA_SHEET_H;1 && !PYDIA_SHEET_H;if;1;1
plug-ins/python/pydia-sheet.h;1;!PYDIA_SHEET_H;1 && !PYDIA_SHEET_H;artifact;2;15
plug-ins/python/pydia-sheet.h;1;!PYDIA_SHEET_H;1 && !PYDIA_SHEET_H;endif;16;16
plug-ins/python/pydia-sheet.h;1;1;1;artifact;17;17
plug-ins/python/pydia-text.c;1;1;1;ROOT;1;210
plug-ins/python/pydia-text.c;1;1;1;artifact;1;209
plug-ins/python/pydia-text.h;1;1;1;ROOT;1;19
plug-ins/python/pydia-text.h;1;!PYDIA_TEXT_H;1 && !PYDIA_TEXT_H;if;1;1
plug-ins/python/pydia-text.h;1;!PYDIA_TEXT_H;1 && !PYDIA_TEXT_H;artifact;2;16
plug-ins/python/pydia-text.h;1;!PYDIA_TEXT_H;1 && !PYDIA_TEXT_H;endif;17;17
plug-ins/python/pydia-text.h;1;1;1;artifact;18;18
plug-ins/python/pydia.h;1;1;1;ROOT;1;35
plug-ins/python/pydia.h;1;1;1;artifact;1;34
plug-ins/python/python.c;1;1;1;ROOT;1;209
plug-ins/python/python.c;1;1;1;artifact;1;43
plug-ins/python/python.c;1;!G_OS_WIN32;1 && !G_OS_WIN32;if;44;44
plug-ins/python/python.c;1;!G_OS_WIN32;1 && !G_OS_WIN32;artifact;45;45
plug-ins/python/python.c;1;G_OS_WIN32;G_OS_WIN32 && 1;else;46;46
plug-ins/python/python.c;1;G_OS_WIN32;G_OS_WIN32 && 1;artifact;47;61
plug-ins/python/python.c;1;G_OS_WIN32;G_OS_WIN32 && 1;endif;62;62
plug-ins/python/python.c;1;1;1;artifact;63;133
plug-ins/python/python.c;1;G_OS_WIN32;1 && G_OS_WIN32;if;134;134
plug-ins/python/python.c;1;G_OS_WIN32;1 && G_OS_WIN32;artifact;135;135
plug-ins/python/python.c;1;G_OS_WIN32;1 && G_OS_WIN32;endif;136;136
plug-ins/python/python.c;1;1;1;artifact;137;152
plug-ins/python/python.c;1;DEFINED___LB__G_OS_WIN32__RB__ && PY_VERSION_HEX__GEQ__0x02040000;1 && DEFINED___LB__G_OS_WIN32__RB__ && PY_VERSION_HEX__GEQ__0x02040000;if;153;153
plug-ins/python/python.c;1;DEFINED___LB__G_OS_WIN32__RB__ && PY_VERSION_HEX__GEQ__0x02040000;1 && DEFINED___LB__G_OS_WIN32__RB__ && PY_VERSION_HEX__GEQ__0x02040000;artifact;154;183
plug-ins/python/python.c;1;!DEFINED___LB__G_OS_WIN32__RB__ || !PY_VERSION_HEX__GEQ__0x02040000;(!DEFINED___LB__G_OS_WIN32__RB__ || !PY_VERSION_HEX__GEQ__0x02040000) && 1;else;184;184
plug-ins/python/python.c;1;!DEFINED___LB__G_OS_WIN32__RB__ || !PY_VERSION_HEX__GEQ__0x02040000;(!DEFINED___LB__G_OS_WIN32__RB__ || !PY_VERSION_HEX__GEQ__0x02040000) && 1;artifact;185;191
plug-ins/python/python.c;1;!DEFINED___LB__G_OS_WIN32__RB__ || !PY_VERSION_HEX__GEQ__0x02040000;(!DEFINED___LB__G_OS_WIN32__RB__ || !PY_VERSION_HEX__GEQ__0x02040000) && 1;endif;192;192
plug-ins/python/python.c;1;1;1;artifact;193;208
plug-ins/shape/shape-export.c;1;1;1;ROOT;1;672
plug-ins/shape/shape-export.c;1;1;1;artifact;1;34
plug-ins/shape/shape-export.c;1;HAVE_UNISTD_H;1 && HAVE_UNISTD_H;if;35;35
plug-ins/shape/shape-export.c;1;HAVE_UNISTD_H;1 && HAVE_UNISTD_H;artifact;36;36
plug-ins/shape/shape-export.c;1;HAVE_UNISTD_H;1 && HAVE_UNISTD_H;endif;37;37
plug-ins/shape/shape-export.c;1;1;1;artifact;38;671
plug-ins/shape/shape.c;1;1;1;ROOT;1;47
plug-ins/shape/shape.c;1;1;1;artifact;1;46
plug-ins/stress/stress-memory.c;1;1;1;ROOT;1;134
plug-ins/stress/stress-memory.c;1;1;1;artifact;1;23
plug-ins/stress/stress-memory.c;1;G_OS_WIN32;1 && G_OS_WIN32;if;24;24
plug-ins/stress/stress-memory.c;1;G_OS_WIN32;1 && G_OS_WIN32;artifact;25;26
plug-ins/stress/stress-memory.c;1;G_OS_WIN32;1 && G_OS_WIN32;endif;27;27
plug-ins/stress/stress-memory.c;1;1;1;artifact;28;33
plug-ins/stress/stress-memory.c;1;G_OS_WIN32;1 && G_OS_WIN32;if;34;34
plug-ins/stress/stress-memory.c;1;G_OS_WIN32;1 && G_OS_WIN32;artifact;35;41
plug-ins/stress/stress-memory.c;1;!G_OS_WIN32;!G_OS_WIN32 && 1;else;42;42
plug-ins/stress/stress-memory.c;1;!G_OS_WIN32;!G_OS_WIN32 && 1;artifact;43;43
plug-ins/stress/stress-memory.c;1;!G_OS_WIN32;!G_OS_WIN32 && 1;endif;44;44
plug-ins/stress/stress-memory.c;1;1;1;artifact;45;57
plug-ins/stress/stress-memory.c;1;G_OS_WIN32;1 && G_OS_WIN32;if;58;58
plug-ins/stress/stress-memory.c;1;G_OS_WIN32;1 && G_OS_WIN32;artifact;59;104
plug-ins/stress/stress-memory.c;1;!G_OS_WIN32;!G_OS_WIN32 && 1;else;105;105
plug-ins/stress/stress-memory.c;1;!G_OS_WIN32;!G_OS_WIN32 && 1;artifact;106;106
plug-ins/stress/stress-memory.c;1;!G_OS_WIN32;!G_OS_WIN32 && 1;endif;107;107
plug-ins/stress/stress-memory.c;1;1;1;artifact;108;114
plug-ins/stress/stress-memory.c;1;G_OS_WIN32;1 && G_OS_WIN32;if;115;115
plug-ins/stress/stress-memory.c;1;G_OS_WIN32;1 && G_OS_WIN32;artifact;116;117
plug-ins/stress/stress-memory.c;1;!G_OS_WIN32;!G_OS_WIN32 && 1;else;118;118
plug-ins/stress/stress-memory.c;1;!G_OS_WIN32;!G_OS_WIN32 && 1;artifact;119;119
plug-ins/stress/stress-memory.c;1;!G_OS_WIN32;!G_OS_WIN32 && 1;endif;120;120
plug-ins/stress/stress-memory.c;1;1;1;artifact;121;133
plug-ins/stress/stress-memory.h;1;1;1;ROOT;1;9
plug-ins/stress/stress-memory.h;1;1;1;artifact;1;8
plug-ins/stress/stress.c;1;1;1;ROOT;1;100
plug-ins/stress/stress.c;1;1;1;artifact;1;99
plug-ins/svg/render_svg.c;1;1;1;ROOT;1;708
plug-ins/svg/render_svg.c;1;1;1;artifact;1;30
plug-ins/svg/render_svg.c;1;HAVE_UNISTD_H;1 && HAVE_UNISTD_H;if;31;31
plug-ins/svg/render_svg.c;1;HAVE_UNISTD_H;1 && HAVE_UNISTD_H;artifact;32;32
plug-ins/svg/render_svg.c;1;HAVE_UNISTD_H;1 && HAVE_UNISTD_H;endif;33;33
plug-ins/svg/render_svg.c;1;1;1;artifact;34;460
plug-ins/svg/render_svg.c;1;0;1 && 0;if;461;461
plug-ins/svg/render_svg.c;1;0;1 && 0;artifact;462;465
plug-ins/svg/render_svg.c;1;1;1 && 1;else;466;466
plug-ins/svg/render_svg.c;1;1;1 && 1;artifact;467;469
plug-ins/svg/render_svg.c;1;1;1 && 1;endif;470;470
plug-ins/svg/render_svg.c;1;1;1;artifact;471;707
plug-ins/svg/svg-import.c;1;1;1;ROOT;1;2290
plug-ins/svg/svg-import.c;1;1;1;artifact;1;1614
plug-ins/svg/svg-import.c;1;0;1 && 0;if;1615;1615
plug-ins/svg/svg-import.c;1;0;1 && 0;artifact;1616;1621
plug-ins/svg/svg-import.c;1;0;1 && 0;endif;1622;1622
plug-ins/svg/svg-import.c;1;1;1;artifact;1623;2162
plug-ins/svg/svg-import.c;1;0;1 && 0;if;2163;2163
plug-ins/svg/svg-import.c;1;0;1 && 0;artifact;2164;2165
plug-ins/svg/svg-import.c;1;1;1 && 1;else;2166;2166
plug-ins/svg/svg-import.c;1;1;1 && 1;artifact;2167;2167
plug-ins/svg/svg-import.c;1;1;1 && 1;endif;2168;2168
plug-ins/svg/svg-import.c;1;1;1;artifact;2169;2289
plug-ins/svg/svg.c;1;1;1;ROOT;1;73
plug-ins/svg/svg.c;1;1;1;artifact;1;72
plug-ins/vdx/vdx-common.c;1;1;1;ROOT;1;142
plug-ins/vdx/vdx-common.c;1;1;1;artifact;1;141
plug-ins/vdx/vdx-export.c;1;1;1;ROOT;1;2168
plug-ins/vdx/vdx-export.c;1;1;1;artifact;1;1856
plug-ins/vdx/vdx-export.c;1;0;1 && 0;if;1857;1857
plug-ins/vdx/vdx-export.c;1;0;1 && 0;artifact;1858;2115
plug-ins/vdx/vdx-export.c;1;0;1 && 0;endif;2116;2116
plug-ins/vdx/vdx-export.c;1;1;1;artifact;2117;2167
plug-ins/vdx/vdx-import.c;1;1;1;ROOT;1;3069
plug-ins/vdx/vdx-import.c;1;1;1;artifact;1;2326
plug-ins/vdx/vdx-import.c;1;0;1 && 0;if;2327;2327
plug-ins/vdx/vdx-import.c;1;0;1 && 0;artifact;2328;2333
plug-ins/vdx/vdx-import.c;1;1;1 && 1;else;2334;2334
plug-ins/vdx/vdx-import.c;1;1;1 && 1;artifact;2335;2348
plug-ins/vdx/vdx-import.c;1;1;1 && 1;endif;2349;2349
plug-ins/vdx/vdx-import.c;1;1;1;artifact;2350;3068
plug-ins/vdx/vdx-xml.c;1;1;1;ROOT;1;5211
plug-ins/vdx/vdx-xml.c;1;1;1;artifact;1;4033
plug-ins/vdx/vdx-xml.c;1;0;1 && 0;if;4034;4034
plug-ins/vdx/vdx-xml.c;1;0;1 && 0;artifact;4035;4037
plug-ins/vdx/vdx-xml.c;1;1;1 && 1;else;4038;4038
plug-ins/vdx/vdx-xml.c;1;1;1 && 1;artifact;4039;4041
plug-ins/vdx/vdx-xml.c;1;1;1 && 1;endif;4042;4042
plug-ins/vdx/vdx-xml.c;1;1;1;artifact;4043;5210
plug-ins/vdx/vdx.c;1;1;1;ROOT;1;68
plug-ins/vdx/vdx.c;1;1;1;artifact;1;67
plug-ins/vdx/vdx.h;1;1;1;ROOT;1;97
plug-ins/vdx/vdx.h;1;1;1;artifact;1;26
plug-ins/vdx/vdx.h;1;!VISIO_H;1 && !VISIO_H;if;27;27
plug-ins/vdx/vdx.h;1;!VISIO_H;1 && !VISIO_H;artifact;28;94
plug-ins/vdx/vdx.h;1;!VISIO_H;1 && !VISIO_H;endif;95;95
plug-ins/vdx/vdx.h;1;1;1;artifact;96;96
plug-ins/vdx/visio-types.h;1;1;1;ROOT;1;1213
plug-ins/vdx/visio-types.h;1;1;1;artifact;1;1212
plug-ins/wmf/paginate_gdiprint.cpp;1;1;1;ROOT;1;231
plug-ins/wmf/paginate_gdiprint.cpp;1;1;1;artifact;1;37
plug-ins/wmf/paginate_gdiprint.cpp;1;1;1 && 1;if;38;38
plug-ins/wmf/paginate_gdiprint.cpp;1;1;1 && 1;artifact;39;45
plug-ins/wmf/paginate_gdiprint.cpp;1;1;1 && 1;endif;46;46
plug-ins/wmf/paginate_gdiprint.cpp;1;1;1;artifact;47;230
plug-ins/wmf/paginate_gdiprint.h;1;1;1;ROOT;1;10
plug-ins/wmf/paginate_gdiprint.h;1;!_PAGINATE_GDIPRINT_H;1 && !_PAGINATE_GDIPRINT_H;if;1;1
plug-ins/wmf/paginate_gdiprint.h;1;!_PAGINATE_GDIPRINT_H;1 && !_PAGINATE_GDIPRINT_H;artifact;2;7
plug-ins/wmf/paginate_gdiprint.h;1;!_PAGINATE_GDIPRINT_H;1 && !_PAGINATE_GDIPRINT_H;endif;8;8
plug-ins/wmf/paginate_gdiprint.h;1;1;1;artifact;9;9
plug-ins/wmf/wmf.cpp;1;1;1;ROOT;1;1615
plug-ins/wmf/wmf.cpp;1;1;1;artifact;1;42
plug-ins/wmf/wmf.cpp;1;DEFINED_HAVE_WINDOWS_H || DEFINED_G_OS_WIN32;1 && (DEFINED_HAVE_WINDOWS_H || DEFINED_G_OS_WIN32);if;43;43
plug-ins/wmf/wmf.cpp;1;_MSC_VER;1 && (DEFINED_HAVE_WINDOWS_H || DEFINED_G_OS_WIN32) && _MSC_VER;if;44;44
plug-ins/wmf/wmf.cpp;1;!_DLL;1 && (DEFINED_HAVE_WINDOWS_H || DEFINED_G_OS_WIN32) && _MSC_VER && !_DLL;if;45;45
plug-ins/wmf/wmf.cpp;1;!_DLL;1 && (DEFINED_HAVE_WINDOWS_H || DEFINED_G_OS_WIN32) && _MSC_VER && !_DLL;artifact;46;46
plug-ins/wmf/wmf.cpp;1;!_DLL;1 && (DEFINED_HAVE_WINDOWS_H || DEFINED_G_OS_WIN32) && _MSC_VER && !_DLL;endif;47;47
plug-ins/wmf/wmf.cpp;1;_MSC_VER;1 && (DEFINED_HAVE_WINDOWS_H || DEFINED_G_OS_WIN32) && _MSC_VER;endif;48;48
plug-ins/wmf/wmf.cpp;1;DEFINED_HAVE_WINDOWS_H || DEFINED_G_OS_WIN32;1 && (DEFINED_HAVE_WINDOWS_H || DEFINED_G_OS_WIN32);artifact;49;62
plug-ins/wmf/wmf.cpp;1;DEFINED___LB__HAVE_LIBEMF__RB__ && !DEFINED_HAVE_WINDOWS_H && !DEFINED_G_OS_WIN32;DEFINED___LB__HAVE_LIBEMF__RB__ && !DEFINED_HAVE_WINDOWS_H && !DEFINED_G_OS_WIN32 && 1;elif;63;63
plug-ins/wmf/wmf.cpp;1;DEFINED___LB__HAVE_LIBEMF__RB__ && !DEFINED_HAVE_WINDOWS_H && !DEFINED_G_OS_WIN32;DEFINED___LB__HAVE_LIBEMF__RB__ && !DEFINED_HAVE_WINDOWS_H && !DEFINED_G_OS_WIN32 && 1;artifact;64;71
plug-ins/wmf/wmf.cpp;1;!DEFINED___LB__HAVE_LIBEMF__RB__ && !DEFINED_HAVE_WINDOWS_H && !DEFINED_G_OS_WIN32;!DEFINED___LB__HAVE_LIBEMF__RB__ && !DEFINED_HAVE_WINDOWS_H && !DEFINED_G_OS_WIN32 && 1;else;72;72
plug-ins/wmf/wmf.cpp;1;!DEFINED___LB__HAVE_LIBEMF__RB__ && !DEFINED_HAVE_WINDOWS_H && !DEFINED_G_OS_WIN32;!DEFINED___LB__HAVE_LIBEMF__RB__ && !DEFINED_HAVE_WINDOWS_H && !DEFINED_G_OS_WIN32 && 1;artifact;73;74
plug-ins/wmf/wmf.cpp;1;!DEFINED___LB__HAVE_LIBEMF__RB__ && !DEFINED_HAVE_WINDOWS_H && !DEFINED_G_OS_WIN32;!DEFINED___LB__HAVE_LIBEMF__RB__ && !DEFINED_HAVE_WINDOWS_H && !DEFINED_G_OS_WIN32 && 1;endif;75;75
plug-ins/wmf/wmf.cpp;1;1;1;artifact;76;76
plug-ins/wmf/wmf.cpp;1;G_OS_WIN32;1 && G_OS_WIN32;if;77;77
plug-ins/wmf/wmf.cpp;1;G_OS_WIN32;1 && G_OS_WIN32;artifact;78;79
plug-ins/wmf/wmf.cpp;1;G_OS_WIN32;1 && G_OS_WIN32;endif;80;80
plug-ins/wmf/wmf.cpp;1;1;1;artifact;81;179
plug-ins/wmf/wmf.cpp;1;DEFINED___LB__G_OS_WIN32__RB__ || DEFINED___LB__HAVE_LIBEMF__RB__;1 && (DEFINED___LB__G_OS_WIN32__RB__ || DEFINED___LB__HAVE_LIBEMF__RB__);if;180;180
plug-ins/wmf/wmf.cpp;1;DEFINED___LB__G_OS_WIN32__RB__ || DEFINED___LB__HAVE_LIBEMF__RB__;1 && (DEFINED___LB__G_OS_WIN32__RB__ || DEFINED___LB__HAVE_LIBEMF__RB__);artifact;181;224
plug-ins/wmf/wmf.cpp;1;DEFINED___LB__G_OS_WIN32__RB__ || DEFINED___LB__HAVE_LIBEMF__RB__;1 && (DEFINED___LB__G_OS_WIN32__RB__ || DEFINED___LB__HAVE_LIBEMF__RB__);endif;225;225
plug-ins/wmf/wmf.cpp;1;1;1;artifact;226;251
plug-ins/wmf/wmf.cpp;1;!HAVE_LIBEMF;1 && !HAVE_LIBEMF;if;252;252
plug-ins/wmf/wmf.cpp;1;!HAVE_LIBEMF;1 && !HAVE_LIBEMF;artifact;253;254
plug-ins/wmf/wmf.cpp;1;HAVE_LIBEMF;HAVE_LIBEMF && 1;else;255;255
plug-ins/wmf/wmf.cpp;1;HAVE_LIBEMF;HAVE_LIBEMF && 1;artifact;256;274
plug-ins/wmf/wmf.cpp;1;HAVE_LIBEMF;HAVE_LIBEMF && 1;endif;275;275
plug-ins/wmf/wmf.cpp;1;1;1;artifact;276;300
plug-ins/wmf/wmf.cpp;1;!DEFINED_DIRECT_WMF && DEFINED_G_OS_WIN32;1 && !DEFINED_DIRECT_WMF && DEFINED_G_OS_WIN32;if;301;301
plug-ins/wmf/wmf.cpp;1;!DEFINED_DIRECT_WMF && DEFINED_G_OS_WIN32;1 && !DEFINED_DIRECT_WMF && DEFINED_G_OS_WIN32;artifact;302;304
plug-ins/wmf/wmf.cpp;1;!DEFINED_DIRECT_WMF && DEFINED_G_OS_WIN32;1 && !DEFINED_DIRECT_WMF && DEFINED_G_OS_WIN32;endif;305;305
plug-ins/wmf/wmf.cpp;1;1;1;artifact;306;308
plug-ins/wmf/wmf.cpp;1;!DEFINED_DIRECT_WMF && DEFINED_G_OS_WIN32;1 && !DEFINED_DIRECT_WMF && DEFINED_G_OS_WIN32;if;309;309
plug-ins/wmf/wmf.cpp;1;!DEFINED_DIRECT_WMF && DEFINED_G_OS_WIN32;1 && !DEFINED_DIRECT_WMF && DEFINED_G_OS_WIN32;artifact;310;342
plug-ins/wmf/wmf.cpp;1;!DEFINED_DIRECT_WMF && DEFINED_G_OS_WIN32;1 && !DEFINED_DIRECT_WMF && DEFINED_G_OS_WIN32;endif;343;343
plug-ins/wmf/wmf.cpp;1;1;1;artifact;344;363
plug-ins/wmf/wmf.cpp;1;DEFINED___LB__G_OS_WIN32__RB__;1 && DEFINED___LB__G_OS_WIN32__RB__;if;364;364
plug-ins/wmf/wmf.cpp;1;DEFINED___LB__G_OS_WIN32__RB__;1 && DEFINED___LB__G_OS_WIN32__RB__;artifact;365;399
plug-ins/wmf/wmf.cpp;1;DEFINED___LB__G_OS_WIN32__RB__;1 && DEFINED___LB__G_OS_WIN32__RB__;endif;400;400
plug-ins/wmf/wmf.cpp;1;1;1;artifact;401;567
plug-ins/wmf/wmf.cpp;1;__PANGOWIN32_H__;1 && __PANGOWIN32_H__;if;568;568
plug-ins/wmf/wmf.cpp;1;__PANGOWIN32_H__;1 && __PANGOWIN32_H__;artifact;569;588
plug-ins/wmf/wmf.cpp;1;!__PANGOWIN32_H__;!__PANGOWIN32_H__ && 1;else;589;589
plug-ins/wmf/wmf.cpp;1;!__PANGOWIN32_H__;!__PANGOWIN32_H__ && 1;artifact;590;590
plug-ins/wmf/wmf.cpp;1;!__PANGOWIN32_H__;!__PANGOWIN32_H__ && 1;endif;591;591
plug-ins/wmf/wmf.cpp;1;1;1;artifact;592;607
plug-ins/wmf/wmf.cpp;1;!BYTE;1 && !BYTE;if;608;608
plug-ins/wmf/wmf.cpp;1;!BYTE;1 && !BYTE;artifact;609;609
plug-ins/wmf/wmf.cpp;1;!BYTE;1 && !BYTE;endif;610;610
plug-ins/wmf/wmf.cpp;1;1;1;artifact;611;797
plug-ins/wmf/wmf.cpp;1;!HAVE_LIBEMF;1 && !HAVE_LIBEMF;if;798;798
plug-ins/wmf/wmf.cpp;1;!HAVE_LIBEMF;1 && !HAVE_LIBEMF;artifact;799;843
plug-ins/wmf/wmf.cpp;1;!HAVE_LIBEMF;1 && !HAVE_LIBEMF;endif;844;844
plug-ins/wmf/wmf.cpp;1;1;1;artifact;845;881
plug-ins/wmf/wmf.cpp;1;!DIRECT_WMF;1 && !DIRECT_WMF;if;882;882
plug-ins/wmf/wmf.cpp;1;!DIRECT_WMF;1 && !DIRECT_WMF;artifact;883;940
plug-ins/wmf/wmf.cpp;1;!DIRECT_WMF;1 && !DIRECT_WMF;endif;941;941
plug-ins/wmf/wmf.cpp;1;1;1;artifact;942;948
plug-ins/wmf/wmf.cpp;1;!DIRECT_WMF;1 && !DIRECT_WMF;if;949;949
plug-ins/wmf/wmf.cpp;1;!DIRECT_WMF;1 && !DIRECT_WMF;artifact;950;950
plug-ins/wmf/wmf.cpp;1;DIRECT_WMF;DIRECT_WMF && 1;else;951;951
plug-ins/wmf/wmf.cpp;1;DIRECT_WMF;DIRECT_WMF && 1;artifact;952;1001
plug-ins/wmf/wmf.cpp;1;DIRECT_WMF;DIRECT_WMF && 1;endif;1002;1002
plug-ins/wmf/wmf.cpp;1;1;1;artifact;1003;1004
plug-ins/wmf/wmf.cpp;1;!DIRECT_WMF;1 && !DIRECT_WMF;if;1005;1005
plug-ins/wmf/wmf.cpp;1;!DIRECT_WMF;1 && !DIRECT_WMF;artifact;1006;1018
plug-ins/wmf/wmf.cpp;1;!DIRECT_WMF;1 && !DIRECT_WMF;endif;1019;1019
plug-ins/wmf/wmf.cpp;1;1;1;artifact;1020;1061
plug-ins/wmf/wmf.cpp;1;!HAVE_LIBEMF;1 && !HAVE_LIBEMF;if;1062;1062
plug-ins/wmf/wmf.cpp;1;!HAVE_LIBEMF;1 && !HAVE_LIBEMF;artifact;1063;1063
plug-ins/wmf/wmf.cpp;1;HAVE_LIBEMF;HAVE_LIBEMF && 1;else;1064;1064
plug-ins/wmf/wmf.cpp;1;HAVE_LIBEMF;HAVE_LIBEMF && 1;artifact;1065;1066
plug-ins/wmf/wmf.cpp;1;HAVE_LIBEMF;HAVE_LIBEMF && 1;endif;1067;1067
plug-ins/wmf/wmf.cpp;1;1;1;artifact;1068;1092
plug-ins/wmf/wmf.cpp;1;!HAVE_LIBEMF;1 && !HAVE_LIBEMF;if;1093;1093
plug-ins/wmf/wmf.cpp;1;!HAVE_LIBEMF;1 && !HAVE_LIBEMF;artifact;1094;1099
plug-ins/wmf/wmf.cpp;1;DIRECT_WMF;1 && !HAVE_LIBEMF && DIRECT_WMF;if;1100;1100
plug-ins/wmf/wmf.cpp;1;DIRECT_WMF;1 && !HAVE_LIBEMF && DIRECT_WMF;artifact;1101;1101
plug-ins/wmf/wmf.cpp;1;!DIRECT_WMF;!DIRECT_WMF && 1 && !HAVE_LIBEMF;else;1102;1102
plug-ins/wmf/wmf.cpp;1;!DIRECT_WMF;!DIRECT_WMF && 1 && !HAVE_LIBEMF;artifact;1103;1115
plug-ins/wmf/wmf.cpp;1;0;!DIRECT_WMF && 1 && !HAVE_LIBEMF && 0;if;1116;1116
plug-ins/wmf/wmf.cpp;1;0;!DIRECT_WMF && 1 && !HAVE_LIBEMF && 0;artifact;1117;1146
plug-ins/wmf/wmf.cpp;1;1;1 && !DIRECT_WMF && 1 && !HAVE_LIBEMF;else;1147;1147
plug-ins/wmf/wmf.cpp;1;1;1 && !DIRECT_WMF && 1 && !HAVE_LIBEMF;artifact;1148;1178
plug-ins/wmf/wmf.cpp;1;1;1 && !DIRECT_WMF && 1 && !HAVE_LIBEMF;endif;1179;1179
plug-ins/wmf/wmf.cpp;1;!DIRECT_WMF;!DIRECT_WMF && 1 && !HAVE_LIBEMF;artifact;1180;1181
plug-ins/wmf/wmf.cpp;1;!DWORD;!DIRECT_WMF && 1 && !HAVE_LIBEMF && !DWORD;if;1182;1182
plug-ins/wmf/wmf.cpp;1;!DWORD;!DIRECT_WMF && 1 && !HAVE_LIBEMF && !DWORD;artifact;1183;1183
plug-ins/wmf/wmf.cpp;1;!DWORD;!DIRECT_WMF && 1 && !HAVE_LIBEMF && !DWORD;endif;1184;1184
plug-ins/wmf/wmf.cpp;1;!DIRECT_WMF;!DIRECT_WMF && 1 && !HAVE_LIBEMF;artifact;1185;1196
plug-ins/wmf/wmf.cpp;1;!DIRECT_WMF;!DIRECT_WMF && 1 && !HAVE_LIBEMF;endif;1197;1197
plug-ins/wmf/wmf.cpp;1;!HAVE_LIBEMF;1 && !HAVE_LIBEMF;artifact;1198;1233
plug-ins/wmf/wmf.cpp;1;!HAVE_LIBEMF;1 && !HAVE_LIBEMF;endif;1234;1234
plug-ins/wmf/wmf.cpp;1;1;1;artifact;1235;1342
plug-ins/wmf/wmf.cpp;1;G_OS_WIN32;1 && G_OS_WIN32;if;1343;1343
plug-ins/wmf/wmf.cpp;1;G_OS_WIN32;1 && G_OS_WIN32;artifact;1344;1344
plug-ins/wmf/wmf.cpp;1;G_OS_WIN32;1 && G_OS_WIN32;endif;1345;1345
plug-ins/wmf/wmf.cpp;1;1;1;artifact;1346;1355
plug-ins/wmf/wmf.cpp;1;!HAVE_LIBEMF;1 && !HAVE_LIBEMF;if;1356;1356
plug-ins/wmf/wmf.cpp;1;!HAVE_LIBEMF;1 && !HAVE_LIBEMF;artifact;1357;1357
plug-ins/wmf/wmf.cpp;1;!HAVE_LIBEMF;1 && !HAVE_LIBEMF;endif;1358;1358
plug-ins/wmf/wmf.cpp;1;1;1;artifact;1359;1361
plug-ins/wmf/wmf.cpp;1;!HAVE_LIBEMF;1 && !HAVE_LIBEMF;if;1362;1362
plug-ins/wmf/wmf.cpp;1;!HAVE_LIBEMF;1 && !HAVE_LIBEMF;artifact;1363;1363
plug-ins/wmf/wmf.cpp;1;!HAVE_LIBEMF;1 && !HAVE_LIBEMF;endif;1364;1364
plug-ins/wmf/wmf.cpp;1;1;1;artifact;1365;1369
plug-ins/wmf/wmf.cpp;1;!DIRECT_WMF;1 && !DIRECT_WMF;if;1370;1370
plug-ins/wmf/wmf.cpp;1;!DIRECT_WMF;1 && !DIRECT_WMF;artifact;1371;1371
plug-ins/wmf/wmf.cpp;1;!DIRECT_WMF;1 && !DIRECT_WMF;endif;1372;1372
plug-ins/wmf/wmf.cpp;1;!HAVE_LIBEMF;1 && !HAVE_LIBEMF;if;1373;1373
plug-ins/wmf/wmf.cpp;1;!HAVE_LIBEMF;1 && !HAVE_LIBEMF;artifact;1374;1374
plug-ins/wmf/wmf.cpp;1;!HAVE_LIBEMF;1 && !HAVE_LIBEMF;endif;1375;1375
plug-ins/wmf/wmf.cpp;1;1;1;artifact;1376;1416
plug-ins/wmf/wmf.cpp;1;DEFINED___LB__HAVE_LIBEMF__RB__;1 && DEFINED___LB__HAVE_LIBEMF__RB__;if;1417;1417
plug-ins/wmf/wmf.cpp;1;DEFINED___LB__HAVE_LIBEMF__RB__;1 && DEFINED___LB__HAVE_LIBEMF__RB__;artifact;1418;1421
plug-ins/wmf/wmf.cpp;1;!DEFINED___LB__HAVE_LIBEMF__RB__;!DEFINED___LB__HAVE_LIBEMF__RB__ && 1;else;1422;1422
plug-ins/wmf/wmf.cpp;1;!DEFINED___LB__HAVE_LIBEMF__RB__;!DEFINED___LB__HAVE_LIBEMF__RB__ && 1;artifact;1423;1424
plug-ins/wmf/wmf.cpp;1;DIRECT_WMF;!DEFINED___LB__HAVE_LIBEMF__RB__ && 1 && DIRECT_WMF;if;1425;1425
plug-ins/wmf/wmf.cpp;1;DIRECT_WMF;!DEFINED___LB__HAVE_LIBEMF__RB__ && 1 && DIRECT_WMF;artifact;1426;1426
plug-ins/wmf/wmf.cpp;1;!DIRECT_WMF;!DIRECT_WMF && !DEFINED___LB__HAVE_LIBEMF__RB__ && 1;else;1427;1427
plug-ins/wmf/wmf.cpp;1;!DIRECT_WMF;!DIRECT_WMF && !DEFINED___LB__HAVE_LIBEMF__RB__ && 1;artifact;1428;1428
plug-ins/wmf/wmf.cpp;1;!DIRECT_WMF;!DIRECT_WMF && !DEFINED___LB__HAVE_LIBEMF__RB__ && 1;endif;1429;1429
plug-ins/wmf/wmf.cpp;1;!DEFINED___LB__HAVE_LIBEMF__RB__;!DEFINED___LB__HAVE_LIBEMF__RB__ && 1;artifact;1430;1431
plug-ins/wmf/wmf.cpp;1;!DEFINED___LB__HAVE_LIBEMF__RB__;!DEFINED___LB__HAVE_LIBEMF__RB__ && 1;endif;1432;1432
plug-ins/wmf/wmf.cpp;1;1;1;artifact;1433;1446
plug-ins/wmf/wmf.cpp;1;__PANGOWIN32_H__;1 && __PANGOWIN32_H__;if;1447;1447
plug-ins/wmf/wmf.cpp;1;__PANGOWIN32_H__;1 && __PANGOWIN32_H__;artifact;1448;1448
plug-ins/wmf/wmf.cpp;1;!__PANGOWIN32_H__;!__PANGOWIN32_H__ && 1;else;1449;1449
plug-ins/wmf/wmf.cpp;1;!__PANGOWIN32_H__;!__PANGOWIN32_H__ && 1;artifact;1450;1450
plug-ins/wmf/wmf.cpp;1;!__PANGOWIN32_H__;!__PANGOWIN32_H__ && 1;endif;1451;1451
plug-ins/wmf/wmf.cpp;1;1;1;artifact;1452;1459
plug-ins/wmf/wmf.cpp;1;HAVE_LIBEMF;1 && HAVE_LIBEMF;if;1460;1460
plug-ins/wmf/wmf.cpp;1;HAVE_LIBEMF;1 && HAVE_LIBEMF;artifact;1461;1461
plug-ins/wmf/wmf.cpp;1;!HAVE_LIBEMF;!HAVE_LIBEMF && 1;else;1462;1462
plug-ins/wmf/wmf.cpp;1;!HAVE_LIBEMF;!HAVE_LIBEMF && 1;artifact;1463;1463
plug-ins/wmf/wmf.cpp;1;!HAVE_LIBEMF;!HAVE_LIBEMF && 1;endif;1464;1464
plug-ins/wmf/wmf.cpp;1;1;1;artifact;1465;1500
plug-ins/wmf/wmf.cpp;1;DIRECT_WMF;1 && DIRECT_WMF;if;1501;1501
plug-ins/wmf/wmf.cpp;1;DIRECT_WMF;1 && DIRECT_WMF;artifact;1502;1503
plug-ins/wmf/wmf.cpp;1;DIRECT_WMF;1 && DIRECT_WMF;endif;1504;1504
plug-ins/wmf/wmf.cpp;1;1;1;artifact;1505;1514
plug-ins/wmf/wmf.cpp;1;!HAVE_LIBEMF;1 && !HAVE_LIBEMF;if;1515;1515
plug-ins/wmf/wmf.cpp;1;!HAVE_LIBEMF;1 && !HAVE_LIBEMF;artifact;1516;1518
plug-ins/wmf/wmf.cpp;1;!HAVE_LIBEMF;1 && !HAVE_LIBEMF;endif;1519;1519
plug-ins/wmf/wmf.cpp;1;1;1;artifact;1520;1533
plug-ins/wmf/wmf.cpp;1;G_OS_WIN32;1 && G_OS_WIN32;if;1534;1534
plug-ins/wmf/wmf.cpp;1;G_OS_WIN32;1 && G_OS_WIN32;artifact;1535;1542
plug-ins/wmf/wmf.cpp;1;G_OS_WIN32;1 && G_OS_WIN32;endif;1543;1543
plug-ins/wmf/wmf.cpp;1;1;1;artifact;1544;1554
plug-ins/wmf/wmf.cpp;1;G_OS_WIN32;1 && G_OS_WIN32;if;1555;1555
plug-ins/wmf/wmf.cpp;1;G_OS_WIN32;1 && G_OS_WIN32;artifact;1556;1581
plug-ins/wmf/wmf.cpp;1;G_OS_WIN32;1 && G_OS_WIN32;endif;1582;1582
plug-ins/wmf/wmf.cpp;1;1;1;artifact;1583;1596
plug-ins/wmf/wmf.cpp;1;G_OS_WIN32;1 && G_OS_WIN32;if;1597;1597
plug-ins/wmf/wmf.cpp;1;G_OS_WIN32;1 && G_OS_WIN32;artifact;1598;1606
plug-ins/wmf/wmf.cpp;1;DEFINED___LB__HAVE_LIBEMF__RB__ && !G_OS_WIN32;DEFINED___LB__HAVE_LIBEMF__RB__ && !G_OS_WIN32 && 1;elif;1607;1607
plug-ins/wmf/wmf.cpp;1;DEFINED___LB__HAVE_LIBEMF__RB__ && !G_OS_WIN32;DEFINED___LB__HAVE_LIBEMF__RB__ && !G_OS_WIN32 && 1;artifact;1608;1609
plug-ins/wmf/wmf.cpp;1;DEFINED___LB__HAVE_LIBEMF__RB__ && !G_OS_WIN32;DEFINED___LB__HAVE_LIBEMF__RB__ && !G_OS_WIN32 && 1;endif;1610;1610
plug-ins/wmf/wmf.cpp;1;1;1;artifact;1611;1614
plug-ins/wmf/wmf_gdi.cpp;1;1;1;ROOT;1;517
plug-ins/wmf/wmf_gdi.cpp;1;1;1;artifact;1;516
plug-ins/wmf/wmf_gdi.h;1;1;1;ROOT;1;361
plug-ins/wmf/wmf_gdi.h;1;!_WMF_GDI_H_;1 && !_WMF_GDI_H_;if;1;1
plug-ins/wmf/wmf_gdi.h;1;!_WMF_GDI_H_;1 && !_WMF_GDI_H_;artifact;2;358
plug-ins/wmf/wmf_gdi.h;1;!_WMF_GDI_H_;1 && !_WMF_GDI_H_;endif;359;359
plug-ins/wmf/wmf_gdi.h;1;1;1;artifact;360;360
plug-ins/wpg/wpg-import.c;1;1;1;ROOT;1;715
plug-ins/wpg/wpg-import.c;1;1;1;artifact;1;560
plug-ins/wpg/wpg-import.c;1;0;1 && 0;if;561;561
plug-ins/wpg/wpg-import.c;1;0;1 && 0;artifact;562;564
plug-ins/wpg/wpg-import.c;1;0;1 && 0;endif;565;565
plug-ins/wpg/wpg-import.c;1;1;1;artifact;566;714
plug-ins/wpg/wpg.c;1;1;1;ROOT;1;1241
plug-ins/wpg/wpg.c;1;1;1;artifact;1;52
plug-ins/wpg/wpg.c;1;__GNUC__;1 && __GNUC__;if;53;53
plug-ins/wpg/wpg.c;1;__GNUC__;1 && __GNUC__;artifact;54;54
plug-ins/wpg/wpg.c;1;__GNUC__;1 && __GNUC__;endif;55;55
plug-ins/wpg/wpg.c;1;1;1;artifact;56;119
plug-ins/wpg/wpg.c;1;G_BYTE_ORDER__EQ__G_LITTLE_ENDIAN;1 && G_BYTE_ORDER__EQ__G_LITTLE_ENDIAN;if;120;120
plug-ins/wpg/wpg.c;1;G_BYTE_ORDER__EQ__G_LITTLE_ENDIAN;1 && G_BYTE_ORDER__EQ__G_LITTLE_ENDIAN;artifact;121;122
plug-ins/wpg/wpg.c;1;!G_BYTE_ORDER__EQ__G_LITTLE_ENDIAN;!G_BYTE_ORDER__EQ__G_LITTLE_ENDIAN && 1;else;123;123
plug-ins/wpg/wpg.c;1;!G_BYTE_ORDER__EQ__G_LITTLE_ENDIAN;!G_BYTE_ORDER__EQ__G_LITTLE_ENDIAN && 1;artifact;124;156
plug-ins/wpg/wpg.c;1;!G_BYTE_ORDER__EQ__G_LITTLE_ENDIAN;!G_BYTE_ORDER__EQ__G_LITTLE_ENDIAN && 1;endif;157;157
plug-ins/wpg/wpg.c;1;1;1;artifact;158;274
plug-ins/wpg/wpg.c;1;0;1 && 0;if;275;275
plug-ins/wpg/wpg.c;1;0;1 && 0;artifact;276;279
plug-ins/wpg/wpg.c;1;1;1 && 1;else;280;280
plug-ins/wpg/wpg.c;1;1;1 && 1;artifact;281;283
plug-ins/wpg/wpg.c;1;1;1 && 1;endif;284;284
plug-ins/wpg/wpg.c;1;1;1;artifact;285;295
plug-ins/wpg/wpg.c;1;0;1 && 0;if;296;296
plug-ins/wpg/wpg.c;1;0;1 && 0;artifact;297;297
plug-ins/wpg/wpg.c;1;1;1 && 1;else;298;298
plug-ins/wpg/wpg.c;1;1;1 && 1;artifact;299;301
plug-ins/wpg/wpg.c;1;1;1 && 1;endif;302;302
plug-ins/wpg/wpg.c;1;1;1;artifact;303;802
plug-ins/wpg/wpg.c;1;1;1 && 1;if;803;803
plug-ins/wpg/wpg.c;1;1;1 && 1;artifact;804;809
plug-ins/wpg/wpg.c;1;0;0 && 1;else;810;810
plug-ins/wpg/wpg.c;1;0;0 && 1;artifact;811;817
plug-ins/wpg/wpg.c;1;0;0 && 1;endif;818;818
plug-ins/wpg/wpg.c;1;1;1;artifact;819;865
plug-ins/wpg/wpg.c;1;0;1 && 0;if;866;866
plug-ins/wpg/wpg.c;1;0;1 && 0;artifact;867;867
plug-ins/wpg/wpg.c;1;1;1 && 1;else;868;868
plug-ins/wpg/wpg.c;1;1;1 && 1;artifact;869;878
plug-ins/wpg/wpg.c;1;1;1 && 1;endif;879;879
plug-ins/wpg/wpg.c;1;1;1;artifact;880;970
plug-ins/wpg/wpg.c;1;0;1 && 0;if;971;971
plug-ins/wpg/wpg.c;1;0;1 && 0;artifact;972;972
plug-ins/wpg/wpg.c;1;1;1 && 1;else;973;973
plug-ins/wpg/wpg.c;1;1;1 && 1;artifact;974;975
plug-ins/wpg/wpg.c;1;1;1 && 1;endif;976;976
plug-ins/wpg/wpg.c;1;1;1;artifact;977;978
plug-ins/wpg/wpg.c;1;0;1 && 0;if;979;979
plug-ins/wpg/wpg.c;1;0;1 && 0;artifact;980;992
plug-ins/wpg/wpg.c;1;0;1 && 0;endif;993;993
plug-ins/wpg/wpg.c;1;1;1;artifact;994;1164
plug-ins/wpg/wpg.c;1;0;1 && 0;if;1165;1165
plug-ins/wpg/wpg.c;1;0;1 && 0;artifact;1166;1171
plug-ins/wpg/wpg.c;1;1;1 && 1;else;1172;1172
plug-ins/wpg/wpg.c;1;1;1 && 1;artifact;1173;1181
plug-ins/wpg/wpg.c;1;1;1 && 1;endif;1182;1182
plug-ins/wpg/wpg.c;1;1;1;artifact;1183;1240
plug-ins/wpg/wpg_defs.h;1;1;1;ROOT;1;197
plug-ins/wpg/wpg_defs.h;1;1;1;artifact;1;10
plug-ins/wpg/wpg_defs.h;1;DEBUG_WPG;1 && DEBUG_WPG;if;11;11
plug-ins/wpg/wpg_defs.h;1;DEBUG_WPG;1 && DEBUG_WPG;artifact;12;12
plug-ins/wpg/wpg_defs.h;1;!DEBUG_WPG;!DEBUG_WPG && 1;else;13;13
plug-ins/wpg/wpg_defs.h;1;!DEBUG_WPG;!DEBUG_WPG && 1;artifact;14;14
plug-ins/wpg/wpg_defs.h;1;!DEBUG_WPG;!DEBUG_WPG && 1;endif;15;15
plug-ins/wpg/wpg_defs.h;1;1;1;artifact;16;196
plug-ins/xfig/xfig-common.c;1;1;1;ROOT;1;80
plug-ins/xfig/xfig-common.c;1;1;1;artifact;1;79
plug-ins/xfig/xfig-export.c;1;1;1;ROOT;1;1332
plug-ins/xfig/xfig-export.c;1;1;1;artifact;1;1331
plug-ins/xfig/xfig-import.c;1;1;1;ROOT;1;1397
plug-ins/xfig/xfig-import.c;1;1;1;artifact;1;792
plug-ins/xfig/xfig-import.c;1;0;1 && 0;if;793;793
plug-ins/xfig/xfig-import.c;1;0;1 && 0;artifact;794;805
plug-ins/xfig/xfig-import.c;1;1;1 && 1;else;806;806
plug-ins/xfig/xfig-import.c;1;1;1 && 1;artifact;807;818
plug-ins/xfig/xfig-import.c;1;1;1 && 1;endif;819;819
plug-ins/xfig/xfig-import.c;1;1;1;artifact;820;1396
plug-ins/xfig/xfig.c;1;1;1;ROOT;1;66
plug-ins/xfig/xfig.c;1;1;1;artifact;1;65
plug-ins/xfig/xfig.h;1;1;1;ROOT;1;19
plug-ins/xfig/xfig.h;1;!XFIG_H;1 && !XFIG_H;if;1;1
plug-ins/xfig/xfig.h;1;!XFIG_H;1 && !XFIG_H;artifact;2;16
plug-ins/xfig/xfig.h;1;!XFIG_H;1 && !XFIG_H;endif;17;17
plug-ins/xfig/xfig.h;1;1;1;artifact;18;18
plug-ins/xslt/xslt.c;1;1;1;ROOT;1;374
plug-ins/xslt/xslt.c;1;1;1;artifact;1;373
plug-ins/xslt/xslt.h;1;1;1;ROOT;1;65
plug-ins/xslt/xslt.h;1;1;1;artifact;1;26
plug-ins/xslt/xslt.h;1;!G_OS_WIN32;1 && !G_OS_WIN32;if;27;27
plug-ins/xslt/xslt.h;1;!G_OS_WIN32;1 && !G_OS_WIN32;artifact;28;28
plug-ins/xslt/xslt.h;1;!G_OS_WIN32;1 && !G_OS_WIN32;endif;29;29
plug-ins/xslt/xslt.h;1;1;1;artifact;30;64
plug-ins/xslt/xsltdialog.c;1;1;1;ROOT;1;167
plug-ins/xslt/xsltdialog.c;1;1;1;artifact;1;166
tests/test-boundingbox.c;1;1;1;ROOT;1;186
tests/test-boundingbox.c;1;1;1;artifact;1;159
tests/test-boundingbox.c;1;G_OS_WIN32;1 && G_OS_WIN32;if;160;160
tests/test-boundingbox.c;1;G_OS_WIN32;1 && G_OS_WIN32;artifact;161;161
tests/test-boundingbox.c;1;G_OS_WIN32;1 && G_OS_WIN32;endif;162;162
tests/test-boundingbox.c;1;1;1;artifact;163;168
tests/test-boundingbox.c;1;G_OS_WIN32;1 && G_OS_WIN32;if;169;169
tests/test-boundingbox.c;1;G_OS_WIN32;1 && G_OS_WIN32;artifact;170;171
tests/test-boundingbox.c;1;G_OS_WIN32;1 && G_OS_WIN32;endif;172;172
tests/test-boundingbox.c;1;1;1;artifact;173;185
tests/test-objects.c;1;1;1;ROOT;1;1108
tests/test-objects.c;1;1;1;artifact;1;542
tests/test-objects.c;1;1;1 && 1;if;543;543
tests/test-objects.c;1;1;1 && 1;artifact;544;563
tests/test-objects.c;1;0;0 && 1;else;564;564
tests/test-objects.c;1;0;0 && 1;artifact;565;570
tests/test-objects.c;1;0;0 && 1;endif;571;571
tests/test-objects.c;1;1;1;artifact;572;623
tests/test-objects.c;1;0;1 && 0;if;624;624
tests/test-objects.c;1;0;1 && 0;artifact;625;633
tests/test-objects.c;1;0;1 && 0;endif;634;634
tests/test-objects.c;1;1;1;artifact;635;669
tests/test-objects.c;1;0;1 && 0;if;670;670
tests/test-objects.c;1;0;1 && 0;artifact;671;677
tests/test-objects.c;1;1;1 && 1;else;678;678
tests/test-objects.c;1;1;1 && 1;artifact;679;770
tests/test-objects.c;1;1;1 && 1;endif;771;771
tests/test-objects.c;1;1;1;artifact;772;1040
tests/test-objects.c;1;G_OS_WIN32;1 && G_OS_WIN32;if;1041;1041
tests/test-objects.c;1;G_OS_WIN32;1 && G_OS_WIN32;artifact;1042;1042
tests/test-objects.c;1;G_OS_WIN32;1 && G_OS_WIN32;endif;1043;1043
tests/test-objects.c;1;1;1;artifact;1044;1050
tests/test-objects.c;1;G_OS_WIN32;1 && G_OS_WIN32;if;1051;1051
tests/test-objects.c;1;G_OS_WIN32;1 && G_OS_WIN32;artifact;1052;1053
tests/test-objects.c;1;G_OS_WIN32;1 && G_OS_WIN32;endif;1054;1054
tests/test-objects.c;1;1;1;artifact;1055;1087
tests/test-objects.c;1;_MSC_VER;1 && _MSC_VER;if;1088;1088
tests/test-objects.c;1;_MSC_VER;1 && _MSC_VER;artifact;1089;1105
tests/test-objects.c;1;_MSC_VER;1 && _MSC_VER;endif;1106;1106
tests/test-objects.c;1;1;1;artifact;1107;1107
tests/test-sizeof.c;1;1;1;ROOT;1;29
tests/test-sizeof.c;1;1;1;artifact;1;28
tests/test-svg.c;1;1;1;ROOT;1;142
tests/test-svg.c;1;1;1;artifact;1;141
