Path;File Condition;Block Condition;Presence Condition;Line Type;start;end
examples/authentication.c;1;1;1;ROOT;1;243
examples/authentication.c;1;1;1;artifact;1;242
examples/connect_ssh.c;1;1;1;ROOT;1;69
examples/connect_ssh.c;1;1;1;artifact;1;68
examples/examples_common.h;1;1;1;ROOT;1;28
examples/examples_common.h;1;1;1;artifact;1;12
examples/examples_common.h;1;!EXAMPLES_COMMON_H_;1 && !EXAMPLES_COMMON_H_;if;13;13
examples/examples_common.h;1;!EXAMPLES_COMMON_H_;1 && !EXAMPLES_COMMON_H_;artifact;14;25
examples/examples_common.h;1;!EXAMPLES_COMMON_H_;1 && !EXAMPLES_COMMON_H_;endif;26;26
examples/examples_common.h;1;1;1;artifact;27;27
examples/exec.c;1;1;1;ROOT;1;83
examples/exec.c;1;1;1;artifact;1;82
examples/keygen.c;1;1;1;ROOT;1;43
examples/keygen.c;1;1;1;artifact;1;42
examples/keygen2.c;1;1;1;ROOT;1;523
examples/keygen2.c;1;1;1;artifact;1;437
examples/keygen2.c;1;HAVE_EXPLICIT_BZERO;1 && HAVE_EXPLICIT_BZERO;if;438;438
examples/keygen2.c;1;HAVE_EXPLICIT_BZERO;1 && HAVE_EXPLICIT_BZERO;artifact;439;439
examples/keygen2.c;1;!HAVE_EXPLICIT_BZERO;!HAVE_EXPLICIT_BZERO && 1;else;440;440
examples/keygen2.c;1;!HAVE_EXPLICIT_BZERO;!HAVE_EXPLICIT_BZERO && 1;artifact;441;441
examples/keygen2.c;1;!HAVE_EXPLICIT_BZERO;!HAVE_EXPLICIT_BZERO && 1;endif;442;442
examples/keygen2.c;1;1;1;artifact;443;508
examples/keygen2.c;1;HAVE_EXPLICIT_BZERO;1 && HAVE_EXPLICIT_BZERO;if;509;509
examples/keygen2.c;1;HAVE_EXPLICIT_BZERO;1 && HAVE_EXPLICIT_BZERO;artifact;510;510
examples/keygen2.c;1;!HAVE_EXPLICIT_BZERO;!HAVE_EXPLICIT_BZERO && 1;else;511;511
examples/keygen2.c;1;!HAVE_EXPLICIT_BZERO;!HAVE_EXPLICIT_BZERO && 1;artifact;512;512
examples/keygen2.c;1;!HAVE_EXPLICIT_BZERO;!HAVE_EXPLICIT_BZERO && 1;endif;513;513
examples/keygen2.c;1;1;1;artifact;514;522
examples/knownhosts.c;1;1;1;ROOT;1;119
examples/knownhosts.c;1;1;1;artifact;1;30
examples/knownhosts.c;1;_WIN32;1 && _WIN32;if;31;31
examples/knownhosts.c;1;_WIN32;1 && _WIN32;artifact;32;32
examples/knownhosts.c;1;_WIN32;1 && _WIN32;endif;33;33
examples/knownhosts.c;1;1;1;artifact;34;118
examples/libssh_scp.c;1;1;1;ROOT;1;458
examples/libssh_scp.c;1;1;1;artifact;1;24
examples/libssh_scp.c;1;!BUF_SIZE;1 && !BUF_SIZE;if;25;25
examples/libssh_scp.c;1;!BUF_SIZE;1 && !BUF_SIZE;artifact;26;26
examples/libssh_scp.c;1;!BUF_SIZE;1 && !BUF_SIZE;endif;27;27
examples/libssh_scp.c;1;1;1;artifact;28;457
examples/libsshpp.cpp;1;1;1;ROOT;1;35
examples/libsshpp.cpp;1;1;1;artifact;1;34
examples/libsshpp_noexcept.cpp;1;1;1;ROOT;1;43
examples/libsshpp_noexcept.cpp;1;1;1;artifact;1;42
examples/proxy.c;1;1;1;ROOT;1;341
examples/proxy.c;1;1;1;artifact;1;20
examples/proxy.c;1;HAVE_ARGP_H;1 && HAVE_ARGP_H;if;21;21
examples/proxy.c;1;HAVE_ARGP_H;1 && HAVE_ARGP_H;artifact;22;22
examples/proxy.c;1;HAVE_ARGP_H;1 && HAVE_ARGP_H;endif;23;23
examples/proxy.c;1;1;1;artifact;24;27
examples/proxy.c;1;!BUF_SIZE;1 && !BUF_SIZE;if;28;28
examples/proxy.c;1;!BUF_SIZE;1 && !BUF_SIZE;artifact;29;29
examples/proxy.c;1;!BUF_SIZE;1 && !BUF_SIZE;endif;30;30
examples/proxy.c;1;1;1;artifact;31;115
examples/proxy.c;1;HAVE_ARGP_H;1 && HAVE_ARGP_H;if;116;116
examples/proxy.c;1;HAVE_ARGP_H;1 && HAVE_ARGP_H;artifact;117;204
examples/proxy.c;1;HAVE_ARGP_H;1 && HAVE_ARGP_H;endif;205;205
examples/proxy.c;1;1;1;artifact;206;229
examples/proxy.c;1;HAVE_ARGP_H;1 && HAVE_ARGP_H;if;230;230
examples/proxy.c;1;HAVE_ARGP_H;1 && HAVE_ARGP_H;artifact;231;235
examples/proxy.c;1;!HAVE_ARGP_H;!HAVE_ARGP_H && 1;else;236;236
examples/proxy.c;1;!HAVE_ARGP_H;!HAVE_ARGP_H && 1;artifact;237;238
examples/proxy.c;1;!HAVE_ARGP_H;!HAVE_ARGP_H && 1;endif;239;239
examples/proxy.c;1;1;1;artifact;240;340
examples/sample_sftpserver.c;1;1;1;ROOT;1;517
examples/sample_sftpserver.c;1;1;1;artifact;1;21
examples/sample_sftpserver.c;1;HAVE_ARGP_H;1 && HAVE_ARGP_H;if;22;22
examples/sample_sftpserver.c;1;HAVE_ARGP_H;1 && HAVE_ARGP_H;artifact;23;23
examples/sample_sftpserver.c;1;HAVE_ARGP_H;1 && HAVE_ARGP_H;endif;24;24
examples/sample_sftpserver.c;1;1;1;artifact;25;25
examples/sample_sftpserver.c;1;HAVE_LIBUTIL_H;1 && HAVE_LIBUTIL_H;if;26;26
examples/sample_sftpserver.c;1;HAVE_LIBUTIL_H;1 && HAVE_LIBUTIL_H;artifact;27;27
examples/sample_sftpserver.c;1;HAVE_LIBUTIL_H;1 && HAVE_LIBUTIL_H;endif;28;28
examples/sample_sftpserver.c;1;HAVE_PTY_H;1 && HAVE_PTY_H;if;29;29
examples/sample_sftpserver.c;1;HAVE_PTY_H;1 && HAVE_PTY_H;artifact;30;30
examples/sample_sftpserver.c;1;HAVE_PTY_H;1 && HAVE_PTY_H;endif;31;31
examples/sample_sftpserver.c;1;1;1;artifact;32;33
examples/sample_sftpserver.c;1;HAVE_UTMP_H;1 && HAVE_UTMP_H;if;34;34
examples/sample_sftpserver.c;1;HAVE_UTMP_H;1 && HAVE_UTMP_H;artifact;35;35
examples/sample_sftpserver.c;1;HAVE_UTMP_H;1 && HAVE_UTMP_H;endif;36;36
examples/sample_sftpserver.c;1;HAVE_UTIL_H;1 && HAVE_UTIL_H;if;37;37
examples/sample_sftpserver.c;1;HAVE_UTIL_H;1 && HAVE_UTIL_H;artifact;38;38
examples/sample_sftpserver.c;1;HAVE_UTIL_H;1 && HAVE_UTIL_H;endif;39;39
examples/sample_sftpserver.c;1;1;1;artifact;40;53
examples/sample_sftpserver.c;1;!KEYS_FOLDER;1 && !KEYS_FOLDER;if;54;54
examples/sample_sftpserver.c;1;_WIN32;1 && !KEYS_FOLDER && _WIN32;if;55;55
examples/sample_sftpserver.c;1;_WIN32;1 && !KEYS_FOLDER && _WIN32;artifact;56;56
examples/sample_sftpserver.c;1;!_WIN32;!_WIN32 && 1 && !KEYS_FOLDER;else;57;57
examples/sample_sftpserver.c;1;!_WIN32;!_WIN32 && 1 && !KEYS_FOLDER;artifact;58;58
examples/sample_sftpserver.c;1;!_WIN32;!_WIN32 && 1 && !KEYS_FOLDER;endif;59;59
examples/sample_sftpserver.c;1;!KEYS_FOLDER;1 && !KEYS_FOLDER;endif;60;60
examples/sample_sftpserver.c;1;1;1;artifact;61;85
examples/sample_sftpserver.c;1;HAVE_ARGP_H;1 && HAVE_ARGP_H;if;86;86
examples/sample_sftpserver.c;1;HAVE_ARGP_H;1 && HAVE_ARGP_H;artifact;87;212
examples/sample_sftpserver.c;1;HAVE_ARGP_H;1 && HAVE_ARGP_H;endif;213;213
examples/sample_sftpserver.c;1;1;1;artifact;214;443
examples/sample_sftpserver.c;1;HAVE_ARGP_H;1 && HAVE_ARGP_H;if;444;444
examples/sample_sftpserver.c;1;HAVE_ARGP_H;1 && HAVE_ARGP_H;artifact;445;445
examples/sample_sftpserver.c;1;!HAVE_ARGP_H;!HAVE_ARGP_H && 1;else;446;446
examples/sample_sftpserver.c;1;!HAVE_ARGP_H;!HAVE_ARGP_H && 1;artifact;447;450
examples/sample_sftpserver.c;1;!HAVE_ARGP_H;!HAVE_ARGP_H && 1;endif;451;451
examples/sample_sftpserver.c;1;1;1;artifact;452;516
examples/samplesftp.c;1;1;1;ROOT;1;306
examples/samplesftp.c;1;1;1;artifact;1;21
examples/samplesftp.c;1;HAVE_UNISTD_H;1 && HAVE_UNISTD_H;if;22;22
examples/samplesftp.c;1;HAVE_UNISTD_H;1 && HAVE_UNISTD_H;artifact;23;23
examples/samplesftp.c;1;HAVE_UNISTD_H;1 && HAVE_UNISTD_H;endif;24;24
examples/samplesftp.c;1;1;1;artifact;25;29
examples/samplesftp.c;1;WITH_SFTP;1 && WITH_SFTP;if;30;30
examples/samplesftp.c;1;WITH_SFTP;1 && WITH_SFTP;artifact;31;31
examples/samplesftp.c;1;!BUF_SIZE;1 && WITH_SFTP && !BUF_SIZE;if;32;32
examples/samplesftp.c;1;!BUF_SIZE;1 && WITH_SFTP && !BUF_SIZE;artifact;33;33
examples/samplesftp.c;1;!BUF_SIZE;1 && WITH_SFTP && !BUF_SIZE;endif;34;34
examples/samplesftp.c;1;WITH_SFTP;1 && WITH_SFTP;artifact;35;303
examples/samplesftp.c;1;WITH_SFTP;1 && WITH_SFTP;endif;304;304
examples/samplesftp.c;1;1;1;artifact;305;305
examples/samplesshd-cb.c;1;1;1;ROOT;1;344
examples/samplesshd-cb.c;1;1;1;artifact;1;20
examples/samplesshd-cb.c;1;HAVE_ARGP_H;1 && HAVE_ARGP_H;if;21;21
examples/samplesshd-cb.c;1;HAVE_ARGP_H;1 && HAVE_ARGP_H;artifact;22;22
examples/samplesshd-cb.c;1;HAVE_ARGP_H;1 && HAVE_ARGP_H;endif;23;23
examples/samplesshd-cb.c;1;1;1;artifact;24;27
examples/samplesshd-cb.c;1;_WIN32;1 && _WIN32;if;28;28
examples/samplesshd-cb.c;1;_WIN32;1 && _WIN32;artifact;29;29
examples/samplesshd-cb.c;1;_WIN32;1 && _WIN32;endif;30;30
examples/samplesshd-cb.c;1;1;1;artifact;31;31
examples/samplesshd-cb.c;1;!BUF_SIZE;1 && !BUF_SIZE;if;32;32
examples/samplesshd-cb.c;1;!BUF_SIZE;1 && !BUF_SIZE;artifact;33;33
examples/samplesshd-cb.c;1;!BUF_SIZE;1 && !BUF_SIZE;endif;34;34
examples/samplesshd-cb.c;1;1;1;artifact;35;35
examples/samplesshd-cb.c;1;!KEYS_FOLDER;1 && !KEYS_FOLDER;if;36;36
examples/samplesshd-cb.c;1;_WIN32;1 && !KEYS_FOLDER && _WIN32;if;37;37
examples/samplesshd-cb.c;1;_WIN32;1 && !KEYS_FOLDER && _WIN32;artifact;38;38
examples/samplesshd-cb.c;1;!_WIN32;!_WIN32 && 1 && !KEYS_FOLDER;else;39;39
examples/samplesshd-cb.c;1;!_WIN32;!_WIN32 && 1 && !KEYS_FOLDER;artifact;40;40
examples/samplesshd-cb.c;1;!_WIN32;!_WIN32 && 1 && !KEYS_FOLDER;endif;41;41
examples/samplesshd-cb.c;1;!KEYS_FOLDER;1 && !KEYS_FOLDER;endif;42;42
examples/samplesshd-cb.c;1;1;1;artifact;43;91
examples/samplesshd-cb.c;1;WITH_GSSAPI;1 && WITH_GSSAPI;if;92;92
examples/samplesshd-cb.c;1;WITH_GSSAPI;1 && WITH_GSSAPI;artifact;93;104
examples/samplesshd-cb.c;1;WITH_GSSAPI;1 && WITH_GSSAPI;endif;105;105
examples/samplesshd-cb.c;1;1;1;artifact;106;145
examples/samplesshd-cb.c;1;HAVE_ARGP_H;1 && HAVE_ARGP_H;if;146;146
examples/samplesshd-cb.c;1;HAVE_ARGP_H;1 && HAVE_ARGP_H;artifact;147;244
examples/samplesshd-cb.c;1;HAVE_ARGP_H;1 && HAVE_ARGP_H;endif;245;245
examples/samplesshd-cb.c;1;1;1;artifact;246;254
examples/samplesshd-cb.c;1;WITH_GSSAPI;1 && WITH_GSSAPI;if;255;255
examples/samplesshd-cb.c;1;WITH_GSSAPI;1 && WITH_GSSAPI;artifact;256;256
examples/samplesshd-cb.c;1;WITH_GSSAPI;1 && WITH_GSSAPI;endif;257;257
examples/samplesshd-cb.c;1;1;1;artifact;258;269
examples/samplesshd-cb.c;1;HAVE_ARGP_H;1 && HAVE_ARGP_H;if;270;270
examples/samplesshd-cb.c;1;HAVE_ARGP_H;1 && HAVE_ARGP_H;artifact;271;275
examples/samplesshd-cb.c;1;!HAVE_ARGP_H;!HAVE_ARGP_H && 1;else;276;276
examples/samplesshd-cb.c;1;!HAVE_ARGP_H;!HAVE_ARGP_H && 1;artifact;277;278
examples/samplesshd-cb.c;1;!HAVE_ARGP_H;!HAVE_ARGP_H && 1;endif;279;279
examples/samplesshd-cb.c;1;1;1;artifact;280;343
examples/samplesshd-kbdint.c;1;1;1;ROOT;1;416
examples/samplesshd-kbdint.c;1;1;1;artifact;1;19
examples/samplesshd-kbdint.c;1;HAVE_ARGP_H;1 && HAVE_ARGP_H;if;20;20
examples/samplesshd-kbdint.c;1;HAVE_ARGP_H;1 && HAVE_ARGP_H;artifact;21;21
examples/samplesshd-kbdint.c;1;HAVE_ARGP_H;1 && HAVE_ARGP_H;endif;22;22
examples/samplesshd-kbdint.c;1;1;1;artifact;23;27
examples/samplesshd-kbdint.c;1;!BUF_SIZE;1 && !BUF_SIZE;if;28;28
examples/samplesshd-kbdint.c;1;!BUF_SIZE;1 && !BUF_SIZE;artifact;29;29
examples/samplesshd-kbdint.c;1;!BUF_SIZE;1 && !BUF_SIZE;endif;30;30
examples/samplesshd-kbdint.c;1;1;1;artifact;31;34
examples/samplesshd-kbdint.c;1;!KEYS_FOLDER;1 && !KEYS_FOLDER;if;35;35
examples/samplesshd-kbdint.c;1;_WIN32;1 && !KEYS_FOLDER && _WIN32;if;36;36
examples/samplesshd-kbdint.c;1;_WIN32;1 && !KEYS_FOLDER && _WIN32;artifact;37;37
examples/samplesshd-kbdint.c;1;!_WIN32;!_WIN32 && 1 && !KEYS_FOLDER;else;38;38
examples/samplesshd-kbdint.c;1;!_WIN32;!_WIN32 && 1 && !KEYS_FOLDER;artifact;39;39
examples/samplesshd-kbdint.c;1;!_WIN32;!_WIN32 && 1 && !KEYS_FOLDER;endif;40;40
examples/samplesshd-kbdint.c;1;!KEYS_FOLDER;1 && !KEYS_FOLDER;endif;41;41
examples/samplesshd-kbdint.c;1;1;1;artifact;42;45
examples/samplesshd-kbdint.c;1;WITH_PCAP;1 && WITH_PCAP;if;46;46
examples/samplesshd-kbdint.c;1;WITH_PCAP;1 && WITH_PCAP;artifact;47;66
examples/samplesshd-kbdint.c;1;WITH_PCAP;1 && WITH_PCAP;endif;67;67
examples/samplesshd-kbdint.c;1;1;1;artifact;68;85
examples/samplesshd-kbdint.c;1;HAVE_ARGP_H;1 && HAVE_ARGP_H;if;86;86
examples/samplesshd-kbdint.c;1;HAVE_ARGP_H;1 && HAVE_ARGP_H;artifact;87;174
examples/samplesshd-kbdint.c;1;HAVE_ARGP_H;1 && HAVE_ARGP_H;endif;175;175
examples/samplesshd-kbdint.c;1;1;1;artifact;176;298
examples/samplesshd-kbdint.c;1;HAVE_ARGP_H;1 && HAVE_ARGP_H;if;299;299
examples/samplesshd-kbdint.c;1;HAVE_ARGP_H;1 && HAVE_ARGP_H;artifact;300;304
examples/samplesshd-kbdint.c;1;!HAVE_ARGP_H;!HAVE_ARGP_H && 1;else;305;305
examples/samplesshd-kbdint.c;1;!HAVE_ARGP_H;!HAVE_ARGP_H && 1;artifact;306;307
examples/samplesshd-kbdint.c;1;!HAVE_ARGP_H;!HAVE_ARGP_H && 1;endif;308;308
examples/samplesshd-kbdint.c;1;WITH_PCAP;1 && WITH_PCAP;if;309;309
examples/samplesshd-kbdint.c;1;WITH_PCAP;1 && WITH_PCAP;artifact;310;310
examples/samplesshd-kbdint.c;1;WITH_PCAP;1 && WITH_PCAP;endif;311;311
examples/samplesshd-kbdint.c;1;1;1;artifact;312;407
examples/samplesshd-kbdint.c;1;WITH_PCAP;1 && WITH_PCAP;if;408;408
examples/samplesshd-kbdint.c;1;WITH_PCAP;1 && WITH_PCAP;artifact;409;409
examples/samplesshd-kbdint.c;1;WITH_PCAP;1 && WITH_PCAP;endif;410;410
examples/samplesshd-kbdint.c;1;1;1;artifact;411;415
examples/senddata.c;1;1;1;ROOT;1;66
examples/senddata.c;1;1;1;artifact;1;65
examples/ssh_X11_client.c;1;1;1;ROOT;1;952
examples/ssh_X11_client.c;1;1;1;artifact;1;246
examples/ssh_X11_client.c;1;IUCLC;1 && IUCLC;if;247;247
examples/ssh_X11_client.c;1;IUCLC;1 && IUCLC;artifact;248;248
examples/ssh_X11_client.c;1;IUCLC;1 && IUCLC;endif;249;249
examples/ssh_X11_client.c;1;1;1;artifact;250;250
examples/ssh_X11_client.c;1;IEXTEN;1 && IEXTEN;if;251;251
examples/ssh_X11_client.c;1;IEXTEN;1 && IEXTEN;artifact;252;252
examples/ssh_X11_client.c;1;IEXTEN;1 && IEXTEN;endif;253;253
examples/ssh_X11_client.c;1;1;1;artifact;254;951
examples/ssh_client.c;1;1;1;ROOT;1;456
examples/ssh_client.c;1;1;1;artifact;1;24
examples/ssh_client.c;1;HAVE_TERMIOS_H;1 && HAVE_TERMIOS_H;if;25;25
examples/ssh_client.c;1;HAVE_TERMIOS_H;1 && HAVE_TERMIOS_H;artifact;26;26
examples/ssh_client.c;1;HAVE_TERMIOS_H;1 && HAVE_TERMIOS_H;endif;27;27
examples/ssh_client.c;1;HAVE_UNISTD_H;1 && HAVE_UNISTD_H;if;28;28
examples/ssh_client.c;1;HAVE_UNISTD_H;1 && HAVE_UNISTD_H;artifact;29;29
examples/ssh_client.c;1;HAVE_UNISTD_H;1 && HAVE_UNISTD_H;endif;30;30
examples/ssh_client.c;1;HAVE_PTY_H;1 && HAVE_PTY_H;if;31;31
examples/ssh_client.c;1;HAVE_PTY_H;1 && HAVE_PTY_H;artifact;32;32
examples/ssh_client.c;1;HAVE_PTY_H;1 && HAVE_PTY_H;endif;33;33
examples/ssh_client.c;1;1;1;artifact;34;98
examples/ssh_client.c;1;WITH_PCAP;1 && WITH_PCAP;if;99;99
examples/ssh_client.c;1;WITH_PCAP;1 && WITH_PCAP;artifact;100;100
examples/ssh_client.c;1;WITH_PCAP;1 && WITH_PCAP;endif;101;101
examples/ssh_client.c;1;!_WIN32;1 && !_WIN32;if;102;102
examples/ssh_client.c;1;!_WIN32;1 && !_WIN32;artifact;103;103
examples/ssh_client.c;1;!_WIN32;1 && !_WIN32;endif;104;104
examples/ssh_client.c;1;1;1;artifact;105;122
examples/ssh_client.c;1;!_WIN32;1 && !_WIN32;if;123;123
examples/ssh_client.c;1;!_WIN32;1 && !_WIN32;artifact;124;126
examples/ssh_client.c;1;!_WIN32;1 && !_WIN32;endif;127;127
examples/ssh_client.c;1;1;1;artifact;128;147
examples/ssh_client.c;1;!HAVE_CFMAKERAW;1 && !HAVE_CFMAKERAW;if;148;148
examples/ssh_client.c;1;!HAVE_CFMAKERAW;1 && !HAVE_CFMAKERAW;artifact;149;156
examples/ssh_client.c;1;!HAVE_CFMAKERAW;1 && !HAVE_CFMAKERAW;endif;157;157
examples/ssh_client.c;1;1;1;artifact;158;178
examples/ssh_client.c;1;SIGWINCH;1 && SIGWINCH;if;179;179
examples/ssh_client.c;1;SIGWINCH;1 && SIGWINCH;artifact;180;184
examples/ssh_client.c;1;SIGWINCH;1 && SIGWINCH;endif;185;185
examples/ssh_client.c;1;1;1;artifact;186;188
examples/ssh_client.c;1;SIGWINCH;1 && SIGWINCH;if;189;189
examples/ssh_client.c;1;SIGWINCH;1 && SIGWINCH;artifact;190;190
examples/ssh_client.c;1;SIGWINCH;1 && SIGWINCH;endif;191;191
examples/ssh_client.c;1;1;1;artifact;192;455
examples/ssh_server.c;1;1;1;ROOT;1;979
examples/ssh_server.c;1;1;1;artifact;1;19
examples/ssh_server.c;1;HAVE_ARGP_H;1 && HAVE_ARGP_H;if;20;20
examples/ssh_server.c;1;HAVE_ARGP_H;1 && HAVE_ARGP_H;artifact;21;21
examples/ssh_server.c;1;HAVE_ARGP_H;1 && HAVE_ARGP_H;endif;22;22
examples/ssh_server.c;1;1;1;artifact;23;23
examples/ssh_server.c;1;HAVE_LIBUTIL_H;1 && HAVE_LIBUTIL_H;if;24;24
examples/ssh_server.c;1;HAVE_LIBUTIL_H;1 && HAVE_LIBUTIL_H;artifact;25;25
examples/ssh_server.c;1;HAVE_LIBUTIL_H;1 && HAVE_LIBUTIL_H;endif;26;26
examples/ssh_server.c;1;1;1;artifact;27;27
examples/ssh_server.c;1;HAVE_PTY_H;1 && HAVE_PTY_H;if;28;28
examples/ssh_server.c;1;HAVE_PTY_H;1 && HAVE_PTY_H;artifact;29;29
examples/ssh_server.c;1;HAVE_PTY_H;1 && HAVE_PTY_H;endif;30;30
examples/ssh_server.c;1;1;1;artifact;31;32
examples/ssh_server.c;1;HAVE_UTMP_H;1 && HAVE_UTMP_H;if;33;33
examples/ssh_server.c;1;HAVE_UTMP_H;1 && HAVE_UTMP_H;artifact;34;34
examples/ssh_server.c;1;HAVE_UTMP_H;1 && HAVE_UTMP_H;endif;35;35
examples/ssh_server.c;1;HAVE_UTIL_H;1 && HAVE_UTIL_H;if;36;36
examples/ssh_server.c;1;HAVE_UTIL_H;1 && HAVE_UTIL_H;artifact;37;37
examples/ssh_server.c;1;HAVE_UTIL_H;1 && HAVE_UTIL_H;endif;38;38
examples/ssh_server.c;1;1;1;artifact;39;43
examples/ssh_server.c;1;!BUF_SIZE;1 && !BUF_SIZE;if;44;44
examples/ssh_server.c;1;!BUF_SIZE;1 && !BUF_SIZE;artifact;45;45
examples/ssh_server.c;1;!BUF_SIZE;1 && !BUF_SIZE;endif;46;46
examples/ssh_server.c;1;1;1;artifact;47;55
examples/ssh_server.c;1;HAVE_ARGP_H;1 && HAVE_ARGP_H;if;56;56
examples/ssh_server.c;1;HAVE_ARGP_H;1 && HAVE_ARGP_H;artifact;57;190
examples/ssh_server.c;1;!HAVE_ARGP_H;!HAVE_ARGP_H && 1;else;191;191
examples/ssh_server.c;1;!HAVE_ARGP_H;!HAVE_ARGP_H && 1;artifact;192;266
examples/ssh_server.c;1;!HAVE_ARGP_H;!HAVE_ARGP_H && 1;endif;267;267
examples/ssh_server.c;1;1;1;artifact;268;838
examples/ssh_server.c;1;WITH_FORK;1 && WITH_FORK;if;839;839
examples/ssh_server.c;1;WITH_FORK;1 && WITH_FORK;artifact;840;845
examples/ssh_server.c;1;!WITH_FORK;!WITH_FORK && 1;else;846;846
examples/ssh_server.c;1;!WITH_FORK;!WITH_FORK && 1;artifact;847;864
examples/ssh_server.c;1;!WITH_FORK;!WITH_FORK && 1;endif;865;865
examples/ssh_server.c;1;1;1;artifact;866;871
examples/ssh_server.c;1;WITH_FORK;1 && WITH_FORK;if;872;872
examples/ssh_server.c;1;WITH_FORK;1 && WITH_FORK;artifact;873;882
examples/ssh_server.c;1;WITH_FORK;1 && WITH_FORK;endif;883;883
examples/ssh_server.c;1;1;1;artifact;884;897
examples/ssh_server.c;1;HAVE_ARGP_H;1 && HAVE_ARGP_H;if;898;898
examples/ssh_server.c;1;HAVE_ARGP_H;1 && HAVE_ARGP_H;artifact;899;899
examples/ssh_server.c;1;!HAVE_ARGP_H;!HAVE_ARGP_H && 1;else;900;900
examples/ssh_server.c;1;!HAVE_ARGP_H;!HAVE_ARGP_H && 1;artifact;901;905
examples/ssh_server.c;1;!HAVE_ARGP_H;!HAVE_ARGP_H && 1;endif;906;906
examples/ssh_server.c;1;1;1;artifact;907;925
examples/ssh_server.c;1;WITH_FORK;1 && WITH_FORK;if;926;926
examples/ssh_server.c;1;WITH_FORK;1 && WITH_FORK;artifact;927;954
examples/ssh_server.c;1;!WITH_FORK;!WITH_FORK && 1;else;955;955
examples/ssh_server.c;1;!WITH_FORK;!WITH_FORK && 1;artifact;956;963
examples/ssh_server.c;1;!WITH_FORK;!WITH_FORK && 1;endif;964;964
examples/ssh_server.c;1;1;1;artifact;965;978
examples/sshd_direct-tcpip.c;1;1;1;ROOT;1;748
examples/sshd_direct-tcpip.c;1;1;1;artifact;1;26
examples/sshd_direct-tcpip.c;1;HAVE_ARGP_H;1 && HAVE_ARGP_H;if;27;27
examples/sshd_direct-tcpip.c;1;HAVE_ARGP_H;1 && HAVE_ARGP_H;artifact;28;28
examples/sshd_direct-tcpip.c;1;HAVE_ARGP_H;1 && HAVE_ARGP_H;endif;29;29
examples/sshd_direct-tcpip.c;1;!_WIN32;1 && !_WIN32;if;30;30
examples/sshd_direct-tcpip.c;1;!_WIN32;1 && !_WIN32;artifact;31;31
examples/sshd_direct-tcpip.c;1;!_WIN32;1 && !_WIN32;endif;32;32
examples/sshd_direct-tcpip.c;1;1;1;artifact;33;40
examples/sshd_direct-tcpip.c;1;!BUF_SIZE;1 && !BUF_SIZE;if;41;41
examples/sshd_direct-tcpip.c;1;!BUF_SIZE;1 && !BUF_SIZE;artifact;42;42
examples/sshd_direct-tcpip.c;1;!BUF_SIZE;1 && !BUF_SIZE;endif;43;43
examples/sshd_direct-tcpip.c;1;1;1;artifact;44;46
examples/sshd_direct-tcpip.c;1;!__unused__;1 && !__unused__;if;47;47
examples/sshd_direct-tcpip.c;1;HAVE_UNUSED_ATTRIBUTE;1 && !__unused__ && HAVE_UNUSED_ATTRIBUTE;if;48;48
examples/sshd_direct-tcpip.c;1;HAVE_UNUSED_ATTRIBUTE;1 && !__unused__ && HAVE_UNUSED_ATTRIBUTE;artifact;49;49
examples/sshd_direct-tcpip.c;1;!HAVE_UNUSED_ATTRIBUTE;!HAVE_UNUSED_ATTRIBUTE && 1 && !__unused__;else;50;50
examples/sshd_direct-tcpip.c;1;!HAVE_UNUSED_ATTRIBUTE;!HAVE_UNUSED_ATTRIBUTE && 1 && !__unused__;artifact;51;51
examples/sshd_direct-tcpip.c;1;!HAVE_UNUSED_ATTRIBUTE;!HAVE_UNUSED_ATTRIBUTE && 1 && !__unused__;endif;52;52
examples/sshd_direct-tcpip.c;1;!__unused__;1 && !__unused__;endif;53;53
examples/sshd_direct-tcpip.c;1;1;1;artifact;54;54
examples/sshd_direct-tcpip.c;1;!UNUSED_PARAM;1 && !UNUSED_PARAM;if;55;55
examples/sshd_direct-tcpip.c;1;!UNUSED_PARAM;1 && !UNUSED_PARAM;artifact;56;56
examples/sshd_direct-tcpip.c;1;!UNUSED_PARAM;1 && !UNUSED_PARAM;endif;57;57
examples/sshd_direct-tcpip.c;1;1;1;artifact;58;58
examples/sshd_direct-tcpip.c;1;!KEYS_FOLDER;1 && !KEYS_FOLDER;if;59;59
examples/sshd_direct-tcpip.c;1;_WIN32;1 && !KEYS_FOLDER && _WIN32;if;60;60
examples/sshd_direct-tcpip.c;1;_WIN32;1 && !KEYS_FOLDER && _WIN32;artifact;61;61
examples/sshd_direct-tcpip.c;1;!_WIN32;!_WIN32 && 1 && !KEYS_FOLDER;else;62;62
examples/sshd_direct-tcpip.c;1;!_WIN32;!_WIN32 && 1 && !KEYS_FOLDER;artifact;63;63
examples/sshd_direct-tcpip.c;1;!_WIN32;!_WIN32 && 1 && !KEYS_FOLDER;endif;64;64
examples/sshd_direct-tcpip.c;1;!KEYS_FOLDER;1 && !KEYS_FOLDER;endif;65;65
examples/sshd_direct-tcpip.c;1;1;1;artifact;66;251
examples/sshd_direct-tcpip.c;1;_WIN32;1 && _WIN32;if;252;252
examples/sshd_direct-tcpip.c;1;_WIN32;1 && _WIN32;artifact;253;253
examples/sshd_direct-tcpip.c;1;!_WIN32;!_WIN32 && 1;else;254;254
examples/sshd_direct-tcpip.c;1;!_WIN32;!_WIN32 && 1;artifact;255;255
examples/sshd_direct-tcpip.c;1;!_WIN32;!_WIN32 && 1;endif;256;256
examples/sshd_direct-tcpip.c;1;1;1;artifact;257;407
examples/sshd_direct-tcpip.c;1;_WIN32;1 && _WIN32;if;408;408
examples/sshd_direct-tcpip.c;1;_WIN32;1 && _WIN32;artifact;409;411
examples/sshd_direct-tcpip.c;1;!_WIN32;!_WIN32 && 1;else;412;412
examples/sshd_direct-tcpip.c;1;!_WIN32;!_WIN32 && 1;artifact;413;413
examples/sshd_direct-tcpip.c;1;!_WIN32;!_WIN32 && 1;endif;414;414
examples/sshd_direct-tcpip.c;1;1;1;artifact;415;441
examples/sshd_direct-tcpip.c;1;_WIN32;1 && _WIN32;if;442;442
examples/sshd_direct-tcpip.c;1;_WIN32;1 && _WIN32;artifact;443;443
examples/sshd_direct-tcpip.c;1;!_WIN32;!_WIN32 && 1;else;444;444
examples/sshd_direct-tcpip.c;1;!_WIN32;!_WIN32 && 1;artifact;445;445
examples/sshd_direct-tcpip.c;1;!_WIN32;!_WIN32 && 1;endif;446;446
examples/sshd_direct-tcpip.c;1;1;1;artifact;447;562
examples/sshd_direct-tcpip.c;1;HAVE_ARGP_H;1 && HAVE_ARGP_H;if;563;563
examples/sshd_direct-tcpip.c;1;HAVE_ARGP_H;1 && HAVE_ARGP_H;artifact;564;652
examples/sshd_direct-tcpip.c;1;HAVE_ARGP_H;1 && HAVE_ARGP_H;endif;653;653
examples/sshd_direct-tcpip.c;1;1;1;artifact;654;679
examples/sshd_direct-tcpip.c;1;HAVE_ARGP_H;1 && HAVE_ARGP_H;if;680;680
examples/sshd_direct-tcpip.c;1;HAVE_ARGP_H;1 && HAVE_ARGP_H;artifact;681;685
examples/sshd_direct-tcpip.c;1;!HAVE_ARGP_H;!HAVE_ARGP_H && 1;else;686;686
examples/sshd_direct-tcpip.c;1;!HAVE_ARGP_H;!HAVE_ARGP_H && 1;artifact;687;688
examples/sshd_direct-tcpip.c;1;!HAVE_ARGP_H;!HAVE_ARGP_H && 1;endif;689;689
examples/sshd_direct-tcpip.c;1;1;1;artifact;690;747
examples/sshnetcat.c;1;1;1;ROOT;1;275
examples/sshnetcat.c;1;1;1;artifact;1;17
examples/sshnetcat.c;1;HAVE_TERMIOS_H;1 && HAVE_TERMIOS_H;if;18;18
examples/sshnetcat.c;1;HAVE_TERMIOS_H;1 && HAVE_TERMIOS_H;artifact;19;19
examples/sshnetcat.c;1;HAVE_TERMIOS_H;1 && HAVE_TERMIOS_H;endif;20;20
examples/sshnetcat.c;1;HAVE_UNISTD_H;1 && HAVE_UNISTD_H;if;21;21
examples/sshnetcat.c;1;HAVE_UNISTD_H;1 && HAVE_UNISTD_H;artifact;22;22
examples/sshnetcat.c;1;HAVE_UNISTD_H;1 && HAVE_UNISTD_H;endif;23;23
examples/sshnetcat.c;1;1;1;artifact;24;37
examples/sshnetcat.c;1;!BUF_SIZE;1 && !BUF_SIZE;if;38;38
examples/sshnetcat.c;1;!BUF_SIZE;1 && !BUF_SIZE;artifact;39;39
examples/sshnetcat.c;1;!BUF_SIZE;1 && !BUF_SIZE;endif;40;40
examples/sshnetcat.c;1;1;1;artifact;41;45
examples/sshnetcat.c;1;WITH_PCAP;1 && WITH_PCAP;if;46;46
examples/sshnetcat.c;1;WITH_PCAP;1 && WITH_PCAP;artifact;47;48
examples/sshnetcat.c;1;WITH_PCAP;1 && WITH_PCAP;endif;49;49
examples/sshnetcat.c;1;1;1;artifact;50;60
examples/sshnetcat.c;1;WITH_PCAP;1 && WITH_PCAP;if;61;61
examples/sshnetcat.c;1;WITH_PCAP;1 && WITH_PCAP;artifact;62;64
examples/sshnetcat.c;1;WITH_PCAP;1 && WITH_PCAP;endif;65;65
examples/sshnetcat.c;1;1;1;artifact;66;223
examples/sshnetcat.c;1;WITH_PCAP;1 && WITH_PCAP;if;224;224
examples/sshnetcat.c;1;WITH_PCAP;1 && WITH_PCAP;artifact;225;245
examples/sshnetcat.c;1;WITH_PCAP;1 && WITH_PCAP;endif;246;246
examples/sshnetcat.c;1;1;1;artifact;247;258
examples/sshnetcat.c;1;WITH_PCAP;1 && WITH_PCAP;if;259;259
examples/sshnetcat.c;1;WITH_PCAP;1 && WITH_PCAP;artifact;260;260
examples/sshnetcat.c;1;WITH_PCAP;1 && WITH_PCAP;endif;261;261
examples/sshnetcat.c;1;1;1;artifact;262;265
examples/sshnetcat.c;1;WITH_PCAP;1 && WITH_PCAP;if;266;266
examples/sshnetcat.c;1;WITH_PCAP;1 && WITH_PCAP;artifact;267;267
examples/sshnetcat.c;1;WITH_PCAP;1 && WITH_PCAP;endif;268;268
examples/sshnetcat.c;1;1;1;artifact;269;274
include/libssh/agent.h;1;1;1;ROOT;1;128
include/libssh/agent.h;1;1;1;artifact;1;20
include/libssh/agent.h;1;!__AGENT_H;1 && !__AGENT_H;if;21;21
include/libssh/agent.h;1;!__AGENT_H;1 && !__AGENT_H;artifact;22;72
include/libssh/agent.h;1;__cplusplus;1 && !__AGENT_H && __cplusplus;if;73;73
include/libssh/agent.h;1;__cplusplus;1 && !__AGENT_H && __cplusplus;artifact;74;74
include/libssh/agent.h;1;__cplusplus;1 && !__AGENT_H && __cplusplus;endif;75;75
include/libssh/agent.h;1;!__AGENT_H;1 && !__AGENT_H;artifact;76;121
include/libssh/agent.h;1;__cplusplus;1 && !__AGENT_H && __cplusplus;if;122;122
include/libssh/agent.h;1;__cplusplus;1 && !__AGENT_H && __cplusplus;artifact;123;123
include/libssh/agent.h;1;__cplusplus;1 && !__AGENT_H && __cplusplus;endif;124;124
include/libssh/agent.h;1;!__AGENT_H;1 && !__AGENT_H;artifact;125;125
include/libssh/agent.h;1;!__AGENT_H;1 && !__AGENT_H;endif;126;126
include/libssh/agent.h;1;1;1;artifact;127;127
include/libssh/auth.h;1;1;1;ROOT;1;113
include/libssh/auth.h;1;1;1;artifact;1;20
include/libssh/auth.h;1;!AUTH_H_;1 && !AUTH_H_;if;21;21
include/libssh/auth.h;1;!AUTH_H_;1 && !AUTH_H_;artifact;22;25
include/libssh/auth.h;1;__cplusplus;1 && !AUTH_H_ && __cplusplus;if;26;26
include/libssh/auth.h;1;__cplusplus;1 && !AUTH_H_ && __cplusplus;artifact;27;27
include/libssh/auth.h;1;__cplusplus;1 && !AUTH_H_ && __cplusplus;endif;28;28
include/libssh/auth.h;1;!AUTH_H_;1 && !AUTH_H_;artifact;29;106
include/libssh/auth.h;1;__cplusplus;1 && !AUTH_H_ && __cplusplus;if;107;107
include/libssh/auth.h;1;__cplusplus;1 && !AUTH_H_ && __cplusplus;artifact;108;108
include/libssh/auth.h;1;__cplusplus;1 && !AUTH_H_ && __cplusplus;endif;109;109
include/libssh/auth.h;1;!AUTH_H_;1 && !AUTH_H_;artifact;110;110
include/libssh/auth.h;1;!AUTH_H_;1 && !AUTH_H_;endif;111;111
include/libssh/auth.h;1;1;1;artifact;112;112
include/libssh/bignum.h;1;1;1;ROOT;1;42
include/libssh/bignum.h;1;1;1;artifact;1;20
include/libssh/bignum.h;1;!BIGNUM_H_;1 && !BIGNUM_H_;if;21;21
include/libssh/bignum.h;1;!BIGNUM_H_;1 && !BIGNUM_H_;artifact;22;27
include/libssh/bignum.h;1;__cplusplus;1 && !BIGNUM_H_ && __cplusplus;if;28;28
include/libssh/bignum.h;1;__cplusplus;1 && !BIGNUM_H_ && __cplusplus;artifact;29;29
include/libssh/bignum.h;1;__cplusplus;1 && !BIGNUM_H_ && __cplusplus;endif;30;30
include/libssh/bignum.h;1;!BIGNUM_H_;1 && !BIGNUM_H_;artifact;31;35
include/libssh/bignum.h;1;__cplusplus;1 && !BIGNUM_H_ && __cplusplus;if;36;36
include/libssh/bignum.h;1;__cplusplus;1 && !BIGNUM_H_ && __cplusplus;artifact;37;37
include/libssh/bignum.h;1;__cplusplus;1 && !BIGNUM_H_ && __cplusplus;endif;38;38
include/libssh/bignum.h;1;!BIGNUM_H_;1 && !BIGNUM_H_;artifact;39;39
include/libssh/bignum.h;1;!BIGNUM_H_;1 && !BIGNUM_H_;endif;40;40
include/libssh/bignum.h;1;1;1;artifact;41;41
include/libssh/bind.h;1;1;1;ROOT;1;68
include/libssh/bind.h;1;1;1;artifact;1;20
include/libssh/bind.h;1;!BIND_H_;1 && !BIND_H_;if;21;21
include/libssh/bind.h;1;!BIND_H_;1 && !BIND_H_;artifact;22;27
include/libssh/bind.h;1;__cplusplus;1 && !BIND_H_ && __cplusplus;if;28;28
include/libssh/bind.h;1;__cplusplus;1 && !BIND_H_ && __cplusplus;artifact;29;29
include/libssh/bind.h;1;__cplusplus;1 && !BIND_H_ && __cplusplus;endif;30;30
include/libssh/bind.h;1;!BIND_H_;1 && !BIND_H_;artifact;31;61
include/libssh/bind.h;1;__cplusplus;1 && !BIND_H_ && __cplusplus;if;62;62
include/libssh/bind.h;1;__cplusplus;1 && !BIND_H_ && __cplusplus;artifact;63;63
include/libssh/bind.h;1;__cplusplus;1 && !BIND_H_ && __cplusplus;endif;64;64
include/libssh/bind.h;1;!BIND_H_;1 && !BIND_H_;artifact;65;65
include/libssh/bind.h;1;!BIND_H_;1 && !BIND_H_;endif;66;66
include/libssh/bind.h;1;1;1;artifact;67;67
include/libssh/bind_config.h;1;1;1;ROOT;1;84
include/libssh/bind_config.h;1;1;1;artifact;1;25
include/libssh/bind_config.h;1;!BIND_CONFIG_H_;1 && !BIND_CONFIG_H_;if;26;26
include/libssh/bind_config.h;1;!BIND_CONFIG_H_;1 && !BIND_CONFIG_H_;artifact;27;30
include/libssh/bind_config.h;1;__cplusplus;1 && !BIND_CONFIG_H_ && __cplusplus;if;31;31
include/libssh/bind_config.h;1;__cplusplus;1 && !BIND_CONFIG_H_ && __cplusplus;artifact;32;32
include/libssh/bind_config.h;1;__cplusplus;1 && !BIND_CONFIG_H_ && __cplusplus;endif;33;33
include/libssh/bind_config.h;1;!BIND_CONFIG_H_;1 && !BIND_CONFIG_H_;artifact;34;77
include/libssh/bind_config.h;1;__cplusplus;1 && !BIND_CONFIG_H_ && __cplusplus;if;78;78
include/libssh/bind_config.h;1;__cplusplus;1 && !BIND_CONFIG_H_ && __cplusplus;artifact;79;79
include/libssh/bind_config.h;1;__cplusplus;1 && !BIND_CONFIG_H_ && __cplusplus;endif;80;80
include/libssh/bind_config.h;1;!BIND_CONFIG_H_;1 && !BIND_CONFIG_H_;artifact;81;81
include/libssh/bind_config.h;1;!BIND_CONFIG_H_;1 && !BIND_CONFIG_H_;endif;82;82
include/libssh/bind_config.h;1;1;1;artifact;83;83
include/libssh/blf.h;1;1;1;ROOT;1;95
include/libssh/blf.h;1;1;1;artifact;1;30
include/libssh/blf.h;1;!_BLF_H_;1 && !_BLF_H_;if;31;31
include/libssh/blf.h;1;!_BLF_H_;1 && !_BLF_H_;artifact;32;35
include/libssh/blf.h;1;!DEFINED___LB__HAVE_BCRYPT_PBKDF__RB__ && !DEFINED___LB__HAVE_BLH_H__RB__;1 && !_BLF_H_ && !DEFINED___LB__HAVE_BCRYPT_PBKDF__RB__ && !DEFINED___LB__HAVE_BLH_H__RB__;if;36;36
include/libssh/blf.h;1;!DEFINED___LB__HAVE_BCRYPT_PBKDF__RB__ && !DEFINED___LB__HAVE_BLH_H__RB__;1 && !_BLF_H_ && !DEFINED___LB__HAVE_BCRYPT_PBKDF__RB__ && !DEFINED___LB__HAVE_BLH_H__RB__;artifact;37;48
include/libssh/blf.h;1;__cplusplus;1 && !_BLF_H_ && !DEFINED___LB__HAVE_BCRYPT_PBKDF__RB__ && !DEFINED___LB__HAVE_BLH_H__RB__ && __cplusplus;if;49;49
include/libssh/blf.h;1;__cplusplus;1 && !_BLF_H_ && !DEFINED___LB__HAVE_BCRYPT_PBKDF__RB__ && !DEFINED___LB__HAVE_BLH_H__RB__ && __cplusplus;artifact;50;50
include/libssh/blf.h;1;__cplusplus;1 && !_BLF_H_ && !DEFINED___LB__HAVE_BCRYPT_PBKDF__RB__ && !DEFINED___LB__HAVE_BLH_H__RB__ && __cplusplus;endif;51;51
include/libssh/blf.h;1;!DEFINED___LB__HAVE_BCRYPT_PBKDF__RB__ && !DEFINED___LB__HAVE_BLH_H__RB__;1 && !_BLF_H_ && !DEFINED___LB__HAVE_BCRYPT_PBKDF__RB__ && !DEFINED___LB__HAVE_BLH_H__RB__;artifact;52;86
include/libssh/blf.h;1;!DEFINED___LB__HAVE_BCRYPT_PBKDF__RB__ && !DEFINED___LB__HAVE_BLH_H__RB__;1 && !_BLF_H_ && !DEFINED___LB__HAVE_BCRYPT_PBKDF__RB__ && !DEFINED___LB__HAVE_BLH_H__RB__;endif;87;87
include/libssh/blf.h;1;!_BLF_H_;1 && !_BLF_H_;artifact;88;88
include/libssh/blf.h;1;__cplusplus;1 && !_BLF_H_ && __cplusplus;if;89;89
include/libssh/blf.h;1;__cplusplus;1 && !_BLF_H_ && __cplusplus;artifact;90;90
include/libssh/blf.h;1;__cplusplus;1 && !_BLF_H_ && __cplusplus;endif;91;91
include/libssh/blf.h;1;!_BLF_H_;1 && !_BLF_H_;artifact;92;92
include/libssh/blf.h;1;!_BLF_H_;1 && !_BLF_H_;endif;93;93
include/libssh/blf.h;1;1;1;artifact;94;94
include/libssh/buffer.h;1;1;1;ROOT;1;83
include/libssh/buffer.h;1;1;1;artifact;1;20
include/libssh/buffer.h;1;!BUFFER_H_;1 && !BUFFER_H_;if;21;21
include/libssh/buffer.h;1;!BUFFER_H_;1 && !BUFFER_H_;artifact;22;29
include/libssh/buffer.h;1;__cplusplus;1 && !BUFFER_H_ && __cplusplus;if;30;30
include/libssh/buffer.h;1;__cplusplus;1 && !BUFFER_H_ && __cplusplus;artifact;31;31
include/libssh/buffer.h;1;__cplusplus;1 && !BUFFER_H_ && __cplusplus;endif;32;32
include/libssh/buffer.h;1;!BUFFER_H_;1 && !BUFFER_H_;artifact;33;76
include/libssh/buffer.h;1;__cplusplus;1 && !BUFFER_H_ && __cplusplus;if;77;77
include/libssh/buffer.h;1;__cplusplus;1 && !BUFFER_H_ && __cplusplus;artifact;78;78
include/libssh/buffer.h;1;__cplusplus;1 && !BUFFER_H_ && __cplusplus;endif;79;79
include/libssh/buffer.h;1;!BUFFER_H_;1 && !BUFFER_H_;artifact;80;80
include/libssh/buffer.h;1;!BUFFER_H_;1 && !BUFFER_H_;endif;81;81
include/libssh/buffer.h;1;1;1;artifact;82;82
include/libssh/bytearray.h;1;1;1;ROOT;1;92
include/libssh/bytearray.h;1;1;1;artifact;1;19
include/libssh/bytearray.h;1;!_BYTEARRAY_H;1 && !_BYTEARRAY_H;if;20;20
include/libssh/bytearray.h;1;!_BYTEARRAY_H;1 && !_BYTEARRAY_H;artifact;21;89
include/libssh/bytearray.h;1;!_BYTEARRAY_H;1 && !_BYTEARRAY_H;endif;90;90
include/libssh/bytearray.h;1;1;1;artifact;91;91
include/libssh/callbacks.h;1;1;1;ROOT;1;1126
include/libssh/callbacks.h;1;1;1;artifact;1;24
include/libssh/callbacks.h;1;!_SSH_CALLBACK_H;1 && !_SSH_CALLBACK_H;if;25;25
include/libssh/callbacks.h;1;!_SSH_CALLBACK_H;1 && !_SSH_CALLBACK_H;artifact;26;31
include/libssh/callbacks.h;1;__cplusplus;1 && !_SSH_CALLBACK_H && __cplusplus;if;32;32
include/libssh/callbacks.h;1;__cplusplus;1 && !_SSH_CALLBACK_H && __cplusplus;artifact;33;33
include/libssh/callbacks.h;1;__cplusplus;1 && !_SSH_CALLBACK_H && __cplusplus;endif;34;34
include/libssh/callbacks.h;1;!_SSH_CALLBACK_H;1 && !_SSH_CALLBACK_H;artifact;35;1117
include/libssh/callbacks.h;1;__cplusplus;1 && !_SSH_CALLBACK_H && __cplusplus;if;1118;1118
include/libssh/callbacks.h;1;__cplusplus;1 && !_SSH_CALLBACK_H && __cplusplus;artifact;1119;1119
include/libssh/callbacks.h;1;__cplusplus;1 && !_SSH_CALLBACK_H && __cplusplus;endif;1120;1120
include/libssh/callbacks.h;1;!_SSH_CALLBACK_H;1 && !_SSH_CALLBACK_H;artifact;1121;1121
include/libssh/callbacks.h;1;!_SSH_CALLBACK_H;1 && !_SSH_CALLBACK_H;endif;1122;1122
include/libssh/callbacks.h;1;1;1;artifact;1123;1125
include/libssh/chacha.h;1;1;1;ROOT;1;50
include/libssh/chacha.h;1;1;1;artifact;1;8
include/libssh/chacha.h;1;!CHACHA_H;1 && !CHACHA_H;if;9;9
include/libssh/chacha.h;1;!CHACHA_H;1 && !CHACHA_H;artifact;10;20
include/libssh/chacha.h;1;__cplusplus;1 && !CHACHA_H && __cplusplus;if;21;21
include/libssh/chacha.h;1;__cplusplus;1 && !CHACHA_H && __cplusplus;artifact;22;22
include/libssh/chacha.h;1;__cplusplus;1 && !CHACHA_H && __cplusplus;endif;23;23
include/libssh/chacha.h;1;!CHACHA_H;1 && !CHACHA_H;artifact;24;25
include/libssh/chacha.h;1;HAVE_GCC_BOUNDED_ATTRIBUTE;1 && !CHACHA_H && HAVE_GCC_BOUNDED_ATTRIBUTE;if;26;26
include/libssh/chacha.h;1;HAVE_GCC_BOUNDED_ATTRIBUTE;1 && !CHACHA_H && HAVE_GCC_BOUNDED_ATTRIBUTE;artifact;27;27
include/libssh/chacha.h;1;HAVE_GCC_BOUNDED_ATTRIBUTE;1 && !CHACHA_H && HAVE_GCC_BOUNDED_ATTRIBUTE;endif;28;28
include/libssh/chacha.h;1;!CHACHA_H;1 && !CHACHA_H;artifact;29;30
include/libssh/chacha.h;1;HAVE_GCC_BOUNDED_ATTRIBUTE;1 && !CHACHA_H && HAVE_GCC_BOUNDED_ATTRIBUTE;if;31;31
include/libssh/chacha.h;1;HAVE_GCC_BOUNDED_ATTRIBUTE;1 && !CHACHA_H && HAVE_GCC_BOUNDED_ATTRIBUTE;artifact;32;33
include/libssh/chacha.h;1;HAVE_GCC_BOUNDED_ATTRIBUTE;1 && !CHACHA_H && HAVE_GCC_BOUNDED_ATTRIBUTE;endif;34;34
include/libssh/chacha.h;1;!CHACHA_H;1 && !CHACHA_H;artifact;35;37
include/libssh/chacha.h;1;HAVE_GCC_BOUNDED_ATTRIBUTE;1 && !CHACHA_H && HAVE_GCC_BOUNDED_ATTRIBUTE;if;38;38
include/libssh/chacha.h;1;HAVE_GCC_BOUNDED_ATTRIBUTE;1 && !CHACHA_H && HAVE_GCC_BOUNDED_ATTRIBUTE;artifact;39;40
include/libssh/chacha.h;1;HAVE_GCC_BOUNDED_ATTRIBUTE;1 && !CHACHA_H && HAVE_GCC_BOUNDED_ATTRIBUTE;endif;41;41
include/libssh/chacha.h;1;!CHACHA_H;1 && !CHACHA_H;artifact;42;43
include/libssh/chacha.h;1;__cplusplus;1 && !CHACHA_H && __cplusplus;if;44;44
include/libssh/chacha.h;1;__cplusplus;1 && !CHACHA_H && __cplusplus;artifact;45;45
include/libssh/chacha.h;1;__cplusplus;1 && !CHACHA_H && __cplusplus;endif;46;46
include/libssh/chacha.h;1;!CHACHA_H;1 && !CHACHA_H;artifact;47;47
include/libssh/chacha.h;1;!CHACHA_H;1 && !CHACHA_H;endif;48;48
include/libssh/chacha.h;1;1;1;artifact;49;49
include/libssh/chacha20-poly1305-common.h;1;1;1;ROOT;1;56
include/libssh/chacha20-poly1305-common.h;1;1;1;artifact;1;28
include/libssh/chacha20-poly1305-common.h;1;!CHACHA20_POLY1305_H;1 && !CHACHA20_POLY1305_H;if;29;29
include/libssh/chacha20-poly1305-common.h;1;!CHACHA20_POLY1305_H;1 && !CHACHA20_POLY1305_H;artifact;30;38
include/libssh/chacha20-poly1305-common.h;1;_MSC_VER;1 && !CHACHA20_POLY1305_H && _MSC_VER;if;39;39
include/libssh/chacha20-poly1305-common.h;1;_MSC_VER;1 && !CHACHA20_POLY1305_H && _MSC_VER;artifact;40;40
include/libssh/chacha20-poly1305-common.h;1;_MSC_VER;1 && !CHACHA20_POLY1305_H && _MSC_VER;endif;41;41
include/libssh/chacha20-poly1305-common.h;1;!CHACHA20_POLY1305_H;1 && !CHACHA20_POLY1305_H;artifact;42;45
include/libssh/chacha20-poly1305-common.h;1;DEFINED___LB____GNUC____RB__;1 && !CHACHA20_POLY1305_H && DEFINED___LB____GNUC____RB__;if;46;46
include/libssh/chacha20-poly1305-common.h;1;DEFINED___LB____GNUC____RB__;1 && !CHACHA20_POLY1305_H && DEFINED___LB____GNUC____RB__;artifact;47;47
include/libssh/chacha20-poly1305-common.h;1;DEFINED___LB____GNUC____RB__;1 && !CHACHA20_POLY1305_H && DEFINED___LB____GNUC____RB__;endif;48;48
include/libssh/chacha20-poly1305-common.h;1;_MSC_VER;1 && !CHACHA20_POLY1305_H && _MSC_VER;if;49;49
include/libssh/chacha20-poly1305-common.h;1;_MSC_VER;1 && !CHACHA20_POLY1305_H && _MSC_VER;artifact;50;50
include/libssh/chacha20-poly1305-common.h;1;_MSC_VER;1 && !CHACHA20_POLY1305_H && _MSC_VER;endif;51;51
include/libssh/chacha20-poly1305-common.h;1;!CHACHA20_POLY1305_H;1 && !CHACHA20_POLY1305_H;artifact;52;53
include/libssh/chacha20-poly1305-common.h;1;!CHACHA20_POLY1305_H;1 && !CHACHA20_POLY1305_H;endif;54;54
include/libssh/chacha20-poly1305-common.h;1;1;1;artifact;55;55
include/libssh/channels.h;1;1;1;ROOT;1;127
include/libssh/channels.h;1;1;1;artifact;1;20
include/libssh/channels.h;1;!CHANNELS_H_;1 && !CHANNELS_H_;if;21;21
include/libssh/channels.h;1;!CHANNELS_H_;1 && !CHANNELS_H_;artifact;22;24
include/libssh/channels.h;1;__cplusplus;1 && !CHANNELS_H_ && __cplusplus;if;25;25
include/libssh/channels.h;1;__cplusplus;1 && !CHANNELS_H_ && __cplusplus;artifact;26;26
include/libssh/channels.h;1;__cplusplus;1 && !CHANNELS_H_ && __cplusplus;endif;27;27
include/libssh/channels.h;1;!CHANNELS_H_;1 && !CHANNELS_H_;artifact;28;120
include/libssh/channels.h;1;__cplusplus;1 && !CHANNELS_H_ && __cplusplus;if;121;121
include/libssh/channels.h;1;__cplusplus;1 && !CHANNELS_H_ && __cplusplus;artifact;122;122
include/libssh/channels.h;1;__cplusplus;1 && !CHANNELS_H_ && __cplusplus;endif;123;123
include/libssh/channels.h;1;!CHANNELS_H_;1 && !CHANNELS_H_;artifact;124;124
include/libssh/channels.h;1;!CHANNELS_H_;1 && !CHANNELS_H_;endif;125;125
include/libssh/channels.h;1;1;1;artifact;126;126
include/libssh/config.h;1;1;1;ROOT;1;74
include/libssh/config.h;1;1;1;artifact;1;23
include/libssh/config.h;1;!LIBSSH_CONFIG_H_;1 && !LIBSSH_CONFIG_H_;if;24;24
include/libssh/config.h;1;!LIBSSH_CONFIG_H_;1 && !LIBSSH_CONFIG_H_;artifact;25;71
include/libssh/config.h;1;!LIBSSH_CONFIG_H_;1 && !LIBSSH_CONFIG_H_;endif;72;72
include/libssh/config.h;1;1;1;artifact;73;73
include/libssh/config_parser.h;1;1;1;ROOT;1;88
include/libssh/config_parser.h;1;1;1;artifact;1;25
include/libssh/config_parser.h;1;!CONFIG_PARSER_H_;1 && !CONFIG_PARSER_H_;if;26;26
include/libssh/config_parser.h;1;!CONFIG_PARSER_H_;1 && !CONFIG_PARSER_H_;artifact;27;28
include/libssh/config_parser.h;1;__cplusplus;1 && !CONFIG_PARSER_H_ && __cplusplus;if;29;29
include/libssh/config_parser.h;1;__cplusplus;1 && !CONFIG_PARSER_H_ && __cplusplus;artifact;30;30
include/libssh/config_parser.h;1;__cplusplus;1 && !CONFIG_PARSER_H_ && __cplusplus;endif;31;31
include/libssh/config_parser.h;1;!CONFIG_PARSER_H_;1 && !CONFIG_PARSER_H_;artifact;32;81
include/libssh/config_parser.h;1;__cplusplus;1 && !CONFIG_PARSER_H_ && __cplusplus;if;82;82
include/libssh/config_parser.h;1;__cplusplus;1 && !CONFIG_PARSER_H_ && __cplusplus;artifact;83;83
include/libssh/config_parser.h;1;__cplusplus;1 && !CONFIG_PARSER_H_ && __cplusplus;endif;84;84
include/libssh/config_parser.h;1;!CONFIG_PARSER_H_;1 && !CONFIG_PARSER_H_;artifact;85;85
include/libssh/config_parser.h;1;!CONFIG_PARSER_H_;1 && !CONFIG_PARSER_H_;endif;86;86
include/libssh/config_parser.h;1;1;1;artifact;87;87
include/libssh/crypto.h;1;1;1;ROOT;1;236
include/libssh/crypto.h;1;1;1;artifact;1;24
include/libssh/crypto.h;1;!_CRYPTO_H_;1 && !_CRYPTO_H_;if;25;25
include/libssh/crypto.h;1;!_CRYPTO_H_;1 && !_CRYPTO_H_;artifact;26;30
include/libssh/crypto.h;1;HAVE_LIBGCRYPT;1 && !_CRYPTO_H_ && HAVE_LIBGCRYPT;if;31;31
include/libssh/crypto.h;1;HAVE_LIBGCRYPT;1 && !_CRYPTO_H_ && HAVE_LIBGCRYPT;artifact;32;32
include/libssh/crypto.h;1;DEFINED___LB__HAVE_LIBMBEDCRYPTO__RB__ && !HAVE_LIBGCRYPT;DEFINED___LB__HAVE_LIBMBEDCRYPTO__RB__ && !HAVE_LIBGCRYPT && 1 && !_CRYPTO_H_;elif;33;33
include/libssh/crypto.h;1;DEFINED___LB__HAVE_LIBMBEDCRYPTO__RB__ && !HAVE_LIBGCRYPT;DEFINED___LB__HAVE_LIBMBEDCRYPTO__RB__ && !HAVE_LIBGCRYPT && 1 && !_CRYPTO_H_;artifact;34;34
include/libssh/crypto.h;1;DEFINED___LB__HAVE_LIBMBEDCRYPTO__RB__ && !HAVE_LIBGCRYPT;DEFINED___LB__HAVE_LIBMBEDCRYPTO__RB__ && !HAVE_LIBGCRYPT && 1 && !_CRYPTO_H_;endif;35;35
include/libssh/crypto.h;1;!_CRYPTO_H_;1 && !_CRYPTO_H_;artifact;36;37
include/libssh/crypto.h;1;cbc_encrypt;1 && !_CRYPTO_H_ && cbc_encrypt;if;38;38
include/libssh/crypto.h;1;cbc_encrypt;1 && !_CRYPTO_H_ && cbc_encrypt;artifact;39;39
include/libssh/crypto.h;1;cbc_encrypt;1 && !_CRYPTO_H_ && cbc_encrypt;endif;40;40
include/libssh/crypto.h;1;cbc_decrypt;1 && !_CRYPTO_H_ && cbc_decrypt;if;41;41
include/libssh/crypto.h;1;cbc_decrypt;1 && !_CRYPTO_H_ && cbc_decrypt;artifact;42;42
include/libssh/crypto.h;1;cbc_decrypt;1 && !_CRYPTO_H_ && cbc_decrypt;endif;43;43
include/libssh/crypto.h;1;!_CRYPTO_H_;1 && !_CRYPTO_H_;artifact;44;44
include/libssh/crypto.h;1;HAVE_OPENSSL_ECDH_H;1 && !_CRYPTO_H_ && HAVE_OPENSSL_ECDH_H;if;45;45
include/libssh/crypto.h;1;HAVE_OPENSSL_ECDH_H;1 && !_CRYPTO_H_ && HAVE_OPENSSL_ECDH_H;artifact;46;46
include/libssh/crypto.h;1;HAVE_OPENSSL_ECDH_H;1 && !_CRYPTO_H_ && HAVE_OPENSSL_ECDH_H;endif;47;47
include/libssh/crypto.h;1;!_CRYPTO_H_;1 && !_CRYPTO_H_;artifact;48;62
include/libssh/crypto.h;1;WITH_GEX;1 && !_CRYPTO_H_ && WITH_GEX;if;63;63
include/libssh/crypto.h;1;WITH_GEX;1 && !_CRYPTO_H_ && WITH_GEX;artifact;64;67
include/libssh/crypto.h;1;WITH_GEX;1 && !_CRYPTO_H_ && WITH_GEX;endif;68;68
include/libssh/crypto.h;1;!_CRYPTO_H_;1 && !_CRYPTO_H_;artifact;69;88
include/libssh/crypto.h;1;HAVE_BLOWFISH;1 && !_CRYPTO_H_ && HAVE_BLOWFISH;if;89;89
include/libssh/crypto.h;1;HAVE_BLOWFISH;1 && !_CRYPTO_H_ && HAVE_BLOWFISH;artifact;90;90
include/libssh/crypto.h;1;HAVE_BLOWFISH;1 && !_CRYPTO_H_ && HAVE_BLOWFISH;endif;91;91
include/libssh/crypto.h;1;!_CRYPTO_H_;1 && !_CRYPTO_H_;artifact;92;108
include/libssh/crypto.h;1;WITH_GEX;1 && !_CRYPTO_H_ && WITH_GEX;if;109;109
include/libssh/crypto.h;1;WITH_GEX;1 && !_CRYPTO_H_ && WITH_GEX;artifact;110;110
include/libssh/crypto.h;1;WITH_GEX;1 && !_CRYPTO_H_ && WITH_GEX;endif;111;111
include/libssh/crypto.h;1;HAVE_ECDH;1 && !_CRYPTO_H_ && HAVE_ECDH;if;112;112
include/libssh/crypto.h;1;HAVE_OPENSSL_ECC;1 && !_CRYPTO_H_ && HAVE_ECDH && HAVE_OPENSSL_ECC;if;113;113
include/libssh/crypto.h;1;OPENSSL_VERSION_NUMBER__LT__0x30000000L;1 && !_CRYPTO_H_ && HAVE_ECDH && HAVE_OPENSSL_ECC && OPENSSL_VERSION_NUMBER__LT__0x30000000L;if;114;114
include/libssh/crypto.h;1;OPENSSL_VERSION_NUMBER__LT__0x30000000L;1 && !_CRYPTO_H_ && HAVE_ECDH && HAVE_OPENSSL_ECC && OPENSSL_VERSION_NUMBER__LT__0x30000000L;artifact;115;115
include/libssh/crypto.h;1;!OPENSSL_VERSION_NUMBER__LT__0x30000000L;!OPENSSL_VERSION_NUMBER__LT__0x30000000L && 1 && !_CRYPTO_H_ && HAVE_ECDH && HAVE_OPENSSL_ECC;else;116;116
include/libssh/crypto.h;1;!OPENSSL_VERSION_NUMBER__LT__0x30000000L;!OPENSSL_VERSION_NUMBER__LT__0x30000000L && 1 && !_CRYPTO_H_ && HAVE_ECDH && HAVE_OPENSSL_ECC;artifact;117;117
include/libssh/crypto.h;1;!OPENSSL_VERSION_NUMBER__LT__0x30000000L;!OPENSSL_VERSION_NUMBER__LT__0x30000000L && 1 && !_CRYPTO_H_ && HAVE_ECDH && HAVE_OPENSSL_ECC;endif;118;118
include/libssh/crypto.h;1;DEFINED_HAVE_GCRYPT_ECC && !HAVE_OPENSSL_ECC;DEFINED_HAVE_GCRYPT_ECC && !HAVE_OPENSSL_ECC && 1 && !_CRYPTO_H_ && HAVE_ECDH;elif;119;119
include/libssh/crypto.h;1;DEFINED_HAVE_GCRYPT_ECC && !HAVE_OPENSSL_ECC;DEFINED_HAVE_GCRYPT_ECC && !HAVE_OPENSSL_ECC && 1 && !_CRYPTO_H_ && HAVE_ECDH;artifact;120;120
include/libssh/crypto.h;1;DEFINED_HAVE_LIBMBEDCRYPTO && !DEFINED_HAVE_GCRYPT_ECC && !HAVE_OPENSSL_ECC;DEFINED_HAVE_LIBMBEDCRYPTO && !DEFINED_HAVE_GCRYPT_ECC && !HAVE_OPENSSL_ECC && 1 && !_CRYPTO_H_ && HAVE_ECDH;elif;121;121
include/libssh/crypto.h;1;DEFINED_HAVE_LIBMBEDCRYPTO && !DEFINED_HAVE_GCRYPT_ECC && !HAVE_OPENSSL_ECC;DEFINED_HAVE_LIBMBEDCRYPTO && !DEFINED_HAVE_GCRYPT_ECC && !HAVE_OPENSSL_ECC && 1 && !_CRYPTO_H_ && HAVE_ECDH;artifact;122;122
include/libssh/crypto.h;1;DEFINED_HAVE_LIBMBEDCRYPTO && !DEFINED_HAVE_GCRYPT_ECC && !HAVE_OPENSSL_ECC;DEFINED_HAVE_LIBMBEDCRYPTO && !DEFINED_HAVE_GCRYPT_ECC && !HAVE_OPENSSL_ECC && 1 && !_CRYPTO_H_ && HAVE_ECDH;endif;123;123
include/libssh/crypto.h;1;HAVE_ECDH;1 && !_CRYPTO_H_ && HAVE_ECDH;artifact;124;125
include/libssh/crypto.h;1;HAVE_ECDH;1 && !_CRYPTO_H_ && HAVE_ECDH;endif;126;126
include/libssh/crypto.h;1;HAVE_CURVE25519;1 && !_CRYPTO_H_ && HAVE_CURVE25519;if;127;127
include/libssh/crypto.h;1;HAVE_CURVE25519;1 && !_CRYPTO_H_ && HAVE_CURVE25519;artifact;128;130
include/libssh/crypto.h;1;HAVE_CURVE25519;1 && !_CRYPTO_H_ && HAVE_CURVE25519;endif;131;131
include/libssh/crypto.h;1;!_CRYPTO_H_;1 && !_CRYPTO_H_;artifact;132;169
include/libssh/crypto.h;1;HAVE_LIBGCRYPT;1 && !_CRYPTO_H_ && HAVE_LIBGCRYPT;if;170;170
include/libssh/crypto.h;1;HAVE_LIBGCRYPT;1 && !_CRYPTO_H_ && HAVE_LIBGCRYPT;artifact;171;172
include/libssh/crypto.h;1;DEFINED_HAVE_LIBCRYPTO && !HAVE_LIBGCRYPT;DEFINED_HAVE_LIBCRYPTO && !HAVE_LIBGCRYPT && 1 && !_CRYPTO_H_;elif;173;173
include/libssh/crypto.h;1;DEFINED_HAVE_LIBCRYPTO && !HAVE_LIBGCRYPT;DEFINED_HAVE_LIBCRYPTO && !HAVE_LIBGCRYPT && 1 && !_CRYPTO_H_;artifact;174;177
include/libssh/crypto.h;1;DEFINED_HAVE_LIBMBEDCRYPTO && !DEFINED_HAVE_LIBCRYPTO && !HAVE_LIBGCRYPT;DEFINED_HAVE_LIBMBEDCRYPTO && !DEFINED_HAVE_LIBCRYPTO && !HAVE_LIBGCRYPT && 1 && !_CRYPTO_H_;elif;178;178
include/libssh/crypto.h;1;DEFINED_HAVE_LIBMBEDCRYPTO && !DEFINED_HAVE_LIBCRYPTO && !HAVE_LIBGCRYPT;DEFINED_HAVE_LIBMBEDCRYPTO && !DEFINED_HAVE_LIBCRYPTO && !HAVE_LIBGCRYPT && 1 && !_CRYPTO_H_;artifact;179;181
include/libssh/crypto.h;1;MBEDTLS_GCM_C;DEFINED_HAVE_LIBMBEDCRYPTO && !DEFINED_HAVE_LIBCRYPTO && !HAVE_LIBGCRYPT && 1 && !_CRYPTO_H_ && MBEDTLS_GCM_C;if;182;182
include/libssh/crypto.h;1;MBEDTLS_GCM_C;DEFINED_HAVE_LIBMBEDCRYPTO && !DEFINED_HAVE_LIBCRYPTO && !HAVE_LIBGCRYPT && 1 && !_CRYPTO_H_ && MBEDTLS_GCM_C;artifact;183;184
include/libssh/crypto.h;1;MBEDTLS_GCM_C;DEFINED_HAVE_LIBMBEDCRYPTO && !DEFINED_HAVE_LIBCRYPTO && !HAVE_LIBGCRYPT && 1 && !_CRYPTO_H_ && MBEDTLS_GCM_C;endif;185;185
include/libssh/crypto.h;1;DEFINED_HAVE_LIBMBEDCRYPTO && !DEFINED_HAVE_LIBCRYPTO && !HAVE_LIBGCRYPT;DEFINED_HAVE_LIBMBEDCRYPTO && !DEFINED_HAVE_LIBCRYPTO && !HAVE_LIBGCRYPT && 1 && !_CRYPTO_H_;endif;186;186
include/libssh/crypto.h;1;!_CRYPTO_H_;1 && !_CRYPTO_H_;artifact;187;214
include/libssh/crypto.h;1;__cplusplus;1 && !_CRYPTO_H_ && __cplusplus;if;215;215
include/libssh/crypto.h;1;__cplusplus;1 && !_CRYPTO_H_ && __cplusplus;artifact;216;216
include/libssh/crypto.h;1;__cplusplus;1 && !_CRYPTO_H_ && __cplusplus;endif;217;217
include/libssh/crypto.h;1;!_CRYPTO_H_;1 && !_CRYPTO_H_;artifact;218;225
include/libssh/crypto.h;1;DEFINED___LB__HAVE_LIBCRYPTO__RB__ && !DEFINED___LB__WITH_PKCS11_PROVIDER__RB__;1 && !_CRYPTO_H_ && DEFINED___LB__HAVE_LIBCRYPTO__RB__ && !DEFINED___LB__WITH_PKCS11_PROVIDER__RB__;if;226;226
include/libssh/crypto.h;1;DEFINED___LB__HAVE_LIBCRYPTO__RB__ && !DEFINED___LB__WITH_PKCS11_PROVIDER__RB__;1 && !_CRYPTO_H_ && DEFINED___LB__HAVE_LIBCRYPTO__RB__ && !DEFINED___LB__WITH_PKCS11_PROVIDER__RB__;artifact;227;227
include/libssh/crypto.h;1;DEFINED___LB__HAVE_LIBCRYPTO__RB__ && !DEFINED___LB__WITH_PKCS11_PROVIDER__RB__;1 && !_CRYPTO_H_ && DEFINED___LB__HAVE_LIBCRYPTO__RB__ && !DEFINED___LB__WITH_PKCS11_PROVIDER__RB__;endif;228;228
include/libssh/crypto.h;1;!_CRYPTO_H_;1 && !_CRYPTO_H_;artifact;229;229
include/libssh/crypto.h;1;__cplusplus;1 && !_CRYPTO_H_ && __cplusplus;if;230;230
include/libssh/crypto.h;1;__cplusplus;1 && !_CRYPTO_H_ && __cplusplus;artifact;231;231
include/libssh/crypto.h;1;__cplusplus;1 && !_CRYPTO_H_ && __cplusplus;endif;232;232
include/libssh/crypto.h;1;!_CRYPTO_H_;1 && !_CRYPTO_H_;artifact;233;233
include/libssh/crypto.h;1;!_CRYPTO_H_;1 && !_CRYPTO_H_;endif;234;234
include/libssh/crypto.h;1;1;1;artifact;235;235
include/libssh/curve25519.h;1;1;1;ROOT;1;67
include/libssh/curve25519.h;1;1;1;artifact;1;20
include/libssh/curve25519.h;1;!CURVE25519_H_;1 && !CURVE25519_H_;if;21;21
include/libssh/curve25519.h;1;!CURVE25519_H_;1 && !CURVE25519_H_;artifact;22;26
include/libssh/curve25519.h;1;WITH_NACL;1 && !CURVE25519_H_ && WITH_NACL;if;27;27
include/libssh/curve25519.h;1;WITH_NACL;1 && !CURVE25519_H_ && WITH_NACL;artifact;28;33
include/libssh/curve25519.h;1;!WITH_NACL;!WITH_NACL && 1 && !CURVE25519_H_;else;34;34
include/libssh/curve25519.h;1;!WITH_NACL;!WITH_NACL && 1 && !CURVE25519_H_;artifact;35;35
include/libssh/curve25519.h;1;__cplusplus;!WITH_NACL && 1 && !CURVE25519_H_ && __cplusplus;if;36;36
include/libssh/curve25519.h;1;__cplusplus;!WITH_NACL && 1 && !CURVE25519_H_ && __cplusplus;artifact;37;37
include/libssh/curve25519.h;1;__cplusplus;!WITH_NACL && 1 && !CURVE25519_H_ && __cplusplus;endif;38;38
include/libssh/curve25519.h;1;!WITH_NACL;!WITH_NACL && 1 && !CURVE25519_H_;artifact;39;43
include/libssh/curve25519.h;1;!WITH_NACL;!WITH_NACL && 1 && !CURVE25519_H_;endif;44;44
include/libssh/curve25519.h;1;!CURVE25519_H_;1 && !CURVE25519_H_;artifact;45;45
include/libssh/curve25519.h;1;HAVE_ECC;1 && !CURVE25519_H_ && HAVE_ECC;if;46;46
include/libssh/curve25519.h;1;HAVE_ECC;1 && !CURVE25519_H_ && HAVE_ECC;artifact;47;47
include/libssh/curve25519.h;1;HAVE_ECC;1 && !CURVE25519_H_ && HAVE_ECC;endif;48;48
include/libssh/curve25519.h;1;!CURVE25519_H_;1 && !CURVE25519_H_;artifact;49;56
include/libssh/curve25519.h;1;WITH_SERVER;1 && !CURVE25519_H_ && WITH_SERVER;if;57;57
include/libssh/curve25519.h;1;WITH_SERVER;1 && !CURVE25519_H_ && WITH_SERVER;artifact;58;58
include/libssh/curve25519.h;1;WITH_SERVER;1 && !CURVE25519_H_ && WITH_SERVER;endif;59;59
include/libssh/curve25519.h;1;!CURVE25519_H_;1 && !CURVE25519_H_;artifact;60;60
include/libssh/curve25519.h;1;__cplusplus;1 && !CURVE25519_H_ && __cplusplus;if;61;61
include/libssh/curve25519.h;1;__cplusplus;1 && !CURVE25519_H_ && __cplusplus;artifact;62;62
include/libssh/curve25519.h;1;__cplusplus;1 && !CURVE25519_H_ && __cplusplus;endif;63;63
include/libssh/curve25519.h;1;!CURVE25519_H_;1 && !CURVE25519_H_;artifact;64;64
include/libssh/curve25519.h;1;!CURVE25519_H_;1 && !CURVE25519_H_;endif;65;65
include/libssh/curve25519.h;1;1;1;artifact;66;66
include/libssh/dh-gex.h;1;1;1;ROOT;1;43
include/libssh/dh-gex.h;1;1;1;artifact;1;22
include/libssh/dh-gex.h;1;!SRC_DH_GEX_H_;1 && !SRC_DH_GEX_H_;if;23;23
include/libssh/dh-gex.h;1;!SRC_DH_GEX_H_;1 && !SRC_DH_GEX_H_;artifact;24;25
include/libssh/dh-gex.h;1;__cplusplus;1 && !SRC_DH_GEX_H_ && __cplusplus;if;26;26
include/libssh/dh-gex.h;1;__cplusplus;1 && !SRC_DH_GEX_H_ && __cplusplus;artifact;27;27
include/libssh/dh-gex.h;1;__cplusplus;1 && !SRC_DH_GEX_H_ && __cplusplus;endif;28;28
include/libssh/dh-gex.h;1;!SRC_DH_GEX_H_;1 && !SRC_DH_GEX_H_;artifact;29;32
include/libssh/dh-gex.h;1;WITH_SERVER;1 && !SRC_DH_GEX_H_ && WITH_SERVER;if;33;33
include/libssh/dh-gex.h;1;WITH_SERVER;1 && !SRC_DH_GEX_H_ && WITH_SERVER;artifact;34;34
include/libssh/dh-gex.h;1;WITH_SERVER;1 && !SRC_DH_GEX_H_ && WITH_SERVER;endif;35;35
include/libssh/dh-gex.h;1;!SRC_DH_GEX_H_;1 && !SRC_DH_GEX_H_;artifact;36;36
include/libssh/dh-gex.h;1;__cplusplus;1 && !SRC_DH_GEX_H_ && __cplusplus;if;37;37
include/libssh/dh-gex.h;1;__cplusplus;1 && !SRC_DH_GEX_H_ && __cplusplus;artifact;38;38
include/libssh/dh-gex.h;1;__cplusplus;1 && !SRC_DH_GEX_H_ && __cplusplus;endif;39;39
include/libssh/dh-gex.h;1;!SRC_DH_GEX_H_;1 && !SRC_DH_GEX_H_;artifact;40;40
include/libssh/dh-gex.h;1;!SRC_DH_GEX_H_;1 && !SRC_DH_GEX_H_;endif;41;41
include/libssh/dh-gex.h;1;1;1;artifact;42;42
include/libssh/dh.h;1;1;1;ROOT;1;97
include/libssh/dh.h;1;1;1;artifact;1;20
include/libssh/dh.h;1;!DH_H_;1 && !DH_H_;if;21;21
include/libssh/dh.h;1;!DH_H_;1 && !DH_H_;artifact;22;32
include/libssh/dh.h;1;__cplusplus;1 && !DH_H_ && __cplusplus;if;33;33
include/libssh/dh.h;1;__cplusplus;1 && !DH_H_ && __cplusplus;artifact;34;34
include/libssh/dh.h;1;__cplusplus;1 && !DH_H_ && __cplusplus;endif;35;35
include/libssh/dh.h;1;!DH_H_;1 && !DH_H_;artifact;36;40
include/libssh/dh.h;1;!DEFINED___LB__HAVE_LIBCRYPTO__RB__ || OPENSSL_VERSION_NUMBER__LT__0x30000000L;1 && !DH_H_ && (!DEFINED___LB__HAVE_LIBCRYPTO__RB__ || OPENSSL_VERSION_NUMBER__LT__0x30000000L);if;41;41
include/libssh/dh.h;1;!DEFINED___LB__HAVE_LIBCRYPTO__RB__ || OPENSSL_VERSION_NUMBER__LT__0x30000000L;1 && !DH_H_ && (!DEFINED___LB__HAVE_LIBCRYPTO__RB__ || OPENSSL_VERSION_NUMBER__LT__0x30000000L);artifact;42;43
include/libssh/dh.h;1;DEFINED___LB__HAVE_LIBCRYPTO__RB__ && !OPENSSL_VERSION_NUMBER__LT__0x30000000L;DEFINED___LB__HAVE_LIBCRYPTO__RB__ && !OPENSSL_VERSION_NUMBER__LT__0x30000000L && 1 && !DH_H_;else;44;44
include/libssh/dh.h;1;DEFINED___LB__HAVE_LIBCRYPTO__RB__ && !OPENSSL_VERSION_NUMBER__LT__0x30000000L;DEFINED___LB__HAVE_LIBCRYPTO__RB__ && !OPENSSL_VERSION_NUMBER__LT__0x30000000L && 1 && !DH_H_;artifact;45;46
include/libssh/dh.h;1;DEFINED___LB__HAVE_LIBCRYPTO__RB__ && !OPENSSL_VERSION_NUMBER__LT__0x30000000L;DEFINED___LB__HAVE_LIBCRYPTO__RB__ && !OPENSSL_VERSION_NUMBER__LT__0x30000000L && 1 && !DH_H_;endif;47;47
include/libssh/dh.h;1;!DH_H_;1 && !DH_H_;artifact;48;51
include/libssh/dh.h;1;!DEFINED___LB__HAVE_LIBCRYPTO__RB__ || OPENSSL_VERSION_NUMBER__LT__0x30000000L;1 && !DH_H_ && (!DEFINED___LB__HAVE_LIBCRYPTO__RB__ || OPENSSL_VERSION_NUMBER__LT__0x30000000L);if;52;52
include/libssh/dh.h;1;!DEFINED___LB__HAVE_LIBCRYPTO__RB__ || OPENSSL_VERSION_NUMBER__LT__0x30000000L;1 && !DH_H_ && (!DEFINED___LB__HAVE_LIBCRYPTO__RB__ || OPENSSL_VERSION_NUMBER__LT__0x30000000L);artifact;53;54
include/libssh/dh.h;1;DEFINED___LB__HAVE_LIBCRYPTO__RB__ && !OPENSSL_VERSION_NUMBER__LT__0x30000000L;DEFINED___LB__HAVE_LIBCRYPTO__RB__ && !OPENSSL_VERSION_NUMBER__LT__0x30000000L && 1 && !DH_H_;else;55;55
include/libssh/dh.h;1;DEFINED___LB__HAVE_LIBCRYPTO__RB__ && !OPENSSL_VERSION_NUMBER__LT__0x30000000L;DEFINED___LB__HAVE_LIBCRYPTO__RB__ && !OPENSSL_VERSION_NUMBER__LT__0x30000000L && 1 && !DH_H_;artifact;56;57
include/libssh/dh.h;1;DEFINED___LB__HAVE_LIBCRYPTO__RB__ && !OPENSSL_VERSION_NUMBER__LT__0x30000000L;DEFINED___LB__HAVE_LIBCRYPTO__RB__ && !OPENSSL_VERSION_NUMBER__LT__0x30000000L && 1 && !DH_H_;endif;58;58
include/libssh/dh.h;1;!DH_H_;1 && !DH_H_;artifact;59;83
include/libssh/dh.h;1;WITH_SERVER;1 && !DH_H_ && WITH_SERVER;if;84;84
include/libssh/dh.h;1;WITH_SERVER;1 && !DH_H_ && WITH_SERVER;artifact;85;85
include/libssh/dh.h;1;WITH_SERVER;1 && !DH_H_ && WITH_SERVER;endif;86;86
include/libssh/dh.h;1;!DH_H_;1 && !DH_H_;artifact;87;90
include/libssh/dh.h;1;__cplusplus;1 && !DH_H_ && __cplusplus;if;91;91
include/libssh/dh.h;1;__cplusplus;1 && !DH_H_ && __cplusplus;artifact;92;92
include/libssh/dh.h;1;__cplusplus;1 && !DH_H_ && __cplusplus;endif;93;93
include/libssh/dh.h;1;!DH_H_;1 && !DH_H_;artifact;94;94
include/libssh/dh.h;1;!DH_H_;1 && !DH_H_;endif;95;95
include/libssh/dh.h;1;1;1;artifact;96;96
include/libssh/ecdh.h;1;1;1;ROOT;1;67
include/libssh/ecdh.h;1;1;1;artifact;1;20
include/libssh/ecdh.h;1;!ECDH_H_;1 && !ECDH_H_;if;21;21
include/libssh/ecdh.h;1;!ECDH_H_;1 && !ECDH_H_;artifact;22;26
include/libssh/ecdh.h;1;HAVE_LIBCRYPTO;1 && !ECDH_H_ && HAVE_LIBCRYPTO;if;27;27
include/libssh/ecdh.h;1;HAVE_OPENSSL_ECDH_H;1 && !ECDH_H_ && HAVE_LIBCRYPTO && HAVE_OPENSSL_ECDH_H;if;28;28
include/libssh/ecdh.h;1;HAVE_OPENSSL_ECDH_H;1 && !ECDH_H_ && HAVE_LIBCRYPTO && HAVE_OPENSSL_ECDH_H;artifact;29;29
include/libssh/ecdh.h;1;HAVE_ECC;1 && !ECDH_H_ && HAVE_LIBCRYPTO && HAVE_OPENSSL_ECDH_H && HAVE_ECC;if;30;30
include/libssh/ecdh.h;1;HAVE_ECC;1 && !ECDH_H_ && HAVE_LIBCRYPTO && HAVE_OPENSSL_ECDH_H && HAVE_ECC;artifact;31;31
include/libssh/ecdh.h;1;HAVE_ECC;1 && !ECDH_H_ && HAVE_LIBCRYPTO && HAVE_OPENSSL_ECDH_H && HAVE_ECC;endif;32;32
include/libssh/ecdh.h;1;HAVE_OPENSSL_ECDH_H;1 && !ECDH_H_ && HAVE_LIBCRYPTO && HAVE_OPENSSL_ECDH_H;artifact;33;33
include/libssh/ecdh.h;1;HAVE_OPENSSL_ECDH_H;1 && !ECDH_H_ && HAVE_LIBCRYPTO && HAVE_OPENSSL_ECDH_H;endif;34;34
include/libssh/ecdh.h;1;HAVE_LIBCRYPTO;1 && !ECDH_H_ && HAVE_LIBCRYPTO;endif;35;35
include/libssh/ecdh.h;1;!ECDH_H_;1 && !ECDH_H_;artifact;36;36
include/libssh/ecdh.h;1;HAVE_GCRYPT_ECC;1 && !ECDH_H_ && HAVE_GCRYPT_ECC;if;37;37
include/libssh/ecdh.h;1;HAVE_GCRYPT_ECC;1 && !ECDH_H_ && HAVE_GCRYPT_ECC;artifact;38;38
include/libssh/ecdh.h;1;HAVE_GCRYPT_ECC;1 && !ECDH_H_ && HAVE_GCRYPT_ECC;endif;39;39
include/libssh/ecdh.h;1;!ECDH_H_;1 && !ECDH_H_;artifact;40;40
include/libssh/ecdh.h;1;HAVE_LIBMBEDCRYPTO;1 && !ECDH_H_ && HAVE_LIBMBEDCRYPTO;if;41;41
include/libssh/ecdh.h;1;HAVE_LIBMBEDCRYPTO;1 && !ECDH_H_ && HAVE_LIBMBEDCRYPTO;artifact;42;42
include/libssh/ecdh.h;1;HAVE_LIBMBEDCRYPTO;1 && !ECDH_H_ && HAVE_LIBMBEDCRYPTO;endif;43;43
include/libssh/ecdh.h;1;!ECDH_H_;1 && !ECDH_H_;artifact;44;44
include/libssh/ecdh.h;1;__cplusplus;1 && !ECDH_H_ && __cplusplus;if;45;45
include/libssh/ecdh.h;1;__cplusplus;1 && !ECDH_H_ && __cplusplus;artifact;46;46
include/libssh/ecdh.h;1;__cplusplus;1 && !ECDH_H_ && __cplusplus;endif;47;47
include/libssh/ecdh.h;1;!ECDH_H_;1 && !ECDH_H_;artifact;48;54
include/libssh/ecdh.h;1;WITH_SERVER;1 && !ECDH_H_ && WITH_SERVER;if;55;55
include/libssh/ecdh.h;1;WITH_SERVER;1 && !ECDH_H_ && WITH_SERVER;artifact;56;58
include/libssh/ecdh.h;1;WITH_SERVER;1 && !ECDH_H_ && WITH_SERVER;endif;59;59
include/libssh/ecdh.h;1;!ECDH_H_;1 && !ECDH_H_;artifact;60;60
include/libssh/ecdh.h;1;__cplusplus;1 && !ECDH_H_ && __cplusplus;if;61;61
include/libssh/ecdh.h;1;__cplusplus;1 && !ECDH_H_ && __cplusplus;artifact;62;62
include/libssh/ecdh.h;1;__cplusplus;1 && !ECDH_H_ && __cplusplus;endif;63;63
include/libssh/ecdh.h;1;!ECDH_H_;1 && !ECDH_H_;artifact;64;64
include/libssh/ecdh.h;1;!ECDH_H_;1 && !ECDH_H_;endif;65;65
include/libssh/ecdh.h;1;1;1;artifact;66;66
include/libssh/ed25519.h;1;1;1;ROOT;1;89
include/libssh/ed25519.h;1;1;1;artifact;1;20
include/libssh/ed25519.h;1;!ED25519_H_;1 && !ED25519_H_;if;21;21
include/libssh/ed25519.h;1;!ED25519_H_;1 && !ED25519_H_;artifact;22;39
include/libssh/ed25519.h;1;__cplusplus;1 && !ED25519_H_ && __cplusplus;if;40;40
include/libssh/ed25519.h;1;__cplusplus;1 && !ED25519_H_ && __cplusplus;artifact;41;41
include/libssh/ed25519.h;1;__cplusplus;1 && !ED25519_H_ && __cplusplus;endif;42;42
include/libssh/ed25519.h;1;!ED25519_H_;1 && !ED25519_H_;artifact;43;82
include/libssh/ed25519.h;1;__cplusplus;1 && !ED25519_H_ && __cplusplus;if;83;83
include/libssh/ed25519.h;1;__cplusplus;1 && !ED25519_H_ && __cplusplus;artifact;84;84
include/libssh/ed25519.h;1;__cplusplus;1 && !ED25519_H_ && __cplusplus;endif;85;85
include/libssh/ed25519.h;1;!ED25519_H_;1 && !ED25519_H_;artifact;86;86
include/libssh/ed25519.h;1;!ED25519_H_;1 && !ED25519_H_;endif;87;87
include/libssh/ed25519.h;1;1;1;artifact;88;88
include/libssh/fe25519.h;1;1;1;ROOT;1;78
include/libssh/fe25519.h;1;1;1;artifact;1;8
include/libssh/fe25519.h;1;!FE25519_H;1 && !FE25519_H;if;9;9
include/libssh/fe25519.h;1;!FE25519_H;1 && !FE25519_H;artifact;10;35
include/libssh/fe25519.h;1;__cplusplus;1 && !FE25519_H && __cplusplus;if;36;36
include/libssh/fe25519.h;1;__cplusplus;1 && !FE25519_H && __cplusplus;artifact;37;37
include/libssh/fe25519.h;1;__cplusplus;1 && !FE25519_H && __cplusplus;endif;38;38
include/libssh/fe25519.h;1;!FE25519_H;1 && !FE25519_H;artifact;39;71
include/libssh/fe25519.h;1;__cplusplus;1 && !FE25519_H && __cplusplus;if;72;72
include/libssh/fe25519.h;1;__cplusplus;1 && !FE25519_H && __cplusplus;artifact;73;73
include/libssh/fe25519.h;1;__cplusplus;1 && !FE25519_H && __cplusplus;endif;74;74
include/libssh/fe25519.h;1;!FE25519_H;1 && !FE25519_H;artifact;75;75
include/libssh/fe25519.h;1;!FE25519_H;1 && !FE25519_H;endif;76;76
include/libssh/fe25519.h;1;1;1;artifact;77;77
include/libssh/ge25519.h;1;1;1;ROOT;1;53
include/libssh/ge25519.h;1;1;1;artifact;1;8
include/libssh/ge25519.h;1;!GE25519_H;1 && !GE25519_H;if;9;9
include/libssh/ge25519.h;1;!GE25519_H;1 && !GE25519_H;artifact;10;30
include/libssh/ge25519.h;1;__cplusplus;1 && !GE25519_H && __cplusplus;if;31;31
include/libssh/ge25519.h;1;__cplusplus;1 && !GE25519_H && __cplusplus;artifact;32;32
include/libssh/ge25519.h;1;__cplusplus;1 && !GE25519_H && __cplusplus;endif;33;33
include/libssh/ge25519.h;1;!GE25519_H;1 && !GE25519_H;artifact;34;46
include/libssh/ge25519.h;1;__cplusplus;1 && !GE25519_H && __cplusplus;if;47;47
include/libssh/ge25519.h;1;__cplusplus;1 && !GE25519_H && __cplusplus;artifact;48;48
include/libssh/ge25519.h;1;__cplusplus;1 && !GE25519_H && __cplusplus;endif;49;49
include/libssh/ge25519.h;1;!GE25519_H;1 && !GE25519_H;artifact;50;50
include/libssh/ge25519.h;1;!GE25519_H;1 && !GE25519_H;endif;51;51
include/libssh/ge25519.h;1;1;1;artifact;52;52
include/libssh/gssapi.h;1;1;1;ROOT;1;88
include/libssh/gssapi.h;1;1;1;artifact;1;20
include/libssh/gssapi.h;1;!GSSAPI_H_;1 && !GSSAPI_H_;if;21;21
include/libssh/gssapi.h;1;!GSSAPI_H_;1 && !GSSAPI_H_;artifact;22;24
include/libssh/gssapi.h;1;WITH_GSSAPI;1 && !GSSAPI_H_ && WITH_GSSAPI;if;25;25
include/libssh/gssapi.h;1;WITH_GSSAPI;1 && !GSSAPI_H_ && WITH_GSSAPI;artifact;26;33
include/libssh/gssapi.h;1;__cplusplus;1 && !GSSAPI_H_ && WITH_GSSAPI && __cplusplus;if;34;34
include/libssh/gssapi.h;1;__cplusplus;1 && !GSSAPI_H_ && WITH_GSSAPI && __cplusplus;artifact;35;35
include/libssh/gssapi.h;1;__cplusplus;1 && !GSSAPI_H_ && WITH_GSSAPI && __cplusplus;endif;36;36
include/libssh/gssapi.h;1;WITH_GSSAPI;1 && !GSSAPI_H_ && WITH_GSSAPI;artifact;37;63
include/libssh/gssapi.h;1;WITH_SERVER;1 && !GSSAPI_H_ && WITH_GSSAPI && WITH_SERVER;if;64;64
include/libssh/gssapi.h;1;WITH_SERVER;1 && !GSSAPI_H_ && WITH_GSSAPI && WITH_SERVER;artifact;65;67
include/libssh/gssapi.h;1;WITH_SERVER;1 && !GSSAPI_H_ && WITH_GSSAPI && WITH_SERVER;endif;68;68
include/libssh/gssapi.h;1;WITH_GSSAPI;1 && !GSSAPI_H_ && WITH_GSSAPI;artifact;69;80
include/libssh/gssapi.h;1;__cplusplus;1 && !GSSAPI_H_ && WITH_GSSAPI && __cplusplus;if;81;81
include/libssh/gssapi.h;1;__cplusplus;1 && !GSSAPI_H_ && WITH_GSSAPI && __cplusplus;artifact;82;82
include/libssh/gssapi.h;1;__cplusplus;1 && !GSSAPI_H_ && WITH_GSSAPI && __cplusplus;endif;83;83
include/libssh/gssapi.h;1;WITH_GSSAPI;1 && !GSSAPI_H_ && WITH_GSSAPI;artifact;84;84
include/libssh/gssapi.h;1;WITH_GSSAPI;1 && !GSSAPI_H_ && WITH_GSSAPI;endif;85;85
include/libssh/gssapi.h;1;!GSSAPI_H_;1 && !GSSAPI_H_;endif;86;86
include/libssh/gssapi.h;1;1;1;artifact;87;87
include/libssh/kex.h;1;1;1;ROOT;1;74
include/libssh/kex.h;1;1;1;artifact;1;20
include/libssh/kex.h;1;!KEX_H_;1 && !KEX_H_;if;21;21
include/libssh/kex.h;1;!KEX_H_;1 && !KEX_H_;artifact;22;33
include/libssh/kex.h;1;__cplusplus;1 && !KEX_H_ && __cplusplus;if;34;34
include/libssh/kex.h;1;__cplusplus;1 && !KEX_H_ && __cplusplus;artifact;35;35
include/libssh/kex.h;1;__cplusplus;1 && !KEX_H_ && __cplusplus;endif;36;36
include/libssh/kex.h;1;!KEX_H_;1 && !KEX_H_;artifact;37;67
include/libssh/kex.h;1;__cplusplus;1 && !KEX_H_ && __cplusplus;if;68;68
include/libssh/kex.h;1;__cplusplus;1 && !KEX_H_ && __cplusplus;artifact;69;69
include/libssh/kex.h;1;__cplusplus;1 && !KEX_H_ && __cplusplus;endif;70;70
include/libssh/kex.h;1;!KEX_H_;1 && !KEX_H_;artifact;71;71
include/libssh/kex.h;1;!KEX_H_;1 && !KEX_H_;endif;72;72
include/libssh/kex.h;1;1;1;artifact;73;73
include/libssh/keys.h;1;1;1;ROOT;1;66
include/libssh/keys.h;1;1;1;artifact;1;20
include/libssh/keys.h;1;!KEYS_H_;1 && !KEYS_H_;if;21;21
include/libssh/keys.h;1;!KEYS_H_;1 && !KEYS_H_;artifact;22;30
include/libssh/keys.h;1;DEFINED___LB__HAVE_LIBGCRYPT__RB__;1 && !KEYS_H_ && DEFINED___LB__HAVE_LIBGCRYPT__RB__;if;31;31
include/libssh/keys.h;1;DEFINED___LB__HAVE_LIBGCRYPT__RB__;1 && !KEYS_H_ && DEFINED___LB__HAVE_LIBGCRYPT__RB__;artifact;32;32
include/libssh/keys.h;1;DEFINED___LB__HAVE_LIBCRYPTO__RB__ && !DEFINED___LB__HAVE_LIBGCRYPT__RB__;DEFINED___LB__HAVE_LIBCRYPTO__RB__ && !DEFINED___LB__HAVE_LIBGCRYPT__RB__ && 1 && !KEYS_H_;elif;33;33
include/libssh/keys.h;1;DEFINED___LB__HAVE_LIBCRYPTO__RB__ && !DEFINED___LB__HAVE_LIBGCRYPT__RB__;DEFINED___LB__HAVE_LIBCRYPTO__RB__ && !DEFINED___LB__HAVE_LIBGCRYPT__RB__ && 1 && !KEYS_H_;artifact;34;34
include/libssh/keys.h;1;DEFINED___LB__HAVE_LIBMBEDCRYPTO__RB__ && !DEFINED___LB__HAVE_LIBCRYPTO__RB__ && !DEFINED___LB__HAVE_LIBGCRYPT__RB__;DEFINED___LB__HAVE_LIBMBEDCRYPTO__RB__ && !DEFINED___LB__HAVE_LIBCRYPTO__RB__ && !DEFINED___LB__HAVE_LIBGCRYPT__RB__ && 1 && !KEYS_H_;elif;35;35
include/libssh/keys.h;1;DEFINED___LB__HAVE_LIBMBEDCRYPTO__RB__ && !DEFINED___LB__HAVE_LIBCRYPTO__RB__ && !DEFINED___LB__HAVE_LIBGCRYPT__RB__;DEFINED___LB__HAVE_LIBMBEDCRYPTO__RB__ && !DEFINED___LB__HAVE_LIBCRYPTO__RB__ && !DEFINED___LB__HAVE_LIBGCRYPT__RB__ && 1 && !KEYS_H_;artifact;36;36
include/libssh/keys.h;1;DEFINED___LB__HAVE_LIBMBEDCRYPTO__RB__ && !DEFINED___LB__HAVE_LIBCRYPTO__RB__ && !DEFINED___LB__HAVE_LIBGCRYPT__RB__;DEFINED___LB__HAVE_LIBMBEDCRYPTO__RB__ && !DEFINED___LB__HAVE_LIBCRYPTO__RB__ && !DEFINED___LB__HAVE_LIBGCRYPT__RB__ && 1 && !KEYS_H_;endif;37;37
include/libssh/keys.h;1;!KEYS_H_;1 && !KEYS_H_;artifact;38;41
include/libssh/keys.h;1;DEFINED___LB__HAVE_LIBGCRYPT__RB__;1 && !KEYS_H_ && DEFINED___LB__HAVE_LIBGCRYPT__RB__;if;42;42
include/libssh/keys.h;1;DEFINED___LB__HAVE_LIBGCRYPT__RB__;1 && !KEYS_H_ && DEFINED___LB__HAVE_LIBGCRYPT__RB__;artifact;43;43
include/libssh/keys.h;1;DEFINED___LB__HAVE_LIBCRYPTO__RB__ && !DEFINED___LB__HAVE_LIBGCRYPT__RB__;DEFINED___LB__HAVE_LIBCRYPTO__RB__ && !DEFINED___LB__HAVE_LIBGCRYPT__RB__ && 1 && !KEYS_H_;elif;44;44
include/libssh/keys.h;1;DEFINED___LB__HAVE_LIBCRYPTO__RB__ && !DEFINED___LB__HAVE_LIBGCRYPT__RB__;DEFINED___LB__HAVE_LIBCRYPTO__RB__ && !DEFINED___LB__HAVE_LIBGCRYPT__RB__ && 1 && !KEYS_H_;artifact;45;45
include/libssh/keys.h;1;DEFINED___LB__HAVE_LIBMBEDCRYPTO__RB__ && !DEFINED___LB__HAVE_LIBCRYPTO__RB__ && !DEFINED___LB__HAVE_LIBGCRYPT__RB__;DEFINED___LB__HAVE_LIBMBEDCRYPTO__RB__ && !DEFINED___LB__HAVE_LIBCRYPTO__RB__ && !DEFINED___LB__HAVE_LIBGCRYPT__RB__ && 1 && !KEYS_H_;elif;46;46
include/libssh/keys.h;1;DEFINED___LB__HAVE_LIBMBEDCRYPTO__RB__ && !DEFINED___LB__HAVE_LIBCRYPTO__RB__ && !DEFINED___LB__HAVE_LIBGCRYPT__RB__;DEFINED___LB__HAVE_LIBMBEDCRYPTO__RB__ && !DEFINED___LB__HAVE_LIBCRYPTO__RB__ && !DEFINED___LB__HAVE_LIBGCRYPT__RB__ && 1 && !KEYS_H_;artifact;47;47
include/libssh/keys.h;1;DEFINED___LB__HAVE_LIBMBEDCRYPTO__RB__ && !DEFINED___LB__HAVE_LIBCRYPTO__RB__ && !DEFINED___LB__HAVE_LIBGCRYPT__RB__;DEFINED___LB__HAVE_LIBMBEDCRYPTO__RB__ && !DEFINED___LB__HAVE_LIBCRYPTO__RB__ && !DEFINED___LB__HAVE_LIBGCRYPT__RB__ && 1 && !KEYS_H_;endif;48;48
include/libssh/keys.h;1;!KEYS_H_;1 && !KEYS_H_;artifact;49;50
include/libssh/keys.h;1;__cplusplus;1 && !KEYS_H_ && __cplusplus;if;51;51
include/libssh/keys.h;1;__cplusplus;1 && !KEYS_H_ && __cplusplus;artifact;52;52
include/libssh/keys.h;1;__cplusplus;1 && !KEYS_H_ && __cplusplus;endif;53;53
include/libssh/keys.h;1;!KEYS_H_;1 && !KEYS_H_;artifact;54;59
include/libssh/keys.h;1;__cplusplus;1 && !KEYS_H_ && __cplusplus;if;60;60
include/libssh/keys.h;1;__cplusplus;1 && !KEYS_H_ && __cplusplus;artifact;61;61
include/libssh/keys.h;1;__cplusplus;1 && !KEYS_H_ && __cplusplus;endif;62;62
include/libssh/keys.h;1;!KEYS_H_;1 && !KEYS_H_;artifact;63;63
include/libssh/keys.h;1;!KEYS_H_;1 && !KEYS_H_;endif;64;64
include/libssh/keys.h;1;1;1;artifact;65;65
include/libssh/knownhosts.h;1;1;1;ROOT;1;42
include/libssh/knownhosts.h;1;1;1;artifact;1;21
include/libssh/knownhosts.h;1;!SSH_KNOWNHOSTS_H_;1 && !SSH_KNOWNHOSTS_H_;if;22;22
include/libssh/knownhosts.h;1;!SSH_KNOWNHOSTS_H_;1 && !SSH_KNOWNHOSTS_H_;artifact;23;24
include/libssh/knownhosts.h;1;__cplusplus;1 && !SSH_KNOWNHOSTS_H_ && __cplusplus;if;25;25
include/libssh/knownhosts.h;1;__cplusplus;1 && !SSH_KNOWNHOSTS_H_ && __cplusplus;artifact;26;26
include/libssh/knownhosts.h;1;__cplusplus;1 && !SSH_KNOWNHOSTS_H_ && __cplusplus;endif;27;27
include/libssh/knownhosts.h;1;!SSH_KNOWNHOSTS_H_;1 && !SSH_KNOWNHOSTS_H_;artifact;28;35
include/libssh/knownhosts.h;1;__cplusplus;1 && !SSH_KNOWNHOSTS_H_ && __cplusplus;if;36;36
include/libssh/knownhosts.h;1;__cplusplus;1 && !SSH_KNOWNHOSTS_H_ && __cplusplus;artifact;37;37
include/libssh/knownhosts.h;1;__cplusplus;1 && !SSH_KNOWNHOSTS_H_ && __cplusplus;endif;38;38
include/libssh/knownhosts.h;1;!SSH_KNOWNHOSTS_H_;1 && !SSH_KNOWNHOSTS_H_;artifact;39;39
include/libssh/knownhosts.h;1;!SSH_KNOWNHOSTS_H_;1 && !SSH_KNOWNHOSTS_H_;endif;40;40
include/libssh/knownhosts.h;1;1;1;artifact;41;41
include/libssh/legacy.h;1;1;1;ROOT;1;130
include/libssh/legacy.h;1;1;1;artifact;1;27
include/libssh/legacy.h;1;!LEGACY_H_;1 && !LEGACY_H_;if;28;28
include/libssh/legacy.h;1;!LEGACY_H_;1 && !LEGACY_H_;artifact;29;33
include/libssh/legacy.h;1;__cplusplus;1 && !LEGACY_H_ && __cplusplus;if;34;34
include/libssh/legacy.h;1;__cplusplus;1 && !LEGACY_H_ && __cplusplus;artifact;35;35
include/libssh/legacy.h;1;__cplusplus;1 && !LEGACY_H_ && __cplusplus;endif;36;36
include/libssh/legacy.h;1;!LEGACY_H_;1 && !LEGACY_H_;artifact;37;40
include/libssh/legacy.h;1;!_WIN32;1 && !LEGACY_H_ && !_WIN32;if;41;41
include/libssh/legacy.h;1;!_WIN32;1 && !LEGACY_H_ && !_WIN32;artifact;42;43
include/libssh/legacy.h;1;!_WIN32;1 && !LEGACY_H_ && !_WIN32;endif;44;44
include/libssh/legacy.h;1;!LEGACY_H_;1 && !LEGACY_H_;artifact;45;123
include/libssh/legacy.h;1;__cplusplus;1 && !LEGACY_H_ && __cplusplus;if;124;124
include/libssh/legacy.h;1;__cplusplus;1 && !LEGACY_H_ && __cplusplus;artifact;125;125
include/libssh/legacy.h;1;__cplusplus;1 && !LEGACY_H_ && __cplusplus;endif;126;126
include/libssh/legacy.h;1;!LEGACY_H_;1 && !LEGACY_H_;artifact;127;127
include/libssh/legacy.h;1;!LEGACY_H_;1 && !LEGACY_H_;endif;128;128
include/libssh/legacy.h;1;1;1;artifact;129;129
include/libssh/libcrypto.h;1;1;1;ROOT;1;128
include/libssh/libcrypto.h;1;1;1;artifact;1;20
include/libssh/libcrypto.h;1;!LIBCRYPTO_H_;1 && !LIBCRYPTO_H_;if;21;21
include/libssh/libcrypto.h;1;!LIBCRYPTO_H_;1 && !LIBCRYPTO_H_;artifact;22;25
include/libssh/libcrypto.h;1;HAVE_LIBCRYPTO;1 && !LIBCRYPTO_H_ && HAVE_LIBCRYPTO;if;26;26
include/libssh/libcrypto.h;1;HAVE_LIBCRYPTO;1 && !LIBCRYPTO_H_ && HAVE_LIBCRYPTO;artifact;27;47
include/libssh/libcrypto.h;1;MD5_DIGEST_LEN;1 && !LIBCRYPTO_H_ && HAVE_LIBCRYPTO && MD5_DIGEST_LEN;if;48;48
include/libssh/libcrypto.h;1;MD5_DIGEST_LEN;1 && !LIBCRYPTO_H_ && HAVE_LIBCRYPTO && MD5_DIGEST_LEN;artifact;49;49
include/libssh/libcrypto.h;1;MD5_DIGEST_LEN;1 && !LIBCRYPTO_H_ && HAVE_LIBCRYPTO && MD5_DIGEST_LEN;endif;50;50
include/libssh/libcrypto.h;1;HAVE_LIBCRYPTO;1 && !LIBCRYPTO_H_ && HAVE_LIBCRYPTO;artifact;51;52
include/libssh/libcrypto.h;1;HAVE_OPENSSL_ECC;1 && !LIBCRYPTO_H_ && HAVE_LIBCRYPTO && HAVE_OPENSSL_ECC;if;53;53
include/libssh/libcrypto.h;1;HAVE_OPENSSL_ECC;1 && !LIBCRYPTO_H_ && HAVE_LIBCRYPTO && HAVE_OPENSSL_ECC;artifact;54;54
include/libssh/libcrypto.h;1;HAVE_OPENSSL_ECC;1 && !LIBCRYPTO_H_ && HAVE_LIBCRYPTO && HAVE_OPENSSL_ECC;endif;55;55
include/libssh/libcrypto.h;1;HAVE_LIBCRYPTO;1 && !LIBCRYPTO_H_ && HAVE_LIBCRYPTO;artifact;56;113
include/libssh/libcrypto.h;1;HAVE_OPENSSL_FIPS_MODE;1 && !LIBCRYPTO_H_ && HAVE_LIBCRYPTO && HAVE_OPENSSL_FIPS_MODE;if;114;114
include/libssh/libcrypto.h;1;HAVE_OPENSSL_FIPS_MODE;1 && !LIBCRYPTO_H_ && HAVE_LIBCRYPTO && HAVE_OPENSSL_FIPS_MODE;artifact;115;115
include/libssh/libcrypto.h;1;OPENSSL_VERSION_NUMBER__GEQ__0x30000000L && !HAVE_OPENSSL_FIPS_MODE;OPENSSL_VERSION_NUMBER__GEQ__0x30000000L && !HAVE_OPENSSL_FIPS_MODE && 1 && !LIBCRYPTO_H_ && HAVE_LIBCRYPTO;elif;116;116
include/libssh/libcrypto.h;1;OPENSSL_VERSION_NUMBER__GEQ__0x30000000L && !HAVE_OPENSSL_FIPS_MODE;OPENSSL_VERSION_NUMBER__GEQ__0x30000000L && !HAVE_OPENSSL_FIPS_MODE && 1 && !LIBCRYPTO_H_ && HAVE_LIBCRYPTO;artifact;117;117
include/libssh/libcrypto.h;1;!OPENSSL_VERSION_NUMBER__GEQ__0x30000000L && !HAVE_OPENSSL_FIPS_MODE;!OPENSSL_VERSION_NUMBER__GEQ__0x30000000L && !HAVE_OPENSSL_FIPS_MODE && 1 && !LIBCRYPTO_H_ && HAVE_LIBCRYPTO;else;118;118
include/libssh/libcrypto.h;1;!OPENSSL_VERSION_NUMBER__GEQ__0x30000000L && !HAVE_OPENSSL_FIPS_MODE;!OPENSSL_VERSION_NUMBER__GEQ__0x30000000L && !HAVE_OPENSSL_FIPS_MODE && 1 && !LIBCRYPTO_H_ && HAVE_LIBCRYPTO;artifact;119;119
include/libssh/libcrypto.h;1;!OPENSSL_VERSION_NUMBER__GEQ__0x30000000L && !HAVE_OPENSSL_FIPS_MODE;!OPENSSL_VERSION_NUMBER__GEQ__0x30000000L && !HAVE_OPENSSL_FIPS_MODE && 1 && !LIBCRYPTO_H_ && HAVE_LIBCRYPTO;endif;120;120
include/libssh/libcrypto.h;1;HAVE_LIBCRYPTO;1 && !LIBCRYPTO_H_ && HAVE_LIBCRYPTO;artifact;121;123
include/libssh/libcrypto.h;1;HAVE_LIBCRYPTO;1 && !LIBCRYPTO_H_ && HAVE_LIBCRYPTO;endif;124;124
include/libssh/libcrypto.h;1;!LIBCRYPTO_H_;1 && !LIBCRYPTO_H_;artifact;125;125
include/libssh/libcrypto.h;1;!LIBCRYPTO_H_;1 && !LIBCRYPTO_H_;endif;126;126
include/libssh/libcrypto.h;1;1;1;artifact;127;127
include/libssh/libgcrypt.h;1;1;1;ROOT;1;130
include/libssh/libgcrypt.h;1;1;1;artifact;1;20
include/libssh/libgcrypt.h;1;!LIBGCRYPT_H_;1 && !LIBGCRYPT_H_;if;21;21
include/libssh/libgcrypt.h;1;!LIBGCRYPT_H_;1 && !LIBGCRYPT_H_;artifact;22;25
include/libssh/libgcrypt.h;1;HAVE_LIBGCRYPT;1 && !LIBGCRYPT_H_ && HAVE_LIBGCRYPT;if;26;26
include/libssh/libgcrypt.h;1;HAVE_LIBGCRYPT;1 && !LIBGCRYPT_H_ && HAVE_LIBGCRYPT;artifact;27;44
include/libssh/libgcrypt.h;1;!EVP_MAX_MD_SIZE;1 && !LIBGCRYPT_H_ && HAVE_LIBGCRYPT && !EVP_MAX_MD_SIZE;if;45;45
include/libssh/libgcrypt.h;1;!EVP_MAX_MD_SIZE;1 && !LIBGCRYPT_H_ && HAVE_LIBGCRYPT && !EVP_MAX_MD_SIZE;artifact;46;46
include/libssh/libgcrypt.h;1;!EVP_MAX_MD_SIZE;1 && !LIBGCRYPT_H_ && HAVE_LIBGCRYPT && !EVP_MAX_MD_SIZE;endif;47;47
include/libssh/libgcrypt.h;1;HAVE_LIBGCRYPT;1 && !LIBGCRYPT_H_ && HAVE_LIBGCRYPT;artifact;48;107
include/libssh/libgcrypt.h;1;__cplusplus;1 && !LIBGCRYPT_H_ && HAVE_LIBGCRYPT && __cplusplus;if;108;108
include/libssh/libgcrypt.h;1;__cplusplus;1 && !LIBGCRYPT_H_ && HAVE_LIBGCRYPT && __cplusplus;artifact;109;109
include/libssh/libgcrypt.h;1;__cplusplus;1 && !LIBGCRYPT_H_ && HAVE_LIBGCRYPT && __cplusplus;endif;110;110
include/libssh/libgcrypt.h;1;HAVE_LIBGCRYPT;1 && !LIBGCRYPT_H_ && HAVE_LIBGCRYPT;artifact;111;121
include/libssh/libgcrypt.h;1;__cplusplus;1 && !LIBGCRYPT_H_ && HAVE_LIBGCRYPT && __cplusplus;if;122;122
include/libssh/libgcrypt.h;1;__cplusplus;1 && !LIBGCRYPT_H_ && HAVE_LIBGCRYPT && __cplusplus;artifact;123;123
include/libssh/libgcrypt.h;1;__cplusplus;1 && !LIBGCRYPT_H_ && HAVE_LIBGCRYPT && __cplusplus;endif;124;124
include/libssh/libgcrypt.h;1;HAVE_LIBGCRYPT;1 && !LIBGCRYPT_H_ && HAVE_LIBGCRYPT;artifact;125;125
include/libssh/libgcrypt.h;1;HAVE_LIBGCRYPT;1 && !LIBGCRYPT_H_ && HAVE_LIBGCRYPT;endif;126;126
include/libssh/libgcrypt.h;1;!LIBGCRYPT_H_;1 && !LIBGCRYPT_H_;artifact;127;127
include/libssh/libgcrypt.h;1;!LIBGCRYPT_H_;1 && !LIBGCRYPT_H_;endif;128;128
include/libssh/libgcrypt.h;1;1;1;artifact;129;129
include/libssh/libmbedcrypto.h;1;1;1;ROOT;1;152
include/libssh/libmbedcrypto.h;1;1;1;artifact;1;23
include/libssh/libmbedcrypto.h;1;!LIBMBEDCRYPTO_H_;1 && !LIBMBEDCRYPTO_H_;if;24;24
include/libssh/libmbedcrypto.h;1;!LIBMBEDCRYPTO_H_;1 && !LIBMBEDCRYPTO_H_;artifact;25;28
include/libssh/libmbedcrypto.h;1;HAVE_LIBMBEDCRYPTO;1 && !LIBMBEDCRYPTO_H_ && HAVE_LIBMBEDCRYPTO;if;29;29
include/libssh/libmbedcrypto.h;1;HAVE_LIBMBEDCRYPTO;1 && !LIBMBEDCRYPTO_H_ && HAVE_LIBMBEDCRYPTO;artifact;30;55
include/libssh/libmbedcrypto.h;1;!EVP_MAX_MD_SIZE;1 && !LIBMBEDCRYPTO_H_ && HAVE_LIBMBEDCRYPTO && !EVP_MAX_MD_SIZE;if;56;56
include/libssh/libmbedcrypto.h;1;!EVP_MAX_MD_SIZE;1 && !LIBMBEDCRYPTO_H_ && HAVE_LIBMBEDCRYPTO && !EVP_MAX_MD_SIZE;artifact;57;57
include/libssh/libmbedcrypto.h;1;!EVP_MAX_MD_SIZE;1 && !LIBMBEDCRYPTO_H_ && HAVE_LIBMBEDCRYPTO && !EVP_MAX_MD_SIZE;endif;58;58
include/libssh/libmbedcrypto.h;1;HAVE_LIBMBEDCRYPTO;1 && !LIBMBEDCRYPTO_H_ && HAVE_LIBMBEDCRYPTO;artifact;59;77
include/libssh/libmbedcrypto.h;1;__cplusplus;1 && !LIBMBEDCRYPTO_H_ && HAVE_LIBMBEDCRYPTO && __cplusplus;if;78;78
include/libssh/libmbedcrypto.h;1;__cplusplus;1 && !LIBMBEDCRYPTO_H_ && HAVE_LIBMBEDCRYPTO && __cplusplus;artifact;79;79
include/libssh/libmbedcrypto.h;1;__cplusplus;1 && !LIBMBEDCRYPTO_H_ && HAVE_LIBMBEDCRYPTO && __cplusplus;endif;80;80
include/libssh/libmbedcrypto.h;1;HAVE_LIBMBEDCRYPTO;1 && !LIBMBEDCRYPTO_H_ && HAVE_LIBMBEDCRYPTO;artifact;81;144
include/libssh/libmbedcrypto.h;1;__cplusplus;1 && !LIBMBEDCRYPTO_H_ && HAVE_LIBMBEDCRYPTO && __cplusplus;if;145;145
include/libssh/libmbedcrypto.h;1;__cplusplus;1 && !LIBMBEDCRYPTO_H_ && HAVE_LIBMBEDCRYPTO && __cplusplus;artifact;146;146
include/libssh/libmbedcrypto.h;1;__cplusplus;1 && !LIBMBEDCRYPTO_H_ && HAVE_LIBMBEDCRYPTO && __cplusplus;endif;147;147
include/libssh/libmbedcrypto.h;1;HAVE_LIBMBEDCRYPTO;1 && !LIBMBEDCRYPTO_H_ && HAVE_LIBMBEDCRYPTO;artifact;148;148
include/libssh/libmbedcrypto.h;1;HAVE_LIBMBEDCRYPTO;1 && !LIBMBEDCRYPTO_H_ && HAVE_LIBMBEDCRYPTO;endif;149;149
include/libssh/libmbedcrypto.h;1;!LIBMBEDCRYPTO_H_;1 && !LIBMBEDCRYPTO_H_;endif;150;150
include/libssh/libmbedcrypto.h;1;1;1;artifact;151;151
include/libssh/libssh.h;1;1;1;ROOT;1;898
include/libssh/libssh.h;1;1;1;artifact;1;20
include/libssh/libssh.h;1;!_LIBSSH_H;1 && !_LIBSSH_H;if;21;21
include/libssh/libssh.h;1;!_LIBSSH_H;1 && !_LIBSSH_H;artifact;22;25
include/libssh/libssh.h;1;DEFINED__WIN32 || DEFINED___CYGWIN__;1 && !_LIBSSH_H && (DEFINED__WIN32 || DEFINED___CYGWIN__);if;26;26
include/libssh/libssh.h;1;LIBSSH_STATIC;1 && !_LIBSSH_H && (DEFINED__WIN32 || DEFINED___CYGWIN__) && LIBSSH_STATIC;if;27;27
include/libssh/libssh.h;1;LIBSSH_STATIC;1 && !_LIBSSH_H && (DEFINED__WIN32 || DEFINED___CYGWIN__) && LIBSSH_STATIC;artifact;28;28
include/libssh/libssh.h;1;!LIBSSH_STATIC;!LIBSSH_STATIC && 1 && !_LIBSSH_H && (DEFINED__WIN32 || DEFINED___CYGWIN__);else;29;29
include/libssh/libssh.h;1;LIBSSH_EXPORTS;!LIBSSH_STATIC && 1 && !_LIBSSH_H && (DEFINED__WIN32 || DEFINED___CYGWIN__) && LIBSSH_EXPORTS;if;30;30
include/libssh/libssh.h;1;__GNUC__;!LIBSSH_STATIC && 1 && !_LIBSSH_H && (DEFINED__WIN32 || DEFINED___CYGWIN__) && LIBSSH_EXPORTS && __GNUC__;if;31;31
include/libssh/libssh.h;1;__GNUC__;!LIBSSH_STATIC && 1 && !_LIBSSH_H && (DEFINED__WIN32 || DEFINED___CYGWIN__) && LIBSSH_EXPORTS && __GNUC__;artifact;32;32
include/libssh/libssh.h;1;!__GNUC__;!__GNUC__ && !LIBSSH_STATIC && 1 && !_LIBSSH_H && (DEFINED__WIN32 || DEFINED___CYGWIN__) && LIBSSH_EXPORTS;else;33;33
include/libssh/libssh.h;1;!__GNUC__;!__GNUC__ && !LIBSSH_STATIC && 1 && !_LIBSSH_H && (DEFINED__WIN32 || DEFINED___CYGWIN__) && LIBSSH_EXPORTS;artifact;34;34
include/libssh/libssh.h;1;!__GNUC__;!__GNUC__ && !LIBSSH_STATIC && 1 && !_LIBSSH_H && (DEFINED__WIN32 || DEFINED___CYGWIN__) && LIBSSH_EXPORTS;endif;35;35
include/libssh/libssh.h;1;!LIBSSH_EXPORTS;!LIBSSH_EXPORTS && !LIBSSH_STATIC && 1 && !_LIBSSH_H && (DEFINED__WIN32 || DEFINED___CYGWIN__);else;36;36
include/libssh/libssh.h;1;__GNUC__;!LIBSSH_EXPORTS && !LIBSSH_STATIC && 1 && !_LIBSSH_H && (DEFINED__WIN32 || DEFINED___CYGWIN__) && __GNUC__;if;37;37
include/libssh/libssh.h;1;__GNUC__;!LIBSSH_EXPORTS && !LIBSSH_STATIC && 1 && !_LIBSSH_H && (DEFINED__WIN32 || DEFINED___CYGWIN__) && __GNUC__;artifact;38;38
include/libssh/libssh.h;1;!__GNUC__;!__GNUC__ && !LIBSSH_EXPORTS && !LIBSSH_STATIC && 1 && !_LIBSSH_H && (DEFINED__WIN32 || DEFINED___CYGWIN__);else;39;39
include/libssh/libssh.h;1;!__GNUC__;!__GNUC__ && !LIBSSH_EXPORTS && !LIBSSH_STATIC && 1 && !_LIBSSH_H && (DEFINED__WIN32 || DEFINED___CYGWIN__);artifact;40;40
include/libssh/libssh.h;1;!__GNUC__;!__GNUC__ && !LIBSSH_EXPORTS && !LIBSSH_STATIC && 1 && !_LIBSSH_H && (DEFINED__WIN32 || DEFINED___CYGWIN__);endif;41;41
include/libssh/libssh.h;1;!LIBSSH_EXPORTS;!LIBSSH_EXPORTS && !LIBSSH_STATIC && 1 && !_LIBSSH_H && (DEFINED__WIN32 || DEFINED___CYGWIN__);endif;42;42
include/libssh/libssh.h;1;!LIBSSH_STATIC;!LIBSSH_STATIC && 1 && !_LIBSSH_H && (DEFINED__WIN32 || DEFINED___CYGWIN__);endif;43;43
include/libssh/libssh.h;1;!DEFINED__WIN32 && !DEFINED___CYGWIN__;!DEFINED__WIN32 && !DEFINED___CYGWIN__ && 1 && !_LIBSSH_H;else;44;44
include/libssh/libssh.h;1;__GNUC____GEQ__4 && !DEFINED___LB____OS2____RB__;!DEFINED__WIN32 && !DEFINED___CYGWIN__ && 1 && !_LIBSSH_H && __GNUC____GEQ__4 && !DEFINED___LB____OS2____RB__;if;45;45
include/libssh/libssh.h;1;__GNUC____GEQ__4 && !DEFINED___LB____OS2____RB__;!DEFINED__WIN32 && !DEFINED___CYGWIN__ && 1 && !_LIBSSH_H && __GNUC____GEQ__4 && !DEFINED___LB____OS2____RB__;artifact;46;46
include/libssh/libssh.h;1;!__GNUC____GEQ__4 || DEFINED___LB____OS2____RB__;(!__GNUC____GEQ__4 || DEFINED___LB____OS2____RB__) && !DEFINED__WIN32 && !DEFINED___CYGWIN__ && 1 && !_LIBSSH_H;else;47;47
include/libssh/libssh.h;1;!__GNUC____GEQ__4 || DEFINED___LB____OS2____RB__;(!__GNUC____GEQ__4 || DEFINED___LB____OS2____RB__) && !DEFINED__WIN32 && !DEFINED___CYGWIN__ && 1 && !_LIBSSH_H;artifact;48;48
include/libssh/libssh.h;1;!__GNUC____GEQ__4 || DEFINED___LB____OS2____RB__;(!__GNUC____GEQ__4 || DEFINED___LB____OS2____RB__) && !DEFINED__WIN32 && !DEFINED___CYGWIN__ && 1 && !_LIBSSH_H;endif;49;49
include/libssh/libssh.h;1;!DEFINED__WIN32 && !DEFINED___CYGWIN__;!DEFINED__WIN32 && !DEFINED___CYGWIN__ && 1 && !_LIBSSH_H;endif;50;50
include/libssh/libssh.h;1;!_LIBSSH_H;1 && !_LIBSSH_H;artifact;51;55
include/libssh/libssh.h;1;_MSC_VER;1 && !_LIBSSH_H && _MSC_VER;if;56;56
include/libssh/libssh.h;1;_MSC_VER;1 && !_LIBSSH_H && _MSC_VER;artifact;57;57
include/libssh/libssh.h;1;!_MSC_VER;!_MSC_VER && 1 && !_LIBSSH_H;else;58;58
include/libssh/libssh.h;1;!_MSC_VER;!_MSC_VER && 1 && !_LIBSSH_H;artifact;59;60
include/libssh/libssh.h;1;!_MSC_VER;!_MSC_VER && 1 && !_LIBSSH_H;endif;61;61
include/libssh/libssh.h;1;!_LIBSSH_H;1 && !_LIBSSH_H;artifact;62;62
include/libssh/libssh.h;1;_WIN32;1 && !_LIBSSH_H && _WIN32;if;63;63
include/libssh/libssh.h;1;_WIN32;1 && !_LIBSSH_H && _WIN32;artifact;64;64
include/libssh/libssh.h;1;!_WIN32;!_WIN32 && 1 && !_LIBSSH_H;else;65;65
include/libssh/libssh.h;1;!_WIN32;!_WIN32 && 1 && !_LIBSSH_H;artifact;66;67
include/libssh/libssh.h;1;!_WIN32;!_WIN32 && 1 && !_LIBSSH_H;endif;68;68
include/libssh/libssh.h;1;!_LIBSSH_H;1 && !_LIBSSH_H;artifact;69;73
include/libssh/libssh.h;1;__GNUC__;1 && !_LIBSSH_H && __GNUC__;if;74;74
include/libssh/libssh.h;1;__GNUC__;1 && !_LIBSSH_H && __GNUC__;artifact;75;75
include/libssh/libssh.h;1;!__GNUC__;!__GNUC__ && 1 && !_LIBSSH_H;else;76;76
include/libssh/libssh.h;1;!__GNUC__;!__GNUC__ && 1 && !_LIBSSH_H;artifact;77;77
include/libssh/libssh.h;1;!__GNUC__;!__GNUC__ && 1 && !_LIBSSH_H;endif;78;78
include/libssh/libssh.h;1;!_LIBSSH_H;1 && !_LIBSSH_H;artifact;79;79
include/libssh/libssh.h;1;!DEFINED___LB__SSH_SUPPRESS_DEPRECATED__RB__ && DEFINED___LB____GNUC____RB__;1 && !_LIBSSH_H && !DEFINED___LB__SSH_SUPPRESS_DEPRECATED__RB__ && DEFINED___LB____GNUC____RB__;if;80;80
include/libssh/libssh.h;1;!DEFINED___LB__SSH_SUPPRESS_DEPRECATED__RB__ && DEFINED___LB____GNUC____RB__;1 && !_LIBSSH_H && !DEFINED___LB__SSH_SUPPRESS_DEPRECATED__RB__ && DEFINED___LB____GNUC____RB__;artifact;81;81
include/libssh/libssh.h;1;DEFINED___LB__SSH_SUPPRESS_DEPRECATED__RB__ || !DEFINED___LB____GNUC____RB__;(DEFINED___LB__SSH_SUPPRESS_DEPRECATED__RB__ || !DEFINED___LB____GNUC____RB__) && 1 && !_LIBSSH_H;else;82;82
include/libssh/libssh.h;1;DEFINED___LB__SSH_SUPPRESS_DEPRECATED__RB__ || !DEFINED___LB____GNUC____RB__;(DEFINED___LB__SSH_SUPPRESS_DEPRECATED__RB__ || !DEFINED___LB____GNUC____RB__) && 1 && !_LIBSSH_H;artifact;83;83
include/libssh/libssh.h;1;DEFINED___LB__SSH_SUPPRESS_DEPRECATED__RB__ || !DEFINED___LB____GNUC____RB__;(DEFINED___LB__SSH_SUPPRESS_DEPRECATED__RB__ || !DEFINED___LB____GNUC____RB__) && 1 && !_LIBSSH_H;endif;84;84
include/libssh/libssh.h;1;!_LIBSSH_H;1 && !_LIBSSH_H;artifact;85;85
include/libssh/libssh.h;1;__cplusplus;1 && !_LIBSSH_H && __cplusplus;if;86;86
include/libssh/libssh.h;1;__cplusplus;1 && !_LIBSSH_H && __cplusplus;artifact;87;87
include/libssh/libssh.h;1;__cplusplus;1 && !_LIBSSH_H && __cplusplus;endif;88;88
include/libssh/libssh.h;1;!_LIBSSH_H;1 && !_LIBSSH_H;artifact;89;111
include/libssh/libssh.h;1;_WIN32;1 && !_LIBSSH_H && _WIN32;if;112;112
include/libssh/libssh.h;1;!socket_t;1 && !_LIBSSH_H && _WIN32 && !socket_t;if;113;113
include/libssh/libssh.h;1;!socket_t;1 && !_LIBSSH_H && _WIN32 && !socket_t;artifact;114;114
include/libssh/libssh.h;1;!socket_t;1 && !_LIBSSH_H && _WIN32 && !socket_t;endif;115;115
include/libssh/libssh.h;1;!_WIN32;!_WIN32 && 1 && !_LIBSSH_H;else;116;116
include/libssh/libssh.h;1;!socket_t;!_WIN32 && 1 && !_LIBSSH_H && !socket_t;if;117;117
include/libssh/libssh.h;1;!socket_t;!_WIN32 && 1 && !_LIBSSH_H && !socket_t;artifact;118;118
include/libssh/libssh.h;1;!socket_t;!_WIN32 && 1 && !_LIBSSH_H && !socket_t;endif;119;119
include/libssh/libssh.h;1;!_WIN32;!_WIN32 && 1 && !_LIBSSH_H;endif;120;120
include/libssh/libssh.h;1;!_LIBSSH_H;1 && !_LIBSSH_H;artifact;121;260
include/libssh/libssh.h;1;!MD5_DIGEST_LEN;1 && !_LIBSSH_H && !MD5_DIGEST_LEN;if;261;261
include/libssh/libssh.h;1;!MD5_DIGEST_LEN;1 && !_LIBSSH_H && !MD5_DIGEST_LEN;artifact;262;262
include/libssh/libssh.h;1;!MD5_DIGEST_LEN;1 && !_LIBSSH_H && !MD5_DIGEST_LEN;endif;263;263
include/libssh/libssh.h;1;!_LIBSSH_H;1 && !_LIBSSH_H;artifact;264;888
include/libssh/libssh.h;1;!LIBSSH_LEGACY_0_4;1 && !_LIBSSH_H && !LIBSSH_LEGACY_0_4;if;889;889
include/libssh/libssh.h;1;!LIBSSH_LEGACY_0_4;1 && !_LIBSSH_H && !LIBSSH_LEGACY_0_4;artifact;890;890
include/libssh/libssh.h;1;!LIBSSH_LEGACY_0_4;1 && !_LIBSSH_H && !LIBSSH_LEGACY_0_4;endif;891;891
include/libssh/libssh.h;1;!_LIBSSH_H;1 && !_LIBSSH_H;artifact;892;892
include/libssh/libssh.h;1;__cplusplus;1 && !_LIBSSH_H && __cplusplus;if;893;893
include/libssh/libssh.h;1;__cplusplus;1 && !_LIBSSH_H && __cplusplus;artifact;894;894
include/libssh/libssh.h;1;__cplusplus;1 && !_LIBSSH_H && __cplusplus;endif;895;895
include/libssh/libssh.h;1;!_LIBSSH_H;1 && !_LIBSSH_H;endif;896;896
include/libssh/libssh.h;1;1;1;artifact;897;897
include/libssh/libsshpp.hpp;1;1;1;ROOT;1;700
include/libssh/libsshpp.hpp;1;1;1;artifact;1;20
include/libssh/libsshpp.hpp;1;!LIBSSHPP_HPP_;1 && !LIBSSHPP_HPP_;if;21;21
include/libssh/libsshpp.hpp;1;!LIBSSHPP_HPP_;1 && !LIBSSHPP_HPP_;artifact;22;67
include/libssh/libsshpp.hpp;1;!SSH_NO_CPP_EXCEPTIONS;1 && !LIBSSHPP_HPP_ && !SSH_NO_CPP_EXCEPTIONS;if;68;68
include/libssh/libsshpp.hpp;1;!SSH_NO_CPP_EXCEPTIONS;1 && !LIBSSHPP_HPP_ && !SSH_NO_CPP_EXCEPTIONS;artifact;69;111
include/libssh/libsshpp.hpp;1;SSH_NO_CPP_EXCEPTIONS;SSH_NO_CPP_EXCEPTIONS && 1 && !LIBSSHPP_HPP_;else;112;112
include/libssh/libsshpp.hpp;1;SSH_NO_CPP_EXCEPTIONS;SSH_NO_CPP_EXCEPTIONS && 1 && !LIBSSHPP_HPP_;artifact;113;120
include/libssh/libsshpp.hpp;1;SSH_NO_CPP_EXCEPTIONS;SSH_NO_CPP_EXCEPTIONS && 1 && !LIBSSHPP_HPP_;endif;121;121
include/libssh/libsshpp.hpp;1;!LIBSSHPP_HPP_;1 && !LIBSSHPP_HPP_;artifact;122;697
include/libssh/libsshpp.hpp;1;!LIBSSHPP_HPP_;1 && !LIBSSHPP_HPP_;endif;698;698
include/libssh/libsshpp.hpp;1;1;1;artifact;699;699
include/libssh/messages.h;1;1;1;ROOT;1;117
include/libssh/messages.h;1;1;1;artifact;1;20
include/libssh/messages.h;1;!MESSAGES_H_;1 && !MESSAGES_H_;if;21;21
include/libssh/messages.h;1;!MESSAGES_H_;1 && !MESSAGES_H_;artifact;22;94
include/libssh/messages.h;1;__cplusplus;1 && !MESSAGES_H_ && __cplusplus;if;95;95
include/libssh/messages.h;1;__cplusplus;1 && !MESSAGES_H_ && __cplusplus;artifact;96;96
include/libssh/messages.h;1;__cplusplus;1 && !MESSAGES_H_ && __cplusplus;endif;97;97
include/libssh/messages.h;1;!MESSAGES_H_;1 && !MESSAGES_H_;artifact;98;101
include/libssh/messages.h;1;WITH_SERVER;1 && !MESSAGES_H_ && WITH_SERVER;if;102;102
include/libssh/messages.h;1;WITH_SERVER;1 && !MESSAGES_H_ && WITH_SERVER;artifact;103;104
include/libssh/messages.h;1;WITH_SERVER;1 && !MESSAGES_H_ && WITH_SERVER;endif;105;105
include/libssh/messages.h;1;!MESSAGES_H_;1 && !MESSAGES_H_;artifact;106;110
include/libssh/messages.h;1;__cplusplus;1 && !MESSAGES_H_ && __cplusplus;if;111;111
include/libssh/messages.h;1;__cplusplus;1 && !MESSAGES_H_ && __cplusplus;artifact;112;112
include/libssh/messages.h;1;__cplusplus;1 && !MESSAGES_H_ && __cplusplus;endif;113;113
include/libssh/messages.h;1;!MESSAGES_H_;1 && !MESSAGES_H_;artifact;114;114
include/libssh/messages.h;1;!MESSAGES_H_;1 && !MESSAGES_H_;endif;115;115
include/libssh/messages.h;1;1;1;artifact;116;116
include/libssh/misc.h;1;1;1;ROOT;1;145
include/libssh/misc.h;1;1;1;artifact;1;20
include/libssh/misc.h;1;!MISC_H_;1 && !MISC_H_;if;21;21
include/libssh/misc.h;1;!MISC_H_;1 && !MISC_H_;artifact;22;23
include/libssh/misc.h;1;_WIN32;1 && !MISC_H_ && _WIN32;if;24;24
include/libssh/misc.h;1;_WIN32;1 && !MISC_H_ && _WIN32;artifact;25;25
include/libssh/misc.h;1;_MSC_VER;1 && !MISC_H_ && _WIN32 && _MSC_VER;if;26;26
include/libssh/misc.h;1;!_SSIZE_T_DEFINED;1 && !MISC_H_ && _WIN32 && _MSC_VER && !_SSIZE_T_DEFINED;if;27;27
include/libssh/misc.h;1;!_SSIZE_T_DEFINED;1 && !MISC_H_ && _WIN32 && _MSC_VER && !_SSIZE_T_DEFINED;artifact;28;31
include/libssh/misc.h;1;!_SSIZE_T_DEFINED;1 && !MISC_H_ && _WIN32 && _MSC_VER && !_SSIZE_T_DEFINED;endif;32;32
include/libssh/misc.h;1;_MSC_VER;1 && !MISC_H_ && _WIN32 && _MSC_VER;endif;33;33
include/libssh/misc.h;1;_WIN32;1 && !MISC_H_ && _WIN32;artifact;34;34
include/libssh/misc.h;1;!_WIN32;!_WIN32 && 1 && !MISC_H_;else;35;35
include/libssh/misc.h;1;!_WIN32;!_WIN32 && 1 && !MISC_H_;artifact;36;37
include/libssh/misc.h;1;!_WIN32;!_WIN32 && 1 && !MISC_H_;endif;38;38
include/libssh/misc.h;1;!MISC_H_;1 && !MISC_H_;artifact;39;39
include/libssh/misc.h;1;__cplusplus;1 && !MISC_H_ && __cplusplus;if;40;40
include/libssh/misc.h;1;__cplusplus;1 && !MISC_H_ && __cplusplus;artifact;41;41
include/libssh/misc.h;1;__cplusplus;1 && !MISC_H_ && __cplusplus;endif;42;42
include/libssh/misc.h;1;!MISC_H_;1 && !MISC_H_;artifact;43;138
include/libssh/misc.h;1;__cplusplus;1 && !MISC_H_ && __cplusplus;if;139;139
include/libssh/misc.h;1;__cplusplus;1 && !MISC_H_ && __cplusplus;artifact;140;140
include/libssh/misc.h;1;__cplusplus;1 && !MISC_H_ && __cplusplus;endif;141;141
include/libssh/misc.h;1;!MISC_H_;1 && !MISC_H_;artifact;142;142
include/libssh/misc.h;1;!MISC_H_;1 && !MISC_H_;endif;143;143
include/libssh/misc.h;1;1;1;artifact;144;144
include/libssh/options.h;1;1;1;ROOT;1;44
include/libssh/options.h;1;1;1;artifact;1;20
include/libssh/options.h;1;!_OPTIONS_H;1 && !_OPTIONS_H;if;21;21
include/libssh/options.h;1;!_OPTIONS_H;1 && !_OPTIONS_H;artifact;22;23
include/libssh/options.h;1;__cplusplus;1 && !_OPTIONS_H && __cplusplus;if;24;24
include/libssh/options.h;1;__cplusplus;1 && !_OPTIONS_H && __cplusplus;artifact;25;25
include/libssh/options.h;1;__cplusplus;1 && !_OPTIONS_H && __cplusplus;endif;26;26
include/libssh/options.h;1;!_OPTIONS_H;1 && !_OPTIONS_H;artifact;27;37
include/libssh/options.h;1;__cplusplus;1 && !_OPTIONS_H && __cplusplus;if;38;38
include/libssh/options.h;1;__cplusplus;1 && !_OPTIONS_H && __cplusplus;artifact;39;39
include/libssh/options.h;1;__cplusplus;1 && !_OPTIONS_H && __cplusplus;endif;40;40
include/libssh/options.h;1;!_OPTIONS_H;1 && !_OPTIONS_H;artifact;41;41
include/libssh/options.h;1;!_OPTIONS_H;1 && !_OPTIONS_H;endif;42;42
include/libssh/options.h;1;1;1;artifact;43;43
include/libssh/packet.h;1;1;1;ROOT;1;102
include/libssh/packet.h;1;1;1;artifact;1;20
include/libssh/packet.h;1;!PACKET_H_;1 && !PACKET_H_;if;21;21
include/libssh/packet.h;1;!PACKET_H_;1 && !PACKET_H_;artifact;22;53
include/libssh/packet.h;1;__cplusplus;1 && !PACKET_H_ && __cplusplus;if;54;54
include/libssh/packet.h;1;__cplusplus;1 && !PACKET_H_ && __cplusplus;artifact;55;55
include/libssh/packet.h;1;__cplusplus;1 && !PACKET_H_ && __cplusplus;endif;56;56
include/libssh/packet.h;1;!PACKET_H_;1 && !PACKET_H_;artifact;57;65
include/libssh/packet.h;1;WITH_SERVER;1 && !PACKET_H_ && WITH_SERVER;if;66;66
include/libssh/packet.h;1;WITH_SERVER;1 && !PACKET_H_ && WITH_SERVER;artifact;67;67
include/libssh/packet.h;1;WITH_SERVER;1 && !PACKET_H_ && WITH_SERVER;endif;68;68
include/libssh/packet.h;1;!PACKET_H_;1 && !PACKET_H_;artifact;69;95
include/libssh/packet.h;1;__cplusplus;1 && !PACKET_H_ && __cplusplus;if;96;96
include/libssh/packet.h;1;__cplusplus;1 && !PACKET_H_ && __cplusplus;artifact;97;97
include/libssh/packet.h;1;__cplusplus;1 && !PACKET_H_ && __cplusplus;endif;98;98
include/libssh/packet.h;1;!PACKET_H_;1 && !PACKET_H_;artifact;99;99
include/libssh/packet.h;1;!PACKET_H_;1 && !PACKET_H_;endif;100;100
include/libssh/packet.h;1;1;1;artifact;101;101
include/libssh/pcap.h;1;1;1;ROOT;1;55
include/libssh/pcap.h;1;1;1;artifact;1;20
include/libssh/pcap.h;1;!PCAP_H_;1 && !PCAP_H_;if;21;21
include/libssh/pcap.h;1;!PCAP_H_;1 && !PCAP_H_;artifact;22;26
include/libssh/pcap.h;1;WITH_PCAP;1 && !PCAP_H_ && WITH_PCAP;if;27;27
include/libssh/pcap.h;1;WITH_PCAP;1 && !PCAP_H_ && WITH_PCAP;artifact;28;29
include/libssh/pcap.h;1;__cplusplus;1 && !PCAP_H_ && WITH_PCAP && __cplusplus;if;30;30
include/libssh/pcap.h;1;__cplusplus;1 && !PCAP_H_ && WITH_PCAP && __cplusplus;artifact;31;31
include/libssh/pcap.h;1;__cplusplus;1 && !PCAP_H_ && WITH_PCAP && __cplusplus;endif;32;32
include/libssh/pcap.h;1;WITH_PCAP;1 && !PCAP_H_ && WITH_PCAP;artifact;33;47
include/libssh/pcap.h;1;__cplusplus;1 && !PCAP_H_ && WITH_PCAP && __cplusplus;if;48;48
include/libssh/pcap.h;1;__cplusplus;1 && !PCAP_H_ && WITH_PCAP && __cplusplus;artifact;49;49
include/libssh/pcap.h;1;__cplusplus;1 && !PCAP_H_ && WITH_PCAP && __cplusplus;endif;50;50
include/libssh/pcap.h;1;WITH_PCAP;1 && !PCAP_H_ && WITH_PCAP;artifact;51;51
include/libssh/pcap.h;1;WITH_PCAP;1 && !PCAP_H_ && WITH_PCAP;endif;52;52
include/libssh/pcap.h;1;!PCAP_H_;1 && !PCAP_H_;endif;53;53
include/libssh/pcap.h;1;1;1;artifact;54;54
include/libssh/pki.h;1;1;1;ROOT;1;193
include/libssh/pki.h;1;1;1;artifact;1;20
include/libssh/pki.h;1;!PKI_H_;1 && !PKI_H_;if;21;21
include/libssh/pki.h;1;!PKI_H_;1 && !PKI_H_;artifact;22;25
include/libssh/pki.h;1;HAVE_OPENSSL_EC_H;1 && !PKI_H_ && HAVE_OPENSSL_EC_H;if;26;26
include/libssh/pki.h;1;HAVE_OPENSSL_EC_H;1 && !PKI_H_ && HAVE_OPENSSL_EC_H;artifact;27;27
include/libssh/pki.h;1;HAVE_OPENSSL_EC_H;1 && !PKI_H_ && HAVE_OPENSSL_EC_H;endif;28;28
include/libssh/pki.h;1;HAVE_OPENSSL_ECDSA_H;1 && !PKI_H_ && HAVE_OPENSSL_ECDSA_H;if;29;29
include/libssh/pki.h;1;HAVE_OPENSSL_ECDSA_H;1 && !PKI_H_ && HAVE_OPENSSL_ECDSA_H;artifact;30;30
include/libssh/pki.h;1;HAVE_OPENSSL_ECDSA_H;1 && !PKI_H_ && HAVE_OPENSSL_ECDSA_H;endif;31;31
include/libssh/pki.h;1;HAVE_LIBCRYPTO;1 && !PKI_H_ && HAVE_LIBCRYPTO;if;32;32
include/libssh/pki.h;1;HAVE_LIBCRYPTO;1 && !PKI_H_ && HAVE_LIBCRYPTO;artifact;33;33
include/libssh/pki.h;1;HAVE_LIBCRYPTO;1 && !PKI_H_ && HAVE_LIBCRYPTO;endif;34;34
include/libssh/pki.h;1;!PKI_H_;1 && !PKI_H_;artifact;35;35
include/libssh/pki.h;1;HAVE_LIBCRYPTO;1 && !PKI_H_ && HAVE_LIBCRYPTO;if;36;36
include/libssh/pki.h;1;HAVE_LIBCRYPTO;1 && !PKI_H_ && HAVE_LIBCRYPTO;artifact;37;39
include/libssh/pki.h;1;!HAVE_LIBCRYPTO;!HAVE_LIBCRYPTO && 1 && !PKI_H_;else;40;40
include/libssh/pki.h;1;!HAVE_LIBCRYPTO;!HAVE_LIBCRYPTO && 1 && !PKI_H_;artifact;41;41
include/libssh/pki.h;1;!HAVE_LIBCRYPTO;!HAVE_LIBCRYPTO && 1 && !PKI_H_;endif;42;42
include/libssh/pki.h;1;!PKI_H_;1 && !PKI_H_;artifact;43;58
include/libssh/pki.h;1;DEFINED___LB__HAVE_LIBGCRYPT__RB__;1 && !PKI_H_ && DEFINED___LB__HAVE_LIBGCRYPT__RB__;if;59;59
include/libssh/pki.h;1;DEFINED___LB__HAVE_LIBGCRYPT__RB__;1 && !PKI_H_ && DEFINED___LB__HAVE_LIBGCRYPT__RB__;artifact;60;61
include/libssh/pki.h;1;DEFINED___LB__HAVE_LIBMBEDCRYPTO__RB__ && !DEFINED___LB__HAVE_LIBGCRYPT__RB__;DEFINED___LB__HAVE_LIBMBEDCRYPTO__RB__ && !DEFINED___LB__HAVE_LIBGCRYPT__RB__ && 1 && !PKI_H_;elif;62;62
include/libssh/pki.h;1;DEFINED___LB__HAVE_LIBMBEDCRYPTO__RB__ && !DEFINED___LB__HAVE_LIBGCRYPT__RB__;DEFINED___LB__HAVE_LIBMBEDCRYPTO__RB__ && !DEFINED___LB__HAVE_LIBGCRYPT__RB__ && 1 && !PKI_H_;artifact;63;64
include/libssh/pki.h;1;DEFINED___LB__HAVE_LIBCRYPTO__RB__ && !DEFINED___LB__HAVE_LIBMBEDCRYPTO__RB__ && !DEFINED___LB__HAVE_LIBGCRYPT__RB__;DEFINED___LB__HAVE_LIBCRYPTO__RB__ && !DEFINED___LB__HAVE_LIBMBEDCRYPTO__RB__ && !DEFINED___LB__HAVE_LIBGCRYPT__RB__ && 1 && !PKI_H_;elif;65;65
include/libssh/pki.h;1;DEFINED___LB__HAVE_LIBCRYPTO__RB__ && !DEFINED___LB__HAVE_LIBMBEDCRYPTO__RB__ && !DEFINED___LB__HAVE_LIBGCRYPT__RB__;DEFINED___LB__HAVE_LIBCRYPTO__RB__ && !DEFINED___LB__HAVE_LIBMBEDCRYPTO__RB__ && !DEFINED___LB__HAVE_LIBGCRYPT__RB__ && 1 && !PKI_H_;artifact;66;70
include/libssh/pki.h;1;DEFINED___LB__HAVE_LIBCRYPTO__RB__ && !DEFINED___LB__HAVE_LIBMBEDCRYPTO__RB__ && !DEFINED___LB__HAVE_LIBGCRYPT__RB__;DEFINED___LB__HAVE_LIBCRYPTO__RB__ && !DEFINED___LB__HAVE_LIBMBEDCRYPTO__RB__ && !DEFINED___LB__HAVE_LIBGCRYPT__RB__ && 1 && !PKI_H_;endif;71;71
include/libssh/pki.h;1;!HAVE_LIBCRYPTO;1 && !PKI_H_ && !HAVE_LIBCRYPTO;if;72;72
include/libssh/pki.h;1;!HAVE_LIBCRYPTO;1 && !PKI_H_ && !HAVE_LIBCRYPTO;artifact;73;74
include/libssh/pki.h;1;!HAVE_LIBCRYPTO;1 && !PKI_H_ && !HAVE_LIBCRYPTO;endif;75;75
include/libssh/pki.h;1;!PKI_H_;1 && !PKI_H_;artifact;76;84
include/libssh/pki.h;1;DEFINED___LB__HAVE_LIBGCRYPT__RB__;1 && !PKI_H_ && DEFINED___LB__HAVE_LIBGCRYPT__RB__;if;85;85
include/libssh/pki.h;1;DEFINED___LB__HAVE_LIBGCRYPT__RB__;1 && !PKI_H_ && DEFINED___LB__HAVE_LIBGCRYPT__RB__;artifact;86;87
include/libssh/pki.h;1;DEFINED___LB__HAVE_LIBMBEDCRYPTO__RB__ && !DEFINED___LB__HAVE_LIBGCRYPT__RB__;DEFINED___LB__HAVE_LIBMBEDCRYPTO__RB__ && !DEFINED___LB__HAVE_LIBGCRYPT__RB__ && 1 && !PKI_H_;elif;88;88
include/libssh/pki.h;1;DEFINED___LB__HAVE_LIBMBEDCRYPTO__RB__ && !DEFINED___LB__HAVE_LIBGCRYPT__RB__;DEFINED___LB__HAVE_LIBMBEDCRYPTO__RB__ && !DEFINED___LB__HAVE_LIBGCRYPT__RB__ && 1 && !PKI_H_;artifact;89;90
include/libssh/pki.h;1;DEFINED___LB__HAVE_LIBMBEDCRYPTO__RB__ && !DEFINED___LB__HAVE_LIBGCRYPT__RB__;DEFINED___LB__HAVE_LIBMBEDCRYPTO__RB__ && !DEFINED___LB__HAVE_LIBGCRYPT__RB__ && 1 && !PKI_H_;endif;91;91
include/libssh/pki.h;1;!HAVE_LIBCRYPTO;1 && !PKI_H_ && !HAVE_LIBCRYPTO;if;92;92
include/libssh/pki.h;1;!HAVE_LIBCRYPTO;1 && !PKI_H_ && !HAVE_LIBCRYPTO;artifact;93;93
include/libssh/pki.h;1;!HAVE_LIBCRYPTO;1 && !PKI_H_ && !HAVE_LIBCRYPTO;endif;94;94
include/libssh/pki.h;1;!PKI_H_;1 && !PKI_H_;artifact;95;103
include/libssh/pki.h;1;__cplusplus;1 && !PKI_H_ && __cplusplus;if;104;104
include/libssh/pki.h;1;__cplusplus;1 && !PKI_H_ && __cplusplus;artifact;105;105
include/libssh/pki.h;1;__cplusplus;1 && !PKI_H_ && __cplusplus;endif;106;106
include/libssh/pki.h;1;!PKI_H_;1 && !PKI_H_;artifact;107;181
include/libssh/pki.h;1;WITH_PKCS11_URI;1 && !PKI_H_ && WITH_PKCS11_URI;if;182;182
include/libssh/pki.h;1;WITH_PKCS11_URI;1 && !PKI_H_ && WITH_PKCS11_URI;artifact;183;184
include/libssh/pki.h;1;WITH_PKCS11_URI;1 && !PKI_H_ && WITH_PKCS11_URI;endif;185;185
include/libssh/pki.h;1;!PKI_H_;1 && !PKI_H_;artifact;186;186
include/libssh/pki.h;1;__cplusplus;1 && !PKI_H_ && __cplusplus;if;187;187
include/libssh/pki.h;1;__cplusplus;1 && !PKI_H_ && __cplusplus;artifact;188;188
include/libssh/pki.h;1;__cplusplus;1 && !PKI_H_ && __cplusplus;endif;189;189
include/libssh/pki.h;1;!PKI_H_;1 && !PKI_H_;artifact;190;190
include/libssh/pki.h;1;!PKI_H_;1 && !PKI_H_;endif;191;191
include/libssh/pki.h;1;1;1;artifact;192;192
include/libssh/pki_priv.h;1;1;1;ROOT;1;171
include/libssh/pki_priv.h;1;1;1;artifact;1;20
include/libssh/pki_priv.h;1;!PKI_PRIV_H_;1 && !PKI_PRIV_H_;if;21;21
include/libssh/pki_priv.h;1;!PKI_PRIV_H_;1 && !PKI_PRIV_H_;artifact;22;25
include/libssh/pki_priv.h;1;__cplusplus;1 && !PKI_PRIV_H_ && __cplusplus;if;26;26
include/libssh/pki_priv.h;1;__cplusplus;1 && !PKI_PRIV_H_ && __cplusplus;artifact;27;27
include/libssh/pki_priv.h;1;__cplusplus;1 && !PKI_PRIV_H_ && __cplusplus;endif;28;28
include/libssh/pki_priv.h;1;!PKI_PRIV_H_;1 && !PKI_PRIV_H_;artifact;29;133
include/libssh/pki_priv.h;1;!HAVE_LIBCRYPTO;1 && !PKI_PRIV_H_ && !HAVE_LIBCRYPTO;if;134;134
include/libssh/pki_priv.h;1;!HAVE_LIBCRYPTO;1 && !PKI_PRIV_H_ && !HAVE_LIBCRYPTO;artifact;135;138
include/libssh/pki_priv.h;1;!HAVE_LIBCRYPTO;1 && !PKI_PRIV_H_ && !HAVE_LIBCRYPTO;endif;139;139
include/libssh/pki_priv.h;1;!PKI_PRIV_H_;1 && !PKI_PRIV_H_;artifact;140;158
include/libssh/pki_priv.h;1;WITH_PKCS11_URI;1 && !PKI_PRIV_H_ && WITH_PKCS11_URI;if;159;159
include/libssh/pki_priv.h;1;WITH_PKCS11_URI;1 && !PKI_PRIV_H_ && WITH_PKCS11_URI;artifact;160;161
include/libssh/pki_priv.h;1;WITH_PKCS11_URI;1 && !PKI_PRIV_H_ && WITH_PKCS11_URI;endif;162;162
include/libssh/pki_priv.h;1;!PKI_PRIV_H_;1 && !PKI_PRIV_H_;artifact;163;164
include/libssh/pki_priv.h;1;__cplusplus;1 && !PKI_PRIV_H_ && __cplusplus;if;165;165
include/libssh/pki_priv.h;1;__cplusplus;1 && !PKI_PRIV_H_ && __cplusplus;artifact;166;166
include/libssh/pki_priv.h;1;__cplusplus;1 && !PKI_PRIV_H_ && __cplusplus;endif;167;167
include/libssh/pki_priv.h;1;!PKI_PRIV_H_;1 && !PKI_PRIV_H_;artifact;168;168
include/libssh/pki_priv.h;1;!PKI_PRIV_H_;1 && !PKI_PRIV_H_;endif;169;169
include/libssh/pki_priv.h;1;1;1;artifact;170;170
include/libssh/poll.h;1;1;1;ROOT;1;171
include/libssh/poll.h;1;1;1;artifact;1;20
include/libssh/poll.h;1;!POLL_H_;1 && !POLL_H_;if;21;21
include/libssh/poll.h;1;!POLL_H_;1 && !POLL_H_;artifact;22;25
include/libssh/poll.h;1;HAVE_POLL;1 && !POLL_H_ && HAVE_POLL;if;26;26
include/libssh/poll.h;1;HAVE_POLL;1 && !POLL_H_ && HAVE_POLL;artifact;27;30
include/libssh/poll.h;1;!HAVE_POLL;!HAVE_POLL && 1 && !POLL_H_;else;31;31
include/libssh/poll.h;1;!HAVE_POLL;!HAVE_POLL && 1 && !POLL_H_;artifact;32;42
include/libssh/poll.h;1;_WIN32;!HAVE_POLL && 1 && !POLL_H_ && _WIN32;if;43;43
include/libssh/poll.h;1;_WIN32;!HAVE_POLL && 1 && !POLL_H_ && _WIN32;artifact;44;44
include/libssh/poll.h;1;!POLLRDNORM;!HAVE_POLL && 1 && !POLL_H_ && _WIN32 && !POLLRDNORM;if;45;45
include/libssh/poll.h;1;!POLLRDNORM;!HAVE_POLL && 1 && !POLL_H_ && _WIN32 && !POLLRDNORM;artifact;46;46
include/libssh/poll.h;1;!POLLRDNORM;!HAVE_POLL && 1 && !POLL_H_ && _WIN32 && !POLLRDNORM;endif;47;47
include/libssh/poll.h;1;!POLLRDBAND;!HAVE_POLL && 1 && !POLL_H_ && _WIN32 && !POLLRDBAND;if;48;48
include/libssh/poll.h;1;!POLLRDBAND;!HAVE_POLL && 1 && !POLL_H_ && _WIN32 && !POLLRDBAND;artifact;49;49
include/libssh/poll.h;1;!POLLRDBAND;!HAVE_POLL && 1 && !POLL_H_ && _WIN32 && !POLLRDBAND;endif;50;50
include/libssh/poll.h;1;!POLLIN;!HAVE_POLL && 1 && !POLL_H_ && _WIN32 && !POLLIN;if;51;51
include/libssh/poll.h;1;!POLLIN;!HAVE_POLL && 1 && !POLL_H_ && _WIN32 && !POLLIN;artifact;52;52
include/libssh/poll.h;1;!POLLIN;!HAVE_POLL && 1 && !POLL_H_ && _WIN32 && !POLLIN;endif;53;53
include/libssh/poll.h;1;!POLLPRI;!HAVE_POLL && 1 && !POLL_H_ && _WIN32 && !POLLPRI;if;54;54
include/libssh/poll.h;1;!POLLPRI;!HAVE_POLL && 1 && !POLL_H_ && _WIN32 && !POLLPRI;artifact;55;55
include/libssh/poll.h;1;!POLLPRI;!HAVE_POLL && 1 && !POLL_H_ && _WIN32 && !POLLPRI;endif;56;56
include/libssh/poll.h;1;_WIN32;!HAVE_POLL && 1 && !POLL_H_ && _WIN32;artifact;57;57
include/libssh/poll.h;1;!POLLWRNORM;!HAVE_POLL && 1 && !POLL_H_ && _WIN32 && !POLLWRNORM;if;58;58
include/libssh/poll.h;1;!POLLWRNORM;!HAVE_POLL && 1 && !POLL_H_ && _WIN32 && !POLLWRNORM;artifact;59;59
include/libssh/poll.h;1;!POLLWRNORM;!HAVE_POLL && 1 && !POLL_H_ && _WIN32 && !POLLWRNORM;endif;60;60
include/libssh/poll.h;1;!POLLOUT;!HAVE_POLL && 1 && !POLL_H_ && _WIN32 && !POLLOUT;if;61;61
include/libssh/poll.h;1;!POLLOUT;!HAVE_POLL && 1 && !POLL_H_ && _WIN32 && !POLLOUT;artifact;62;62
include/libssh/poll.h;1;!POLLOUT;!HAVE_POLL && 1 && !POLL_H_ && _WIN32 && !POLLOUT;endif;63;63
include/libssh/poll.h;1;!POLLWRBAND;!HAVE_POLL && 1 && !POLL_H_ && _WIN32 && !POLLWRBAND;if;64;64
include/libssh/poll.h;1;!POLLWRBAND;!HAVE_POLL && 1 && !POLL_H_ && _WIN32 && !POLLWRBAND;artifact;65;65
include/libssh/poll.h;1;!POLLWRBAND;!HAVE_POLL && 1 && !POLL_H_ && _WIN32 && !POLLWRBAND;endif;66;66
include/libssh/poll.h;1;_WIN32;!HAVE_POLL && 1 && !POLL_H_ && _WIN32;artifact;67;67
include/libssh/poll.h;1;!POLLERR;!HAVE_POLL && 1 && !POLL_H_ && _WIN32 && !POLLERR;if;68;68
include/libssh/poll.h;1;!POLLERR;!HAVE_POLL && 1 && !POLL_H_ && _WIN32 && !POLLERR;artifact;69;69
include/libssh/poll.h;1;!POLLERR;!HAVE_POLL && 1 && !POLL_H_ && _WIN32 && !POLLERR;endif;70;70
include/libssh/poll.h;1;!POLLHUP;!HAVE_POLL && 1 && !POLL_H_ && _WIN32 && !POLLHUP;if;71;71
include/libssh/poll.h;1;!POLLHUP;!HAVE_POLL && 1 && !POLL_H_ && _WIN32 && !POLLHUP;artifact;72;72
include/libssh/poll.h;1;!POLLHUP;!HAVE_POLL && 1 && !POLL_H_ && _WIN32 && !POLLHUP;endif;73;73
include/libssh/poll.h;1;!POLLNVAL;!HAVE_POLL && 1 && !POLL_H_ && _WIN32 && !POLLNVAL;if;74;74
include/libssh/poll.h;1;!POLLNVAL;!HAVE_POLL && 1 && !POLL_H_ && _WIN32 && !POLLNVAL;artifact;75;75
include/libssh/poll.h;1;!POLLNVAL;!HAVE_POLL && 1 && !POLL_H_ && _WIN32 && !POLLNVAL;endif;76;76
include/libssh/poll.h;1;_WIN32;!HAVE_POLL && 1 && !POLL_H_ && _WIN32;artifact;77;77
include/libssh/poll.h;1;!_WIN32;!_WIN32 && !HAVE_POLL && 1 && !POLL_H_;else;78;78
include/libssh/poll.h;1;!_WIN32;!_WIN32 && !HAVE_POLL && 1 && !POLL_H_;artifact;79;80
include/libssh/poll.h;1;!POLLIN;!_WIN32 && !HAVE_POLL && 1 && !POLL_H_ && !POLLIN;if;81;81
include/libssh/poll.h;1;!POLLIN;!_WIN32 && !HAVE_POLL && 1 && !POLL_H_ && !POLLIN;artifact;82;82
include/libssh/poll.h;1;!POLLIN;!_WIN32 && !HAVE_POLL && 1 && !POLL_H_ && !POLLIN;endif;83;83
include/libssh/poll.h;1;!POLLPRI;!_WIN32 && !HAVE_POLL && 1 && !POLL_H_ && !POLLPRI;if;84;84
include/libssh/poll.h;1;!POLLPRI;!_WIN32 && !HAVE_POLL && 1 && !POLL_H_ && !POLLPRI;artifact;85;85
include/libssh/poll.h;1;!POLLPRI;!_WIN32 && !HAVE_POLL && 1 && !POLL_H_ && !POLLPRI;endif;86;86
include/libssh/poll.h;1;!POLLOUT;!_WIN32 && !HAVE_POLL && 1 && !POLL_H_ && !POLLOUT;if;87;87
include/libssh/poll.h;1;!POLLOUT;!_WIN32 && !HAVE_POLL && 1 && !POLL_H_ && !POLLOUT;artifact;88;88
include/libssh/poll.h;1;!POLLOUT;!_WIN32 && !HAVE_POLL && 1 && !POLL_H_ && !POLLOUT;endif;89;89
include/libssh/poll.h;1;!_WIN32;!_WIN32 && !HAVE_POLL && 1 && !POLL_H_;artifact;90;90
include/libssh/poll.h;1;!POLLERR;!_WIN32 && !HAVE_POLL && 1 && !POLL_H_ && !POLLERR;if;91;91
include/libssh/poll.h;1;!POLLERR;!_WIN32 && !HAVE_POLL && 1 && !POLL_H_ && !POLLERR;artifact;92;92
include/libssh/poll.h;1;!POLLERR;!_WIN32 && !HAVE_POLL && 1 && !POLL_H_ && !POLLERR;endif;93;93
include/libssh/poll.h;1;!POLLHUP;!_WIN32 && !HAVE_POLL && 1 && !POLL_H_ && !POLLHUP;if;94;94
include/libssh/poll.h;1;!POLLHUP;!_WIN32 && !HAVE_POLL && 1 && !POLL_H_ && !POLLHUP;artifact;95;95
include/libssh/poll.h;1;!POLLHUP;!_WIN32 && !HAVE_POLL && 1 && !POLL_H_ && !POLLHUP;endif;96;96
include/libssh/poll.h;1;!POLLNVAL;!_WIN32 && !HAVE_POLL && 1 && !POLL_H_ && !POLLNVAL;if;97;97
include/libssh/poll.h;1;!POLLNVAL;!_WIN32 && !HAVE_POLL && 1 && !POLL_H_ && !POLLNVAL;artifact;98;98
include/libssh/poll.h;1;!POLLNVAL;!_WIN32 && !HAVE_POLL && 1 && !POLL_H_ && !POLLNVAL;endif;99;99
include/libssh/poll.h;1;!_WIN32;!_WIN32 && !HAVE_POLL && 1 && !POLL_H_;artifact;100;100
include/libssh/poll.h;1;!POLLRDNORM;!_WIN32 && !HAVE_POLL && 1 && !POLL_H_ && !POLLRDNORM;if;101;101
include/libssh/poll.h;1;!POLLRDNORM;!_WIN32 && !HAVE_POLL && 1 && !POLL_H_ && !POLLRDNORM;artifact;102;102
include/libssh/poll.h;1;!POLLRDNORM;!_WIN32 && !HAVE_POLL && 1 && !POLL_H_ && !POLLRDNORM;endif;103;103
include/libssh/poll.h;1;!POLLRDBAND;!_WIN32 && !HAVE_POLL && 1 && !POLL_H_ && !POLLRDBAND;if;104;104
include/libssh/poll.h;1;!POLLRDBAND;!_WIN32 && !HAVE_POLL && 1 && !POLL_H_ && !POLLRDBAND;artifact;105;105
include/libssh/poll.h;1;!POLLRDBAND;!_WIN32 && !HAVE_POLL && 1 && !POLL_H_ && !POLLRDBAND;endif;106;106
include/libssh/poll.h;1;!POLLWRNORM;!_WIN32 && !HAVE_POLL && 1 && !POLL_H_ && !POLLWRNORM;if;107;107
include/libssh/poll.h;1;!POLLWRNORM;!_WIN32 && !HAVE_POLL && 1 && !POLL_H_ && !POLLWRNORM;artifact;108;108
include/libssh/poll.h;1;!POLLWRNORM;!_WIN32 && !HAVE_POLL && 1 && !POLL_H_ && !POLLWRNORM;endif;109;109
include/libssh/poll.h;1;!POLLWRBAND;!_WIN32 && !HAVE_POLL && 1 && !POLL_H_ && !POLLWRBAND;if;110;110
include/libssh/poll.h;1;!POLLWRBAND;!_WIN32 && !HAVE_POLL && 1 && !POLL_H_ && !POLLWRBAND;artifact;111;111
include/libssh/poll.h;1;!POLLWRBAND;!_WIN32 && !HAVE_POLL && 1 && !POLL_H_ && !POLLWRBAND;endif;112;112
include/libssh/poll.h;1;!_WIN32;!_WIN32 && !HAVE_POLL && 1 && !POLL_H_;artifact;113;113
include/libssh/poll.h;1;!_WIN32;!_WIN32 && !HAVE_POLL && 1 && !POLL_H_;endif;114;114
include/libssh/poll.h;1;!HAVE_POLL;!HAVE_POLL && 1 && !POLL_H_;endif;115;115
include/libssh/poll.h;1;!POLL_H_;1 && !POLL_H_;artifact;116;116
include/libssh/poll.h;1;__cplusplus;1 && !POLL_H_ && __cplusplus;if;117;117
include/libssh/poll.h;1;__cplusplus;1 && !POLL_H_ && __cplusplus;artifact;118;118
include/libssh/poll.h;1;__cplusplus;1 && !POLL_H_ && __cplusplus;endif;119;119
include/libssh/poll.h;1;!POLL_H_;1 && !POLL_H_;artifact;120;164
include/libssh/poll.h;1;__cplusplus;1 && !POLL_H_ && __cplusplus;if;165;165
include/libssh/poll.h;1;__cplusplus;1 && !POLL_H_ && __cplusplus;artifact;166;166
include/libssh/poll.h;1;__cplusplus;1 && !POLL_H_ && __cplusplus;endif;167;167
include/libssh/poll.h;1;!POLL_H_;1 && !POLL_H_;artifact;168;168
include/libssh/poll.h;1;!POLL_H_;1 && !POLL_H_;endif;169;169
include/libssh/poll.h;1;1;1;artifact;170;170
include/libssh/poly1305.h;1;1;1;ROOT;1;29
include/libssh/poly1305.h;1;1;1;artifact;1;5
include/libssh/poly1305.h;1;!POLY1305_H;1 && !POLY1305_H;if;6;6
include/libssh/poly1305.h;1;!POLY1305_H;1 && !POLY1305_H;artifact;7;9
include/libssh/poly1305.h;1;__cplusplus;1 && !POLY1305_H && __cplusplus;if;10;10
include/libssh/poly1305.h;1;__cplusplus;1 && !POLY1305_H && __cplusplus;artifact;11;11
include/libssh/poly1305.h;1;__cplusplus;1 && !POLY1305_H && __cplusplus;endif;12;12
include/libssh/poly1305.h;1;!POLY1305_H;1 && !POLY1305_H;artifact;13;15
include/libssh/poly1305.h;1;HAVE_GCC_BOUNDED_ATTRIBUTE;1 && !POLY1305_H && HAVE_GCC_BOUNDED_ATTRIBUTE;if;16;16
include/libssh/poly1305.h;1;HAVE_GCC_BOUNDED_ATTRIBUTE;1 && !POLY1305_H && HAVE_GCC_BOUNDED_ATTRIBUTE;artifact;17;19
include/libssh/poly1305.h;1;HAVE_GCC_BOUNDED_ATTRIBUTE;1 && !POLY1305_H && HAVE_GCC_BOUNDED_ATTRIBUTE;endif;20;20
include/libssh/poly1305.h;1;!POLY1305_H;1 && !POLY1305_H;artifact;21;22
include/libssh/poly1305.h;1;__cplusplus;1 && !POLY1305_H && __cplusplus;if;23;23
include/libssh/poly1305.h;1;__cplusplus;1 && !POLY1305_H && __cplusplus;artifact;24;24
include/libssh/poly1305.h;1;__cplusplus;1 && !POLY1305_H && __cplusplus;endif;25;25
include/libssh/poly1305.h;1;!POLY1305_H;1 && !POLY1305_H;artifact;26;26
include/libssh/poly1305.h;1;!POLY1305_H;1 && !POLY1305_H;endif;27;27
include/libssh/poly1305.h;1;1;1;artifact;28;28
include/libssh/priv.h;1;1;1;ROOT;1;482
include/libssh/priv.h;1;1;1;artifact;1;28
include/libssh/priv.h;1;!_LIBSSH_PRIV_H;1 && !_LIBSSH_PRIV_H;if;29;29
include/libssh/priv.h;1;!_LIBSSH_PRIV_H;1 && !_LIBSSH_PRIV_H;artifact;30;37
include/libssh/priv.h;1;!DEFINED___LB__HAVE_STRTOULL__RB__;1 && !_LIBSSH_PRIV_H && !DEFINED___LB__HAVE_STRTOULL__RB__;if;38;38
include/libssh/priv.h;1;DEFINED___LB__HAVE___STRTOULL__RB__;1 && !_LIBSSH_PRIV_H && !DEFINED___LB__HAVE_STRTOULL__RB__ && DEFINED___LB__HAVE___STRTOULL__RB__;if;39;39
include/libssh/priv.h;1;DEFINED___LB__HAVE___STRTOULL__RB__;1 && !_LIBSSH_PRIV_H && !DEFINED___LB__HAVE_STRTOULL__RB__ && DEFINED___LB__HAVE___STRTOULL__RB__;artifact;40;40
include/libssh/priv.h;1;DEFINED___LB__HAVE__STRTOUI64__RB__ && !DEFINED___LB__HAVE___STRTOULL__RB__;DEFINED___LB__HAVE__STRTOUI64__RB__ && !DEFINED___LB__HAVE___STRTOULL__RB__ && 1 && !_LIBSSH_PRIV_H && !DEFINED___LB__HAVE_STRTOULL__RB__;elif;41;41
include/libssh/priv.h;1;DEFINED___LB__HAVE__STRTOUI64__RB__ && !DEFINED___LB__HAVE___STRTOULL__RB__;DEFINED___LB__HAVE__STRTOUI64__RB__ && !DEFINED___LB__HAVE___STRTOULL__RB__ && 1 && !_LIBSSH_PRIV_H && !DEFINED___LB__HAVE_STRTOULL__RB__;artifact;42;42
include/libssh/priv.h;1;DEFINED___LB____hpux__RB__ && DEFINED___LB____LP64____RB__ && !DEFINED___LB__HAVE__STRTOUI64__RB__ && !DEFINED___LB__HAVE___STRTOULL__RB__;DEFINED___LB____hpux__RB__ && DEFINED___LB____LP64____RB__ && !DEFINED___LB__HAVE__STRTOUI64__RB__ && !DEFINED___LB__HAVE___STRTOULL__RB__ && 1 && !_LIBSSH_PRIV_H && !DEFINED___LB__HAVE_STRTOULL__RB__;elif;43;43
include/libssh/priv.h;1;DEFINED___LB____hpux__RB__ && DEFINED___LB____LP64____RB__ && !DEFINED___LB__HAVE__STRTOUI64__RB__ && !DEFINED___LB__HAVE___STRTOULL__RB__;DEFINED___LB____hpux__RB__ && DEFINED___LB____LP64____RB__ && !DEFINED___LB__HAVE__STRTOUI64__RB__ && !DEFINED___LB__HAVE___STRTOULL__RB__ && 1 && !_LIBSSH_PRIV_H && !DEFINED___LB__HAVE_STRTOULL__RB__;artifact;44;44
include/libssh/priv.h;1;(!DEFINED___LB____hpux__RB__ || !DEFINED___LB____LP64____RB__) && !DEFINED___LB__HAVE__STRTOUI64__RB__ && !DEFINED___LB__HAVE___STRTOULL__RB__;(!DEFINED___LB____hpux__RB__ || !DEFINED___LB____LP64____RB__) && !DEFINED___LB__HAVE__STRTOUI64__RB__ && !DEFINED___LB__HAVE___STRTOULL__RB__ && 1 && !_LIBSSH_PRIV_H && !DEFINED___LB__HAVE_STRTOULL__RB__;else;45;45
include/libssh/priv.h;1;(!DEFINED___LB____hpux__RB__ || !DEFINED___LB____LP64____RB__) && !DEFINED___LB__HAVE__STRTOUI64__RB__ && !DEFINED___LB__HAVE___STRTOULL__RB__;(!DEFINED___LB____hpux__RB__ || !DEFINED___LB____LP64____RB__) && !DEFINED___LB__HAVE__STRTOUI64__RB__ && !DEFINED___LB__HAVE___STRTOULL__RB__ && 1 && !_LIBSSH_PRIV_H && !DEFINED___LB__HAVE_STRTOULL__RB__;artifact;46;46
include/libssh/priv.h;1;(!DEFINED___LB____hpux__RB__ || !DEFINED___LB____LP64____RB__) && !DEFINED___LB__HAVE__STRTOUI64__RB__ && !DEFINED___LB__HAVE___STRTOULL__RB__;(!DEFINED___LB____hpux__RB__ || !DEFINED___LB____LP64____RB__) && !DEFINED___LB__HAVE__STRTOUI64__RB__ && !DEFINED___LB__HAVE___STRTOULL__RB__ && 1 && !_LIBSSH_PRIV_H && !DEFINED___LB__HAVE_STRTOULL__RB__;endif;47;47
include/libssh/priv.h;1;!DEFINED___LB__HAVE_STRTOULL__RB__;1 && !_LIBSSH_PRIV_H && !DEFINED___LB__HAVE_STRTOULL__RB__;endif;48;48
include/libssh/priv.h;1;!_LIBSSH_PRIV_H;1 && !_LIBSSH_PRIV_H;artifact;49;49
include/libssh/priv.h;1;HAVE_TERMIOS_H;1 && !_LIBSSH_PRIV_H && HAVE_TERMIOS_H;if;50;50
include/libssh/priv.h;1;HAVE_TERMIOS_H;1 && !_LIBSSH_PRIV_H && HAVE_TERMIOS_H;artifact;51;51
include/libssh/priv.h;1;HAVE_TERMIOS_H;1 && !_LIBSSH_PRIV_H && HAVE_TERMIOS_H;endif;52;52
include/libssh/priv.h;1;!_LIBSSH_PRIV_H;1 && !_LIBSSH_PRIV_H;artifact;53;53
include/libssh/priv.h;1;__cplusplus;1 && !_LIBSSH_PRIV_H && __cplusplus;if;54;54
include/libssh/priv.h;1;__cplusplus;1 && !_LIBSSH_PRIV_H && __cplusplus;artifact;55;55
include/libssh/priv.h;1;__cplusplus;1 && !_LIBSSH_PRIV_H && __cplusplus;endif;56;56
include/libssh/priv.h;1;!_LIBSSH_PRIV_H;1 && !_LIBSSH_PRIV_H;artifact;57;57
include/libssh/priv.h;1;!DEFINED___LB__HAVE_STRNDUP__RB__;1 && !_LIBSSH_PRIV_H && !DEFINED___LB__HAVE_STRNDUP__RB__;if;58;58
include/libssh/priv.h;1;!DEFINED___LB__HAVE_STRNDUP__RB__;1 && !_LIBSSH_PRIV_H && !DEFINED___LB__HAVE_STRNDUP__RB__;artifact;59;59
include/libssh/priv.h;1;!DEFINED___LB__HAVE_STRNDUP__RB__;1 && !_LIBSSH_PRIV_H && !DEFINED___LB__HAVE_STRNDUP__RB__;endif;60;60
include/libssh/priv.h;1;!_LIBSSH_PRIV_H;1 && !_LIBSSH_PRIV_H;artifact;61;61
include/libssh/priv.h;1;HAVE_BYTESWAP_H;1 && !_LIBSSH_PRIV_H && HAVE_BYTESWAP_H;if;62;62
include/libssh/priv.h;1;HAVE_BYTESWAP_H;1 && !_LIBSSH_PRIV_H && HAVE_BYTESWAP_H;artifact;63;63
include/libssh/priv.h;1;HAVE_BYTESWAP_H;1 && !_LIBSSH_PRIV_H && HAVE_BYTESWAP_H;endif;64;64
include/libssh/priv.h;1;!_LIBSSH_PRIV_H;1 && !_LIBSSH_PRIV_H;artifact;65;65
include/libssh/priv.h;1;HAVE_ARPA_INET_H;1 && !_LIBSSH_PRIV_H && HAVE_ARPA_INET_H;if;66;66
include/libssh/priv.h;1;HAVE_ARPA_INET_H;1 && !_LIBSSH_PRIV_H && HAVE_ARPA_INET_H;artifact;67;67
include/libssh/priv.h;1;HAVE_ARPA_INET_H;1 && !_LIBSSH_PRIV_H && HAVE_ARPA_INET_H;endif;68;68
include/libssh/priv.h;1;!_LIBSSH_PRIV_H;1 && !_LIBSSH_PRIV_H;artifact;69;69
include/libssh/priv.h;1;!bswap_32;1 && !_LIBSSH_PRIV_H && !bswap_32;if;70;70
include/libssh/priv.h;1;!bswap_32;1 && !_LIBSSH_PRIV_H && !bswap_32;artifact;71;73
include/libssh/priv.h;1;!bswap_32;1 && !_LIBSSH_PRIV_H && !bswap_32;endif;74;74
include/libssh/priv.h;1;!_LIBSSH_PRIV_H;1 && !_LIBSSH_PRIV_H;artifact;75;75
include/libssh/priv.h;1;_WIN32;1 && !_LIBSSH_PRIV_H && _WIN32;if;76;76
include/libssh/priv.h;1;_WIN32;1 && !_LIBSSH_PRIV_H && _WIN32;artifact;77;77
include/libssh/priv.h;1;!PRIu64;1 && !_LIBSSH_PRIV_H && _WIN32 && !PRIu64;if;78;78
include/libssh/priv.h;1;__WORDSIZE__EQ__64;1 && !_LIBSSH_PRIV_H && _WIN32 && !PRIu64 && __WORDSIZE__EQ__64;if;79;79
include/libssh/priv.h;1;__WORDSIZE__EQ__64;1 && !_LIBSSH_PRIV_H && _WIN32 && !PRIu64 && __WORDSIZE__EQ__64;artifact;80;80
include/libssh/priv.h;1;!__WORDSIZE__EQ__64;!__WORDSIZE__EQ__64 && 1 && !_LIBSSH_PRIV_H && _WIN32 && !PRIu64;else;81;81
include/libssh/priv.h;1;!__WORDSIZE__EQ__64;!__WORDSIZE__EQ__64 && 1 && !_LIBSSH_PRIV_H && _WIN32 && !PRIu64;artifact;82;82
include/libssh/priv.h;1;!__WORDSIZE__EQ__64;!__WORDSIZE__EQ__64 && 1 && !_LIBSSH_PRIV_H && _WIN32 && !PRIu64;endif;83;83
include/libssh/priv.h;1;!PRIu64;1 && !_LIBSSH_PRIV_H && _WIN32 && !PRIu64;endif;84;84
include/libssh/priv.h;1;_WIN32;1 && !_LIBSSH_PRIV_H && _WIN32;artifact;85;85
include/libssh/priv.h;1;!PRIu32;1 && !_LIBSSH_PRIV_H && _WIN32 && !PRIu32;if;86;86
include/libssh/priv.h;1;!PRIu32;1 && !_LIBSSH_PRIV_H && _WIN32 && !PRIu32;artifact;87;87
include/libssh/priv.h;1;!PRIu32;1 && !_LIBSSH_PRIV_H && _WIN32 && !PRIu32;endif;88;88
include/libssh/priv.h;1;_WIN32;1 && !_LIBSSH_PRIV_H && _WIN32;artifact;89;89
include/libssh/priv.h;1;!PRIx64;1 && !_LIBSSH_PRIV_H && _WIN32 && !PRIx64;if;90;90
include/libssh/priv.h;1;__WORDSIZE__EQ__64;1 && !_LIBSSH_PRIV_H && _WIN32 && !PRIx64 && __WORDSIZE__EQ__64;if;91;91
include/libssh/priv.h;1;__WORDSIZE__EQ__64;1 && !_LIBSSH_PRIV_H && _WIN32 && !PRIx64 && __WORDSIZE__EQ__64;artifact;92;92
include/libssh/priv.h;1;!__WORDSIZE__EQ__64;!__WORDSIZE__EQ__64 && 1 && !_LIBSSH_PRIV_H && _WIN32 && !PRIx64;else;93;93
include/libssh/priv.h;1;!__WORDSIZE__EQ__64;!__WORDSIZE__EQ__64 && 1 && !_LIBSSH_PRIV_H && _WIN32 && !PRIx64;artifact;94;94
include/libssh/priv.h;1;!__WORDSIZE__EQ__64;!__WORDSIZE__EQ__64 && 1 && !_LIBSSH_PRIV_H && _WIN32 && !PRIx64;endif;95;95
include/libssh/priv.h;1;!PRIx64;1 && !_LIBSSH_PRIV_H && _WIN32 && !PRIx64;endif;96;96
include/libssh/priv.h;1;_WIN32;1 && !_LIBSSH_PRIV_H && _WIN32;artifact;97;97
include/libssh/priv.h;1;!PRIx32;1 && !_LIBSSH_PRIV_H && _WIN32 && !PRIx32;if;98;98
include/libssh/priv.h;1;!PRIx32;1 && !_LIBSSH_PRIV_H && _WIN32 && !PRIx32;artifact;99;99
include/libssh/priv.h;1;!PRIx32;1 && !_LIBSSH_PRIV_H && _WIN32 && !PRIx32;endif;100;100
include/libssh/priv.h;1;_WIN32;1 && !_LIBSSH_PRIV_H && _WIN32;artifact;101;101
include/libssh/priv.h;1;_MSC_VER;1 && !_LIBSSH_PRIV_H && _WIN32 && _MSC_VER;if;102;102
include/libssh/priv.h;1;_MSC_VER;1 && !_LIBSSH_PRIV_H && _WIN32 && _MSC_VER;artifact;103;109
include/libssh/priv.h;1;!va_copy;1 && !_LIBSSH_PRIV_H && _WIN32 && _MSC_VER && !va_copy;if;110;110
include/libssh/priv.h;1;!va_copy;1 && !_LIBSSH_PRIV_H && _WIN32 && _MSC_VER && !va_copy;artifact;111;111
include/libssh/priv.h;1;!va_copy;1 && !_LIBSSH_PRIV_H && _WIN32 && _MSC_VER && !va_copy;endif;112;112
include/libssh/priv.h;1;_MSC_VER;1 && !_LIBSSH_PRIV_H && _WIN32 && _MSC_VER;artifact;113;115
include/libssh/priv.h;1;!DEFINED___LB__HAVE_ISBLANK__RB__;1 && !_LIBSSH_PRIV_H && _WIN32 && _MSC_VER && !DEFINED___LB__HAVE_ISBLANK__RB__;if;116;116
include/libssh/priv.h;1;!DEFINED___LB__HAVE_ISBLANK__RB__;1 && !_LIBSSH_PRIV_H && _WIN32 && _MSC_VER && !DEFINED___LB__HAVE_ISBLANK__RB__;artifact;117;117
include/libssh/priv.h;1;!DEFINED___LB__HAVE_ISBLANK__RB__;1 && !_LIBSSH_PRIV_H && _WIN32 && _MSC_VER && !DEFINED___LB__HAVE_ISBLANK__RB__;endif;118;118
include/libssh/priv.h;1;_MSC_VER;1 && !_LIBSSH_PRIV_H && _WIN32 && _MSC_VER;artifact;119;124
include/libssh/priv.h;1;DEFINED___LB__HAVE__SNPRINTF_S__RB__;1 && !_LIBSSH_PRIV_H && _WIN32 && _MSC_VER && DEFINED___LB__HAVE__SNPRINTF_S__RB__;if;125;125
include/libssh/priv.h;1;DEFINED___LB__HAVE__SNPRINTF_S__RB__;1 && !_LIBSSH_PRIV_H && _WIN32 && _MSC_VER && DEFINED___LB__HAVE__SNPRINTF_S__RB__;artifact;126;127
include/libssh/priv.h;1;!DEFINED___LB__HAVE__SNPRINTF_S__RB__;!DEFINED___LB__HAVE__SNPRINTF_S__RB__ && 1 && !_LIBSSH_PRIV_H && _WIN32 && _MSC_VER;else;128;128
include/libssh/priv.h;1;DEFINED___LB__HAVE__SNPRINTF__RB__;!DEFINED___LB__HAVE__SNPRINTF_S__RB__ && 1 && !_LIBSSH_PRIV_H && _WIN32 && _MSC_VER && DEFINED___LB__HAVE__SNPRINTF__RB__;if;129;129
include/libssh/priv.h;1;DEFINED___LB__HAVE__SNPRINTF__RB__;!DEFINED___LB__HAVE__SNPRINTF_S__RB__ && 1 && !_LIBSSH_PRIV_H && _WIN32 && _MSC_VER && DEFINED___LB__HAVE__SNPRINTF__RB__;artifact;130;131
include/libssh/priv.h;1;!DEFINED___LB__HAVE__SNPRINTF__RB__;!DEFINED___LB__HAVE__SNPRINTF__RB__ && !DEFINED___LB__HAVE__SNPRINTF_S__RB__ && 1 && !_LIBSSH_PRIV_H && _WIN32 && _MSC_VER;else;132;132
include/libssh/priv.h;1;!DEFINED___LB__HAVE_SNPRINTF__RB__;!DEFINED___LB__HAVE__SNPRINTF__RB__ && !DEFINED___LB__HAVE__SNPRINTF_S__RB__ && 1 && !_LIBSSH_PRIV_H && _WIN32 && _MSC_VER && !DEFINED___LB__HAVE_SNPRINTF__RB__;if;133;133
include/libssh/priv.h;1;!DEFINED___LB__HAVE_SNPRINTF__RB__;!DEFINED___LB__HAVE__SNPRINTF__RB__ && !DEFINED___LB__HAVE__SNPRINTF_S__RB__ && 1 && !_LIBSSH_PRIV_H && _WIN32 && _MSC_VER && !DEFINED___LB__HAVE_SNPRINTF__RB__;artifact;134;134
include/libssh/priv.h;1;!DEFINED___LB__HAVE_SNPRINTF__RB__;!DEFINED___LB__HAVE__SNPRINTF__RB__ && !DEFINED___LB__HAVE__SNPRINTF_S__RB__ && 1 && !_LIBSSH_PRIV_H && _WIN32 && _MSC_VER && !DEFINED___LB__HAVE_SNPRINTF__RB__;endif;135;135
include/libssh/priv.h;1;!DEFINED___LB__HAVE__SNPRINTF__RB__;!DEFINED___LB__HAVE__SNPRINTF__RB__ && !DEFINED___LB__HAVE__SNPRINTF_S__RB__ && 1 && !_LIBSSH_PRIV_H && _WIN32 && _MSC_VER;endif;136;136
include/libssh/priv.h;1;!DEFINED___LB__HAVE__SNPRINTF_S__RB__;!DEFINED___LB__HAVE__SNPRINTF_S__RB__ && 1 && !_LIBSSH_PRIV_H && _WIN32 && _MSC_VER;endif;137;137
include/libssh/priv.h;1;_MSC_VER;1 && !_LIBSSH_PRIV_H && _WIN32 && _MSC_VER;artifact;138;138
include/libssh/priv.h;1;DEFINED___LB__HAVE__VSNPRINTF_S__RB__;1 && !_LIBSSH_PRIV_H && _WIN32 && _MSC_VER && DEFINED___LB__HAVE__VSNPRINTF_S__RB__;if;139;139
include/libssh/priv.h;1;DEFINED___LB__HAVE__VSNPRINTF_S__RB__;1 && !_LIBSSH_PRIV_H && _WIN32 && _MSC_VER && DEFINED___LB__HAVE__VSNPRINTF_S__RB__;artifact;140;141
include/libssh/priv.h;1;!DEFINED___LB__HAVE__VSNPRINTF_S__RB__;!DEFINED___LB__HAVE__VSNPRINTF_S__RB__ && 1 && !_LIBSSH_PRIV_H && _WIN32 && _MSC_VER;else;142;142
include/libssh/priv.h;1;DEFINED___LB__HAVE__VSNPRINTF__RB__;!DEFINED___LB__HAVE__VSNPRINTF_S__RB__ && 1 && !_LIBSSH_PRIV_H && _WIN32 && _MSC_VER && DEFINED___LB__HAVE__VSNPRINTF__RB__;if;143;143
include/libssh/priv.h;1;DEFINED___LB__HAVE__VSNPRINTF__RB__;!DEFINED___LB__HAVE__VSNPRINTF_S__RB__ && 1 && !_LIBSSH_PRIV_H && _WIN32 && _MSC_VER && DEFINED___LB__HAVE__VSNPRINTF__RB__;artifact;144;145
include/libssh/priv.h;1;!DEFINED___LB__HAVE__VSNPRINTF__RB__;!DEFINED___LB__HAVE__VSNPRINTF__RB__ && !DEFINED___LB__HAVE__VSNPRINTF_S__RB__ && 1 && !_LIBSSH_PRIV_H && _WIN32 && _MSC_VER;else;146;146
include/libssh/priv.h;1;!DEFINED___LB__HAVE_VSNPRINTF__RB__;!DEFINED___LB__HAVE__VSNPRINTF__RB__ && !DEFINED___LB__HAVE__VSNPRINTF_S__RB__ && 1 && !_LIBSSH_PRIV_H && _WIN32 && _MSC_VER && !DEFINED___LB__HAVE_VSNPRINTF__RB__;if;147;147
include/libssh/priv.h;1;!DEFINED___LB__HAVE_VSNPRINTF__RB__;!DEFINED___LB__HAVE__VSNPRINTF__RB__ && !DEFINED___LB__HAVE__VSNPRINTF_S__RB__ && 1 && !_LIBSSH_PRIV_H && _WIN32 && _MSC_VER && !DEFINED___LB__HAVE_VSNPRINTF__RB__;artifact;148;148
include/libssh/priv.h;1;!DEFINED___LB__HAVE_VSNPRINTF__RB__;!DEFINED___LB__HAVE__VSNPRINTF__RB__ && !DEFINED___LB__HAVE__VSNPRINTF_S__RB__ && 1 && !_LIBSSH_PRIV_H && _WIN32 && _MSC_VER && !DEFINED___LB__HAVE_VSNPRINTF__RB__;endif;149;149
include/libssh/priv.h;1;!DEFINED___LB__HAVE__VSNPRINTF__RB__;!DEFINED___LB__HAVE__VSNPRINTF__RB__ && !DEFINED___LB__HAVE__VSNPRINTF_S__RB__ && 1 && !_LIBSSH_PRIV_H && _WIN32 && _MSC_VER;endif;150;150
include/libssh/priv.h;1;!DEFINED___LB__HAVE__VSNPRINTF_S__RB__;!DEFINED___LB__HAVE__VSNPRINTF_S__RB__ && 1 && !_LIBSSH_PRIV_H && _WIN32 && _MSC_VER;endif;151;151
include/libssh/priv.h;1;_MSC_VER;1 && !_LIBSSH_PRIV_H && _WIN32 && _MSC_VER;artifact;152;152
include/libssh/priv.h;1;!_SSIZE_T_DEFINED;1 && !_LIBSSH_PRIV_H && _WIN32 && _MSC_VER && !_SSIZE_T_DEFINED;if;153;153
include/libssh/priv.h;1;!_SSIZE_T_DEFINED;1 && !_LIBSSH_PRIV_H && _WIN32 && _MSC_VER && !_SSIZE_T_DEFINED;artifact;154;157
include/libssh/priv.h;1;!_SSIZE_T_DEFINED;1 && !_LIBSSH_PRIV_H && _WIN32 && _MSC_VER && !_SSIZE_T_DEFINED;endif;158;158
include/libssh/priv.h;1;_MSC_VER;1 && !_LIBSSH_PRIV_H && _WIN32 && _MSC_VER;artifact;159;159
include/libssh/priv.h;1;_MSC_VER;1 && !_LIBSSH_PRIV_H && _WIN32 && _MSC_VER;endif;160;160
include/libssh/priv.h;1;_WIN32;1 && !_LIBSSH_PRIV_H && _WIN32;artifact;161;168
include/libssh/priv.h;1;HAVE_IO_H;1 && !_LIBSSH_PRIV_H && _WIN32 && HAVE_IO_H;if;169;169
include/libssh/priv.h;1;HAVE_IO_H;1 && !_LIBSSH_PRIV_H && _WIN32 && HAVE_IO_H;artifact;170;180
include/libssh/priv.h;1;HAVE_IO_H;1 && !_LIBSSH_PRIV_H && _WIN32 && HAVE_IO_H;endif;181;181
include/libssh/priv.h;1;_WIN32;1 && !_LIBSSH_PRIV_H && _WIN32;artifact;182;182
include/libssh/priv.h;1;!_WIN32;!_WIN32 && 1 && !_LIBSSH_PRIV_H;else;183;183
include/libssh/priv.h;1;!_WIN32;!_WIN32 && 1 && !_LIBSSH_PRIV_H;artifact;184;188
include/libssh/priv.h;1;!_WIN32;!_WIN32 && 1 && !_LIBSSH_PRIV_H;endif;189;189
include/libssh/priv.h;1;!_LIBSSH_PRIV_H;1 && !_LIBSSH_PRIV_H;artifact;190;194
include/libssh/priv.h;1;!PATH_MAX;1 && !_LIBSSH_PRIV_H && !PATH_MAX;if;195;195
include/libssh/priv.h;1;MAX_PATH;1 && !_LIBSSH_PRIV_H && !PATH_MAX && MAX_PATH;if;196;196
include/libssh/priv.h;1;MAX_PATH;1 && !_LIBSSH_PRIV_H && !PATH_MAX && MAX_PATH;artifact;197;197
include/libssh/priv.h;1;!MAX_PATH;!MAX_PATH && 1 && !_LIBSSH_PRIV_H && !PATH_MAX;else;198;198
include/libssh/priv.h;1;!MAX_PATH;!MAX_PATH && 1 && !_LIBSSH_PRIV_H && !PATH_MAX;artifact;199;199
include/libssh/priv.h;1;!MAX_PATH;!MAX_PATH && 1 && !_LIBSSH_PRIV_H && !PATH_MAX;endif;200;200
include/libssh/priv.h;1;!PATH_MAX;1 && !_LIBSSH_PRIV_H && !PATH_MAX;endif;201;201
include/libssh/priv.h;1;!_LIBSSH_PRIV_H;1 && !_LIBSSH_PRIV_H;artifact;202;202
include/libssh/priv.h;1;!MAX_PACKET_LEN;1 && !_LIBSSH_PRIV_H && !MAX_PACKET_LEN;if;203;203
include/libssh/priv.h;1;!MAX_PACKET_LEN;1 && !_LIBSSH_PRIV_H && !MAX_PACKET_LEN;artifact;204;204
include/libssh/priv.h;1;!MAX_PACKET_LEN;1 && !_LIBSSH_PRIV_H && !MAX_PACKET_LEN;endif;205;205
include/libssh/priv.h;1;!ERROR_BUFFERLEN;1 && !_LIBSSH_PRIV_H && !ERROR_BUFFERLEN;if;206;206
include/libssh/priv.h;1;!ERROR_BUFFERLEN;1 && !_LIBSSH_PRIV_H && !ERROR_BUFFERLEN;artifact;207;207
include/libssh/priv.h;1;!ERROR_BUFFERLEN;1 && !_LIBSSH_PRIV_H && !ERROR_BUFFERLEN;endif;208;208
include/libssh/priv.h;1;!_LIBSSH_PRIV_H;1 && !_LIBSSH_PRIV_H;artifact;209;209
include/libssh/priv.h;1;!CLIENT_BANNER_SSH2;1 && !_LIBSSH_PRIV_H && !CLIENT_BANNER_SSH2;if;210;210
include/libssh/priv.h;1;!CLIENT_BANNER_SSH2;1 && !_LIBSSH_PRIV_H && !CLIENT_BANNER_SSH2;artifact;211;211
include/libssh/priv.h;1;!CLIENT_BANNER_SSH2;1 && !_LIBSSH_PRIV_H && !CLIENT_BANNER_SSH2;endif;212;212
include/libssh/priv.h;1;!_LIBSSH_PRIV_H;1 && !_LIBSSH_PRIV_H;artifact;213;213
include/libssh/priv.h;1;!KBDINT_MAX_PROMPT;1 && !_LIBSSH_PRIV_H && !KBDINT_MAX_PROMPT;if;214;214
include/libssh/priv.h;1;!KBDINT_MAX_PROMPT;1 && !_LIBSSH_PRIV_H && !KBDINT_MAX_PROMPT;artifact;215;215
include/libssh/priv.h;1;!KBDINT_MAX_PROMPT;1 && !_LIBSSH_PRIV_H && !KBDINT_MAX_PROMPT;endif;216;216
include/libssh/priv.h;1;!MAX_BUF_SIZE;1 && !_LIBSSH_PRIV_H && !MAX_BUF_SIZE;if;217;217
include/libssh/priv.h;1;!MAX_BUF_SIZE;1 && !_LIBSSH_PRIV_H && !MAX_BUF_SIZE;artifact;218;218
include/libssh/priv.h;1;!MAX_BUF_SIZE;1 && !_LIBSSH_PRIV_H && !MAX_BUF_SIZE;endif;219;219
include/libssh/priv.h;1;!_LIBSSH_PRIV_H;1 && !_LIBSSH_PRIV_H;artifact;220;220
include/libssh/priv.h;1;!HAVE_COMPILER__FUNC__;1 && !_LIBSSH_PRIV_H && !HAVE_COMPILER__FUNC__;if;221;221
include/libssh/priv.h;1;HAVE_COMPILER__FUNCTION__;1 && !_LIBSSH_PRIV_H && !HAVE_COMPILER__FUNC__ && HAVE_COMPILER__FUNCTION__;if;222;222
include/libssh/priv.h;1;HAVE_COMPILER__FUNCTION__;1 && !_LIBSSH_PRIV_H && !HAVE_COMPILER__FUNC__ && HAVE_COMPILER__FUNCTION__;artifact;223;223
include/libssh/priv.h;1;!HAVE_COMPILER__FUNCTION__;!HAVE_COMPILER__FUNCTION__ && 1 && !_LIBSSH_PRIV_H && !HAVE_COMPILER__FUNC__;else;224;224
include/libssh/priv.h;1;!HAVE_COMPILER__FUNCTION__;!HAVE_COMPILER__FUNCTION__ && 1 && !_LIBSSH_PRIV_H && !HAVE_COMPILER__FUNC__;artifact;225;225
include/libssh/priv.h;1;!HAVE_COMPILER__FUNCTION__;!HAVE_COMPILER__FUNCTION__ && 1 && !_LIBSSH_PRIV_H && !HAVE_COMPILER__FUNC__;endif;226;226
include/libssh/priv.h;1;!HAVE_COMPILER__FUNC__;1 && !_LIBSSH_PRIV_H && !HAVE_COMPILER__FUNC__;endif;227;227
include/libssh/priv.h;1;!_LIBSSH_PRIV_H;1 && !_LIBSSH_PRIV_H;artifact;228;228
include/libssh/priv.h;1;DEFINED___LB__HAVE_GCC_THREAD_LOCAL_STORAGE__RB__;1 && !_LIBSSH_PRIV_H && DEFINED___LB__HAVE_GCC_THREAD_LOCAL_STORAGE__RB__;if;229;229
include/libssh/priv.h;1;DEFINED___LB__HAVE_GCC_THREAD_LOCAL_STORAGE__RB__;1 && !_LIBSSH_PRIV_H && DEFINED___LB__HAVE_GCC_THREAD_LOCAL_STORAGE__RB__;artifact;230;230
include/libssh/priv.h;1;DEFINED___LB__HAVE_MSC_THREAD_LOCAL_STORAGE__RB__ && !DEFINED___LB__HAVE_GCC_THREAD_LOCAL_STORAGE__RB__;DEFINED___LB__HAVE_MSC_THREAD_LOCAL_STORAGE__RB__ && !DEFINED___LB__HAVE_GCC_THREAD_LOCAL_STORAGE__RB__ && 1 && !_LIBSSH_PRIV_H;elif;231;231
include/libssh/priv.h;1;DEFINED___LB__HAVE_MSC_THREAD_LOCAL_STORAGE__RB__ && !DEFINED___LB__HAVE_GCC_THREAD_LOCAL_STORAGE__RB__;DEFINED___LB__HAVE_MSC_THREAD_LOCAL_STORAGE__RB__ && !DEFINED___LB__HAVE_GCC_THREAD_LOCAL_STORAGE__RB__ && 1 && !_LIBSSH_PRIV_H;artifact;232;232
include/libssh/priv.h;1;!DEFINED___LB__HAVE_MSC_THREAD_LOCAL_STORAGE__RB__ && !DEFINED___LB__HAVE_GCC_THREAD_LOCAL_STORAGE__RB__;!DEFINED___LB__HAVE_MSC_THREAD_LOCAL_STORAGE__RB__ && !DEFINED___LB__HAVE_GCC_THREAD_LOCAL_STORAGE__RB__ && 1 && !_LIBSSH_PRIV_H;else;233;233
include/libssh/priv.h;1;!DEFINED___LB__HAVE_MSC_THREAD_LOCAL_STORAGE__RB__ && !DEFINED___LB__HAVE_GCC_THREAD_LOCAL_STORAGE__RB__;!DEFINED___LB__HAVE_MSC_THREAD_LOCAL_STORAGE__RB__ && !DEFINED___LB__HAVE_GCC_THREAD_LOCAL_STORAGE__RB__ && 1 && !_LIBSSH_PRIV_H;artifact;234;234
include/libssh/priv.h;1;!DEFINED___LB__HAVE_MSC_THREAD_LOCAL_STORAGE__RB__ && !DEFINED___LB__HAVE_GCC_THREAD_LOCAL_STORAGE__RB__;!DEFINED___LB__HAVE_MSC_THREAD_LOCAL_STORAGE__RB__ && !DEFINED___LB__HAVE_GCC_THREAD_LOCAL_STORAGE__RB__ && 1 && !_LIBSSH_PRIV_H;endif;235;235
include/libssh/priv.h;1;!_LIBSSH_PRIV_H;1 && !_LIBSSH_PRIV_H;artifact;236;241
include/libssh/priv.h;1;DEFINED___LB__HAVE_GCC_VOLATILE_MEMORY_PROTECTION__RB__;1 && !_LIBSSH_PRIV_H && DEFINED___LB__HAVE_GCC_VOLATILE_MEMORY_PROTECTION__RB__;if;242;242
include/libssh/priv.h;1;DEFINED___LB__HAVE_GCC_VOLATILE_MEMORY_PROTECTION__RB__;1 && !_LIBSSH_PRIV_H && DEFINED___LB__HAVE_GCC_VOLATILE_MEMORY_PROTECTION__RB__;artifact;243;243
include/libssh/priv.h;1;!DEFINED___LB__HAVE_GCC_VOLATILE_MEMORY_PROTECTION__RB__;!DEFINED___LB__HAVE_GCC_VOLATILE_MEMORY_PROTECTION__RB__ && 1 && !_LIBSSH_PRIV_H;else;244;244
include/libssh/priv.h;1;!DEFINED___LB__HAVE_GCC_VOLATILE_MEMORY_PROTECTION__RB__;!DEFINED___LB__HAVE_GCC_VOLATILE_MEMORY_PROTECTION__RB__ && 1 && !_LIBSSH_PRIV_H;artifact;245;245
include/libssh/priv.h;1;!DEFINED___LB__HAVE_GCC_VOLATILE_MEMORY_PROTECTION__RB__;!DEFINED___LB__HAVE_GCC_VOLATILE_MEMORY_PROTECTION__RB__ && 1 && !_LIBSSH_PRIV_H;endif;246;246
include/libssh/priv.h;1;!_LIBSSH_PRIV_H;1 && !_LIBSSH_PRIV_H;artifact;247;307
include/libssh/priv.h;1;WITH_SERVER;1 && !_LIBSSH_PRIV_H && WITH_SERVER;if;308;308
include/libssh/priv.h;1;WITH_SERVER;1 && !_LIBSSH_PRIV_H && WITH_SERVER;artifact;309;310
include/libssh/priv.h;1;WITH_SERVER;1 && !_LIBSSH_PRIV_H && WITH_SERVER;endif;311;311
include/libssh/priv.h;1;!_LIBSSH_PRIV_H;1 && !_LIBSSH_PRIV_H;artifact;312;332
include/libssh/priv.h;1;!_WIN32;1 && !_LIBSSH_PRIV_H && !_WIN32;if;333;333
include/libssh/priv.h;1;!_WIN32;1 && !_LIBSSH_PRIV_H && !_WIN32;artifact;334;336
include/libssh/priv.h;1;!_WIN32;1 && !_LIBSSH_PRIV_H && !_WIN32;endif;337;337
include/libssh/priv.h;1;!_LIBSSH_PRIV_H;1 && !_LIBSSH_PRIV_H;artifact;338;343
include/libssh/priv.h;1;!MIN;1 && !_LIBSSH_PRIV_H && !MIN;if;344;344
include/libssh/priv.h;1;!MIN;1 && !_LIBSSH_PRIV_H && !MIN;artifact;345;345
include/libssh/priv.h;1;!MIN;1 && !_LIBSSH_PRIV_H && !MIN;endif;346;346
include/libssh/priv.h;1;!_LIBSSH_PRIV_H;1 && !_LIBSSH_PRIV_H;artifact;347;347
include/libssh/priv.h;1;!MAX;1 && !_LIBSSH_PRIV_H && !MAX;if;348;348
include/libssh/priv.h;1;!MAX;1 && !_LIBSSH_PRIV_H && !MAX;artifact;349;349
include/libssh/priv.h;1;!MAX;1 && !_LIBSSH_PRIV_H && !MAX;endif;350;350
include/libssh/priv.h;1;!_LIBSSH_PRIV_H;1 && !_LIBSSH_PRIV_H;artifact;351;363
include/libssh/priv.h;1;!HAVE_EXPLICIT_BZERO;1 && !_LIBSSH_PRIV_H && !HAVE_EXPLICIT_BZERO;if;364;364
include/libssh/priv.h;1;!HAVE_EXPLICIT_BZERO;1 && !_LIBSSH_PRIV_H && !HAVE_EXPLICIT_BZERO;artifact;365;365
include/libssh/priv.h;1;!HAVE_EXPLICIT_BZERO;1 && !_LIBSSH_PRIV_H && !HAVE_EXPLICIT_BZERO;endif;366;366
include/libssh/priv.h;1;!_LIBSSH_PRIV_H;1 && !_LIBSSH_PRIV_H;artifact;367;386
include/libssh/priv.h;1;!__VA_NARG__;1 && !_LIBSSH_PRIV_H && !__VA_NARG__;if;387;387
include/libssh/priv.h;1;!__VA_NARG__;1 && !_LIBSSH_PRIV_H && !__VA_NARG__;artifact;388;418
include/libssh/priv.h;1;!__VA_NARG__;1 && !_LIBSSH_PRIV_H && !__VA_NARG__;endif;419;419
include/libssh/priv.h;1;!_LIBSSH_PRIV_H;1 && !_LIBSSH_PRIV_H;artifact;420;422
include/libssh/priv.h;1;!HAVE_HTONLL;1 && !_LIBSSH_PRIV_H && !HAVE_HTONLL;if;423;423
include/libssh/priv.h;1;WORDS_BIGENDIAN;1 && !_LIBSSH_PRIV_H && !HAVE_HTONLL && WORDS_BIGENDIAN;if;424;424
include/libssh/priv.h;1;WORDS_BIGENDIAN;1 && !_LIBSSH_PRIV_H && !HAVE_HTONLL && WORDS_BIGENDIAN;artifact;425;425
include/libssh/priv.h;1;!WORDS_BIGENDIAN;!WORDS_BIGENDIAN && 1 && !_LIBSSH_PRIV_H && !HAVE_HTONLL;else;426;426
include/libssh/priv.h;1;!WORDS_BIGENDIAN;!WORDS_BIGENDIAN && 1 && !_LIBSSH_PRIV_H && !HAVE_HTONLL;artifact;427;428
include/libssh/priv.h;1;!WORDS_BIGENDIAN;!WORDS_BIGENDIAN && 1 && !_LIBSSH_PRIV_H && !HAVE_HTONLL;endif;429;429
include/libssh/priv.h;1;!HAVE_HTONLL;1 && !_LIBSSH_PRIV_H && !HAVE_HTONLL;endif;430;430
include/libssh/priv.h;1;!_LIBSSH_PRIV_H;1 && !_LIBSSH_PRIV_H;artifact;431;431
include/libssh/priv.h;1;!HAVE_NTOHLL;1 && !_LIBSSH_PRIV_H && !HAVE_NTOHLL;if;432;432
include/libssh/priv.h;1;WORDS_BIGENDIAN;1 && !_LIBSSH_PRIV_H && !HAVE_NTOHLL && WORDS_BIGENDIAN;if;433;433
include/libssh/priv.h;1;WORDS_BIGENDIAN;1 && !_LIBSSH_PRIV_H && !HAVE_NTOHLL && WORDS_BIGENDIAN;artifact;434;434
include/libssh/priv.h;1;!WORDS_BIGENDIAN;!WORDS_BIGENDIAN && 1 && !_LIBSSH_PRIV_H && !HAVE_NTOHLL;else;435;435
include/libssh/priv.h;1;!WORDS_BIGENDIAN;!WORDS_BIGENDIAN && 1 && !_LIBSSH_PRIV_H && !HAVE_NTOHLL;artifact;436;437
include/libssh/priv.h;1;!WORDS_BIGENDIAN;!WORDS_BIGENDIAN && 1 && !_LIBSSH_PRIV_H && !HAVE_NTOHLL;endif;438;438
include/libssh/priv.h;1;!HAVE_NTOHLL;1 && !_LIBSSH_PRIV_H && !HAVE_NTOHLL;endif;439;439
include/libssh/priv.h;1;!_LIBSSH_PRIV_H;1 && !_LIBSSH_PRIV_H;artifact;440;440
include/libssh/priv.h;1;!FALL_THROUGH;1 && !_LIBSSH_PRIV_H && !FALL_THROUGH;if;441;441
include/libssh/priv.h;1;HAVE_FALLTHROUGH_ATTRIBUTE;1 && !_LIBSSH_PRIV_H && !FALL_THROUGH && HAVE_FALLTHROUGH_ATTRIBUTE;if;442;442
include/libssh/priv.h;1;HAVE_FALLTHROUGH_ATTRIBUTE;1 && !_LIBSSH_PRIV_H && !FALL_THROUGH && HAVE_FALLTHROUGH_ATTRIBUTE;artifact;443;443
include/libssh/priv.h;1;!HAVE_FALLTHROUGH_ATTRIBUTE;!HAVE_FALLTHROUGH_ATTRIBUTE && 1 && !_LIBSSH_PRIV_H && !FALL_THROUGH;else;444;444
include/libssh/priv.h;1;!HAVE_FALLTHROUGH_ATTRIBUTE;!HAVE_FALLTHROUGH_ATTRIBUTE && 1 && !_LIBSSH_PRIV_H && !FALL_THROUGH;artifact;445;445
include/libssh/priv.h;1;!HAVE_FALLTHROUGH_ATTRIBUTE;!HAVE_FALLTHROUGH_ATTRIBUTE && 1 && !_LIBSSH_PRIV_H && !FALL_THROUGH;endif;446;446
include/libssh/priv.h;1;!FALL_THROUGH;1 && !_LIBSSH_PRIV_H && !FALL_THROUGH;endif;447;447
include/libssh/priv.h;1;!_LIBSSH_PRIV_H;1 && !_LIBSSH_PRIV_H;artifact;448;448
include/libssh/priv.h;1;!__attr_unused__;1 && !_LIBSSH_PRIV_H && !__attr_unused__;if;449;449
include/libssh/priv.h;1;HAVE_UNUSED_ATTRIBUTE;1 && !_LIBSSH_PRIV_H && !__attr_unused__ && HAVE_UNUSED_ATTRIBUTE;if;450;450
include/libssh/priv.h;1;HAVE_UNUSED_ATTRIBUTE;1 && !_LIBSSH_PRIV_H && !__attr_unused__ && HAVE_UNUSED_ATTRIBUTE;artifact;451;451
include/libssh/priv.h;1;!HAVE_UNUSED_ATTRIBUTE;!HAVE_UNUSED_ATTRIBUTE && 1 && !_LIBSSH_PRIV_H && !__attr_unused__;else;452;452
include/libssh/priv.h;1;!HAVE_UNUSED_ATTRIBUTE;!HAVE_UNUSED_ATTRIBUTE && 1 && !_LIBSSH_PRIV_H && !__attr_unused__;artifact;453;453
include/libssh/priv.h;1;!HAVE_UNUSED_ATTRIBUTE;!HAVE_UNUSED_ATTRIBUTE && 1 && !_LIBSSH_PRIV_H && !__attr_unused__;endif;454;454
include/libssh/priv.h;1;!__attr_unused__;1 && !_LIBSSH_PRIV_H && !__attr_unused__;endif;455;455
include/libssh/priv.h;1;!_LIBSSH_PRIV_H;1 && !_LIBSSH_PRIV_H;artifact;456;456
include/libssh/priv.h;1;!UNUSED_PARAM;1 && !_LIBSSH_PRIV_H && !UNUSED_PARAM;if;457;457
include/libssh/priv.h;1;!UNUSED_PARAM;1 && !_LIBSSH_PRIV_H && !UNUSED_PARAM;artifact;458;458
include/libssh/priv.h;1;!UNUSED_PARAM;1 && !_LIBSSH_PRIV_H && !UNUSED_PARAM;endif;459;459
include/libssh/priv.h;1;!_LIBSSH_PRIV_H;1 && !_LIBSSH_PRIV_H;artifact;460;460
include/libssh/priv.h;1;!UNUSED_VAR;1 && !_LIBSSH_PRIV_H && !UNUSED_VAR;if;461;461
include/libssh/priv.h;1;!UNUSED_VAR;1 && !_LIBSSH_PRIV_H && !UNUSED_VAR;artifact;462;462
include/libssh/priv.h;1;!UNUSED_VAR;1 && !_LIBSSH_PRIV_H && !UNUSED_VAR;endif;463;463
include/libssh/priv.h;1;!_LIBSSH_PRIV_H;1 && !_LIBSSH_PRIV_H;artifact;464;475
include/libssh/priv.h;1;__cplusplus;1 && !_LIBSSH_PRIV_H && __cplusplus;if;476;476
include/libssh/priv.h;1;__cplusplus;1 && !_LIBSSH_PRIV_H && __cplusplus;artifact;477;477
include/libssh/priv.h;1;__cplusplus;1 && !_LIBSSH_PRIV_H && __cplusplus;endif;478;478
include/libssh/priv.h;1;!_LIBSSH_PRIV_H;1 && !_LIBSSH_PRIV_H;artifact;479;479
include/libssh/priv.h;1;!_LIBSSH_PRIV_H;1 && !_LIBSSH_PRIV_H;endif;480;480
include/libssh/priv.h;1;1;1;artifact;481;481
include/libssh/sc25519.h;1;1;1;ROOT;1;84
include/libssh/sc25519.h;1;1;1;artifact;1;8
include/libssh/sc25519.h;1;!SC25519_H;1 && !SC25519_H;if;9;9
include/libssh/sc25519.h;1;!SC25519_H;1 && !SC25519_H;artifact;10;37
include/libssh/sc25519.h;1;__cplusplus;1 && !SC25519_H && __cplusplus;if;38;38
include/libssh/sc25519.h;1;__cplusplus;1 && !SC25519_H && __cplusplus;artifact;39;39
include/libssh/sc25519.h;1;__cplusplus;1 && !SC25519_H && __cplusplus;endif;40;40
include/libssh/sc25519.h;1;!SC25519_H;1 && !SC25519_H;artifact;41;77
include/libssh/sc25519.h;1;__cplusplus;1 && !SC25519_H && __cplusplus;if;78;78
include/libssh/sc25519.h;1;__cplusplus;1 && !SC25519_H && __cplusplus;artifact;79;79
include/libssh/sc25519.h;1;__cplusplus;1 && !SC25519_H && __cplusplus;endif;80;80
include/libssh/sc25519.h;1;!SC25519_H;1 && !SC25519_H;artifact;81;81
include/libssh/sc25519.h;1;!SC25519_H;1 && !SC25519_H;endif;82;82
include/libssh/sc25519.h;1;1;1;artifact;83;83
include/libssh/scp.h;1;1;1;ROOT;1;65
include/libssh/scp.h;1;1;1;artifact;1;20
include/libssh/scp.h;1;!_SCP_H;1 && !_SCP_H;if;21;21
include/libssh/scp.h;1;!_SCP_H;1 && !_SCP_H;artifact;22;49
include/libssh/scp.h;1;__cplusplus;1 && !_SCP_H && __cplusplus;if;50;50
include/libssh/scp.h;1;__cplusplus;1 && !_SCP_H && __cplusplus;artifact;51;51
include/libssh/scp.h;1;__cplusplus;1 && !_SCP_H && __cplusplus;endif;52;52
include/libssh/scp.h;1;!_SCP_H;1 && !_SCP_H;artifact;53;58
include/libssh/scp.h;1;__cplusplus;1 && !_SCP_H && __cplusplus;if;59;59
include/libssh/scp.h;1;__cplusplus;1 && !_SCP_H && __cplusplus;artifact;60;60
include/libssh/scp.h;1;__cplusplus;1 && !_SCP_H && __cplusplus;endif;61;61
include/libssh/scp.h;1;!_SCP_H;1 && !_SCP_H;artifact;62;62
include/libssh/scp.h;1;!_SCP_H;1 && !_SCP_H;endif;63;63
include/libssh/scp.h;1;1;1;artifact;64;64
include/libssh/server.h;1;1;1;ROOT;1;415
include/libssh/server.h;1;1;1;artifact;1;27
include/libssh/server.h;1;!SERVER_H;1 && !SERVER_H;if;28;28
include/libssh/server.h;1;!SERVER_H;1 && !SERVER_H;artifact;29;33
include/libssh/server.h;1;__cplusplus;1 && !SERVER_H && __cplusplus;if;34;34
include/libssh/server.h;1;__cplusplus;1 && !SERVER_H && __cplusplus;artifact;35;35
include/libssh/server.h;1;__cplusplus;1 && !SERVER_H && __cplusplus;endif;36;36
include/libssh/server.h;1;!SERVER_H;1 && !SERVER_H;artifact;37;406
include/libssh/server.h;1;__cplusplus;1 && !SERVER_H && __cplusplus;if;407;407
include/libssh/server.h;1;__cplusplus;1 && !SERVER_H && __cplusplus;artifact;408;408
include/libssh/server.h;1;__cplusplus;1 && !SERVER_H && __cplusplus;endif;409;409
include/libssh/server.h;1;!SERVER_H;1 && !SERVER_H;artifact;410;410
include/libssh/server.h;1;!SERVER_H;1 && !SERVER_H;endif;411;411
include/libssh/server.h;1;1;1;artifact;412;414
include/libssh/session.h;1;1;1;ROOT;1;303
include/libssh/session.h;1;1;1;artifact;1;20
include/libssh/session.h;1;!SESSION_H_;1 && !SESSION_H_;if;21;21
include/libssh/session.h;1;!SESSION_H_;1 && !SESSION_H_;artifact;22;234
include/libssh/session.h;1;WITH_PCAP;1 && !SESSION_H_ && WITH_PCAP;if;235;235
include/libssh/session.h;1;WITH_PCAP;1 && !SESSION_H_ && WITH_PCAP;artifact;236;236
include/libssh/session.h;1;WITH_PCAP;1 && !SESSION_H_ && WITH_PCAP;endif;237;237
include/libssh/session.h;1;!SESSION_H_;1 && !SESSION_H_;artifact;238;300
include/libssh/session.h;1;!SESSION_H_;1 && !SESSION_H_;endif;301;301
include/libssh/session.h;1;1;1;artifact;302;302
include/libssh/sftp.h;1;1;1;ROOT;1;1399
include/libssh/sftp.h;1;1;1;artifact;1;36
include/libssh/sftp.h;1;!SFTP_H;1 && !SFTP_H;if;37;37
include/libssh/sftp.h;1;!SFTP_H;1 && !SFTP_H;artifact;38;43
include/libssh/sftp.h;1;__cplusplus;1 && !SFTP_H && __cplusplus;if;44;44
include/libssh/sftp.h;1;__cplusplus;1 && !SFTP_H && __cplusplus;artifact;45;45
include/libssh/sftp.h;1;__cplusplus;1 && !SFTP_H && __cplusplus;endif;46;46
include/libssh/sftp.h;1;!SFTP_H;1 && !SFTP_H;artifact;47;47
include/libssh/sftp.h;1;_WIN32;1 && !SFTP_H && _WIN32;if;48;48
include/libssh/sftp.h;1;!uid_t;1 && !SFTP_H && _WIN32 && !uid_t;if;49;49
include/libssh/sftp.h;1;!uid_t;1 && !SFTP_H && _WIN32 && !uid_t;artifact;50;50
include/libssh/sftp.h;1;!uid_t;1 && !SFTP_H && _WIN32 && !uid_t;endif;51;51
include/libssh/sftp.h;1;!gid_t;1 && !SFTP_H && _WIN32 && !gid_t;if;52;52
include/libssh/sftp.h;1;!gid_t;1 && !SFTP_H && _WIN32 && !gid_t;artifact;53;53
include/libssh/sftp.h;1;!gid_t;1 && !SFTP_H && _WIN32 && !gid_t;endif;54;54
include/libssh/sftp.h;1;_MSC_VER;1 && !SFTP_H && _WIN32 && _MSC_VER;if;55;55
include/libssh/sftp.h;1;_MSC_VER;1 && !SFTP_H && _WIN32 && _MSC_VER;artifact;56;56
include/libssh/sftp.h;1;!_SSIZE_T_DEFINED;1 && !SFTP_H && _WIN32 && _MSC_VER && !_SSIZE_T_DEFINED;if;57;57
include/libssh/sftp.h;1;!_SSIZE_T_DEFINED;1 && !SFTP_H && _WIN32 && _MSC_VER && !_SSIZE_T_DEFINED;artifact;58;61
include/libssh/sftp.h;1;!_SSIZE_T_DEFINED;1 && !SFTP_H && _WIN32 && _MSC_VER && !_SSIZE_T_DEFINED;endif;62;62
include/libssh/sftp.h;1;_MSC_VER;1 && !SFTP_H && _WIN32 && _MSC_VER;artifact;63;63
include/libssh/sftp.h;1;_MSC_VER;1 && !SFTP_H && _WIN32 && _MSC_VER;endif;64;64
include/libssh/sftp.h;1;_WIN32;1 && !SFTP_H && _WIN32;endif;65;65
include/libssh/sftp.h;1;!SFTP_H;1 && !SFTP_H;artifact;66;1196
include/libssh/sftp.h;1;WITH_SERVER;1 && !SFTP_H && WITH_SERVER;if;1197;1197
include/libssh/sftp.h;1;WITH_SERVER;1 && !SFTP_H && WITH_SERVER;artifact;1198;1223
include/libssh/sftp.h;1;WITH_SERVER;1 && !SFTP_H && WITH_SERVER;endif;1224;1224
include/libssh/sftp.h;1;!SFTP_H;1 && !SFTP_H;artifact;1225;1390
include/libssh/sftp.h;1;__cplusplus;1 && !SFTP_H && __cplusplus;if;1391;1391
include/libssh/sftp.h;1;__cplusplus;1 && !SFTP_H && __cplusplus;artifact;1392;1392
include/libssh/sftp.h;1;__cplusplus;1 && !SFTP_H && __cplusplus;endif;1393;1393
include/libssh/sftp.h;1;!SFTP_H;1 && !SFTP_H;artifact;1394;1394
include/libssh/sftp.h;1;!SFTP_H;1 && !SFTP_H;endif;1395;1395
include/libssh/sftp.h;1;1;1;artifact;1396;1398
include/libssh/sftp_priv.h;1;1;1;ROOT;1;85
include/libssh/sftp_priv.h;1;1;1;artifact;1;20
include/libssh/sftp_priv.h;1;!SFTP_PRIV_H;1 && !SFTP_PRIV_H;if;21;21
include/libssh/sftp_priv.h;1;!SFTP_PRIV_H;1 && !SFTP_PRIV_H;artifact;22;23
include/libssh/sftp_priv.h;1;__cplusplus;1 && !SFTP_PRIV_H && __cplusplus;if;24;24
include/libssh/sftp_priv.h;1;__cplusplus;1 && !SFTP_PRIV_H && __cplusplus;artifact;25;25
include/libssh/sftp_priv.h;1;__cplusplus;1 && !SFTP_PRIV_H && __cplusplus;endif;26;26
include/libssh/sftp_priv.h;1;!SFTP_PRIV_H;1 && !SFTP_PRIV_H;artifact;27;78
include/libssh/sftp_priv.h;1;__cplusplus;1 && !SFTP_PRIV_H && __cplusplus;if;79;79
include/libssh/sftp_priv.h;1;__cplusplus;1 && !SFTP_PRIV_H && __cplusplus;artifact;80;80
include/libssh/sftp_priv.h;1;__cplusplus;1 && !SFTP_PRIV_H && __cplusplus;endif;81;81
include/libssh/sftp_priv.h;1;!SFTP_PRIV_H;1 && !SFTP_PRIV_H;artifact;82;82
include/libssh/sftp_priv.h;1;!SFTP_PRIV_H;1 && !SFTP_PRIV_H;endif;83;83
include/libssh/sftp_priv.h;1;1;1;artifact;84;84
include/libssh/sftpserver.h;1;1;1;ROOT;1;79
include/libssh/sftpserver.h;1;1;1;artifact;1;23
include/libssh/sftpserver.h;1;!SFTP_SERVER_H;1 && !SFTP_SERVER_H;if;24;24
include/libssh/sftpserver.h;1;!SFTP_SERVER_H;1 && !SFTP_SERVER_H;artifact;25;26
include/libssh/sftpserver.h;1;__cplusplus;1 && !SFTP_SERVER_H && __cplusplus;if;27;27
include/libssh/sftpserver.h;1;__cplusplus;1 && !SFTP_SERVER_H && __cplusplus;artifact;28;28
include/libssh/sftpserver.h;1;__cplusplus;1 && !SFTP_SERVER_H && __cplusplus;endif;29;29
include/libssh/sftpserver.h;1;!SFTP_SERVER_H;1 && !SFTP_SERVER_H;artifact;30;72
include/libssh/sftpserver.h;1;__cplusplus;1 && !SFTP_SERVER_H && __cplusplus;if;73;73
include/libssh/sftpserver.h;1;__cplusplus;1 && !SFTP_SERVER_H && __cplusplus;artifact;74;74
include/libssh/sftpserver.h;1;__cplusplus;1 && !SFTP_SERVER_H && __cplusplus;endif;75;75
include/libssh/sftpserver.h;1;!SFTP_SERVER_H;1 && !SFTP_SERVER_H;artifact;76;76
include/libssh/sftpserver.h;1;!SFTP_SERVER_H;1 && !SFTP_SERVER_H;endif;77;77
include/libssh/sftpserver.h;1;1;1;artifact;78;78
include/libssh/socket.h;1;1;1;ROOT;1;75
include/libssh/socket.h;1;1;1;artifact;1;20
include/libssh/socket.h;1;!SOCKET_H_;1 && !SOCKET_H_;if;21;21
include/libssh/socket.h;1;!SOCKET_H_;1 && !SOCKET_H_;artifact;22;39
include/libssh/socket.h;1;WITH_EXEC;1 && !SOCKET_H_ && WITH_EXEC;if;40;40
include/libssh/socket.h;1;WITH_EXEC;1 && !SOCKET_H_ && WITH_EXEC;artifact;41;42
include/libssh/socket.h;1;WITH_EXEC;1 && !SOCKET_H_ && WITH_EXEC;endif;43;43
include/libssh/socket.h;1;!SOCKET_H_;1 && !SOCKET_H_;artifact;44;72
include/libssh/socket.h;1;!SOCKET_H_;1 && !SOCKET_H_;endif;73;73
include/libssh/socket.h;1;1;1;artifact;74;74
include/libssh/ssh2.h;1;1;1;ROOT;1;83
include/libssh/ssh2.h;1;!__SSH2_H;1 && !__SSH2_H;if;1;1
include/libssh/ssh2.h;1;!__SSH2_H;1 && !__SSH2_H;artifact;2;80
include/libssh/ssh2.h;1;!__SSH2_H;1 && !__SSH2_H;endif;81;81
include/libssh/ssh2.h;1;1;1;artifact;82;82
include/libssh/string.h;1;1;1;ROOT;1;51
include/libssh/string.h;1;1;1;artifact;1;20
include/libssh/string.h;1;!STRING_H_;1 && !STRING_H_;if;21;21
include/libssh/string.h;1;!STRING_H_;1 && !STRING_H_;artifact;22;24
include/libssh/string.h;1;__cplusplus;1 && !STRING_H_ && __cplusplus;if;25;25
include/libssh/string.h;1;__cplusplus;1 && !STRING_H_ && __cplusplus;artifact;26;26
include/libssh/string.h;1;__cplusplus;1 && !STRING_H_ && __cplusplus;endif;27;27
include/libssh/string.h;1;!STRING_H_;1 && !STRING_H_;artifact;28;29
include/libssh/string.h;1;_MSC_VER;1 && !STRING_H_ && _MSC_VER;if;30;30
include/libssh/string.h;1;_MSC_VER;1 && !STRING_H_ && _MSC_VER;artifact;31;31
include/libssh/string.h;1;_MSC_VER;1 && !STRING_H_ && _MSC_VER;endif;32;32
include/libssh/string.h;1;!STRING_H_;1 && !STRING_H_;artifact;33;36
include/libssh/string.h;1;DEFINED___LB____GNUC____RB__;1 && !STRING_H_ && DEFINED___LB____GNUC____RB__;if;37;37
include/libssh/string.h;1;DEFINED___LB____GNUC____RB__;1 && !STRING_H_ && DEFINED___LB____GNUC____RB__;artifact;38;38
include/libssh/string.h;1;DEFINED___LB____GNUC____RB__;1 && !STRING_H_ && DEFINED___LB____GNUC____RB__;endif;39;39
include/libssh/string.h;1;_MSC_VER;1 && !STRING_H_ && _MSC_VER;if;40;40
include/libssh/string.h;1;_MSC_VER;1 && !STRING_H_ && _MSC_VER;artifact;41;41
include/libssh/string.h;1;_MSC_VER;1 && !STRING_H_ && _MSC_VER;endif;42;42
include/libssh/string.h;1;!STRING_H_;1 && !STRING_H_;artifact;43;44
include/libssh/string.h;1;__cplusplus;1 && !STRING_H_ && __cplusplus;if;45;45
include/libssh/string.h;1;__cplusplus;1 && !STRING_H_ && __cplusplus;artifact;46;46
include/libssh/string.h;1;__cplusplus;1 && !STRING_H_ && __cplusplus;endif;47;47
include/libssh/string.h;1;!STRING_H_;1 && !STRING_H_;artifact;48;48
include/libssh/string.h;1;!STRING_H_;1 && !STRING_H_;endif;49;49
include/libssh/string.h;1;1;1;artifact;50;50
include/libssh/threads.h;1;1;1;ROOT;1;73
include/libssh/threads.h;1;1;1;artifact;1;20
include/libssh/threads.h;1;!THREADS_H_;1 && !THREADS_H_;if;21;21
include/libssh/threads.h;1;!THREADS_H_;1 && !THREADS_H_;artifact;22;26
include/libssh/threads.h;1;HAVE_PTHREAD;1 && !THREADS_H_ && HAVE_PTHREAD;if;27;27
include/libssh/threads.h;1;HAVE_PTHREAD;1 && !THREADS_H_ && HAVE_PTHREAD;artifact;28;31
include/libssh/threads.h;1;DEFINED___LB__PTHREAD_ERRORCHECK_MUTEX_INITIALIZER_NP__RB__;1 && !THREADS_H_ && HAVE_PTHREAD && DEFINED___LB__PTHREAD_ERRORCHECK_MUTEX_INITIALIZER_NP__RB__;if;32;32
include/libssh/threads.h;1;DEFINED___LB__PTHREAD_ERRORCHECK_MUTEX_INITIALIZER_NP__RB__;1 && !THREADS_H_ && HAVE_PTHREAD && DEFINED___LB__PTHREAD_ERRORCHECK_MUTEX_INITIALIZER_NP__RB__;artifact;33;33
include/libssh/threads.h;1;!DEFINED___LB__PTHREAD_ERRORCHECK_MUTEX_INITIALIZER_NP__RB__;!DEFINED___LB__PTHREAD_ERRORCHECK_MUTEX_INITIALIZER_NP__RB__ && 1 && !THREADS_H_ && HAVE_PTHREAD;else;34;34
include/libssh/threads.h;1;!DEFINED___LB__PTHREAD_ERRORCHECK_MUTEX_INITIALIZER_NP__RB__;!DEFINED___LB__PTHREAD_ERRORCHECK_MUTEX_INITIALIZER_NP__RB__ && 1 && !THREADS_H_ && HAVE_PTHREAD;artifact;35;35
include/libssh/threads.h;1;!DEFINED___LB__PTHREAD_ERRORCHECK_MUTEX_INITIALIZER_NP__RB__;!DEFINED___LB__PTHREAD_ERRORCHECK_MUTEX_INITIALIZER_NP__RB__ && 1 && !THREADS_H_ && HAVE_PTHREAD;endif;36;36
include/libssh/threads.h;1;HAVE_PTHREAD;1 && !THREADS_H_ && HAVE_PTHREAD;artifact;37;37
include/libssh/threads.h;1;(DEFINED__WIN32 || DEFINED__WIN64) && !HAVE_PTHREAD;(DEFINED__WIN32 || DEFINED__WIN64) && !HAVE_PTHREAD && 1 && !THREADS_H_;elif;38;38
include/libssh/threads.h;1;(DEFINED__WIN32 || DEFINED__WIN64) && !HAVE_PTHREAD;(DEFINED__WIN32 || DEFINED__WIN64) && !HAVE_PTHREAD && 1 && !THREADS_H_;artifact;39;44
include/libssh/threads.h;1;!DEFINED__WIN32 && !DEFINED__WIN64 && !HAVE_PTHREAD;!DEFINED__WIN32 && !DEFINED__WIN64 && !HAVE_PTHREAD && 1 && !THREADS_H_;else;45;45
include/libssh/threads.h;1;!DEFINED__WIN32 && !DEFINED__WIN64 && !HAVE_PTHREAD;!DEFINED__WIN32 && !DEFINED__WIN64 && !HAVE_PTHREAD && 1 && !THREADS_H_;artifact;46;49
include/libssh/threads.h;1;!DEFINED__WIN32 && !DEFINED__WIN64 && !HAVE_PTHREAD;!DEFINED__WIN32 && !DEFINED__WIN64 && !HAVE_PTHREAD && 1 && !THREADS_H_;endif;50;50
include/libssh/threads.h;1;!THREADS_H_;1 && !THREADS_H_;artifact;51;51
include/libssh/threads.h;1;__cplusplus;1 && !THREADS_H_ && __cplusplus;if;52;52
include/libssh/threads.h;1;__cplusplus;1 && !THREADS_H_ && __cplusplus;artifact;53;53
include/libssh/threads.h;1;__cplusplus;1 && !THREADS_H_ && __cplusplus;endif;54;54
include/libssh/threads.h;1;!THREADS_H_;1 && !THREADS_H_;artifact;55;66
include/libssh/threads.h;1;__cplusplus;1 && !THREADS_H_ && __cplusplus;if;67;67
include/libssh/threads.h;1;__cplusplus;1 && !THREADS_H_ && __cplusplus;artifact;68;68
include/libssh/threads.h;1;__cplusplus;1 && !THREADS_H_ && __cplusplus;endif;69;69
include/libssh/threads.h;1;!THREADS_H_;1 && !THREADS_H_;artifact;70;70
include/libssh/threads.h;1;!THREADS_H_;1 && !THREADS_H_;endif;71;71
include/libssh/threads.h;1;1;1;artifact;72;72
include/libssh/token.h;1;1;1;ROOT;1;63
include/libssh/token.h;1;1;1;artifact;1;25
include/libssh/token.h;1;!TOKEN_H_;1 && !TOKEN_H_;if;26;26
include/libssh/token.h;1;!TOKEN_H_;1 && !TOKEN_H_;artifact;27;33
include/libssh/token.h;1;__cplusplus;1 && !TOKEN_H_ && __cplusplus;if;34;34
include/libssh/token.h;1;__cplusplus;1 && !TOKEN_H_ && __cplusplus;artifact;35;35
include/libssh/token.h;1;__cplusplus;1 && !TOKEN_H_ && __cplusplus;endif;36;36
include/libssh/token.h;1;!TOKEN_H_;1 && !TOKEN_H_;artifact;37;56
include/libssh/token.h;1;__cplusplus;1 && !TOKEN_H_ && __cplusplus;if;57;57
include/libssh/token.h;1;__cplusplus;1 && !TOKEN_H_ && __cplusplus;artifact;58;58
include/libssh/token.h;1;__cplusplus;1 && !TOKEN_H_ && __cplusplus;endif;59;59
include/libssh/token.h;1;!TOKEN_H_;1 && !TOKEN_H_;artifact;60;60
include/libssh/token.h;1;!TOKEN_H_;1 && !TOKEN_H_;endif;61;61
include/libssh/token.h;1;1;1;artifact;62;62
include/libssh/wrapper.h;1;1;1;ROOT;1;140
include/libssh/wrapper.h;1;1;1;artifact;1;20
include/libssh/wrapper.h;1;!WRAPPER_H_;1 && !WRAPPER_H_;if;21;21
include/libssh/wrapper.h;1;!WRAPPER_H_;1 && !WRAPPER_H_;artifact;22;31
include/libssh/wrapper.h;1;__cplusplus;1 && !WRAPPER_H_ && __cplusplus;if;32;32
include/libssh/wrapper.h;1;__cplusplus;1 && !WRAPPER_H_ && __cplusplus;artifact;33;33
include/libssh/wrapper.h;1;__cplusplus;1 && !WRAPPER_H_ && __cplusplus;endif;34;34
include/libssh/wrapper.h;1;!WRAPPER_H_;1 && !WRAPPER_H_;artifact;35;126
include/libssh/wrapper.h;1;DEFINED___LB__HAVE_LIBCRYPTO__RB__ && OPENSSL_VERSION_NUMBER__GEQ__0x30000000L;1 && !WRAPPER_H_ && DEFINED___LB__HAVE_LIBCRYPTO__RB__ && OPENSSL_VERSION_NUMBER__GEQ__0x30000000L;if;127;127
include/libssh/wrapper.h;1;DEFINED___LB__HAVE_LIBCRYPTO__RB__ && OPENSSL_VERSION_NUMBER__GEQ__0x30000000L;1 && !WRAPPER_H_ && DEFINED___LB__HAVE_LIBCRYPTO__RB__ && OPENSSL_VERSION_NUMBER__GEQ__0x30000000L;artifact;128;131
include/libssh/wrapper.h;1;DEFINED___LB__HAVE_LIBCRYPTO__RB__ && OPENSSL_VERSION_NUMBER__GEQ__0x30000000L;1 && !WRAPPER_H_ && DEFINED___LB__HAVE_LIBCRYPTO__RB__ && OPENSSL_VERSION_NUMBER__GEQ__0x30000000L;endif;132;132
include/libssh/wrapper.h;1;!WRAPPER_H_;1 && !WRAPPER_H_;artifact;133;133
include/libssh/wrapper.h;1;__cplusplus;1 && !WRAPPER_H_ && __cplusplus;if;134;134
include/libssh/wrapper.h;1;__cplusplus;1 && !WRAPPER_H_ && __cplusplus;artifact;135;135
include/libssh/wrapper.h;1;__cplusplus;1 && !WRAPPER_H_ && __cplusplus;endif;136;136
include/libssh/wrapper.h;1;!WRAPPER_H_;1 && !WRAPPER_H_;artifact;137;137
include/libssh/wrapper.h;1;!WRAPPER_H_;1 && !WRAPPER_H_;endif;138;138
include/libssh/wrapper.h;1;1;1;artifact;139;139
src/agent.c;1;1;1;ROOT;1;610
src/agent.c;1;1;1;artifact;1;42
src/agent.c;1;HAVE_UNISTD_H;1 && HAVE_UNISTD_H;if;43;43
src/agent.c;1;HAVE_UNISTD_H;1 && HAVE_UNISTD_H;artifact;44;44
src/agent.c;1;HAVE_UNISTD_H;1 && HAVE_UNISTD_H;endif;45;45
src/agent.c;1;1;1;artifact;46;46
src/agent.c;1;!_WIN32;1 && !_WIN32;if;47;47
src/agent.c;1;!_WIN32;1 && !_WIN32;artifact;48;50
src/agent.c;1;_WIN32;_WIN32 && 1;else;51;51
src/agent.c;1;_WIN32;_WIN32 && 1;artifact;52;53
src/agent.c;1;_WIN32;_WIN32 && 1;endif;54;54
src/agent.c;1;1;1;artifact;55;94
src/agent.c;1;EWOULDBLOCK;1 && EWOULDBLOCK;if;95;95
src/agent.c;1;EWOULDBLOCK;1 && EWOULDBLOCK;artifact;96;96
src/agent.c;1;!EWOULDBLOCK;!EWOULDBLOCK && 1;else;97;97
src/agent.c;1;!EWOULDBLOCK;!EWOULDBLOCK && 1;artifact;98;98
src/agent.c;1;!EWOULDBLOCK;!EWOULDBLOCK && 1;endif;99;99
src/agent.c;1;1;1;artifact;100;249
src/agent.c;1;0;1 && 0;if;250;250
src/agent.c;1;0;1 && 0;artifact;251;267
src/agent.c;1;0;1 && 0;endif;268;268
src/agent.c;1;1;1;artifact;269;369
src/agent.c;1;WORDS_BIGENDIAN;1 && WORDS_BIGENDIAN;if;370;370
src/agent.c;1;WORDS_BIGENDIAN;1 && WORDS_BIGENDIAN;artifact;371;371
src/agent.c;1;WORDS_BIGENDIAN;1 && WORDS_BIGENDIAN;endif;372;372
src/agent.c;1;1;1;artifact;373;586
src/agent.c;1;WORDS_BIGENDIAN;1 && WORDS_BIGENDIAN;if;587;587
src/agent.c;1;WORDS_BIGENDIAN;1 && WORDS_BIGENDIAN;artifact;588;588
src/agent.c;1;WORDS_BIGENDIAN;1 && WORDS_BIGENDIAN;endif;589;589
src/agent.c;1;1;1;artifact;590;609
src/auth.c;1;1;1;ROOT;1;2350
src/auth.c;1;1;1;artifact;1;29
src/auth.c;1;!_WIN32;1 && !_WIN32;if;30;30
src/auth.c;1;!_WIN32;1 && !_WIN32;artifact;31;32
src/auth.c;1;!_WIN32;1 && !_WIN32;endif;33;33
src/auth.c;1;1;1;artifact;34;341
src/auth.c;1;WITH_GSSAPI;1 && WITH_GSSAPI;if;342;342
src/auth.c;1;WITH_GSSAPI;1 && WITH_GSSAPI;artifact;343;344
src/auth.c;1;WITH_GSSAPI;1 && WITH_GSSAPI;endif;345;345
src/auth.c;1;1;1;artifact;346;1329
src/auth.c;1;WITH_PKCS11_URI;1 && WITH_PKCS11_URI;if;1330;1330
src/auth.c;1;WITH_PKCS11_URI;1 && WITH_PKCS11_URI;artifact;1331;1345
src/auth.c;1;WITH_PKCS11_URI;1 && WITH_PKCS11_URI;endif;1346;1346
src/auth.c;1;1;1;artifact;1347;1695
src/auth.c;1;DEFINED___LB__HAVE_LIBMBEDCRYPTO__RB__;1 && DEFINED___LB__HAVE_LIBMBEDCRYPTO__RB__;if;1696;1696
src/auth.c;1;DEFINED___LB__HAVE_LIBMBEDCRYPTO__RB__;1 && DEFINED___LB__HAVE_LIBMBEDCRYPTO__RB__;artifact;1697;1697
src/auth.c;1;DEFINED___LB__HAVE_LIBCRYPTO__RB__ && !DEFINED___LB__HAVE_LIBMBEDCRYPTO__RB__;DEFINED___LB__HAVE_LIBCRYPTO__RB__ && !DEFINED___LB__HAVE_LIBMBEDCRYPTO__RB__ && 1;elif;1698;1698
src/auth.c;1;DEFINED___LB__HAVE_LIBCRYPTO__RB__ && !DEFINED___LB__HAVE_LIBMBEDCRYPTO__RB__;DEFINED___LB__HAVE_LIBCRYPTO__RB__ && !DEFINED___LB__HAVE_LIBMBEDCRYPTO__RB__ && 1;artifact;1699;1699
src/auth.c;1;!DEFINED___LB__HAVE_LIBCRYPTO__RB__ && !DEFINED___LB__HAVE_LIBMBEDCRYPTO__RB__;!DEFINED___LB__HAVE_LIBCRYPTO__RB__ && !DEFINED___LB__HAVE_LIBMBEDCRYPTO__RB__ && 1;else;1700;1700
src/auth.c;1;!DEFINED___LB__HAVE_LIBCRYPTO__RB__ && !DEFINED___LB__HAVE_LIBMBEDCRYPTO__RB__;!DEFINED___LB__HAVE_LIBCRYPTO__RB__ && !DEFINED___LB__HAVE_LIBMBEDCRYPTO__RB__ && 1;artifact;1701;1701
src/auth.c;1;!DEFINED___LB__HAVE_LIBCRYPTO__RB__ && !DEFINED___LB__HAVE_LIBMBEDCRYPTO__RB__;!DEFINED___LB__HAVE_LIBCRYPTO__RB__ && !DEFINED___LB__HAVE_LIBMBEDCRYPTO__RB__ && 1;endif;1702;1702
src/auth.c;1;1;1;artifact;1703;1705
src/auth.c;1;DEFINED___LB__HAVE_LIBMBEDCRYPTO__RB__;1 && DEFINED___LB__HAVE_LIBMBEDCRYPTO__RB__;if;1706;1706
src/auth.c;1;DEFINED___LB__HAVE_LIBMBEDCRYPTO__RB__;1 && DEFINED___LB__HAVE_LIBMBEDCRYPTO__RB__;artifact;1707;1707
src/auth.c;1;DEFINED___LB__HAVE_LIBCRYPTO__RB__ && !DEFINED___LB__HAVE_LIBMBEDCRYPTO__RB__;DEFINED___LB__HAVE_LIBCRYPTO__RB__ && !DEFINED___LB__HAVE_LIBMBEDCRYPTO__RB__ && 1;elif;1708;1708
src/auth.c;1;DEFINED___LB__HAVE_LIBCRYPTO__RB__ && !DEFINED___LB__HAVE_LIBMBEDCRYPTO__RB__;DEFINED___LB__HAVE_LIBCRYPTO__RB__ && !DEFINED___LB__HAVE_LIBMBEDCRYPTO__RB__ && 1;artifact;1709;1709
src/auth.c;1;!DEFINED___LB__HAVE_LIBCRYPTO__RB__ && !DEFINED___LB__HAVE_LIBMBEDCRYPTO__RB__;!DEFINED___LB__HAVE_LIBCRYPTO__RB__ && !DEFINED___LB__HAVE_LIBMBEDCRYPTO__RB__ && 1;else;1710;1710
src/auth.c;1;!DEFINED___LB__HAVE_LIBCRYPTO__RB__ && !DEFINED___LB__HAVE_LIBMBEDCRYPTO__RB__;!DEFINED___LB__HAVE_LIBCRYPTO__RB__ && !DEFINED___LB__HAVE_LIBMBEDCRYPTO__RB__ && 1;artifact;1711;1711
src/auth.c;1;!DEFINED___LB__HAVE_LIBCRYPTO__RB__ && !DEFINED___LB__HAVE_LIBMBEDCRYPTO__RB__;!DEFINED___LB__HAVE_LIBCRYPTO__RB__ && !DEFINED___LB__HAVE_LIBMBEDCRYPTO__RB__ && 1;endif;1712;1712
src/auth.c;1;1;1;artifact;1713;2193
src/auth.c;1;WITH_SERVER;1 && WITH_SERVER;if;2194;2194
src/auth.c;1;WITH_SERVER;1 && WITH_SERVER;artifact;2195;2231
src/auth.c;1;WITH_SERVER;1 && WITH_SERVER;endif;2232;2232
src/auth.c;1;1;1;artifact;2233;2303
src/auth.c;1;WITH_GSSAPI;1 && WITH_GSSAPI;if;2304;2304
src/auth.c;1;WITH_GSSAPI;1 && WITH_GSSAPI;artifact;2305;2341
src/auth.c;1;!WITH_GSSAPI;!WITH_GSSAPI && 1;else;2342;2342
src/auth.c;1;!WITH_GSSAPI;!WITH_GSSAPI && 1;artifact;2343;2343
src/auth.c;1;!WITH_GSSAPI;!WITH_GSSAPI && 1;endif;2344;2344
src/auth.c;1;1;1;artifact;2345;2349
src/base64.c;1;1;1;ROOT;1;304
src/base64.c;1;1;1;artifact;1;303
src/bignum.c;1;1;1;ROOT;1;94
src/bignum.c;1;1;1;artifact;1;44
src/bignum.c;1;DEBUG_CRYPTO;1 && DEBUG_CRYPTO;if;45;45
src/bignum.c;1;DEBUG_CRYPTO;1 && DEBUG_CRYPTO;artifact;46;48
src/bignum.c;1;DEBUG_CRYPTO;1 && DEBUG_CRYPTO;endif;49;49
src/bignum.c;1;1;1;artifact;50;70
src/bignum.c;1;DEBUG_CRYPTO;1 && DEBUG_CRYPTO;if;71;71
src/bignum.c;1;DEBUG_CRYPTO;1 && DEBUG_CRYPTO;artifact;72;74
src/bignum.c;1;DEBUG_CRYPTO;1 && DEBUG_CRYPTO;endif;75;75
src/bignum.c;1;1;1;artifact;76;93
src/bind.c;1;1;1;ROOT;1;603
src/bind.c;1;1;1;artifact;1;49
src/bind.c;1;_WIN32;1 && _WIN32;if;50;50
src/bind.c;1;_WIN32;1 && _WIN32;artifact;51;58
src/bind.c;1;HAVE_WSPIAPI_H;1 && _WIN32 && HAVE_WSPIAPI_H;if;59;59
src/bind.c;1;HAVE_WSPIAPI_H;1 && _WIN32 && HAVE_WSPIAPI_H;artifact;60;60
src/bind.c;1;HAVE_WSPIAPI_H;1 && _WIN32 && HAVE_WSPIAPI_H;endif;61;61
src/bind.c;1;_WIN32;1 && _WIN32;artifact;62;64
src/bind.c;1;!_WIN32;!_WIN32 && 1;else;65;65
src/bind.c;1;!_WIN32;!_WIN32 && 1;artifact;66;71
src/bind.c;1;!_WIN32;!_WIN32 && 1;endif;72;72
src/bind.c;1;1;1;artifact;73;151
src/bind.c;1;HAVE_ECC;1 && HAVE_ECC;if;152;152
src/bind.c;1;HAVE_ECC;1 && HAVE_ECC;artifact;153;172
src/bind.c;1;HAVE_ECC;1 && HAVE_ECC;endif;173;173
src/bind.c;1;1;1;artifact;174;349
src/bind.c;1;POLLRDHUP;1 && POLLRDHUP;if;350;350
src/bind.c;1;POLLRDHUP;1 && POLLRDHUP;artifact;351;351
src/bind.c;1;POLLRDHUP;1 && POLLRDHUP;endif;352;352
src/bind.c;1;1;1;artifact;353;528
src/bind.c;1;HAVE_ECC;1 && HAVE_ECC;if;529;529
src/bind.c;1;HAVE_ECC;1 && HAVE_ECC;artifact;530;536
src/bind.c;1;HAVE_ECC;1 && HAVE_ECC;endif;537;537
src/bind.c;1;1;1;artifact;538;602
src/bind_config.c;1;1;1;ROOT;1;721
src/bind_config.c;1;1;1;artifact;1;31
src/bind_config.c;1;HAVE_GLOB_H;1 && HAVE_GLOB_H;if;32;32
src/bind_config.c;1;HAVE_GLOB_H;1 && HAVE_GLOB_H;artifact;33;33
src/bind_config.c;1;HAVE_GLOB_H;1 && HAVE_GLOB_H;endif;34;34
src/bind_config.c;1;1;1;artifact;35;42
src/bind_config.c;1;!MAX_LINE_SIZE;1 && !MAX_LINE_SIZE;if;43;43
src/bind_config.c;1;!MAX_LINE_SIZE;1 && !MAX_LINE_SIZE;artifact;44;44
src/bind_config.c;1;!MAX_LINE_SIZE;1 && !MAX_LINE_SIZE;endif;45;45
src/bind_config.c;1;1;1;artifact;46;237
src/bind_config.c;1;DEFINED___LB__HAVE_GLOB__RB__ && DEFINED___LB__HAVE_GLOB_GL_FLAGS_MEMBER__RB__;1 && DEFINED___LB__HAVE_GLOB__RB__ && DEFINED___LB__HAVE_GLOB_GL_FLAGS_MEMBER__RB__;if;238;238
src/bind_config.c;1;DEFINED___LB__HAVE_GLOB__RB__ && DEFINED___LB__HAVE_GLOB_GL_FLAGS_MEMBER__RB__;1 && DEFINED___LB__HAVE_GLOB__RB__ && DEFINED___LB__HAVE_GLOB_GL_FLAGS_MEMBER__RB__;artifact;239;267
src/bind_config.c;1;DEFINED___LB__HAVE_GLOB__RB__ && DEFINED___LB__HAVE_GLOB_GL_FLAGS_MEMBER__RB__;1 && DEFINED___LB__HAVE_GLOB__RB__ && DEFINED___LB__HAVE_GLOB_GL_FLAGS_MEMBER__RB__;endif;268;268
src/bind_config.c;1;1;1;artifact;269;352
src/bind_config.c;1;DEFINED___LB__HAVE_GLOB__RB__ && DEFINED___LB__HAVE_GLOB_GL_FLAGS_MEMBER__RB__;1 && DEFINED___LB__HAVE_GLOB__RB__ && DEFINED___LB__HAVE_GLOB_GL_FLAGS_MEMBER__RB__;if;353;353
src/bind_config.c;1;DEFINED___LB__HAVE_GLOB__RB__ && DEFINED___LB__HAVE_GLOB_GL_FLAGS_MEMBER__RB__;1 && DEFINED___LB__HAVE_GLOB__RB__ && DEFINED___LB__HAVE_GLOB_GL_FLAGS_MEMBER__RB__;artifact;354;354
src/bind_config.c;1;!DEFINED___LB__HAVE_GLOB__RB__ || !DEFINED___LB__HAVE_GLOB_GL_FLAGS_MEMBER__RB__;(!DEFINED___LB__HAVE_GLOB__RB__ || !DEFINED___LB__HAVE_GLOB_GL_FLAGS_MEMBER__RB__) && 1;else;355;355
src/bind_config.c;1;!DEFINED___LB__HAVE_GLOB__RB__ || !DEFINED___LB__HAVE_GLOB_GL_FLAGS_MEMBER__RB__;(!DEFINED___LB__HAVE_GLOB__RB__ || !DEFINED___LB__HAVE_GLOB_GL_FLAGS_MEMBER__RB__) && 1;artifact;356;356
src/bind_config.c;1;!DEFINED___LB__HAVE_GLOB__RB__ || !DEFINED___LB__HAVE_GLOB_GL_FLAGS_MEMBER__RB__;(!DEFINED___LB__HAVE_GLOB__RB__ || !DEFINED___LB__HAVE_GLOB_GL_FLAGS_MEMBER__RB__) && 1;endif;357;357
src/bind_config.c;1;1;1;artifact;358;720
src/buffer.c;1;1;1;ROOT;1;1370
src/buffer.c;1;1;1;artifact;1;30
src/buffer.c;1;!_WIN32;1 && !_WIN32;if;31;31
src/buffer.c;1;!_WIN32;1 && !_WIN32;artifact;32;33
src/buffer.c;1;!_WIN32;1 && !_WIN32;endif;34;34
src/buffer.c;1;1;1;artifact;35;68
src/buffer.c;1;DEBUG_BUFFER;1 && DEBUG_BUFFER;if;69;69
src/buffer.c;1;DEBUG_BUFFER;1 && DEBUG_BUFFER;artifact;70;110
src/buffer.c;1;!DEBUG_BUFFER;!DEBUG_BUFFER && 1;else;111;111
src/buffer.c;1;!DEBUG_BUFFER;!DEBUG_BUFFER && 1;artifact;112;112
src/buffer.c;1;!DEBUG_BUFFER;!DEBUG_BUFFER && 1;endif;113;113
src/buffer.c;1;1;1;artifact;114;1369
src/callbacks.c;1;1;1;ROOT;1;158
src/callbacks.c;1;1;1;artifact;1;157
src/chachapoly.c;1;1;1;ROOT;1;207
src/chachapoly.c;1;1;1;artifact;1;152
src/chachapoly.c;1;0;1 && 0;if;153;153
src/chachapoly.c;1;0;1 && 0;artifact;154;154
src/chachapoly.c;1;0;1 && 0;endif;155;155
src/chachapoly.c;1;1;1;artifact;156;158
src/chachapoly.c;1;0;1 && 0;if;159;159
src/chachapoly.c;1;0;1 && 0;artifact;160;164
src/chachapoly.c;1;0;1 && 0;endif;165;165
src/chachapoly.c;1;1;1;artifact;166;206
src/channels.c;1;1;1;ROOT;1;3989
src/channels.c;1;1;1;artifact;1;32
src/channels.c;1;HAVE_SYS_TIME_H;1 && HAVE_SYS_TIME_H;if;33;33
src/channels.c;1;HAVE_SYS_TIME_H;1 && HAVE_SYS_TIME_H;artifact;34;34
src/channels.c;1;HAVE_SYS_TIME_H;1 && HAVE_SYS_TIME_H;endif;35;35
src/channels.c;1;1;1;artifact;36;36
src/channels.c;1;!_WIN32;1 && !_WIN32;if;37;37
src/channels.c;1;!_WIN32;1 && !_WIN32;artifact;38;39
src/channels.c;1;!_WIN32;1 && !_WIN32;endif;40;40
src/channels.c;1;1;1;artifact;41;50
src/channels.c;1;WITH_SERVER;1 && WITH_SERVER;if;51;51
src/channels.c;1;WITH_SERVER;1 && WITH_SERVER;artifact;52;52
src/channels.c;1;WITH_SERVER;1 && WITH_SERVER;endif;53;53
src/channels.c;1;1;1;artifact;54;953
src/channels.c;1;WITH_SERVER;1 && WITH_SERVER;if;954;954
src/channels.c;1;WITH_SERVER;1 && WITH_SERVER;artifact;955;963
src/channels.c;1;!WITH_SERVER;!WITH_SERVER && 1;else;964;964
src/channels.c;1;!WITH_SERVER;!WITH_SERVER && 1;artifact;965;965
src/channels.c;1;!WITH_SERVER;!WITH_SERVER && 1;endif;966;966
src/channels.c;1;1;1;artifact;967;2278
src/channels.c;1;!_WIN32;1 && !_WIN32;if;2279;2279
src/channels.c;1;!_WIN32;1 && !_WIN32;artifact;2280;2283
src/channels.c;1;!_WIN32;1 && !_WIN32;endif;2284;2284
src/channels.c;1;1;1;artifact;2285;2325
src/channels.c;1;_WIN32;1 && _WIN32;if;2326;2326
src/channels.c;1;_WIN32;1 && _WIN32;artifact;2327;2327
src/channels.c;1;!_WIN32;!_WIN32 && 1;else;2328;2328
src/channels.c;1;!_WIN32;!_WIN32 && 1;artifact;2329;2329
src/channels.c;1;!_WIN32;!_WIN32 && 1;endif;2330;2330
src/channels.c;1;1;1;artifact;2331;3755
src/channels.c;1;WITH_SERVER;1 && WITH_SERVER;if;3756;3756
src/channels.c;1;WITH_SERVER;1 && WITH_SERVER;artifact;3757;3984
src/channels.c;1;WITH_SERVER;1 && WITH_SERVER;endif;3985;3985
src/channels.c;1;1;1;artifact;3986;3988
src/client.c;1;1;1;ROOT;1;906
src/client.c;1;1;1;artifact;1;27
src/client.c;1;!_WIN32;1 && !_WIN32;if;28;28
src/client.c;1;!_WIN32;1 && !_WIN32;artifact;29;30
src/client.c;1;!_WIN32;1 && !_WIN32;endif;31;31
src/client.c;1;1;1;artifact;32;40
src/client.c;1;WITH_GEX;1 && WITH_GEX;if;41;41
src/client.c;1;WITH_GEX;1 && WITH_GEX;artifact;42;42
src/client.c;1;WITH_GEX;1 && WITH_GEX;endif;43;43
src/client.c;1;1;1;artifact;44;49
src/client.c;1;!_WIN32;1 && !_WIN32;if;50;50
src/client.c;1;HAVE_PTHREAD;1 && !_WIN32 && HAVE_PTHREAD;if;51;51
src/client.c;1;HAVE_PTHREAD;1 && !_WIN32 && HAVE_PTHREAD;artifact;52;52
src/client.c;1;HAVE_PTHREAD;1 && !_WIN32 && HAVE_PTHREAD;endif;53;53
src/client.c;1;!_WIN32;1 && !_WIN32;endif;54;54
src/client.c;1;1;1;artifact;55;120
src/client.c;1;WITH_PCAP;1 && WITH_PCAP;if;121;121
src/client.c;1;WITH_PCAP;1 && WITH_PCAP;artifact;122;127
src/client.c;1;WITH_PCAP;1 && WITH_PCAP;endif;128;128
src/client.c;1;1;1;artifact;129;232
src/client.c;1;WITH_PCAP;1 && WITH_PCAP;if;233;233
src/client.c;1;WITH_PCAP;1 && WITH_PCAP;artifact;234;240
src/client.c;1;WITH_PCAP;1 && WITH_PCAP;endif;241;241
src/client.c;1;1;1;artifact;242;271
src/client.c;1;WITH_GEX;1 && WITH_GEX;if;272;272
src/client.c;1;WITH_GEX;1 && WITH_GEX;artifact;273;276
src/client.c;1;WITH_GEX;1 && WITH_GEX;endif;277;277
src/client.c;1;HAVE_ECDH;1 && HAVE_ECDH;if;278;278
src/client.c;1;HAVE_ECDH;1 && HAVE_ECDH;artifact;279;283
src/client.c;1;HAVE_ECDH;1 && HAVE_ECDH;endif;284;284
src/client.c;1;HAVE_CURVE25519;1 && HAVE_CURVE25519;if;285;285
src/client.c;1;HAVE_CURVE25519;1 && HAVE_CURVE25519;artifact;286;289
src/client.c;1;HAVE_CURVE25519;1 && HAVE_CURVE25519;endif;290;290
src/client.c;1;1;1;artifact;291;597
src/client.c;1;!_WIN32;1 && !_WIN32;if;598;598
src/client.c;1;HAVE_PTHREAD;1 && !_WIN32 && HAVE_PTHREAD;if;599;599
src/client.c;1;HAVE_PTHREAD;1 && !_WIN32 && HAVE_PTHREAD;artifact;600;602
src/client.c;1;HAVE_PTHREAD;1 && !_WIN32 && HAVE_PTHREAD;endif;603;603
src/client.c;1;!_WIN32;1 && !_WIN32;endif;604;604
src/client.c;1;1;1;artifact;605;605
src/client.c;1;WITH_EXEC;1 && WITH_EXEC;if;606;606
src/client.c;1;WITH_EXEC;1 && WITH_EXEC;artifact;607;608
src/client.c;1;!WITH_EXEC;!WITH_EXEC && 1;else;609;609
src/client.c;1;!WITH_EXEC;!WITH_EXEC && 1;artifact;610;613
src/client.c;1;!WITH_EXEC;!WITH_EXEC && 1;endif;614;614
src/client.c;1;1;1;artifact;615;794
src/client.c;1;!_WIN32;1 && !_WIN32;if;795;795
src/client.c;1;HAVE_PTHREAD;1 && !_WIN32 && HAVE_PTHREAD;if;796;796
src/client.c;1;HAVE_PTHREAD;1 && !_WIN32 && HAVE_PTHREAD;artifact;797;801
src/client.c;1;HAVE_PTHREAD;1 && !_WIN32 && HAVE_PTHREAD;endif;802;802
src/client.c;1;!_WIN32;1 && !_WIN32;endif;803;803
src/client.c;1;1;1;artifact;804;905
src/config.c;1;1;1;ROOT;1;1547
src/config.c;1;1;1;artifact;1;29
src/config.c;1;HAVE_GLOB_H;1 && HAVE_GLOB_H;if;30;30
src/config.c;1;HAVE_GLOB_H;1 && HAVE_GLOB_H;artifact;31;31
src/config.c;1;HAVE_GLOB_H;1 && HAVE_GLOB_H;endif;32;32
src/config.c;1;1;1;artifact;33;34
src/config.c;1;!_WIN32;1 && !_WIN32;if;35;35
src/config.c;1;!_WIN32;1 && !_WIN32;artifact;36;43
src/config.c;1;!_WIN32;1 && !_WIN32;endif;44;44
src/config.c;1;HAVE_IFADDRS_H;1 && HAVE_IFADDRS_H;if;45;45
src/config.c;1;HAVE_IFADDRS_H;1 && HAVE_IFADDRS_H;artifact;46;46
src/config.c;1;HAVE_IFADDRS_H;1 && HAVE_IFADDRS_H;endif;47;47
src/config.c;1;1;1;artifact;48;55
src/config.c;1;!MAX_LINE_SIZE;1 && !MAX_LINE_SIZE;if;56;56
src/config.c;1;!MAX_LINE_SIZE;1 && !MAX_LINE_SIZE;artifact;57;57
src/config.c;1;!MAX_LINE_SIZE;1 && !MAX_LINE_SIZE;endif;58;58
src/config.c;1;1;1;artifact;59;246
src/config.c;1;DEFINED___LB__HAVE_GLOB__RB__ && DEFINED___LB__HAVE_GLOB_GL_FLAGS_MEMBER__RB__;1 && DEFINED___LB__HAVE_GLOB__RB__ && DEFINED___LB__HAVE_GLOB_GL_FLAGS_MEMBER__RB__;if;247;247
src/config.c;1;DEFINED___LB__HAVE_GLOB__RB__ && DEFINED___LB__HAVE_GLOB_GL_FLAGS_MEMBER__RB__;1 && DEFINED___LB__HAVE_GLOB__RB__ && DEFINED___LB__HAVE_GLOB_GL_FLAGS_MEMBER__RB__;artifact;248;276
src/config.c;1;DEFINED___LB__HAVE_GLOB__RB__ && DEFINED___LB__HAVE_GLOB_GL_FLAGS_MEMBER__RB__;1 && DEFINED___LB__HAVE_GLOB__RB__ && DEFINED___LB__HAVE_GLOB_GL_FLAGS_MEMBER__RB__;endif;277;277
src/config.c;1;1;1;artifact;278;309
src/config.c;1;WITH_EXEC;1 && WITH_EXEC;if;310;310
src/config.c;1;WITH_EXEC;1 && WITH_EXEC;artifact;311;423
src/config.c;1;!WITH_EXEC;!WITH_EXEC && 1;else;424;424
src/config.c;1;!WITH_EXEC;!WITH_EXEC && 1;artifact;425;436
src/config.c;1;!WITH_EXEC;!WITH_EXEC && 1;endif;437;437
src/config.c;1;1;1;artifact;438;643
src/config.c;1;HAVE_IFADDRS_H;1 && HAVE_IFADDRS_H;if;644;644
src/config.c;1;HAVE_IFADDRS_H;1 && HAVE_IFADDRS_H;artifact;645;734
src/config.c;1;HAVE_IFADDRS_H;1 && HAVE_IFADDRS_H;endif;735;735
src/config.c;1;1;1;artifact;736;810
src/config.c;1;DEFINED___LB__HAVE_GLOB__RB__ && DEFINED___LB__HAVE_GLOB_GL_FLAGS_MEMBER__RB__;1 && DEFINED___LB__HAVE_GLOB__RB__ && DEFINED___LB__HAVE_GLOB_GL_FLAGS_MEMBER__RB__;if;811;811
src/config.c;1;DEFINED___LB__HAVE_GLOB__RB__ && DEFINED___LB__HAVE_GLOB_GL_FLAGS_MEMBER__RB__;1 && DEFINED___LB__HAVE_GLOB__RB__ && DEFINED___LB__HAVE_GLOB_GL_FLAGS_MEMBER__RB__;artifact;812;812
src/config.c;1;!DEFINED___LB__HAVE_GLOB__RB__ || !DEFINED___LB__HAVE_GLOB_GL_FLAGS_MEMBER__RB__;(!DEFINED___LB__HAVE_GLOB__RB__ || !DEFINED___LB__HAVE_GLOB_GL_FLAGS_MEMBER__RB__) && 1;else;813;813
src/config.c;1;!DEFINED___LB__HAVE_GLOB__RB__ || !DEFINED___LB__HAVE_GLOB_GL_FLAGS_MEMBER__RB__;(!DEFINED___LB__HAVE_GLOB__RB__ || !DEFINED___LB__HAVE_GLOB_GL_FLAGS_MEMBER__RB__) && 1;artifact;814;814
src/config.c;1;!DEFINED___LB__HAVE_GLOB__RB__ || !DEFINED___LB__HAVE_GLOB_GL_FLAGS_MEMBER__RB__;(!DEFINED___LB__HAVE_GLOB__RB__ || !DEFINED___LB__HAVE_GLOB_GL_FLAGS_MEMBER__RB__) && 1;endif;815;815
src/config.c;1;1;1;artifact;816;971
src/config.c;1;HAVE_IFADDRS_H;1 && HAVE_IFADDRS_H;if;972;972
src/config.c;1;HAVE_IFADDRS_H;1 && HAVE_IFADDRS_H;artifact;973;996
src/config.c;1;!HAVE_IFADDRS_H;!HAVE_IFADDRS_H && 1;else;997;997
src/config.c;1;!HAVE_IFADDRS_H;!HAVE_IFADDRS_H && 1;artifact;998;1004
src/config.c;1;!HAVE_IFADDRS_H;!HAVE_IFADDRS_H && 1;endif;1005;1005
src/config.c;1;1;1;artifact;1006;1546
src/config_parser.c;1;1;1;ROOT;1;288
src/config_parser.c;1;1;1;artifact;1;287
src/connect.c;1;1;1;ROOT;1;417
src/connect.c;1;1;1;artifact;1;31
src/connect.c;1;HAVE_SYS_TIME_H;1 && HAVE_SYS_TIME_H;if;32;32
src/connect.c;1;HAVE_SYS_TIME_H;1 && HAVE_SYS_TIME_H;artifact;33;33
src/connect.c;1;HAVE_SYS_TIME_H;1 && HAVE_SYS_TIME_H;endif;34;34
src/connect.c;1;1;1;artifact;35;38
src/connect.c;1;_WIN32;1 && _WIN32;if;39;39
src/connect.c;1;_WIN32;1 && _WIN32;artifact;40;46
src/connect.c;1;HAVE_WSPIAPI_H;1 && _WIN32 && HAVE_WSPIAPI_H;if;47;47
src/connect.c;1;HAVE_WSPIAPI_H;1 && _WIN32 && HAVE_WSPIAPI_H;artifact;48;50
src/connect.c;1;!HAVE_WSPIAPI_H;!HAVE_WSPIAPI_H && 1 && _WIN32;else;51;51
src/connect.c;1;!HAVE_WSPIAPI_H;!HAVE_WSPIAPI_H && 1 && _WIN32;artifact;52;54
src/connect.c;1;!HAVE_WSPIAPI_H;!HAVE_WSPIAPI_H && 1 && _WIN32;endif;55;55
src/connect.c;1;_WIN32;1 && _WIN32;artifact;56;61
src/connect.c;1;HAVE_WSPIAPI_H;1 && _WIN32 && HAVE_WSPIAPI_H;if;62;62
src/connect.c;1;HAVE_WSPIAPI_H;1 && _WIN32 && HAVE_WSPIAPI_H;artifact;63;63
src/connect.c;1;HAVE_WSPIAPI_H;1 && _WIN32 && HAVE_WSPIAPI_H;endif;64;64
src/connect.c;1;_WIN32;1 && _WIN32;artifact;65;65
src/connect.c;1;!EINPROGRESS;1 && _WIN32 && !EINPROGRESS;if;66;66
src/connect.c;1;!EINPROGRESS;1 && _WIN32 && !EINPROGRESS;artifact;67;67
src/connect.c;1;!EINPROGRESS;1 && _WIN32 && !EINPROGRESS;endif;68;68
src/connect.c;1;_WIN32;1 && _WIN32;artifact;69;69
src/connect.c;1;!_WIN32;!_WIN32 && 1;else;70;70
src/connect.c;1;!_WIN32;!_WIN32 && 1;artifact;71;77
src/connect.c;1;!_WIN32;!_WIN32 && 1;endif;78;78
src/connect.c;1;1;1;artifact;79;85
src/connect.c;1;!HAVE_GETADDRINFO;1 && !HAVE_GETADDRINFO;if;86;86
src/connect.c;1;!HAVE_GETADDRINFO;1 && !HAVE_GETADDRINFO;artifact;87;87
src/connect.c;1;!HAVE_GETADDRINFO;1 && !HAVE_GETADDRINFO;endif;88;88
src/connect.c;1;1;1;artifact;89;89
src/connect.c;1;_WIN32;1 && _WIN32;if;90;90
src/connect.c;1;!gai_strerror;1 && _WIN32 && !gai_strerror;if;91;91
src/connect.c;1;!gai_strerror;1 && _WIN32 && !gai_strerror;artifact;92;99
src/connect.c;1;!gai_strerror;1 && _WIN32 && !gai_strerror;endif;100;100
src/connect.c;1;_WIN32;1 && _WIN32;endif;101;101
src/connect.c;1;1;1;artifact;102;104
src/connect.c;1;_WIN32;1 && _WIN32;if;105;105
src/connect.c;1;_WIN32;1 && _WIN32;artifact;106;106
src/connect.c;1;!_WIN32;!_WIN32 && 1;else;107;107
src/connect.c;1;!_WIN32;!_WIN32 && 1;artifact;108;108
src/connect.c;1;!_WIN32;!_WIN32 && 1;endif;109;109
src/connect.c;1;1;1;artifact;110;128
src/connect.c;1;AI_NUMERICSERV;1 && AI_NUMERICSERV;if;129;129
src/connect.c;1;AI_NUMERICSERV;1 && AI_NUMERICSERV;artifact;130;130
src/connect.c;1;AI_NUMERICSERV;1 && AI_NUMERICSERV;endif;131;131
src/connect.c;1;1;1;artifact;132;416
src/connector.c;1;1;1;ROOT;1;754
src/connector.c;1;1;1;artifact;1;32
src/connector.c;1;!CHUNKSIZE;1 && !CHUNKSIZE;if;33;33
src/connector.c;1;!CHUNKSIZE;1 && !CHUNKSIZE;artifact;34;34
src/connector.c;1;!CHUNKSIZE;1 && !CHUNKSIZE;endif;35;35
src/connector.c;1;1;1;artifact;36;36
src/connector.c;1;!_WIN32;1 && !_WIN32;if;37;37
src/connector.c;1;!_WIN32;1 && !_WIN32;artifact;38;39
src/connector.c;1;!_WIN32;1 && !_WIN32;endif;40;40
src/connector.c;1;1;1;artifact;41;668
src/connector.c;1;_WIN32;1 && _WIN32;if;669;669
src/connector.c;1;_WIN32;1 && _WIN32;artifact;670;684
src/connector.c;1;!_WIN32;!_WIN32 && 1;else;685;685
src/connector.c;1;!_WIN32;!_WIN32 && 1;artifact;686;703
src/connector.c;1;!_WIN32;!_WIN32 && 1;endif;704;704
src/connector.c;1;1;1;artifact;705;740
src/connector.c;1;MSG_NOSIGNAL;1 && MSG_NOSIGNAL;if;741;741
src/connector.c;1;MSG_NOSIGNAL;1 && MSG_NOSIGNAL;artifact;742;742
src/connector.c;1;MSG_NOSIGNAL;1 && MSG_NOSIGNAL;endif;743;743
src/connector.c;1;1;1;artifact;744;753
src/crypto_common.c;1;1;1;ROOT;1;38
src/crypto_common.c;1;1;1;artifact;1;37
src/curve25519.c;1;1;1;ROOT;1;520
src/curve25519.c;1;1;1;artifact;1;26
src/curve25519.c;1;HAVE_CURVE25519;1 && HAVE_CURVE25519;if;27;27
src/curve25519.c;1;HAVE_CURVE25519;1 && HAVE_CURVE25519;artifact;28;28
src/curve25519.c;1;WITH_NACL;1 && HAVE_CURVE25519 && WITH_NACL;if;29;29
src/curve25519.c;1;WITH_NACL;1 && HAVE_CURVE25519 && WITH_NACL;artifact;30;30
src/curve25519.c;1;WITH_NACL;1 && HAVE_CURVE25519 && WITH_NACL;endif;31;31
src/curve25519.c;1;HAVE_CURVE25519;1 && HAVE_CURVE25519;artifact;32;41
src/curve25519.c;1;HAVE_LIBCRYPTO;1 && HAVE_CURVE25519 && HAVE_LIBCRYPTO;if;42;42
src/curve25519.c;1;HAVE_LIBCRYPTO;1 && HAVE_CURVE25519 && HAVE_LIBCRYPTO;artifact;43;43
src/curve25519.c;1;HAVE_LIBCRYPTO;1 && HAVE_CURVE25519 && HAVE_LIBCRYPTO;endif;44;44
src/curve25519.c;1;HAVE_CURVE25519;1 && HAVE_CURVE25519;artifact;45;61
src/curve25519.c;1;HAVE_LIBCRYPTO;1 && HAVE_CURVE25519 && HAVE_LIBCRYPTO;if;62;62
src/curve25519.c;1;HAVE_LIBCRYPTO;1 && HAVE_CURVE25519 && HAVE_LIBCRYPTO;artifact;63;123
src/curve25519.c;1;!HAVE_LIBCRYPTO;!HAVE_LIBCRYPTO && 1 && HAVE_CURVE25519;else;124;124
src/curve25519.c;1;!HAVE_LIBCRYPTO;!HAVE_LIBCRYPTO && 1 && HAVE_CURVE25519;artifact;125;138
src/curve25519.c;1;!HAVE_LIBCRYPTO;!HAVE_LIBCRYPTO && 1 && HAVE_CURVE25519;endif;139;139
src/curve25519.c;1;HAVE_CURVE25519;1 && HAVE_CURVE25519;artifact;140;183
src/curve25519.c;1;HAVE_LIBCRYPTO;1 && HAVE_CURVE25519 && HAVE_LIBCRYPTO;if;184;184
src/curve25519.c;1;HAVE_LIBCRYPTO;1 && HAVE_CURVE25519 && HAVE_LIBCRYPTO;artifact;185;254
src/curve25519.c;1;!HAVE_LIBCRYPTO;!HAVE_LIBCRYPTO && 1 && HAVE_CURVE25519;else;255;255
src/curve25519.c;1;!HAVE_LIBCRYPTO;!HAVE_LIBCRYPTO && 1 && HAVE_CURVE25519;artifact;256;262
src/curve25519.c;1;!HAVE_LIBCRYPTO;!HAVE_LIBCRYPTO && 1 && HAVE_CURVE25519;endif;263;263
src/curve25519.c;1;HAVE_CURVE25519;1 && HAVE_CURVE25519;artifact;264;269
src/curve25519.c;1;DEBUG_CRYPTO;1 && HAVE_CURVE25519 && DEBUG_CRYPTO;if;270;270
src/curve25519.c;1;DEBUG_CRYPTO;1 && HAVE_CURVE25519 && DEBUG_CRYPTO;artifact;271;275
src/curve25519.c;1;DEBUG_CRYPTO;1 && HAVE_CURVE25519 && DEBUG_CRYPTO;endif;276;276
src/curve25519.c;1;HAVE_CURVE25519;1 && HAVE_CURVE25519;artifact;277;350
src/curve25519.c;1;WITH_SERVER;1 && HAVE_CURVE25519 && WITH_SERVER;if;351;351
src/curve25519.c;1;WITH_SERVER;1 && HAVE_CURVE25519 && WITH_SERVER;artifact;352;515
src/curve25519.c;1;WITH_SERVER;1 && HAVE_CURVE25519 && WITH_SERVER;endif;516;516
src/curve25519.c;1;HAVE_CURVE25519;1 && HAVE_CURVE25519;artifact;517;517
src/curve25519.c;1;HAVE_CURVE25519;1 && HAVE_CURVE25519;endif;518;518
src/curve25519.c;1;1;1;artifact;519;519
src/dh-gex.c;1;1;1;ROOT;1;710
src/dh-gex.c;1;1;1;artifact;1;110
src/dh-gex.c;1;!DEFINED___LB__HAVE_LIBCRYPTO__RB__ || OPENSSL_VERSION_NUMBER__LT__0x30000000L;1 && (!DEFINED___LB__HAVE_LIBCRYPTO__RB__ || OPENSSL_VERSION_NUMBER__LT__0x30000000L);if;111;111
src/dh-gex.c;1;!DEFINED___LB__HAVE_LIBCRYPTO__RB__ || OPENSSL_VERSION_NUMBER__LT__0x30000000L;1 && (!DEFINED___LB__HAVE_LIBCRYPTO__RB__ || OPENSSL_VERSION_NUMBER__LT__0x30000000L);artifact;112;112
src/dh-gex.c;1;DEFINED___LB__HAVE_LIBCRYPTO__RB__ && !OPENSSL_VERSION_NUMBER__LT__0x30000000L;DEFINED___LB__HAVE_LIBCRYPTO__RB__ && !OPENSSL_VERSION_NUMBER__LT__0x30000000L && 1;else;113;113
src/dh-gex.c;1;DEFINED___LB__HAVE_LIBCRYPTO__RB__ && !OPENSSL_VERSION_NUMBER__LT__0x30000000L;DEFINED___LB__HAVE_LIBCRYPTO__RB__ && !OPENSSL_VERSION_NUMBER__LT__0x30000000L && 1;artifact;114;114
src/dh-gex.c;1;DEFINED___LB__HAVE_LIBCRYPTO__RB__ && !OPENSSL_VERSION_NUMBER__LT__0x30000000L;DEFINED___LB__HAVE_LIBCRYPTO__RB__ && !OPENSSL_VERSION_NUMBER__LT__0x30000000L && 1;endif;115;115
src/dh-gex.c;1;1;1;artifact;116;191
src/dh-gex.c;1;HAVE_LIBCRYPTO;1 && HAVE_LIBCRYPTO;if;192;192
src/dh-gex.c;1;HAVE_LIBCRYPTO;1 && HAVE_LIBCRYPTO;artifact;193;194
src/dh-gex.c;1;HAVE_LIBCRYPTO;1 && HAVE_LIBCRYPTO;endif;195;195
src/dh-gex.c;1;1;1;artifact;196;218
src/dh-gex.c;1;DEFINED___LB__HAVE_LIBCRYPTO__RB__ && OPENSSL_VERSION_NUMBER__GEQ__0x30000000L;1 && DEFINED___LB__HAVE_LIBCRYPTO__RB__ && OPENSSL_VERSION_NUMBER__GEQ__0x30000000L;if;219;219
src/dh-gex.c;1;DEFINED___LB__HAVE_LIBCRYPTO__RB__ && OPENSSL_VERSION_NUMBER__GEQ__0x30000000L;1 && DEFINED___LB__HAVE_LIBCRYPTO__RB__ && OPENSSL_VERSION_NUMBER__GEQ__0x30000000L;artifact;220;220
src/dh-gex.c;1;DEFINED___LB__HAVE_LIBCRYPTO__RB__ && OPENSSL_VERSION_NUMBER__GEQ__0x30000000L;1 && DEFINED___LB__HAVE_LIBCRYPTO__RB__ && OPENSSL_VERSION_NUMBER__GEQ__0x30000000L;endif;221;221
src/dh-gex.c;1;1;1;artifact;222;238
src/dh-gex.c;1;DEFINED___LB__HAVE_LIBCRYPTO__RB__ && OPENSSL_VERSION_NUMBER__GEQ__0x30000000L;1 && DEFINED___LB__HAVE_LIBCRYPTO__RB__ && OPENSSL_VERSION_NUMBER__GEQ__0x30000000L;if;239;239
src/dh-gex.c;1;DEFINED___LB__HAVE_LIBCRYPTO__RB__ && OPENSSL_VERSION_NUMBER__GEQ__0x30000000L;1 && DEFINED___LB__HAVE_LIBCRYPTO__RB__ && OPENSSL_VERSION_NUMBER__GEQ__0x30000000L;artifact;240;240
src/dh-gex.c;1;DEFINED___LB__HAVE_LIBCRYPTO__RB__ && OPENSSL_VERSION_NUMBER__GEQ__0x30000000L;1 && DEFINED___LB__HAVE_LIBCRYPTO__RB__ && OPENSSL_VERSION_NUMBER__GEQ__0x30000000L;endif;241;241
src/dh-gex.c;1;1;1;artifact;242;314
src/dh-gex.c;1;WITH_SERVER;1 && WITH_SERVER;if;315;315
src/dh-gex.c;1;WITH_SERVER;1 && WITH_SERVER;artifact;316;673
src/dh-gex.c;1;HAVE_LIBCRYPTO;1 && WITH_SERVER && HAVE_LIBCRYPTO;if;674;674
src/dh-gex.c;1;HAVE_LIBCRYPTO;1 && WITH_SERVER && HAVE_LIBCRYPTO;artifact;675;676
src/dh-gex.c;1;HAVE_LIBCRYPTO;1 && WITH_SERVER && HAVE_LIBCRYPTO;endif;677;677
src/dh-gex.c;1;WITH_SERVER;1 && WITH_SERVER;artifact;678;707
src/dh-gex.c;1;WITH_SERVER;1 && WITH_SERVER;endif;708;708
src/dh-gex.c;1;1;1;artifact;709;709
src/dh.c;1;1;1;ROOT;1;829
src/dh.c;1;1;1;artifact;1;313
src/dh.c;1;!DEFINED___LB__HAVE_LIBCRYPTO__RB__ || OPENSSL_VERSION_NUMBER__LT__0x30000000L;1 && (!DEFINED___LB__HAVE_LIBCRYPTO__RB__ || OPENSSL_VERSION_NUMBER__LT__0x30000000L);if;314;314
src/dh.c;1;!DEFINED___LB__HAVE_LIBCRYPTO__RB__ || OPENSSL_VERSION_NUMBER__LT__0x30000000L;1 && (!DEFINED___LB__HAVE_LIBCRYPTO__RB__ || OPENSSL_VERSION_NUMBER__LT__0x30000000L);artifact;315;315
src/dh.c;1;DEFINED___LB__HAVE_LIBCRYPTO__RB__ && !OPENSSL_VERSION_NUMBER__LT__0x30000000L;DEFINED___LB__HAVE_LIBCRYPTO__RB__ && !OPENSSL_VERSION_NUMBER__LT__0x30000000L && 1;else;316;316
src/dh.c;1;DEFINED___LB__HAVE_LIBCRYPTO__RB__ && !OPENSSL_VERSION_NUMBER__LT__0x30000000L;DEFINED___LB__HAVE_LIBCRYPTO__RB__ && !OPENSSL_VERSION_NUMBER__LT__0x30000000L && 1;artifact;317;317
src/dh.c;1;DEFINED___LB__HAVE_LIBCRYPTO__RB__ && !OPENSSL_VERSION_NUMBER__LT__0x30000000L;DEFINED___LB__HAVE_LIBCRYPTO__RB__ && !OPENSSL_VERSION_NUMBER__LT__0x30000000L && 1;endif;318;318
src/dh.c;1;1;1;artifact;319;338
src/dh.c;1;DEFINED___LB__HAVE_LIBCRYPTO__RB__ && OPENSSL_VERSION_NUMBER__GEQ__0x30000000L;1 && DEFINED___LB__HAVE_LIBCRYPTO__RB__ && OPENSSL_VERSION_NUMBER__GEQ__0x30000000L;if;339;339
src/dh.c;1;DEFINED___LB__HAVE_LIBCRYPTO__RB__ && OPENSSL_VERSION_NUMBER__GEQ__0x30000000L;1 && DEFINED___LB__HAVE_LIBCRYPTO__RB__ && OPENSSL_VERSION_NUMBER__GEQ__0x30000000L;artifact;340;340
src/dh.c;1;DEFINED___LB__HAVE_LIBCRYPTO__RB__ && OPENSSL_VERSION_NUMBER__GEQ__0x30000000L;1 && DEFINED___LB__HAVE_LIBCRYPTO__RB__ && OPENSSL_VERSION_NUMBER__GEQ__0x30000000L;endif;341;341
src/dh.c;1;1;1;artifact;342;349
src/dh.c;1;DEFINED___LB__HAVE_LIBCRYPTO__RB__ && OPENSSL_VERSION_NUMBER__GEQ__0x30000000L;1 && DEFINED___LB__HAVE_LIBCRYPTO__RB__ && OPENSSL_VERSION_NUMBER__GEQ__0x30000000L;if;350;350
src/dh.c;1;DEFINED___LB__HAVE_LIBCRYPTO__RB__ && OPENSSL_VERSION_NUMBER__GEQ__0x30000000L;1 && DEFINED___LB__HAVE_LIBCRYPTO__RB__ && OPENSSL_VERSION_NUMBER__GEQ__0x30000000L;artifact;351;351
src/dh.c;1;DEFINED___LB__HAVE_LIBCRYPTO__RB__ && OPENSSL_VERSION_NUMBER__GEQ__0x30000000L;1 && DEFINED___LB__HAVE_LIBCRYPTO__RB__ && OPENSSL_VERSION_NUMBER__GEQ__0x30000000L;endif;352;352
src/dh.c;1;1;1;artifact;353;412
src/dh.c;1;WITH_SERVER;1 && WITH_SERVER;if;413;413
src/dh.c;1;WITH_SERVER;1 && WITH_SERVER;artifact;414;449
src/dh.c;1;!DEFINED___LB__HAVE_LIBCRYPTO__RB__ || OPENSSL_VERSION_NUMBER__LT__0x30000000L;1 && WITH_SERVER && (!DEFINED___LB__HAVE_LIBCRYPTO__RB__ || OPENSSL_VERSION_NUMBER__LT__0x30000000L);if;450;450
src/dh.c;1;!DEFINED___LB__HAVE_LIBCRYPTO__RB__ || OPENSSL_VERSION_NUMBER__LT__0x30000000L;1 && WITH_SERVER && (!DEFINED___LB__HAVE_LIBCRYPTO__RB__ || OPENSSL_VERSION_NUMBER__LT__0x30000000L);artifact;451;451
src/dh.c;1;DEFINED___LB__HAVE_LIBCRYPTO__RB__ && !OPENSSL_VERSION_NUMBER__LT__0x30000000L;DEFINED___LB__HAVE_LIBCRYPTO__RB__ && !OPENSSL_VERSION_NUMBER__LT__0x30000000L && 1 && WITH_SERVER;else;452;452
src/dh.c;1;DEFINED___LB__HAVE_LIBCRYPTO__RB__ && !OPENSSL_VERSION_NUMBER__LT__0x30000000L;DEFINED___LB__HAVE_LIBCRYPTO__RB__ && !OPENSSL_VERSION_NUMBER__LT__0x30000000L && 1 && WITH_SERVER;artifact;453;453
src/dh.c;1;DEFINED___LB__HAVE_LIBCRYPTO__RB__ && !OPENSSL_VERSION_NUMBER__LT__0x30000000L;DEFINED___LB__HAVE_LIBCRYPTO__RB__ && !OPENSSL_VERSION_NUMBER__LT__0x30000000L && 1 && WITH_SERVER;endif;454;454
src/dh.c;1;WITH_SERVER;1 && WITH_SERVER;artifact;455;505
src/dh.c;1;WITH_GEX;1 && WITH_SERVER && WITH_GEX;if;506;506
src/dh.c;1;WITH_GEX;1 && WITH_SERVER && WITH_GEX;artifact;507;510
src/dh.c;1;WITH_GEX;1 && WITH_SERVER && WITH_GEX;endif;511;511
src/dh.c;1;WITH_SERVER;1 && WITH_SERVER;artifact;512;533
src/dh.c;1;DEFINED___LB__HAVE_LIBCRYPTO__RB__ && OPENSSL_VERSION_NUMBER__GEQ__0x30000000L;1 && WITH_SERVER && DEFINED___LB__HAVE_LIBCRYPTO__RB__ && OPENSSL_VERSION_NUMBER__GEQ__0x30000000L;if;534;534
src/dh.c;1;DEFINED___LB__HAVE_LIBCRYPTO__RB__ && OPENSSL_VERSION_NUMBER__GEQ__0x30000000L;1 && WITH_SERVER && DEFINED___LB__HAVE_LIBCRYPTO__RB__ && OPENSSL_VERSION_NUMBER__GEQ__0x30000000L;artifact;535;535
src/dh.c;1;DEFINED___LB__HAVE_LIBCRYPTO__RB__ && OPENSSL_VERSION_NUMBER__GEQ__0x30000000L;1 && WITH_SERVER && DEFINED___LB__HAVE_LIBCRYPTO__RB__ && OPENSSL_VERSION_NUMBER__GEQ__0x30000000L;endif;536;536
src/dh.c;1;WITH_SERVER;1 && WITH_SERVER;artifact;537;558
src/dh.c;1;DEFINED___LB__HAVE_LIBCRYPTO__RB__ && OPENSSL_VERSION_NUMBER__GEQ__0x30000000L;1 && WITH_SERVER && DEFINED___LB__HAVE_LIBCRYPTO__RB__ && OPENSSL_VERSION_NUMBER__GEQ__0x30000000L;if;559;559
src/dh.c;1;DEFINED___LB__HAVE_LIBCRYPTO__RB__ && OPENSSL_VERSION_NUMBER__GEQ__0x30000000L;1 && WITH_SERVER && DEFINED___LB__HAVE_LIBCRYPTO__RB__ && OPENSSL_VERSION_NUMBER__GEQ__0x30000000L;artifact;560;560
src/dh.c;1;DEFINED___LB__HAVE_LIBCRYPTO__RB__ && OPENSSL_VERSION_NUMBER__GEQ__0x30000000L;1 && WITH_SERVER && DEFINED___LB__HAVE_LIBCRYPTO__RB__ && OPENSSL_VERSION_NUMBER__GEQ__0x30000000L;endif;561;561
src/dh.c;1;WITH_SERVER;1 && WITH_SERVER;artifact;562;615
src/dh.c;1;WITH_SERVER;1 && WITH_SERVER;endif;616;616
src/dh.c;1;1;1;artifact;617;828
src/dh_crypto.c;1;1;1;ROOT;1;610
src/dh_crypto.c;1;1;1;artifact;1;32
src/dh_crypto.c;1;OPENSSL_VERSION_NUMBER__GEQ__0x30000000L;1 && OPENSSL_VERSION_NUMBER__GEQ__0x30000000L;if;33;33
src/dh_crypto.c;1;OPENSSL_VERSION_NUMBER__GEQ__0x30000000L;1 && OPENSSL_VERSION_NUMBER__GEQ__0x30000000L;artifact;34;38
src/dh_crypto.c;1;OPENSSL_VERSION_NUMBER__GEQ__0x30000000L;1 && OPENSSL_VERSION_NUMBER__GEQ__0x30000000L;endif;39;39
src/dh_crypto.c;1;1;1;artifact;40;47
src/dh_crypto.c;1;OPENSSL_VERSION_NUMBER__LT__0x30000000L;1 && OPENSSL_VERSION_NUMBER__LT__0x30000000L;if;48;48
src/dh_crypto.c;1;OPENSSL_VERSION_NUMBER__LT__0x30000000L;1 && OPENSSL_VERSION_NUMBER__LT__0x30000000L;artifact;49;49
src/dh_crypto.c;1;!OPENSSL_VERSION_NUMBER__LT__0x30000000L;!OPENSSL_VERSION_NUMBER__LT__0x30000000L && 1;else;50;50
src/dh_crypto.c;1;!OPENSSL_VERSION_NUMBER__LT__0x30000000L;!OPENSSL_VERSION_NUMBER__LT__0x30000000L && 1;artifact;51;51
src/dh_crypto.c;1;!OPENSSL_VERSION_NUMBER__LT__0x30000000L;!OPENSSL_VERSION_NUMBER__LT__0x30000000L && 1;endif;52;52
src/dh_crypto.c;1;1;1;artifact;53;56
src/dh_crypto.c;1;DEBUG_CRYPTO;1 && DEBUG_CRYPTO;if;57;57
src/dh_crypto.c;1;OPENSSL_VERSION_NUMBER__LT__0x30000000L;1 && DEBUG_CRYPTO && OPENSSL_VERSION_NUMBER__LT__0x30000000L;if;58;58
src/dh_crypto.c;1;OPENSSL_VERSION_NUMBER__LT__0x30000000L;1 && DEBUG_CRYPTO && OPENSSL_VERSION_NUMBER__LT__0x30000000L;artifact;59;59
src/dh_crypto.c;1;!OPENSSL_VERSION_NUMBER__LT__0x30000000L;!OPENSSL_VERSION_NUMBER__LT__0x30000000L && 1 && DEBUG_CRYPTO;else;60;60
src/dh_crypto.c;1;!OPENSSL_VERSION_NUMBER__LT__0x30000000L;!OPENSSL_VERSION_NUMBER__LT__0x30000000L && 1 && DEBUG_CRYPTO;artifact;61;61
src/dh_crypto.c;1;!OPENSSL_VERSION_NUMBER__LT__0x30000000L;!OPENSSL_VERSION_NUMBER__LT__0x30000000L && 1 && DEBUG_CRYPTO;endif;62;62
src/dh_crypto.c;1;DEBUG_CRYPTO;1 && DEBUG_CRYPTO;artifact;63;69
src/dh_crypto.c;1;OPENSSL_VERSION_NUMBER__GEQ__0x30000000L;1 && DEBUG_CRYPTO && OPENSSL_VERSION_NUMBER__GEQ__0x30000000L;if;70;70
src/dh_crypto.c;1;OPENSSL_VERSION_NUMBER__GEQ__0x30000000L;1 && DEBUG_CRYPTO && OPENSSL_VERSION_NUMBER__GEQ__0x30000000L;artifact;71;74
src/dh_crypto.c;1;OPENSSL_VERSION_NUMBER__GEQ__0x30000000L;1 && DEBUG_CRYPTO && OPENSSL_VERSION_NUMBER__GEQ__0x30000000L;endif;75;75
src/dh_crypto.c;1;DEBUG_CRYPTO;1 && DEBUG_CRYPTO;artifact;76;80
src/dh_crypto.c;1;!DEBUG_CRYPTO;!DEBUG_CRYPTO && 1;else;81;81
src/dh_crypto.c;1;!DEBUG_CRYPTO;!DEBUG_CRYPTO && 1;artifact;82;82
src/dh_crypto.c;1;!DEBUG_CRYPTO;!DEBUG_CRYPTO && 1;endif;83;83
src/dh_crypto.c;1;1;1;artifact;84;85
src/dh_crypto.c;1;OPENSSL_VERSION_NUMBER__LT__0x30000000L;1 && OPENSSL_VERSION_NUMBER__LT__0x30000000L;if;86;86
src/dh_crypto.c;1;OPENSSL_VERSION_NUMBER__LT__0x30000000L;1 && OPENSSL_VERSION_NUMBER__LT__0x30000000L;artifact;87;107
src/dh_crypto.c;1;!OPENSSL_VERSION_NUMBER__LT__0x30000000L;!OPENSSL_VERSION_NUMBER__LT__0x30000000L && 1;else;108;108
src/dh_crypto.c;1;!OPENSSL_VERSION_NUMBER__LT__0x30000000L;!OPENSSL_VERSION_NUMBER__LT__0x30000000L && 1;artifact;109;153
src/dh_crypto.c;1;!OPENSSL_VERSION_NUMBER__LT__0x30000000L;!OPENSSL_VERSION_NUMBER__LT__0x30000000L && 1;endif;154;154
src/dh_crypto.c;1;1;1;artifact;155;158
src/dh_crypto.c;1;OPENSSL_VERSION_NUMBER__GEQ__0x30000000L;1 && OPENSSL_VERSION_NUMBER__GEQ__0x30000000L;if;159;159
src/dh_crypto.c;1;OPENSSL_VERSION_NUMBER__GEQ__0x30000000L;1 && OPENSSL_VERSION_NUMBER__GEQ__0x30000000L;artifact;160;163
src/dh_crypto.c;1;OPENSSL_VERSION_NUMBER__GEQ__0x30000000L;1 && OPENSSL_VERSION_NUMBER__GEQ__0x30000000L;endif;164;164
src/dh_crypto.c;1;1;1;artifact;165;171
src/dh_crypto.c;1;OPENSSL_VERSION_NUMBER__LT__0x30000000L;1 && OPENSSL_VERSION_NUMBER__LT__0x30000000L;if;172;172
src/dh_crypto.c;1;OPENSSL_VERSION_NUMBER__LT__0x30000000L;1 && OPENSSL_VERSION_NUMBER__LT__0x30000000L;artifact;173;175
src/dh_crypto.c;1;!OPENSSL_VERSION_NUMBER__LT__0x30000000L;!OPENSSL_VERSION_NUMBER__LT__0x30000000L && 1;else;176;176
src/dh_crypto.c;1;!OPENSSL_VERSION_NUMBER__LT__0x30000000L;!OPENSSL_VERSION_NUMBER__LT__0x30000000L && 1;artifact;177;246
src/dh_crypto.c;1;!OPENSSL_VERSION_NUMBER__LT__0x30000000L;!OPENSSL_VERSION_NUMBER__LT__0x30000000L && 1;endif;247;247
src/dh_crypto.c;1;1;1;artifact;248;249
src/dh_crypto.c;1;OPENSSL_VERSION_NUMBER__LT__0x30000000L;1 && OPENSSL_VERSION_NUMBER__LT__0x30000000L;if;250;250
src/dh_crypto.c;1;OPENSSL_VERSION_NUMBER__LT__0x30000000L;1 && OPENSSL_VERSION_NUMBER__LT__0x30000000L;artifact;251;259
src/dh_crypto.c;1;!OPENSSL_VERSION_NUMBER__LT__0x30000000L;!OPENSSL_VERSION_NUMBER__LT__0x30000000L && 1;else;260;260
src/dh_crypto.c;1;!OPENSSL_VERSION_NUMBER__LT__0x30000000L;!OPENSSL_VERSION_NUMBER__LT__0x30000000L && 1;artifact;261;281
src/dh_crypto.c;1;!OPENSSL_VERSION_NUMBER__LT__0x30000000L;!OPENSSL_VERSION_NUMBER__LT__0x30000000L && 1;endif;282;282
src/dh_crypto.c;1;1;1;artifact;283;288
src/dh_crypto.c;1;OPENSSL_VERSION_NUMBER__GEQ__0x30000000L;1 && OPENSSL_VERSION_NUMBER__GEQ__0x30000000L;if;289;289
src/dh_crypto.c;1;OPENSSL_VERSION_NUMBER__GEQ__0x30000000L;1 && OPENSSL_VERSION_NUMBER__GEQ__0x30000000L;artifact;290;292
src/dh_crypto.c;1;OPENSSL_VERSION_NUMBER__GEQ__0x30000000L;1 && OPENSSL_VERSION_NUMBER__GEQ__0x30000000L;endif;293;293
src/dh_crypto.c;1;1;1;artifact;294;298
src/dh_crypto.c;1;OPENSSL_VERSION_NUMBER__GEQ__0x30000000L;1 && OPENSSL_VERSION_NUMBER__GEQ__0x30000000L;if;299;299
src/dh_crypto.c;1;OPENSSL_VERSION_NUMBER__GEQ__0x30000000L;1 && OPENSSL_VERSION_NUMBER__GEQ__0x30000000L;artifact;300;300
src/dh_crypto.c;1;OPENSSL_VERSION_NUMBER__GEQ__0x30000000L;1 && OPENSSL_VERSION_NUMBER__GEQ__0x30000000L;endif;301;301
src/dh_crypto.c;1;1;1;artifact;302;303
src/dh_crypto.c;1;OPENSSL_VERSION_NUMBER__LT__0x30000000L;1 && OPENSSL_VERSION_NUMBER__LT__0x30000000L;if;304;304
src/dh_crypto.c;1;OPENSSL_VERSION_NUMBER__LT__0x30000000L;1 && OPENSSL_VERSION_NUMBER__LT__0x30000000L;artifact;305;325
src/dh_crypto.c;1;!OPENSSL_VERSION_NUMBER__LT__0x30000000L;!OPENSSL_VERSION_NUMBER__LT__0x30000000L && 1;else;326;326
src/dh_crypto.c;1;!OPENSSL_VERSION_NUMBER__LT__0x30000000L;!OPENSSL_VERSION_NUMBER__LT__0x30000000L && 1;artifact;327;373
src/dh_crypto.c;1;!OPENSSL_VERSION_NUMBER__LT__0x30000000L;!OPENSSL_VERSION_NUMBER__LT__0x30000000L && 1;endif;374;374
src/dh_crypto.c;1;1;1;artifact;375;377
src/dh_crypto.c;1;OPENSSL_VERSION_NUMBER__LT__0x30000000L;1 && OPENSSL_VERSION_NUMBER__LT__0x30000000L;if;378;378
src/dh_crypto.c;1;OPENSSL_VERSION_NUMBER__LT__0x30000000L;1 && OPENSSL_VERSION_NUMBER__LT__0x30000000L;artifact;379;383
src/dh_crypto.c;1;!OPENSSL_VERSION_NUMBER__LT__0x30000000L;!OPENSSL_VERSION_NUMBER__LT__0x30000000L && 1;else;384;384
src/dh_crypto.c;1;!OPENSSL_VERSION_NUMBER__LT__0x30000000L;!OPENSSL_VERSION_NUMBER__LT__0x30000000L && 1;artifact;385;391
src/dh_crypto.c;1;!OPENSSL_VERSION_NUMBER__LT__0x30000000L;!OPENSSL_VERSION_NUMBER__LT__0x30000000L && 1;endif;392;392
src/dh_crypto.c;1;1;1;artifact;393;443
src/dh_crypto.c;1;OPENSSL_VERSION_NUMBER__LT__0x30000000L;1 && OPENSSL_VERSION_NUMBER__LT__0x30000000L;if;444;444
src/dh_crypto.c;1;OPENSSL_VERSION_NUMBER__LT__0x30000000L;1 && OPENSSL_VERSION_NUMBER__LT__0x30000000L;artifact;445;446
src/dh_crypto.c;1;!OPENSSL_VERSION_NUMBER__LT__0x30000000L;!OPENSSL_VERSION_NUMBER__LT__0x30000000L && 1;else;447;447
src/dh_crypto.c;1;!OPENSSL_VERSION_NUMBER__LT__0x30000000L;!OPENSSL_VERSION_NUMBER__LT__0x30000000L && 1;artifact;448;449
src/dh_crypto.c;1;!OPENSSL_VERSION_NUMBER__LT__0x30000000L;!OPENSSL_VERSION_NUMBER__LT__0x30000000L && 1;endif;450;450
src/dh_crypto.c;1;1;1;artifact;451;468
src/dh_crypto.c;1;OPENSSL_VERSION_NUMBER__GEQ__0x30000000L;1 && OPENSSL_VERSION_NUMBER__GEQ__0x30000000L;if;469;469
src/dh_crypto.c;1;OPENSSL_VERSION_NUMBER__GEQ__0x30000000L;1 && OPENSSL_VERSION_NUMBER__GEQ__0x30000000L;artifact;470;470
src/dh_crypto.c;1;OPENSSL_VERSION_NUMBER__GEQ__0x30000000L;1 && OPENSSL_VERSION_NUMBER__GEQ__0x30000000L;endif;471;471
src/dh_crypto.c;1;1;1;artifact;472;476
src/dh_crypto.c;1;OPENSSL_VERSION_NUMBER__LT__0x30000000L;1 && OPENSSL_VERSION_NUMBER__LT__0x30000000L;if;477;477
src/dh_crypto.c;1;OPENSSL_VERSION_NUMBER__LT__0x30000000L;1 && OPENSSL_VERSION_NUMBER__LT__0x30000000L;artifact;478;481
src/dh_crypto.c;1;!OPENSSL_VERSION_NUMBER__LT__0x30000000L;!OPENSSL_VERSION_NUMBER__LT__0x30000000L && 1;else;482;482
src/dh_crypto.c;1;!OPENSSL_VERSION_NUMBER__LT__0x30000000L;!OPENSSL_VERSION_NUMBER__LT__0x30000000L && 1;artifact;483;503
src/dh_crypto.c;1;!OPENSSL_VERSION_NUMBER__LT__0x30000000L;!OPENSSL_VERSION_NUMBER__LT__0x30000000L && 1;endif;504;504
src/dh_crypto.c;1;1;1;artifact;505;524
src/dh_crypto.c;1;OPENSSL_VERSION_NUMBER__LT__0x30000000L;1 && OPENSSL_VERSION_NUMBER__LT__0x30000000L;if;525;525
src/dh_crypto.c;1;OPENSSL_VERSION_NUMBER__LT__0x30000000L;1 && OPENSSL_VERSION_NUMBER__LT__0x30000000L;artifact;526;527
src/dh_crypto.c;1;!OPENSSL_VERSION_NUMBER__LT__0x30000000L;!OPENSSL_VERSION_NUMBER__LT__0x30000000L && 1;else;528;528
src/dh_crypto.c;1;!OPENSSL_VERSION_NUMBER__LT__0x30000000L;!OPENSSL_VERSION_NUMBER__LT__0x30000000L && 1;artifact;529;530
src/dh_crypto.c;1;!OPENSSL_VERSION_NUMBER__LT__0x30000000L;!OPENSSL_VERSION_NUMBER__LT__0x30000000L && 1;endif;531;531
src/dh_crypto.c;1;1;1;artifact;532;538
src/dh_crypto.c;1;OPENSSL_VERSION_NUMBER__LT__0x30000000L;1 && OPENSSL_VERSION_NUMBER__LT__0x30000000L;if;539;539
src/dh_crypto.c;1;OPENSSL_VERSION_NUMBER__LT__0x30000000L;1 && OPENSSL_VERSION_NUMBER__LT__0x30000000L;artifact;540;556
src/dh_crypto.c;1;!OPENSSL_VERSION_NUMBER__LT__0x30000000L;!OPENSSL_VERSION_NUMBER__LT__0x30000000L && 1;else;557;557
src/dh_crypto.c;1;!OPENSSL_VERSION_NUMBER__LT__0x30000000L;!OPENSSL_VERSION_NUMBER__LT__0x30000000L && 1;artifact;558;592
src/dh_crypto.c;1;!OPENSSL_VERSION_NUMBER__LT__0x30000000L;!OPENSSL_VERSION_NUMBER__LT__0x30000000L && 1;endif;593;593
src/dh_crypto.c;1;1;1;artifact;594;602
src/dh_crypto.c;1;OPENSSL_VERSION_NUMBER__GEQ__0x30000000L;1 && OPENSSL_VERSION_NUMBER__GEQ__0x30000000L;if;603;603
src/dh_crypto.c;1;OPENSSL_VERSION_NUMBER__GEQ__0x30000000L;1 && OPENSSL_VERSION_NUMBER__GEQ__0x30000000L;artifact;604;604
src/dh_crypto.c;1;OPENSSL_VERSION_NUMBER__GEQ__0x30000000L;1 && OPENSSL_VERSION_NUMBER__GEQ__0x30000000L;endif;605;605
src/dh_crypto.c;1;1;1;artifact;606;609
src/dh_key.c;1;1;1;ROOT;1;380
src/dh_key.c;1;1;1;artifact;1;64
src/dh_key.c;1;DEBUG_CRYPTO;1 && DEBUG_CRYPTO;if;65;65
src/dh_key.c;1;DEBUG_CRYPTO;1 && DEBUG_CRYPTO;artifact;66;79
src/dh_key.c;1;!DEBUG_CRYPTO;!DEBUG_CRYPTO && 1;else;80;80
src/dh_key.c;1;!DEBUG_CRYPTO;!DEBUG_CRYPTO && 1;artifact;81;81
src/dh_key.c;1;!DEBUG_CRYPTO;!DEBUG_CRYPTO && 1;endif;82;82
src/dh_key.c;1;1;1;artifact;83;379
src/ecdh.c;1;1;1;ROOT;1;132
src/ecdh.c;1;1;1;artifact;1;30
src/ecdh.c;1;HAVE_ECDH;1 && HAVE_ECDH;if;31;31
src/ecdh.c;1;HAVE_ECDH;1 && HAVE_ECDH;artifact;32;108
src/ecdh.c;1;WITH_SERVER;1 && HAVE_ECDH && WITH_SERVER;if;109;109
src/ecdh.c;1;WITH_SERVER;1 && HAVE_ECDH && WITH_SERVER;artifact;110;128
src/ecdh.c;1;WITH_SERVER;1 && HAVE_ECDH && WITH_SERVER;endif;129;129
src/ecdh.c;1;HAVE_ECDH;1 && HAVE_ECDH;endif;130;130
src/ecdh.c;1;1;1;artifact;131;131
src/ecdh_crypto.c;1;1;1;ROOT;1;544
src/ecdh_crypto.c;1;1;1;artifact;1;30
src/ecdh_crypto.c;1;HAVE_ECDH;1 && HAVE_ECDH;if;31;31
src/ecdh_crypto.c;1;HAVE_ECDH;1 && HAVE_ECDH;artifact;32;32
src/ecdh_crypto.c;1;OPENSSL_VERSION_NUMBER__LT__0x30000000L;1 && HAVE_ECDH && OPENSSL_VERSION_NUMBER__LT__0x30000000L;if;33;33
src/ecdh_crypto.c;1;OPENSSL_VERSION_NUMBER__LT__0x30000000L;1 && HAVE_ECDH && OPENSSL_VERSION_NUMBER__LT__0x30000000L;artifact;34;36
src/ecdh_crypto.c;1;!OPENSSL_VERSION_NUMBER__LT__0x30000000L;!OPENSSL_VERSION_NUMBER__LT__0x30000000L && 1 && HAVE_ECDH;else;37;37
src/ecdh_crypto.c;1;!OPENSSL_VERSION_NUMBER__LT__0x30000000L;!OPENSSL_VERSION_NUMBER__LT__0x30000000L && 1 && HAVE_ECDH;artifact;38;43
src/ecdh_crypto.c;1;!OPENSSL_VERSION_NUMBER__LT__0x30000000L;!OPENSSL_VERSION_NUMBER__LT__0x30000000L && 1 && HAVE_ECDH;endif;44;44
src/ecdh_crypto.c;1;HAVE_ECDH;1 && HAVE_ECDH;artifact;45;48
src/ecdh_crypto.c;1;OPENSSL_VERSION_NUMBER__LT__0x30000000L;1 && HAVE_ECDH && OPENSSL_VERSION_NUMBER__LT__0x30000000L;if;49;49
src/ecdh_crypto.c;1;OPENSSL_VERSION_NUMBER__LT__0x30000000L;1 && HAVE_ECDH && OPENSSL_VERSION_NUMBER__LT__0x30000000L;artifact;50;50
src/ecdh_crypto.c;1;!OPENSSL_VERSION_NUMBER__LT__0x30000000L;!OPENSSL_VERSION_NUMBER__LT__0x30000000L && 1 && HAVE_ECDH;else;51;51
src/ecdh_crypto.c;1;!OPENSSL_VERSION_NUMBER__LT__0x30000000L;!OPENSSL_VERSION_NUMBER__LT__0x30000000L && 1 && HAVE_ECDH;artifact;52;52
src/ecdh_crypto.c;1;!OPENSSL_VERSION_NUMBER__LT__0x30000000L;!OPENSSL_VERSION_NUMBER__LT__0x30000000L && 1 && HAVE_ECDH;endif;53;53
src/ecdh_crypto.c;1;HAVE_ECDH;1 && HAVE_ECDH;artifact;54;60
src/ecdh_crypto.c;1;OPENSSL_VERSION_NUMBER__LT__0x30000000L;1 && HAVE_ECDH && OPENSSL_VERSION_NUMBER__LT__0x30000000L;if;61;61
src/ecdh_crypto.c;1;OPENSSL_VERSION_NUMBER__LT__0x30000000L;1 && HAVE_ECDH && OPENSSL_VERSION_NUMBER__LT__0x30000000L;artifact;62;62
src/ecdh_crypto.c;1;!OPENSSL_VERSION_NUMBER__LT__0x30000000L;!OPENSSL_VERSION_NUMBER__LT__0x30000000L && 1 && HAVE_ECDH;else;63;63
src/ecdh_crypto.c;1;!OPENSSL_VERSION_NUMBER__LT__0x30000000L;!OPENSSL_VERSION_NUMBER__LT__0x30000000L && 1 && HAVE_ECDH;artifact;64;64
src/ecdh_crypto.c;1;!OPENSSL_VERSION_NUMBER__LT__0x30000000L;!OPENSSL_VERSION_NUMBER__LT__0x30000000L && 1 && HAVE_ECDH;endif;65;65
src/ecdh_crypto.c;1;HAVE_ECDH;1 && HAVE_ECDH;artifact;66;74
src/ecdh_crypto.c;1;OPENSSL_VERSION_NUMBER__LT__0x30000000L;1 && HAVE_ECDH && OPENSSL_VERSION_NUMBER__LT__0x30000000L;if;75;75
src/ecdh_crypto.c;1;OPENSSL_VERSION_NUMBER__LT__0x30000000L;1 && HAVE_ECDH && OPENSSL_VERSION_NUMBER__LT__0x30000000L;artifact;76;79
src/ecdh_crypto.c;1;!OPENSSL_VERSION_NUMBER__LT__0x30000000L;!OPENSSL_VERSION_NUMBER__LT__0x30000000L && 1 && HAVE_ECDH;else;80;80
src/ecdh_crypto.c;1;!OPENSSL_VERSION_NUMBER__LT__0x30000000L;!OPENSSL_VERSION_NUMBER__LT__0x30000000L && 1 && HAVE_ECDH;artifact;81;90
src/ecdh_crypto.c;1;!OPENSSL_VERSION_NUMBER__LT__0x30000000L;!OPENSSL_VERSION_NUMBER__LT__0x30000000L && 1 && HAVE_ECDH;endif;91;91
src/ecdh_crypto.c;1;HAVE_ECDH;1 && HAVE_ECDH;artifact;92;93
src/ecdh_crypto.c;1;OPENSSL_VERSION_NUMBER__LT__0x30000000L;1 && HAVE_ECDH && OPENSSL_VERSION_NUMBER__LT__0x30000000L;if;94;94
src/ecdh_crypto.c;1;OPENSSL_VERSION_NUMBER__LT__0x30000000L;1 && HAVE_ECDH && OPENSSL_VERSION_NUMBER__LT__0x30000000L;artifact;95;100
src/ecdh_crypto.c;1;!OPENSSL_VERSION_NUMBER__LT__0x30000000L;!OPENSSL_VERSION_NUMBER__LT__0x30000000L && 1 && HAVE_ECDH;else;101;101
src/ecdh_crypto.c;1;!OPENSSL_VERSION_NUMBER__LT__0x30000000L;!OPENSSL_VERSION_NUMBER__LT__0x30000000L && 1 && HAVE_ECDH;artifact;102;107
src/ecdh_crypto.c;1;!OPENSSL_VERSION_NUMBER__LT__0x30000000L;!OPENSSL_VERSION_NUMBER__LT__0x30000000L && 1 && HAVE_ECDH;endif;108;108
src/ecdh_crypto.c;1;HAVE_ECDH;1 && HAVE_ECDH;artifact;109;113
src/ecdh_crypto.c;1;OPENSSL_VERSION_NUMBER__LT__0x30000000L;1 && HAVE_ECDH && OPENSSL_VERSION_NUMBER__LT__0x30000000L;if;114;114
src/ecdh_crypto.c;1;OPENSSL_VERSION_NUMBER__LT__0x30000000L;1 && HAVE_ECDH && OPENSSL_VERSION_NUMBER__LT__0x30000000L;artifact;115;121
src/ecdh_crypto.c;1;!OPENSSL_VERSION_NUMBER__LT__0x30000000L;!OPENSSL_VERSION_NUMBER__LT__0x30000000L && 1 && HAVE_ECDH;else;122;122
src/ecdh_crypto.c;1;!OPENSSL_VERSION_NUMBER__LT__0x30000000L;!OPENSSL_VERSION_NUMBER__LT__0x30000000L && 1 && HAVE_ECDH;artifact;123;183
src/ecdh_crypto.c;1;!OPENSSL_VERSION_NUMBER__LT__0x30000000L;!OPENSSL_VERSION_NUMBER__LT__0x30000000L && 1 && HAVE_ECDH;endif;184;184
src/ecdh_crypto.c;1;HAVE_ECDH;1 && HAVE_ECDH;artifact;185;186
src/ecdh_crypto.c;1;OPENSSL_VERSION_NUMBER__LT__0x30000000L;1 && HAVE_ECDH && OPENSSL_VERSION_NUMBER__LT__0x30000000L;if;187;187
src/ecdh_crypto.c;1;OPENSSL_VERSION_NUMBER__LT__0x30000000L;1 && HAVE_ECDH && OPENSSL_VERSION_NUMBER__LT__0x30000000L;artifact;188;188
src/ecdh_crypto.c;1;!OPENSSL_VERSION_NUMBER__LT__0x30000000L;!OPENSSL_VERSION_NUMBER__LT__0x30000000L && 1 && HAVE_ECDH;else;189;189
src/ecdh_crypto.c;1;!OPENSSL_VERSION_NUMBER__LT__0x30000000L;!OPENSSL_VERSION_NUMBER__LT__0x30000000L && 1 && HAVE_ECDH;artifact;190;190
src/ecdh_crypto.c;1;!OPENSSL_VERSION_NUMBER__LT__0x30000000L;!OPENSSL_VERSION_NUMBER__LT__0x30000000L && 1 && HAVE_ECDH;endif;191;191
src/ecdh_crypto.c;1;HAVE_ECDH;1 && HAVE_ECDH;artifact;192;235
src/ecdh_crypto.c;1;OPENSSL_VERSION_NUMBER__LT__0x30000000L;1 && HAVE_ECDH && OPENSSL_VERSION_NUMBER__LT__0x30000000L;if;236;236
src/ecdh_crypto.c;1;OPENSSL_VERSION_NUMBER__LT__0x30000000L;1 && HAVE_ECDH && OPENSSL_VERSION_NUMBER__LT__0x30000000L;artifact;237;289
src/ecdh_crypto.c;1;!OPENSSL_VERSION_NUMBER__LT__0x30000000L;!OPENSSL_VERSION_NUMBER__LT__0x30000000L && 1 && HAVE_ECDH;else;290;290
src/ecdh_crypto.c;1;!OPENSSL_VERSION_NUMBER__LT__0x30000000L;!OPENSSL_VERSION_NUMBER__LT__0x30000000L && 1 && HAVE_ECDH;artifact;291;407
src/ecdh_crypto.c;1;!OPENSSL_VERSION_NUMBER__LT__0x30000000L;!OPENSSL_VERSION_NUMBER__LT__0x30000000L && 1 && HAVE_ECDH;endif;408;408
src/ecdh_crypto.c;1;HAVE_ECDH;1 && HAVE_ECDH;artifact;409;409
src/ecdh_crypto.c;1;OPENSSL_VERSION_NUMBER__LT__0x30000000L;1 && HAVE_ECDH && OPENSSL_VERSION_NUMBER__LT__0x30000000L;if;410;410
src/ecdh_crypto.c;1;OPENSSL_VERSION_NUMBER__LT__0x30000000L;1 && HAVE_ECDH && OPENSSL_VERSION_NUMBER__LT__0x30000000L;artifact;411;411
src/ecdh_crypto.c;1;!OPENSSL_VERSION_NUMBER__LT__0x30000000L;!OPENSSL_VERSION_NUMBER__LT__0x30000000L && 1 && HAVE_ECDH;else;412;412
src/ecdh_crypto.c;1;!OPENSSL_VERSION_NUMBER__LT__0x30000000L;!OPENSSL_VERSION_NUMBER__LT__0x30000000L && 1 && HAVE_ECDH;artifact;413;413
src/ecdh_crypto.c;1;!OPENSSL_VERSION_NUMBER__LT__0x30000000L;!OPENSSL_VERSION_NUMBER__LT__0x30000000L && 1 && HAVE_ECDH;endif;414;414
src/ecdh_crypto.c;1;HAVE_ECDH;1 && HAVE_ECDH;artifact;415;417
src/ecdh_crypto.c;1;OPENSSL_VERSION_NUMBER__LT__0x30000000L;1 && HAVE_ECDH && OPENSSL_VERSION_NUMBER__LT__0x30000000L;if;418;418
src/ecdh_crypto.c;1;OPENSSL_VERSION_NUMBER__LT__0x30000000L;1 && HAVE_ECDH && OPENSSL_VERSION_NUMBER__LT__0x30000000L;artifact;419;419
src/ecdh_crypto.c;1;!OPENSSL_VERSION_NUMBER__LT__0x30000000L;!OPENSSL_VERSION_NUMBER__LT__0x30000000L && 1 && HAVE_ECDH;else;420;420
src/ecdh_crypto.c;1;!OPENSSL_VERSION_NUMBER__LT__0x30000000L;!OPENSSL_VERSION_NUMBER__LT__0x30000000L && 1 && HAVE_ECDH;artifact;421;421
src/ecdh_crypto.c;1;!OPENSSL_VERSION_NUMBER__LT__0x30000000L;!OPENSSL_VERSION_NUMBER__LT__0x30000000L && 1 && HAVE_ECDH;endif;422;422
src/ecdh_crypto.c;1;HAVE_ECDH;1 && HAVE_ECDH;artifact;423;424
src/ecdh_crypto.c;1;DEBUG_CRYPTO;1 && HAVE_ECDH && DEBUG_CRYPTO;if;425;425
src/ecdh_crypto.c;1;DEBUG_CRYPTO;1 && HAVE_ECDH && DEBUG_CRYPTO;artifact;426;430
src/ecdh_crypto.c;1;DEBUG_CRYPTO;1 && HAVE_ECDH && DEBUG_CRYPTO;endif;431;431
src/ecdh_crypto.c;1;HAVE_ECDH;1 && HAVE_ECDH;artifact;432;435
src/ecdh_crypto.c;1;WITH_SERVER;1 && HAVE_ECDH && WITH_SERVER;if;436;436
src/ecdh_crypto.c;1;WITH_SERVER;1 && HAVE_ECDH && WITH_SERVER;artifact;437;539
src/ecdh_crypto.c;1;WITH_SERVER;1 && HAVE_ECDH && WITH_SERVER;endif;540;540
src/ecdh_crypto.c;1;HAVE_ECDH;1 && HAVE_ECDH;artifact;541;541
src/ecdh_crypto.c;1;HAVE_ECDH;1 && HAVE_ECDH;endif;542;542
src/ecdh_crypto.c;1;1;1;artifact;543;543
src/ecdh_gcrypt.c;1;1;1;ROOT;1;396
src/ecdh_gcrypt.c;1;1;1;artifact;1;32
src/ecdh_gcrypt.c;1;HAVE_ECDH;1 && HAVE_ECDH;if;33;33
src/ecdh_gcrypt.c;1;HAVE_ECDH;1 && HAVE_ECDH;artifact;34;128
src/ecdh_gcrypt.c;1;GCRYPT_VERSION_NUMBER__GEQ__0x010700;1 && HAVE_ECDH && GCRYPT_VERSION_NUMBER__GEQ__0x010700;if;129;129
src/ecdh_gcrypt.c;1;GCRYPT_VERSION_NUMBER__GEQ__0x010700;1 && HAVE_ECDH && GCRYPT_VERSION_NUMBER__GEQ__0x010700;artifact;130;131
src/ecdh_gcrypt.c;1;!GCRYPT_VERSION_NUMBER__GEQ__0x010700;!GCRYPT_VERSION_NUMBER__GEQ__0x010700 && 1 && HAVE_ECDH;else;132;132
src/ecdh_gcrypt.c;1;!GCRYPT_VERSION_NUMBER__GEQ__0x010700;!GCRYPT_VERSION_NUMBER__GEQ__0x010700 && 1 && HAVE_ECDH;artifact;133;135
src/ecdh_gcrypt.c;1;!GCRYPT_VERSION_NUMBER__GEQ__0x010700;!GCRYPT_VERSION_NUMBER__GEQ__0x010700 && 1 && HAVE_ECDH;endif;136;136
src/ecdh_gcrypt.c;1;HAVE_ECDH;1 && HAVE_ECDH;artifact;137;182
src/ecdh_gcrypt.c;1;GCRYPT_VERSION_NUMBER__GEQ__0x010700;1 && HAVE_ECDH && GCRYPT_VERSION_NUMBER__GEQ__0x010700;if;183;183
src/ecdh_gcrypt.c;1;GCRYPT_VERSION_NUMBER__GEQ__0x010700;1 && HAVE_ECDH && GCRYPT_VERSION_NUMBER__GEQ__0x010700;artifact;184;203
src/ecdh_gcrypt.c;1;!GCRYPT_VERSION_NUMBER__GEQ__0x010700;!GCRYPT_VERSION_NUMBER__GEQ__0x010700 && 1 && HAVE_ECDH;else;204;204
src/ecdh_gcrypt.c;1;!GCRYPT_VERSION_NUMBER__GEQ__0x010700;!GCRYPT_VERSION_NUMBER__GEQ__0x010700 && 1 && HAVE_ECDH;artifact;205;237
src/ecdh_gcrypt.c;1;!GCRYPT_VERSION_NUMBER__GEQ__0x010700;!GCRYPT_VERSION_NUMBER__GEQ__0x010700 && 1 && HAVE_ECDH;endif;238;238
src/ecdh_gcrypt.c;1;HAVE_ECDH;1 && HAVE_ECDH;artifact;239;243
src/ecdh_gcrypt.c;1;DEBUG_CRYPTO;1 && HAVE_ECDH && DEBUG_CRYPTO;if;244;244
src/ecdh_gcrypt.c;1;DEBUG_CRYPTO;1 && HAVE_ECDH && DEBUG_CRYPTO;artifact;245;249
src/ecdh_gcrypt.c;1;DEBUG_CRYPTO;1 && HAVE_ECDH && DEBUG_CRYPTO;endif;250;250
src/ecdh_gcrypt.c;1;HAVE_ECDH;1 && HAVE_ECDH;artifact;251;260
src/ecdh_gcrypt.c;1;WITH_SERVER;1 && HAVE_ECDH && WITH_SERVER;if;261;261
src/ecdh_gcrypt.c;1;WITH_SERVER;1 && HAVE_ECDH && WITH_SERVER;artifact;262;391
src/ecdh_gcrypt.c;1;WITH_SERVER;1 && HAVE_ECDH && WITH_SERVER;endif;392;392
src/ecdh_gcrypt.c;1;HAVE_ECDH;1 && HAVE_ECDH;artifact;393;393
src/ecdh_gcrypt.c;1;HAVE_ECDH;1 && HAVE_ECDH;endif;394;394
src/ecdh_gcrypt.c;1;1;1;artifact;395;395
src/ecdh_mbedcrypto.c;1;1;1;ROOT;1;340
src/ecdh_mbedcrypto.c;1;1;1;artifact;1;38
src/ecdh_mbedcrypto.c;1;HAVE_ECDH;1 && HAVE_ECDH;if;39;39
src/ecdh_mbedcrypto.c;1;HAVE_ECDH;1 && HAVE_ECDH;artifact;40;195
src/ecdh_mbedcrypto.c;1;WITH_SERVER;1 && HAVE_ECDH && WITH_SERVER;if;196;196
src/ecdh_mbedcrypto.c;1;WITH_SERVER;1 && HAVE_ECDH && WITH_SERVER;artifact;197;336
src/ecdh_mbedcrypto.c;1;WITH_SERVER;1 && HAVE_ECDH && WITH_SERVER;endif;337;337
src/ecdh_mbedcrypto.c;1;HAVE_ECDH;1 && HAVE_ECDH;endif;338;338
src/ecdh_mbedcrypto.c;1;1;1;artifact;339;339
src/error.c;1;1;1;ROOT;1;156
src/error.c;1;1;1;artifact;1;155
src/external/bcrypt_pbkdf.c;1;1;1;ROOT;1;193
src/external/bcrypt_pbkdf.c;1;1;1;artifact;1;19
src/external/bcrypt_pbkdf.c;1;!HAVE_BCRYPT_PBKDF;1 && !HAVE_BCRYPT_PBKDF;if;20;20
src/external/bcrypt_pbkdf.c;1;!HAVE_BCRYPT_PBKDF;1 && !HAVE_BCRYPT_PBKDF;artifact;21;27
src/external/bcrypt_pbkdf.c;1;HAVE_SYS_PARAM_H;1 && !HAVE_BCRYPT_PBKDF && HAVE_SYS_PARAM_H;if;28;28
src/external/bcrypt_pbkdf.c;1;HAVE_SYS_PARAM_H;1 && !HAVE_BCRYPT_PBKDF && HAVE_SYS_PARAM_H;artifact;29;29
src/external/bcrypt_pbkdf.c;1;HAVE_SYS_PARAM_H;1 && !HAVE_BCRYPT_PBKDF && HAVE_SYS_PARAM_H;endif;30;30
src/external/bcrypt_pbkdf.c;1;!HAVE_BCRYPT_PBKDF;1 && !HAVE_BCRYPT_PBKDF;artifact;31;33
src/external/bcrypt_pbkdf.c;1;!SHA512_DIGEST_LENGTH;1 && !HAVE_BCRYPT_PBKDF && !SHA512_DIGEST_LENGTH;if;34;34
src/external/bcrypt_pbkdf.c;1;!SHA512_DIGEST_LENGTH;1 && !HAVE_BCRYPT_PBKDF && !SHA512_DIGEST_LENGTH;artifact;35;35
src/external/bcrypt_pbkdf.c;1;!SHA512_DIGEST_LENGTH;1 && !HAVE_BCRYPT_PBKDF && !SHA512_DIGEST_LENGTH;endif;36;36
src/external/bcrypt_pbkdf.c;1;!HAVE_BCRYPT_PBKDF;1 && !HAVE_BCRYPT_PBKDF;artifact;37;190
src/external/bcrypt_pbkdf.c;1;!HAVE_BCRYPT_PBKDF;1 && !HAVE_BCRYPT_PBKDF;endif;191;191
src/external/bcrypt_pbkdf.c;1;1;1;artifact;192;192
src/external/blowfish.c;1;1;1;ROOT;1;693
src/external/blowfish.c;1;1;1;artifact;1;39
src/external/blowfish.c;1;!DEFINED___LB__HAVE_BCRYPT_PBKDF__RB__ && (!DEFINED___LB__HAVE_BLOWFISH_INITSTATE__RB__ || !DEFINED___LB__HAVE_BLOWFISH_EXPAND0STATE__RB__ || !DEFINED___LB__HAVE_BLF_ENC__RB__);1 && !DEFINED___LB__HAVE_BCRYPT_PBKDF__RB__ && (!DEFINED___LB__HAVE_BLOWFISH_INITSTATE__RB__ || !DEFINED___LB__HAVE_BLOWFISH_EXPAND0STATE__RB__ || !DEFINED___LB__HAVE_BLF_ENC__RB__);if;40;41
src/external/blowfish.c;1;!DEFINED___LB__HAVE_BCRYPT_PBKDF__RB__ && (!DEFINED___LB__HAVE_BLOWFISH_INITSTATE__RB__ || !DEFINED___LB__HAVE_BLOWFISH_EXPAND0STATE__RB__ || !DEFINED___LB__HAVE_BLF_ENC__RB__);1 && !DEFINED___LB__HAVE_BCRYPT_PBKDF__RB__ && (!DEFINED___LB__HAVE_BLOWFISH_INITSTATE__RB__ || !DEFINED___LB__HAVE_BLOWFISH_EXPAND0STATE__RB__ || !DEFINED___LB__HAVE_BLF_ENC__RB__);artifact;42;42
src/external/blowfish.c;1;0;1 && !DEFINED___LB__HAVE_BCRYPT_PBKDF__RB__ && (!DEFINED___LB__HAVE_BLOWFISH_INITSTATE__RB__ || !DEFINED___LB__HAVE_BLOWFISH_EXPAND0STATE__RB__ || !DEFINED___LB__HAVE_BLF_ENC__RB__) && 0;if;43;43
src/external/blowfish.c;1;0;1 && !DEFINED___LB__HAVE_BCRYPT_PBKDF__RB__ && (!DEFINED___LB__HAVE_BLOWFISH_INITSTATE__RB__ || !DEFINED___LB__HAVE_BLOWFISH_EXPAND0STATE__RB__ || !DEFINED___LB__HAVE_BLF_ENC__RB__) && 0;artifact;44;45
src/external/blowfish.c;1;0;1 && !DEFINED___LB__HAVE_BCRYPT_PBKDF__RB__ && (!DEFINED___LB__HAVE_BLOWFISH_INITSTATE__RB__ || !DEFINED___LB__HAVE_BLOWFISH_EXPAND0STATE__RB__ || !DEFINED___LB__HAVE_BLF_ENC__RB__) && 0;endif;46;46
src/external/blowfish.c;1;!DEFINED___LB__HAVE_BCRYPT_PBKDF__RB__ && (!DEFINED___LB__HAVE_BLOWFISH_INITSTATE__RB__ || !DEFINED___LB__HAVE_BLOWFISH_EXPAND0STATE__RB__ || !DEFINED___LB__HAVE_BLF_ENC__RB__);1 && !DEFINED___LB__HAVE_BCRYPT_PBKDF__RB__ && (!DEFINED___LB__HAVE_BLOWFISH_INITSTATE__RB__ || !DEFINED___LB__HAVE_BLOWFISH_EXPAND0STATE__RB__ || !DEFINED___LB__HAVE_BLF_ENC__RB__);artifact;47;53
src/external/blowfish.c;1;__GNUC__;1 && !DEFINED___LB__HAVE_BCRYPT_PBKDF__RB__ && (!DEFINED___LB__HAVE_BLOWFISH_INITSTATE__RB__ || !DEFINED___LB__HAVE_BLOWFISH_EXPAND0STATE__RB__ || !DEFINED___LB__HAVE_BLF_ENC__RB__) && __GNUC__;if;54;54
src/external/blowfish.c;1;__GNUC__;1 && !DEFINED___LB__HAVE_BCRYPT_PBKDF__RB__ && (!DEFINED___LB__HAVE_BLOWFISH_INITSTATE__RB__ || !DEFINED___LB__HAVE_BLOWFISH_EXPAND0STATE__RB__ || !DEFINED___LB__HAVE_BLF_ENC__RB__) && __GNUC__;artifact;55;55
src/external/blowfish.c;1;!__GNUC__;!__GNUC__ && 1 && !DEFINED___LB__HAVE_BCRYPT_PBKDF__RB__ && (!DEFINED___LB__HAVE_BLOWFISH_INITSTATE__RB__ || !DEFINED___LB__HAVE_BLOWFISH_EXPAND0STATE__RB__ || !DEFINED___LB__HAVE_BLF_ENC__RB__);else;56;56
src/external/blowfish.c;1;!__GNUC__;!__GNUC__ && 1 && !DEFINED___LB__HAVE_BCRYPT_PBKDF__RB__ && (!DEFINED___LB__HAVE_BLOWFISH_INITSTATE__RB__ || !DEFINED___LB__HAVE_BLOWFISH_EXPAND0STATE__RB__ || !DEFINED___LB__HAVE_BLF_ENC__RB__);artifact;57;57
src/external/blowfish.c;1;!__GNUC__;!__GNUC__ && 1 && !DEFINED___LB__HAVE_BCRYPT_PBKDF__RB__ && (!DEFINED___LB__HAVE_BLOWFISH_INITSTATE__RB__ || !DEFINED___LB__HAVE_BLOWFISH_EXPAND0STATE__RB__ || !DEFINED___LB__HAVE_BLF_ENC__RB__);endif;58;58
src/external/blowfish.c;1;!DEFINED___LB__HAVE_BCRYPT_PBKDF__RB__ && (!DEFINED___LB__HAVE_BLOWFISH_INITSTATE__RB__ || !DEFINED___LB__HAVE_BLOWFISH_EXPAND0STATE__RB__ || !DEFINED___LB__HAVE_BLF_ENC__RB__);1 && !DEFINED___LB__HAVE_BCRYPT_PBKDF__RB__ && (!DEFINED___LB__HAVE_BLOWFISH_INITSTATE__RB__ || !DEFINED___LB__HAVE_BLOWFISH_EXPAND0STATE__RB__ || !DEFINED___LB__HAVE_BLF_ENC__RB__);artifact;59;645
src/external/blowfish.c;1;0;1 && !DEFINED___LB__HAVE_BCRYPT_PBKDF__RB__ && (!DEFINED___LB__HAVE_BLOWFISH_INITSTATE__RB__ || !DEFINED___LB__HAVE_BLOWFISH_EXPAND0STATE__RB__ || !DEFINED___LB__HAVE_BLF_ENC__RB__) && 0;if;646;646
src/external/blowfish.c;1;0;1 && !DEFINED___LB__HAVE_BCRYPT_PBKDF__RB__ && (!DEFINED___LB__HAVE_BLOWFISH_INITSTATE__RB__ || !DEFINED___LB__HAVE_BLOWFISH_EXPAND0STATE__RB__ || !DEFINED___LB__HAVE_BLF_ENC__RB__) && 0;artifact;647;687
src/external/blowfish.c;1;0;1 && !DEFINED___LB__HAVE_BCRYPT_PBKDF__RB__ && (!DEFINED___LB__HAVE_BLOWFISH_INITSTATE__RB__ || !DEFINED___LB__HAVE_BLOWFISH_EXPAND0STATE__RB__ || !DEFINED___LB__HAVE_BLF_ENC__RB__) && 0;endif;688;688
src/external/blowfish.c;1;!DEFINED___LB__HAVE_BCRYPT_PBKDF__RB__ && (!DEFINED___LB__HAVE_BLOWFISH_INITSTATE__RB__ || !DEFINED___LB__HAVE_BLOWFISH_EXPAND0STATE__RB__ || !DEFINED___LB__HAVE_BLF_ENC__RB__);1 && !DEFINED___LB__HAVE_BCRYPT_PBKDF__RB__ && (!DEFINED___LB__HAVE_BLOWFISH_INITSTATE__RB__ || !DEFINED___LB__HAVE_BLOWFISH_EXPAND0STATE__RB__ || !DEFINED___LB__HAVE_BLF_ENC__RB__);artifact;689;689
src/external/blowfish.c;1;!DEFINED___LB__HAVE_BCRYPT_PBKDF__RB__ && (!DEFINED___LB__HAVE_BLOWFISH_INITSTATE__RB__ || !DEFINED___LB__HAVE_BLOWFISH_EXPAND0STATE__RB__ || !DEFINED___LB__HAVE_BLF_ENC__RB__);1 && !DEFINED___LB__HAVE_BCRYPT_PBKDF__RB__ && (!DEFINED___LB__HAVE_BLOWFISH_INITSTATE__RB__ || !DEFINED___LB__HAVE_BLOWFISH_EXPAND0STATE__RB__ || !DEFINED___LB__HAVE_BLF_ENC__RB__);endif;690;690
src/external/blowfish.c;1;1;1;artifact;692;692
src/external/chacha.c;1;1;1;ROOT;1;218
src/external/chacha.c;1;1;1;artifact;1;217
src/external/curve25519_ref.c;1;1;1;ROOT;1;273
src/external/curve25519_ref.c;1;1;1;artifact;1;272
src/external/ed25519.c;1;1;1;ROOT;1;224
src/external/ed25519.c;1;1;1;artifact;1;223
src/external/fe25519.c;1;1;1;ROOT;1;420
src/external/fe25519.c;1;1;1;artifact;1;419
src/external/ge25519.c;1;1;1;ROOT;1;371
src/external/ge25519.c;1;1;1;artifact;1;370
src/external/poly1305.c;1;1;1;ROOT;1;158
src/external/poly1305.c;1;1;1;artifact;1;157
src/external/sc25519.c;1;1;1;ROOT;1;377
src/external/sc25519.c;1;1;1;artifact;1;376
src/gcrypt_missing.c;1;1;1;ROOT;1;126
src/gcrypt_missing.c;1;1;1;artifact;1;30
src/gcrypt_missing.c;1;HAVE_LIBGCRYPT;1 && HAVE_LIBGCRYPT;if;31;31
src/gcrypt_missing.c;1;HAVE_LIBGCRYPT;1 && HAVE_LIBGCRYPT;artifact;32;123
src/gcrypt_missing.c;1;HAVE_LIBGCRYPT;1 && HAVE_LIBGCRYPT;endif;124;124
src/gcrypt_missing.c;1;1;1;artifact;125;125
src/getpass.c;1;1;1;ROOT;1;297
src/getpass.c;1;1;1;artifact;1;117
src/getpass.c;1;_WIN32;1 && _WIN32;if;118;118
src/getpass.c;1;_WIN32;1 && _WIN32;artifact;119;164
src/getpass.c;1;!_WIN32;!_WIN32 && 1;else;165;165
src/getpass.c;1;!_WIN32;!_WIN32 && 1;artifact;166;167
src/getpass.c;1;HAVE_TERMIOS_H;!_WIN32 && 1 && HAVE_TERMIOS_H;if;168;168
src/getpass.c;1;HAVE_TERMIOS_H;!_WIN32 && 1 && HAVE_TERMIOS_H;artifact;169;169
src/getpass.c;1;HAVE_TERMIOS_H;!_WIN32 && 1 && HAVE_TERMIOS_H;endif;170;170
src/getpass.c;1;HAVE_UNISTD_H;!_WIN32 && 1 && HAVE_UNISTD_H;if;171;171
src/getpass.c;1;HAVE_UNISTD_H;!_WIN32 && 1 && HAVE_UNISTD_H;artifact;172;172
src/getpass.c;1;HAVE_UNISTD_H;!_WIN32 && 1 && HAVE_UNISTD_H;endif;173;173
src/getpass.c;1;!_WIN32;!_WIN32 && 1;artifact;174;294
src/getpass.c;1;!_WIN32;!_WIN32 && 1;endif;295;295
src/getpass.c;1;1;1;artifact;296;296
src/getrandom_crypto.c;1;1;1;ROOT;1;66
src/getrandom_crypto.c;1;1;1;artifact;1;48
src/getrandom_crypto.c;1;HAVE_OPENSSL_RAND_PRIV_BYTES;1 && HAVE_OPENSSL_RAND_PRIV_BYTES;if;49;49
src/getrandom_crypto.c;1;HAVE_OPENSSL_RAND_PRIV_BYTES;1 && HAVE_OPENSSL_RAND_PRIV_BYTES;artifact;50;53
src/getrandom_crypto.c;1;!HAVE_OPENSSL_RAND_PRIV_BYTES;!HAVE_OPENSSL_RAND_PRIV_BYTES && 1;else;54;54
src/getrandom_crypto.c;1;!HAVE_OPENSSL_RAND_PRIV_BYTES;!HAVE_OPENSSL_RAND_PRIV_BYTES && 1;artifact;55;55
src/getrandom_crypto.c;1;!HAVE_OPENSSL_RAND_PRIV_BYTES;!HAVE_OPENSSL_RAND_PRIV_BYTES && 1;endif;56;56
src/getrandom_crypto.c;1;1;1;artifact;57;65
src/getrandom_gcrypt.c;1;1;1;ROOT;1;40
src/getrandom_gcrypt.c;1;1;1;artifact;1;39
src/getrandom_mbedcrypto.c;1;1;1;ROOT;1;54
src/getrandom_mbedcrypto.c;1;1;1;artifact;1;53
src/gssapi.c;1;1;1;ROOT;1;1039
src/gssapi.c;1;1;1;artifact;1;25
src/gssapi.c;1;HAVE_UNISTD_H;1 && HAVE_UNISTD_H;if;26;26
src/gssapi.c;1;HAVE_UNISTD_H;1 && HAVE_UNISTD_H;artifact;27;27
src/gssapi.c;1;HAVE_UNISTD_H;1 && HAVE_UNISTD_H;endif;28;28
src/gssapi.c;1;1;1;artifact;29;118
src/gssapi.c;1;WITH_SERVER;1 && WITH_SERVER;if;119;119
src/gssapi.c;1;WITH_SERVER;1 && WITH_SERVER;artifact;120;121
src/gssapi.c;1;WITH_SERVER;1 && WITH_SERVER;endif;122;122
src/gssapi.c;1;1;1;artifact;123;124
src/gssapi.c;1;WITH_SERVER;1 && WITH_SERVER;if;125;125
src/gssapi.c;1;WITH_SERVER;1 && WITH_SERVER;artifact;126;145
src/gssapi.c;1;WITH_SERVER;1 && WITH_SERVER;endif;146;146
src/gssapi.c;1;1;1;artifact;147;147
src/gssapi.c;1;WITH_SERVER;1 && WITH_SERVER;if;148;148
src/gssapi.c;1;WITH_SERVER;1 && WITH_SERVER;artifact;149;435
src/gssapi.c;1;WITH_SERVER;1 && WITH_SERVER;endif;436;436
src/gssapi.c;1;1;1;artifact;437;471
src/gssapi.c;1;WITH_SERVER;1 && WITH_SERVER;if;472;472
src/gssapi.c;1;WITH_SERVER;1 && WITH_SERVER;artifact;473;569
src/gssapi.c;1;WITH_SERVER;1 && WITH_SERVER;endif;570;570
src/gssapi.c;1;1;1;artifact;571;1038
src/gzip.c;1;1;1;ROOT;1;262
src/gzip.c;1;1;1;artifact;1;35
src/gzip.c;1;!BLOCKSIZE;1 && !BLOCKSIZE;if;36;36
src/gzip.c;1;!BLOCKSIZE;1 && !BLOCKSIZE;artifact;37;37
src/gzip.c;1;!BLOCKSIZE;1 && !BLOCKSIZE;endif;38;38
src/gzip.c;1;1;1;artifact;39;261
src/init.c;1;1;1;ROOT;1;297
src/init.c;1;1;1;artifact;1;33
src/init.c;1;_WIN32;1 && _WIN32;if;34;34
src/init.c;1;_WIN32;1 && _WIN32;artifact;35;35
src/init.c;1;_WIN32;1 && _WIN32;endif;36;36
src/init.c;1;1;1;artifact;37;37
src/init.c;1;HAVE_CONSTRUCTOR_ATTRIBUTE;1 && HAVE_CONSTRUCTOR_ATTRIBUTE;if;38;38
src/init.c;1;HAVE_CONSTRUCTOR_ATTRIBUTE;1 && HAVE_CONSTRUCTOR_ATTRIBUTE;artifact;39;39
src/init.c;1;!HAVE_CONSTRUCTOR_ATTRIBUTE;!HAVE_CONSTRUCTOR_ATTRIBUTE && 1;else;40;40
src/init.c;1;!HAVE_CONSTRUCTOR_ATTRIBUTE;!HAVE_CONSTRUCTOR_ATTRIBUTE && 1;artifact;41;41
src/init.c;1;!HAVE_CONSTRUCTOR_ATTRIBUTE;!HAVE_CONSTRUCTOR_ATTRIBUTE && 1;endif;42;42
src/init.c;1;1;1;artifact;43;43
src/init.c;1;HAVE_DESTRUCTOR_ATTRIBUTE;1 && HAVE_DESTRUCTOR_ATTRIBUTE;if;44;44
src/init.c;1;HAVE_DESTRUCTOR_ATTRIBUTE;1 && HAVE_DESTRUCTOR_ATTRIBUTE;artifact;45;45
src/init.c;1;!HAVE_DESTRUCTOR_ATTRIBUTE;!HAVE_DESTRUCTOR_ATTRIBUTE && 1;else;46;46
src/init.c;1;!HAVE_DESTRUCTOR_ATTRIBUTE;!HAVE_DESTRUCTOR_ATTRIBUTE && 1;artifact;47;47
src/init.c;1;!HAVE_DESTRUCTOR_ATTRIBUTE;!HAVE_DESTRUCTOR_ATTRIBUTE && 1;endif;48;48
src/init.c;1;1;1;artifact;49;192
src/init.c;1;DEFINED___LB___WIN32__RB__ && !DEFINED___LB__HAVE_PTHREAD__RB__;1 && DEFINED___LB___WIN32__RB__ && !DEFINED___LB__HAVE_PTHREAD__RB__;if;193;193
src/init.c;1;DEFINED___LB___WIN32__RB__ && !DEFINED___LB__HAVE_PTHREAD__RB__;1 && DEFINED___LB___WIN32__RB__ && !DEFINED___LB__HAVE_PTHREAD__RB__;artifact;194;197
src/init.c;1;DEFINED___LB___WIN32__RB__ && !DEFINED___LB__HAVE_PTHREAD__RB__;1 && DEFINED___LB___WIN32__RB__ && !DEFINED___LB__HAVE_PTHREAD__RB__;endif;198;198
src/init.c;1;1;1;artifact;199;244
src/init.c;1;_WIN32;1 && _WIN32;if;245;245
src/init.c;1;_WIN32;1 && _WIN32;artifact;246;246
src/init.c;1;DEFINED___LB___MSC_VER__RB__ && !DEFINED___LB__LIBSSH_STATIC__RB__;1 && _WIN32 && DEFINED___LB___MSC_VER__RB__ && !DEFINED___LB__LIBSSH_STATIC__RB__;if;247;247
src/init.c;1;DEFINED___LB___MSC_VER__RB__ && !DEFINED___LB__LIBSSH_STATIC__RB__;1 && _WIN32 && DEFINED___LB___MSC_VER__RB__ && !DEFINED___LB__LIBSSH_STATIC__RB__;artifact;248;271
src/init.c;1;DEFINED___LB___MSC_VER__RB__ && !DEFINED___LB__LIBSSH_STATIC__RB__;1 && _WIN32 && DEFINED___LB___MSC_VER__RB__ && !DEFINED___LB__LIBSSH_STATIC__RB__;endif;272;272
src/init.c;1;_WIN32;1 && _WIN32;artifact;273;273
src/init.c;1;_WIN32;1 && _WIN32;endif;274;274
src/init.c;1;1;1;artifact;275;296
src/kdf.c;1;1;1;ROOT;1;240
src/kdf.c;1;1;1;artifact;1;239
src/kex.c;1;1;1;ROOT;1;1784
src/kex.c;1;1;1;artifact;1;34
src/kex.c;1;WITH_GEX;1 && WITH_GEX;if;35;35
src/kex.c;1;WITH_GEX;1 && WITH_GEX;artifact;36;36
src/kex.c;1;WITH_GEX;1 && WITH_GEX;endif;37;37
src/kex.c;1;1;1;artifact;38;48
src/kex.c;1;HAVE_BLOWFISH;1 && HAVE_BLOWFISH;if;49;49
src/kex.c;1;HAVE_BLOWFISH;1 && HAVE_BLOWFISH;artifact;50;50
src/kex.c;1;!HAVE_BLOWFISH;!HAVE_BLOWFISH && 1;else;51;51
src/kex.c;1;!HAVE_BLOWFISH;!HAVE_BLOWFISH && 1;artifact;52;52
src/kex.c;1;!HAVE_BLOWFISH;!HAVE_BLOWFISH && 1;endif;53;53
src/kex.c;1;1;1;artifact;54;54
src/kex.c;1;HAVE_LIBGCRYPT;1 && HAVE_LIBGCRYPT;if;55;55
src/kex.c;1;HAVE_LIBGCRYPT;1 && HAVE_LIBGCRYPT;artifact;56;60
src/kex.c;1;DEFINED___LB__HAVE_LIBMBEDCRYPTO__RB__ && !HAVE_LIBGCRYPT;DEFINED___LB__HAVE_LIBMBEDCRYPTO__RB__ && !HAVE_LIBGCRYPT && 1;elif;61;61
src/kex.c;1;MBEDTLS_GCM_C;DEFINED___LB__HAVE_LIBMBEDCRYPTO__RB__ && !HAVE_LIBGCRYPT && 1 && MBEDTLS_GCM_C;if;62;62
src/kex.c;1;MBEDTLS_GCM_C;DEFINED___LB__HAVE_LIBMBEDCRYPTO__RB__ && !HAVE_LIBGCRYPT && 1 && MBEDTLS_GCM_C;artifact;63;63
src/kex.c;1;!MBEDTLS_GCM_C;!MBEDTLS_GCM_C && DEFINED___LB__HAVE_LIBMBEDCRYPTO__RB__ && !HAVE_LIBGCRYPT && 1;else;64;64
src/kex.c;1;!MBEDTLS_GCM_C;!MBEDTLS_GCM_C && DEFINED___LB__HAVE_LIBMBEDCRYPTO__RB__ && !HAVE_LIBGCRYPT && 1;artifact;65;65
src/kex.c;1;!MBEDTLS_GCM_C;!MBEDTLS_GCM_C && DEFINED___LB__HAVE_LIBMBEDCRYPTO__RB__ && !HAVE_LIBGCRYPT && 1;endif;66;66
src/kex.c;1;DEFINED___LB__HAVE_LIBMBEDCRYPTO__RB__ && !HAVE_LIBGCRYPT;DEFINED___LB__HAVE_LIBMBEDCRYPTO__RB__ && !HAVE_LIBGCRYPT && 1;artifact;67;70
src/kex.c;1;DEFINED___LB__HAVE_LIBCRYPTO__RB__ && !DEFINED___LB__HAVE_LIBMBEDCRYPTO__RB__ && !HAVE_LIBGCRYPT;DEFINED___LB__HAVE_LIBCRYPTO__RB__ && !DEFINED___LB__HAVE_LIBMBEDCRYPTO__RB__ && !HAVE_LIBGCRYPT && 1;elif;71;71
src/kex.c;1;HAVE_OPENSSL_AES_H;DEFINED___LB__HAVE_LIBCRYPTO__RB__ && !DEFINED___LB__HAVE_LIBMBEDCRYPTO__RB__ && !HAVE_LIBGCRYPT && 1 && HAVE_OPENSSL_AES_H;if;72;72
src/kex.c;1;HAVE_OPENSSL_AES_H;DEFINED___LB__HAVE_LIBCRYPTO__RB__ && !DEFINED___LB__HAVE_LIBMBEDCRYPTO__RB__ && !HAVE_LIBGCRYPT && 1 && HAVE_OPENSSL_AES_H;artifact;73;75
src/kex.c;1;!HAVE_OPENSSL_AES_H;!HAVE_OPENSSL_AES_H && DEFINED___LB__HAVE_LIBCRYPTO__RB__ && !DEFINED___LB__HAVE_LIBMBEDCRYPTO__RB__ && !HAVE_LIBGCRYPT && 1;else;76;76
src/kex.c;1;!HAVE_OPENSSL_AES_H;!HAVE_OPENSSL_AES_H && DEFINED___LB__HAVE_LIBCRYPTO__RB__ && !DEFINED___LB__HAVE_LIBMBEDCRYPTO__RB__ && !HAVE_LIBGCRYPT && 1;artifact;77;78
src/kex.c;1;!HAVE_OPENSSL_AES_H;!HAVE_OPENSSL_AES_H && DEFINED___LB__HAVE_LIBCRYPTO__RB__ && !DEFINED___LB__HAVE_LIBMBEDCRYPTO__RB__ && !HAVE_LIBGCRYPT && 1;endif;79;79
src/kex.c;1;DEFINED___LB__HAVE_LIBCRYPTO__RB__ && !DEFINED___LB__HAVE_LIBMBEDCRYPTO__RB__ && !HAVE_LIBGCRYPT;DEFINED___LB__HAVE_LIBCRYPTO__RB__ && !DEFINED___LB__HAVE_LIBMBEDCRYPTO__RB__ && !HAVE_LIBGCRYPT && 1;artifact;80;81
src/kex.c;1;DEFINED___LB__HAVE_LIBCRYPTO__RB__ && !DEFINED___LB__HAVE_LIBMBEDCRYPTO__RB__ && !HAVE_LIBGCRYPT;DEFINED___LB__HAVE_LIBCRYPTO__RB__ && !DEFINED___LB__HAVE_LIBMBEDCRYPTO__RB__ && !HAVE_LIBGCRYPT && 1;endif;82;82
src/kex.c;1;1;1;artifact;83;83
src/kex.c;1;WITH_ZLIB;1 && WITH_ZLIB;if;84;84
src/kex.c;1;WITH_ZLIB;1 && WITH_ZLIB;artifact;85;86
src/kex.c;1;!WITH_ZLIB;!WITH_ZLIB && 1;else;87;87
src/kex.c;1;!WITH_ZLIB;!WITH_ZLIB && 1;artifact;88;89
src/kex.c;1;!WITH_ZLIB;!WITH_ZLIB && 1;endif;90;90
src/kex.c;1;1;1;artifact;91;91
src/kex.c;1;HAVE_CURVE25519;1 && HAVE_CURVE25519;if;92;92
src/kex.c;1;HAVE_CURVE25519;1 && HAVE_CURVE25519;artifact;93;93
src/kex.c;1;!HAVE_CURVE25519;!HAVE_CURVE25519 && 1;else;94;94
src/kex.c;1;!HAVE_CURVE25519;!HAVE_CURVE25519 && 1;artifact;95;95
src/kex.c;1;!HAVE_CURVE25519;!HAVE_CURVE25519 && 1;endif;96;96
src/kex.c;1;1;1;artifact;97;97
src/kex.c;1;HAVE_ECC;1 && HAVE_ECC;if;98;98
src/kex.c;1;HAVE_ECC;1 && HAVE_ECC;artifact;99;108
src/kex.c;1;!HAVE_ECC;!HAVE_ECC && 1;else;109;109
src/kex.c;1;!HAVE_ECC;!HAVE_ECC && 1;artifact;110;114
src/kex.c;1;!HAVE_ECC;!HAVE_ECC && 1;endif;115;115
src/kex.c;1;1;1;artifact;116;116
src/kex.c;1;WITH_INSECURE_NONE;1 && WITH_INSECURE_NONE;if;117;117
src/kex.c;1;WITH_INSECURE_NONE;1 && WITH_INSECURE_NONE;artifact;118;118
src/kex.c;1;!WITH_INSECURE_NONE;!WITH_INSECURE_NONE && 1;else;119;119
src/kex.c;1;!WITH_INSECURE_NONE;!WITH_INSECURE_NONE && 1;artifact;120;120
src/kex.c;1;!WITH_INSECURE_NONE;!WITH_INSECURE_NONE && 1;endif;121;121
src/kex.c;1;1;1;artifact;122;149
src/kex.c;1;WITH_GEX;1 && WITH_GEX;if;150;150
src/kex.c;1;WITH_GEX;1 && WITH_GEX;artifact;151;152
src/kex.c;1;!WITH_GEX;!WITH_GEX && 1;else;153;153
src/kex.c;1;!WITH_GEX;!WITH_GEX && 1;artifact;154;155
src/kex.c;1;!WITH_GEX;!WITH_GEX && 1;endif;156;156
src/kex.c;1;1;1;artifact;157;386
src/kex.c;1;WITH_SERVER;1 && WITH_SERVER;if;387;387
src/kex.c;1;WITH_SERVER;1 && WITH_SERVER;artifact;388;405
src/kex.c;1;WITH_SERVER;1 && WITH_SERVER;endif;406;406
src/kex.c;1;1;1;artifact;407;451
src/kex.c;1;WITH_SERVER;1 && WITH_SERVER;if;452;452
src/kex.c;1;WITH_SERVER;1 && WITH_SERVER;artifact;453;455
src/kex.c;1;WITH_SERVER;1 && WITH_SERVER;endif;456;456
src/kex.c;1;1;1;artifact;457;526
src/kex.c;1;WITH_SERVER;1 && WITH_SERVER;if;527;527
src/kex.c;1;WITH_SERVER;1 && WITH_SERVER;artifact;528;601
src/kex.c;1;WITH_SERVER;1 && WITH_SERVER;endif;602;602
src/kex.c;1;1;1;artifact;603;618
src/kex.c;1;WITH_SERVER;1 && WITH_SERVER;if;619;619
src/kex.c;1;WITH_SERVER;1 && WITH_SERVER;artifact;620;620
src/kex.c;1;WITH_SERVER;1 && WITH_SERVER;endif;621;621
src/kex.c;1;1;1;artifact;622;635
src/kex.c;1;DEBUG_CRYPTO;1 && DEBUG_CRYPTO;if;636;636
src/kex.c;1;DEBUG_CRYPTO;1 && DEBUG_CRYPTO;artifact;637;637
src/kex.c;1;DEBUG_CRYPTO;1 && DEBUG_CRYPTO;endif;638;638
src/kex.c;1;1;1;artifact;639;880
src/kex.c;1;WITH_GEX;1 && WITH_GEX;if;881;881
src/kex.c;1;WITH_GEX;1 && WITH_GEX;artifact;882;885
src/kex.c;1;WITH_GEX;1 && WITH_GEX;endif;886;886
src/kex.c;1;1;1;artifact;887;917
src/kex.c;1;WITH_GEX;1 && WITH_GEX;if;918;918
src/kex.c;1;WITH_GEX;1 && WITH_GEX;artifact;919;922
src/kex.c;1;WITH_GEX;1 && WITH_GEX;endif;923;923
src/kex.c;1;HAVE_ECDH;1 && HAVE_ECDH;if;924;924
src/kex.c;1;HAVE_ECDH;1 && HAVE_ECDH;artifact;925;929
src/kex.c;1;HAVE_ECDH;1 && HAVE_ECDH;endif;930;930
src/kex.c;1;HAVE_CURVE25519;1 && HAVE_CURVE25519;if;931;931
src/kex.c;1;HAVE_CURVE25519;1 && HAVE_CURVE25519;artifact;932;935
src/kex.c;1;HAVE_CURVE25519;1 && HAVE_CURVE25519;endif;936;936
src/kex.c;1;1;1;artifact;937;1158
src/kex.c;1;WITH_SERVER;1 && WITH_SERVER;if;1159;1159
src/kex.c;1;WITH_SERVER;1 && WITH_SERVER;artifact;1160;1164
src/kex.c;1;!WITH_SERVER;!WITH_SERVER && 1;else;1165;1165
src/kex.c;1;!WITH_SERVER;!WITH_SERVER && 1;artifact;1166;1167
src/kex.c;1;!WITH_SERVER;!WITH_SERVER && 1;endif;1168;1168
src/kex.c;1;1;1;artifact;1169;1326
src/kex.c;1;!DEFINED___LB__HAVE_LIBCRYPTO__RB__ || OPENSSL_VERSION_NUMBER__LT__0x30000000L;1 && (!DEFINED___LB__HAVE_LIBCRYPTO__RB__ || OPENSSL_VERSION_NUMBER__LT__0x30000000L);if;1327;1327
src/kex.c;1;!DEFINED___LB__HAVE_LIBCRYPTO__RB__ || OPENSSL_VERSION_NUMBER__LT__0x30000000L;1 && (!DEFINED___LB__HAVE_LIBCRYPTO__RB__ || OPENSSL_VERSION_NUMBER__LT__0x30000000L);artifact;1328;1328
src/kex.c;1;DEFINED___LB__HAVE_LIBCRYPTO__RB__ && !OPENSSL_VERSION_NUMBER__LT__0x30000000L;DEFINED___LB__HAVE_LIBCRYPTO__RB__ && !OPENSSL_VERSION_NUMBER__LT__0x30000000L && 1;else;1329;1329
src/kex.c;1;DEFINED___LB__HAVE_LIBCRYPTO__RB__ && !OPENSSL_VERSION_NUMBER__LT__0x30000000L;DEFINED___LB__HAVE_LIBCRYPTO__RB__ && !OPENSSL_VERSION_NUMBER__LT__0x30000000L && 1;artifact;1330;1330
src/kex.c;1;DEFINED___LB__HAVE_LIBCRYPTO__RB__ && !OPENSSL_VERSION_NUMBER__LT__0x30000000L;DEFINED___LB__HAVE_LIBCRYPTO__RB__ && !OPENSSL_VERSION_NUMBER__LT__0x30000000L && 1;endif;1331;1331
src/kex.c;1;WITH_GEX;1 && WITH_GEX;if;1332;1332
src/kex.c;1;!DEFINED___LB__HAVE_LIBCRYPTO__RB__ || OPENSSL_VERSION_NUMBER__LT__0x30000000L;1 && WITH_GEX && (!DEFINED___LB__HAVE_LIBCRYPTO__RB__ || OPENSSL_VERSION_NUMBER__LT__0x30000000L);if;1333;1333
src/kex.c;1;!DEFINED___LB__HAVE_LIBCRYPTO__RB__ || OPENSSL_VERSION_NUMBER__LT__0x30000000L;1 && WITH_GEX && (!DEFINED___LB__HAVE_LIBCRYPTO__RB__ || OPENSSL_VERSION_NUMBER__LT__0x30000000L);artifact;1334;1334
src/kex.c;1;DEFINED___LB__HAVE_LIBCRYPTO__RB__ && !OPENSSL_VERSION_NUMBER__LT__0x30000000L;DEFINED___LB__HAVE_LIBCRYPTO__RB__ && !OPENSSL_VERSION_NUMBER__LT__0x30000000L && 1 && WITH_GEX;else;1335;1335
src/kex.c;1;DEFINED___LB__HAVE_LIBCRYPTO__RB__ && !OPENSSL_VERSION_NUMBER__LT__0x30000000L;DEFINED___LB__HAVE_LIBCRYPTO__RB__ && !OPENSSL_VERSION_NUMBER__LT__0x30000000L && 1 && WITH_GEX;artifact;1336;1336
src/kex.c;1;DEFINED___LB__HAVE_LIBCRYPTO__RB__ && !OPENSSL_VERSION_NUMBER__LT__0x30000000L;DEFINED___LB__HAVE_LIBCRYPTO__RB__ && !OPENSSL_VERSION_NUMBER__LT__0x30000000L && 1 && WITH_GEX;endif;1337;1337
src/kex.c;1;WITH_GEX;1 && WITH_GEX;endif;1338;1338
src/kex.c;1;1;1;artifact;1339;1403
src/kex.c;1;DEFINED___LB__HAVE_LIBCRYPTO__RB__ && OPENSSL_VERSION_NUMBER__GEQ__0x30000000L;1 && DEFINED___LB__HAVE_LIBCRYPTO__RB__ && OPENSSL_VERSION_NUMBER__GEQ__0x30000000L;if;1404;1404
src/kex.c;1;DEFINED___LB__HAVE_LIBCRYPTO__RB__ && OPENSSL_VERSION_NUMBER__GEQ__0x30000000L;1 && DEFINED___LB__HAVE_LIBCRYPTO__RB__ && OPENSSL_VERSION_NUMBER__GEQ__0x30000000L;artifact;1405;1406
src/kex.c;1;DEFINED___LB__HAVE_LIBCRYPTO__RB__ && OPENSSL_VERSION_NUMBER__GEQ__0x30000000L;1 && DEFINED___LB__HAVE_LIBCRYPTO__RB__ && OPENSSL_VERSION_NUMBER__GEQ__0x30000000L;endif;1407;1407
src/kex.c;1;1;1;artifact;1408;1408
src/kex.c;1;WITH_GEX;1 && WITH_GEX;if;1409;1409
src/kex.c;1;WITH_GEX;1 && WITH_GEX;artifact;1410;1438
src/kex.c;1;DEFINED___LB__HAVE_LIBCRYPTO__RB__ && OPENSSL_VERSION_NUMBER__GEQ__0x30000000L;1 && WITH_GEX && DEFINED___LB__HAVE_LIBCRYPTO__RB__ && OPENSSL_VERSION_NUMBER__GEQ__0x30000000L;if;1439;1439
src/kex.c;1;DEFINED___LB__HAVE_LIBCRYPTO__RB__ && OPENSSL_VERSION_NUMBER__GEQ__0x30000000L;1 && WITH_GEX && DEFINED___LB__HAVE_LIBCRYPTO__RB__ && OPENSSL_VERSION_NUMBER__GEQ__0x30000000L;artifact;1440;1441
src/kex.c;1;DEFINED___LB__HAVE_LIBCRYPTO__RB__ && OPENSSL_VERSION_NUMBER__GEQ__0x30000000L;1 && WITH_GEX && DEFINED___LB__HAVE_LIBCRYPTO__RB__ && OPENSSL_VERSION_NUMBER__GEQ__0x30000000L;endif;1442;1442
src/kex.c;1;WITH_GEX;1 && WITH_GEX;artifact;1443;1443
src/kex.c;1;WITH_GEX;1 && WITH_GEX;endif;1444;1444
src/kex.c;1;HAVE_ECDH;1 && HAVE_ECDH;if;1445;1445
src/kex.c;1;HAVE_ECDH;1 && HAVE_ECDH;artifact;1446;1461
src/kex.c;1;HAVE_ECDH;1 && HAVE_ECDH;endif;1462;1462
src/kex.c;1;HAVE_CURVE25519;1 && HAVE_CURVE25519;if;1463;1463
src/kex.c;1;HAVE_CURVE25519;1 && HAVE_CURVE25519;artifact;1464;1476
src/kex.c;1;HAVE_CURVE25519;1 && HAVE_CURVE25519;endif;1477;1477
src/kex.c;1;1;1;artifact;1478;1483
src/kex.c;1;DEBUG_CRYPTO;1 && DEBUG_CRYPTO;if;1484;1484
src/kex.c;1;DEBUG_CRYPTO;1 && DEBUG_CRYPTO;artifact;1485;1485
src/kex.c;1;DEBUG_CRYPTO;1 && DEBUG_CRYPTO;endif;1486;1486
src/kex.c;1;1;1;artifact;1487;1490
src/kex.c;1;WITH_GEX;1 && WITH_GEX;if;1491;1491
src/kex.c;1;WITH_GEX;1 && WITH_GEX;artifact;1492;1492
src/kex.c;1;WITH_GEX;1 && WITH_GEX;endif;1493;1493
src/kex.c;1;1;1;artifact;1494;1507
src/kex.c;1;WITH_GEX;1 && WITH_GEX;if;1508;1508
src/kex.c;1;WITH_GEX;1 && WITH_GEX;artifact;1509;1509
src/kex.c;1;WITH_GEX;1 && WITH_GEX;endif;1510;1510
src/kex.c;1;1;1;artifact;1511;1561
src/kex.c;1;DEBUG_CRYPTO;1 && DEBUG_CRYPTO;if;1562;1562
src/kex.c;1;DEBUG_CRYPTO;1 && DEBUG_CRYPTO;artifact;1563;1565
src/kex.c;1;DEBUG_CRYPTO;1 && DEBUG_CRYPTO;endif;1566;1566
src/kex.c;1;1;1;artifact;1567;1577
src/kex.c;1;DEFINED___LB__HAVE_LIBCRYPTO__RB__ && OPENSSL_VERSION_NUMBER__GEQ__0x30000000L;1 && DEFINED___LB__HAVE_LIBCRYPTO__RB__ && OPENSSL_VERSION_NUMBER__GEQ__0x30000000L;if;1578;1578
src/kex.c;1;DEFINED___LB__HAVE_LIBCRYPTO__RB__ && OPENSSL_VERSION_NUMBER__GEQ__0x30000000L;1 && DEFINED___LB__HAVE_LIBCRYPTO__RB__ && OPENSSL_VERSION_NUMBER__GEQ__0x30000000L;artifact;1579;1580
src/kex.c;1;DEFINED___LB__HAVE_LIBCRYPTO__RB__ && OPENSSL_VERSION_NUMBER__GEQ__0x30000000L;1 && DEFINED___LB__HAVE_LIBCRYPTO__RB__ && OPENSSL_VERSION_NUMBER__GEQ__0x30000000L;endif;1581;1581
src/kex.c;1;1;1;artifact;1582;1754
src/kex.c;1;DEBUG_CRYPTO;1 && DEBUG_CRYPTO;if;1755;1755
src/kex.c;1;DEBUG_CRYPTO;1 && DEBUG_CRYPTO;artifact;1756;1765
src/kex.c;1;DEBUG_CRYPTO;1 && DEBUG_CRYPTO;endif;1766;1766
src/kex.c;1;1;1;artifact;1767;1783
src/known_hosts.c;1;1;1;ROOT;1;590
src/known_hosts.c;1;1;1;artifact;1;42
src/known_hosts.c;1;!_WIN32;1 && !_WIN32;if;43;43
src/known_hosts.c;1;!_WIN32;1 && !_WIN32;artifact;44;45
src/known_hosts.c;1;!_WIN32;1 && !_WIN32;endif;46;46
src/known_hosts.c;1;1;1;artifact;47;47
src/known_hosts.c;1;!MAX_LINE_SIZE;1 && !MAX_LINE_SIZE;if;48;48
src/known_hosts.c;1;!MAX_LINE_SIZE;1 && !MAX_LINE_SIZE;artifact;49;49
src/known_hosts.c;1;!MAX_LINE_SIZE;1 && !MAX_LINE_SIZE;endif;50;50
src/known_hosts.c;1;1;1;artifact;51;589
src/knownhosts.c;1;1;1;ROOT;1;1295
src/knownhosts.c;1;1;1;artifact;1;31
src/knownhosts.c;1;!_WIN32;1 && !_WIN32;if;32;32
src/knownhosts.c;1;!_WIN32;1 && !_WIN32;artifact;33;34
src/knownhosts.c;1;!_WIN32;1 && !_WIN32;endif;35;35
src/knownhosts.c;1;1;1;artifact;36;46
src/knownhosts.c;1;!MAX_LINE_SIZE;1 && !MAX_LINE_SIZE;if;47;47
src/knownhosts.c;1;!MAX_LINE_SIZE;1 && !MAX_LINE_SIZE;artifact;48;48
src/knownhosts.c;1;!MAX_LINE_SIZE;1 && !MAX_LINE_SIZE;endif;49;49
src/knownhosts.c;1;1;1;artifact;50;484
src/knownhosts.c;1;HAVE_ECC;1 && HAVE_ECC;if;485;485
src/knownhosts.c;1;HAVE_ECC;1 && HAVE_ECC;artifact;486;493
src/knownhosts.c;1;!HAVE_ECC;!HAVE_ECC && 1;else;494;494
src/knownhosts.c;1;!HAVE_ECC;!HAVE_ECC && 1;artifact;495;499
src/knownhosts.c;1;!HAVE_ECC;!HAVE_ECC && 1;endif;500;500
src/knownhosts.c;1;1;1;artifact;501;1294
src/legacy.c;1;1;1;ROOT;1;788
src/legacy.c;1;1;1;artifact;1;85
src/legacy.c;1;DEFINED___LB__HAVE_LIBMBEDCRYPTO__RB__;1 && DEFINED___LB__HAVE_LIBMBEDCRYPTO__RB__;if;86;86
src/legacy.c;1;DEFINED___LB__HAVE_LIBMBEDCRYPTO__RB__;1 && DEFINED___LB__HAVE_LIBMBEDCRYPTO__RB__;artifact;87;87
src/legacy.c;1;DEFINED___LB__HAVE_LIBCRYPTO__RB__ && !DEFINED___LB__HAVE_LIBMBEDCRYPTO__RB__;DEFINED___LB__HAVE_LIBCRYPTO__RB__ && !DEFINED___LB__HAVE_LIBMBEDCRYPTO__RB__ && 1;elif;88;88
src/legacy.c;1;DEFINED___LB__HAVE_LIBCRYPTO__RB__ && !DEFINED___LB__HAVE_LIBMBEDCRYPTO__RB__;DEFINED___LB__HAVE_LIBCRYPTO__RB__ && !DEFINED___LB__HAVE_LIBMBEDCRYPTO__RB__ && 1;artifact;89;89
src/legacy.c;1;!DEFINED___LB__HAVE_LIBCRYPTO__RB__ && !DEFINED___LB__HAVE_LIBMBEDCRYPTO__RB__;!DEFINED___LB__HAVE_LIBCRYPTO__RB__ && !DEFINED___LB__HAVE_LIBMBEDCRYPTO__RB__ && 1;else;90;90
src/legacy.c;1;!DEFINED___LB__HAVE_LIBCRYPTO__RB__ && !DEFINED___LB__HAVE_LIBMBEDCRYPTO__RB__;!DEFINED___LB__HAVE_LIBCRYPTO__RB__ && !DEFINED___LB__HAVE_LIBMBEDCRYPTO__RB__ && 1;artifact;91;91
src/legacy.c;1;!DEFINED___LB__HAVE_LIBCRYPTO__RB__ && !DEFINED___LB__HAVE_LIBMBEDCRYPTO__RB__;!DEFINED___LB__HAVE_LIBCRYPTO__RB__ && !DEFINED___LB__HAVE_LIBMBEDCRYPTO__RB__ && 1;endif;92;92
src/legacy.c;1;1;1;artifact;93;94
src/legacy.c;1;DEFINED___LB__HAVE_LIBMBEDCRYPTO__RB__;1 && DEFINED___LB__HAVE_LIBMBEDCRYPTO__RB__;if;95;95
src/legacy.c;1;DEFINED___LB__HAVE_LIBMBEDCRYPTO__RB__;1 && DEFINED___LB__HAVE_LIBMBEDCRYPTO__RB__;artifact;96;96
src/legacy.c;1;DEFINED___LB__HAVE_LIBCRYPTO__RB__ && !DEFINED___LB__HAVE_LIBMBEDCRYPTO__RB__;DEFINED___LB__HAVE_LIBCRYPTO__RB__ && !DEFINED___LB__HAVE_LIBMBEDCRYPTO__RB__ && 1;elif;97;97
src/legacy.c;1;DEFINED___LB__HAVE_LIBCRYPTO__RB__ && !DEFINED___LB__HAVE_LIBMBEDCRYPTO__RB__;DEFINED___LB__HAVE_LIBCRYPTO__RB__ && !DEFINED___LB__HAVE_LIBMBEDCRYPTO__RB__ && 1;artifact;98;98
src/legacy.c;1;!DEFINED___LB__HAVE_LIBCRYPTO__RB__ && !DEFINED___LB__HAVE_LIBMBEDCRYPTO__RB__;!DEFINED___LB__HAVE_LIBCRYPTO__RB__ && !DEFINED___LB__HAVE_LIBMBEDCRYPTO__RB__ && 1;else;99;99
src/legacy.c;1;!DEFINED___LB__HAVE_LIBCRYPTO__RB__ && !DEFINED___LB__HAVE_LIBMBEDCRYPTO__RB__;!DEFINED___LB__HAVE_LIBCRYPTO__RB__ && !DEFINED___LB__HAVE_LIBMBEDCRYPTO__RB__ && 1;artifact;100;100
src/legacy.c;1;!DEFINED___LB__HAVE_LIBCRYPTO__RB__ && !DEFINED___LB__HAVE_LIBMBEDCRYPTO__RB__;!DEFINED___LB__HAVE_LIBCRYPTO__RB__ && !DEFINED___LB__HAVE_LIBMBEDCRYPTO__RB__ && 1;endif;101;101
src/legacy.c;1;1;1;artifact;102;363
src/legacy.c;1;HAVE_LIBGCRYPT;1 && HAVE_LIBGCRYPT;if;364;364
src/legacy.c;1;HAVE_LIBGCRYPT;1 && HAVE_LIBGCRYPT;artifact;365;365
src/legacy.c;1;DEFINED_HAVE_LIBCRYPTO && !HAVE_LIBGCRYPT;DEFINED_HAVE_LIBCRYPTO && !HAVE_LIBGCRYPT && 1;elif;366;366
src/legacy.c;1;DEFINED_HAVE_LIBCRYPTO && !HAVE_LIBGCRYPT;DEFINED_HAVE_LIBCRYPTO && !HAVE_LIBGCRYPT && 1;artifact;367;367
src/legacy.c;1;DEFINED_HAVE_LIBMBEDCRYPTO && !DEFINED_HAVE_LIBCRYPTO && !HAVE_LIBGCRYPT;DEFINED_HAVE_LIBMBEDCRYPTO && !DEFINED_HAVE_LIBCRYPTO && !HAVE_LIBGCRYPT && 1;elif;368;368
src/legacy.c;1;DEFINED_HAVE_LIBMBEDCRYPTO && !DEFINED_HAVE_LIBCRYPTO && !HAVE_LIBGCRYPT;DEFINED_HAVE_LIBMBEDCRYPTO && !DEFINED_HAVE_LIBCRYPTO && !HAVE_LIBGCRYPT && 1;artifact;369;370
src/legacy.c;1;DEFINED_HAVE_LIBMBEDCRYPTO && !DEFINED_HAVE_LIBCRYPTO && !HAVE_LIBGCRYPT;DEFINED_HAVE_LIBMBEDCRYPTO && !DEFINED_HAVE_LIBCRYPTO && !HAVE_LIBGCRYPT && 1;endif;371;371
src/legacy.c;1;1;1;artifact;372;392
src/legacy.c;1;DEFINED___LB__HAVE_LIBMBEDCRYPTO__RB__;1 && DEFINED___LB__HAVE_LIBMBEDCRYPTO__RB__;if;393;393
src/legacy.c;1;DEFINED___LB__HAVE_LIBMBEDCRYPTO__RB__;1 && DEFINED___LB__HAVE_LIBMBEDCRYPTO__RB__;artifact;394;394
src/legacy.c;1;DEFINED___LB__HAVE_LIBCRYPTO__RB__ && !DEFINED___LB__HAVE_LIBMBEDCRYPTO__RB__;DEFINED___LB__HAVE_LIBCRYPTO__RB__ && !DEFINED___LB__HAVE_LIBMBEDCRYPTO__RB__ && 1;elif;395;395
src/legacy.c;1;DEFINED___LB__HAVE_LIBCRYPTO__RB__ && !DEFINED___LB__HAVE_LIBMBEDCRYPTO__RB__;DEFINED___LB__HAVE_LIBCRYPTO__RB__ && !DEFINED___LB__HAVE_LIBMBEDCRYPTO__RB__ && 1;artifact;396;396
src/legacy.c;1;!DEFINED___LB__HAVE_LIBCRYPTO__RB__ && !DEFINED___LB__HAVE_LIBMBEDCRYPTO__RB__;!DEFINED___LB__HAVE_LIBCRYPTO__RB__ && !DEFINED___LB__HAVE_LIBMBEDCRYPTO__RB__ && 1;else;397;397
src/legacy.c;1;!DEFINED___LB__HAVE_LIBCRYPTO__RB__ && !DEFINED___LB__HAVE_LIBMBEDCRYPTO__RB__;!DEFINED___LB__HAVE_LIBCRYPTO__RB__ && !DEFINED___LB__HAVE_LIBMBEDCRYPTO__RB__ && 1;artifact;398;398
src/legacy.c;1;!DEFINED___LB__HAVE_LIBCRYPTO__RB__ && !DEFINED___LB__HAVE_LIBMBEDCRYPTO__RB__;!DEFINED___LB__HAVE_LIBCRYPTO__RB__ && !DEFINED___LB__HAVE_LIBMBEDCRYPTO__RB__ && 1;endif;399;399
src/legacy.c;1;1;1;artifact;400;401
src/legacy.c;1;DEFINED___LB__HAVE_LIBMBEDCRYPTO__RB__;1 && DEFINED___LB__HAVE_LIBMBEDCRYPTO__RB__;if;402;402
src/legacy.c;1;DEFINED___LB__HAVE_LIBMBEDCRYPTO__RB__;1 && DEFINED___LB__HAVE_LIBMBEDCRYPTO__RB__;artifact;403;403
src/legacy.c;1;DEFINED___LB__HAVE_LIBCRYPTO__RB__ && !DEFINED___LB__HAVE_LIBMBEDCRYPTO__RB__;DEFINED___LB__HAVE_LIBCRYPTO__RB__ && !DEFINED___LB__HAVE_LIBMBEDCRYPTO__RB__ && 1;elif;404;404
src/legacy.c;1;DEFINED___LB__HAVE_LIBCRYPTO__RB__ && !DEFINED___LB__HAVE_LIBMBEDCRYPTO__RB__;DEFINED___LB__HAVE_LIBCRYPTO__RB__ && !DEFINED___LB__HAVE_LIBMBEDCRYPTO__RB__ && 1;artifact;405;405
src/legacy.c;1;!DEFINED___LB__HAVE_LIBCRYPTO__RB__ && !DEFINED___LB__HAVE_LIBMBEDCRYPTO__RB__;!DEFINED___LB__HAVE_LIBCRYPTO__RB__ && !DEFINED___LB__HAVE_LIBMBEDCRYPTO__RB__ && 1;else;406;406
src/legacy.c;1;!DEFINED___LB__HAVE_LIBCRYPTO__RB__ && !DEFINED___LB__HAVE_LIBMBEDCRYPTO__RB__;!DEFINED___LB__HAVE_LIBCRYPTO__RB__ && !DEFINED___LB__HAVE_LIBMBEDCRYPTO__RB__ && 1;artifact;407;407
src/legacy.c;1;!DEFINED___LB__HAVE_LIBCRYPTO__RB__ && !DEFINED___LB__HAVE_LIBMBEDCRYPTO__RB__;!DEFINED___LB__HAVE_LIBCRYPTO__RB__ && !DEFINED___LB__HAVE_LIBMBEDCRYPTO__RB__ && 1;endif;408;408
src/legacy.c;1;1;1;artifact;409;453
src/legacy.c;1;DEFINED___LB__HAVE_LIBMBEDCRYPTO__RB__;1 && DEFINED___LB__HAVE_LIBMBEDCRYPTO__RB__;if;454;454
src/legacy.c;1;DEFINED___LB__HAVE_LIBMBEDCRYPTO__RB__;1 && DEFINED___LB__HAVE_LIBMBEDCRYPTO__RB__;artifact;455;456
src/legacy.c;1;DEFINED___LB__HAVE_LIBCRYPTO__RB__ && !DEFINED___LB__HAVE_LIBMBEDCRYPTO__RB__;DEFINED___LB__HAVE_LIBCRYPTO__RB__ && !DEFINED___LB__HAVE_LIBMBEDCRYPTO__RB__ && 1;elif;457;457
src/legacy.c;1;DEFINED___LB__HAVE_LIBCRYPTO__RB__ && !DEFINED___LB__HAVE_LIBMBEDCRYPTO__RB__;DEFINED___LB__HAVE_LIBCRYPTO__RB__ && !DEFINED___LB__HAVE_LIBMBEDCRYPTO__RB__ && 1;artifact;458;459
src/legacy.c;1;!DEFINED___LB__HAVE_LIBCRYPTO__RB__ && !DEFINED___LB__HAVE_LIBMBEDCRYPTO__RB__;!DEFINED___LB__HAVE_LIBCRYPTO__RB__ && !DEFINED___LB__HAVE_LIBMBEDCRYPTO__RB__ && 1;else;460;460
src/legacy.c;1;!DEFINED___LB__HAVE_LIBCRYPTO__RB__ && !DEFINED___LB__HAVE_LIBMBEDCRYPTO__RB__;!DEFINED___LB__HAVE_LIBCRYPTO__RB__ && !DEFINED___LB__HAVE_LIBMBEDCRYPTO__RB__ && 1;artifact;461;462
src/legacy.c;1;!DEFINED___LB__HAVE_LIBCRYPTO__RB__ && !DEFINED___LB__HAVE_LIBMBEDCRYPTO__RB__;!DEFINED___LB__HAVE_LIBCRYPTO__RB__ && !DEFINED___LB__HAVE_LIBMBEDCRYPTO__RB__ && 1;endif;463;463
src/legacy.c;1;1;1;artifact;464;480
src/legacy.c;1;HAVE_LIBGCRYPT;1 && HAVE_LIBGCRYPT;if;481;481
src/legacy.c;1;HAVE_LIBGCRYPT;1 && HAVE_LIBGCRYPT;artifact;482;482
src/legacy.c;1;DEFINED_HAVE_LIBCRYPTO && !HAVE_LIBGCRYPT;DEFINED_HAVE_LIBCRYPTO && !HAVE_LIBGCRYPT && 1;elif;483;483
src/legacy.c;1;DEFINED_HAVE_LIBCRYPTO && !HAVE_LIBGCRYPT;DEFINED_HAVE_LIBCRYPTO && !HAVE_LIBGCRYPT && 1;artifact;484;484
src/legacy.c;1;DEFINED_HAVE_LIBMBEDCRYPTO && !DEFINED_HAVE_LIBCRYPTO && !HAVE_LIBGCRYPT;DEFINED_HAVE_LIBMBEDCRYPTO && !DEFINED_HAVE_LIBCRYPTO && !HAVE_LIBGCRYPT && 1;elif;485;485
src/legacy.c;1;DEFINED_HAVE_LIBMBEDCRYPTO && !DEFINED_HAVE_LIBCRYPTO && !HAVE_LIBGCRYPT;DEFINED_HAVE_LIBMBEDCRYPTO && !DEFINED_HAVE_LIBCRYPTO && !HAVE_LIBGCRYPT && 1;artifact;486;487
src/legacy.c;1;DEFINED_HAVE_LIBMBEDCRYPTO && !DEFINED_HAVE_LIBCRYPTO && !HAVE_LIBGCRYPT;DEFINED_HAVE_LIBMBEDCRYPTO && !DEFINED_HAVE_LIBCRYPTO && !HAVE_LIBGCRYPT && 1;endif;488;488
src/legacy.c;1;1;1;artifact;489;548
src/legacy.c;1;DEFINED___LB__HAVE_LIBMBEDCRYPTO__RB__;1 && DEFINED___LB__HAVE_LIBMBEDCRYPTO__RB__;if;549;549
src/legacy.c;1;DEFINED___LB__HAVE_LIBMBEDCRYPTO__RB__;1 && DEFINED___LB__HAVE_LIBMBEDCRYPTO__RB__;artifact;550;551
src/legacy.c;1;DEFINED___LB__HAVE_LIBCRYPTO__RB__ && !DEFINED___LB__HAVE_LIBMBEDCRYPTO__RB__;DEFINED___LB__HAVE_LIBCRYPTO__RB__ && !DEFINED___LB__HAVE_LIBMBEDCRYPTO__RB__ && 1;elif;552;552
src/legacy.c;1;DEFINED___LB__HAVE_LIBCRYPTO__RB__ && !DEFINED___LB__HAVE_LIBMBEDCRYPTO__RB__;DEFINED___LB__HAVE_LIBCRYPTO__RB__ && !DEFINED___LB__HAVE_LIBMBEDCRYPTO__RB__ && 1;artifact;553;554
src/legacy.c;1;!DEFINED___LB__HAVE_LIBCRYPTO__RB__ && !DEFINED___LB__HAVE_LIBMBEDCRYPTO__RB__;!DEFINED___LB__HAVE_LIBCRYPTO__RB__ && !DEFINED___LB__HAVE_LIBMBEDCRYPTO__RB__ && 1;else;555;555
src/legacy.c;1;!DEFINED___LB__HAVE_LIBCRYPTO__RB__ && !DEFINED___LB__HAVE_LIBMBEDCRYPTO__RB__;!DEFINED___LB__HAVE_LIBCRYPTO__RB__ && !DEFINED___LB__HAVE_LIBMBEDCRYPTO__RB__ && 1;artifact;556;557
src/legacy.c;1;!DEFINED___LB__HAVE_LIBCRYPTO__RB__ && !DEFINED___LB__HAVE_LIBMBEDCRYPTO__RB__;!DEFINED___LB__HAVE_LIBCRYPTO__RB__ && !DEFINED___LB__HAVE_LIBMBEDCRYPTO__RB__ && 1;endif;558;558
src/legacy.c;1;1;1;artifact;559;581
src/legacy.c;1;DEFINED___LB__HAVE_LIBMBEDCRYPTO__RB__;1 && DEFINED___LB__HAVE_LIBMBEDCRYPTO__RB__;if;582;582
src/legacy.c;1;DEFINED___LB__HAVE_LIBMBEDCRYPTO__RB__;1 && DEFINED___LB__HAVE_LIBMBEDCRYPTO__RB__;artifact;583;583
src/legacy.c;1;DEFINED___LB__HAVE_LIBCRYPTO__RB__ && !DEFINED___LB__HAVE_LIBMBEDCRYPTO__RB__;DEFINED___LB__HAVE_LIBCRYPTO__RB__ && !DEFINED___LB__HAVE_LIBMBEDCRYPTO__RB__ && 1;elif;584;584
src/legacy.c;1;DEFINED___LB__HAVE_LIBCRYPTO__RB__ && !DEFINED___LB__HAVE_LIBMBEDCRYPTO__RB__;DEFINED___LB__HAVE_LIBCRYPTO__RB__ && !DEFINED___LB__HAVE_LIBMBEDCRYPTO__RB__ && 1;artifact;585;585
src/legacy.c;1;!DEFINED___LB__HAVE_LIBCRYPTO__RB__ && !DEFINED___LB__HAVE_LIBMBEDCRYPTO__RB__;!DEFINED___LB__HAVE_LIBCRYPTO__RB__ && !DEFINED___LB__HAVE_LIBMBEDCRYPTO__RB__ && 1;else;586;586
src/legacy.c;1;!DEFINED___LB__HAVE_LIBCRYPTO__RB__ && !DEFINED___LB__HAVE_LIBMBEDCRYPTO__RB__;!DEFINED___LB__HAVE_LIBCRYPTO__RB__ && !DEFINED___LB__HAVE_LIBMBEDCRYPTO__RB__ && 1;artifact;587;587
src/legacy.c;1;!DEFINED___LB__HAVE_LIBCRYPTO__RB__ && !DEFINED___LB__HAVE_LIBMBEDCRYPTO__RB__;!DEFINED___LB__HAVE_LIBCRYPTO__RB__ && !DEFINED___LB__HAVE_LIBMBEDCRYPTO__RB__ && 1;endif;588;588
src/legacy.c;1;1;1;artifact;589;594
src/legacy.c;1;DEFINED___LB__HAVE_LIBMBEDCRYPTO__RB__;1 && DEFINED___LB__HAVE_LIBMBEDCRYPTO__RB__;if;595;595
src/legacy.c;1;DEFINED___LB__HAVE_LIBMBEDCRYPTO__RB__;1 && DEFINED___LB__HAVE_LIBMBEDCRYPTO__RB__;artifact;596;596
src/legacy.c;1;DEFINED___LB__HAVE_LIBCRYPTO__RB__ && !DEFINED___LB__HAVE_LIBMBEDCRYPTO__RB__;DEFINED___LB__HAVE_LIBCRYPTO__RB__ && !DEFINED___LB__HAVE_LIBMBEDCRYPTO__RB__ && 1;elif;597;597
src/legacy.c;1;DEFINED___LB__HAVE_LIBCRYPTO__RB__ && !DEFINED___LB__HAVE_LIBMBEDCRYPTO__RB__;DEFINED___LB__HAVE_LIBCRYPTO__RB__ && !DEFINED___LB__HAVE_LIBMBEDCRYPTO__RB__ && 1;artifact;598;598
src/legacy.c;1;!DEFINED___LB__HAVE_LIBCRYPTO__RB__ && !DEFINED___LB__HAVE_LIBMBEDCRYPTO__RB__;!DEFINED___LB__HAVE_LIBCRYPTO__RB__ && !DEFINED___LB__HAVE_LIBMBEDCRYPTO__RB__ && 1;else;599;599
src/legacy.c;1;!DEFINED___LB__HAVE_LIBCRYPTO__RB__ && !DEFINED___LB__HAVE_LIBMBEDCRYPTO__RB__;!DEFINED___LB__HAVE_LIBCRYPTO__RB__ && !DEFINED___LB__HAVE_LIBMBEDCRYPTO__RB__ && 1;artifact;600;600
src/legacy.c;1;!DEFINED___LB__HAVE_LIBCRYPTO__RB__ && !DEFINED___LB__HAVE_LIBMBEDCRYPTO__RB__;!DEFINED___LB__HAVE_LIBCRYPTO__RB__ && !DEFINED___LB__HAVE_LIBMBEDCRYPTO__RB__ && 1;endif;601;601
src/legacy.c;1;1;1;artifact;602;767
src/legacy.c;1;WITH_SERVER;1 && WITH_SERVER;if;768;768
src/legacy.c;1;WITH_SERVER;1 && WITH_SERVER;artifact;769;785
src/legacy.c;1;WITH_SERVER;1 && WITH_SERVER;endif;786;786
src/legacy.c;1;1;1;artifact;787;787
src/libcrypto-compat.h;1;1;1;ROOT;1;16
src/libcrypto-compat.h;1;!LIBCRYPTO_COMPAT_H;1 && !LIBCRYPTO_COMPAT_H;if;1;1
src/libcrypto-compat.h;1;!LIBCRYPTO_COMPAT_H;1 && !LIBCRYPTO_COMPAT_H;artifact;2;9
src/libcrypto-compat.h;1;OPENSSL_VERSION_NUMBER__LT__0x30000000L;1 && !LIBCRYPTO_COMPAT_H && OPENSSL_VERSION_NUMBER__LT__0x30000000L;if;10;10
src/libcrypto-compat.h;1;OPENSSL_VERSION_NUMBER__LT__0x30000000L;1 && !LIBCRYPTO_COMPAT_H && OPENSSL_VERSION_NUMBER__LT__0x30000000L;artifact;11;11
src/libcrypto-compat.h;1;OPENSSL_VERSION_NUMBER__LT__0x30000000L;1 && !LIBCRYPTO_COMPAT_H && OPENSSL_VERSION_NUMBER__LT__0x30000000L;endif;12;12
src/libcrypto-compat.h;1;!LIBCRYPTO_COMPAT_H;1 && !LIBCRYPTO_COMPAT_H;artifact;13;13
src/libcrypto-compat.h;1;!LIBCRYPTO_COMPAT_H;1 && !LIBCRYPTO_COMPAT_H;endif;14;14
src/libcrypto-compat.h;1;1;1;artifact;15;15
src/libcrypto.c;1;1;1;ROOT;1;1598
src/libcrypto.c;1;1;1;artifact;1;26
src/libcrypto.c;1;HAVE_SYS_TIME_H;1 && HAVE_SYS_TIME_H;if;27;27
src/libcrypto.c;1;HAVE_SYS_TIME_H;1 && HAVE_SYS_TIME_H;artifact;28;28
src/libcrypto.c;1;HAVE_SYS_TIME_H;1 && HAVE_SYS_TIME_H;endif;29;29
src/libcrypto.c;1;1;1;artifact;30;36
src/libcrypto.c;1;HAVE_OPENSSL_EVP_CHACHA20;1 && HAVE_OPENSSL_EVP_CHACHA20;if;37;37
src/libcrypto.c;1;HAVE_OPENSSL_EVP_CHACHA20;1 && HAVE_OPENSSL_EVP_CHACHA20;artifact;38;39
src/libcrypto.c;1;HAVE_OPENSSL_EVP_CHACHA20;1 && HAVE_OPENSSL_EVP_CHACHA20;endif;40;40
src/libcrypto.c;1;1;1;artifact;41;41
src/libcrypto.c;1;HAVE_LIBCRYPTO;1 && HAVE_LIBCRYPTO;if;42;42
src/libcrypto.c;1;HAVE_LIBCRYPTO;1 && HAVE_LIBCRYPTO;artifact;43;47
src/libcrypto.c;1;OPENSSL_VERSION_NUMBER__LT__0x30000000L;1 && HAVE_LIBCRYPTO && OPENSSL_VERSION_NUMBER__LT__0x30000000L;if;48;48
src/libcrypto.c;1;OPENSSL_VERSION_NUMBER__LT__0x30000000L;1 && HAVE_LIBCRYPTO && OPENSSL_VERSION_NUMBER__LT__0x30000000L;artifact;49;50
src/libcrypto.c;1;!OPENSSL_VERSION_NUMBER__LT__0x30000000L;!OPENSSL_VERSION_NUMBER__LT__0x30000000L && 1 && HAVE_LIBCRYPTO;else;51;51
src/libcrypto.c;1;!OPENSSL_VERSION_NUMBER__LT__0x30000000L;!OPENSSL_VERSION_NUMBER__LT__0x30000000L && 1 && HAVE_LIBCRYPTO;artifact;52;53
src/libcrypto.c;1;!OPENSSL_VERSION_NUMBER__LT__0x30000000L;!OPENSSL_VERSION_NUMBER__LT__0x30000000L && 1 && HAVE_LIBCRYPTO;endif;54;54
src/libcrypto.c;1;HAVE_LIBCRYPTO;1 && HAVE_LIBCRYPTO;artifact;55;55
src/libcrypto.c;1;DEFINED___LB__WITH_PKCS11_URI__RB__ && !DEFINED___LB__WITH_PKCS11_PROVIDER__RB__;1 && HAVE_LIBCRYPTO && DEFINED___LB__WITH_PKCS11_URI__RB__ && !DEFINED___LB__WITH_PKCS11_PROVIDER__RB__;if;56;56
src/libcrypto.c;1;DEFINED___LB__WITH_PKCS11_URI__RB__ && !DEFINED___LB__WITH_PKCS11_PROVIDER__RB__;1 && HAVE_LIBCRYPTO && DEFINED___LB__WITH_PKCS11_URI__RB__ && !DEFINED___LB__WITH_PKCS11_PROVIDER__RB__;artifact;57;57
src/libcrypto.c;1;DEFINED___LB__WITH_PKCS11_URI__RB__ && !DEFINED___LB__WITH_PKCS11_PROVIDER__RB__;1 && HAVE_LIBCRYPTO && DEFINED___LB__WITH_PKCS11_URI__RB__ && !DEFINED___LB__WITH_PKCS11_PROVIDER__RB__;endif;58;58
src/libcrypto.c;1;HAVE_LIBCRYPTO;1 && HAVE_LIBCRYPTO;artifact;59;61
src/libcrypto.c;1;HAVE_OPENSSL_AES_H;1 && HAVE_LIBCRYPTO && HAVE_OPENSSL_AES_H;if;62;62
src/libcrypto.c;1;HAVE_OPENSSL_AES_H;1 && HAVE_LIBCRYPTO && HAVE_OPENSSL_AES_H;artifact;63;64
src/libcrypto.c;1;HAVE_OPENSSL_AES_H;1 && HAVE_LIBCRYPTO && HAVE_OPENSSL_AES_H;endif;65;65
src/libcrypto.c;1;HAVE_OPENSSL_DES_H;1 && HAVE_LIBCRYPTO && HAVE_OPENSSL_DES_H;if;66;66
src/libcrypto.c;1;HAVE_OPENSSL_DES_H;1 && HAVE_LIBCRYPTO && HAVE_OPENSSL_DES_H;artifact;67;68
src/libcrypto.c;1;HAVE_OPENSSL_DES_H;1 && HAVE_LIBCRYPTO && HAVE_OPENSSL_DES_H;endif;69;69
src/libcrypto.c;1;HAVE_LIBCRYPTO;1 && HAVE_LIBCRYPTO;artifact;70;70
src/libcrypto.c;1;DEFINED___LB__HAVE_VALGRIND_VALGRIND_H__RB__ && DEFINED___LB__HAVE_OPENSSL_IA32CAP_LOC__RB__;1 && HAVE_LIBCRYPTO && DEFINED___LB__HAVE_VALGRIND_VALGRIND_H__RB__ && DEFINED___LB__HAVE_OPENSSL_IA32CAP_LOC__RB__;if;71;71
src/libcrypto.c;1;DEFINED___LB__HAVE_VALGRIND_VALGRIND_H__RB__ && DEFINED___LB__HAVE_OPENSSL_IA32CAP_LOC__RB__;1 && HAVE_LIBCRYPTO && DEFINED___LB__HAVE_VALGRIND_VALGRIND_H__RB__ && DEFINED___LB__HAVE_OPENSSL_IA32CAP_LOC__RB__;artifact;72;73
src/libcrypto.c;1;DEFINED___LB__HAVE_VALGRIND_VALGRIND_H__RB__ && DEFINED___LB__HAVE_OPENSSL_IA32CAP_LOC__RB__;1 && HAVE_LIBCRYPTO && DEFINED___LB__HAVE_VALGRIND_VALGRIND_H__RB__ && DEFINED___LB__HAVE_OPENSSL_IA32CAP_LOC__RB__;endif;74;74
src/libcrypto.c;1;HAVE_LIBCRYPTO;1 && HAVE_LIBCRYPTO;artifact;75;77
src/libcrypto.c;1;HAVE_OPENSSL_EVP_KDF_CTX;1 && HAVE_LIBCRYPTO && HAVE_OPENSSL_EVP_KDF_CTX;if;78;78
src/libcrypto.c;1;HAVE_OPENSSL_EVP_KDF_CTX;1 && HAVE_LIBCRYPTO && HAVE_OPENSSL_EVP_KDF_CTX;artifact;79;79
src/libcrypto.c;1;OPENSSL_VERSION_NUMBER__GEQ__0x30000000L;1 && HAVE_LIBCRYPTO && HAVE_OPENSSL_EVP_KDF_CTX && OPENSSL_VERSION_NUMBER__GEQ__0x30000000L;if;80;80
src/libcrypto.c;1;OPENSSL_VERSION_NUMBER__GEQ__0x30000000L;1 && HAVE_LIBCRYPTO && HAVE_OPENSSL_EVP_KDF_CTX && OPENSSL_VERSION_NUMBER__GEQ__0x30000000L;artifact;81;82
src/libcrypto.c;1;OPENSSL_VERSION_NUMBER__GEQ__0x30000000L;1 && HAVE_LIBCRYPTO && HAVE_OPENSSL_EVP_KDF_CTX && OPENSSL_VERSION_NUMBER__GEQ__0x30000000L;endif;83;83
src/libcrypto.c;1;HAVE_OPENSSL_EVP_KDF_CTX;1 && HAVE_LIBCRYPTO && HAVE_OPENSSL_EVP_KDF_CTX;endif;84;84
src/libcrypto.c;1;HAVE_LIBCRYPTO;1 && HAVE_LIBCRYPTO;artifact;85;91
src/libcrypto.c;1;!_WIN32;1 && HAVE_LIBCRYPTO && !_WIN32;if;92;92
src/libcrypto.c;1;!_WIN32;1 && HAVE_LIBCRYPTO && !_WIN32;artifact;93;95
src/libcrypto.c;1;!_WIN32;1 && HAVE_LIBCRYPTO && !_WIN32;endif;96;96
src/libcrypto.c;1;HAVE_LIBCRYPTO;1 && HAVE_LIBCRYPTO;artifact;97;98
src/libcrypto.c;1;DEFINED___LB__WITH_PKCS11_URI__RB__ && !DEFINED___LB__WITH_PKCS11_PROVIDER__RB__;1 && HAVE_LIBCRYPTO && DEFINED___LB__WITH_PKCS11_URI__RB__ && !DEFINED___LB__WITH_PKCS11_PROVIDER__RB__;if;99;99
src/libcrypto.c;1;DEFINED___LB__WITH_PKCS11_URI__RB__ && !DEFINED___LB__WITH_PKCS11_PROVIDER__RB__;1 && HAVE_LIBCRYPTO && DEFINED___LB__WITH_PKCS11_URI__RB__ && !DEFINED___LB__WITH_PKCS11_PROVIDER__RB__;artifact;100;130
src/libcrypto.c;1;DEFINED___LB__WITH_PKCS11_URI__RB__ && !DEFINED___LB__WITH_PKCS11_PROVIDER__RB__;1 && HAVE_LIBCRYPTO && DEFINED___LB__WITH_PKCS11_URI__RB__ && !DEFINED___LB__WITH_PKCS11_PROVIDER__RB__;endif;131;131
src/libcrypto.c;1;HAVE_LIBCRYPTO;1 && HAVE_LIBCRYPTO;artifact;132;132
src/libcrypto.c;1;HAVE_OPENSSL_EVP_KDF_CTX;1 && HAVE_LIBCRYPTO && HAVE_OPENSSL_EVP_KDF_CTX;if;133;133
src/libcrypto.c;1;OPENSSL_VERSION_NUMBER__LT__0x30000000L;1 && HAVE_LIBCRYPTO && HAVE_OPENSSL_EVP_KDF_CTX && OPENSSL_VERSION_NUMBER__LT__0x30000000L;if;134;134
src/libcrypto.c;1;OPENSSL_VERSION_NUMBER__LT__0x30000000L;1 && HAVE_LIBCRYPTO && HAVE_OPENSSL_EVP_KDF_CTX && OPENSSL_VERSION_NUMBER__LT__0x30000000L;artifact;135;148
src/libcrypto.c;1;!OPENSSL_VERSION_NUMBER__LT__0x30000000L;!OPENSSL_VERSION_NUMBER__LT__0x30000000L && 1 && HAVE_LIBCRYPTO && HAVE_OPENSSL_EVP_KDF_CTX;else;149;149
src/libcrypto.c;1;!OPENSSL_VERSION_NUMBER__LT__0x30000000L;!OPENSSL_VERSION_NUMBER__LT__0x30000000L && 1 && HAVE_LIBCRYPTO && HAVE_OPENSSL_EVP_KDF_CTX;artifact;150;163
src/libcrypto.c;1;!OPENSSL_VERSION_NUMBER__LT__0x30000000L;!OPENSSL_VERSION_NUMBER__LT__0x30000000L && 1 && HAVE_LIBCRYPTO && HAVE_OPENSSL_EVP_KDF_CTX;endif;164;164
src/libcrypto.c;1;HAVE_OPENSSL_EVP_KDF_CTX;1 && HAVE_LIBCRYPTO && HAVE_OPENSSL_EVP_KDF_CTX;artifact;165;171
src/libcrypto.c;1;OPENSSL_VERSION_NUMBER__LT__0x30000000L;1 && HAVE_LIBCRYPTO && HAVE_OPENSSL_EVP_KDF_CTX && OPENSSL_VERSION_NUMBER__LT__0x30000000L;if;172;172
src/libcrypto.c;1;OPENSSL_VERSION_NUMBER__LT__0x30000000L;1 && HAVE_LIBCRYPTO && HAVE_OPENSSL_EVP_KDF_CTX && OPENSSL_VERSION_NUMBER__LT__0x30000000L;artifact;173;173
src/libcrypto.c;1;!OPENSSL_VERSION_NUMBER__LT__0x30000000L;!OPENSSL_VERSION_NUMBER__LT__0x30000000L && 1 && HAVE_LIBCRYPTO && HAVE_OPENSSL_EVP_KDF_CTX;else;174;174
src/libcrypto.c;1;!OPENSSL_VERSION_NUMBER__LT__0x30000000L;!OPENSSL_VERSION_NUMBER__LT__0x30000000L && 1 && HAVE_LIBCRYPTO && HAVE_OPENSSL_EVP_KDF_CTX;artifact;175;197
src/libcrypto.c;1;!OPENSSL_VERSION_NUMBER__LT__0x30000000L;!OPENSSL_VERSION_NUMBER__LT__0x30000000L && 1 && HAVE_LIBCRYPTO && HAVE_OPENSSL_EVP_KDF_CTX;endif;198;198
src/libcrypto.c;1;HAVE_OPENSSL_EVP_KDF_CTX;1 && HAVE_LIBCRYPTO && HAVE_OPENSSL_EVP_KDF_CTX;artifact;199;203
src/libcrypto.c;1;OPENSSL_VERSION_NUMBER__LT__0x30000000L;1 && HAVE_LIBCRYPTO && HAVE_OPENSSL_EVP_KDF_CTX && OPENSSL_VERSION_NUMBER__LT__0x30000000L;if;204;204
src/libcrypto.c;1;OPENSSL_VERSION_NUMBER__LT__0x30000000L;1 && HAVE_LIBCRYPTO && HAVE_OPENSSL_EVP_KDF_CTX && OPENSSL_VERSION_NUMBER__LT__0x30000000L;artifact;205;231
src/libcrypto.c;1;!OPENSSL_VERSION_NUMBER__LT__0x30000000L;!OPENSSL_VERSION_NUMBER__LT__0x30000000L && 1 && HAVE_LIBCRYPTO && HAVE_OPENSSL_EVP_KDF_CTX;else;232;232
src/libcrypto.c;1;!OPENSSL_VERSION_NUMBER__LT__0x30000000L;!OPENSSL_VERSION_NUMBER__LT__0x30000000L && 1 && HAVE_LIBCRYPTO && HAVE_OPENSSL_EVP_KDF_CTX;artifact;233;278
src/libcrypto.c;1;!OPENSSL_VERSION_NUMBER__LT__0x30000000L;!OPENSSL_VERSION_NUMBER__LT__0x30000000L && 1 && HAVE_LIBCRYPTO && HAVE_OPENSSL_EVP_KDF_CTX;endif;279;279
src/libcrypto.c;1;HAVE_OPENSSL_EVP_KDF_CTX;1 && HAVE_LIBCRYPTO && HAVE_OPENSSL_EVP_KDF_CTX;artifact;280;281
src/libcrypto.c;1;OPENSSL_VERSION_NUMBER__GEQ__0x30000000L;1 && HAVE_LIBCRYPTO && HAVE_OPENSSL_EVP_KDF_CTX && OPENSSL_VERSION_NUMBER__GEQ__0x30000000L;if;282;282
src/libcrypto.c;1;OPENSSL_VERSION_NUMBER__GEQ__0x30000000L;1 && HAVE_LIBCRYPTO && HAVE_OPENSSL_EVP_KDF_CTX && OPENSSL_VERSION_NUMBER__GEQ__0x30000000L;artifact;283;284
src/libcrypto.c;1;OPENSSL_VERSION_NUMBER__GEQ__0x30000000L;1 && HAVE_LIBCRYPTO && HAVE_OPENSSL_EVP_KDF_CTX && OPENSSL_VERSION_NUMBER__GEQ__0x30000000L;endif;285;285
src/libcrypto.c;1;HAVE_OPENSSL_EVP_KDF_CTX;1 && HAVE_LIBCRYPTO && HAVE_OPENSSL_EVP_KDF_CTX;artifact;286;292
src/libcrypto.c;1;!HAVE_OPENSSL_EVP_KDF_CTX;!HAVE_OPENSSL_EVP_KDF_CTX && 1 && HAVE_LIBCRYPTO;else;293;293
src/libcrypto.c;1;!HAVE_OPENSSL_EVP_KDF_CTX;!HAVE_OPENSSL_EVP_KDF_CTX && 1 && HAVE_LIBCRYPTO;artifact;294;301
src/libcrypto.c;1;!HAVE_OPENSSL_EVP_KDF_CTX;!HAVE_OPENSSL_EVP_KDF_CTX && 1 && HAVE_LIBCRYPTO;endif;302;302
src/libcrypto.c;1;HAVE_LIBCRYPTO;1 && HAVE_LIBCRYPTO;artifact;303;402
src/libcrypto.c;1;HAVE_BLOWFISH;1 && HAVE_LIBCRYPTO && HAVE_BLOWFISH;if;403;403
src/libcrypto.c;1;HAVE_BLOWFISH;1 && HAVE_LIBCRYPTO && HAVE_BLOWFISH;artifact;404;407
src/libcrypto.c;1;HAVE_BLOWFISH;1 && HAVE_LIBCRYPTO && HAVE_BLOWFISH;endif;408;408
src/libcrypto.c;1;HAVE_LIBCRYPTO;1 && HAVE_LIBCRYPTO;artifact;409;707
src/libcrypto.c;1;HAVE_OPENSSL_EVP_CHACHA20;1 && HAVE_LIBCRYPTO && HAVE_OPENSSL_EVP_CHACHA20;if;708;708
src/libcrypto.c;1;HAVE_OPENSSL_EVP_CHACHA20;1 && HAVE_LIBCRYPTO && HAVE_OPENSSL_EVP_CHACHA20;artifact;709;714
src/libcrypto.c;1;OPENSSL_VERSION_NUMBER__LT__0x30000000L;1 && HAVE_LIBCRYPTO && HAVE_OPENSSL_EVP_CHACHA20 && OPENSSL_VERSION_NUMBER__LT__0x30000000L;if;715;715
src/libcrypto.c;1;OPENSSL_VERSION_NUMBER__LT__0x30000000L;1 && HAVE_LIBCRYPTO && HAVE_OPENSSL_EVP_CHACHA20 && OPENSSL_VERSION_NUMBER__LT__0x30000000L;artifact;716;721
src/libcrypto.c;1;!OPENSSL_VERSION_NUMBER__LT__0x30000000L;!OPENSSL_VERSION_NUMBER__LT__0x30000000L && 1 && HAVE_LIBCRYPTO && HAVE_OPENSSL_EVP_CHACHA20;else;722;722
src/libcrypto.c;1;!OPENSSL_VERSION_NUMBER__LT__0x30000000L;!OPENSSL_VERSION_NUMBER__LT__0x30000000L && 1 && HAVE_LIBCRYPTO && HAVE_OPENSSL_EVP_CHACHA20;artifact;723;724
src/libcrypto.c;1;!OPENSSL_VERSION_NUMBER__LT__0x30000000L;!OPENSSL_VERSION_NUMBER__LT__0x30000000L && 1 && HAVE_LIBCRYPTO && HAVE_OPENSSL_EVP_CHACHA20;endif;725;725
src/libcrypto.c;1;HAVE_OPENSSL_EVP_CHACHA20;1 && HAVE_LIBCRYPTO && HAVE_OPENSSL_EVP_CHACHA20;artifact;726;742
src/libcrypto.c;1;OPENSSL_VERSION_NUMBER__LT__0x30000000L;1 && HAVE_LIBCRYPTO && HAVE_OPENSSL_EVP_CHACHA20 && OPENSSL_VERSION_NUMBER__LT__0x30000000L;if;743;743
src/libcrypto.c;1;OPENSSL_VERSION_NUMBER__LT__0x30000000L;1 && HAVE_LIBCRYPTO && HAVE_OPENSSL_EVP_CHACHA20 && OPENSSL_VERSION_NUMBER__LT__0x30000000L;artifact;744;748
src/libcrypto.c;1;!OPENSSL_VERSION_NUMBER__LT__0x30000000L;!OPENSSL_VERSION_NUMBER__LT__0x30000000L && 1 && HAVE_LIBCRYPTO && HAVE_OPENSSL_EVP_CHACHA20;else;749;749
src/libcrypto.c;1;!OPENSSL_VERSION_NUMBER__LT__0x30000000L;!OPENSSL_VERSION_NUMBER__LT__0x30000000L && 1 && HAVE_LIBCRYPTO && HAVE_OPENSSL_EVP_CHACHA20;artifact;750;751
src/libcrypto.c;1;!OPENSSL_VERSION_NUMBER__LT__0x30000000L;!OPENSSL_VERSION_NUMBER__LT__0x30000000L && 1 && HAVE_LIBCRYPTO && HAVE_OPENSSL_EVP_CHACHA20;endif;752;752
src/libcrypto.c;1;HAVE_OPENSSL_EVP_CHACHA20;1 && HAVE_LIBCRYPTO && HAVE_OPENSSL_EVP_CHACHA20;artifact;753;764
src/libcrypto.c;1;OPENSSL_VERSION_NUMBER__GEQ__0x30000000L;1 && HAVE_LIBCRYPTO && HAVE_OPENSSL_EVP_CHACHA20 && OPENSSL_VERSION_NUMBER__GEQ__0x30000000L;if;765;765
src/libcrypto.c;1;OPENSSL_VERSION_NUMBER__GEQ__0x30000000L;1 && HAVE_LIBCRYPTO && HAVE_OPENSSL_EVP_CHACHA20 && OPENSSL_VERSION_NUMBER__GEQ__0x30000000L;artifact;766;766
src/libcrypto.c;1;OPENSSL_VERSION_NUMBER__GEQ__0x30000000L;1 && HAVE_LIBCRYPTO && HAVE_OPENSSL_EVP_CHACHA20 && OPENSSL_VERSION_NUMBER__GEQ__0x30000000L;endif;767;767
src/libcrypto.c;1;HAVE_OPENSSL_EVP_CHACHA20;1 && HAVE_LIBCRYPTO && HAVE_OPENSSL_EVP_CHACHA20;artifact;768;806
src/libcrypto.c;1;OPENSSL_VERSION_NUMBER__LT__0x30000000L;1 && HAVE_LIBCRYPTO && HAVE_OPENSSL_EVP_CHACHA20 && OPENSSL_VERSION_NUMBER__LT__0x30000000L;if;807;807
src/libcrypto.c;1;OPENSSL_VERSION_NUMBER__LT__0x30000000L;1 && HAVE_LIBCRYPTO && HAVE_OPENSSL_EVP_CHACHA20 && OPENSSL_VERSION_NUMBER__LT__0x30000000L;artifact;808;812
src/libcrypto.c;1;!OPENSSL_VERSION_NUMBER__LT__0x30000000L;!OPENSSL_VERSION_NUMBER__LT__0x30000000L && 1 && HAVE_LIBCRYPTO && HAVE_OPENSSL_EVP_CHACHA20;else;813;813
src/libcrypto.c;1;!OPENSSL_VERSION_NUMBER__LT__0x30000000L;!OPENSSL_VERSION_NUMBER__LT__0x30000000L && 1 && HAVE_LIBCRYPTO && HAVE_OPENSSL_EVP_CHACHA20;artifact;814;823
src/libcrypto.c;1;!OPENSSL_VERSION_NUMBER__LT__0x30000000L;!OPENSSL_VERSION_NUMBER__LT__0x30000000L && 1 && HAVE_LIBCRYPTO && HAVE_OPENSSL_EVP_CHACHA20;endif;824;824
src/libcrypto.c;1;HAVE_OPENSSL_EVP_CHACHA20;1 && HAVE_LIBCRYPTO && HAVE_OPENSSL_EVP_CHACHA20;artifact;825;827
src/libcrypto.c;1;OPENSSL_VERSION_NUMBER__GEQ__0x30000000L;1 && HAVE_LIBCRYPTO && HAVE_OPENSSL_EVP_CHACHA20 && OPENSSL_VERSION_NUMBER__GEQ__0x30000000L;if;828;828
src/libcrypto.c;1;OPENSSL_VERSION_NUMBER__GEQ__0x30000000L;1 && HAVE_LIBCRYPTO && HAVE_OPENSSL_EVP_CHACHA20 && OPENSSL_VERSION_NUMBER__GEQ__0x30000000L;artifact;829;829
src/libcrypto.c;1;OPENSSL_VERSION_NUMBER__GEQ__0x30000000L;1 && HAVE_LIBCRYPTO && HAVE_OPENSSL_EVP_CHACHA20 && OPENSSL_VERSION_NUMBER__GEQ__0x30000000L;endif;830;830
src/libcrypto.c;1;HAVE_OPENSSL_EVP_CHACHA20;1 && HAVE_LIBCRYPTO && HAVE_OPENSSL_EVP_CHACHA20;artifact;831;852
src/libcrypto.c;1;DEBUG_CRYPTO;1 && HAVE_LIBCRYPTO && HAVE_OPENSSL_EVP_CHACHA20 && DEBUG_CRYPTO;if;853;853
src/libcrypto.c;1;DEBUG_CRYPTO;1 && HAVE_LIBCRYPTO && HAVE_OPENSSL_EVP_CHACHA20 && DEBUG_CRYPTO;artifact;854;854
src/libcrypto.c;1;DEBUG_CRYPTO;1 && HAVE_LIBCRYPTO && HAVE_OPENSSL_EVP_CHACHA20 && DEBUG_CRYPTO;endif;855;855
src/libcrypto.c;1;HAVE_OPENSSL_EVP_CHACHA20;1 && HAVE_LIBCRYPTO && HAVE_OPENSSL_EVP_CHACHA20;artifact;856;896
src/libcrypto.c;1;DEBUG_CRYPTO;1 && HAVE_LIBCRYPTO && HAVE_OPENSSL_EVP_CHACHA20 && DEBUG_CRYPTO;if;897;897
src/libcrypto.c;1;DEBUG_CRYPTO;1 && HAVE_LIBCRYPTO && HAVE_OPENSSL_EVP_CHACHA20 && DEBUG_CRYPTO;artifact;898;898
src/libcrypto.c;1;DEBUG_CRYPTO;1 && HAVE_LIBCRYPTO && HAVE_OPENSSL_EVP_CHACHA20 && DEBUG_CRYPTO;endif;899;899
src/libcrypto.c;1;HAVE_OPENSSL_EVP_CHACHA20;1 && HAVE_LIBCRYPTO && HAVE_OPENSSL_EVP_CHACHA20;artifact;900;901
src/libcrypto.c;1;OPENSSL_VERSION_NUMBER__LT__0x30000000L;1 && HAVE_LIBCRYPTO && HAVE_OPENSSL_EVP_CHACHA20 && OPENSSL_VERSION_NUMBER__LT__0x30000000L;if;902;902
src/libcrypto.c;1;OPENSSL_VERSION_NUMBER__LT__0x30000000L;1 && HAVE_LIBCRYPTO && HAVE_OPENSSL_EVP_CHACHA20 && OPENSSL_VERSION_NUMBER__LT__0x30000000L;artifact;903;925
src/libcrypto.c;1;!OPENSSL_VERSION_NUMBER__LT__0x30000000L;!OPENSSL_VERSION_NUMBER__LT__0x30000000L && 1 && HAVE_LIBCRYPTO && HAVE_OPENSSL_EVP_CHACHA20;else;926;926
src/libcrypto.c;1;!OPENSSL_VERSION_NUMBER__LT__0x30000000L;!OPENSSL_VERSION_NUMBER__LT__0x30000000L && 1 && HAVE_LIBCRYPTO && HAVE_OPENSSL_EVP_CHACHA20;artifact;927;931
src/libcrypto.c;1;!OPENSSL_VERSION_NUMBER__LT__0x30000000L;!OPENSSL_VERSION_NUMBER__LT__0x30000000L && 1 && HAVE_LIBCRYPTO && HAVE_OPENSSL_EVP_CHACHA20;endif;932;932
src/libcrypto.c;1;HAVE_OPENSSL_EVP_CHACHA20;1 && HAVE_LIBCRYPTO && HAVE_OPENSSL_EVP_CHACHA20;artifact;933;953
src/libcrypto.c;1;DEBUG_CRYPTO;1 && HAVE_LIBCRYPTO && HAVE_OPENSSL_EVP_CHACHA20 && DEBUG_CRYPTO;if;954;954
src/libcrypto.c;1;DEBUG_CRYPTO;1 && HAVE_LIBCRYPTO && HAVE_OPENSSL_EVP_CHACHA20 && DEBUG_CRYPTO;artifact;955;955
src/libcrypto.c;1;DEBUG_CRYPTO;1 && HAVE_LIBCRYPTO && HAVE_OPENSSL_EVP_CHACHA20 && DEBUG_CRYPTO;endif;956;956
src/libcrypto.c;1;HAVE_OPENSSL_EVP_CHACHA20;1 && HAVE_LIBCRYPTO && HAVE_OPENSSL_EVP_CHACHA20;artifact;957;969
src/libcrypto.c;1;DEBUG_CRYPTO;1 && HAVE_LIBCRYPTO && HAVE_OPENSSL_EVP_CHACHA20 && DEBUG_CRYPTO;if;970;970
src/libcrypto.c;1;DEBUG_CRYPTO;1 && HAVE_LIBCRYPTO && HAVE_OPENSSL_EVP_CHACHA20 && DEBUG_CRYPTO;artifact;971;971
src/libcrypto.c;1;DEBUG_CRYPTO;1 && HAVE_LIBCRYPTO && HAVE_OPENSSL_EVP_CHACHA20 && DEBUG_CRYPTO;endif;972;972
src/libcrypto.c;1;HAVE_OPENSSL_EVP_CHACHA20;1 && HAVE_LIBCRYPTO && HAVE_OPENSSL_EVP_CHACHA20;artifact;973;1004
src/libcrypto.c;1;DEBUG_CRYPTO;1 && HAVE_LIBCRYPTO && HAVE_OPENSSL_EVP_CHACHA20 && DEBUG_CRYPTO;if;1005;1005
src/libcrypto.c;1;DEBUG_CRYPTO;1 && HAVE_LIBCRYPTO && HAVE_OPENSSL_EVP_CHACHA20 && DEBUG_CRYPTO;artifact;1006;1006
src/libcrypto.c;1;DEBUG_CRYPTO;1 && HAVE_LIBCRYPTO && HAVE_OPENSSL_EVP_CHACHA20 && DEBUG_CRYPTO;endif;1007;1007
src/libcrypto.c;1;HAVE_OPENSSL_EVP_CHACHA20;1 && HAVE_LIBCRYPTO && HAVE_OPENSSL_EVP_CHACHA20;artifact;1008;1009
src/libcrypto.c;1;OPENSSL_VERSION_NUMBER__LT__0x30000000L;1 && HAVE_LIBCRYPTO && HAVE_OPENSSL_EVP_CHACHA20 && OPENSSL_VERSION_NUMBER__LT__0x30000000L;if;1010;1010
src/libcrypto.c;1;OPENSSL_VERSION_NUMBER__LT__0x30000000L;1 && HAVE_LIBCRYPTO && HAVE_OPENSSL_EVP_CHACHA20 && OPENSSL_VERSION_NUMBER__LT__0x30000000L;artifact;1011;1022
src/libcrypto.c;1;!OPENSSL_VERSION_NUMBER__LT__0x30000000L;!OPENSSL_VERSION_NUMBER__LT__0x30000000L && 1 && HAVE_LIBCRYPTO && HAVE_OPENSSL_EVP_CHACHA20;else;1023;1023
src/libcrypto.c;1;!OPENSSL_VERSION_NUMBER__LT__0x30000000L;!OPENSSL_VERSION_NUMBER__LT__0x30000000L && 1 && HAVE_LIBCRYPTO && HAVE_OPENSSL_EVP_CHACHA20;artifact;1024;1035
src/libcrypto.c;1;!OPENSSL_VERSION_NUMBER__LT__0x30000000L;!OPENSSL_VERSION_NUMBER__LT__0x30000000L && 1 && HAVE_LIBCRYPTO && HAVE_OPENSSL_EVP_CHACHA20;endif;1036;1036
src/libcrypto.c;1;HAVE_OPENSSL_EVP_CHACHA20;1 && HAVE_LIBCRYPTO && HAVE_OPENSSL_EVP_CHACHA20;artifact;1037;1037
src/libcrypto.c;1;DEBUG_CRYPTO;1 && HAVE_LIBCRYPTO && HAVE_OPENSSL_EVP_CHACHA20 && DEBUG_CRYPTO;if;1038;1038
src/libcrypto.c;1;DEBUG_CRYPTO;1 && HAVE_LIBCRYPTO && HAVE_OPENSSL_EVP_CHACHA20 && DEBUG_CRYPTO;artifact;1039;1039
src/libcrypto.c;1;DEBUG_CRYPTO;1 && HAVE_LIBCRYPTO && HAVE_OPENSSL_EVP_CHACHA20 && DEBUG_CRYPTO;endif;1040;1040
src/libcrypto.c;1;HAVE_OPENSSL_EVP_CHACHA20;1 && HAVE_LIBCRYPTO && HAVE_OPENSSL_EVP_CHACHA20;artifact;1041;1089
src/libcrypto.c;1;DEBUG_CRYPTO;1 && HAVE_LIBCRYPTO && HAVE_OPENSSL_EVP_CHACHA20 && DEBUG_CRYPTO;if;1090;1090
src/libcrypto.c;1;DEBUG_CRYPTO;1 && HAVE_LIBCRYPTO && HAVE_OPENSSL_EVP_CHACHA20 && DEBUG_CRYPTO;artifact;1091;1092
src/libcrypto.c;1;DEBUG_CRYPTO;1 && HAVE_LIBCRYPTO && HAVE_OPENSSL_EVP_CHACHA20 && DEBUG_CRYPTO;endif;1093;1093
src/libcrypto.c;1;HAVE_OPENSSL_EVP_CHACHA20;1 && HAVE_LIBCRYPTO && HAVE_OPENSSL_EVP_CHACHA20;artifact;1094;1103
src/libcrypto.c;1;DEBUG_CRYPTO;1 && HAVE_LIBCRYPTO && HAVE_OPENSSL_EVP_CHACHA20 && DEBUG_CRYPTO;if;1104;1104
src/libcrypto.c;1;DEBUG_CRYPTO;1 && HAVE_LIBCRYPTO && HAVE_OPENSSL_EVP_CHACHA20 && DEBUG_CRYPTO;artifact;1105;1106
src/libcrypto.c;1;DEBUG_CRYPTO;1 && HAVE_LIBCRYPTO && HAVE_OPENSSL_EVP_CHACHA20 && DEBUG_CRYPTO;endif;1107;1107
src/libcrypto.c;1;HAVE_OPENSSL_EVP_CHACHA20;1 && HAVE_LIBCRYPTO && HAVE_OPENSSL_EVP_CHACHA20;artifact;1108;1126
src/libcrypto.c;1;OPENSSL_VERSION_NUMBER__LT__0x30000000L;1 && HAVE_LIBCRYPTO && HAVE_OPENSSL_EVP_CHACHA20 && OPENSSL_VERSION_NUMBER__LT__0x30000000L;if;1127;1127
src/libcrypto.c;1;OPENSSL_VERSION_NUMBER__LT__0x30000000L;1 && HAVE_LIBCRYPTO && HAVE_OPENSSL_EVP_CHACHA20 && OPENSSL_VERSION_NUMBER__LT__0x30000000L;artifact;1128;1137
src/libcrypto.c;1;!OPENSSL_VERSION_NUMBER__LT__0x30000000L;!OPENSSL_VERSION_NUMBER__LT__0x30000000L && 1 && HAVE_LIBCRYPTO && HAVE_OPENSSL_EVP_CHACHA20;else;1138;1138
src/libcrypto.c;1;!OPENSSL_VERSION_NUMBER__LT__0x30000000L;!OPENSSL_VERSION_NUMBER__LT__0x30000000L && 1 && HAVE_LIBCRYPTO && HAVE_OPENSSL_EVP_CHACHA20;artifact;1139;1149
src/libcrypto.c;1;!OPENSSL_VERSION_NUMBER__LT__0x30000000L;!OPENSSL_VERSION_NUMBER__LT__0x30000000L && 1 && HAVE_LIBCRYPTO && HAVE_OPENSSL_EVP_CHACHA20;endif;1150;1150
src/libcrypto.c;1;HAVE_OPENSSL_EVP_CHACHA20;1 && HAVE_LIBCRYPTO && HAVE_OPENSSL_EVP_CHACHA20;artifact;1151;1151
src/libcrypto.c;1;HAVE_OPENSSL_EVP_CHACHA20;1 && HAVE_LIBCRYPTO && HAVE_OPENSSL_EVP_CHACHA20;endif;1152;1152
src/libcrypto.c;1;HAVE_LIBCRYPTO;1 && HAVE_LIBCRYPTO;artifact;1153;1153
src/libcrypto.c;1;WITH_INSECURE_NONE;1 && HAVE_LIBCRYPTO && WITH_INSECURE_NONE;if;1154;1154
src/libcrypto.c;1;WITH_INSECURE_NONE;1 && HAVE_LIBCRYPTO && WITH_INSECURE_NONE;artifact;1155;1162
src/libcrypto.c;1;WITH_INSECURE_NONE;1 && HAVE_LIBCRYPTO && WITH_INSECURE_NONE;endif;1163;1163
src/libcrypto.c;1;HAVE_LIBCRYPTO;1 && HAVE_LIBCRYPTO;artifact;1164;1168
src/libcrypto.c;1;HAVE_BLOWFISH;1 && HAVE_LIBCRYPTO && HAVE_BLOWFISH;if;1169;1169
src/libcrypto.c;1;HAVE_BLOWFISH;1 && HAVE_LIBCRYPTO && HAVE_BLOWFISH;artifact;1170;1180
src/libcrypto.c;1;HAVE_BLOWFISH;1 && HAVE_LIBCRYPTO && HAVE_BLOWFISH;endif;1181;1181
src/libcrypto.c;1;HAS_AES;1 && HAVE_LIBCRYPTO && HAS_AES;if;1182;1182
src/libcrypto.c;1;HAS_AES;1 && HAVE_LIBCRYPTO && HAS_AES;artifact;1183;1276
src/libcrypto.c;1;HAS_AES;1 && HAVE_LIBCRYPTO && HAS_AES;endif;1277;1277
src/libcrypto.c;1;HAS_DES;1 && HAVE_LIBCRYPTO && HAS_DES;if;1278;1278
src/libcrypto.c;1;HAS_DES;1 && HAVE_LIBCRYPTO && HAS_DES;artifact;1279;1289
src/libcrypto.c;1;HAS_DES;1 && HAVE_LIBCRYPTO && HAS_DES;endif;1290;1290
src/libcrypto.c;1;HAVE_LIBCRYPTO;1 && HAVE_LIBCRYPTO;artifact;1291;1291
src/libcrypto.c;1;HAVE_OPENSSL_EVP_CHACHA20;1 && HAVE_LIBCRYPTO && HAVE_OPENSSL_EVP_CHACHA20;if;1292;1292
src/libcrypto.c;1;HAVE_OPENSSL_EVP_CHACHA20;1 && HAVE_LIBCRYPTO && HAVE_OPENSSL_EVP_CHACHA20;artifact;1293;1305
src/libcrypto.c;1;!HAVE_OPENSSL_EVP_CHACHA20;!HAVE_OPENSSL_EVP_CHACHA20 && 1 && HAVE_LIBCRYPTO;else;1306;1306
src/libcrypto.c;1;!HAVE_OPENSSL_EVP_CHACHA20;!HAVE_OPENSSL_EVP_CHACHA20 && 1 && HAVE_LIBCRYPTO;artifact;1307;1307
src/libcrypto.c;1;!HAVE_OPENSSL_EVP_CHACHA20;!HAVE_OPENSSL_EVP_CHACHA20 && 1 && HAVE_LIBCRYPTO;endif;1308;1308
src/libcrypto.c;1;HAVE_LIBCRYPTO;1 && HAVE_LIBCRYPTO;artifact;1309;1309
src/libcrypto.c;1;WITH_INSECURE_NONE;1 && HAVE_LIBCRYPTO && WITH_INSECURE_NONE;if;1310;1310
src/libcrypto.c;1;WITH_INSECURE_NONE;1 && HAVE_LIBCRYPTO && WITH_INSECURE_NONE;artifact;1311;1317
src/libcrypto.c;1;WITH_INSECURE_NONE;1 && HAVE_LIBCRYPTO && WITH_INSECURE_NONE;endif;1318;1318
src/libcrypto.c;1;HAVE_LIBCRYPTO;1 && HAVE_LIBCRYPTO;artifact;1319;1334
src/libcrypto.c;1;!HAVE_OPENSSL_EVP_CHACHA20;1 && HAVE_LIBCRYPTO && !HAVE_OPENSSL_EVP_CHACHA20;if;1335;1335
src/libcrypto.c;1;!HAVE_OPENSSL_EVP_CHACHA20;1 && HAVE_LIBCRYPTO && !HAVE_OPENSSL_EVP_CHACHA20;artifact;1336;1336
src/libcrypto.c;1;!HAVE_OPENSSL_EVP_CHACHA20;1 && HAVE_LIBCRYPTO && !HAVE_OPENSSL_EVP_CHACHA20;endif;1337;1337
src/libcrypto.c;1;HAVE_LIBCRYPTO;1 && HAVE_LIBCRYPTO;artifact;1338;1348
src/libcrypto.c;1;CAN_DISABLE_AESNI;1 && HAVE_LIBCRYPTO && CAN_DISABLE_AESNI;if;1349;1349
src/libcrypto.c;1;CAN_DISABLE_AESNI;1 && HAVE_LIBCRYPTO && CAN_DISABLE_AESNI;artifact;1350;1358
src/libcrypto.c;1;CAN_DISABLE_AESNI;1 && HAVE_LIBCRYPTO && CAN_DISABLE_AESNI;endif;1359;1359
src/libcrypto.c;1;HAVE_LIBCRYPTO;1 && HAVE_LIBCRYPTO;artifact;1360;1360
src/libcrypto.c;1;!HAVE_OPENSSL_EVP_CHACHA20;1 && HAVE_LIBCRYPTO && !HAVE_OPENSSL_EVP_CHACHA20;if;1361;1361
src/libcrypto.c;1;!HAVE_OPENSSL_EVP_CHACHA20;1 && HAVE_LIBCRYPTO && !HAVE_OPENSSL_EVP_CHACHA20;artifact;1362;1372
src/libcrypto.c;1;!HAVE_OPENSSL_EVP_CHACHA20;1 && HAVE_LIBCRYPTO && !HAVE_OPENSSL_EVP_CHACHA20;endif;1373;1373
src/libcrypto.c;1;HAVE_LIBCRYPTO;1 && HAVE_LIBCRYPTO;artifact;1374;1392
src/libcrypto.c;1;0;1 && HAVE_LIBCRYPTO && 0;if;1393;1393
src/libcrypto.c;1;0;1 && HAVE_LIBCRYPTO && 0;artifact;1394;1398
src/libcrypto.c;1;0;1 && HAVE_LIBCRYPTO && 0;endif;1399;1399
src/libcrypto.c;1;HAVE_LIBCRYPTO;1 && HAVE_LIBCRYPTO;artifact;1400;1403
src/libcrypto.c;1;OPENSSL_VERSION_NUMBER__GEQ__0x30000000L;1 && HAVE_LIBCRYPTO && OPENSSL_VERSION_NUMBER__GEQ__0x30000000L;if;1404;1404
src/libcrypto.c;1;OPENSSL_VERSION_NUMBER__GEQ__0x30000000L;1 && HAVE_LIBCRYPTO && OPENSSL_VERSION_NUMBER__GEQ__0x30000000L;artifact;1405;1543
src/libcrypto.c;1;OPENSSL_VERSION_NUMBER__GEQ__0x30000000L;1 && HAVE_LIBCRYPTO && OPENSSL_VERSION_NUMBER__GEQ__0x30000000L;endif;1544;1544
src/libcrypto.c;1;HAVE_LIBCRYPTO;1 && HAVE_LIBCRYPTO;artifact;1545;1595
src/libcrypto.c;1;HAVE_LIBCRYPTO;1 && HAVE_LIBCRYPTO;endif;1596;1596
src/libcrypto.c;1;1;1;artifact;1597;1597
src/libgcrypt.c;1;1;1;ROOT;1;1012
src/libgcrypt.c;1;1;1;artifact;1;35
src/libgcrypt.c;1;HAVE_GCRYPT_CHACHA_POLY;1 && HAVE_GCRYPT_CHACHA_POLY;if;36;36
src/libgcrypt.c;1;HAVE_GCRYPT_CHACHA_POLY;1 && HAVE_GCRYPT_CHACHA_POLY;artifact;37;37
src/libgcrypt.c;1;HAVE_GCRYPT_CHACHA_POLY;1 && HAVE_GCRYPT_CHACHA_POLY;endif;38;38
src/libgcrypt.c;1;1;1;artifact;39;39
src/libgcrypt.c;1;HAVE_LIBGCRYPT;1 && HAVE_LIBGCRYPT;if;40;40
src/libgcrypt.c;1;HAVE_LIBGCRYPT;1 && HAVE_LIBGCRYPT;artifact;41;42
src/libgcrypt.c;1;HAVE_GCRYPT_CHACHA_POLY;1 && HAVE_LIBGCRYPT && HAVE_GCRYPT_CHACHA_POLY;if;43;43
src/libgcrypt.c;1;HAVE_GCRYPT_CHACHA_POLY;1 && HAVE_LIBGCRYPT && HAVE_GCRYPT_CHACHA_POLY;artifact;44;55
src/libgcrypt.c;1;HAVE_GCRYPT_CHACHA_POLY;1 && HAVE_LIBGCRYPT && HAVE_GCRYPT_CHACHA_POLY;endif;56;56
src/libgcrypt.c;1;HAVE_LIBGCRYPT;1 && HAVE_LIBGCRYPT;artifact;57;118
src/libgcrypt.c;1;HAVE_BLOWFISH;1 && HAVE_LIBGCRYPT && HAVE_BLOWFISH;if;119;119
src/libgcrypt.c;1;HAVE_BLOWFISH;1 && HAVE_LIBGCRYPT && HAVE_BLOWFISH;artifact;120;155
src/libgcrypt.c;1;HAVE_BLOWFISH;1 && HAVE_LIBGCRYPT && HAVE_BLOWFISH;endif;156;156
src/libgcrypt.c;1;HAVE_LIBGCRYPT;1 && HAVE_LIBGCRYPT;artifact;157;427
src/libgcrypt.c;1;HAVE_GCRYPT_CHACHA_POLY;1 && HAVE_LIBGCRYPT && HAVE_GCRYPT_CHACHA_POLY;if;428;428
src/libgcrypt.c;1;HAVE_GCRYPT_CHACHA_POLY;1 && HAVE_LIBGCRYPT && HAVE_GCRYPT_CHACHA_POLY;artifact;429;719
src/libgcrypt.c;1;HAVE_GCRYPT_CHACHA_POLY;1 && HAVE_LIBGCRYPT && HAVE_GCRYPT_CHACHA_POLY;endif;720;720
src/libgcrypt.c;1;HAVE_LIBGCRYPT;1 && HAVE_LIBGCRYPT;artifact;721;721
src/libgcrypt.c;1;WITH_INSECURE_NONE;1 && HAVE_LIBGCRYPT && WITH_INSECURE_NONE;if;722;722
src/libgcrypt.c;1;WITH_INSECURE_NONE;1 && HAVE_LIBGCRYPT && WITH_INSECURE_NONE;artifact;723;730
src/libgcrypt.c;1;WITH_INSECURE_NONE;1 && HAVE_LIBGCRYPT && WITH_INSECURE_NONE;endif;731;731
src/libgcrypt.c;1;HAVE_LIBGCRYPT;1 && HAVE_LIBGCRYPT;artifact;732;734
src/libgcrypt.c;1;HAVE_BLOWFISH;1 && HAVE_LIBGCRYPT && HAVE_BLOWFISH;if;735;735
src/libgcrypt.c;1;HAVE_BLOWFISH;1 && HAVE_LIBGCRYPT && HAVE_BLOWFISH;artifact;736;746
src/libgcrypt.c;1;HAVE_BLOWFISH;1 && HAVE_LIBGCRYPT && HAVE_BLOWFISH;endif;747;747
src/libgcrypt.c;1;HAVE_LIBGCRYPT;1 && HAVE_LIBGCRYPT;artifact;748;853
src/libgcrypt.c;1;HAVE_GCRYPT_CHACHA_POLY;1 && HAVE_LIBGCRYPT && HAVE_GCRYPT_CHACHA_POLY;if;854;854
src/libgcrypt.c;1;HAVE_GCRYPT_CHACHA_POLY;1 && HAVE_LIBGCRYPT && HAVE_GCRYPT_CHACHA_POLY;artifact;855;867
src/libgcrypt.c;1;!HAVE_GCRYPT_CHACHA_POLY;!HAVE_GCRYPT_CHACHA_POLY && 1 && HAVE_LIBGCRYPT;else;868;868
src/libgcrypt.c;1;!HAVE_GCRYPT_CHACHA_POLY;!HAVE_GCRYPT_CHACHA_POLY && 1 && HAVE_LIBGCRYPT;artifact;869;869
src/libgcrypt.c;1;!HAVE_GCRYPT_CHACHA_POLY;!HAVE_GCRYPT_CHACHA_POLY && 1 && HAVE_LIBGCRYPT;endif;870;870
src/libgcrypt.c;1;HAVE_LIBGCRYPT;1 && HAVE_LIBGCRYPT;artifact;871;871
src/libgcrypt.c;1;WITH_INSECURE_NONE;1 && HAVE_LIBGCRYPT && WITH_INSECURE_NONE;if;872;872
src/libgcrypt.c;1;WITH_INSECURE_NONE;1 && HAVE_LIBGCRYPT && WITH_INSECURE_NONE;artifact;873;879
src/libgcrypt.c;1;WITH_INSECURE_NONE;1 && HAVE_LIBGCRYPT && WITH_INSECURE_NONE;endif;880;880
src/libgcrypt.c;1;HAVE_LIBGCRYPT;1 && HAVE_LIBGCRYPT;artifact;881;975
src/libgcrypt.c;1;!HAVE_GCRYPT_CHACHA_POLY;1 && HAVE_LIBGCRYPT && !HAVE_GCRYPT_CHACHA_POLY;if;976;976
src/libgcrypt.c;1;!HAVE_GCRYPT_CHACHA_POLY;1 && HAVE_LIBGCRYPT && !HAVE_GCRYPT_CHACHA_POLY;artifact;977;986
src/libgcrypt.c;1;!HAVE_GCRYPT_CHACHA_POLY;1 && HAVE_LIBGCRYPT && !HAVE_GCRYPT_CHACHA_POLY;endif;987;987
src/libgcrypt.c;1;HAVE_LIBGCRYPT;1 && HAVE_LIBGCRYPT;artifact;988;1009
src/libgcrypt.c;1;HAVE_LIBGCRYPT;1 && HAVE_LIBGCRYPT;endif;1010;1010
src/libgcrypt.c;1;1;1;artifact;1011;1011
src/libmbedcrypto.c;1;1;1;ROOT;1;1122
src/libmbedcrypto.c;1;1;1;artifact;1;30
src/libmbedcrypto.c;1;DEFINED___LB__MBEDTLS_CHACHA20_C__RB__ && DEFINED___LB__MBEDTLS_POLY1305_C__RB__;1 && DEFINED___LB__MBEDTLS_CHACHA20_C__RB__ && DEFINED___LB__MBEDTLS_POLY1305_C__RB__;if;31;31
src/libmbedcrypto.c;1;DEFINED___LB__MBEDTLS_CHACHA20_C__RB__ && DEFINED___LB__MBEDTLS_POLY1305_C__RB__;1 && DEFINED___LB__MBEDTLS_CHACHA20_C__RB__ && DEFINED___LB__MBEDTLS_POLY1305_C__RB__;artifact;32;35
src/libmbedcrypto.c;1;DEFINED___LB__MBEDTLS_CHACHA20_C__RB__ && DEFINED___LB__MBEDTLS_POLY1305_C__RB__;1 && DEFINED___LB__MBEDTLS_CHACHA20_C__RB__ && DEFINED___LB__MBEDTLS_POLY1305_C__RB__;endif;36;36
src/libmbedcrypto.c;1;1;1;artifact;37;37
src/libmbedcrypto.c;1;HAVE_LIBMBEDCRYPTO;1 && HAVE_LIBMBEDCRYPTO;if;38;38
src/libmbedcrypto.c;1;HAVE_LIBMBEDCRYPTO;1 && HAVE_LIBMBEDCRYPTO;artifact;39;39
src/libmbedcrypto.c;1;MBEDTLS_GCM_C;1 && HAVE_LIBMBEDCRYPTO && MBEDTLS_GCM_C;if;40;40
src/libmbedcrypto.c;1;MBEDTLS_GCM_C;1 && HAVE_LIBMBEDCRYPTO && MBEDTLS_GCM_C;artifact;41;41
src/libmbedcrypto.c;1;MBEDTLS_GCM_C;1 && HAVE_LIBMBEDCRYPTO && MBEDTLS_GCM_C;endif;42;42
src/libmbedcrypto.c;1;HAVE_LIBMBEDCRYPTO;1 && HAVE_LIBMBEDCRYPTO;artifact;43;237
src/libmbedcrypto.c;1;MBEDTLS_GCM_C;1 && HAVE_LIBMBEDCRYPTO && MBEDTLS_GCM_C;if;238;238
src/libmbedcrypto.c;1;MBEDTLS_GCM_C;1 && HAVE_LIBMBEDCRYPTO && MBEDTLS_GCM_C;artifact;239;267
src/libmbedcrypto.c;1;MBEDTLS_GCM_C;1 && HAVE_LIBMBEDCRYPTO && MBEDTLS_GCM_C;endif;268;268
src/libmbedcrypto.c;1;HAVE_LIBMBEDCRYPTO;1 && HAVE_LIBMBEDCRYPTO;artifact;269;467
src/libmbedcrypto.c;1;MBEDTLS_GCM_C;1 && HAVE_LIBMBEDCRYPTO && MBEDTLS_GCM_C;if;468;468
src/libmbedcrypto.c;1;MBEDTLS_GCM_C;1 && HAVE_LIBMBEDCRYPTO && MBEDTLS_GCM_C;artifact;469;557
src/libmbedcrypto.c;1;MBEDTLS_GCM_C;1 && HAVE_LIBMBEDCRYPTO && MBEDTLS_GCM_C;endif;558;558
src/libmbedcrypto.c;1;HAVE_LIBMBEDCRYPTO;1 && HAVE_LIBMBEDCRYPTO;artifact;559;559
src/libmbedcrypto.c;1;DEFINED___LB__MBEDTLS_CHACHA20_C__RB__ && DEFINED___LB__MBEDTLS_POLY1305_C__RB__;1 && HAVE_LIBMBEDCRYPTO && DEFINED___LB__MBEDTLS_CHACHA20_C__RB__ && DEFINED___LB__MBEDTLS_POLY1305_C__RB__;if;560;560
src/libmbedcrypto.c;1;DEFINED___LB__MBEDTLS_CHACHA20_C__RB__ && DEFINED___LB__MBEDTLS_POLY1305_C__RB__;1 && HAVE_LIBMBEDCRYPTO && DEFINED___LB__MBEDTLS_CHACHA20_C__RB__ && DEFINED___LB__MBEDTLS_POLY1305_C__RB__;artifact;561;656
src/libmbedcrypto.c;1;DEBUG_CRYPTO;1 && HAVE_LIBMBEDCRYPTO && DEFINED___LB__MBEDTLS_CHACHA20_C__RB__ && DEFINED___LB__MBEDTLS_POLY1305_C__RB__ && DEBUG_CRYPTO;if;657;657
src/libmbedcrypto.c;1;DEBUG_CRYPTO;1 && HAVE_LIBMBEDCRYPTO && DEFINED___LB__MBEDTLS_CHACHA20_C__RB__ && DEFINED___LB__MBEDTLS_POLY1305_C__RB__ && DEBUG_CRYPTO;artifact;658;658
src/libmbedcrypto.c;1;DEBUG_CRYPTO;1 && HAVE_LIBMBEDCRYPTO && DEFINED___LB__MBEDTLS_CHACHA20_C__RB__ && DEFINED___LB__MBEDTLS_POLY1305_C__RB__ && DEBUG_CRYPTO;endif;659;659
src/libmbedcrypto.c;1;DEFINED___LB__MBEDTLS_CHACHA20_C__RB__ && DEFINED___LB__MBEDTLS_POLY1305_C__RB__;1 && HAVE_LIBMBEDCRYPTO && DEFINED___LB__MBEDTLS_CHACHA20_C__RB__ && DEFINED___LB__MBEDTLS_POLY1305_C__RB__;artifact;660;700
src/libmbedcrypto.c;1;DEBUG_CRYPTO;1 && HAVE_LIBMBEDCRYPTO && DEFINED___LB__MBEDTLS_CHACHA20_C__RB__ && DEFINED___LB__MBEDTLS_POLY1305_C__RB__ && DEBUG_CRYPTO;if;701;701
src/libmbedcrypto.c;1;DEBUG_CRYPTO;1 && HAVE_LIBMBEDCRYPTO && DEFINED___LB__MBEDTLS_CHACHA20_C__RB__ && DEFINED___LB__MBEDTLS_POLY1305_C__RB__ && DEBUG_CRYPTO;artifact;702;702
src/libmbedcrypto.c;1;DEBUG_CRYPTO;1 && HAVE_LIBMBEDCRYPTO && DEFINED___LB__MBEDTLS_CHACHA20_C__RB__ && DEFINED___LB__MBEDTLS_POLY1305_C__RB__ && DEBUG_CRYPTO;endif;703;703
src/libmbedcrypto.c;1;DEFINED___LB__MBEDTLS_CHACHA20_C__RB__ && DEFINED___LB__MBEDTLS_POLY1305_C__RB__;1 && HAVE_LIBMBEDCRYPTO && DEFINED___LB__MBEDTLS_CHACHA20_C__RB__ && DEFINED___LB__MBEDTLS_POLY1305_C__RB__;artifact;704;731
src/libmbedcrypto.c;1;DEBUG_CRYPTO;1 && HAVE_LIBMBEDCRYPTO && DEFINED___LB__MBEDTLS_CHACHA20_C__RB__ && DEFINED___LB__MBEDTLS_POLY1305_C__RB__ && DEBUG_CRYPTO;if;732;732
src/libmbedcrypto.c;1;DEBUG_CRYPTO;1 && HAVE_LIBMBEDCRYPTO && DEFINED___LB__MBEDTLS_CHACHA20_C__RB__ && DEFINED___LB__MBEDTLS_POLY1305_C__RB__ && DEBUG_CRYPTO;artifact;733;733
src/libmbedcrypto.c;1;DEBUG_CRYPTO;1 && HAVE_LIBMBEDCRYPTO && DEFINED___LB__MBEDTLS_CHACHA20_C__RB__ && DEFINED___LB__MBEDTLS_POLY1305_C__RB__ && DEBUG_CRYPTO;endif;734;734
src/libmbedcrypto.c;1;DEFINED___LB__MBEDTLS_CHACHA20_C__RB__ && DEFINED___LB__MBEDTLS_POLY1305_C__RB__;1 && HAVE_LIBMBEDCRYPTO && DEFINED___LB__MBEDTLS_CHACHA20_C__RB__ && DEFINED___LB__MBEDTLS_POLY1305_C__RB__;artifact;735;747
src/libmbedcrypto.c;1;DEBUG_CRYPTO;1 && HAVE_LIBMBEDCRYPTO && DEFINED___LB__MBEDTLS_CHACHA20_C__RB__ && DEFINED___LB__MBEDTLS_POLY1305_C__RB__ && DEBUG_CRYPTO;if;748;748
src/libmbedcrypto.c;1;DEBUG_CRYPTO;1 && HAVE_LIBMBEDCRYPTO && DEFINED___LB__MBEDTLS_CHACHA20_C__RB__ && DEFINED___LB__MBEDTLS_POLY1305_C__RB__ && DEBUG_CRYPTO;artifact;749;749
src/libmbedcrypto.c;1;DEBUG_CRYPTO;1 && HAVE_LIBMBEDCRYPTO && DEFINED___LB__MBEDTLS_CHACHA20_C__RB__ && DEFINED___LB__MBEDTLS_POLY1305_C__RB__ && DEBUG_CRYPTO;endif;750;750
src/libmbedcrypto.c;1;DEFINED___LB__MBEDTLS_CHACHA20_C__RB__ && DEFINED___LB__MBEDTLS_POLY1305_C__RB__;1 && HAVE_LIBMBEDCRYPTO && DEFINED___LB__MBEDTLS_CHACHA20_C__RB__ && DEFINED___LB__MBEDTLS_POLY1305_C__RB__;artifact;751;775
src/libmbedcrypto.c;1;DEBUG_CRYPTO;1 && HAVE_LIBMBEDCRYPTO && DEFINED___LB__MBEDTLS_CHACHA20_C__RB__ && DEFINED___LB__MBEDTLS_POLY1305_C__RB__ && DEBUG_CRYPTO;if;776;776
src/libmbedcrypto.c;1;DEBUG_CRYPTO;1 && HAVE_LIBMBEDCRYPTO && DEFINED___LB__MBEDTLS_CHACHA20_C__RB__ && DEFINED___LB__MBEDTLS_POLY1305_C__RB__ && DEBUG_CRYPTO;artifact;777;777
src/libmbedcrypto.c;1;DEBUG_CRYPTO;1 && HAVE_LIBMBEDCRYPTO && DEFINED___LB__MBEDTLS_CHACHA20_C__RB__ && DEFINED___LB__MBEDTLS_POLY1305_C__RB__ && DEBUG_CRYPTO;endif;778;778
src/libmbedcrypto.c;1;DEFINED___LB__MBEDTLS_CHACHA20_C__RB__ && DEFINED___LB__MBEDTLS_POLY1305_C__RB__;1 && HAVE_LIBMBEDCRYPTO && DEFINED___LB__MBEDTLS_CHACHA20_C__RB__ && DEFINED___LB__MBEDTLS_POLY1305_C__RB__;artifact;779;793
src/libmbedcrypto.c;1;DEBUG_CRYPTO;1 && HAVE_LIBMBEDCRYPTO && DEFINED___LB__MBEDTLS_CHACHA20_C__RB__ && DEFINED___LB__MBEDTLS_POLY1305_C__RB__ && DEBUG_CRYPTO;if;794;794
src/libmbedcrypto.c;1;DEBUG_CRYPTO;1 && HAVE_LIBMBEDCRYPTO && DEFINED___LB__MBEDTLS_CHACHA20_C__RB__ && DEFINED___LB__MBEDTLS_POLY1305_C__RB__ && DEBUG_CRYPTO;artifact;795;795
src/libmbedcrypto.c;1;DEBUG_CRYPTO;1 && HAVE_LIBMBEDCRYPTO && DEFINED___LB__MBEDTLS_CHACHA20_C__RB__ && DEFINED___LB__MBEDTLS_POLY1305_C__RB__ && DEBUG_CRYPTO;endif;796;796
src/libmbedcrypto.c;1;DEFINED___LB__MBEDTLS_CHACHA20_C__RB__ && DEFINED___LB__MBEDTLS_POLY1305_C__RB__;1 && HAVE_LIBMBEDCRYPTO && DEFINED___LB__MBEDTLS_CHACHA20_C__RB__ && DEFINED___LB__MBEDTLS_POLY1305_C__RB__;artifact;797;838
src/libmbedcrypto.c;1;DEBUG_CRYPTO;1 && HAVE_LIBMBEDCRYPTO && DEFINED___LB__MBEDTLS_CHACHA20_C__RB__ && DEFINED___LB__MBEDTLS_POLY1305_C__RB__ && DEBUG_CRYPTO;if;839;839
src/libmbedcrypto.c;1;DEBUG_CRYPTO;1 && HAVE_LIBMBEDCRYPTO && DEFINED___LB__MBEDTLS_CHACHA20_C__RB__ && DEFINED___LB__MBEDTLS_POLY1305_C__RB__ && DEBUG_CRYPTO;artifact;840;841
src/libmbedcrypto.c;1;DEBUG_CRYPTO;1 && HAVE_LIBMBEDCRYPTO && DEFINED___LB__MBEDTLS_CHACHA20_C__RB__ && DEFINED___LB__MBEDTLS_POLY1305_C__RB__ && DEBUG_CRYPTO;endif;842;842
src/libmbedcrypto.c;1;DEFINED___LB__MBEDTLS_CHACHA20_C__RB__ && DEFINED___LB__MBEDTLS_POLY1305_C__RB__;1 && HAVE_LIBMBEDCRYPTO && DEFINED___LB__MBEDTLS_CHACHA20_C__RB__ && DEFINED___LB__MBEDTLS_POLY1305_C__RB__;artifact;843;850
src/libmbedcrypto.c;1;DEBUG_CRYPTO;1 && HAVE_LIBMBEDCRYPTO && DEFINED___LB__MBEDTLS_CHACHA20_C__RB__ && DEFINED___LB__MBEDTLS_POLY1305_C__RB__ && DEBUG_CRYPTO;if;851;851
src/libmbedcrypto.c;1;DEBUG_CRYPTO;1 && HAVE_LIBMBEDCRYPTO && DEFINED___LB__MBEDTLS_CHACHA20_C__RB__ && DEFINED___LB__MBEDTLS_POLY1305_C__RB__ && DEBUG_CRYPTO;artifact;852;853
src/libmbedcrypto.c;1;DEBUG_CRYPTO;1 && HAVE_LIBMBEDCRYPTO && DEFINED___LB__MBEDTLS_CHACHA20_C__RB__ && DEFINED___LB__MBEDTLS_POLY1305_C__RB__ && DEBUG_CRYPTO;endif;854;854
src/libmbedcrypto.c;1;DEFINED___LB__MBEDTLS_CHACHA20_C__RB__ && DEFINED___LB__MBEDTLS_POLY1305_C__RB__;1 && HAVE_LIBMBEDCRYPTO && DEFINED___LB__MBEDTLS_CHACHA20_C__RB__ && DEFINED___LB__MBEDTLS_POLY1305_C__RB__;artifact;855;876
src/libmbedcrypto.c;1;DEFINED___LB__MBEDTLS_CHACHA20_C__RB__ && DEFINED___LB__MBEDTLS_POLY1305_C__RB__;1 && HAVE_LIBMBEDCRYPTO && DEFINED___LB__MBEDTLS_CHACHA20_C__RB__ && DEFINED___LB__MBEDTLS_POLY1305_C__RB__;endif;877;877
src/libmbedcrypto.c;1;HAVE_LIBMBEDCRYPTO;1 && HAVE_LIBMBEDCRYPTO;artifact;878;883
src/libmbedcrypto.c;1;MBEDTLS_GCM_C;1 && HAVE_LIBMBEDCRYPTO && MBEDTLS_GCM_C;if;884;884
src/libmbedcrypto.c;1;MBEDTLS_GCM_C;1 && HAVE_LIBMBEDCRYPTO && MBEDTLS_GCM_C;artifact;885;885
src/libmbedcrypto.c;1;MBEDTLS_GCM_C;1 && HAVE_LIBMBEDCRYPTO && MBEDTLS_GCM_C;endif;886;886
src/libmbedcrypto.c;1;HAVE_LIBMBEDCRYPTO;1 && HAVE_LIBMBEDCRYPTO;artifact;887;888
src/libmbedcrypto.c;1;WITH_INSECURE_NONE;1 && HAVE_LIBMBEDCRYPTO && WITH_INSECURE_NONE;if;889;889
src/libmbedcrypto.c;1;WITH_INSECURE_NONE;1 && HAVE_LIBMBEDCRYPTO && WITH_INSECURE_NONE;artifact;890;897
src/libmbedcrypto.c;1;WITH_INSECURE_NONE;1 && HAVE_LIBMBEDCRYPTO && WITH_INSECURE_NONE;endif;898;898
src/libmbedcrypto.c;1;HAVE_LIBMBEDCRYPTO;1 && HAVE_LIBMBEDCRYPTO;artifact;899;900
src/libmbedcrypto.c;1;HAVE_BLOWFISH;1 && HAVE_LIBMBEDCRYPTO && HAVE_BLOWFISH;if;901;901
src/libmbedcrypto.c;1;HAVE_BLOWFISH;1 && HAVE_LIBMBEDCRYPTO && HAVE_BLOWFISH;artifact;902;912
src/libmbedcrypto.c;1;HAVE_BLOWFISH;1 && HAVE_LIBMBEDCRYPTO && HAVE_BLOWFISH;endif;913;913
src/libmbedcrypto.c;1;HAVE_LIBMBEDCRYPTO;1 && HAVE_LIBMBEDCRYPTO;artifact;914;979
src/libmbedcrypto.c;1;MBEDTLS_GCM_C;1 && HAVE_LIBMBEDCRYPTO && MBEDTLS_GCM_C;if;980;980
src/libmbedcrypto.c;1;MBEDTLS_GCM_C;1 && HAVE_LIBMBEDCRYPTO && MBEDTLS_GCM_C;artifact;981;1008
src/libmbedcrypto.c;1;MBEDTLS_GCM_C;1 && HAVE_LIBMBEDCRYPTO && MBEDTLS_GCM_C;endif;1009;1009
src/libmbedcrypto.c;1;HAVE_LIBMBEDCRYPTO;1 && HAVE_LIBMBEDCRYPTO;artifact;1010;1021
src/libmbedcrypto.c;1;DEFINED___LB__MBEDTLS_CHACHA20_C__RB__ && DEFINED___LB__MBEDTLS_POLY1305_C__RB__;1 && HAVE_LIBMBEDCRYPTO && DEFINED___LB__MBEDTLS_CHACHA20_C__RB__ && DEFINED___LB__MBEDTLS_POLY1305_C__RB__;if;1022;1022
src/libmbedcrypto.c;1;DEFINED___LB__MBEDTLS_CHACHA20_C__RB__ && DEFINED___LB__MBEDTLS_POLY1305_C__RB__;1 && HAVE_LIBMBEDCRYPTO && DEFINED___LB__MBEDTLS_CHACHA20_C__RB__ && DEFINED___LB__MBEDTLS_POLY1305_C__RB__;artifact;1023;1035
src/libmbedcrypto.c;1;!DEFINED___LB__MBEDTLS_CHACHA20_C__RB__ || !DEFINED___LB__MBEDTLS_POLY1305_C__RB__;(!DEFINED___LB__MBEDTLS_CHACHA20_C__RB__ || !DEFINED___LB__MBEDTLS_POLY1305_C__RB__) && 1 && HAVE_LIBMBEDCRYPTO;else;1036;1036
src/libmbedcrypto.c;1;!DEFINED___LB__MBEDTLS_CHACHA20_C__RB__ || !DEFINED___LB__MBEDTLS_POLY1305_C__RB__;(!DEFINED___LB__MBEDTLS_CHACHA20_C__RB__ || !DEFINED___LB__MBEDTLS_POLY1305_C__RB__) && 1 && HAVE_LIBMBEDCRYPTO;artifact;1037;1037
src/libmbedcrypto.c;1;!DEFINED___LB__MBEDTLS_CHACHA20_C__RB__ || !DEFINED___LB__MBEDTLS_POLY1305_C__RB__;(!DEFINED___LB__MBEDTLS_CHACHA20_C__RB__ || !DEFINED___LB__MBEDTLS_POLY1305_C__RB__) && 1 && HAVE_LIBMBEDCRYPTO;endif;1038;1038
src/libmbedcrypto.c;1;HAVE_LIBMBEDCRYPTO;1 && HAVE_LIBMBEDCRYPTO;artifact;1039;1039
src/libmbedcrypto.c;1;WITH_INSECURE_NONE;1 && HAVE_LIBMBEDCRYPTO && WITH_INSECURE_NONE;if;1040;1040
src/libmbedcrypto.c;1;WITH_INSECURE_NONE;1 && HAVE_LIBMBEDCRYPTO && WITH_INSECURE_NONE;artifact;1041;1047
src/libmbedcrypto.c;1;WITH_INSECURE_NONE;1 && HAVE_LIBMBEDCRYPTO && WITH_INSECURE_NONE;endif;1048;1048
src/libmbedcrypto.c;1;HAVE_LIBMBEDCRYPTO;1 && HAVE_LIBMBEDCRYPTO;artifact;1049;1083
src/libmbedcrypto.c;1;!DEFINED___LB__MBEDTLS_CHACHA20_C__RB__ || !DEFINED___LB__MBEDTLS_POLY1305_C__RB__;1 && HAVE_LIBMBEDCRYPTO && (!DEFINED___LB__MBEDTLS_CHACHA20_C__RB__ || !DEFINED___LB__MBEDTLS_POLY1305_C__RB__);if;1084;1084
src/libmbedcrypto.c;1;!DEFINED___LB__MBEDTLS_CHACHA20_C__RB__ || !DEFINED___LB__MBEDTLS_POLY1305_C__RB__;1 && HAVE_LIBMBEDCRYPTO && (!DEFINED___LB__MBEDTLS_CHACHA20_C__RB__ || !DEFINED___LB__MBEDTLS_POLY1305_C__RB__);artifact;1085;1095
src/libmbedcrypto.c;1;!DEFINED___LB__MBEDTLS_CHACHA20_C__RB__ || !DEFINED___LB__MBEDTLS_POLY1305_C__RB__;1 && HAVE_LIBMBEDCRYPTO && (!DEFINED___LB__MBEDTLS_CHACHA20_C__RB__ || !DEFINED___LB__MBEDTLS_POLY1305_C__RB__);endif;1096;1096
src/libmbedcrypto.c;1;HAVE_LIBMBEDCRYPTO;1 && HAVE_LIBMBEDCRYPTO;artifact;1097;1119
src/libmbedcrypto.c;1;HAVE_LIBMBEDCRYPTO;1 && HAVE_LIBMBEDCRYPTO;endif;1120;1120
src/libmbedcrypto.c;1;1;1;artifact;1121;1121
src/log.c;1;1;1;ROOT;1;264
src/log.c;1;1;1;artifact;1;28
src/log.c;1;HAVE_SYS_TIME_H;1 && HAVE_SYS_TIME_H;if;29;29
src/log.c;1;HAVE_SYS_TIME_H;1 && HAVE_SYS_TIME_H;artifact;30;30
src/log.c;1;HAVE_SYS_TIME_H;1 && HAVE_SYS_TIME_H;endif;31;31
src/log.c;1;HAVE_SYS_UTIME_H;1 && HAVE_SYS_UTIME_H;if;32;32
src/log.c;1;HAVE_SYS_UTIME_H;1 && HAVE_SYS_UTIME_H;artifact;33;33
src/log.c;1;HAVE_SYS_UTIME_H;1 && HAVE_SYS_UTIME_H;endif;34;34
src/log.c;1;1;1;artifact;35;40
src/log.c;1;!LOG_SIZE;1 && !LOG_SIZE;if;41;41
src/log.c;1;!LOG_SIZE;1 && !LOG_SIZE;artifact;42;42
src/log.c;1;!LOG_SIZE;1 && !LOG_SIZE;endif;43;43
src/log.c;1;1;1;artifact;44;263
src/match.c;1;1;1;ROOT;1;630
src/match.c;1;1;1;artifact;1;42
src/match.c;1;!_WIN32;1 && !_WIN32;if;43;43
src/match.c;1;!_WIN32;1 && !_WIN32;artifact;44;46
src/match.c;1;!_WIN32;1 && !_WIN32;endif;47;47
src/match.c;1;1;1;artifact;48;49
src/match.c;1;!INET6_ADDRSTRLEN;1 && !INET6_ADDRSTRLEN;if;50;50
src/match.c;1;!INET6_ADDRSTRLEN;1 && !INET6_ADDRSTRLEN;artifact;51;51
src/match.c;1;!INET6_ADDRSTRLEN;1 && !INET6_ADDRSTRLEN;endif;52;52
src/match.c;1;1;1;artifact;53;211
src/match.c;1;!_WIN32;1 && !_WIN32;if;212;212
src/match.c;1;!_WIN32;1 && !_WIN32;artifact;213;583
src/match.c;1;!_WIN32;1 && !_WIN32;endif;584;584
src/match.c;1;1;1;artifact;585;629
src/mbedcrypto-compat.h;1;1;1;ROOT;1;41
src/mbedcrypto-compat.h;1;!MBEDCRYPTO_COMPAT_H;1 && !MBEDCRYPTO_COMPAT_H;if;1;1
src/mbedcrypto-compat.h;1;!MBEDCRYPTO_COMPAT_H;1 && !MBEDCRYPTO_COMPAT_H;artifact;2;9
src/mbedcrypto-compat.h;1;MBEDTLS_VERSION_MAJOR;1 && !MBEDCRYPTO_COMPAT_H && MBEDTLS_VERSION_MAJOR;if;10;10
src/mbedcrypto-compat.h;1;MBEDTLS_VERSION_MAJOR__LT__3;1 && !MBEDCRYPTO_COMPAT_H && MBEDTLS_VERSION_MAJOR && MBEDTLS_VERSION_MAJOR__LT__3;if;11;11
src/mbedcrypto-compat.h;1;MBEDTLS_VERSION_MAJOR__LT__3;1 && !MBEDCRYPTO_COMPAT_H && MBEDTLS_VERSION_MAJOR && MBEDTLS_VERSION_MAJOR__LT__3;artifact;12;31
src/mbedcrypto-compat.h;1;MBEDTLS_VERSION_MAJOR__LT__3;1 && !MBEDCRYPTO_COMPAT_H && MBEDTLS_VERSION_MAJOR && MBEDTLS_VERSION_MAJOR__LT__3;endif;32;32
src/mbedcrypto-compat.h;1;!MBEDTLS_VERSION_MAJOR;!MBEDTLS_VERSION_MAJOR && 1 && !MBEDCRYPTO_COMPAT_H;else;33;33
src/mbedcrypto-compat.h;1;!MBEDTLS_VERSION_MAJOR;!MBEDTLS_VERSION_MAJOR && 1 && !MBEDCRYPTO_COMPAT_H;artifact;34;34
src/mbedcrypto-compat.h;1;MBEDTLS_VERSION_MAJOR__LT__3;!MBEDTLS_VERSION_MAJOR && 1 && !MBEDCRYPTO_COMPAT_H && MBEDTLS_VERSION_MAJOR__LT__3;if;35;35
src/mbedcrypto-compat.h;1;MBEDTLS_VERSION_MAJOR__LT__3;!MBEDTLS_VERSION_MAJOR && 1 && !MBEDCRYPTO_COMPAT_H && MBEDTLS_VERSION_MAJOR__LT__3;artifact;36;36
src/mbedcrypto-compat.h;1;MBEDTLS_VERSION_MAJOR__LT__3;!MBEDTLS_VERSION_MAJOR && 1 && !MBEDCRYPTO_COMPAT_H && MBEDTLS_VERSION_MAJOR__LT__3;endif;37;37
src/mbedcrypto-compat.h;1;!MBEDTLS_VERSION_MAJOR;!MBEDTLS_VERSION_MAJOR && 1 && !MBEDCRYPTO_COMPAT_H;endif;38;38
src/mbedcrypto-compat.h;1;!MBEDCRYPTO_COMPAT_H;1 && !MBEDCRYPTO_COMPAT_H;endif;39;39
src/mbedcrypto-compat.h;1;1;1;artifact;40;40
src/mbedcrypto_missing.c;1;1;1;ROOT;1;182
src/mbedcrypto_missing.c;1;1;1;artifact;1;28
src/mbedcrypto_missing.c;1;HAVE_LIBMBEDCRYPTO;1 && HAVE_LIBMBEDCRYPTO;if;29;29
src/mbedcrypto_missing.c;1;HAVE_LIBMBEDCRYPTO;1 && HAVE_LIBMBEDCRYPTO;artifact;30;179
src/mbedcrypto_missing.c;1;HAVE_LIBMBEDCRYPTO;1 && HAVE_LIBMBEDCRYPTO;endif;180;180
src/mbedcrypto_missing.c;1;1;1;artifact;181;181
src/md_crypto.c;1;1;1;ROOT;1;326
src/md_crypto.c;1;1;1;artifact;1;325
src/md_gcrypt.c;1;1;1;ROOT;1;248
src/md_gcrypt.c;1;1;1;artifact;1;247
src/md_mbedcrypto.c;1;1;1;ROOT;1;409
src/md_mbedcrypto.c;1;1;1;artifact;1;408
src/messages.c;1;1;1;ROOT;1;1744
src/messages.c;1;1;1;artifact;1;28
src/messages.c;1;!_WIN32;1 && !_WIN32;if;29;29
src/messages.c;1;!_WIN32;1 && !_WIN32;artifact;30;31
src/messages.c;1;!_WIN32;1 && !_WIN32;endif;32;32
src/messages.c;1;1;1;artifact;33;44
src/messages.c;1;WITH_SERVER;1 && WITH_SERVER;if;45;45
src/messages.c;1;WITH_SERVER;1 && WITH_SERVER;artifact;46;47
src/messages.c;1;WITH_SERVER;1 && WITH_SERVER;endif;48;48
src/messages.c;1;1;1;artifact;49;79
src/messages.c;1;!WITH_SERVER;1 && !WITH_SERVER;if;80;80
src/messages.c;1;!WITH_SERVER;1 && !WITH_SERVER;artifact;81;97
src/messages.c;1;!WITH_SERVER;1 && !WITH_SERVER;endif;98;98
src/messages.c;1;1;1;artifact;99;134
src/messages.c;1;WITH_SERVER;1 && WITH_SERVER;if;135;135
src/messages.c;1;WITH_SERVER;1 && WITH_SERVER;artifact;136;420
src/messages.c;1;WITH_SERVER;1 && WITH_SERVER;endif;421;421
src/messages.c;1;1;1;artifact;422;458
src/messages.c;1;WITH_SERVER;1 && WITH_SERVER;if;459;459
src/messages.c;1;WITH_SERVER;1 && WITH_SERVER;artifact;460;460
src/messages.c;1;WITH_SERVER;1 && WITH_SERVER;endif;461;461
src/messages.c;1;1;1;artifact;462;466
src/messages.c;1;WITH_SERVER;1 && WITH_SERVER;if;467;467
src/messages.c;1;WITH_SERVER;1 && WITH_SERVER;artifact;468;475
src/messages.c;1;WITH_SERVER;1 && WITH_SERVER;endif;476;476
src/messages.c;1;1;1;artifact;477;687
src/messages.c;1;WITH_SERVER;1 && WITH_SERVER;if;688;688
src/messages.c;1;WITH_SERVER;1 && WITH_SERVER;artifact;689;974
src/messages.c;1;WITH_GSSAPI;1 && WITH_SERVER && WITH_GSSAPI;if;975;975
src/messages.c;1;WITH_GSSAPI;1 && WITH_SERVER && WITH_GSSAPI;artifact;976;1023
src/messages.c;1;WITH_GSSAPI;1 && WITH_SERVER && WITH_GSSAPI;endif;1024;1024
src/messages.c;1;WITH_SERVER;1 && WITH_SERVER;artifact;1025;1044
src/messages.c;1;WITH_SERVER;1 && WITH_SERVER;endif;1045;1045
src/messages.c;1;1;1;artifact;1046;1051
src/messages.c;1;!WITH_SERVER;1 && !WITH_SERVER;if;1052;1052
src/messages.c;1;!WITH_SERVER;1 && !WITH_SERVER;artifact;1053;1059
src/messages.c;1;WITH_SERVER;WITH_SERVER && 1;else;1060;1060
src/messages.c;1;WITH_SERVER;WITH_SERVER && 1;artifact;1061;1069
src/messages.c;1;WITH_GSSAPI;WITH_SERVER && 1 && WITH_GSSAPI;if;1070;1070
src/messages.c;1;WITH_GSSAPI;WITH_SERVER && 1 && WITH_GSSAPI;artifact;1071;1073
src/messages.c;1;WITH_GSSAPI;WITH_SERVER && 1 && WITH_GSSAPI;endif;1074;1074
src/messages.c;1;WITH_SERVER;WITH_SERVER && 1;artifact;1075;1088
src/messages.c;1;0;WITH_SERVER && 1 && 0;if;1089;1089
src/messages.c;1;0;WITH_SERVER && 1 && 0;artifact;1090;1090
src/messages.c;1;0;WITH_SERVER && 1 && 0;endif;1091;1091
src/messages.c;1;WITH_SERVER;WITH_SERVER && 1;artifact;1092;1179
src/messages.c;1;WITH_SERVER;WITH_SERVER && 1;endif;1180;1180
src/messages.c;1;1;1;artifact;1181;1557
src/messages.c;1;WITH_SERVER;1 && WITH_SERVER;if;1558;1558
src/messages.c;1;WITH_SERVER;1 && WITH_SERVER;artifact;1559;1739
src/messages.c;1;WITH_SERVER;1 && WITH_SERVER;endif;1740;1740
src/messages.c;1;1;1;artifact;1741;1743
src/misc.c;1;1;1;ROOT;1;2247
src/misc.c;1;1;1;artifact;1;26
src/misc.c;1;!_WIN32;1 && !_WIN32;if;27;27
src/misc.c;1;!_WIN32;1 && !_WIN32;artifact;28;36
src/misc.c;1;!_WIN32;1 && !_WIN32;endif;37;37
src/misc.c;1;1;1;artifact;38;47
src/misc.c;1;HAVE_SYS_TIME_H;1 && HAVE_SYS_TIME_H;if;48;48
src/misc.c;1;HAVE_SYS_TIME_H;1 && HAVE_SYS_TIME_H;artifact;49;49
src/misc.c;1;HAVE_SYS_TIME_H;1 && HAVE_SYS_TIME_H;endif;50;50
src/misc.c;1;1;1;artifact;51;52
src/misc.c;1;_WIN32;1 && _WIN32;if;53;53
src/misc.c;1;_WIN32;1 && _WIN32;artifact;54;54
src/misc.c;1;!_WIN32_IE;1 && _WIN32 && !_WIN32_IE;if;55;55
src/misc.c;1;!_WIN32_IE;1 && _WIN32 && !_WIN32_IE;artifact;56;56
src/misc.c;1;!_WIN32_IE;1 && _WIN32 && !_WIN32_IE;endif;57;57
src/misc.c;1;_WIN32;1 && _WIN32;artifact;58;64
src/misc.c;1;HAVE_IO_H;1 && _WIN32 && HAVE_IO_H;if;65;65
src/misc.c;1;HAVE_IO_H;1 && _WIN32 && HAVE_IO_H;artifact;66;66
src/misc.c;1;HAVE_IO_H;1 && _WIN32 && HAVE_IO_H;endif;67;67
src/misc.c;1;_WIN32;1 && _WIN32;artifact;68;68
src/misc.c;1;_WIN32;1 && _WIN32;endif;69;69
src/misc.c;1;1;1;artifact;70;74
src/misc.c;1;HAVE_LIBGCRYPT;1 && HAVE_LIBGCRYPT;if;75;75
src/misc.c;1;HAVE_LIBGCRYPT;1 && HAVE_LIBGCRYPT;artifact;76;76
src/misc.c;1;!HAVE_LIBGCRYPT;!HAVE_LIBGCRYPT && 1;else;77;77
src/misc.c;1;!HAVE_LIBGCRYPT;!HAVE_LIBGCRYPT && 1;artifact;78;78
src/misc.c;1;!HAVE_LIBGCRYPT;!HAVE_LIBGCRYPT && 1;endif;79;79
src/misc.c;1;1;1;artifact;80;80
src/misc.c;1;HAVE_LIBCRYPTO;1 && HAVE_LIBCRYPTO;if;81;81
src/misc.c;1;HAVE_LIBCRYPTO;1 && HAVE_LIBCRYPTO;artifact;82;82
src/misc.c;1;!HAVE_LIBCRYPTO;!HAVE_LIBCRYPTO && 1;else;83;83
src/misc.c;1;!HAVE_LIBCRYPTO;!HAVE_LIBCRYPTO && 1;artifact;84;84
src/misc.c;1;!HAVE_LIBCRYPTO;!HAVE_LIBCRYPTO && 1;endif;85;85
src/misc.c;1;1;1;artifact;86;86
src/misc.c;1;HAVE_LIBMBEDCRYPTO;1 && HAVE_LIBMBEDCRYPTO;if;87;87
src/misc.c;1;HAVE_LIBMBEDCRYPTO;1 && HAVE_LIBMBEDCRYPTO;artifact;88;88
src/misc.c;1;!HAVE_LIBMBEDCRYPTO;!HAVE_LIBMBEDCRYPTO && 1;else;89;89
src/misc.c;1;!HAVE_LIBMBEDCRYPTO;!HAVE_LIBMBEDCRYPTO && 1;artifact;90;90
src/misc.c;1;!HAVE_LIBMBEDCRYPTO;!HAVE_LIBMBEDCRYPTO && 1;endif;91;91
src/misc.c;1;1;1;artifact;92;92
src/misc.c;1;WITH_ZLIB;1 && WITH_ZLIB;if;93;93
src/misc.c;1;WITH_ZLIB;1 && WITH_ZLIB;artifact;94;94
src/misc.c;1;!WITH_ZLIB;!WITH_ZLIB && 1;else;95;95
src/misc.c;1;!WITH_ZLIB;!WITH_ZLIB && 1;artifact;96;96
src/misc.c;1;!WITH_ZLIB;!WITH_ZLIB && 1;endif;97;97
src/misc.c;1;1;1;artifact;98;109
src/misc.c;1;_WIN32;1 && _WIN32;if;110;110
src/misc.c;1;_WIN32;1 && _WIN32;artifact;111;265
src/misc.c;1;!_WIN32;!_WIN32 && 1;else;266;266
src/misc.c;1;!_WIN32;!_WIN32 && 1;artifact;267;267
src/misc.c;1;!NSS_BUFLEN_PASSWD;!_WIN32 && 1 && !NSS_BUFLEN_PASSWD;if;268;268
src/misc.c;1;!NSS_BUFLEN_PASSWD;!_WIN32 && 1 && !NSS_BUFLEN_PASSWD;artifact;269;269
src/misc.c;1;!NSS_BUFLEN_PASSWD;!_WIN32 && 1 && !NSS_BUFLEN_PASSWD;endif;270;270
src/misc.c;1;!_WIN32;!_WIN32 && 1;artifact;271;399
src/misc.c;1;!_WIN32;!_WIN32 && 1;endif;400;400
src/misc.c;1;1;1;artifact;401;1031
src/misc.c;1;_WIN32;1 && _WIN32;if;1032;1032
src/misc.c;1;_WIN32;1 && _WIN32;artifact;1033;1033
src/misc.c;1;!_WIN32;!_WIN32 && 1;else;1034;1034
src/misc.c;1;!_WIN32;!_WIN32 && 1;artifact;1035;1035
src/misc.c;1;!_WIN32;!_WIN32 && 1;endif;1036;1036
src/misc.c;1;1;1;artifact;1037;1068
src/misc.c;1;_WIN32;1 && _WIN32;if;1069;1069
src/misc.c;1;_WIN32;1 && _WIN32;artifact;1070;1070
src/misc.c;1;!_WIN32;!_WIN32 && 1;else;1071;1071
src/misc.c;1;!_WIN32;!_WIN32 && 1;artifact;1072;1072
src/misc.c;1;!_WIN32;!_WIN32 && 1;endif;1073;1073
src/misc.c;1;1;1;artifact;1074;1094
src/misc.c;1;_WIN32;1 && _WIN32;if;1095;1095
src/misc.c;1;_WIN32;1 && _WIN32;artifact;1096;1096
src/misc.c;1;!_WIN32;!_WIN32 && 1;else;1097;1097
src/misc.c;1;!_WIN32;!_WIN32 && 1;artifact;1098;1098
src/misc.c;1;!_WIN32;!_WIN32 && 1;endif;1099;1099
src/misc.c;1;1;1;artifact;1100;1130
src/misc.c;1;_WIN32;1 && _WIN32;if;1131;1131
src/misc.c;1;_WIN32;1 && _WIN32;artifact;1132;1132
src/misc.c;1;!_WIN32;!_WIN32 && 1;else;1133;1133
src/misc.c;1;!_WIN32;!_WIN32 && 1;artifact;1134;1148
src/misc.c;1;!_WIN32;!_WIN32 && 1;endif;1149;1149
src/misc.c;1;1;1;artifact;1150;1442
src/misc.c;1;_POSIX_MONOTONIC_CLOCK;1 && _POSIX_MONOTONIC_CLOCK;if;1443;1443
src/misc.c;1;_POSIX_MONOTONIC_CLOCK;1 && _POSIX_MONOTONIC_CLOCK;artifact;1444;1444
src/misc.c;1;!_POSIX_MONOTONIC_CLOCK;!_POSIX_MONOTONIC_CLOCK && 1;else;1445;1445
src/misc.c;1;!_POSIX_MONOTONIC_CLOCK;!_POSIX_MONOTONIC_CLOCK && 1;artifact;1446;1446
src/misc.c;1;!_POSIX_MONOTONIC_CLOCK;!_POSIX_MONOTONIC_CLOCK && 1;endif;1447;1447
src/misc.c;1;1;1;artifact;1448;1455
src/misc.c;1;HAVE_CLOCK_GETTIME;1 && HAVE_CLOCK_GETTIME;if;1456;1456
src/misc.c;1;HAVE_CLOCK_GETTIME;1 && HAVE_CLOCK_GETTIME;artifact;1457;1459
src/misc.c;1;!HAVE_CLOCK_GETTIME;!HAVE_CLOCK_GETTIME && 1;else;1460;1460
src/misc.c;1;!HAVE_CLOCK_GETTIME;!HAVE_CLOCK_GETTIME && 1;artifact;1461;1463
src/misc.c;1;!HAVE_CLOCK_GETTIME;!HAVE_CLOCK_GETTIME && 1;endif;1464;1464
src/misc.c;1;1;1;artifact;1465;1573
src/misc.c;1;!DEFINED___LB__HAVE_EXPLICIT_BZERO__RB__;1 && !DEFINED___LB__HAVE_EXPLICIT_BZERO__RB__;if;1574;1574
src/misc.c;1;!DEFINED___LB__HAVE_EXPLICIT_BZERO__RB__;1 && !DEFINED___LB__HAVE_EXPLICIT_BZERO__RB__;artifact;1575;1576
src/misc.c;1;DEFINED___LB__HAVE_MEMSET_S__RB__;1 && !DEFINED___LB__HAVE_EXPLICIT_BZERO__RB__ && DEFINED___LB__HAVE_MEMSET_S__RB__;if;1577;1577
src/misc.c;1;DEFINED___LB__HAVE_MEMSET_S__RB__;1 && !DEFINED___LB__HAVE_EXPLICIT_BZERO__RB__ && DEFINED___LB__HAVE_MEMSET_S__RB__;artifact;1578;1578
src/misc.c;1;DEFINED___LB__HAVE_SECURE_ZERO_MEMORY__RB__ && !DEFINED___LB__HAVE_MEMSET_S__RB__;DEFINED___LB__HAVE_SECURE_ZERO_MEMORY__RB__ && !DEFINED___LB__HAVE_MEMSET_S__RB__ && 1 && !DEFINED___LB__HAVE_EXPLICIT_BZERO__RB__;elif;1579;1579
src/misc.c;1;DEFINED___LB__HAVE_SECURE_ZERO_MEMORY__RB__ && !DEFINED___LB__HAVE_MEMSET_S__RB__;DEFINED___LB__HAVE_SECURE_ZERO_MEMORY__RB__ && !DEFINED___LB__HAVE_MEMSET_S__RB__ && 1 && !DEFINED___LB__HAVE_EXPLICIT_BZERO__RB__;artifact;1580;1580
src/misc.c;1;!DEFINED___LB__HAVE_SECURE_ZERO_MEMORY__RB__ && !DEFINED___LB__HAVE_MEMSET_S__RB__;!DEFINED___LB__HAVE_SECURE_ZERO_MEMORY__RB__ && !DEFINED___LB__HAVE_MEMSET_S__RB__ && 1 && !DEFINED___LB__HAVE_EXPLICIT_BZERO__RB__;else;1581;1581
src/misc.c;1;!DEFINED___LB__HAVE_SECURE_ZERO_MEMORY__RB__ && !DEFINED___LB__HAVE_MEMSET_S__RB__;!DEFINED___LB__HAVE_SECURE_ZERO_MEMORY__RB__ && !DEFINED___LB__HAVE_MEMSET_S__RB__ && 1 && !DEFINED___LB__HAVE_EXPLICIT_BZERO__RB__;artifact;1582;1582
src/misc.c;1;DEFINED___LB__HAVE_GCC_VOLATILE_MEMORY_PROTECTION__RB__;!DEFINED___LB__HAVE_SECURE_ZERO_MEMORY__RB__ && !DEFINED___LB__HAVE_MEMSET_S__RB__ && 1 && !DEFINED___LB__HAVE_EXPLICIT_BZERO__RB__ && DEFINED___LB__HAVE_GCC_VOLATILE_MEMORY_PROTECTION__RB__;if;1583;1583
src/misc.c;1;DEFINED___LB__HAVE_GCC_VOLATILE_MEMORY_PROTECTION__RB__;!DEFINED___LB__HAVE_SECURE_ZERO_MEMORY__RB__ && !DEFINED___LB__HAVE_MEMSET_S__RB__ && 1 && !DEFINED___LB__HAVE_EXPLICIT_BZERO__RB__ && DEFINED___LB__HAVE_GCC_VOLATILE_MEMORY_PROTECTION__RB__;artifact;1584;1585
src/misc.c;1;DEFINED___LB__HAVE_GCC_VOLATILE_MEMORY_PROTECTION__RB__;!DEFINED___LB__HAVE_SECURE_ZERO_MEMORY__RB__ && !DEFINED___LB__HAVE_MEMSET_S__RB__ && 1 && !DEFINED___LB__HAVE_EXPLICIT_BZERO__RB__ && DEFINED___LB__HAVE_GCC_VOLATILE_MEMORY_PROTECTION__RB__;endif;1586;1586
src/misc.c;1;!DEFINED___LB__HAVE_SECURE_ZERO_MEMORY__RB__ && !DEFINED___LB__HAVE_MEMSET_S__RB__;!DEFINED___LB__HAVE_SECURE_ZERO_MEMORY__RB__ && !DEFINED___LB__HAVE_MEMSET_S__RB__ && 1 && !DEFINED___LB__HAVE_EXPLICIT_BZERO__RB__;endif;1587;1587
src/misc.c;1;!DEFINED___LB__HAVE_EXPLICIT_BZERO__RB__;1 && !DEFINED___LB__HAVE_EXPLICIT_BZERO__RB__;artifact;1588;1588
src/misc.c;1;!DEFINED___LB__HAVE_EXPLICIT_BZERO__RB__;1 && !DEFINED___LB__HAVE_EXPLICIT_BZERO__RB__;endif;1589;1589
src/misc.c;1;1;1;artifact;1590;1590
src/misc.c;1;!DEFINED___LB__HAVE_STRNDUP__RB__;1 && !DEFINED___LB__HAVE_STRNDUP__RB__;if;1591;1591
src/misc.c;1;!DEFINED___LB__HAVE_STRNDUP__RB__;1 && !DEFINED___LB__HAVE_STRNDUP__RB__;artifact;1592;1609
src/misc.c;1;!DEFINED___LB__HAVE_STRNDUP__RB__;1 && !DEFINED___LB__HAVE_STRNDUP__RB__;endif;1610;1610
src/misc.c;1;1;1;artifact;1611;1973
src/misc.c;1;(DEFINED___LB____CYGWIN____RB__ || DEFINED___LB____linux____RB__) && (DEFINED___LB____CYGWIN____RB__ || DEFINED___LB____GLIBC____RB__) && DEFINED___LB___GNU_SOURCE__RB__;1 && (DEFINED___LB____CYGWIN____RB__ || DEFINED___LB____linux____RB__) && (DEFINED___LB____CYGWIN____RB__ || DEFINED___LB____GLIBC____RB__) && DEFINED___LB___GNU_SOURCE__RB__;if;1974;1974
src/misc.c;1;(DEFINED___LB____CYGWIN____RB__ || DEFINED___LB____linux____RB__) && (DEFINED___LB____CYGWIN____RB__ || DEFINED___LB____GLIBC____RB__) && DEFINED___LB___GNU_SOURCE__RB__;1 && (DEFINED___LB____CYGWIN____RB__ || DEFINED___LB____linux____RB__) && (DEFINED___LB____CYGWIN____RB__ || DEFINED___LB____GLIBC____RB__) && DEFINED___LB___GNU_SOURCE__RB__;artifact;1975;1976
src/misc.c;1;(!DEFINED___LB___GNU_SOURCE__RB__ || !DEFINED___LB____linux____RB__ || !DEFINED___LB____GLIBC____RB__) && (!DEFINED___LB___GNU_SOURCE__RB__ || !DEFINED___LB____CYGWIN____RB__);(!DEFINED___LB___GNU_SOURCE__RB__ || !DEFINED___LB____linux____RB__ || !DEFINED___LB____GLIBC____RB__) && (!DEFINED___LB___GNU_SOURCE__RB__ || !DEFINED___LB____CYGWIN____RB__) && 1;else;1977;1977
src/misc.c;1;(!DEFINED___LB___GNU_SOURCE__RB__ || !DEFINED___LB____linux____RB__ || !DEFINED___LB____GLIBC____RB__) && (!DEFINED___LB___GNU_SOURCE__RB__ || !DEFINED___LB____CYGWIN____RB__);(!DEFINED___LB___GNU_SOURCE__RB__ || !DEFINED___LB____linux____RB__ || !DEFINED___LB____GLIBC____RB__) && (!DEFINED___LB___GNU_SOURCE__RB__ || !DEFINED___LB____CYGWIN____RB__) && 1;artifact;1978;1979
src/misc.c;1;DEFINED___LB___WIN32__RB__;(!DEFINED___LB___GNU_SOURCE__RB__ || !DEFINED___LB____linux____RB__ || !DEFINED___LB____GLIBC____RB__) && (!DEFINED___LB___GNU_SOURCE__RB__ || !DEFINED___LB____CYGWIN____RB__) && 1 && DEFINED___LB___WIN32__RB__;if;1980;1980
src/misc.c;1;DEFINED___LB___WIN32__RB__;(!DEFINED___LB___GNU_SOURCE__RB__ || !DEFINED___LB____linux____RB__ || !DEFINED___LB____GLIBC____RB__) && (!DEFINED___LB___GNU_SOURCE__RB__ || !DEFINED___LB____CYGWIN____RB__) && 1 && DEFINED___LB___WIN32__RB__;artifact;1981;1981
src/misc.c;1;!DEFINED___LB___WIN32__RB__;!DEFINED___LB___WIN32__RB__ && (!DEFINED___LB___GNU_SOURCE__RB__ || !DEFINED___LB____linux____RB__ || !DEFINED___LB____GLIBC____RB__) && (!DEFINED___LB___GNU_SOURCE__RB__ || !DEFINED___LB____CYGWIN____RB__) && 1;else;1982;1982
src/misc.c;1;!DEFINED___LB___WIN32__RB__;!DEFINED___LB___WIN32__RB__ && (!DEFINED___LB___GNU_SOURCE__RB__ || !DEFINED___LB____linux____RB__ || !DEFINED___LB____GLIBC____RB__) && (!DEFINED___LB___GNU_SOURCE__RB__ || !DEFINED___LB____CYGWIN____RB__) && 1;artifact;1983;1984
src/misc.c;1;!DEFINED___LB___WIN32__RB__;!DEFINED___LB___WIN32__RB__ && (!DEFINED___LB___GNU_SOURCE__RB__ || !DEFINED___LB____linux____RB__ || !DEFINED___LB____GLIBC____RB__) && (!DEFINED___LB___GNU_SOURCE__RB__ || !DEFINED___LB____CYGWIN____RB__) && 1;endif;1985;1985
src/misc.c;1;(!DEFINED___LB___GNU_SOURCE__RB__ || !DEFINED___LB____linux____RB__ || !DEFINED___LB____GLIBC____RB__) && (!DEFINED___LB___GNU_SOURCE__RB__ || !DEFINED___LB____CYGWIN____RB__);(!DEFINED___LB___GNU_SOURCE__RB__ || !DEFINED___LB____linux____RB__ || !DEFINED___LB____GLIBC____RB__) && (!DEFINED___LB___GNU_SOURCE__RB__ || !DEFINED___LB____CYGWIN____RB__) && 1;artifact;1986;1991
src/misc.c;1;(!DEFINED___LB___GNU_SOURCE__RB__ || !DEFINED___LB____linux____RB__ || !DEFINED___LB____GLIBC____RB__) && (!DEFINED___LB___GNU_SOURCE__RB__ || !DEFINED___LB____CYGWIN____RB__);(!DEFINED___LB___GNU_SOURCE__RB__ || !DEFINED___LB____linux____RB__ || !DEFINED___LB____GLIBC____RB__) && (!DEFINED___LB___GNU_SOURCE__RB__ || !DEFINED___LB____CYGWIN____RB__) && 1;endif;1992;1992
src/misc.c;1;1;1;artifact;1993;2246
src/options.c;1;1;1;ROOT;1;2727
src/options.c;1;1;1;artifact;1;28
src/options.c;1;!_WIN32;1 && !_WIN32;if;29;29
src/options.c;1;!_WIN32;1 && !_WIN32;artifact;30;30
src/options.c;1;_WIN32;_WIN32 && 1;else;31;31
src/options.c;1;_WIN32;_WIN32 && 1;artifact;32;32
src/options.c;1;_WIN32;_WIN32 && 1;endif;33;33
src/options.c;1;1;1;artifact;34;40
src/options.c;1;WITH_SERVER;1 && WITH_SERVER;if;41;41
src/options.c;1;WITH_SERVER;1 && WITH_SERVER;artifact;42;44
src/options.c;1;WITH_SERVER;1 && WITH_SERVER;endif;45;45
src/options.c;1;1;1;artifact;46;1636
src/options.c;1;_MSC_VER;1 && _MSC_VER;if;1637;1637
src/options.c;1;_MSC_VER;1 && _MSC_VER;artifact;1638;1642
src/options.c;1;!_MSC_VER;!_MSC_VER && 1;else;1643;1643
src/options.c;1;!_MSC_VER;!_MSC_VER && 1;artifact;1644;1795
src/options.c;1;!_MSC_VER;!_MSC_VER && 1;endif;1796;1796
src/options.c;1;1;1;artifact;1797;2004
src/options.c;1;WITH_SERVER;1 && WITH_SERVER;if;2005;2005
src/options.c;1;WITH_SERVER;1 && WITH_SERVER;artifact;2006;2270
src/options.c;1;HAVE_ECC;1 && WITH_SERVER && HAVE_ECC;if;2271;2271
src/options.c;1;HAVE_ECC;1 && WITH_SERVER && HAVE_ECC;artifact;2272;2273
src/options.c;1;!HAVE_ECC;!HAVE_ECC && 1 && WITH_SERVER;else;2274;2274
src/options.c;1;!HAVE_ECC;!HAVE_ECC && 1 && WITH_SERVER;artifact;2275;2278
src/options.c;1;!HAVE_ECC;!HAVE_ECC && 1 && WITH_SERVER;endif;2279;2279
src/options.c;1;WITH_SERVER;1 && WITH_SERVER;artifact;2280;2722
src/options.c;1;WITH_SERVER;1 && WITH_SERVER;endif;2723;2723
src/options.c;1;1;1;artifact;2724;2726
src/packet.c;1;1;1;ROOT;1;2086
src/packet.c;1;1;1;artifact;1;30
src/packet.c;1;!_WIN32;1 && !_WIN32;if;31;31
src/packet.c;1;!_WIN32;1 && !_WIN32;artifact;32;33
src/packet.c;1;!_WIN32;1 && !_WIN32;endif;34;34
src/packet.c;1;1;1;artifact;35;57
src/packet.c;1;WITH_SERVER;1 && WITH_SERVER;if;58;58
src/packet.c;1;WITH_SERVER;1 && WITH_SERVER;artifact;59;59
src/packet.c;1;!WITH_SERVER;!WITH_SERVER && 1;else;60;60
src/packet.c;1;!WITH_SERVER;!WITH_SERVER && 1;artifact;61;61
src/packet.c;1;!WITH_SERVER;!WITH_SERVER && 1;endif;62;62
src/packet.c;1;1;1;artifact;63;70
src/packet.c;1;WITH_SERVER;1 && WITH_SERVER;if;71;71
src/packet.c;1;WITH_SERVER;1 && WITH_SERVER;artifact;72;73
src/packet.c;1;!WITH_SERVER;!WITH_SERVER && 1;else;74;74
src/packet.c;1;!WITH_SERVER;!WITH_SERVER && 1;artifact;75;75
src/packet.c;1;!WITH_SERVER;!WITH_SERVER && 1;endif;76;76
src/packet.c;1;1;1;artifact;77;84
src/packet.c;1;WITH_SERVER;1 && WITH_SERVER;if;85;85
src/packet.c;1;WITH_SERVER;1 && WITH_SERVER;artifact;86;86
src/packet.c;1;!WITH_SERVER;!WITH_SERVER && 1;else;87;87
src/packet.c;1;!WITH_SERVER;!WITH_SERVER && 1;artifact;88;88
src/packet.c;1;!WITH_SERVER;!WITH_SERVER && 1;endif;89;89
src/packet.c;1;1;1;artifact;90;103
src/packet.c;1;DEFINED___LB__WITH_GSSAPI__RB__ && DEFINED___LB__WITH_SERVER__RB__;1 && DEFINED___LB__WITH_GSSAPI__RB__ && DEFINED___LB__WITH_SERVER__RB__;if;104;104
src/packet.c;1;DEFINED___LB__WITH_GSSAPI__RB__ && DEFINED___LB__WITH_SERVER__RB__;1 && DEFINED___LB__WITH_GSSAPI__RB__ && DEFINED___LB__WITH_SERVER__RB__;artifact;105;105
src/packet.c;1;!DEFINED___LB__WITH_GSSAPI__RB__ || !DEFINED___LB__WITH_SERVER__RB__;(!DEFINED___LB__WITH_GSSAPI__RB__ || !DEFINED___LB__WITH_SERVER__RB__) && 1;else;106;106
src/packet.c;1;!DEFINED___LB__WITH_GSSAPI__RB__ || !DEFINED___LB__WITH_SERVER__RB__;(!DEFINED___LB__WITH_GSSAPI__RB__ || !DEFINED___LB__WITH_SERVER__RB__) && 1;artifact;107;107
src/packet.c;1;!DEFINED___LB__WITH_GSSAPI__RB__ || !DEFINED___LB__WITH_SERVER__RB__;(!DEFINED___LB__WITH_GSSAPI__RB__ || !DEFINED___LB__WITH_SERVER__RB__) && 1;endif;108;108
src/packet.c;1;1;1;artifact;109;111
src/packet.c;1;WITH_SERVER;1 && WITH_SERVER;if;112;112
src/packet.c;1;WITH_SERVER;1 && WITH_SERVER;artifact;113;113
src/packet.c;1;!WITH_SERVER;!WITH_SERVER && 1;else;114;114
src/packet.c;1;!WITH_SERVER;!WITH_SERVER && 1;artifact;115;115
src/packet.c;1;!WITH_SERVER;!WITH_SERVER && 1;endif;116;116
src/packet.c;1;1;1;artifact;117;143
src/packet.c;1;DEBUG_PACKET;1 && DEBUG_PACKET;if;144;144
src/packet.c;1;DEBUG_PACKET;1 && DEBUG_PACKET;artifact;145;146
src/packet.c;1;DEBUG_PACKET;1 && DEBUG_PACKET;endif;147;147
src/packet.c;1;1;1;artifact;148;920
src/packet.c;1;DEBUG_PACKET;1 && DEBUG_PACKET;if;921;921
src/packet.c;1;DEBUG_PACKET;1 && DEBUG_PACKET;artifact;922;930
src/packet.c;1;DEBUG_PACKET;1 && DEBUG_PACKET;endif;931;931
src/packet.c;1;1;1;artifact;932;1110
src/packet.c;1;DEBUG_PACKET;1 && DEBUG_PACKET;if;1111;1111
src/packet.c;1;DEBUG_PACKET;1 && DEBUG_PACKET;artifact;1112;1120
src/packet.c;1;DEBUG_PACKET;1 && DEBUG_PACKET;endif;1121;1121
src/packet.c;1;1;1;artifact;1122;1128
src/packet.c;1;DEBUG_PACKET;1 && DEBUG_PACKET;if;1129;1129
src/packet.c;1;DEBUG_PACKET;1 && DEBUG_PACKET;artifact;1130;1133
src/packet.c;1;DEBUG_PACKET;1 && DEBUG_PACKET;endif;1134;1134
src/packet.c;1;1;1;artifact;1135;1271
src/packet.c;1;WITH_PCAP;1 && WITH_PCAP;if;1272;1272
src/packet.c;1;WITH_PCAP;1 && WITH_PCAP;artifact;1273;1279
src/packet.c;1;WITH_PCAP;1 && WITH_PCAP;endif;1280;1280
src/packet.c;1;1;1;artifact;1281;1305
src/packet.c;1;WITH_ZLIB;1 && WITH_ZLIB;if;1306;1306
src/packet.c;1;WITH_ZLIB;1 && WITH_ZLIB;artifact;1307;1314
src/packet.c;1;WITH_ZLIB;1 && WITH_ZLIB;endif;1315;1315
src/packet.c;1;1;1;artifact;1316;1706
src/packet.c;1;WITH_ZLIB;1 && WITH_ZLIB;if;1707;1707
src/packet.c;1;WITH_ZLIB;1 && WITH_ZLIB;artifact;1708;1715
src/packet.c;1;WITH_ZLIB;1 && WITH_ZLIB;endif;1716;1716
src/packet.c;1;1;1;artifact;1717;1751
src/packet.c;1;WITH_PCAP;1 && WITH_PCAP;if;1752;1752
src/packet.c;1;WITH_PCAP;1 && WITH_PCAP;artifact;1753;1759
src/packet.c;1;WITH_PCAP;1 && WITH_PCAP;endif;1760;1760
src/packet.c;1;1;1;artifact;1761;2085
src/packet_cb.c;1;1;1;ROOT;1;300
src/packet_cb.c;1;1;1;artifact;1;26
src/packet_cb.c;1;HAVE_ARPA_INET_H;1 && HAVE_ARPA_INET_H;if;27;27
src/packet_cb.c;1;HAVE_ARPA_INET_H;1 && HAVE_ARPA_INET_H;artifact;28;28
src/packet_cb.c;1;HAVE_ARPA_INET_H;1 && HAVE_ARPA_INET_H;endif;29;29
src/packet_cb.c;1;1;1;artifact;30;299
src/packet_crypt.c;1;1;1;ROOT;1;332
src/packet_crypt.c;1;1;1;artifact;1;29
src/packet_crypt.c;1;!_WIN32;1 && !_WIN32;if;30;30
src/packet_crypt.c;1;!_WIN32;1 && !_WIN32;artifact;31;32
src/packet_crypt.c;1;!_WIN32;1 && !_WIN32;endif;33;33
src/packet_crypt.c;1;1;1;artifact;34;34
src/packet_crypt.c;1;OPENSSL_CRYPTO;1 && OPENSSL_CRYPTO;if;35;35
src/packet_crypt.c;1;OPENSSL_CRYPTO;1 && OPENSSL_CRYPTO;artifact;36;37
src/packet_crypt.c;1;OPENSSL_CRYPTO;1 && OPENSSL_CRYPTO;endif;38;38
src/packet_crypt.c;1;1;1;artifact;39;228
src/packet_crypt.c;1;DEBUG_CRYPTO;1 && DEBUG_CRYPTO;if;229;229
src/packet_crypt.c;1;DEBUG_CRYPTO;1 && DEBUG_CRYPTO;artifact;230;234
src/packet_crypt.c;1;DEBUG_CRYPTO;1 && DEBUG_CRYPTO;endif;235;235
src/packet_crypt.c;1;1;1;artifact;236;310
src/packet_crypt.c;1;DEBUG_CRYPTO;1 && DEBUG_CRYPTO;if;311;311
src/packet_crypt.c;1;DEBUG_CRYPTO;1 && DEBUG_CRYPTO;artifact;312;320
src/packet_crypt.c;1;DEBUG_CRYPTO;1 && DEBUG_CRYPTO;endif;321;321
src/packet_crypt.c;1;1;1;artifact;322;331
src/pcap.c;1;1;1;ROOT;1;587
src/pcap.c;1;1;1;artifact;1;23
src/pcap.c;1;WITH_PCAP;1 && WITH_PCAP;if;24;24
src/pcap.c;1;WITH_PCAP;1 && WITH_PCAP;artifact;25;26
src/pcap.c;1;_WIN32;1 && WITH_PCAP && _WIN32;if;27;27
src/pcap.c;1;_WIN32;1 && WITH_PCAP && _WIN32;artifact;28;29
src/pcap.c;1;!_WIN32;!_WIN32 && 1 && WITH_PCAP;else;30;30
src/pcap.c;1;!_WIN32;!_WIN32 && 1 && WITH_PCAP;artifact;31;32
src/pcap.c;1;!_WIN32;!_WIN32 && 1 && WITH_PCAP;endif;33;33
src/pcap.c;1;HAVE_SYS_TIME_H;1 && WITH_PCAP && HAVE_SYS_TIME_H;if;34;34
src/pcap.c;1;HAVE_SYS_TIME_H;1 && WITH_PCAP && HAVE_SYS_TIME_H;artifact;35;35
src/pcap.c;1;HAVE_SYS_TIME_H;1 && WITH_PCAP && HAVE_SYS_TIME_H;endif;36;36
src/pcap.c;1;WITH_PCAP;1 && WITH_PCAP;artifact;37;545
src/pcap.c;1;!WITH_PCAP;!WITH_PCAP && 1;else;546;546
src/pcap.c;1;!WITH_PCAP;!WITH_PCAP && 1;artifact;547;584
src/pcap.c;1;!WITH_PCAP;!WITH_PCAP && 1;endif;585;585
src/pcap.c;1;1;1;artifact;586;586
src/pki.c;1;1;1;ROOT;1;2893
src/pki.c;1;1;1;artifact;1;55
src/pki.c;1;!MAX_LINE_SIZE;1 && !MAX_LINE_SIZE;if;56;56
src/pki.c;1;!MAX_LINE_SIZE;1 && !MAX_LINE_SIZE;artifact;57;57
src/pki.c;1;!MAX_LINE_SIZE;1 && !MAX_LINE_SIZE;endif;58;58
src/pki.c;1;1;1;artifact;59;96
src/pki.c;1;HAVE_ECC;1 && HAVE_ECC;if;97;97
src/pki.c;1;HAVE_ECC;1 && HAVE_ECC;artifact;98;98
src/pki.c;1;!HAVE_ECC;!HAVE_ECC && 1;else;99;99
src/pki.c;1;!HAVE_ECC;!HAVE_ECC && 1;artifact;100;100
src/pki.c;1;!HAVE_ECC;!HAVE_ECC && 1;endif;101;101
src/pki.c;1;1;1;artifact;102;146
src/pki.c;1;HAVE_LIBCRYPTO;1 && HAVE_LIBCRYPTO;if;147;147
src/pki.c;1;HAVE_LIBCRYPTO;1 && HAVE_LIBCRYPTO;artifact;148;151
src/pki.c;1;!HAVE_LIBCRYPTO;!HAVE_LIBCRYPTO && 1;else;152;152
src/pki.c;1;!HAVE_LIBCRYPTO;!HAVE_LIBCRYPTO && 1;artifact;153;153
src/pki.c;1;!HAVE_LIBCRYPTO;!HAVE_LIBCRYPTO && 1;endif;154;154
src/pki.c;1;1;1;artifact;155;358
src/pki.c;1;WITH_SERVER;1 && WITH_SERVER;if;359;359
src/pki.c;1;WITH_SERVER;1 && WITH_SERVER;artifact;360;366
src/pki.c;1;WITH_SERVER;1 && WITH_SERVER;endif;367;367
src/pki.c;1;1;1;artifact;368;732
src/pki.c;1;HAVE_LIBGCRYPT;1 && HAVE_LIBGCRYPT;if;733;733
src/pki.c;1;HAVE_LIBGCRYPT;1 && HAVE_LIBGCRYPT;artifact;734;734
src/pki.c;1;DEFINED_HAVE_LIBMBEDCRYPTO && !HAVE_LIBGCRYPT;DEFINED_HAVE_LIBMBEDCRYPTO && !HAVE_LIBGCRYPT && 1;elif;735;735
src/pki.c;1;DEFINED_HAVE_LIBMBEDCRYPTO && !HAVE_LIBGCRYPT;DEFINED_HAVE_LIBMBEDCRYPTO && !HAVE_LIBGCRYPT && 1;artifact;736;736
src/pki.c;1;DEFINED_HAVE_LIBMBEDCRYPTO && !HAVE_LIBGCRYPT;DEFINED_HAVE_LIBMBEDCRYPTO && !HAVE_LIBGCRYPT && 1;endif;737;737
src/pki.c;1;1;1;artifact;738;742
src/pki.c;1;HAVE_GCRYPT_ECC;1 && HAVE_GCRYPT_ECC;if;743;743
src/pki.c;1;HAVE_GCRYPT_ECC;1 && HAVE_GCRYPT_ECC;artifact;744;744
src/pki.c;1;DEFINED_HAVE_LIBMBEDCRYPTO && !HAVE_GCRYPT_ECC;DEFINED_HAVE_LIBMBEDCRYPTO && !HAVE_GCRYPT_ECC && 1;elif;745;745
src/pki.c;1;DEFINED_HAVE_LIBMBEDCRYPTO && !HAVE_GCRYPT_ECC;DEFINED_HAVE_LIBMBEDCRYPTO && !HAVE_GCRYPT_ECC && 1;artifact;746;747
src/pki.c;1;DEFINED_HAVE_LIBMBEDCRYPTO && !HAVE_GCRYPT_ECC;DEFINED_HAVE_LIBMBEDCRYPTO && !HAVE_GCRYPT_ECC && 1;endif;748;748
src/pki.c;1;1;1;artifact;749;751
src/pki.c;1;!HAVE_LIBCRYPTO;1 && !HAVE_LIBCRYPTO;if;752;752
src/pki.c;1;!HAVE_LIBCRYPTO;1 && !HAVE_LIBCRYPTO;artifact;753;754
src/pki.c;1;!HAVE_LIBCRYPTO;1 && !HAVE_LIBCRYPTO;endif;755;755
src/pki.c;1;1;1;artifact;756;880
src/pki.c;1;HAVE_LIBCRYPTO;1 && HAVE_LIBCRYPTO;if;881;881
src/pki.c;1;HAVE_LIBCRYPTO;1 && HAVE_LIBCRYPTO;artifact;882;885
src/pki.c;1;HAVE_LIBCRYPTO;1 && HAVE_LIBCRYPTO;endif;886;886
src/pki.c;1;1;1;artifact;887;991
src/pki.c;1;WITH_PKCS11_URI;1 && WITH_PKCS11_URI;if;992;992
src/pki.c;1;WITH_PKCS11_URI;1 && WITH_PKCS11_URI;artifact;993;996
src/pki.c;1;WITH_PKCS11_URI;1 && WITH_PKCS11_URI;endif;997;997
src/pki.c;1;1;1;artifact;998;1107
src/pki.c;1;HAVE_LIBCRYPTO;1 && HAVE_LIBCRYPTO;if;1108;1108
src/pki.c;1;HAVE_LIBCRYPTO;1 && HAVE_LIBCRYPTO;artifact;1109;1112
src/pki.c;1;HAVE_LIBCRYPTO;1 && HAVE_LIBCRYPTO;endif;1113;1113
src/pki.c;1;1;1;artifact;1114;1203
src/pki.c;1;DEFINED___LB__HAVE_LIBMBEDCRYPTO__RB__;1 && DEFINED___LB__HAVE_LIBMBEDCRYPTO__RB__;if;1204;1204
src/pki.c;1;DEFINED___LB__HAVE_LIBMBEDCRYPTO__RB__;1 && DEFINED___LB__HAVE_LIBMBEDCRYPTO__RB__;artifact;1205;1206
src/pki.c;1;DEFINED___LB__HAVE_LIBCRYPTO__RB__ && !DEFINED___LB__HAVE_LIBMBEDCRYPTO__RB__;DEFINED___LB__HAVE_LIBCRYPTO__RB__ && !DEFINED___LB__HAVE_LIBMBEDCRYPTO__RB__ && 1;elif;1207;1207
src/pki.c;1;DEFINED___LB__HAVE_LIBCRYPTO__RB__ && !DEFINED___LB__HAVE_LIBMBEDCRYPTO__RB__;DEFINED___LB__HAVE_LIBCRYPTO__RB__ && !DEFINED___LB__HAVE_LIBMBEDCRYPTO__RB__ && 1;artifact;1208;1209
src/pki.c;1;!DEFINED___LB__HAVE_LIBCRYPTO__RB__ && !DEFINED___LB__HAVE_LIBMBEDCRYPTO__RB__;!DEFINED___LB__HAVE_LIBCRYPTO__RB__ && !DEFINED___LB__HAVE_LIBMBEDCRYPTO__RB__ && 1;else;1210;1210
src/pki.c;1;!DEFINED___LB__HAVE_LIBCRYPTO__RB__ && !DEFINED___LB__HAVE_LIBMBEDCRYPTO__RB__;!DEFINED___LB__HAVE_LIBCRYPTO__RB__ && !DEFINED___LB__HAVE_LIBMBEDCRYPTO__RB__ && 1;artifact;1211;1212
src/pki.c;1;!DEFINED___LB__HAVE_LIBCRYPTO__RB__ && !DEFINED___LB__HAVE_LIBMBEDCRYPTO__RB__;!DEFINED___LB__HAVE_LIBCRYPTO__RB__ && !DEFINED___LB__HAVE_LIBMBEDCRYPTO__RB__ && 1;endif;1213;1213
src/pki.c;1;1;1;artifact;1214;1230
src/pki.c;1;DEFINED___LB__HAVE_LIBMBEDCRYPTO__RB__;1 && DEFINED___LB__HAVE_LIBMBEDCRYPTO__RB__;if;1231;1231
src/pki.c;1;DEFINED___LB__HAVE_LIBMBEDCRYPTO__RB__;1 && DEFINED___LB__HAVE_LIBMBEDCRYPTO__RB__;artifact;1232;1232
src/pki.c;1;DEFINED___LB__HAVE_LIBCRYPTO__RB__ && !DEFINED___LB__HAVE_LIBMBEDCRYPTO__RB__;DEFINED___LB__HAVE_LIBCRYPTO__RB__ && !DEFINED___LB__HAVE_LIBMBEDCRYPTO__RB__ && 1;elif;1233;1233
src/pki.c;1;DEFINED___LB__HAVE_LIBCRYPTO__RB__ && !DEFINED___LB__HAVE_LIBMBEDCRYPTO__RB__;DEFINED___LB__HAVE_LIBCRYPTO__RB__ && !DEFINED___LB__HAVE_LIBMBEDCRYPTO__RB__ && 1;artifact;1234;1234
src/pki.c;1;!DEFINED___LB__HAVE_LIBCRYPTO__RB__ && !DEFINED___LB__HAVE_LIBMBEDCRYPTO__RB__;!DEFINED___LB__HAVE_LIBCRYPTO__RB__ && !DEFINED___LB__HAVE_LIBMBEDCRYPTO__RB__ && 1;else;1235;1235
src/pki.c;1;!DEFINED___LB__HAVE_LIBCRYPTO__RB__ && !DEFINED___LB__HAVE_LIBMBEDCRYPTO__RB__;!DEFINED___LB__HAVE_LIBCRYPTO__RB__ && !DEFINED___LB__HAVE_LIBMBEDCRYPTO__RB__ && 1;artifact;1236;1236
src/pki.c;1;!DEFINED___LB__HAVE_LIBCRYPTO__RB__ && !DEFINED___LB__HAVE_LIBMBEDCRYPTO__RB__;!DEFINED___LB__HAVE_LIBCRYPTO__RB__ && !DEFINED___LB__HAVE_LIBMBEDCRYPTO__RB__ && 1;endif;1237;1237
src/pki.c;1;1;1;artifact;1238;1275
src/pki.c;1;DEBUG_CRYPTO;1 && DEBUG_CRYPTO;if;1276;1276
src/pki.c;1;DEBUG_CRYPTO;1 && DEBUG_CRYPTO;artifact;1277;1284
src/pki.c;1;DEBUG_CRYPTO;1 && DEBUG_CRYPTO;endif;1285;1285
src/pki.c;1;1;1;artifact;1286;1303
src/pki.c;1;HAVE_ECC;1 && HAVE_ECC;if;1304;1304
src/pki.c;1;HAVE_ECC;1 && HAVE_ECC;artifact;1305;1340
src/pki.c;1;HAVE_ECC;1 && HAVE_ECC;endif;1341;1341
src/pki.c;1;1;1;artifact;1342;1414
src/pki.c;1;DEBUG_CRYPTO;1 && DEBUG_CRYPTO;if;1415;1415
src/pki.c;1;DEBUG_CRYPTO;1 && DEBUG_CRYPTO;artifact;1416;1417
src/pki.c;1;DEBUG_CRYPTO;1 && DEBUG_CRYPTO;endif;1418;1418
src/pki.c;1;1;1;artifact;1419;1428
src/pki.c;1;HAVE_ECC;1 && HAVE_ECC;if;1429;1429
src/pki.c;1;HAVE_ECC;1 && HAVE_ECC;artifact;1430;1478
src/pki.c;1;HAVE_ECC;1 && HAVE_ECC;endif;1479;1479
src/pki.c;1;1;1;artifact;1480;1737
src/pki.c;1;WITH_PKCS11_URI;1 && WITH_PKCS11_URI;if;1738;1738
src/pki.c;1;WITH_PKCS11_URI;1 && WITH_PKCS11_URI;artifact;1739;1781
src/pki.c;1;WITH_PKCS11_URI;1 && WITH_PKCS11_URI;endif;1782;1782
src/pki.c;1;1;1;artifact;1783;1814
src/pki.c;1;WITH_PKCS11_URI;1 && WITH_PKCS11_URI;if;1815;1815
src/pki.c;1;WITH_PKCS11_URI;1 && WITH_PKCS11_URI;artifact;1816;1819
src/pki.c;1;WITH_PKCS11_URI;1 && WITH_PKCS11_URI;endif;1820;1820
src/pki.c;1;1;1;artifact;1821;2035
src/pki.c;1;HAVE_ECC;1 && HAVE_ECC;if;2036;2036
src/pki.c;1;HAVE_ECC;1 && HAVE_ECC;artifact;2037;2063
src/pki.c;1;HAVE_ECC;1 && HAVE_ECC;endif;2064;2064
src/pki.c;1;1;1;artifact;2065;2818
src/pki.c;1;WITH_SERVER;1 && WITH_SERVER;if;2819;2819
src/pki.c;1;WITH_SERVER;1 && WITH_SERVER;artifact;2820;2886
src/pki.c;1;WITH_SERVER;1 && WITH_SERVER;endif;2887;2887
src/pki.c;1;1;1;artifact;2888;2892
src/pki_container_openssh.c;1;1;1;ROOT;1;695
src/pki_container_openssh.c;1;1;1;artifact;1;694
src/pki_crypto.c;1;1;1;ROOT;1;2917
src/pki_crypto.c;1;1;1;artifact;1;25
src/pki_crypto.c;1;!_PKI_CRYPTO_H;1 && !_PKI_CRYPTO_H;if;26;26
src/pki_crypto.c;1;!_PKI_CRYPTO_H;1 && !_PKI_CRYPTO_H;artifact;27;35
src/pki_crypto.c;1;DEFINED___LB__WITH_PKCS11_URI__RB__ && !DEFINED___LB__WITH_PKCS11_PROVIDER__RB__;1 && !_PKI_CRYPTO_H && DEFINED___LB__WITH_PKCS11_URI__RB__ && !DEFINED___LB__WITH_PKCS11_PROVIDER__RB__;if;36;36
src/pki_crypto.c;1;DEFINED___LB__WITH_PKCS11_URI__RB__ && !DEFINED___LB__WITH_PKCS11_PROVIDER__RB__;1 && !_PKI_CRYPTO_H && DEFINED___LB__WITH_PKCS11_URI__RB__ && !DEFINED___LB__WITH_PKCS11_PROVIDER__RB__;artifact;37;37
src/pki_crypto.c;1;DEFINED___LB__WITH_PKCS11_URI__RB__ && !DEFINED___LB__WITH_PKCS11_PROVIDER__RB__;1 && !_PKI_CRYPTO_H && DEFINED___LB__WITH_PKCS11_URI__RB__ && !DEFINED___LB__WITH_PKCS11_PROVIDER__RB__;endif;38;38
src/pki_crypto.c;1;!_PKI_CRYPTO_H;1 && !_PKI_CRYPTO_H;artifact;39;39
src/pki_crypto.c;1;OPENSSL_VERSION_NUMBER__LT__0x30000000L;1 && !_PKI_CRYPTO_H && OPENSSL_VERSION_NUMBER__LT__0x30000000L;if;40;40
src/pki_crypto.c;1;OPENSSL_VERSION_NUMBER__LT__0x30000000L;1 && !_PKI_CRYPTO_H && OPENSSL_VERSION_NUMBER__LT__0x30000000L;artifact;41;42
src/pki_crypto.c;1;!OPENSSL_VERSION_NUMBER__LT__0x30000000L;!OPENSSL_VERSION_NUMBER__LT__0x30000000L && 1 && !_PKI_CRYPTO_H;else;43;43
src/pki_crypto.c;1;!OPENSSL_VERSION_NUMBER__LT__0x30000000L;!OPENSSL_VERSION_NUMBER__LT__0x30000000L && 1 && !_PKI_CRYPTO_H;artifact;44;46
src/pki_crypto.c;1;DEFINED___LB__WITH_PKCS11_URI__RB__ && DEFINED___LB__WITH_PKCS11_PROVIDER__RB__;!OPENSSL_VERSION_NUMBER__LT__0x30000000L && 1 && !_PKI_CRYPTO_H && DEFINED___LB__WITH_PKCS11_URI__RB__ && DEFINED___LB__WITH_PKCS11_PROVIDER__RB__;if;47;47
src/pki_crypto.c;1;DEFINED___LB__WITH_PKCS11_URI__RB__ && DEFINED___LB__WITH_PKCS11_PROVIDER__RB__;!OPENSSL_VERSION_NUMBER__LT__0x30000000L && 1 && !_PKI_CRYPTO_H && DEFINED___LB__WITH_PKCS11_URI__RB__ && DEFINED___LB__WITH_PKCS11_PROVIDER__RB__;artifact;48;49
src/pki_crypto.c;1;DEFINED___LB__WITH_PKCS11_URI__RB__ && DEFINED___LB__WITH_PKCS11_PROVIDER__RB__;!OPENSSL_VERSION_NUMBER__LT__0x30000000L && 1 && !_PKI_CRYPTO_H && DEFINED___LB__WITH_PKCS11_URI__RB__ && DEFINED___LB__WITH_PKCS11_PROVIDER__RB__;endif;50;50
src/pki_crypto.c;1;!OPENSSL_VERSION_NUMBER__LT__0x30000000L;!OPENSSL_VERSION_NUMBER__LT__0x30000000L && 1 && !_PKI_CRYPTO_H;endif;51;51
src/pki_crypto.c;1;!_PKI_CRYPTO_H;1 && !_PKI_CRYPTO_H;artifact;52;52
src/pki_crypto.c;1;HAVE_OPENSSL_EC_H;1 && !_PKI_CRYPTO_H && HAVE_OPENSSL_EC_H;if;53;53
src/pki_crypto.c;1;HAVE_OPENSSL_EC_H;1 && !_PKI_CRYPTO_H && HAVE_OPENSSL_EC_H;artifact;54;54
src/pki_crypto.c;1;HAVE_OPENSSL_EC_H;1 && !_PKI_CRYPTO_H && HAVE_OPENSSL_EC_H;endif;55;55
src/pki_crypto.c;1;HAVE_OPENSSL_ECDSA_H;1 && !_PKI_CRYPTO_H && HAVE_OPENSSL_ECDSA_H;if;56;56
src/pki_crypto.c;1;HAVE_OPENSSL_ECDSA_H;1 && !_PKI_CRYPTO_H && HAVE_OPENSSL_ECDSA_H;artifact;57;57
src/pki_crypto.c;1;HAVE_OPENSSL_ECDSA_H;1 && !_PKI_CRYPTO_H && HAVE_OPENSSL_ECDSA_H;endif;58;58
src/pki_crypto.c;1;!_PKI_CRYPTO_H;1 && !_PKI_CRYPTO_H;artifact;59;103
src/pki_crypto.c;1;HAVE_OPENSSL_ECC;1 && !_PKI_CRYPTO_H && HAVE_OPENSSL_ECC;if;104;104
src/pki_crypto.c;1;OPENSSL_VERSION_NUMBER__LT__0x30000000L;1 && !_PKI_CRYPTO_H && HAVE_OPENSSL_ECC && OPENSSL_VERSION_NUMBER__LT__0x30000000L;if;105;105
src/pki_crypto.c;1;OPENSSL_VERSION_NUMBER__LT__0x30000000L;1 && !_PKI_CRYPTO_H && HAVE_OPENSSL_ECC && OPENSSL_VERSION_NUMBER__LT__0x30000000L;artifact;106;120
src/pki_crypto.c;1;!OPENSSL_VERSION_NUMBER__LT__0x30000000L;!OPENSSL_VERSION_NUMBER__LT__0x30000000L && 1 && !_PKI_CRYPTO_H && HAVE_OPENSSL_ECC;else;121;121
src/pki_crypto.c;1;!OPENSSL_VERSION_NUMBER__LT__0x30000000L;!OPENSSL_VERSION_NUMBER__LT__0x30000000L && 1 && !_PKI_CRYPTO_H && HAVE_OPENSSL_ECC;artifact;122;137
src/pki_crypto.c;1;!OPENSSL_VERSION_NUMBER__LT__0x30000000L;!OPENSSL_VERSION_NUMBER__LT__0x30000000L && 1 && !_PKI_CRYPTO_H && HAVE_OPENSSL_ECC;endif;138;138
src/pki_crypto.c;1;HAVE_OPENSSL_ECC;1 && !_PKI_CRYPTO_H && HAVE_OPENSSL_ECC;artifact;139;139
src/pki_crypto.c;1;OPENSSL_VERSION_NUMBER__LT__0x30000000L;1 && !_PKI_CRYPTO_H && HAVE_OPENSSL_ECC && OPENSSL_VERSION_NUMBER__LT__0x30000000L;if;140;140
src/pki_crypto.c;1;OPENSSL_VERSION_NUMBER__LT__0x30000000L;1 && !_PKI_CRYPTO_H && HAVE_OPENSSL_ECC && OPENSSL_VERSION_NUMBER__LT__0x30000000L;artifact;141;141
src/pki_crypto.c;1;!OPENSSL_VERSION_NUMBER__LT__0x30000000L;!OPENSSL_VERSION_NUMBER__LT__0x30000000L && 1 && !_PKI_CRYPTO_H && HAVE_OPENSSL_ECC;else;142;142
src/pki_crypto.c;1;!OPENSSL_VERSION_NUMBER__LT__0x30000000L;!OPENSSL_VERSION_NUMBER__LT__0x30000000L && 1 && !_PKI_CRYPTO_H && HAVE_OPENSSL_ECC;artifact;143;143
src/pki_crypto.c;1;!OPENSSL_VERSION_NUMBER__LT__0x30000000L;!OPENSSL_VERSION_NUMBER__LT__0x30000000L && 1 && !_PKI_CRYPTO_H && HAVE_OPENSSL_ECC;endif;144;144
src/pki_crypto.c;1;HAVE_OPENSSL_ECC;1 && !_PKI_CRYPTO_H && HAVE_OPENSSL_ECC;artifact;145;211
src/pki_crypto.c;1;OPENSSL_VERSION_NUMBER__LT__0x30000000L;1 && !_PKI_CRYPTO_H && HAVE_OPENSSL_ECC && OPENSSL_VERSION_NUMBER__LT__0x30000000L;if;212;212
src/pki_crypto.c;1;OPENSSL_VERSION_NUMBER__LT__0x30000000L;1 && !_PKI_CRYPTO_H && HAVE_OPENSSL_ECC && OPENSSL_VERSION_NUMBER__LT__0x30000000L;artifact;213;215
src/pki_crypto.c;1;!OPENSSL_VERSION_NUMBER__LT__0x30000000L;!OPENSSL_VERSION_NUMBER__LT__0x30000000L && 1 && !_PKI_CRYPTO_H && HAVE_OPENSSL_ECC;else;216;216
src/pki_crypto.c;1;!OPENSSL_VERSION_NUMBER__LT__0x30000000L;!OPENSSL_VERSION_NUMBER__LT__0x30000000L && 1 && !_PKI_CRYPTO_H && HAVE_OPENSSL_ECC;artifact;217;222
src/pki_crypto.c;1;!OPENSSL_VERSION_NUMBER__LT__0x30000000L;!OPENSSL_VERSION_NUMBER__LT__0x30000000L && 1 && !_PKI_CRYPTO_H && HAVE_OPENSSL_ECC;endif;223;223
src/pki_crypto.c;1;HAVE_OPENSSL_ECC;1 && !_PKI_CRYPTO_H && HAVE_OPENSSL_ECC;artifact;224;232
src/pki_crypto.c;1;OPENSSL_VERSION_NUMBER__LT__0x30000000L;1 && !_PKI_CRYPTO_H && HAVE_OPENSSL_ECC && OPENSSL_VERSION_NUMBER__LT__0x30000000L;if;233;233
src/pki_crypto.c;1;OPENSSL_VERSION_NUMBER__LT__0x30000000L;1 && !_PKI_CRYPTO_H && HAVE_OPENSSL_ECC && OPENSSL_VERSION_NUMBER__LT__0x30000000L;artifact;234;294
src/pki_crypto.c;1;!OPENSSL_VERSION_NUMBER__LT__0x30000000L;!OPENSSL_VERSION_NUMBER__LT__0x30000000L && 1 && !_PKI_CRYPTO_H && HAVE_OPENSSL_ECC;else;295;295
src/pki_crypto.c;1;!OPENSSL_VERSION_NUMBER__LT__0x30000000L;!OPENSSL_VERSION_NUMBER__LT__0x30000000L && 1 && !_PKI_CRYPTO_H && HAVE_OPENSSL_ECC;artifact;296;327
src/pki_crypto.c;1;!OPENSSL_VERSION_NUMBER__LT__0x30000000L;!OPENSSL_VERSION_NUMBER__LT__0x30000000L && 1 && !_PKI_CRYPTO_H && HAVE_OPENSSL_ECC;endif;328;328
src/pki_crypto.c;1;HAVE_OPENSSL_ECC;1 && !_PKI_CRYPTO_H && HAVE_OPENSSL_ECC;artifact;329;333
src/pki_crypto.c;1;OPENSSL_VERSION_NUMBER__LT__0x30000000L;1 && !_PKI_CRYPTO_H && HAVE_OPENSSL_ECC && OPENSSL_VERSION_NUMBER__LT__0x30000000L;if;334;334
src/pki_crypto.c;1;OPENSSL_VERSION_NUMBER__LT__0x30000000L;1 && !_PKI_CRYPTO_H && HAVE_OPENSSL_ECC && OPENSSL_VERSION_NUMBER__LT__0x30000000L;artifact;335;338
src/pki_crypto.c;1;!OPENSSL_VERSION_NUMBER__LT__0x30000000L;!OPENSSL_VERSION_NUMBER__LT__0x30000000L && 1 && !_PKI_CRYPTO_H && HAVE_OPENSSL_ECC;else;339;339
src/pki_crypto.c;1;!OPENSSL_VERSION_NUMBER__LT__0x30000000L;!OPENSSL_VERSION_NUMBER__LT__0x30000000L && 1 && !_PKI_CRYPTO_H && HAVE_OPENSSL_ECC;artifact;340;341
src/pki_crypto.c;1;!OPENSSL_VERSION_NUMBER__LT__0x30000000L;!OPENSSL_VERSION_NUMBER__LT__0x30000000L && 1 && !_PKI_CRYPTO_H && HAVE_OPENSSL_ECC;endif;342;342
src/pki_crypto.c;1;HAVE_OPENSSL_ECC;1 && !_PKI_CRYPTO_H && HAVE_OPENSSL_ECC;artifact;343;346
src/pki_crypto.c;1;OPENSSL_VERSION_NUMBER__LT__0x30000000L;1 && !_PKI_CRYPTO_H && HAVE_OPENSSL_ECC && OPENSSL_VERSION_NUMBER__LT__0x30000000L;if;347;347
src/pki_crypto.c;1;OPENSSL_VERSION_NUMBER__LT__0x30000000L;1 && !_PKI_CRYPTO_H && HAVE_OPENSSL_ECC && OPENSSL_VERSION_NUMBER__LT__0x30000000L;artifact;348;392
src/pki_crypto.c;1;!OPENSSL_VERSION_NUMBER__LT__0x30000000L;!OPENSSL_VERSION_NUMBER__LT__0x30000000L && 1 && !_PKI_CRYPTO_H && HAVE_OPENSSL_ECC;else;393;393
src/pki_crypto.c;1;!OPENSSL_VERSION_NUMBER__LT__0x30000000L;!OPENSSL_VERSION_NUMBER__LT__0x30000000L && 1 && !_PKI_CRYPTO_H && HAVE_OPENSSL_ECC;artifact;394;413
src/pki_crypto.c;1;!OPENSSL_VERSION_NUMBER__LT__0x30000000L;!OPENSSL_VERSION_NUMBER__LT__0x30000000L && 1 && !_PKI_CRYPTO_H && HAVE_OPENSSL_ECC;endif;414;414
src/pki_crypto.c;1;HAVE_OPENSSL_ECC;1 && !_PKI_CRYPTO_H && HAVE_OPENSSL_ECC;artifact;415;415
src/pki_crypto.c;1;HAVE_OPENSSL_ECC;1 && !_PKI_CRYPTO_H && HAVE_OPENSSL_ECC;endif;416;416
src/pki_crypto.c;1;!_PKI_CRYPTO_H;1 && !_PKI_CRYPTO_H;artifact;417;438
src/pki_crypto.c;1;OPENSSL_VERSION_NUMBER__LT__0x30000000L;1 && !_PKI_CRYPTO_H && OPENSSL_VERSION_NUMBER__LT__0x30000000L;if;439;439
src/pki_crypto.c;1;OPENSSL_VERSION_NUMBER__LT__0x30000000L;1 && !_PKI_CRYPTO_H && OPENSSL_VERSION_NUMBER__LT__0x30000000L;artifact;440;443
src/pki_crypto.c;1;OPENSSL_VERSION_NUMBER__LT__0x30000000L;1 && !_PKI_CRYPTO_H && OPENSSL_VERSION_NUMBER__LT__0x30000000L;endif;444;444
src/pki_crypto.c;1;WITH_PKCS11_URI;1 && !_PKI_CRYPTO_H && WITH_PKCS11_URI;if;445;445
src/pki_crypto.c;1;WITH_PKCS11_URI;1 && !_PKI_CRYPTO_H && WITH_PKCS11_URI;artifact;446;454
src/pki_crypto.c;1;WITH_PKCS11_URI;1 && !_PKI_CRYPTO_H && WITH_PKCS11_URI;endif;455;455
src/pki_crypto.c;1;OPENSSL_VERSION_NUMBER__LT__0x30000000L;1 && !_PKI_CRYPTO_H && OPENSSL_VERSION_NUMBER__LT__0x30000000L;if;456;456
src/pki_crypto.c;1;OPENSSL_VERSION_NUMBER__LT__0x30000000L;1 && !_PKI_CRYPTO_H && OPENSSL_VERSION_NUMBER__LT__0x30000000L;artifact;457;572
src/pki_crypto.c;1;!OPENSSL_VERSION_NUMBER__LT__0x30000000L;!OPENSSL_VERSION_NUMBER__LT__0x30000000L && 1 && !_PKI_CRYPTO_H;else;573;573
src/pki_crypto.c;1;!OPENSSL_VERSION_NUMBER__LT__0x30000000L;!OPENSSL_VERSION_NUMBER__LT__0x30000000L && 1 && !_PKI_CRYPTO_H;artifact;574;577
src/pki_crypto.c;1;!OPENSSL_VERSION_NUMBER__LT__0x30000000L;!OPENSSL_VERSION_NUMBER__LT__0x30000000L && 1 && !_PKI_CRYPTO_H;endif;578;578
src/pki_crypto.c;1;!_PKI_CRYPTO_H;1 && !_PKI_CRYPTO_H;artifact;579;583
src/pki_crypto.c;1;HAVE_OPENSSL_ECC;1 && !_PKI_CRYPTO_H && HAVE_OPENSSL_ECC;if;584;584
src/pki_crypto.c;1;HAVE_OPENSSL_ECC;1 && !_PKI_CRYPTO_H && HAVE_OPENSSL_ECC;artifact;585;585
src/pki_crypto.c;1;WITH_PKCS11_URI;1 && !_PKI_CRYPTO_H && HAVE_OPENSSL_ECC && WITH_PKCS11_URI;if;586;586
src/pki_crypto.c;1;WITH_PKCS11_URI;1 && !_PKI_CRYPTO_H && HAVE_OPENSSL_ECC && WITH_PKCS11_URI;artifact;587;595
src/pki_crypto.c;1;WITH_PKCS11_URI;1 && !_PKI_CRYPTO_H && HAVE_OPENSSL_ECC && WITH_PKCS11_URI;endif;596;596
src/pki_crypto.c;1;OPENSSL_VERSION_NUMBER__LT__0x30000000L;1 && !_PKI_CRYPTO_H && HAVE_OPENSSL_ECC && OPENSSL_VERSION_NUMBER__LT__0x30000000L;if;597;597
src/pki_crypto.c;1;OPENSSL_VERSION_NUMBER__LT__0x30000000L;1 && !_PKI_CRYPTO_H && HAVE_OPENSSL_ECC && OPENSSL_VERSION_NUMBER__LT__0x30000000L;artifact;598;644
src/pki_crypto.c;1;!OPENSSL_VERSION_NUMBER__LT__0x30000000L;!OPENSSL_VERSION_NUMBER__LT__0x30000000L && 1 && !_PKI_CRYPTO_H && HAVE_OPENSSL_ECC;else;645;645
src/pki_crypto.c;1;!OPENSSL_VERSION_NUMBER__LT__0x30000000L;!OPENSSL_VERSION_NUMBER__LT__0x30000000L && 1 && !_PKI_CRYPTO_H && HAVE_OPENSSL_ECC;artifact;646;649
src/pki_crypto.c;1;!OPENSSL_VERSION_NUMBER__LT__0x30000000L;!OPENSSL_VERSION_NUMBER__LT__0x30000000L && 1 && !_PKI_CRYPTO_H && HAVE_OPENSSL_ECC;endif;650;650
src/pki_crypto.c;1;HAVE_OPENSSL_ECC;1 && !_PKI_CRYPTO_H && HAVE_OPENSSL_ECC;artifact;651;651
src/pki_crypto.c;1;HAVE_OPENSSL_ECC;1 && !_PKI_CRYPTO_H && HAVE_OPENSSL_ECC;endif;652;652
src/pki_crypto.c;1;!_PKI_CRYPTO_H;1 && !_PKI_CRYPTO_H;artifact;653;672
src/pki_crypto.c;1;OPENSSL_VERSION_NUMBER__LT__0x30000000L;1 && !_PKI_CRYPTO_H && OPENSSL_VERSION_NUMBER__LT__0x30000000L;if;673;673
src/pki_crypto.c;1;OPENSSL_VERSION_NUMBER__LT__0x30000000L;1 && !_PKI_CRYPTO_H && OPENSSL_VERSION_NUMBER__LT__0x30000000L;artifact;674;675
src/pki_crypto.c;1;!OPENSSL_VERSION_NUMBER__LT__0x30000000L;!OPENSSL_VERSION_NUMBER__LT__0x30000000L && 1 && !_PKI_CRYPTO_H;else;676;676
src/pki_crypto.c;1;!OPENSSL_VERSION_NUMBER__LT__0x30000000L;!OPENSSL_VERSION_NUMBER__LT__0x30000000L && 1 && !_PKI_CRYPTO_H;artifact;677;679
src/pki_crypto.c;1;!OPENSSL_VERSION_NUMBER__LT__0x30000000L;!OPENSSL_VERSION_NUMBER__LT__0x30000000L && 1 && !_PKI_CRYPTO_H;endif;680;680
src/pki_crypto.c;1;!_PKI_CRYPTO_H;1 && !_PKI_CRYPTO_H;artifact;681;681
src/pki_crypto.c;1;OPENSSL_VERSION_NUMBER__LT__0x30000000L;1 && !_PKI_CRYPTO_H && OPENSSL_VERSION_NUMBER__LT__0x30000000L;if;682;682
src/pki_crypto.c;1;OPENSSL_VERSION_NUMBER__LT__0x30000000L;1 && !_PKI_CRYPTO_H && OPENSSL_VERSION_NUMBER__LT__0x30000000L;artifact;683;711
src/pki_crypto.c;1;!OPENSSL_VERSION_NUMBER__LT__0x30000000L;!OPENSSL_VERSION_NUMBER__LT__0x30000000L && 1 && !_PKI_CRYPTO_H;else;712;712
src/pki_crypto.c;1;!OPENSSL_VERSION_NUMBER__LT__0x30000000L;!OPENSSL_VERSION_NUMBER__LT__0x30000000L && 1 && !_PKI_CRYPTO_H;artifact;713;735
src/pki_crypto.c;1;!OPENSSL_VERSION_NUMBER__LT__0x30000000L;!OPENSSL_VERSION_NUMBER__LT__0x30000000L && 1 && !_PKI_CRYPTO_H;endif;736;736
src/pki_crypto.c;1;!_PKI_CRYPTO_H;1 && !_PKI_CRYPTO_H;artifact;737;739
src/pki_crypto.c;1;HAVE_OPENSSL_ECC;1 && !_PKI_CRYPTO_H && HAVE_OPENSSL_ECC;if;740;740
src/pki_crypto.c;1;HAVE_OPENSSL_ECC;1 && !_PKI_CRYPTO_H && HAVE_OPENSSL_ECC;artifact;741;742
src/pki_crypto.c;1;OPENSSL_VERSION_NUMBER__LT__0x30000000L;1 && !_PKI_CRYPTO_H && HAVE_OPENSSL_ECC && OPENSSL_VERSION_NUMBER__LT__0x30000000L;if;743;743
src/pki_crypto.c;1;OPENSSL_VERSION_NUMBER__LT__0x30000000L;1 && !_PKI_CRYPTO_H && HAVE_OPENSSL_ECC && OPENSSL_VERSION_NUMBER__LT__0x30000000L;artifact;744;745
src/pki_crypto.c;1;!OPENSSL_VERSION_NUMBER__LT__0x30000000L;!OPENSSL_VERSION_NUMBER__LT__0x30000000L && 1 && !_PKI_CRYPTO_H && HAVE_OPENSSL_ECC;else;746;746
src/pki_crypto.c;1;!OPENSSL_VERSION_NUMBER__LT__0x30000000L;!OPENSSL_VERSION_NUMBER__LT__0x30000000L && 1 && !_PKI_CRYPTO_H && HAVE_OPENSSL_ECC;artifact;747;747
src/pki_crypto.c;1;!OPENSSL_VERSION_NUMBER__LT__0x30000000L;!OPENSSL_VERSION_NUMBER__LT__0x30000000L && 1 && !_PKI_CRYPTO_H && HAVE_OPENSSL_ECC;endif;748;748
src/pki_crypto.c;1;HAVE_OPENSSL_ECC;1 && !_PKI_CRYPTO_H && HAVE_OPENSSL_ECC;artifact;749;752
src/pki_crypto.c;1;OPENSSL_VERSION_NUMBER__GEQ__0x30000000L;1 && !_PKI_CRYPTO_H && HAVE_OPENSSL_ECC && OPENSSL_VERSION_NUMBER__GEQ__0x30000000L;if;753;753
src/pki_crypto.c;1;OPENSSL_VERSION_NUMBER__GEQ__0x30000000L;1 && !_PKI_CRYPTO_H && HAVE_OPENSSL_ECC && OPENSSL_VERSION_NUMBER__GEQ__0x30000000L;artifact;754;754
src/pki_crypto.c;1;OPENSSL_VERSION_NUMBER__GEQ__0x30000000L;1 && !_PKI_CRYPTO_H && HAVE_OPENSSL_ECC && OPENSSL_VERSION_NUMBER__GEQ__0x30000000L;endif;755;755
src/pki_crypto.c;1;HAVE_OPENSSL_ECC;1 && !_PKI_CRYPTO_H && HAVE_OPENSSL_ECC;artifact;756;759
src/pki_crypto.c;1;OPENSSL_VERSION_NUMBER__GEQ__0x30000000L;1 && !_PKI_CRYPTO_H && HAVE_OPENSSL_ECC && OPENSSL_VERSION_NUMBER__GEQ__0x30000000L;if;760;760
src/pki_crypto.c;1;OPENSSL_VERSION_NUMBER__GEQ__0x30000000L;1 && !_PKI_CRYPTO_H && HAVE_OPENSSL_ECC && OPENSSL_VERSION_NUMBER__GEQ__0x30000000L;artifact;761;761
src/pki_crypto.c;1;OPENSSL_VERSION_NUMBER__GEQ__0x30000000L;1 && !_PKI_CRYPTO_H && HAVE_OPENSSL_ECC && OPENSSL_VERSION_NUMBER__GEQ__0x30000000L;endif;762;762
src/pki_crypto.c;1;HAVE_OPENSSL_ECC;1 && !_PKI_CRYPTO_H && HAVE_OPENSSL_ECC;artifact;763;766
src/pki_crypto.c;1;OPENSSL_VERSION_NUMBER__GEQ__0x30000000L;1 && !_PKI_CRYPTO_H && HAVE_OPENSSL_ECC && OPENSSL_VERSION_NUMBER__GEQ__0x30000000L;if;767;767
src/pki_crypto.c;1;OPENSSL_VERSION_NUMBER__GEQ__0x30000000L;1 && !_PKI_CRYPTO_H && HAVE_OPENSSL_ECC && OPENSSL_VERSION_NUMBER__GEQ__0x30000000L;artifact;768;768
src/pki_crypto.c;1;OPENSSL_VERSION_NUMBER__GEQ__0x30000000L;1 && !_PKI_CRYPTO_H && HAVE_OPENSSL_ECC && OPENSSL_VERSION_NUMBER__GEQ__0x30000000L;endif;769;769
src/pki_crypto.c;1;HAVE_OPENSSL_ECC;1 && !_PKI_CRYPTO_H && HAVE_OPENSSL_ECC;artifact;770;775
src/pki_crypto.c;1;OPENSSL_VERSION_NUMBER__LT__0x30000000L;1 && !_PKI_CRYPTO_H && HAVE_OPENSSL_ECC && OPENSSL_VERSION_NUMBER__LT__0x30000000L;if;776;776
src/pki_crypto.c;1;OPENSSL_VERSION_NUMBER__LT__0x30000000L;1 && !_PKI_CRYPTO_H && HAVE_OPENSSL_ECC && OPENSSL_VERSION_NUMBER__LT__0x30000000L;artifact;777;799
src/pki_crypto.c;1;!OPENSSL_VERSION_NUMBER__LT__0x30000000L;!OPENSSL_VERSION_NUMBER__LT__0x30000000L && 1 && !_PKI_CRYPTO_H && HAVE_OPENSSL_ECC;else;800;800
src/pki_crypto.c;1;!OPENSSL_VERSION_NUMBER__LT__0x30000000L;!OPENSSL_VERSION_NUMBER__LT__0x30000000L && 1 && !_PKI_CRYPTO_H && HAVE_OPENSSL_ECC;artifact;801;804
src/pki_crypto.c;1;!OPENSSL_VERSION_NUMBER__LT__0x30000000L;!OPENSSL_VERSION_NUMBER__LT__0x30000000L && 1 && !_PKI_CRYPTO_H && HAVE_OPENSSL_ECC;endif;805;805
src/pki_crypto.c;1;HAVE_OPENSSL_ECC;1 && !_PKI_CRYPTO_H && HAVE_OPENSSL_ECC;artifact;806;808
src/pki_crypto.c;1;HAVE_OPENSSL_ECC;1 && !_PKI_CRYPTO_H && HAVE_OPENSSL_ECC;endif;809;809
src/pki_crypto.c;1;!_PKI_CRYPTO_H;1 && !_PKI_CRYPTO_H;artifact;810;826
src/pki_crypto.c;1;OPENSSL_VERSION_NUMBER__LT__0x30000000L;1 && !_PKI_CRYPTO_H && OPENSSL_VERSION_NUMBER__LT__0x30000000L;if;827;827
src/pki_crypto.c;1;HAVE_OPENSSL_ECC;1 && !_PKI_CRYPTO_H && OPENSSL_VERSION_NUMBER__LT__0x30000000L && HAVE_OPENSSL_ECC;if;828;828
src/pki_crypto.c;1;HAVE_OPENSSL_ECC;1 && !_PKI_CRYPTO_H && OPENSSL_VERSION_NUMBER__LT__0x30000000L && HAVE_OPENSSL_ECC;artifact;829;865
src/pki_crypto.c;1;HAVE_OPENSSL_ECC;1 && !_PKI_CRYPTO_H && OPENSSL_VERSION_NUMBER__LT__0x30000000L && HAVE_OPENSSL_ECC;endif;866;866
src/pki_crypto.c;1;OPENSSL_VERSION_NUMBER__LT__0x30000000L;1 && !_PKI_CRYPTO_H && OPENSSL_VERSION_NUMBER__LT__0x30000000L;endif;867;867
src/pki_crypto.c;1;!_PKI_CRYPTO_H;1 && !_PKI_CRYPTO_H;artifact;868;1006
src/pki_crypto.c;1;OPENSSL_VERSION_NUMBER__LT__0x30000000L;1 && !_PKI_CRYPTO_H && OPENSSL_VERSION_NUMBER__LT__0x30000000L;if;1007;1007
src/pki_crypto.c;1;OPENSSL_VERSION_NUMBER__LT__0x30000000L;1 && !_PKI_CRYPTO_H && OPENSSL_VERSION_NUMBER__LT__0x30000000L;artifact;1008;1008
src/pki_crypto.c;1;OPENSSL_VERSION_NUMBER__LT__0x30000000L;1 && !_PKI_CRYPTO_H && OPENSSL_VERSION_NUMBER__LT__0x30000000L;endif;1009;1009
src/pki_crypto.c;1;!_PKI_CRYPTO_H;1 && !_PKI_CRYPTO_H;artifact;1010;1043
src/pki_crypto.c;1;HAVE_OPENSSL_ECC;1 && !_PKI_CRYPTO_H && HAVE_OPENSSL_ECC;if;1044;1044
src/pki_crypto.c;1;OPENSSL_VERSION_NUMBER__LT__0x30000000L;1 && !_PKI_CRYPTO_H && HAVE_OPENSSL_ECC && OPENSSL_VERSION_NUMBER__LT__0x30000000L;if;1045;1045
src/pki_crypto.c;1;OPENSSL_VERSION_NUMBER__LT__0x30000000L;1 && !_PKI_CRYPTO_H && HAVE_OPENSSL_ECC && OPENSSL_VERSION_NUMBER__LT__0x30000000L;artifact;1046;1052
src/pki_crypto.c;1;OPENSSL_VERSION_NUMBER__LT__0x30000000L;1 && !_PKI_CRYPTO_H && HAVE_OPENSSL_ECC && OPENSSL_VERSION_NUMBER__LT__0x30000000L;endif;1053;1053
src/pki_crypto.c;1;HAVE_OPENSSL_ECC;1 && !_PKI_CRYPTO_H && HAVE_OPENSSL_ECC;artifact;1054;1056
src/pki_crypto.c;1;OPENSSL_VERSION_NUMBER__LT__0x30000000L;1 && !_PKI_CRYPTO_H && HAVE_OPENSSL_ECC && OPENSSL_VERSION_NUMBER__LT__0x30000000L;if;1057;1057
src/pki_crypto.c;1;OPENSSL_VERSION_NUMBER__LT__0x30000000L;1 && !_PKI_CRYPTO_H && HAVE_OPENSSL_ECC && OPENSSL_VERSION_NUMBER__LT__0x30000000L;artifact;1058;1058
src/pki_crypto.c;1;!OPENSSL_VERSION_NUMBER__LT__0x30000000L;!OPENSSL_VERSION_NUMBER__LT__0x30000000L && 1 && !_PKI_CRYPTO_H && HAVE_OPENSSL_ECC;else;1059;1059
src/pki_crypto.c;1;!OPENSSL_VERSION_NUMBER__LT__0x30000000L;!OPENSSL_VERSION_NUMBER__LT__0x30000000L && 1 && !_PKI_CRYPTO_H && HAVE_OPENSSL_ECC;artifact;1060;1060
src/pki_crypto.c;1;!OPENSSL_VERSION_NUMBER__LT__0x30000000L;!OPENSSL_VERSION_NUMBER__LT__0x30000000L && 1 && !_PKI_CRYPTO_H && HAVE_OPENSSL_ECC;endif;1061;1061
src/pki_crypto.c;1;HAVE_OPENSSL_ECC;1 && !_PKI_CRYPTO_H && HAVE_OPENSSL_ECC;artifact;1062;1067
src/pki_crypto.c;1;HAVE_OPENSSL_ECC;1 && !_PKI_CRYPTO_H && HAVE_OPENSSL_ECC;endif;1068;1068
src/pki_crypto.c;1;!_PKI_CRYPTO_H;1 && !_PKI_CRYPTO_H;artifact;1069;1138
src/pki_crypto.c;1;HAVE_OPENSSL_ECC;1 && !_PKI_CRYPTO_H && HAVE_OPENSSL_ECC;if;1139;1139
src/pki_crypto.c;1;HAVE_OPENSSL_ECC;1 && !_PKI_CRYPTO_H && HAVE_OPENSSL_ECC;artifact;1140;1140
src/pki_crypto.c;1;OPENSSL_VERSION_NUMBER__LT__0x30000000L;1 && !_PKI_CRYPTO_H && HAVE_OPENSSL_ECC && OPENSSL_VERSION_NUMBER__LT__0x30000000L;if;1141;1141
src/pki_crypto.c;1;OPENSSL_VERSION_NUMBER__LT__0x30000000L;1 && !_PKI_CRYPTO_H && HAVE_OPENSSL_ECC && OPENSSL_VERSION_NUMBER__LT__0x30000000L;artifact;1142;1142
src/pki_crypto.c;1;!OPENSSL_VERSION_NUMBER__LT__0x30000000L;!OPENSSL_VERSION_NUMBER__LT__0x30000000L && 1 && !_PKI_CRYPTO_H && HAVE_OPENSSL_ECC;else;1143;1143
src/pki_crypto.c;1;!OPENSSL_VERSION_NUMBER__LT__0x30000000L;!OPENSSL_VERSION_NUMBER__LT__0x30000000L && 1 && !_PKI_CRYPTO_H && HAVE_OPENSSL_ECC;artifact;1144;1144
src/pki_crypto.c;1;!OPENSSL_VERSION_NUMBER__LT__0x30000000L;!OPENSSL_VERSION_NUMBER__LT__0x30000000L && 1 && !_PKI_CRYPTO_H && HAVE_OPENSSL_ECC;endif;1145;1145
src/pki_crypto.c;1;HAVE_OPENSSL_ECC;1 && !_PKI_CRYPTO_H && HAVE_OPENSSL_ECC;artifact;1146;1146
src/pki_crypto.c;1;HAVE_OPENSSL_ECC;1 && !_PKI_CRYPTO_H && HAVE_OPENSSL_ECC;endif;1147;1147
src/pki_crypto.c;1;!_PKI_CRYPTO_H;1 && !_PKI_CRYPTO_H;artifact;1148;1172
src/pki_crypto.c;1;OPENSSL_VERSION_NUMBER__GEQ__0x30000000L;1 && !_PKI_CRYPTO_H && OPENSSL_VERSION_NUMBER__GEQ__0x30000000L;if;1173;1173
src/pki_crypto.c;1;OPENSSL_VERSION_NUMBER__GEQ__0x30000000L;1 && !_PKI_CRYPTO_H && OPENSSL_VERSION_NUMBER__GEQ__0x30000000L;artifact;1174;1177
src/pki_crypto.c;1;!OPENSSL_VERSION_NUMBER__GEQ__0x30000000L;!OPENSSL_VERSION_NUMBER__GEQ__0x30000000L && 1 && !_PKI_CRYPTO_H;else;1178;1178
src/pki_crypto.c;1;!OPENSSL_VERSION_NUMBER__GEQ__0x30000000L;!OPENSSL_VERSION_NUMBER__GEQ__0x30000000L && 1 && !_PKI_CRYPTO_H;artifact;1179;1182
src/pki_crypto.c;1;!OPENSSL_VERSION_NUMBER__GEQ__0x30000000L;!OPENSSL_VERSION_NUMBER__GEQ__0x30000000L && 1 && !_PKI_CRYPTO_H;endif;1183;1183
src/pki_crypto.c;1;!_PKI_CRYPTO_H;1 && !_PKI_CRYPTO_H;artifact;1184;1223
src/pki_crypto.c;1;OPENSSL_VERSION_NUMBER__LT__0x30000000L;1 && !_PKI_CRYPTO_H && OPENSSL_VERSION_NUMBER__LT__0x30000000L;if;1224;1224
src/pki_crypto.c;1;OPENSSL_VERSION_NUMBER__LT__0x30000000L;1 && !_PKI_CRYPTO_H && OPENSSL_VERSION_NUMBER__LT__0x30000000L;artifact;1225;1264
src/pki_crypto.c;1;!OPENSSL_VERSION_NUMBER__LT__0x30000000L;!OPENSSL_VERSION_NUMBER__LT__0x30000000L && 1 && !_PKI_CRYPTO_H;else;1265;1265
src/pki_crypto.c;1;!OPENSSL_VERSION_NUMBER__LT__0x30000000L;!OPENSSL_VERSION_NUMBER__LT__0x30000000L && 1 && !_PKI_CRYPTO_H;artifact;1266;1335
src/pki_crypto.c;1;!OPENSSL_VERSION_NUMBER__LT__0x30000000L;!OPENSSL_VERSION_NUMBER__LT__0x30000000L && 1 && !_PKI_CRYPTO_H;endif;1336;1336
src/pki_crypto.c;1;!_PKI_CRYPTO_H;1 && !_PKI_CRYPTO_H;artifact;1337;1343
src/pki_crypto.c;1;OPENSSL_VERSION_NUMBER__GEQ__0x30000000L;1 && !_PKI_CRYPTO_H && OPENSSL_VERSION_NUMBER__GEQ__0x30000000L;if;1344;1344
src/pki_crypto.c;1;OPENSSL_VERSION_NUMBER__GEQ__0x30000000L;1 && !_PKI_CRYPTO_H && OPENSSL_VERSION_NUMBER__GEQ__0x30000000L;artifact;1345;1348
src/pki_crypto.c;1;!OPENSSL_VERSION_NUMBER__GEQ__0x30000000L;!OPENSSL_VERSION_NUMBER__GEQ__0x30000000L && 1 && !_PKI_CRYPTO_H;else;1349;1349
src/pki_crypto.c;1;!OPENSSL_VERSION_NUMBER__GEQ__0x30000000L;!OPENSSL_VERSION_NUMBER__GEQ__0x30000000L && 1 && !_PKI_CRYPTO_H;artifact;1350;1353
src/pki_crypto.c;1;!OPENSSL_VERSION_NUMBER__GEQ__0x30000000L;!OPENSSL_VERSION_NUMBER__GEQ__0x30000000L && 1 && !_PKI_CRYPTO_H;endif;1354;1354
src/pki_crypto.c;1;!_PKI_CRYPTO_H;1 && !_PKI_CRYPTO_H;artifact;1355;1362
src/pki_crypto.c;1;OPENSSL_VERSION_NUMBER__LT__0x30000000L;1 && !_PKI_CRYPTO_H && OPENSSL_VERSION_NUMBER__LT__0x30000000L;if;1363;1363
src/pki_crypto.c;1;OPENSSL_VERSION_NUMBER__LT__0x30000000L;1 && !_PKI_CRYPTO_H && OPENSSL_VERSION_NUMBER__LT__0x30000000L;artifact;1364;1384
src/pki_crypto.c;1;!OPENSSL_VERSION_NUMBER__LT__0x30000000L;!OPENSSL_VERSION_NUMBER__LT__0x30000000L && 1 && !_PKI_CRYPTO_H;else;1385;1385
src/pki_crypto.c;1;!OPENSSL_VERSION_NUMBER__LT__0x30000000L;!OPENSSL_VERSION_NUMBER__LT__0x30000000L && 1 && !_PKI_CRYPTO_H;artifact;1386;1404
src/pki_crypto.c;1;!OPENSSL_VERSION_NUMBER__LT__0x30000000L;!OPENSSL_VERSION_NUMBER__LT__0x30000000L && 1 && !_PKI_CRYPTO_H;endif;1405;1405
src/pki_crypto.c;1;!_PKI_CRYPTO_H;1 && !_PKI_CRYPTO_H;artifact;1406;1420
src/pki_crypto.c;1;OPENSSL_VERSION_NUMBER__GEQ__0x30000000L;1 && !_PKI_CRYPTO_H && OPENSSL_VERSION_NUMBER__GEQ__0x30000000L;if;1421;1421
src/pki_crypto.c;1;OPENSSL_VERSION_NUMBER__GEQ__0x30000000L;1 && !_PKI_CRYPTO_H && OPENSSL_VERSION_NUMBER__GEQ__0x30000000L;artifact;1422;1425
src/pki_crypto.c;1;OPENSSL_VERSION_NUMBER__GEQ__0x30000000L;1 && !_PKI_CRYPTO_H && OPENSSL_VERSION_NUMBER__GEQ__0x30000000L;endif;1426;1426
src/pki_crypto.c;1;!_PKI_CRYPTO_H;1 && !_PKI_CRYPTO_H;artifact;1427;1457
src/pki_crypto.c;1;OPENSSL_VERSION_NUMBER__LT__0x30000000L;1 && !_PKI_CRYPTO_H && OPENSSL_VERSION_NUMBER__LT__0x30000000L;if;1458;1458
src/pki_crypto.c;1;OPENSSL_VERSION_NUMBER__LT__0x30000000L;1 && !_PKI_CRYPTO_H && OPENSSL_VERSION_NUMBER__LT__0x30000000L;artifact;1459;1461
src/pki_crypto.c;1;!OPENSSL_VERSION_NUMBER__LT__0x30000000L;!OPENSSL_VERSION_NUMBER__LT__0x30000000L && 1 && !_PKI_CRYPTO_H;else;1462;1462
src/pki_crypto.c;1;!OPENSSL_VERSION_NUMBER__LT__0x30000000L;!OPENSSL_VERSION_NUMBER__LT__0x30000000L && 1 && !_PKI_CRYPTO_H;artifact;1463;1485
src/pki_crypto.c;1;!OPENSSL_VERSION_NUMBER__LT__0x30000000L;!OPENSSL_VERSION_NUMBER__LT__0x30000000L && 1 && !_PKI_CRYPTO_H;endif;1486;1486
src/pki_crypto.c;1;!_PKI_CRYPTO_H;1 && !_PKI_CRYPTO_H;artifact;1487;1507
src/pki_crypto.c;1;OPENSSL_VERSION_NUMBER__LT__0x30000000L;1 && !_PKI_CRYPTO_H && OPENSSL_VERSION_NUMBER__LT__0x30000000L;if;1508;1508
src/pki_crypto.c;1;OPENSSL_VERSION_NUMBER__LT__0x30000000L;1 && !_PKI_CRYPTO_H && OPENSSL_VERSION_NUMBER__LT__0x30000000L;artifact;1509;1512
src/pki_crypto.c;1;!OPENSSL_VERSION_NUMBER__LT__0x30000000L;!OPENSSL_VERSION_NUMBER__LT__0x30000000L && 1 && !_PKI_CRYPTO_H;else;1513;1513
src/pki_crypto.c;1;!OPENSSL_VERSION_NUMBER__LT__0x30000000L;!OPENSSL_VERSION_NUMBER__LT__0x30000000L && 1 && !_PKI_CRYPTO_H;artifact;1514;1558
src/pki_crypto.c;1;!OPENSSL_VERSION_NUMBER__LT__0x30000000L;!OPENSSL_VERSION_NUMBER__LT__0x30000000L && 1 && !_PKI_CRYPTO_H;endif;1559;1559
src/pki_crypto.c;1;!_PKI_CRYPTO_H;1 && !_PKI_CRYPTO_H;artifact;1560;1617
src/pki_crypto.c;1;OPENSSL_VERSION_NUMBER__GEQ__0x30000000L;1 && !_PKI_CRYPTO_H && OPENSSL_VERSION_NUMBER__GEQ__0x30000000L;if;1618;1618
src/pki_crypto.c;1;OPENSSL_VERSION_NUMBER__GEQ__0x30000000L;1 && !_PKI_CRYPTO_H && OPENSSL_VERSION_NUMBER__GEQ__0x30000000L;artifact;1619;1622
src/pki_crypto.c;1;OPENSSL_VERSION_NUMBER__GEQ__0x30000000L;1 && !_PKI_CRYPTO_H && OPENSSL_VERSION_NUMBER__GEQ__0x30000000L;endif;1623;1623
src/pki_crypto.c;1;!_PKI_CRYPTO_H;1 && !_PKI_CRYPTO_H;artifact;1624;1630
src/pki_crypto.c;1;OPENSSL_VERSION_NUMBER__GEQ__0x30000000L;1 && !_PKI_CRYPTO_H && OPENSSL_VERSION_NUMBER__GEQ__0x30000000L;if;1631;1631
src/pki_crypto.c;1;OPENSSL_VERSION_NUMBER__GEQ__0x30000000L;1 && !_PKI_CRYPTO_H && OPENSSL_VERSION_NUMBER__GEQ__0x30000000L;artifact;1632;1634
src/pki_crypto.c;1;OPENSSL_VERSION_NUMBER__GEQ__0x30000000L;1 && !_PKI_CRYPTO_H && OPENSSL_VERSION_NUMBER__GEQ__0x30000000L;endif;1635;1635
src/pki_crypto.c;1;!_PKI_CRYPTO_H;1 && !_PKI_CRYPTO_H;artifact;1636;1662
src/pki_crypto.c;1;HAVE_OPENSSL_ECC;1 && !_PKI_CRYPTO_H && HAVE_OPENSSL_ECC;if;1663;1663
src/pki_crypto.c;1;HAVE_OPENSSL_ECC;1 && !_PKI_CRYPTO_H && HAVE_OPENSSL_ECC;artifact;1664;1664
src/pki_crypto.c;1;OPENSSL_VERSION_NUMBER__GEQ__0x30000000L;1 && !_PKI_CRYPTO_H && HAVE_OPENSSL_ECC && OPENSSL_VERSION_NUMBER__GEQ__0x30000000L;if;1665;1665
src/pki_crypto.c;1;OPENSSL_VERSION_NUMBER__GEQ__0x30000000L;1 && !_PKI_CRYPTO_H && HAVE_OPENSSL_ECC && OPENSSL_VERSION_NUMBER__GEQ__0x30000000L;artifact;1666;1670
src/pki_crypto.c;1;!OPENSSL_VERSION_NUMBER__GEQ__0x30000000L;!OPENSSL_VERSION_NUMBER__GEQ__0x30000000L && 1 && !_PKI_CRYPTO_H && HAVE_OPENSSL_ECC;else;1671;1671
src/pki_crypto.c;1;!OPENSSL_VERSION_NUMBER__GEQ__0x30000000L;!OPENSSL_VERSION_NUMBER__GEQ__0x30000000L && 1 && !_PKI_CRYPTO_H && HAVE_OPENSSL_ECC;artifact;1672;1675
src/pki_crypto.c;1;!OPENSSL_VERSION_NUMBER__GEQ__0x30000000L;!OPENSSL_VERSION_NUMBER__GEQ__0x30000000L && 1 && !_PKI_CRYPTO_H && HAVE_OPENSSL_ECC;endif;1676;1676
src/pki_crypto.c;1;HAVE_OPENSSL_ECC;1 && !_PKI_CRYPTO_H && HAVE_OPENSSL_ECC;artifact;1677;1690
src/pki_crypto.c;1;OPENSSL_VERSION_NUMBER__LT__0x30000000L;1 && !_PKI_CRYPTO_H && HAVE_OPENSSL_ECC && OPENSSL_VERSION_NUMBER__LT__0x30000000L;if;1691;1691
src/pki_crypto.c;1;OPENSSL_VERSION_NUMBER__LT__0x30000000L;1 && !_PKI_CRYPTO_H && HAVE_OPENSSL_ECC && OPENSSL_VERSION_NUMBER__LT__0x30000000L;artifact;1692;1695
src/pki_crypto.c;1;WITH_PKCS11_URI;1 && !_PKI_CRYPTO_H && HAVE_OPENSSL_ECC && OPENSSL_VERSION_NUMBER__LT__0x30000000L && WITH_PKCS11_URI;if;1696;1696
src/pki_crypto.c;1;WITH_PKCS11_URI;1 && !_PKI_CRYPTO_H && HAVE_OPENSSL_ECC && OPENSSL_VERSION_NUMBER__LT__0x30000000L && WITH_PKCS11_URI;artifact;1697;1703
src/pki_crypto.c;1;WITH_PKCS11_URI;1 && !_PKI_CRYPTO_H && HAVE_OPENSSL_ECC && OPENSSL_VERSION_NUMBER__LT__0x30000000L && WITH_PKCS11_URI;endif;1704;1704
src/pki_crypto.c;1;OPENSSL_VERSION_NUMBER__LT__0x30000000L;1 && !_PKI_CRYPTO_H && HAVE_OPENSSL_ECC && OPENSSL_VERSION_NUMBER__LT__0x30000000L;artifact;1705;1710
src/pki_crypto.c;1;!OPENSSL_VERSION_NUMBER__LT__0x30000000L;!OPENSSL_VERSION_NUMBER__LT__0x30000000L && 1 && !_PKI_CRYPTO_H && HAVE_OPENSSL_ECC;else;1711;1711
src/pki_crypto.c;1;!OPENSSL_VERSION_NUMBER__LT__0x30000000L;!OPENSSL_VERSION_NUMBER__LT__0x30000000L && 1 && !_PKI_CRYPTO_H && HAVE_OPENSSL_ECC;artifact;1712;1717
src/pki_crypto.c;1;WITH_PKCS11_URI;!OPENSSL_VERSION_NUMBER__LT__0x30000000L && 1 && !_PKI_CRYPTO_H && HAVE_OPENSSL_ECC && WITH_PKCS11_URI;if;1718;1718
src/pki_crypto.c;1;WITH_PKCS11_URI;!OPENSSL_VERSION_NUMBER__LT__0x30000000L && 1 && !_PKI_CRYPTO_H && HAVE_OPENSSL_ECC && WITH_PKCS11_URI;artifact;1719;1725
src/pki_crypto.c;1;WITH_PKCS11_URI;!OPENSSL_VERSION_NUMBER__LT__0x30000000L && 1 && !_PKI_CRYPTO_H && HAVE_OPENSSL_ECC && WITH_PKCS11_URI;endif;1726;1726
src/pki_crypto.c;1;!OPENSSL_VERSION_NUMBER__LT__0x30000000L;!OPENSSL_VERSION_NUMBER__LT__0x30000000L && 1 && !_PKI_CRYPTO_H && HAVE_OPENSSL_ECC;artifact;1727;1744
src/pki_crypto.c;1;!OPENSSL_VERSION_NUMBER__LT__0x30000000L;!OPENSSL_VERSION_NUMBER__LT__0x30000000L && 1 && !_PKI_CRYPTO_H && HAVE_OPENSSL_ECC;endif;1745;1745
src/pki_crypto.c;1;HAVE_OPENSSL_ECC;1 && !_PKI_CRYPTO_H && HAVE_OPENSSL_ECC;artifact;1746;1759
src/pki_crypto.c;1;OPENSSL_VERSION_NUMBER__GEQ__0x30000000L;1 && !_PKI_CRYPTO_H && HAVE_OPENSSL_ECC && OPENSSL_VERSION_NUMBER__GEQ__0x30000000L;if;1760;1760
src/pki_crypto.c;1;OPENSSL_VERSION_NUMBER__GEQ__0x30000000L;1 && !_PKI_CRYPTO_H && HAVE_OPENSSL_ECC && OPENSSL_VERSION_NUMBER__GEQ__0x30000000L;artifact;1761;1778
src/pki_crypto.c;1;!OPENSSL_VERSION_NUMBER__GEQ__0x30000000L;!OPENSSL_VERSION_NUMBER__GEQ__0x30000000L && 1 && !_PKI_CRYPTO_H && HAVE_OPENSSL_ECC;else;1779;1779
src/pki_crypto.c;1;!OPENSSL_VERSION_NUMBER__GEQ__0x30000000L;!OPENSSL_VERSION_NUMBER__GEQ__0x30000000L && 1 && !_PKI_CRYPTO_H && HAVE_OPENSSL_ECC;artifact;1780;1791
src/pki_crypto.c;1;!OPENSSL_VERSION_NUMBER__GEQ__0x30000000L;!OPENSSL_VERSION_NUMBER__GEQ__0x30000000L && 1 && !_PKI_CRYPTO_H && HAVE_OPENSSL_ECC;endif;1792;1792
src/pki_crypto.c;1;HAVE_OPENSSL_ECC;1 && !_PKI_CRYPTO_H && HAVE_OPENSSL_ECC;artifact;1793;1802
src/pki_crypto.c;1;OPENSSL_VERSION_NUMBER__GEQ__0x30000000L;1 && !_PKI_CRYPTO_H && HAVE_OPENSSL_ECC && OPENSSL_VERSION_NUMBER__GEQ__0x30000000L;if;1803;1803
src/pki_crypto.c;1;OPENSSL_VERSION_NUMBER__GEQ__0x30000000L;1 && !_PKI_CRYPTO_H && HAVE_OPENSSL_ECC && OPENSSL_VERSION_NUMBER__GEQ__0x30000000L;artifact;1804;1805
src/pki_crypto.c;1;OPENSSL_VERSION_NUMBER__GEQ__0x30000000L;1 && !_PKI_CRYPTO_H && HAVE_OPENSSL_ECC && OPENSSL_VERSION_NUMBER__GEQ__0x30000000L;endif;1806;1806
src/pki_crypto.c;1;HAVE_OPENSSL_ECC;1 && !_PKI_CRYPTO_H && HAVE_OPENSSL_ECC;artifact;1807;1808
src/pki_crypto.c;1;HAVE_OPENSSL_ECC;1 && !_PKI_CRYPTO_H && HAVE_OPENSSL_ECC;endif;1809;1809
src/pki_crypto.c;1;!_PKI_CRYPTO_H;1 && !_PKI_CRYPTO_H;artifact;1810;1845
src/pki_crypto.c;1;OPENSSL_VERSION_NUMBER__GEQ__0x30000000L;1 && !_PKI_CRYPTO_H && OPENSSL_VERSION_NUMBER__GEQ__0x30000000L;if;1846;1846
src/pki_crypto.c;1;OPENSSL_VERSION_NUMBER__GEQ__0x30000000L;1 && !_PKI_CRYPTO_H && OPENSSL_VERSION_NUMBER__GEQ__0x30000000L;artifact;1847;1855
src/pki_crypto.c;1;OPENSSL_VERSION_NUMBER__GEQ__0x30000000L;1 && !_PKI_CRYPTO_H && OPENSSL_VERSION_NUMBER__GEQ__0x30000000L;endif;1856;1856
src/pki_crypto.c;1;!_PKI_CRYPTO_H;1 && !_PKI_CRYPTO_H;artifact;1857;1962
src/pki_crypto.c;1;HAVE_OPENSSL_ECC;1 && !_PKI_CRYPTO_H && HAVE_OPENSSL_ECC;if;1963;1963
src/pki_crypto.c;1;HAVE_OPENSSL_ECC;1 && !_PKI_CRYPTO_H && HAVE_OPENSSL_ECC;artifact;1964;1965
src/pki_crypto.c;1;HAVE_OPENSSL_ECC;1 && !_PKI_CRYPTO_H && HAVE_OPENSSL_ECC;endif;1966;1966
src/pki_crypto.c;1;!_PKI_CRYPTO_H;1 && !_PKI_CRYPTO_H;artifact;1967;1987
src/pki_crypto.c;1;OPENSSL_VERSION_NUMBER__LT__0x30000000L;1 && !_PKI_CRYPTO_H && OPENSSL_VERSION_NUMBER__LT__0x30000000L;if;1988;1988
src/pki_crypto.c;1;OPENSSL_VERSION_NUMBER__LT__0x30000000L;1 && !_PKI_CRYPTO_H && OPENSSL_VERSION_NUMBER__LT__0x30000000L;artifact;1989;1996
src/pki_crypto.c;1;!OPENSSL_VERSION_NUMBER__LT__0x30000000L;!OPENSSL_VERSION_NUMBER__LT__0x30000000L && 1 && !_PKI_CRYPTO_H;else;1997;1997
src/pki_crypto.c;1;!OPENSSL_VERSION_NUMBER__LT__0x30000000L;!OPENSSL_VERSION_NUMBER__LT__0x30000000L && 1 && !_PKI_CRYPTO_H;artifact;1998;2003
src/pki_crypto.c;1;!OPENSSL_VERSION_NUMBER__LT__0x30000000L;!OPENSSL_VERSION_NUMBER__LT__0x30000000L && 1 && !_PKI_CRYPTO_H;endif;2004;2004
src/pki_crypto.c;1;!_PKI_CRYPTO_H;1 && !_PKI_CRYPTO_H;artifact;2005;2012
src/pki_crypto.c;1;DEBUG_CRYPTO;1 && !_PKI_CRYPTO_H && DEBUG_CRYPTO;if;2013;2013
src/pki_crypto.c;1;DEBUG_CRYPTO;1 && !_PKI_CRYPTO_H && DEBUG_CRYPTO;artifact;2014;2015
src/pki_crypto.c;1;DEBUG_CRYPTO;1 && !_PKI_CRYPTO_H && DEBUG_CRYPTO;endif;2016;2016
src/pki_crypto.c;1;!_PKI_CRYPTO_H;1 && !_PKI_CRYPTO_H;artifact;2017;2092
src/pki_crypto.c;1;DEBUG_CRYPTO;1 && !_PKI_CRYPTO_H && DEBUG_CRYPTO;if;2093;2093
src/pki_crypto.c;1;DEBUG_CRYPTO;1 && !_PKI_CRYPTO_H && DEBUG_CRYPTO;artifact;2094;2094
src/pki_crypto.c;1;DEBUG_CRYPTO;1 && !_PKI_CRYPTO_H && DEBUG_CRYPTO;endif;2095;2095
src/pki_crypto.c;1;!_PKI_CRYPTO_H;1 && !_PKI_CRYPTO_H;artifact;2096;2120
src/pki_crypto.c;1;DEBUG_CRYPTO;1 && !_PKI_CRYPTO_H && DEBUG_CRYPTO;if;2121;2121
src/pki_crypto.c;1;DEBUG_CRYPTO;1 && !_PKI_CRYPTO_H && DEBUG_CRYPTO;artifact;2122;2122
src/pki_crypto.c;1;DEBUG_CRYPTO;1 && !_PKI_CRYPTO_H && DEBUG_CRYPTO;endif;2123;2123
src/pki_crypto.c;1;!_PKI_CRYPTO_H;1 && !_PKI_CRYPTO_H;artifact;2124;2241
src/pki_crypto.c;1;HAVE_OPENSSL_ECC;1 && !_PKI_CRYPTO_H && HAVE_OPENSSL_ECC;if;2242;2242
src/pki_crypto.c;1;HAVE_OPENSSL_ECC;1 && !_PKI_CRYPTO_H && HAVE_OPENSSL_ECC;artifact;2243;2247
src/pki_crypto.c;1;HAVE_OPENSSL_ECC;1 && !_PKI_CRYPTO_H && HAVE_OPENSSL_ECC;endif;2248;2248
src/pki_crypto.c;1;!_PKI_CRYPTO_H;1 && !_PKI_CRYPTO_H;artifact;2249;2450
src/pki_crypto.c;1;DEBUG_CRYPTO;1 && !_PKI_CRYPTO_H && DEBUG_CRYPTO;if;2451;2451
src/pki_crypto.c;1;DEBUG_CRYPTO;1 && !_PKI_CRYPTO_H && DEBUG_CRYPTO;artifact;2452;2452
src/pki_crypto.c;1;DEBUG_CRYPTO;1 && !_PKI_CRYPTO_H && DEBUG_CRYPTO;endif;2453;2453
src/pki_crypto.c;1;!_PKI_CRYPTO_H;1 && !_PKI_CRYPTO_H;artifact;2454;2715
src/pki_crypto.c;1;WITH_PKCS11_URI;1 && !_PKI_CRYPTO_H && WITH_PKCS11_URI;if;2716;2716
src/pki_crypto.c;1;WITH_PKCS11_PROVIDER;1 && !_PKI_CRYPTO_H && WITH_PKCS11_URI && WITH_PKCS11_PROVIDER;if;2717;2717
src/pki_crypto.c;1;WITH_PKCS11_PROVIDER;1 && !_PKI_CRYPTO_H && WITH_PKCS11_URI && WITH_PKCS11_PROVIDER;artifact;2718;2718
src/pki_crypto.c;1;WITH_PKCS11_PROVIDER;1 && !_PKI_CRYPTO_H && WITH_PKCS11_URI && WITH_PKCS11_PROVIDER;endif;2719;2719
src/pki_crypto.c;1;WITH_PKCS11_URI;1 && !_PKI_CRYPTO_H && WITH_PKCS11_URI;artifact;2720;2740
src/pki_crypto.c;1;OPENSSL_VERSION_NUMBER__LT__0x30000000L && HAVE_OPENSSL_ECC;1 && !_PKI_CRYPTO_H && WITH_PKCS11_URI && OPENSSL_VERSION_NUMBER__LT__0x30000000L && HAVE_OPENSSL_ECC;if;2741;2741
src/pki_crypto.c;1;OPENSSL_VERSION_NUMBER__LT__0x30000000L && HAVE_OPENSSL_ECC;1 && !_PKI_CRYPTO_H && WITH_PKCS11_URI && OPENSSL_VERSION_NUMBER__LT__0x30000000L && HAVE_OPENSSL_ECC;artifact;2742;2742
src/pki_crypto.c;1;OPENSSL_VERSION_NUMBER__LT__0x30000000L && HAVE_OPENSSL_ECC;1 && !_PKI_CRYPTO_H && WITH_PKCS11_URI && OPENSSL_VERSION_NUMBER__LT__0x30000000L && HAVE_OPENSSL_ECC;endif;2743;2743
src/pki_crypto.c;1;!WITH_PKCS11_PROVIDER;1 && !_PKI_CRYPTO_H && WITH_PKCS11_URI && !WITH_PKCS11_PROVIDER;if;2744;2744
src/pki_crypto.c;1;!WITH_PKCS11_PROVIDER;1 && !_PKI_CRYPTO_H && WITH_PKCS11_URI && !WITH_PKCS11_PROVIDER;artifact;2745;2777
src/pki_crypto.c;1;WITH_PKCS11_PROVIDER;WITH_PKCS11_PROVIDER && 1 && !_PKI_CRYPTO_H && WITH_PKCS11_URI;else;2778;2778
src/pki_crypto.c;1;WITH_PKCS11_PROVIDER;WITH_PKCS11_PROVIDER && 1 && !_PKI_CRYPTO_H && WITH_PKCS11_URI;artifact;2779;2844
src/pki_crypto.c;1;WITH_PKCS11_PROVIDER;WITH_PKCS11_PROVIDER && 1 && !_PKI_CRYPTO_H && WITH_PKCS11_URI;endif;2845;2845
src/pki_crypto.c;1;WITH_PKCS11_URI;1 && !_PKI_CRYPTO_H && WITH_PKCS11_URI;artifact;2846;2856
src/pki_crypto.c;1;HAVE_OPENSSL_ECC;1 && !_PKI_CRYPTO_H && WITH_PKCS11_URI && HAVE_OPENSSL_ECC;if;2857;2857
src/pki_crypto.c;1;OPENSSL_VERSION_NUMBER__LT__0x30000000L;1 && !_PKI_CRYPTO_H && WITH_PKCS11_URI && HAVE_OPENSSL_ECC && OPENSSL_VERSION_NUMBER__LT__0x30000000L;if;2858;2858
src/pki_crypto.c;1;OPENSSL_VERSION_NUMBER__LT__0x30000000L;1 && !_PKI_CRYPTO_H && WITH_PKCS11_URI && HAVE_OPENSSL_ECC && OPENSSL_VERSION_NUMBER__LT__0x30000000L;artifact;2859;2869
src/pki_crypto.c;1;!OPENSSL_VERSION_NUMBER__LT__0x30000000L;!OPENSSL_VERSION_NUMBER__LT__0x30000000L && 1 && !_PKI_CRYPTO_H && WITH_PKCS11_URI && HAVE_OPENSSL_ECC;else;2870;2870
src/pki_crypto.c;1;!OPENSSL_VERSION_NUMBER__LT__0x30000000L;!OPENSSL_VERSION_NUMBER__LT__0x30000000L && 1 && !_PKI_CRYPTO_H && WITH_PKCS11_URI && HAVE_OPENSSL_ECC;artifact;2871;2871
src/pki_crypto.c;1;!OPENSSL_VERSION_NUMBER__LT__0x30000000L;!OPENSSL_VERSION_NUMBER__LT__0x30000000L && 1 && !_PKI_CRYPTO_H && WITH_PKCS11_URI && HAVE_OPENSSL_ECC;endif;2872;2872
src/pki_crypto.c;1;HAVE_OPENSSL_ECC;1 && !_PKI_CRYPTO_H && WITH_PKCS11_URI && HAVE_OPENSSL_ECC;artifact;2873;2878
src/pki_crypto.c;1;HAVE_OPENSSL_ECC;1 && !_PKI_CRYPTO_H && WITH_PKCS11_URI && HAVE_OPENSSL_ECC;endif;2879;2879
src/pki_crypto.c;1;WITH_PKCS11_URI;1 && !_PKI_CRYPTO_H && WITH_PKCS11_URI;artifact;2880;2892
src/pki_crypto.c;1;HAVE_OPENSSL_ECC;1 && !_PKI_CRYPTO_H && WITH_PKCS11_URI && HAVE_OPENSSL_ECC;if;2893;2893
src/pki_crypto.c;1;HAVE_OPENSSL_ECC;1 && !_PKI_CRYPTO_H && WITH_PKCS11_URI && HAVE_OPENSSL_ECC;artifact;2894;2894
src/pki_crypto.c;1;OPENSSL_VERSION_NUMBER__LT__0x30000000L;1 && !_PKI_CRYPTO_H && WITH_PKCS11_URI && HAVE_OPENSSL_ECC && OPENSSL_VERSION_NUMBER__LT__0x30000000L;if;2895;2895
src/pki_crypto.c;1;OPENSSL_VERSION_NUMBER__LT__0x30000000L;1 && !_PKI_CRYPTO_H && WITH_PKCS11_URI && HAVE_OPENSSL_ECC && OPENSSL_VERSION_NUMBER__LT__0x30000000L;artifact;2896;2896
src/pki_crypto.c;1;!OPENSSL_VERSION_NUMBER__LT__0x30000000L;!OPENSSL_VERSION_NUMBER__LT__0x30000000L && 1 && !_PKI_CRYPTO_H && WITH_PKCS11_URI && HAVE_OPENSSL_ECC;else;2897;2897
src/pki_crypto.c;1;!OPENSSL_VERSION_NUMBER__LT__0x30000000L;!OPENSSL_VERSION_NUMBER__LT__0x30000000L && 1 && !_PKI_CRYPTO_H && WITH_PKCS11_URI && HAVE_OPENSSL_ECC;artifact;2898;2898
src/pki_crypto.c;1;!OPENSSL_VERSION_NUMBER__LT__0x30000000L;!OPENSSL_VERSION_NUMBER__LT__0x30000000L && 1 && !_PKI_CRYPTO_H && WITH_PKCS11_URI && HAVE_OPENSSL_ECC;endif;2899;2899
src/pki_crypto.c;1;HAVE_OPENSSL_ECC;1 && !_PKI_CRYPTO_H && WITH_PKCS11_URI && HAVE_OPENSSL_ECC;artifact;2900;2900
src/pki_crypto.c;1;HAVE_OPENSSL_ECC;1 && !_PKI_CRYPTO_H && WITH_PKCS11_URI && HAVE_OPENSSL_ECC;endif;2901;2901
src/pki_crypto.c;1;WITH_PKCS11_URI;1 && !_PKI_CRYPTO_H && WITH_PKCS11_URI;artifact;2902;2912
src/pki_crypto.c;1;WITH_PKCS11_URI;1 && !_PKI_CRYPTO_H && WITH_PKCS11_URI;endif;2913;2913
src/pki_crypto.c;1;!_PKI_CRYPTO_H;1 && !_PKI_CRYPTO_H;artifact;2914;2914
src/pki_crypto.c;1;!_PKI_CRYPTO_H;1 && !_PKI_CRYPTO_H;endif;2915;2915
src/pki_crypto.c;1;1;1;artifact;2916;2916
src/pki_ed25519.c;1;1;1;ROOT;1;152
src/pki_ed25519.c;1;1;1;artifact;1;151
src/pki_ed25519_common.c;1;1;1;ROOT;1;318
src/pki_ed25519_common.c;1;1;1;artifact;1;40
src/pki_ed25519_common.c;1;HAVE_LIBCRYPTO;1 && HAVE_LIBCRYPTO;if;41;41
src/pki_ed25519_common.c;1;HAVE_LIBCRYPTO;1 && HAVE_LIBCRYPTO;artifact;42;44
src/pki_ed25519_common.c;1;!HAVE_LIBCRYPTO;!HAVE_LIBCRYPTO && 1;else;45;45
src/pki_ed25519_common.c;1;!HAVE_LIBCRYPTO;!HAVE_LIBCRYPTO && 1;artifact;46;48
src/pki_ed25519_common.c;1;!HAVE_LIBCRYPTO;!HAVE_LIBCRYPTO && 1;endif;49;49
src/pki_ed25519_common.c;1;1;1;artifact;50;58
src/pki_ed25519_common.c;1;HAVE_LIBCRYPTO;1 && HAVE_LIBCRYPTO;if;59;59
src/pki_ed25519_common.c;1;HAVE_LIBCRYPTO;1 && HAVE_LIBCRYPTO;artifact;60;61
src/pki_ed25519_common.c;1;!HAVE_LIBCRYPTO;!HAVE_LIBCRYPTO && 1;else;62;62
src/pki_ed25519_common.c;1;!HAVE_LIBCRYPTO;!HAVE_LIBCRYPTO && 1;artifact;63;64
src/pki_ed25519_common.c;1;!HAVE_LIBCRYPTO;!HAVE_LIBCRYPTO && 1;endif;65;65
src/pki_ed25519_common.c;1;1;1;artifact;66;101
src/pki_ed25519_common.c;1;HAVE_LIBCRYPTO;1 && HAVE_LIBCRYPTO;if;102;102
src/pki_ed25519_common.c;1;HAVE_LIBCRYPTO;1 && HAVE_LIBCRYPTO;artifact;103;105
src/pki_ed25519_common.c;1;!HAVE_LIBCRYPTO;!HAVE_LIBCRYPTO && 1;else;106;106
src/pki_ed25519_common.c;1;!HAVE_LIBCRYPTO;!HAVE_LIBCRYPTO && 1;artifact;107;110
src/pki_ed25519_common.c;1;!HAVE_LIBCRYPTO;!HAVE_LIBCRYPTO && 1;endif;111;111
src/pki_ed25519_common.c;1;1;1;artifact;112;150
src/pki_ed25519_common.c;1;HAVE_LIBCRYPTO;1 && HAVE_LIBCRYPTO;if;151;151
src/pki_ed25519_common.c;1;HAVE_LIBCRYPTO;1 && HAVE_LIBCRYPTO;artifact;152;154
src/pki_ed25519_common.c;1;!HAVE_LIBCRYPTO;!HAVE_LIBCRYPTO && 1;else;155;155
src/pki_ed25519_common.c;1;!HAVE_LIBCRYPTO;!HAVE_LIBCRYPTO && 1;artifact;156;158
src/pki_ed25519_common.c;1;!HAVE_LIBCRYPTO;!HAVE_LIBCRYPTO && 1;endif;159;159
src/pki_ed25519_common.c;1;1;1;artifact;160;162
src/pki_ed25519_common.c;1;HAVE_LIBCRYPTO;1 && HAVE_LIBCRYPTO;if;163;163
src/pki_ed25519_common.c;1;HAVE_LIBCRYPTO;1 && HAVE_LIBCRYPTO;artifact;164;164
src/pki_ed25519_common.c;1;!HAVE_LIBCRYPTO;!HAVE_LIBCRYPTO && 1;else;165;165
src/pki_ed25519_common.c;1;!HAVE_LIBCRYPTO;!HAVE_LIBCRYPTO && 1;artifact;166;166
src/pki_ed25519_common.c;1;!HAVE_LIBCRYPTO;!HAVE_LIBCRYPTO && 1;endif;167;167
src/pki_ed25519_common.c;1;1;1;artifact;168;250
src/pki_ed25519_common.c;1;HAVE_LIBCRYPTO;1 && HAVE_LIBCRYPTO;if;251;251
src/pki_ed25519_common.c;1;HAVE_LIBCRYPTO;1 && HAVE_LIBCRYPTO;artifact;252;256
src/pki_ed25519_common.c;1;!HAVE_LIBCRYPTO;!HAVE_LIBCRYPTO && 1;else;257;257
src/pki_ed25519_common.c;1;!HAVE_LIBCRYPTO;!HAVE_LIBCRYPTO && 1;artifact;258;262
src/pki_ed25519_common.c;1;!HAVE_LIBCRYPTO;!HAVE_LIBCRYPTO && 1;endif;263;263
src/pki_ed25519_common.c;1;1;1;artifact;264;269
src/pki_ed25519_common.c;1;HAVE_LIBCRYPTO;1 && HAVE_LIBCRYPTO;if;270;270
src/pki_ed25519_common.c;1;HAVE_LIBCRYPTO;1 && HAVE_LIBCRYPTO;artifact;271;272
src/pki_ed25519_common.c;1;!HAVE_LIBCRYPTO;!HAVE_LIBCRYPTO && 1;else;273;273
src/pki_ed25519_common.c;1;!HAVE_LIBCRYPTO;!HAVE_LIBCRYPTO && 1;artifact;274;274
src/pki_ed25519_common.c;1;!HAVE_LIBCRYPTO;!HAVE_LIBCRYPTO && 1;endif;275;275
src/pki_ed25519_common.c;1;1;1;artifact;276;304
src/pki_ed25519_common.c;1;HAVE_LIBCRYPTO;1 && HAVE_LIBCRYPTO;if;305;305
src/pki_ed25519_common.c;1;HAVE_LIBCRYPTO;1 && HAVE_LIBCRYPTO;artifact;306;306
src/pki_ed25519_common.c;1;!HAVE_LIBCRYPTO;!HAVE_LIBCRYPTO && 1;else;307;307
src/pki_ed25519_common.c;1;!HAVE_LIBCRYPTO;!HAVE_LIBCRYPTO && 1;artifact;308;312
src/pki_ed25519_common.c;1;!HAVE_LIBCRYPTO;!HAVE_LIBCRYPTO && 1;endif;313;313
src/pki_ed25519_common.c;1;1;1;artifact;314;317
src/pki_gcrypt.c;1;1;1;ROOT;1;2292
src/pki_gcrypt.c;1;1;1;artifact;1;27
src/pki_gcrypt.c;1;HAVE_LIBGCRYPT;1 && HAVE_LIBGCRYPT;if;28;28
src/pki_gcrypt.c;1;HAVE_LIBGCRYPT;1 && HAVE_LIBGCRYPT;artifact;29;655
src/pki_gcrypt.c;1;HAVE_GCRYPT_ECC;1 && HAVE_LIBGCRYPT && HAVE_GCRYPT_ECC;if;656;656
src/pki_gcrypt.c;1;HAVE_GCRYPT_ECC;1 && HAVE_LIBGCRYPT && HAVE_GCRYPT_ECC;artifact;657;882
src/pki_gcrypt.c;1;HAVE_GCRYPT_ECC;1 && HAVE_LIBGCRYPT && HAVE_GCRYPT_ECC;endif;883;883
src/pki_gcrypt.c;1;HAVE_LIBGCRYPT;1 && HAVE_LIBGCRYPT;artifact;884;939
src/pki_gcrypt.c;1;HAVE_GCRYPT_ECC;1 && HAVE_LIBGCRYPT && HAVE_GCRYPT_ECC;if;940;940
src/pki_gcrypt.c;1;HAVE_GCRYPT_ECC;1 && HAVE_LIBGCRYPT && HAVE_GCRYPT_ECC;artifact;941;975
src/pki_gcrypt.c;1;HAVE_GCRYPT_ECC;1 && HAVE_LIBGCRYPT && HAVE_GCRYPT_ECC;endif;976;976
src/pki_gcrypt.c;1;HAVE_LIBGCRYPT;1 && HAVE_LIBGCRYPT;artifact;977;995
src/pki_gcrypt.c;1;HAVE_GCRYPT_ECC;1 && HAVE_LIBGCRYPT && HAVE_GCRYPT_ECC;if;996;996
src/pki_gcrypt.c;1;HAVE_GCRYPT_ECC;1 && HAVE_LIBGCRYPT && HAVE_GCRYPT_ECC;artifact;997;999
src/pki_gcrypt.c;1;HAVE_GCRYPT_ECC;1 && HAVE_LIBGCRYPT && HAVE_GCRYPT_ECC;endif;1000;1000
src/pki_gcrypt.c;1;HAVE_LIBGCRYPT;1 && HAVE_LIBGCRYPT;artifact;1001;1050
src/pki_gcrypt.c;1;HAVE_GCRYPT_ECC;1 && HAVE_LIBGCRYPT && HAVE_GCRYPT_ECC;if;1051;1051
src/pki_gcrypt.c;1;HAVE_GCRYPT_ECC;1 && HAVE_LIBGCRYPT && HAVE_GCRYPT_ECC;artifact;1052;1087
src/pki_gcrypt.c;1;HAVE_GCRYPT_ECC;1 && HAVE_LIBGCRYPT && HAVE_GCRYPT_ECC;endif;1088;1088
src/pki_gcrypt.c;1;HAVE_LIBGCRYPT;1 && HAVE_LIBGCRYPT;artifact;1089;1159
src/pki_gcrypt.c;1;HAVE_GCRYPT_ECC;1 && HAVE_LIBGCRYPT && HAVE_GCRYPT_ECC;if;1160;1160
src/pki_gcrypt.c;1;HAVE_GCRYPT_ECC;1 && HAVE_LIBGCRYPT && HAVE_GCRYPT_ECC;artifact;1161;1192
src/pki_gcrypt.c;1;HAVE_GCRYPT_ECC;1 && HAVE_LIBGCRYPT && HAVE_GCRYPT_ECC;endif;1193;1193
src/pki_gcrypt.c;1;HAVE_LIBGCRYPT;1 && HAVE_LIBGCRYPT;artifact;1194;1259
src/pki_gcrypt.c;1;HAVE_GCRYPT_ECC;1 && HAVE_LIBGCRYPT && HAVE_GCRYPT_ECC;if;1260;1260
src/pki_gcrypt.c;1;HAVE_GCRYPT_ECC;1 && HAVE_LIBGCRYPT && HAVE_GCRYPT_ECC;artifact;1261;1280
src/pki_gcrypt.c;1;HAVE_GCRYPT_ECC;1 && HAVE_LIBGCRYPT && HAVE_GCRYPT_ECC;endif;1281;1281
src/pki_gcrypt.c;1;HAVE_LIBGCRYPT;1 && HAVE_LIBGCRYPT;artifact;1282;1366
src/pki_gcrypt.c;1;HAVE_GCRYPT_ECC;1 && HAVE_LIBGCRYPT && HAVE_GCRYPT_ECC;if;1367;1367
src/pki_gcrypt.c;1;HAVE_GCRYPT_ECC;1 && HAVE_LIBGCRYPT && HAVE_GCRYPT_ECC;artifact;1368;1381
src/pki_gcrypt.c;1;HAVE_GCRYPT_ECC;1 && HAVE_LIBGCRYPT && HAVE_GCRYPT_ECC;endif;1382;1382
src/pki_gcrypt.c;1;HAVE_LIBGCRYPT;1 && HAVE_LIBGCRYPT;artifact;1383;1560
src/pki_gcrypt.c;1;HAVE_GCRYPT_ECC;1 && HAVE_LIBGCRYPT && HAVE_GCRYPT_ECC;if;1561;1561
src/pki_gcrypt.c;1;HAVE_GCRYPT_ECC;1 && HAVE_LIBGCRYPT && HAVE_GCRYPT_ECC;artifact;1562;1612
src/pki_gcrypt.c;1;HAVE_GCRYPT_ECC;1 && HAVE_LIBGCRYPT && HAVE_GCRYPT_ECC;endif;1613;1613
src/pki_gcrypt.c;1;HAVE_LIBGCRYPT;1 && HAVE_LIBGCRYPT;artifact;1614;1694
src/pki_gcrypt.c;1;HAVE_GCRYPT_ECC;1 && HAVE_LIBGCRYPT && HAVE_GCRYPT_ECC;if;1695;1695
src/pki_gcrypt.c;1;HAVE_GCRYPT_ECC;1 && HAVE_LIBGCRYPT && HAVE_GCRYPT_ECC;artifact;1696;1748
src/pki_gcrypt.c;1;HAVE_GCRYPT_ECC;1 && HAVE_LIBGCRYPT && HAVE_GCRYPT_ECC;endif;1749;1749
src/pki_gcrypt.c;1;HAVE_LIBGCRYPT;1 && HAVE_LIBGCRYPT;artifact;1750;1810
src/pki_gcrypt.c;1;DEBUG_CRYPTO;1 && HAVE_LIBGCRYPT && DEBUG_CRYPTO;if;1811;1811
src/pki_gcrypt.c;1;DEBUG_CRYPTO;1 && HAVE_LIBGCRYPT && DEBUG_CRYPTO;artifact;1812;1813
src/pki_gcrypt.c;1;DEBUG_CRYPTO;1 && HAVE_LIBGCRYPT && DEBUG_CRYPTO;endif;1814;1814
src/pki_gcrypt.c;1;HAVE_LIBGCRYPT;1 && HAVE_LIBGCRYPT;artifact;1815;1837
src/pki_gcrypt.c;1;HAVE_GCRYPT_ECC;1 && HAVE_LIBGCRYPT && HAVE_GCRYPT_ECC;if;1838;1838
src/pki_gcrypt.c;1;HAVE_GCRYPT_ECC;1 && HAVE_LIBGCRYPT && HAVE_GCRYPT_ECC;artifact;1839;1888
src/pki_gcrypt.c;1;DEBUG_CRYPTO;1 && HAVE_LIBGCRYPT && HAVE_GCRYPT_ECC && DEBUG_CRYPTO;if;1889;1889
src/pki_gcrypt.c;1;DEBUG_CRYPTO;1 && HAVE_LIBGCRYPT && HAVE_GCRYPT_ECC && DEBUG_CRYPTO;artifact;1890;1891
src/pki_gcrypt.c;1;DEBUG_CRYPTO;1 && HAVE_LIBGCRYPT && HAVE_GCRYPT_ECC && DEBUG_CRYPTO;endif;1892;1892
src/pki_gcrypt.c;1;HAVE_GCRYPT_ECC;1 && HAVE_LIBGCRYPT && HAVE_GCRYPT_ECC;artifact;1893;1910
src/pki_gcrypt.c;1;HAVE_GCRYPT_ECC;1 && HAVE_LIBGCRYPT && HAVE_GCRYPT_ECC;endif;1911;1911
src/pki_gcrypt.c;1;HAVE_LIBGCRYPT;1 && HAVE_LIBGCRYPT;artifact;1912;1983
src/pki_gcrypt.c;1;HAVE_GCRYPT_ECC;1 && HAVE_LIBGCRYPT && HAVE_GCRYPT_ECC;if;1984;1984
src/pki_gcrypt.c;1;HAVE_GCRYPT_ECC;1 && HAVE_LIBGCRYPT && HAVE_GCRYPT_ECC;artifact;1985;2001
src/pki_gcrypt.c;1;HAVE_GCRYPT_ECC;1 && HAVE_LIBGCRYPT && HAVE_GCRYPT_ECC;endif;2002;2002
src/pki_gcrypt.c;1;HAVE_LIBGCRYPT;1 && HAVE_LIBGCRYPT;artifact;2003;2203
src/pki_gcrypt.c;1;HAVE_GCRYPT_ECC;1 && HAVE_LIBGCRYPT && HAVE_GCRYPT_ECC;if;2204;2204
src/pki_gcrypt.c;1;HAVE_GCRYPT_ECC;1 && HAVE_LIBGCRYPT && HAVE_GCRYPT_ECC;artifact;2205;2227
src/pki_gcrypt.c;1;HAVE_GCRYPT_ECC;1 && HAVE_LIBGCRYPT && HAVE_GCRYPT_ECC;endif;2228;2228
src/pki_gcrypt.c;1;HAVE_LIBGCRYPT;1 && HAVE_LIBGCRYPT;artifact;2229;2278
src/pki_gcrypt.c;1;WITH_PKCS11_URI;1 && HAVE_LIBGCRYPT && WITH_PKCS11_URI;if;2279;2279
src/pki_gcrypt.c;1;WITH_PKCS11_URI;1 && HAVE_LIBGCRYPT && WITH_PKCS11_URI;artifact;2280;2288
src/pki_gcrypt.c;1;WITH_PKCS11_URI;1 && HAVE_LIBGCRYPT && WITH_PKCS11_URI;endif;2289;2289
src/pki_gcrypt.c;1;HAVE_LIBGCRYPT;1 && HAVE_LIBGCRYPT;endif;2290;2290
src/pki_gcrypt.c;1;1;1;artifact;2291;2291
src/pki_mbedcrypto.c;1;1;1;ROOT;1;2042
src/pki_mbedcrypto.c;1;1;1;artifact;1;25
src/pki_mbedcrypto.c;1;HAVE_LIBMBEDCRYPTO;1 && HAVE_LIBMBEDCRYPTO;if;26;26
src/pki_mbedcrypto.c;1;HAVE_LIBMBEDCRYPTO;1 && HAVE_LIBMBEDCRYPTO;artifact;27;109
src/pki_mbedcrypto.c;1;MBEDTLS_VERSION_MAJOR__GT__2;1 && HAVE_LIBMBEDCRYPTO && MBEDTLS_VERSION_MAJOR__GT__2;if;110;110
src/pki_mbedcrypto.c;1;MBEDTLS_VERSION_MAJOR__GT__2;1 && HAVE_LIBMBEDCRYPTO && MBEDTLS_VERSION_MAJOR__GT__2;artifact;111;111
src/pki_mbedcrypto.c;1;MBEDTLS_VERSION_MAJOR__GT__2;1 && HAVE_LIBMBEDCRYPTO && MBEDTLS_VERSION_MAJOR__GT__2;endif;112;112
src/pki_mbedcrypto.c;1;HAVE_LIBMBEDCRYPTO;1 && HAVE_LIBMBEDCRYPTO;artifact;113;136
src/pki_mbedcrypto.c;1;MBEDTLS_VERSION_MAJOR__GT__2;1 && HAVE_LIBMBEDCRYPTO && MBEDTLS_VERSION_MAJOR__GT__2;if;137;137
src/pki_mbedcrypto.c;1;MBEDTLS_VERSION_MAJOR__GT__2;1 && HAVE_LIBMBEDCRYPTO && MBEDTLS_VERSION_MAJOR__GT__2;artifact;138;140
src/pki_mbedcrypto.c;1;MBEDTLS_VERSION_MAJOR__GT__2;1 && HAVE_LIBMBEDCRYPTO && MBEDTLS_VERSION_MAJOR__GT__2;endif;141;141
src/pki_mbedcrypto.c;1;HAVE_LIBMBEDCRYPTO;1 && HAVE_LIBMBEDCRYPTO;artifact;142;148
src/pki_mbedcrypto.c;1;MBEDTLS_VERSION_MAJOR__GT__2;1 && HAVE_LIBMBEDCRYPTO && MBEDTLS_VERSION_MAJOR__GT__2;if;149;149
src/pki_mbedcrypto.c;1;MBEDTLS_VERSION_MAJOR__GT__2;1 && HAVE_LIBMBEDCRYPTO && MBEDTLS_VERSION_MAJOR__GT__2;artifact;150;152
src/pki_mbedcrypto.c;1;MBEDTLS_VERSION_MAJOR__GT__2;1 && HAVE_LIBMBEDCRYPTO && MBEDTLS_VERSION_MAJOR__GT__2;endif;153;153
src/pki_mbedcrypto.c;1;HAVE_LIBMBEDCRYPTO;1 && HAVE_LIBMBEDCRYPTO;artifact;154;161
src/pki_mbedcrypto.c;1;MBEDTLS_VERSION_MAJOR__GT__2;1 && HAVE_LIBMBEDCRYPTO && MBEDTLS_VERSION_MAJOR__GT__2;if;162;162
src/pki_mbedcrypto.c;1;MBEDTLS_VERSION_MAJOR__GT__2;1 && HAVE_LIBMBEDCRYPTO && MBEDTLS_VERSION_MAJOR__GT__2;artifact;163;165
src/pki_mbedcrypto.c;1;MBEDTLS_VERSION_MAJOR__GT__2;1 && HAVE_LIBMBEDCRYPTO && MBEDTLS_VERSION_MAJOR__GT__2;endif;166;166
src/pki_mbedcrypto.c;1;HAVE_LIBMBEDCRYPTO;1 && HAVE_LIBMBEDCRYPTO;artifact;167;296
src/pki_mbedcrypto.c;1;MBEDTLS_VERSION_MAJOR__GT__2;1 && HAVE_LIBMBEDCRYPTO && MBEDTLS_VERSION_MAJOR__GT__2;if;297;297
src/pki_mbedcrypto.c;1;MBEDTLS_VERSION_MAJOR__GT__2;1 && HAVE_LIBMBEDCRYPTO && MBEDTLS_VERSION_MAJOR__GT__2;artifact;298;299
src/pki_mbedcrypto.c;1;MBEDTLS_VERSION_MAJOR__GT__2;1 && HAVE_LIBMBEDCRYPTO && MBEDTLS_VERSION_MAJOR__GT__2;endif;300;300
src/pki_mbedcrypto.c;1;HAVE_LIBMBEDCRYPTO;1 && HAVE_LIBMBEDCRYPTO;artifact;301;317
src/pki_mbedcrypto.c;1;MBEDTLS_VERSION_MAJOR__GT__2;1 && HAVE_LIBMBEDCRYPTO && MBEDTLS_VERSION_MAJOR__GT__2;if;318;318
src/pki_mbedcrypto.c;1;MBEDTLS_VERSION_MAJOR__GT__2;1 && HAVE_LIBMBEDCRYPTO && MBEDTLS_VERSION_MAJOR__GT__2;artifact;319;323
src/pki_mbedcrypto.c;1;!MBEDTLS_VERSION_MAJOR__GT__2;!MBEDTLS_VERSION_MAJOR__GT__2 && 1 && HAVE_LIBMBEDCRYPTO;else;324;324
src/pki_mbedcrypto.c;1;!MBEDTLS_VERSION_MAJOR__GT__2;!MBEDTLS_VERSION_MAJOR__GT__2 && 1 && HAVE_LIBMBEDCRYPTO;artifact;325;326
src/pki_mbedcrypto.c;1;!MBEDTLS_VERSION_MAJOR__GT__2;!MBEDTLS_VERSION_MAJOR__GT__2 && 1 && HAVE_LIBMBEDCRYPTO;endif;327;327
src/pki_mbedcrypto.c;1;HAVE_LIBMBEDCRYPTO;1 && HAVE_LIBMBEDCRYPTO;artifact;328;330
src/pki_mbedcrypto.c;1;MBEDTLS_VERSION_MAJOR__GT__2;1 && HAVE_LIBMBEDCRYPTO && MBEDTLS_VERSION_MAJOR__GT__2;if;331;331
src/pki_mbedcrypto.c;1;MBEDTLS_VERSION_MAJOR__GT__2;1 && HAVE_LIBMBEDCRYPTO && MBEDTLS_VERSION_MAJOR__GT__2;artifact;332;333
src/pki_mbedcrypto.c;1;!MBEDTLS_VERSION_MAJOR__GT__2;!MBEDTLS_VERSION_MAJOR__GT__2 && 1 && HAVE_LIBMBEDCRYPTO;else;334;334
src/pki_mbedcrypto.c;1;!MBEDTLS_VERSION_MAJOR__GT__2;!MBEDTLS_VERSION_MAJOR__GT__2 && 1 && HAVE_LIBMBEDCRYPTO;artifact;335;336
src/pki_mbedcrypto.c;1;!MBEDTLS_VERSION_MAJOR__GT__2;!MBEDTLS_VERSION_MAJOR__GT__2 && 1 && HAVE_LIBMBEDCRYPTO;endif;337;337
src/pki_mbedcrypto.c;1;HAVE_LIBMBEDCRYPTO;1 && HAVE_LIBMBEDCRYPTO;artifact;338;341
src/pki_mbedcrypto.c;1;MBEDTLS_VERSION_MAJOR__GT__2;1 && HAVE_LIBMBEDCRYPTO && MBEDTLS_VERSION_MAJOR__GT__2;if;342;342
src/pki_mbedcrypto.c;1;MBEDTLS_VERSION_MAJOR__GT__2;1 && HAVE_LIBMBEDCRYPTO && MBEDTLS_VERSION_MAJOR__GT__2;artifact;343;352
src/pki_mbedcrypto.c;1;!MBEDTLS_VERSION_MAJOR__GT__2;!MBEDTLS_VERSION_MAJOR__GT__2 && 1 && HAVE_LIBMBEDCRYPTO;else;353;353
src/pki_mbedcrypto.c;1;!MBEDTLS_VERSION_MAJOR__GT__2;!MBEDTLS_VERSION_MAJOR__GT__2 && 1 && HAVE_LIBMBEDCRYPTO;artifact;354;354
src/pki_mbedcrypto.c;1;!MBEDTLS_VERSION_MAJOR__GT__2;!MBEDTLS_VERSION_MAJOR__GT__2 && 1 && HAVE_LIBMBEDCRYPTO;endif;355;355
src/pki_mbedcrypto.c;1;HAVE_LIBMBEDCRYPTO;1 && HAVE_LIBMBEDCRYPTO;artifact;356;362
src/pki_mbedcrypto.c;1;MBEDTLS_VERSION_MAJOR__GT__2;1 && HAVE_LIBMBEDCRYPTO && MBEDTLS_VERSION_MAJOR__GT__2;if;363;363
src/pki_mbedcrypto.c;1;MBEDTLS_VERSION_MAJOR__GT__2;1 && HAVE_LIBMBEDCRYPTO && MBEDTLS_VERSION_MAJOR__GT__2;artifact;364;365
src/pki_mbedcrypto.c;1;MBEDTLS_VERSION_MAJOR__GT__2;1 && HAVE_LIBMBEDCRYPTO && MBEDTLS_VERSION_MAJOR__GT__2;endif;366;366
src/pki_mbedcrypto.c;1;HAVE_LIBMBEDCRYPTO;1 && HAVE_LIBMBEDCRYPTO;artifact;367;374
src/pki_mbedcrypto.c;1;MBEDTLS_VERSION_MAJOR__GT__2;1 && HAVE_LIBMBEDCRYPTO && MBEDTLS_VERSION_MAJOR__GT__2;if;375;375
src/pki_mbedcrypto.c;1;MBEDTLS_VERSION_MAJOR__GT__2;1 && HAVE_LIBMBEDCRYPTO && MBEDTLS_VERSION_MAJOR__GT__2;artifact;376;380
src/pki_mbedcrypto.c;1;MBEDTLS_VERSION_MAJOR__GT__2;1 && HAVE_LIBMBEDCRYPTO && MBEDTLS_VERSION_MAJOR__GT__2;endif;381;381
src/pki_mbedcrypto.c;1;HAVE_LIBMBEDCRYPTO;1 && HAVE_LIBMBEDCRYPTO;artifact;382;395
src/pki_mbedcrypto.c;1;MBEDTLS_VERSION_MAJOR__GT__2;1 && HAVE_LIBMBEDCRYPTO && MBEDTLS_VERSION_MAJOR__GT__2;if;396;396
src/pki_mbedcrypto.c;1;MBEDTLS_VERSION_MAJOR__GT__2;1 && HAVE_LIBMBEDCRYPTO && MBEDTLS_VERSION_MAJOR__GT__2;artifact;397;401
src/pki_mbedcrypto.c;1;MBEDTLS_VERSION_MAJOR__GT__2;1 && HAVE_LIBMBEDCRYPTO && MBEDTLS_VERSION_MAJOR__GT__2;endif;402;402
src/pki_mbedcrypto.c;1;HAVE_LIBMBEDCRYPTO;1 && HAVE_LIBMBEDCRYPTO;artifact;403;425
src/pki_mbedcrypto.c;1;MBEDTLS_VERSION_MAJOR__GT__2;1 && HAVE_LIBMBEDCRYPTO && MBEDTLS_VERSION_MAJOR__GT__2;if;426;426
src/pki_mbedcrypto.c;1;MBEDTLS_VERSION_MAJOR__GT__2;1 && HAVE_LIBMBEDCRYPTO && MBEDTLS_VERSION_MAJOR__GT__2;artifact;427;434
src/pki_mbedcrypto.c;1;!MBEDTLS_VERSION_MAJOR__GT__2;!MBEDTLS_VERSION_MAJOR__GT__2 && 1 && HAVE_LIBMBEDCRYPTO;else;435;435
src/pki_mbedcrypto.c;1;!MBEDTLS_VERSION_MAJOR__GT__2;!MBEDTLS_VERSION_MAJOR__GT__2 && 1 && HAVE_LIBMBEDCRYPTO;artifact;436;476
src/pki_mbedcrypto.c;1;!MBEDTLS_VERSION_MAJOR__GT__2;!MBEDTLS_VERSION_MAJOR__GT__2 && 1 && HAVE_LIBMBEDCRYPTO;endif;477;477
src/pki_mbedcrypto.c;1;HAVE_LIBMBEDCRYPTO;1 && HAVE_LIBMBEDCRYPTO;artifact;478;478
src/pki_mbedcrypto.c;1;MBEDTLS_VERSION_MAJOR__GT__2;1 && HAVE_LIBMBEDCRYPTO && MBEDTLS_VERSION_MAJOR__GT__2;if;479;479
src/pki_mbedcrypto.c;1;MBEDTLS_VERSION_MAJOR__GT__2;1 && HAVE_LIBMBEDCRYPTO && MBEDTLS_VERSION_MAJOR__GT__2;artifact;480;487
src/pki_mbedcrypto.c;1;!MBEDTLS_VERSION_MAJOR__GT__2;!MBEDTLS_VERSION_MAJOR__GT__2 && 1 && HAVE_LIBMBEDCRYPTO;else;488;488
src/pki_mbedcrypto.c;1;!MBEDTLS_VERSION_MAJOR__GT__2;!MBEDTLS_VERSION_MAJOR__GT__2 && 1 && HAVE_LIBMBEDCRYPTO;artifact;489;499
src/pki_mbedcrypto.c;1;!MBEDTLS_VERSION_MAJOR__GT__2;!MBEDTLS_VERSION_MAJOR__GT__2 && 1 && HAVE_LIBMBEDCRYPTO;endif;500;500
src/pki_mbedcrypto.c;1;HAVE_LIBMBEDCRYPTO;1 && HAVE_LIBMBEDCRYPTO;artifact;501;502
src/pki_mbedcrypto.c;1;MBEDTLS_VERSION_MAJOR__GT__2;1 && HAVE_LIBMBEDCRYPTO && MBEDTLS_VERSION_MAJOR__GT__2;if;503;503
src/pki_mbedcrypto.c;1;MBEDTLS_VERSION_MAJOR__GT__2;1 && HAVE_LIBMBEDCRYPTO && MBEDTLS_VERSION_MAJOR__GT__2;artifact;504;507
src/pki_mbedcrypto.c;1;MBEDTLS_VERSION_MAJOR__GT__2;1 && HAVE_LIBMBEDCRYPTO && MBEDTLS_VERSION_MAJOR__GT__2;endif;508;508
src/pki_mbedcrypto.c;1;HAVE_LIBMBEDCRYPTO;1 && HAVE_LIBMBEDCRYPTO;artifact;509;556
src/pki_mbedcrypto.c;1;MBEDTLS_VERSION_MAJOR__GT__2;1 && HAVE_LIBMBEDCRYPTO && MBEDTLS_VERSION_MAJOR__GT__2;if;557;557
src/pki_mbedcrypto.c;1;MBEDTLS_VERSION_MAJOR__GT__2;1 && HAVE_LIBMBEDCRYPTO && MBEDTLS_VERSION_MAJOR__GT__2;artifact;558;562
src/pki_mbedcrypto.c;1;MBEDTLS_VERSION_MAJOR__GT__2;1 && HAVE_LIBMBEDCRYPTO && MBEDTLS_VERSION_MAJOR__GT__2;endif;563;563
src/pki_mbedcrypto.c;1;HAVE_LIBMBEDCRYPTO;1 && HAVE_LIBMBEDCRYPTO;artifact;564;602
src/pki_mbedcrypto.c;1;MBEDTLS_VERSION_MAJOR__GT__2;1 && HAVE_LIBMBEDCRYPTO && MBEDTLS_VERSION_MAJOR__GT__2;if;603;603
src/pki_mbedcrypto.c;1;MBEDTLS_VERSION_MAJOR__GT__2;1 && HAVE_LIBMBEDCRYPTO && MBEDTLS_VERSION_MAJOR__GT__2;artifact;604;620
src/pki_mbedcrypto.c;1;MBEDTLS_VERSION_MAJOR__GT__2;1 && HAVE_LIBMBEDCRYPTO && MBEDTLS_VERSION_MAJOR__GT__2;endif;621;621
src/pki_mbedcrypto.c;1;HAVE_LIBMBEDCRYPTO;1 && HAVE_LIBMBEDCRYPTO;artifact;622;638
src/pki_mbedcrypto.c;1;MBEDTLS_VERSION_MAJOR__GT__2;1 && HAVE_LIBMBEDCRYPTO && MBEDTLS_VERSION_MAJOR__GT__2;if;639;639
src/pki_mbedcrypto.c;1;MBEDTLS_VERSION_MAJOR__GT__2;1 && HAVE_LIBMBEDCRYPTO && MBEDTLS_VERSION_MAJOR__GT__2;artifact;640;662
src/pki_mbedcrypto.c;1;!MBEDTLS_VERSION_MAJOR__GT__2;!MBEDTLS_VERSION_MAJOR__GT__2 && 1 && HAVE_LIBMBEDCRYPTO;else;663;663
src/pki_mbedcrypto.c;1;!MBEDTLS_VERSION_MAJOR__GT__2;!MBEDTLS_VERSION_MAJOR__GT__2 && 1 && HAVE_LIBMBEDCRYPTO;artifact;664;674
src/pki_mbedcrypto.c;1;!MBEDTLS_VERSION_MAJOR__GT__2;!MBEDTLS_VERSION_MAJOR__GT__2 && 1 && HAVE_LIBMBEDCRYPTO;endif;675;675
src/pki_mbedcrypto.c;1;HAVE_LIBMBEDCRYPTO;1 && HAVE_LIBMBEDCRYPTO;artifact;676;676
src/pki_mbedcrypto.c;1;MBEDTLS_VERSION_MAJOR__GT__2;1 && HAVE_LIBMBEDCRYPTO && MBEDTLS_VERSION_MAJOR__GT__2;if;677;677
src/pki_mbedcrypto.c;1;MBEDTLS_VERSION_MAJOR__GT__2;1 && HAVE_LIBMBEDCRYPTO && MBEDTLS_VERSION_MAJOR__GT__2;artifact;678;710
src/pki_mbedcrypto.c;1;!MBEDTLS_VERSION_MAJOR__GT__2;!MBEDTLS_VERSION_MAJOR__GT__2 && 1 && HAVE_LIBMBEDCRYPTO;else;711;711
src/pki_mbedcrypto.c;1;!MBEDTLS_VERSION_MAJOR__GT__2;!MBEDTLS_VERSION_MAJOR__GT__2 && 1 && HAVE_LIBMBEDCRYPTO;artifact;712;732
src/pki_mbedcrypto.c;1;!MBEDTLS_VERSION_MAJOR__GT__2;!MBEDTLS_VERSION_MAJOR__GT__2 && 1 && HAVE_LIBMBEDCRYPTO;endif;733;733
src/pki_mbedcrypto.c;1;HAVE_LIBMBEDCRYPTO;1 && HAVE_LIBMBEDCRYPTO;artifact;734;792
src/pki_mbedcrypto.c;1;MBEDTLS_VERSION_MAJOR__GT__2;1 && HAVE_LIBMBEDCRYPTO && MBEDTLS_VERSION_MAJOR__GT__2;if;793;793
src/pki_mbedcrypto.c;1;MBEDTLS_VERSION_MAJOR__GT__2;1 && HAVE_LIBMBEDCRYPTO && MBEDTLS_VERSION_MAJOR__GT__2;artifact;794;801
src/pki_mbedcrypto.c;1;MBEDTLS_VERSION_MAJOR__GT__2;1 && HAVE_LIBMBEDCRYPTO && MBEDTLS_VERSION_MAJOR__GT__2;endif;802;802
src/pki_mbedcrypto.c;1;HAVE_LIBMBEDCRYPTO;1 && HAVE_LIBMBEDCRYPTO;artifact;803;867
src/pki_mbedcrypto.c;1;MBEDTLS_VERSION_MAJOR__GT__2;1 && HAVE_LIBMBEDCRYPTO && MBEDTLS_VERSION_MAJOR__GT__2;if;868;868
src/pki_mbedcrypto.c;1;MBEDTLS_VERSION_MAJOR__GT__2;1 && HAVE_LIBMBEDCRYPTO && MBEDTLS_VERSION_MAJOR__GT__2;artifact;869;874
src/pki_mbedcrypto.c;1;MBEDTLS_VERSION_MAJOR__GT__2;1 && HAVE_LIBMBEDCRYPTO && MBEDTLS_VERSION_MAJOR__GT__2;endif;875;875
src/pki_mbedcrypto.c;1;HAVE_LIBMBEDCRYPTO;1 && HAVE_LIBMBEDCRYPTO;artifact;876;877
src/pki_mbedcrypto.c;1;MBEDTLS_VERSION_MAJOR__GT__2;1 && HAVE_LIBMBEDCRYPTO && MBEDTLS_VERSION_MAJOR__GT__2;if;878;878
src/pki_mbedcrypto.c;1;MBEDTLS_VERSION_MAJOR__GT__2;1 && HAVE_LIBMBEDCRYPTO && MBEDTLS_VERSION_MAJOR__GT__2;artifact;879;880
src/pki_mbedcrypto.c;1;MBEDTLS_VERSION_MAJOR__GT__2;1 && HAVE_LIBMBEDCRYPTO && MBEDTLS_VERSION_MAJOR__GT__2;endif;881;881
src/pki_mbedcrypto.c;1;HAVE_LIBMBEDCRYPTO;1 && HAVE_LIBMBEDCRYPTO;artifact;882;920
src/pki_mbedcrypto.c;1;MBEDTLS_VERSION_MAJOR__GT__2;1 && HAVE_LIBMBEDCRYPTO && MBEDTLS_VERSION_MAJOR__GT__2;if;921;921
src/pki_mbedcrypto.c;1;MBEDTLS_VERSION_MAJOR__GT__2;1 && HAVE_LIBMBEDCRYPTO && MBEDTLS_VERSION_MAJOR__GT__2;artifact;922;935
src/pki_mbedcrypto.c;1;!MBEDTLS_VERSION_MAJOR__GT__2;!MBEDTLS_VERSION_MAJOR__GT__2 && 1 && HAVE_LIBMBEDCRYPTO;else;936;936
src/pki_mbedcrypto.c;1;!MBEDTLS_VERSION_MAJOR__GT__2;!MBEDTLS_VERSION_MAJOR__GT__2 && 1 && HAVE_LIBMBEDCRYPTO;artifact;937;945
src/pki_mbedcrypto.c;1;!MBEDTLS_VERSION_MAJOR__GT__2;!MBEDTLS_VERSION_MAJOR__GT__2 && 1 && HAVE_LIBMBEDCRYPTO;endif;946;946
src/pki_mbedcrypto.c;1;HAVE_LIBMBEDCRYPTO;1 && HAVE_LIBMBEDCRYPTO;artifact;947;974
src/pki_mbedcrypto.c;1;MBEDTLS_VERSION_MAJOR__GT__2;1 && HAVE_LIBMBEDCRYPTO && MBEDTLS_VERSION_MAJOR__GT__2;if;975;975
src/pki_mbedcrypto.c;1;MBEDTLS_VERSION_MAJOR__GT__2;1 && HAVE_LIBMBEDCRYPTO && MBEDTLS_VERSION_MAJOR__GT__2;artifact;976;1004
src/pki_mbedcrypto.c;1;!MBEDTLS_VERSION_MAJOR__GT__2;!MBEDTLS_VERSION_MAJOR__GT__2 && 1 && HAVE_LIBMBEDCRYPTO;else;1005;1005
src/pki_mbedcrypto.c;1;!MBEDTLS_VERSION_MAJOR__GT__2;!MBEDTLS_VERSION_MAJOR__GT__2 && 1 && HAVE_LIBMBEDCRYPTO;artifact;1006;1024
src/pki_mbedcrypto.c;1;!MBEDTLS_VERSION_MAJOR__GT__2;!MBEDTLS_VERSION_MAJOR__GT__2 && 1 && HAVE_LIBMBEDCRYPTO;endif;1025;1025
src/pki_mbedcrypto.c;1;HAVE_LIBMBEDCRYPTO;1 && HAVE_LIBMBEDCRYPTO;artifact;1026;1165
src/pki_mbedcrypto.c;1;MBEDTLS_VERSION_MAJOR__GT__2;1 && HAVE_LIBMBEDCRYPTO && MBEDTLS_VERSION_MAJOR__GT__2;if;1166;1166
src/pki_mbedcrypto.c;1;MBEDTLS_VERSION_MAJOR__GT__2;1 && HAVE_LIBMBEDCRYPTO && MBEDTLS_VERSION_MAJOR__GT__2;artifact;1167;1168
src/pki_mbedcrypto.c;1;MBEDTLS_VERSION_MAJOR__GT__2;1 && HAVE_LIBMBEDCRYPTO && MBEDTLS_VERSION_MAJOR__GT__2;endif;1169;1169
src/pki_mbedcrypto.c;1;HAVE_LIBMBEDCRYPTO;1 && HAVE_LIBMBEDCRYPTO;artifact;1170;1178
src/pki_mbedcrypto.c;1;MBEDTLS_VERSION_MAJOR__GT__2;1 && HAVE_LIBMBEDCRYPTO && MBEDTLS_VERSION_MAJOR__GT__2;if;1179;1179
src/pki_mbedcrypto.c;1;MBEDTLS_VERSION_MAJOR__GT__2;1 && HAVE_LIBMBEDCRYPTO && MBEDTLS_VERSION_MAJOR__GT__2;artifact;1180;1181
src/pki_mbedcrypto.c;1;MBEDTLS_VERSION_MAJOR__GT__2;1 && HAVE_LIBMBEDCRYPTO && MBEDTLS_VERSION_MAJOR__GT__2;endif;1182;1182
src/pki_mbedcrypto.c;1;HAVE_LIBMBEDCRYPTO;1 && HAVE_LIBMBEDCRYPTO;artifact;1183;1284
src/pki_mbedcrypto.c;1;DEBUG_CRYPTO;1 && HAVE_LIBMBEDCRYPTO && DEBUG_CRYPTO;if;1285;1285
src/pki_mbedcrypto.c;1;DEBUG_CRYPTO;1 && HAVE_LIBMBEDCRYPTO && DEBUG_CRYPTO;artifact;1286;1287
src/pki_mbedcrypto.c;1;DEBUG_CRYPTO;1 && HAVE_LIBMBEDCRYPTO && DEBUG_CRYPTO;endif;1288;1288
src/pki_mbedcrypto.c;1;HAVE_LIBMBEDCRYPTO;1 && HAVE_LIBMBEDCRYPTO;artifact;1289;1379
src/pki_mbedcrypto.c;1;DEBUG_CRYPTO;1 && HAVE_LIBMBEDCRYPTO && DEBUG_CRYPTO;if;1380;1380
src/pki_mbedcrypto.c;1;DEBUG_CRYPTO;1 && HAVE_LIBMBEDCRYPTO && DEBUG_CRYPTO;artifact;1381;1381
src/pki_mbedcrypto.c;1;DEBUG_CRYPTO;1 && HAVE_LIBMBEDCRYPTO && DEBUG_CRYPTO;endif;1382;1382
src/pki_mbedcrypto.c;1;HAVE_LIBMBEDCRYPTO;1 && HAVE_LIBMBEDCRYPTO;artifact;1383;1399
src/pki_mbedcrypto.c;1;DEBUG_CRYPTO;1 && HAVE_LIBMBEDCRYPTO && DEBUG_CRYPTO;if;1400;1400
src/pki_mbedcrypto.c;1;DEBUG_CRYPTO;1 && HAVE_LIBMBEDCRYPTO && DEBUG_CRYPTO;artifact;1401;1401
src/pki_mbedcrypto.c;1;DEBUG_CRYPTO;1 && HAVE_LIBMBEDCRYPTO && DEBUG_CRYPTO;endif;1402;1402
src/pki_mbedcrypto.c;1;HAVE_LIBMBEDCRYPTO;1 && HAVE_LIBMBEDCRYPTO;artifact;1403;1475
src/pki_mbedcrypto.c;1;MBEDTLS_VERSION_MAJOR__GT__2;1 && HAVE_LIBMBEDCRYPTO && MBEDTLS_VERSION_MAJOR__GT__2;if;1476;1476
src/pki_mbedcrypto.c;1;MBEDTLS_VERSION_MAJOR__GT__2;1 && HAVE_LIBMBEDCRYPTO && MBEDTLS_VERSION_MAJOR__GT__2;artifact;1477;1477
src/pki_mbedcrypto.c;1;MBEDTLS_VERSION_MAJOR__GT__2;1 && HAVE_LIBMBEDCRYPTO && MBEDTLS_VERSION_MAJOR__GT__2;endif;1478;1478
src/pki_mbedcrypto.c;1;HAVE_LIBMBEDCRYPTO;1 && HAVE_LIBMBEDCRYPTO;artifact;1479;2028
src/pki_mbedcrypto.c;1;WITH_PKCS11_URI;1 && HAVE_LIBMBEDCRYPTO && WITH_PKCS11_URI;if;2029;2029
src/pki_mbedcrypto.c;1;WITH_PKCS11_URI;1 && HAVE_LIBMBEDCRYPTO && WITH_PKCS11_URI;artifact;2030;2038
src/pki_mbedcrypto.c;1;WITH_PKCS11_URI;1 && HAVE_LIBMBEDCRYPTO && WITH_PKCS11_URI;endif;2039;2039
src/pki_mbedcrypto.c;1;HAVE_LIBMBEDCRYPTO;1 && HAVE_LIBMBEDCRYPTO;endif;2040;2040
src/pki_mbedcrypto.c;1;1;1;artifact;2041;2041
src/poll.c;1;1;1;ROOT;1;1178
src/poll.c;1;1;1;artifact;1;36
src/poll.c;1;WITH_SERVER;1 && WITH_SERVER;if;37;37
src/poll.c;1;WITH_SERVER;1 && WITH_SERVER;artifact;38;38
src/poll.c;1;WITH_SERVER;1 && WITH_SERVER;endif;39;39
src/poll.c;1;1;1;artifact;40;41
src/poll.c;1;!SSH_POLL_CTX_CHUNK;1 && !SSH_POLL_CTX_CHUNK;if;42;42
src/poll.c;1;!SSH_POLL_CTX_CHUNK;1 && !SSH_POLL_CTX_CHUNK;artifact;43;43
src/poll.c;1;!SSH_POLL_CTX_CHUNK;1 && !SSH_POLL_CTX_CHUNK;endif;44;44
src/poll.c;1;1;1;artifact;45;83
src/poll.c;1;HAVE_POLL;1 && HAVE_POLL;if;84;84
src/poll.c;1;HAVE_POLL;1 && HAVE_POLL;artifact;85;101
src/poll.c;1;!HAVE_POLL;!HAVE_POLL && 1;else;102;102
src/poll.c;1;!HAVE_POLL;!HAVE_POLL && 1;artifact;103;109
src/poll.c;1;_WIN32;!HAVE_POLL && 1 && _WIN32;if;110;110
src/poll.c;1;!STRICT;!HAVE_POLL && 1 && _WIN32 && !STRICT;if;111;111
src/poll.c;1;!STRICT;!HAVE_POLL && 1 && _WIN32 && !STRICT;artifact;112;112
src/poll.c;1;!STRICT;!HAVE_POLL && 1 && _WIN32 && !STRICT;endif;113;113
src/poll.c;1;_WIN32;!HAVE_POLL && 1 && _WIN32;artifact;114;117
src/poll.c;1;!_WIN32;!_WIN32 && !HAVE_POLL && 1;else;118;118
src/poll.c;1;!_WIN32;!_WIN32 && !HAVE_POLL && 1;artifact;119;121
src/poll.c;1;HAVE_SYS_TIME_H;!_WIN32 && !HAVE_POLL && 1 && HAVE_SYS_TIME_H;if;122;122
src/poll.c;1;HAVE_SYS_TIME_H;!_WIN32 && !HAVE_POLL && 1 && HAVE_SYS_TIME_H;artifact;123;123
src/poll.c;1;HAVE_SYS_TIME_H;!_WIN32 && !HAVE_POLL && 1 && HAVE_SYS_TIME_H;endif;124;124
src/poll.c;1;!_WIN32;!_WIN32 && !HAVE_POLL && 1;artifact;125;125
src/poll.c;1;!_WIN32;!_WIN32 && !HAVE_POLL && 1;endif;126;126
src/poll.c;1;!HAVE_POLL;!HAVE_POLL && 1;artifact;127;127
src/poll.c;1;HAVE_UNISTD_H;!HAVE_POLL && 1 && HAVE_UNISTD_H;if;128;128
src/poll.c;1;HAVE_UNISTD_H;!HAVE_POLL && 1 && HAVE_UNISTD_H;artifact;129;129
src/poll.c;1;HAVE_UNISTD_H;!HAVE_POLL && 1 && HAVE_UNISTD_H;endif;130;130
src/poll.c;1;!HAVE_POLL;!HAVE_POLL && 1;artifact;131;134
src/poll.c;1;_WIN32;!HAVE_POLL && 1 && _WIN32;if;135;135
src/poll.c;1;_WIN32;!HAVE_POLL && 1 && _WIN32;artifact;136;136
src/poll.c;1;!_WIN32;!_WIN32 && !HAVE_POLL && 1;else;137;137
src/poll.c;1;!_WIN32;!_WIN32 && !HAVE_POLL && 1;artifact;138;138
src/poll.c;1;!_WIN32;!_WIN32 && !HAVE_POLL && 1;endif;139;139
src/poll.c;1;!HAVE_POLL;!HAVE_POLL && 1;artifact;140;150
src/poll.c;1;_WIN32;!HAVE_POLL && 1 && _WIN32;if;151;151
src/poll.c;1;_WIN32;!HAVE_POLL && 1 && _WIN32;artifact;152;157
src/poll.c;1;!_WIN32;!_WIN32 && !HAVE_POLL && 1;else;158;158
src/poll.c;1;!_WIN32;!_WIN32 && !HAVE_POLL && 1;artifact;159;162
src/poll.c;1;!_WIN32;!_WIN32 && !HAVE_POLL && 1;endif;163;163
src/poll.c;1;!HAVE_POLL;!HAVE_POLL && 1;artifact;164;180
src/poll.c;1;MSG_NOSIGNAL;!HAVE_POLL && 1 && MSG_NOSIGNAL;if;181;181
src/poll.c;1;MSG_NOSIGNAL;!HAVE_POLL && 1 && MSG_NOSIGNAL;artifact;182;182
src/poll.c;1;MSG_NOSIGNAL;!HAVE_POLL && 1 && MSG_NOSIGNAL;endif;183;183
src/poll.c;1;!HAVE_POLL;!HAVE_POLL && 1;artifact;184;185
src/poll.c;1;_WIN32;!HAVE_POLL && 1 && _WIN32;if;186;186
src/poll.c;1;_WIN32;!HAVE_POLL && 1 && _WIN32;artifact;187;187
src/poll.c;1;_WIN32;!HAVE_POLL && 1 && _WIN32;endif;188;188
src/poll.c;1;!HAVE_POLL;!HAVE_POLL && 1;artifact;189;193
src/poll.c;1;_WIN32;!HAVE_POLL && 1 && _WIN32;if;194;194
src/poll.c;1;_WIN32;!HAVE_POLL && 1 && _WIN32;artifact;195;196
src/poll.c;1;_WIN32;!HAVE_POLL && 1 && _WIN32;endif;197;197
src/poll.c;1;!HAVE_POLL;!HAVE_POLL && 1;artifact;198;244
src/poll.c;1;!_WIN32;!HAVE_POLL && 1 && !_WIN32;if;245;245
src/poll.c;1;!_WIN32;!HAVE_POLL && 1 && !_WIN32;artifact;246;249
src/poll.c;1;!_WIN32;!HAVE_POLL && 1 && !_WIN32;endif;250;250
src/poll.c;1;!HAVE_POLL;!HAVE_POLL && 1;artifact;251;333
src/poll.c;1;!HAVE_POLL;!HAVE_POLL && 1;endif;334;334
src/poll.c;1;1;1;artifact;335;788
src/poll.c;1;WITH_SERVER;1 && WITH_SERVER;if;789;789
src/poll.c;1;WITH_SERVER;1 && WITH_SERVER;artifact;790;790
src/poll.c;1;WITH_SERVER;1 && WITH_SERVER;endif;791;791
src/poll.c;1;1;1;artifact;792;817
src/poll.c;1;WITH_SERVER;1 && WITH_SERVER;if;818;818
src/poll.c;1;WITH_SERVER;1 && WITH_SERVER;artifact;819;824
src/poll.c;1;WITH_SERVER;1 && WITH_SERVER;endif;825;825
src/poll.c;1;1;1;artifact;826;933
src/poll.c;1;WITH_SERVER;1 && WITH_SERVER;if;934;934
src/poll.c;1;WITH_SERVER;1 && WITH_SERVER;artifact;935;935
src/poll.c;1;WITH_SERVER;1 && WITH_SERVER;endif;936;936
src/poll.c;1;1;1;artifact;937;956
src/poll.c;1;WITH_SERVER;1 && WITH_SERVER;if;957;957
src/poll.c;1;WITH_SERVER;1 && WITH_SERVER;artifact;958;968
src/poll.c;1;WITH_SERVER;1 && WITH_SERVER;endif;969;969
src/poll.c;1;1;1;artifact;970;1080
src/poll.c;1;WITH_SERVER;1 && WITH_SERVER;if;1081;1081
src/poll.c;1;WITH_SERVER;1 && WITH_SERVER;artifact;1082;1082
src/poll.c;1;WITH_SERVER;1 && WITH_SERVER;endif;1083;1083
src/poll.c;1;1;1;artifact;1084;1109
src/poll.c;1;WITH_SERVER;1 && WITH_SERVER;if;1110;1110
src/poll.c;1;WITH_SERVER;1 && WITH_SERVER;artifact;1111;1119
src/poll.c;1;WITH_SERVER;1 && WITH_SERVER;endif;1120;1120
src/poll.c;1;1;1;artifact;1121;1167
src/poll.c;1;WITH_SERVER;1 && WITH_SERVER;if;1168;1168
src/poll.c;1;WITH_SERVER;1 && WITH_SERVER;artifact;1169;1171
src/poll.c;1;WITH_SERVER;1 && WITH_SERVER;endif;1172;1172
src/poll.c;1;1;1;artifact;1173;1177
src/scp.c;1;1;1;ROOT;1;1196
src/scp.c;1;1;1;artifact;1;1195
src/server.c;1;1;1;ROOT;1;1298
src/server.c;1;1;1;artifact;1;31
src/server.c;1;_WIN32;1 && _WIN32;if;32;32
src/server.c;1;_WIN32;1 && _WIN32;artifact;33;39
src/server.c;1;HAVE_WSPIAPI_H;1 && _WIN32 && HAVE_WSPIAPI_H;if;40;40
src/server.c;1;HAVE_WSPIAPI_H;1 && _WIN32 && HAVE_WSPIAPI_H;artifact;41;41
src/server.c;1;HAVE_WSPIAPI_H;1 && _WIN32 && HAVE_WSPIAPI_H;endif;42;42
src/server.c;1;!_WIN32;!_WIN32 && 1;else;43;43
src/server.c;1;!_WIN32;!_WIN32 && 1;artifact;44;44
src/server.c;1;!_WIN32;!_WIN32 && 1;endif;45;45
src/server.c;1;1;1;artifact;46;112
src/server.c;1;HAVE_ECC;1 && HAVE_ECC;if;113;113
src/server.c;1;HAVE_ECC;1 && HAVE_ECC;artifact;114;118
src/server.c;1;HAVE_ECC;1 && HAVE_ECC;endif;119;119
src/server.c;1;1;1;artifact;120;479
src/server.c;1;WITH_PCAP;1 && WITH_PCAP;if;480;480
src/server.c;1;WITH_PCAP;1 && WITH_PCAP;artifact;481;487
src/server.c;1;WITH_PCAP;1 && WITH_PCAP;endif;488;488
src/server.c;1;1;1;artifact;489;1297
src/session.c;1;1;1;ROOT;1;1353
src/session.c;1;1;1;artifact;1;162
src/session.c;1;HAVE_ECC;1 && HAVE_ECC;if;163;163
src/session.c;1;HAVE_ECC;1 && HAVE_ECC;artifact;164;171
src/session.c;1;HAVE_ECC;1 && HAVE_ECC;endif;172;172
src/session.c;1;1;1;artifact;173;234
src/session.c;1;WITH_PCAP;1 && WITH_PCAP;if;235;235
src/session.c;1;WITH_PCAP;1 && WITH_PCAP;artifact;236;239
src/session.c;1;WITH_PCAP;1 && WITH_PCAP;endif;240;240
src/session.c;1;1;1;artifact;241;290
src/session.c;1;WITH_GSSAPI;1 && WITH_GSSAPI;if;291;291
src/session.c;1;WITH_GSSAPI;1 && WITH_GSSAPI;artifact;292;292
src/session.c;1;WITH_GSSAPI;1 && WITH_GSSAPI;endif;293;293
src/session.c;1;1;1;artifact;294;1352
src/sftp.c;1;1;1;ROOT;1;3325
src/sftp.c;1;1;1;artifact;1;34
src/sftp.c;1;HAVE_SYS_TIME_H;1 && HAVE_SYS_TIME_H;if;35;35
src/sftp.c;1;HAVE_SYS_TIME_H;1 && HAVE_SYS_TIME_H;artifact;36;36
src/sftp.c;1;HAVE_SYS_TIME_H;1 && HAVE_SYS_TIME_H;endif;37;37
src/sftp.c;1;1;1;artifact;38;41
src/sftp.c;1;!_WIN32;1 && !_WIN32;if;42;42
src/sftp.c;1;!_WIN32;1 && !_WIN32;artifact;43;44
src/sftp.c;1;!_WIN32;1 && !_WIN32;endif;45;45
src/sftp.c;1;1;1;artifact;46;56
src/sftp.c;1;WITH_SFTP;1 && WITH_SFTP;if;57;57
src/sftp.c;1;WITH_SFTP;1 && WITH_SFTP;artifact;58;220
src/sftp.c;1;WITH_SERVER;1 && WITH_SFTP && WITH_SERVER;if;221;221
src/sftp.c;1;WITH_SERVER;1 && WITH_SFTP && WITH_SERVER;artifact;222;319
src/sftp.c;1;WITH_SERVER;1 && WITH_SFTP && WITH_SERVER;endif;320;320
src/sftp.c;1;WITH_SFTP;1 && WITH_SFTP;artifact;321;3322
src/sftp.c;1;WITH_SFTP;1 && WITH_SFTP;endif;3323;3323
src/sftp.c;1;1;1;artifact;3324;3324
src/sftp_aio.c;1;1;1;ROOT;1;502
src/sftp_aio.c;1;1;1;artifact;1;32
src/sftp_aio.c;1;WITH_SFTP;1 && WITH_SFTP;if;33;33
src/sftp_aio.c;1;WITH_SFTP;1 && WITH_SFTP;artifact;34;499
src/sftp_aio.c;1;WITH_SFTP;1 && WITH_SFTP;endif;500;500
src/sftp_aio.c;1;1;1;artifact;501;501
src/sftp_common.c;1;1;1;ROOT;1;934
src/sftp_common.c;1;1;1;artifact;1;36
src/sftp_common.c;1;WITH_SFTP;1 && WITH_SFTP;if;37;37
src/sftp_common.c;1;WITH_SFTP;1 && WITH_SFTP;artifact;38;931
src/sftp_common.c;1;WITH_SFTP;1 && WITH_SFTP;endif;932;932
src/sftp_common.c;1;1;1;artifact;933;933
src/sftpserver.c;1;1;1;ROOT;1;1867
src/sftpserver.c;1;1;1;artifact;1;27
src/sftpserver.c;1;!_WIN32;1 && !_WIN32;if;28;28
src/sftpserver.c;1;!_WIN32;1 && !_WIN32;artifact;29;32
src/sftpserver.c;1;!_WIN32;1 && !_WIN32;endif;33;33
src/sftpserver.c;1;1;1;artifact;34;34
src/sftpserver.c;1;HAVE_SYS_TIME_H;1 && HAVE_SYS_TIME_H;if;35;35
src/sftpserver.c;1;HAVE_SYS_TIME_H;1 && HAVE_SYS_TIME_H;artifact;36;36
src/sftpserver.c;1;HAVE_SYS_TIME_H;1 && HAVE_SYS_TIME_H;endif;37;37
src/sftpserver.c;1;HAVE_SYS_UTIME_H;1 && HAVE_SYS_UTIME_H;if;38;38
src/sftpserver.c;1;HAVE_SYS_UTIME_H;1 && HAVE_SYS_UTIME_H;artifact;39;39
src/sftpserver.c;1;HAVE_SYS_UTIME_H;1 && HAVE_SYS_UTIME_H;endif;40;40
src/sftpserver.c;1;1;1;artifact;41;807
src/sftpserver.c;1;!_WIN32;1 && !_WIN32;if;808;808
src/sftpserver.c;1;!_WIN32;1 && !_WIN32;artifact;809;1496
src/sftpserver.c;1;HAVE_SYS_TIME_H;1 && !_WIN32 && HAVE_SYS_TIME_H;if;1497;1497
src/sftpserver.c;1;HAVE_SYS_TIME_H;1 && !_WIN32 && HAVE_SYS_TIME_H;artifact;1498;1514
src/sftpserver.c;1;!HAVE_SYS_TIME_H;!HAVE_SYS_TIME_H && 1 && !_WIN32;else;1515;1515
src/sftpserver.c;1;!HAVE_SYS_TIME_H;!HAVE_SYS_TIME_H && 1 && !_WIN32;artifact;1516;1530
src/sftpserver.c;1;!HAVE_SYS_TIME_H;!HAVE_SYS_TIME_H && 1 && !_WIN32;endif;1531;1531
src/sftpserver.c;1;!_WIN32;1 && !_WIN32;artifact;1532;1843
src/sftpserver.c;1;_WIN32;_WIN32 && 1;else;1844;1844
src/sftpserver.c;1;_WIN32;_WIN32 && 1;artifact;1845;1864
src/sftpserver.c;1;_WIN32;_WIN32 && 1;endif;1865;1865
src/sftpserver.c;1;1;1;artifact;1866;1866
src/socket.c;1;1;1;ROOT;1;1299
src/socket.c;1;1;1;artifact;1;27
src/socket.c;1;_WIN32;1 && _WIN32;if;28;28
src/socket.c;1;_WIN32;1 && _WIN32;artifact;29;30
src/socket.c;1;!UNIX_PATH_MAX;1 && _WIN32 && !UNIX_PATH_MAX;if;31;31
src/socket.c;1;!UNIX_PATH_MAX;1 && _WIN32 && !UNIX_PATH_MAX;artifact;32;38
src/socket.c;1;!UNIX_PATH_MAX;1 && _WIN32 && !UNIX_PATH_MAX;endif;39;39
src/socket.c;1;!_WIN32;!_WIN32 && 1;else;40;40
src/socket.c;1;!_WIN32;!_WIN32 && 1;artifact;41;46
src/socket.c;1;HAVE_PTHREAD;!_WIN32 && 1 && HAVE_PTHREAD;if;47;47
src/socket.c;1;HAVE_PTHREAD;!_WIN32 && 1 && HAVE_PTHREAD;artifact;48;48
src/socket.c;1;HAVE_PTHREAD;!_WIN32 && 1 && HAVE_PTHREAD;endif;49;49
src/socket.c;1;!_WIN32;!_WIN32 && 1;endif;50;50
src/socket.c;1;1;1;artifact;51;90
src/socket.c;1;!_WIN32;1 && !_WIN32;if;91;91
src/socket.c;1;!_WIN32;1 && !_WIN32;artifact;92;92
src/socket.c;1;!_WIN32;1 && !_WIN32;endif;93;93
src/socket.c;1;1;1;artifact;94;95
src/socket.c;1;HAVE_PTHREAD;1 && HAVE_PTHREAD;if;96;96
src/socket.c;1;HAVE_PTHREAD;1 && HAVE_PTHREAD;artifact;97;102
src/socket.c;1;HAVE_PTHREAD;1 && HAVE_PTHREAD;endif;103;103
src/socket.c;1;1;1;artifact;104;120
src/socket.c;1;_WIN32;1 && _WIN32;if;121;121
src/socket.c;1;_WIN32;1 && _WIN32;artifact;122;127
src/socket.c;1;_WIN32;1 && _WIN32;endif;128;128
src/socket.c;1;1;1;artifact;129;143
src/socket.c;1;_WIN32;1 && _WIN32;if;144;144
src/socket.c;1;_WIN32;1 && _WIN32;artifact;145;145
src/socket.c;1;_WIN32;1 && _WIN32;endif;146;146
src/socket.c;1;1;1;artifact;147;206
src/socket.c;1;!_WIN32;1 && !_WIN32;if;207;207
src/socket.c;1;!_WIN32;1 && !_WIN32;artifact;208;208
src/socket.c;1;!_WIN32;1 && !_WIN32;endif;209;209
src/socket.c;1;1;1;artifact;210;347
src/socket.c;1;_WIN32;1 && _WIN32;if;348;348
src/socket.c;1;_WIN32;1 && _WIN32;artifact;349;349
src/socket.c;1;!_WIN32;!_WIN32 && 1;else;350;350
src/socket.c;1;!_WIN32;!_WIN32 && 1;artifact;351;351
src/socket.c;1;!_WIN32;!_WIN32 && 1;endif;352;352
src/socket.c;1;1;1;artifact;353;444
src/socket.c;1;!_WIN32;1 && !_WIN32;if;445;445
src/socket.c;1;!_WIN32;1 && !_WIN32;artifact;446;452
src/socket.c;1;!_WIN32;1 && !_WIN32;endif;453;453
src/socket.c;1;1;1;artifact;454;471
src/socket.c;1;_WIN32;1 && _WIN32;if;472;472
src/socket.c;1;_WIN32;1 && _WIN32;artifact;473;474
src/socket.c;1;!_WIN32;!_WIN32 && 1;else;475;475
src/socket.c;1;!_WIN32;!_WIN32 && 1;artifact;476;477
src/socket.c;1;!_WIN32;!_WIN32 && 1;endif;478;478
src/socket.c;1;1;1;artifact;479;487
src/socket.c;1;!_WIN32;1 && !_WIN32;if;488;488
src/socket.c;1;!_WIN32;1 && !_WIN32;artifact;489;509
src/socket.c;1;!_WIN32;1 && !_WIN32;endif;510;510
src/socket.c;1;1;1;artifact;511;537
src/socket.c;1;_WIN32;1 && _WIN32;if;538;538
src/socket.c;1;_WIN32;1 && _WIN32;artifact;539;539
src/socket.c;1;_WIN32;1 && _WIN32;endif;540;540
src/socket.c;1;1;1;artifact;541;576
src/socket.c;1;_WIN32;1 && _WIN32;if;577;577
src/socket.c;1;_WIN32;1 && _WIN32;artifact;578;578
src/socket.c;1;!_WIN32;!_WIN32 && 1;else;579;579
src/socket.c;1;!_WIN32;!_WIN32 && 1;artifact;580;580
src/socket.c;1;!_WIN32;!_WIN32 && 1;endif;581;581
src/socket.c;1;1;1;artifact;582;602
src/socket.c;1;MSG_NOSIGNAL;1 && MSG_NOSIGNAL;if;603;603
src/socket.c;1;MSG_NOSIGNAL;1 && MSG_NOSIGNAL;artifact;604;604
src/socket.c;1;MSG_NOSIGNAL;1 && MSG_NOSIGNAL;endif;605;605
src/socket.c;1;1;1;artifact;606;615
src/socket.c;1;_WIN32;1 && _WIN32;if;616;616
src/socket.c;1;_WIN32;1 && _WIN32;artifact;617;617
src/socket.c;1;!_WIN32;!_WIN32 && 1;else;618;618
src/socket.c;1;!_WIN32;!_WIN32 && 1;artifact;619;619
src/socket.c;1;!_WIN32;!_WIN32 && 1;endif;620;620
src/socket.c;1;1;1;artifact;621;836
src/socket.c;1;_WIN32;1 && _WIN32;if;837;837
src/socket.c;1;_WIN32;1 && _WIN32;artifact;838;849
src/socket.c;1;!_WIN32;!_WIN32 && 1;else;850;850
src/socket.c;1;!_WIN32;!_WIN32 && 1;artifact;851;859
src/socket.c;1;!_WIN32;!_WIN32 && 1;endif;860;860
src/socket.c;1;1;1;artifact;861;895
src/socket.c;1;WITH_EXEC;1 && WITH_EXEC;if;896;896
src/socket.c;1;WITH_EXEC;1 && WITH_EXEC;artifact;897;1000
src/socket.c;1;WITH_EXEC;1 && WITH_EXEC;endif;1001;1001
src/socket.c;1;1;1;artifact;1002;1002
src/socket.c;1;!_WIN32;1 && !_WIN32;if;1003;1003
src/socket.c;1;HAVE_PTHREAD;1 && !_WIN32 && HAVE_PTHREAD;if;1004;1004
src/socket.c;1;HAVE_PTHREAD;1 && !_WIN32 && HAVE_PTHREAD;artifact;1005;1293
src/socket.c;1;HAVE_PTHREAD;1 && !_WIN32 && HAVE_PTHREAD;endif;1294;1294
src/socket.c;1;!_WIN32;1 && !_WIN32;artifact;1295;1295
src/socket.c;1;!_WIN32;1 && !_WIN32;endif;1296;1296
src/socket.c;1;1;1;artifact;1297;1298
src/string.c;1;1;1;ROOT;1;283
src/string.c;1;1;1;artifact;1;28
src/string.c;1;!_WIN32;1 && !_WIN32;if;29;29
src/string.c;1;!_WIN32;1 && !_WIN32;artifact;30;31
src/string.c;1;!_WIN32;1 && !_WIN32;endif;32;32
src/string.c;1;1;1;artifact;33;282
src/threads.c;1;1;1;ROOT;1;99
src/threads.c;1;1;1;artifact;1;98
src/threads/libcrypto.c;1;1;1;ROOT;1;38
src/threads/libcrypto.c;1;1;1;artifact;1;37
src/threads/libgcrypt.c;1;1;1;ROOT;1;76
src/threads/libgcrypt.c;1;1;1;artifact;1;26
src/threads/libgcrypt.c;1;GCRYPT_VERSION_NUMBER__GEQ__0x010600;1 && GCRYPT_VERSION_NUMBER__GEQ__0x010600;if;27;27
src/threads/libgcrypt.c;1;GCRYPT_VERSION_NUMBER__GEQ__0x010600;1 && GCRYPT_VERSION_NUMBER__GEQ__0x010600;artifact;28;37
src/threads/libgcrypt.c;1;!GCRYPT_VERSION_NUMBER__GEQ__0x010600;!GCRYPT_VERSION_NUMBER__GEQ__0x010600 && 1;else;38;38
src/threads/libgcrypt.c;1;!GCRYPT_VERSION_NUMBER__GEQ__0x010600;!GCRYPT_VERSION_NUMBER__GEQ__0x010600 && 1;artifact;39;68
src/threads/libgcrypt.c;1;!GCRYPT_VERSION_NUMBER__GEQ__0x010600;!GCRYPT_VERSION_NUMBER__GEQ__0x010600 && 1;endif;69;69
src/threads/libgcrypt.c;1;1;1;artifact;70;75
src/threads/mbedtls.c;1;1;1;ROOT;1;67
src/threads/mbedtls.c;1;1;1;artifact;1;40
src/threads/mbedtls.c;1;MBEDTLS_THREADING_ALT;1 && MBEDTLS_THREADING_ALT;if;41;41
src/threads/mbedtls.c;1;MBEDTLS_THREADING_ALT;1 && MBEDTLS_THREADING_ALT;artifact;42;51
src/threads/mbedtls.c;1;DEFINED_MBEDTLS_THREADING_PTHREAD && !MBEDTLS_THREADING_ALT;DEFINED_MBEDTLS_THREADING_PTHREAD && !MBEDTLS_THREADING_ALT && 1;elif;52;52
src/threads/mbedtls.c;1;DEFINED_MBEDTLS_THREADING_PTHREAD && !MBEDTLS_THREADING_ALT;DEFINED_MBEDTLS_THREADING_PTHREAD && !MBEDTLS_THREADING_ALT && 1;artifact;53;53
src/threads/mbedtls.c;1;!DEFINED_MBEDTLS_THREADING_PTHREAD && !MBEDTLS_THREADING_ALT;!DEFINED_MBEDTLS_THREADING_PTHREAD && !MBEDTLS_THREADING_ALT && 1;else;54;54
src/threads/mbedtls.c;1;!DEFINED_MBEDTLS_THREADING_PTHREAD && !MBEDTLS_THREADING_ALT;!DEFINED_MBEDTLS_THREADING_PTHREAD && !MBEDTLS_THREADING_ALT && 1;artifact;55;55
src/threads/mbedtls.c;1;!DEFINED_MBEDTLS_THREADING_PTHREAD && !MBEDTLS_THREADING_ALT;!DEFINED_MBEDTLS_THREADING_PTHREAD && !MBEDTLS_THREADING_ALT && 1;endif;56;56
src/threads/mbedtls.c;1;1;1;artifact;57;60
src/threads/mbedtls.c;1;MBEDTLS_THREADING_ALT;1 && MBEDTLS_THREADING_ALT;if;61;61
src/threads/mbedtls.c;1;MBEDTLS_THREADING_ALT;1 && MBEDTLS_THREADING_ALT;artifact;62;62
src/threads/mbedtls.c;1;MBEDTLS_THREADING_ALT;1 && MBEDTLS_THREADING_ALT;endif;63;63
src/threads/mbedtls.c;1;1;1;artifact;64;66
src/threads/noop.c;1;1;1;ROOT;1;76
src/threads/noop.c;1;1;1;artifact;1;49
src/threads/noop.c;1;!HAVE_PTHREAD && !DEFINED__WIN32 && !DEFINED__WIN64;1 && !HAVE_PTHREAD && !DEFINED__WIN32 && !DEFINED__WIN64;if;50;50
src/threads/noop.c;1;!HAVE_PTHREAD && !DEFINED__WIN32 && !DEFINED__WIN64;1 && !HAVE_PTHREAD && !DEFINED__WIN32 && !DEFINED__WIN64;artifact;51;68
src/threads/noop.c;1;!HAVE_PTHREAD && !DEFINED__WIN32 && !DEFINED__WIN64;1 && !HAVE_PTHREAD && !DEFINED__WIN32 && !DEFINED__WIN64;endif;69;69
src/threads/noop.c;1;1;1;artifact;70;75
src/threads/pthread.c;1;1;1;ROOT;1;142
src/threads/pthread.c;1;1;1;artifact;1;80
src/threads/pthread.c;1;DEFINED___LB___WIN32__RB__ && !DEFINED___LB____WINPTHREADS_VERSION__RB__;1 && DEFINED___LB___WIN32__RB__ && !DEFINED___LB____WINPTHREADS_VERSION__RB__;if;81;81
src/threads/pthread.c;1;DEFINED___LB___WIN32__RB__ && !DEFINED___LB____WINPTHREADS_VERSION__RB__;1 && DEFINED___LB___WIN32__RB__ && !DEFINED___LB____WINPTHREADS_VERSION__RB__;artifact;82;82
src/threads/pthread.c;1;!DEFINED___LB___WIN32__RB__ || DEFINED___LB____WINPTHREADS_VERSION__RB__;(!DEFINED___LB___WIN32__RB__ || DEFINED___LB____WINPTHREADS_VERSION__RB__) && 1;else;83;83
src/threads/pthread.c;1;!DEFINED___LB___WIN32__RB__ || DEFINED___LB____WINPTHREADS_VERSION__RB__;(!DEFINED___LB___WIN32__RB__ || DEFINED___LB____WINPTHREADS_VERSION__RB__) && 1;artifact;84;84
src/threads/pthread.c;1;!DEFINED___LB___WIN32__RB__ || DEFINED___LB____WINPTHREADS_VERSION__RB__;(!DEFINED___LB___WIN32__RB__ || DEFINED___LB____WINPTHREADS_VERSION__RB__) && 1;endif;85;85
src/threads/pthread.c;1;1;1;artifact;86;99
src/threads/pthread.c;1;HAVE_PTHREAD;1 && HAVE_PTHREAD;if;100;100
src/threads/pthread.c;1;HAVE_PTHREAD;1 && HAVE_PTHREAD;artifact;101;134
src/threads/pthread.c;1;HAVE_PTHREAD;1 && HAVE_PTHREAD;endif;135;135
src/threads/pthread.c;1;1;1;artifact;136;141
src/threads/winlocks.c;1;1;1;ROOT;1;126
src/threads/winlocks.c;1;1;1;artifact;1;125
src/token.c;1;1;1;ROOT;1;547
src/token.c;1;1;1;artifact;1;546
src/ttyopts.c;1;1;1;ROOT;1;456
src/ttyopts.c;1;1;1;artifact;1;32
src/ttyopts.c;1;HAVE_TERMIOS_H;1 && HAVE_TERMIOS_H;if;33;33
src/ttyopts.c;1;HAVE_TERMIOS_H;1 && HAVE_TERMIOS_H;artifact;34;34
src/ttyopts.c;1;HAVE_TERMIOS_H;1 && HAVE_TERMIOS_H;endif;35;35
src/ttyopts.c;1;1;1;artifact;36;135
src/ttyopts.c;1;HAVE_TERMIOS_H;1 && HAVE_TERMIOS_H;if;136;136
src/ttyopts.c;1;HAVE_TERMIOS_H;1 && HAVE_TERMIOS_H;artifact;137;218
src/ttyopts.c;1;IUCLC;1 && HAVE_TERMIOS_H && IUCLC;if;219;219
src/ttyopts.c;1;IUCLC;1 && HAVE_TERMIOS_H && IUCLC;artifact;220;220
src/ttyopts.c;1;IUCLC;1 && HAVE_TERMIOS_H && IUCLC;endif;221;221
src/ttyopts.c;1;HAVE_TERMIOS_H;1 && HAVE_TERMIOS_H;artifact;222;225
src/ttyopts.c;1;IUTF8;1 && HAVE_TERMIOS_H && IUTF8;if;226;226
src/ttyopts.c;1;IUTF8;1 && HAVE_TERMIOS_H && IUTF8;artifact;227;227
src/ttyopts.c;1;IUTF8;1 && HAVE_TERMIOS_H && IUTF8;endif;228;228
src/ttyopts.c;1;HAVE_TERMIOS_H;1 && HAVE_TERMIOS_H;artifact;229;233
src/ttyopts.c;1;OLCUC;1 && HAVE_TERMIOS_H && OLCUC;if;234;234
src/ttyopts.c;1;OLCUC;1 && HAVE_TERMIOS_H && OLCUC;artifact;235;235
src/ttyopts.c;1;OLCUC;1 && HAVE_TERMIOS_H && OLCUC;endif;236;236
src/ttyopts.c;1;HAVE_TERMIOS_H;1 && HAVE_TERMIOS_H;artifact;237;254
src/ttyopts.c;1;XCASE;1 && HAVE_TERMIOS_H && XCASE;if;255;255
src/ttyopts.c;1;XCASE;1 && HAVE_TERMIOS_H && XCASE;artifact;256;256
src/ttyopts.c;1;XCASE;1 && HAVE_TERMIOS_H && XCASE;endif;257;257
src/ttyopts.c;1;HAVE_TERMIOS_H;1 && HAVE_TERMIOS_H;artifact;258;266
src/ttyopts.c;1;PENDIN;1 && HAVE_TERMIOS_H && PENDIN;if;267;267
src/ttyopts.c;1;PENDIN;1 && HAVE_TERMIOS_H && PENDIN;artifact;268;268
src/ttyopts.c;1;PENDIN;1 && HAVE_TERMIOS_H && PENDIN;endif;269;269
src/ttyopts.c;1;HAVE_TERMIOS_H;1 && HAVE_TERMIOS_H;artifact;270;282
src/ttyopts.c;1;VDSUSP;1 && HAVE_TERMIOS_H && VDSUSP;if;283;283
src/ttyopts.c;1;VDSUSP;1 && HAVE_TERMIOS_H && VDSUSP;artifact;284;284
src/ttyopts.c;1;VDSUSP;1 && HAVE_TERMIOS_H && VDSUSP;endif;285;285
src/ttyopts.c;1;HAVE_TERMIOS_H;1 && HAVE_TERMIOS_H;artifact;286;288
src/ttyopts.c;1;VFLUSH;1 && HAVE_TERMIOS_H && VFLUSH;if;289;289
src/ttyopts.c;1;VFLUSH;1 && HAVE_TERMIOS_H && VFLUSH;artifact;290;290
src/ttyopts.c;1;VFLUSH;1 && HAVE_TERMIOS_H && VFLUSH;endif;291;291
src/ttyopts.c;1;VSWTC;1 && HAVE_TERMIOS_H && VSWTC;if;292;292
src/ttyopts.c;1;VSWTC;1 && HAVE_TERMIOS_H && VSWTC;artifact;293;293
src/ttyopts.c;1;VSWTC;1 && HAVE_TERMIOS_H && VSWTC;endif;294;294
src/ttyopts.c;1;VSTATUS;1 && HAVE_TERMIOS_H && VSTATUS;if;295;295
src/ttyopts.c;1;VSTATUS;1 && HAVE_TERMIOS_H && VSTATUS;artifact;296;296
src/ttyopts.c;1;VSTATUS;1 && HAVE_TERMIOS_H && VSTATUS;endif;297;297
src/ttyopts.c;1;HAVE_TERMIOS_H;1 && HAVE_TERMIOS_H;artifact;298;313
src/ttyopts.c;1;HAVE_TERMIOS_H;1 && HAVE_TERMIOS_H;endif;314;314
src/ttyopts.c;1;1;1;artifact;315;437
src/ttyopts.c;1;HAVE_TERMIOS_H;1 && HAVE_TERMIOS_H;if;438;438
src/ttyopts.c;1;HAVE_TERMIOS_H;1 && HAVE_TERMIOS_H;artifact;439;449
src/ttyopts.c;1;HAVE_TERMIOS_H;1 && HAVE_TERMIOS_H;endif;450;450
src/ttyopts.c;1;1;1;artifact;451;455
src/wrapper.c;1;1;1;ROOT;1;614
src/wrapper.c;1;1;1;artifact;1;40
src/wrapper.c;1;WITH_ZLIB;1 && WITH_ZLIB;if;41;41
src/wrapper.c;1;WITH_ZLIB;1 && WITH_ZLIB;artifact;42;42
src/wrapper.c;1;WITH_ZLIB;1 && WITH_ZLIB;endif;43;43
src/wrapper.c;1;1;1;artifact;44;51
src/wrapper.c;1;WITH_GEX;1 && WITH_GEX;if;52;52
src/wrapper.c;1;WITH_GEX;1 && WITH_GEX;artifact;53;53
src/wrapper.c;1;WITH_GEX;1 && WITH_GEX;endif;54;54
src/wrapper.c;1;1;1;artifact;55;68
src/wrapper.c;1;WITH_INSECURE_NONE;1 && WITH_INSECURE_NONE;if;69;69
src/wrapper.c;1;WITH_INSECURE_NONE;1 && WITH_INSECURE_NONE;artifact;70;70
src/wrapper.c;1;WITH_INSECURE_NONE;1 && WITH_INSECURE_NONE;endif;71;71
src/wrapper.c;1;1;1;artifact;72;125
src/wrapper.c;1;HAVE_LIBGCRYPT;1 && HAVE_LIBGCRYPT;if;126;126
src/wrapper.c;1;HAVE_LIBGCRYPT;1 && HAVE_LIBGCRYPT;artifact;127;127
src/wrapper.c;1;HAVE_LIBGCRYPT;1 && HAVE_LIBGCRYPT;endif;128;128
src/wrapper.c;1;1;1;artifact;129;133
src/wrapper.c;1;HAVE_LIBGCRYPT;1 && HAVE_LIBGCRYPT;if;134;134
src/wrapper.c;1;HAVE_LIBGCRYPT;1 && HAVE_LIBGCRYPT;artifact;135;140
src/wrapper.c;1;HAVE_LIBGCRYPT;1 && HAVE_LIBGCRYPT;endif;141;141
src/wrapper.c;1;1;1;artifact;142;175
src/wrapper.c;1;HAVE_ECDH;1 && HAVE_ECDH;if;176;176
src/wrapper.c;1;HAVE_ECDH;1 && HAVE_ECDH;artifact;177;179
src/wrapper.c;1;HAVE_OPENSSL_ECC;1 && HAVE_ECDH && HAVE_OPENSSL_ECC;if;180;180
src/wrapper.c;1;OPENSSL_VERSION_NUMBER__LT__0x30000000L;1 && HAVE_ECDH && HAVE_OPENSSL_ECC && OPENSSL_VERSION_NUMBER__LT__0x30000000L;if;181;181
src/wrapper.c;1;OPENSSL_VERSION_NUMBER__LT__0x30000000L;1 && HAVE_ECDH && HAVE_OPENSSL_ECC && OPENSSL_VERSION_NUMBER__LT__0x30000000L;artifact;182;182
src/wrapper.c;1;!OPENSSL_VERSION_NUMBER__LT__0x30000000L;!OPENSSL_VERSION_NUMBER__LT__0x30000000L && 1 && HAVE_ECDH && HAVE_OPENSSL_ECC;else;183;183
src/wrapper.c;1;!OPENSSL_VERSION_NUMBER__LT__0x30000000L;!OPENSSL_VERSION_NUMBER__LT__0x30000000L && 1 && HAVE_ECDH && HAVE_OPENSSL_ECC;artifact;184;184
src/wrapper.c;1;!OPENSSL_VERSION_NUMBER__LT__0x30000000L;!OPENSSL_VERSION_NUMBER__LT__0x30000000L && 1 && HAVE_ECDH && HAVE_OPENSSL_ECC;endif;185;185
src/wrapper.c;1;DEFINED_HAVE_GCRYPT_ECC && !HAVE_OPENSSL_ECC;DEFINED_HAVE_GCRYPT_ECC && !HAVE_OPENSSL_ECC && 1 && HAVE_ECDH;elif;186;186
src/wrapper.c;1;DEFINED_HAVE_GCRYPT_ECC && !HAVE_OPENSSL_ECC;DEFINED_HAVE_GCRYPT_ECC && !HAVE_OPENSSL_ECC && 1 && HAVE_ECDH;artifact;187;187
src/wrapper.c;1;DEFINED_HAVE_GCRYPT_ECC && !HAVE_OPENSSL_ECC;DEFINED_HAVE_GCRYPT_ECC && !HAVE_OPENSSL_ECC && 1 && HAVE_ECDH;endif;188;188
src/wrapper.c;1;HAVE_ECDH;1 && HAVE_ECDH;artifact;189;190
src/wrapper.c;1;HAVE_ECDH;1 && HAVE_ECDH;endif;191;191
src/wrapper.c;1;1;1;artifact;192;200
src/wrapper.c;1;WITH_ZLIB;1 && WITH_ZLIB;if;201;201
src/wrapper.c;1;WITH_ZLIB;1 && WITH_ZLIB;artifact;202;210
src/wrapper.c;1;WITH_ZLIB;1 && WITH_ZLIB;endif;211;211
src/wrapper.c;1;1;1;artifact;212;419
src/wrapper.c;1;WITH_SERVER;1 && WITH_SERVER;if;420;420
src/wrapper.c;1;WITH_SERVER;1 && WITH_SERVER;artifact;421;581
src/wrapper.c;1;WITH_GEX;1 && WITH_SERVER && WITH_GEX;if;582;582
src/wrapper.c;1;WITH_GEX;1 && WITH_SERVER && WITH_GEX;artifact;583;586
src/wrapper.c;1;WITH_GEX;1 && WITH_SERVER && WITH_GEX;endif;587;587
src/wrapper.c;1;HAVE_ECDH;1 && WITH_SERVER && HAVE_ECDH;if;588;588
src/wrapper.c;1;HAVE_ECDH;1 && WITH_SERVER && HAVE_ECDH;artifact;589;593
src/wrapper.c;1;HAVE_ECDH;1 && WITH_SERVER && HAVE_ECDH;endif;594;594
src/wrapper.c;1;HAVE_CURVE25519;1 && WITH_SERVER && HAVE_CURVE25519;if;595;595
src/wrapper.c;1;HAVE_CURVE25519;1 && WITH_SERVER && HAVE_CURVE25519;artifact;596;599
src/wrapper.c;1;HAVE_CURVE25519;1 && WITH_SERVER && HAVE_CURVE25519;endif;600;600
src/wrapper.c;1;WITH_SERVER;1 && WITH_SERVER;artifact;601;611
src/wrapper.c;1;WITH_SERVER;1 && WITH_SERVER;endif;612;612
src/wrapper.c;1;1;1;artifact;613;613
tests/benchmarks/bench_raw.c;1;1;1;ROOT;1;312
tests/benchmarks/bench_raw.c;1;1;1;artifact;1;311
tests/benchmarks/bench_scp.c;1;1;1;ROOT;1;152
tests/benchmarks/bench_scp.c;1;1;1;artifact;1;151
tests/benchmarks/bench_sftp.c;1;1;1;ROOT;1;638
tests/benchmarks/bench_sftp.c;1;1;1;artifact;1;637
tests/benchmarks/benchmarks.c;1;1;1;ROOT;1;496
tests/benchmarks/benchmarks.c;1;1;1;artifact;1;52
tests/benchmarks/benchmarks.c;1;WITH_SFTP;1 && WITH_SFTP;if;53;53
tests/benchmarks/benchmarks.c;1;WITH_SFTP;1 && WITH_SFTP;artifact;54;78
tests/benchmarks/benchmarks.c;1;WITH_SFTP;1 && WITH_SFTP;endif;79;79
tests/benchmarks/benchmarks.c;1;1;1;artifact;80;81
tests/benchmarks/benchmarks.c;1;HAVE_ARGP_H;1 && HAVE_ARGP_H;if;82;82
tests/benchmarks/benchmarks.c;1;HAVE_ARGP_H;1 && HAVE_ARGP_H;artifact;83;282
tests/benchmarks/benchmarks.c;1;HAVE_ARGP_H;1 && HAVE_ARGP_H;endif;283;283
tests/benchmarks/benchmarks.c;1;1;1;artifact;284;290
tests/benchmarks/benchmarks.c;1;HAVE_ARGP_H;1 && HAVE_ARGP_H;if;291;291
tests/benchmarks/benchmarks.c;1;HAVE_ARGP_H;1 && HAVE_ARGP_H;artifact;292;292
tests/benchmarks/benchmarks.c;1;!HAVE_ARGP_H;!HAVE_ARGP_H && 1;else;293;293
tests/benchmarks/benchmarks.c;1;!HAVE_ARGP_H;!HAVE_ARGP_H && 1;artifact;294;297
tests/benchmarks/benchmarks.c;1;!HAVE_ARGP_H;!HAVE_ARGP_H && 1;endif;298;298
tests/benchmarks/benchmarks.c;1;1;1;artifact;299;495
tests/benchmarks/benchmarks.h;1;1;1;ROOT;1;107
tests/benchmarks/benchmarks.h;1;1;1;artifact;1;21
tests/benchmarks/benchmarks.h;1;!BENCHMARKS_H_;1 && !BENCHMARKS_H_;if;22;22
tests/benchmarks/benchmarks.h;1;!BENCHMARKS_H_;1 && !BENCHMARKS_H_;artifact;23;104
tests/benchmarks/benchmarks.h;1;!BENCHMARKS_H_;1 && !BENCHMARKS_H_;endif;105;105
tests/benchmarks/benchmarks.h;1;1;1;artifact;106;106
tests/benchmarks/latency.c;1;1;1;ROOT;1;150
tests/benchmarks/latency.c;1;1;1;artifact;1;149
tests/chmodtest.c;1;1;1;ROOT;1;35
tests/chmodtest.c;1;1;1;artifact;1;34
tests/chroot_wrapper.c;1;1;1;ROOT;1;10
tests/chroot_wrapper.c;1;1;1;artifact;1;9
tests/client/torture_algorithms.c;1;1;1;ROOT;1;1031
tests/client/torture_algorithms.c;1;1;1;artifact;1;498
tests/client/torture_algorithms.c;1;DEFINED___LB__HAVE_BLOWFISH__RB__ && DEFINED___LB__OPENSSH_BLOWFISH_CBC__RB__;1 && DEFINED___LB__HAVE_BLOWFISH__RB__ && DEFINED___LB__OPENSSH_BLOWFISH_CBC__RB__;if;499;499
tests/client/torture_algorithms.c;1;DEFINED___LB__HAVE_BLOWFISH__RB__ && DEFINED___LB__OPENSSH_BLOWFISH_CBC__RB__;1 && DEFINED___LB__HAVE_BLOWFISH__RB__ && DEFINED___LB__OPENSSH_BLOWFISH_CBC__RB__;artifact;500;558
tests/client/torture_algorithms.c;1;DEFINED___LB__HAVE_BLOWFISH__RB__ && DEFINED___LB__OPENSSH_BLOWFISH_CBC__RB__;1 && DEFINED___LB__HAVE_BLOWFISH__RB__ && DEFINED___LB__OPENSSH_BLOWFISH_CBC__RB__;endif;559;559
tests/client/torture_algorithms.c;1;1;1;artifact;560;560
tests/client/torture_algorithms.c;1;OPENSSH_CHACHA20_POLY1305_OPENSSH_COM;1 && OPENSSH_CHACHA20_POLY1305_OPENSSH_COM;if;561;561
tests/client/torture_algorithms.c;1;OPENSSH_CHACHA20_POLY1305_OPENSSH_COM;1 && OPENSSH_CHACHA20_POLY1305_OPENSSH_COM;artifact;562;587
tests/client/torture_algorithms.c;1;OPENSSH_CHACHA20_POLY1305_OPENSSH_COM;1 && OPENSSH_CHACHA20_POLY1305_OPENSSH_COM;endif;588;588
tests/client/torture_algorithms.c;1;1;1;artifact;589;595
tests/client/torture_algorithms.c;1;WITH_ZLIB;1 && WITH_ZLIB;if;596;596
tests/client/torture_algorithms.c;1;WITH_ZLIB;1 && WITH_ZLIB;artifact;597;601
tests/client/torture_algorithms.c;1;!WITH_ZLIB;!WITH_ZLIB && 1;else;602;602
tests/client/torture_algorithms.c;1;!WITH_ZLIB;!WITH_ZLIB && 1;artifact;603;603
tests/client/torture_algorithms.c;1;!WITH_ZLIB;!WITH_ZLIB && 1;endif;604;604
tests/client/torture_algorithms.c;1;1;1;artifact;605;606
tests/client/torture_algorithms.c;1;WITH_ZLIB;1 && WITH_ZLIB;if;607;607
tests/client/torture_algorithms.c;1;WITH_ZLIB;1 && WITH_ZLIB;artifact;608;612
tests/client/torture_algorithms.c;1;!WITH_ZLIB;!WITH_ZLIB && 1;else;613;613
tests/client/torture_algorithms.c;1;!WITH_ZLIB;!WITH_ZLIB && 1;artifact;614;614
tests/client/torture_algorithms.c;1;!WITH_ZLIB;!WITH_ZLIB && 1;endif;615;615
tests/client/torture_algorithms.c;1;1;1;artifact;616;617
tests/client/torture_algorithms.c;1;WITH_ZLIB;1 && WITH_ZLIB;if;618;618
tests/client/torture_algorithms.c;1;WITH_ZLIB;1 && WITH_ZLIB;artifact;619;625
tests/client/torture_algorithms.c;1;WITH_ZLIB;1 && WITH_ZLIB;endif;626;626
tests/client/torture_algorithms.c;1;1;1;artifact;627;643
tests/client/torture_algorithms.c;1;WITH_ZLIB;1 && WITH_ZLIB;if;644;644
tests/client/torture_algorithms.c;1;WITH_ZLIB;1 && WITH_ZLIB;artifact;645;645
tests/client/torture_algorithms.c;1;!WITH_ZLIB;!WITH_ZLIB && 1;else;646;646
tests/client/torture_algorithms.c;1;!WITH_ZLIB;!WITH_ZLIB && 1;artifact;647;647
tests/client/torture_algorithms.c;1;!WITH_ZLIB;!WITH_ZLIB && 1;endif;648;648
tests/client/torture_algorithms.c;1;1;1;artifact;649;650
tests/client/torture_algorithms.c;1;WITH_ZLIB;1 && WITH_ZLIB;if;651;651
tests/client/torture_algorithms.c;1;WITH_ZLIB;1 && WITH_ZLIB;artifact;652;652
tests/client/torture_algorithms.c;1;!WITH_ZLIB;!WITH_ZLIB && 1;else;653;653
tests/client/torture_algorithms.c;1;!WITH_ZLIB;!WITH_ZLIB && 1;artifact;654;654
tests/client/torture_algorithms.c;1;!WITH_ZLIB;!WITH_ZLIB && 1;endif;655;655
tests/client/torture_algorithms.c;1;1;1;artifact;656;657
tests/client/torture_algorithms.c;1;WITH_ZLIB;1 && WITH_ZLIB;if;658;658
tests/client/torture_algorithms.c;1;WITH_ZLIB;1 && WITH_ZLIB;artifact;659;669
tests/client/torture_algorithms.c;1;!WITH_ZLIB;!WITH_ZLIB && 1;else;670;670
tests/client/torture_algorithms.c;1;!WITH_ZLIB;!WITH_ZLIB && 1;artifact;671;671
tests/client/torture_algorithms.c;1;!WITH_ZLIB;!WITH_ZLIB && 1;endif;672;672
tests/client/torture_algorithms.c;1;1;1;artifact;673;676
tests/client/torture_algorithms.c;1;DEFINED___LB__HAVE_ECC__RB__;1 && DEFINED___LB__HAVE_ECC__RB__;if;677;677
tests/client/torture_algorithms.c;1;DEFINED___LB__HAVE_ECC__RB__;1 && DEFINED___LB__HAVE_ECC__RB__;artifact;678;694
tests/client/torture_algorithms.c;1;DEFINED___LB__HAVE_ECC__RB__;1 && DEFINED___LB__HAVE_ECC__RB__;endif;695;695
tests/client/torture_algorithms.c;1;1;1;artifact;696;696
tests/client/torture_algorithms.c;1;OPENSSH_CURVE25519_SHA256;1 && OPENSSH_CURVE25519_SHA256;if;697;697
tests/client/torture_algorithms.c;1;OPENSSH_CURVE25519_SHA256;1 && OPENSSH_CURVE25519_SHA256;artifact;698;706
tests/client/torture_algorithms.c;1;OPENSSH_CURVE25519_SHA256;1 && OPENSSH_CURVE25519_SHA256;endif;707;707
tests/client/torture_algorithms.c;1;1;1;artifact;708;708
tests/client/torture_algorithms.c;1;OPENSSH_CURVE25519_SHA256_LIBSSH_ORG;1 && OPENSSH_CURVE25519_SHA256_LIBSSH_ORG;if;709;709
tests/client/torture_algorithms.c;1;OPENSSH_CURVE25519_SHA256_LIBSSH_ORG;1 && OPENSSH_CURVE25519_SHA256_LIBSSH_ORG;artifact;710;718
tests/client/torture_algorithms.c;1;OPENSSH_CURVE25519_SHA256_LIBSSH_ORG;1 && OPENSSH_CURVE25519_SHA256_LIBSSH_ORG;endif;719;719
tests/client/torture_algorithms.c;1;1;1;artifact;720;762
tests/client/torture_algorithms.c;1;WITH_GEX;1 && WITH_GEX;if;763;763
tests/client/torture_algorithms.c;1;WITH_GEX;1 && WITH_GEX;artifact;764;786
tests/client/torture_algorithms.c;1;WITH_GEX;1 && WITH_GEX;endif;787;787
tests/client/torture_algorithms.c;1;1;1;artifact;788;923
tests/client/torture_algorithms.c;1;DEFINED___LB__HAVE_BLOWFISH__RB__ && DEFINED___LB__OPENSSH_BLOWFISH_CBC__RB__;1 && DEFINED___LB__HAVE_BLOWFISH__RB__ && DEFINED___LB__OPENSSH_BLOWFISH_CBC__RB__;if;924;924
tests/client/torture_algorithms.c;1;DEFINED___LB__HAVE_BLOWFISH__RB__ && DEFINED___LB__OPENSSH_BLOWFISH_CBC__RB__;1 && DEFINED___LB__HAVE_BLOWFISH__RB__ && DEFINED___LB__OPENSSH_BLOWFISH_CBC__RB__;artifact;925;942
tests/client/torture_algorithms.c;1;DEFINED___LB__HAVE_BLOWFISH__RB__ && DEFINED___LB__OPENSSH_BLOWFISH_CBC__RB__;1 && DEFINED___LB__HAVE_BLOWFISH__RB__ && DEFINED___LB__OPENSSH_BLOWFISH_CBC__RB__;endif;943;943
tests/client/torture_algorithms.c;1;OPENSSH_CHACHA20_POLY1305_OPENSSH_COM;1 && OPENSSH_CHACHA20_POLY1305_OPENSSH_COM;if;944;944
tests/client/torture_algorithms.c;1;OPENSSH_CHACHA20_POLY1305_OPENSSH_COM;1 && OPENSSH_CHACHA20_POLY1305_OPENSSH_COM;artifact;945;947
tests/client/torture_algorithms.c;1;OPENSSH_CHACHA20_POLY1305_OPENSSH_COM;1 && OPENSSH_CHACHA20_POLY1305_OPENSSH_COM;endif;948;948
tests/client/torture_algorithms.c;1;1;1;artifact;949;969
tests/client/torture_algorithms.c;1;WITH_GEX;1 && WITH_GEX;if;970;970
tests/client/torture_algorithms.c;1;WITH_GEX;1 && WITH_GEX;artifact;971;976
tests/client/torture_algorithms.c;1;WITH_GEX;1 && WITH_GEX;endif;977;977
tests/client/torture_algorithms.c;1;OPENSSH_CURVE25519_SHA256;1 && OPENSSH_CURVE25519_SHA256;if;978;978
tests/client/torture_algorithms.c;1;OPENSSH_CURVE25519_SHA256;1 && OPENSSH_CURVE25519_SHA256;artifact;979;981
tests/client/torture_algorithms.c;1;OPENSSH_CURVE25519_SHA256;1 && OPENSSH_CURVE25519_SHA256;endif;982;982
tests/client/torture_algorithms.c;1;OPENSSH_CURVE25519_SHA256_LIBSSH_ORG;1 && OPENSSH_CURVE25519_SHA256_LIBSSH_ORG;if;983;983
tests/client/torture_algorithms.c;1;OPENSSH_CURVE25519_SHA256_LIBSSH_ORG;1 && OPENSSH_CURVE25519_SHA256_LIBSSH_ORG;artifact;984;986
tests/client/torture_algorithms.c;1;OPENSSH_CURVE25519_SHA256_LIBSSH_ORG;1 && OPENSSH_CURVE25519_SHA256_LIBSSH_ORG;endif;987;987
tests/client/torture_algorithms.c;1;DEFINED___LB__HAVE_ECC__RB__;1 && DEFINED___LB__HAVE_ECC__RB__;if;988;988
tests/client/torture_algorithms.c;1;DEFINED___LB__HAVE_ECC__RB__;1 && DEFINED___LB__HAVE_ECC__RB__;artifact;989;997
tests/client/torture_algorithms.c;1;DEFINED___LB__HAVE_ECC__RB__;1 && DEFINED___LB__HAVE_ECC__RB__;endif;998;998
tests/client/torture_algorithms.c;1;1;1;artifact;999;1007
tests/client/torture_algorithms.c;1;OPENSSH_CHACHA20_POLY1305_OPENSSH_COM;1 && OPENSSH_CHACHA20_POLY1305_OPENSSH_COM;if;1008;1008
tests/client/torture_algorithms.c;1;OPENSSH_CHACHA20_POLY1305_OPENSSH_COM;1 && OPENSSH_CHACHA20_POLY1305_OPENSSH_COM;artifact;1009;1011
tests/client/torture_algorithms.c;1;OPENSSH_CHACHA20_POLY1305_OPENSSH_COM;1 && OPENSSH_CHACHA20_POLY1305_OPENSSH_COM;endif;1012;1012
tests/client/torture_algorithms.c;1;1;1;artifact;1013;1030
tests/client/torture_auth.c;1;1;1;ROOT;1;1347
tests/client/torture_auth.c;1;1;1;artifact;1;1346
tests/client/torture_auth_cert.c;1;1;1;ROOT;1;1074
tests/client/torture_auth_cert.c;1;1;1;artifact;1;542
tests/client/torture_auth_cert.c;1;(OPENSSH_VERSION_MAJOR__LT__8 || OPENSSH_VERSION_MAJOR__EQ__8) && (OPENSSH_VERSION_MAJOR__LT__8 || OPENSSH_VERSION_MINOR__EQ__0);1 && (OPENSSH_VERSION_MAJOR__LT__8 || OPENSSH_VERSION_MAJOR__EQ__8) && (OPENSSH_VERSION_MAJOR__LT__8 || OPENSSH_VERSION_MINOR__EQ__0);if;543;543
tests/client/torture_auth_cert.c;1;(OPENSSH_VERSION_MAJOR__LT__8 || OPENSSH_VERSION_MAJOR__EQ__8) && (OPENSSH_VERSION_MAJOR__LT__8 || OPENSSH_VERSION_MINOR__EQ__0);1 && (OPENSSH_VERSION_MAJOR__LT__8 || OPENSSH_VERSION_MAJOR__EQ__8) && (OPENSSH_VERSION_MAJOR__LT__8 || OPENSSH_VERSION_MINOR__EQ__0);artifact;544;562
tests/client/torture_auth_cert.c;1;!OPENSSH_VERSION_MAJOR__LT__8 && (!OPENSSH_VERSION_MAJOR__EQ__8 || !OPENSSH_VERSION_MINOR__EQ__0);!OPENSSH_VERSION_MAJOR__LT__8 && (!OPENSSH_VERSION_MAJOR__EQ__8 || !OPENSSH_VERSION_MINOR__EQ__0) && 1;else;563;563
tests/client/torture_auth_cert.c;1;!OPENSSH_VERSION_MAJOR__LT__8 && (!OPENSSH_VERSION_MAJOR__EQ__8 || !OPENSSH_VERSION_MINOR__EQ__0);!OPENSSH_VERSION_MAJOR__LT__8 && (!OPENSSH_VERSION_MAJOR__EQ__8 || !OPENSSH_VERSION_MINOR__EQ__0) && 1;artifact;564;564
tests/client/torture_auth_cert.c;1;!OPENSSH_VERSION_MAJOR__LT__8 && (!OPENSSH_VERSION_MAJOR__EQ__8 || !OPENSSH_VERSION_MINOR__EQ__0);!OPENSSH_VERSION_MAJOR__LT__8 && (!OPENSSH_VERSION_MAJOR__EQ__8 || !OPENSSH_VERSION_MINOR__EQ__0) && 1;endif;565;565
tests/client/torture_auth_cert.c;1;1;1;artifact;566;1073
tests/client/torture_auth_common.c;1;1;1;ROOT;1;96
tests/client/torture_auth_common.c;1;1;1;artifact;1;95
tests/client/torture_auth_pkcs11.c;1;1;1;ROOT;1;259
tests/client/torture_auth_pkcs11.c;1;1;1;artifact;1;258
tests/client/torture_client_callbacks.c;1;1;1;ROOT;1;263
tests/client/torture_client_callbacks.c;1;1;1;artifact;1;262
tests/client/torture_client_config.c;1;1;1;ROOT;1;239
tests/client/torture_client_config.c;1;1;1;artifact;1;238
tests/client/torture_client_global_requests.c;1;1;1;ROOT;1;154
tests/client/torture_client_global_requests.c;1;1;1;artifact;1;153
tests/client/torture_connect.c;1;1;1;ROOT;1;357
tests/client/torture_connect.c;1;1;1;artifact;1;27
tests/client/torture_connect.c;1;HAVE_SYS_TIME_H;1 && HAVE_SYS_TIME_H;if;28;28
tests/client/torture_connect.c;1;HAVE_SYS_TIME_H;1 && HAVE_SYS_TIME_H;artifact;29;29
tests/client/torture_connect.c;1;HAVE_SYS_TIME_H;1 && HAVE_SYS_TIME_H;endif;30;30
tests/client/torture_connect.c;1;1;1;artifact;31;145
tests/client/torture_connect.c;1;0;1 && 0;if;146;146
tests/client/torture_connect.c;1;0;1 && 0;artifact;147;173
tests/client/torture_connect.c;1;0;1 && 0;endif;174;174
tests/client/torture_connect.c;1;1;1;artifact;175;337
tests/client/torture_connect.c;1;0;1 && 0;if;338;338
tests/client/torture_connect.c;1;0;1 && 0;artifact;339;339
tests/client/torture_connect.c;1;0;1 && 0;endif;340;340
tests/client/torture_connect.c;1;1;1;artifact;341;356
tests/client/torture_forward.c;1;1;1;ROOT;1;121
tests/client/torture_forward.c;1;1;1;artifact;1;120
tests/client/torture_gssapi_auth.c;1;1;1;ROOT;1;278
tests/client/torture_gssapi_auth.c;1;1;1;artifact;1;277
tests/client/torture_hostkey.c;1;1;1;ROOT;1;216
tests/client/torture_hostkey.c;1;1;1;artifact;1;29
tests/client/torture_hostkey.c;1;HAVE_SYS_TIME_H;1 && HAVE_SYS_TIME_H;if;30;30
tests/client/torture_hostkey.c;1;HAVE_SYS_TIME_H;1 && HAVE_SYS_TIME_H;artifact;31;31
tests/client/torture_hostkey.c;1;HAVE_SYS_TIME_H;1 && HAVE_SYS_TIME_H;endif;32;32
tests/client/torture_hostkey.c;1;1;1;artifact;33;129
tests/client/torture_hostkey.c;1;HAVE_ECC;1 && HAVE_ECC;if;130;130
tests/client/torture_hostkey.c;1;HAVE_ECC;1 && HAVE_ECC;artifact;131;148
tests/client/torture_hostkey.c;1;HAVE_ECC;1 && HAVE_ECC;endif;149;149
tests/client/torture_hostkey.c;1;1;1;artifact;150;195
tests/client/torture_hostkey.c;1;HAVE_ECC;1 && HAVE_ECC;if;196;196
tests/client/torture_hostkey.c;1;HAVE_ECC;1 && HAVE_ECC;artifact;197;198
tests/client/torture_hostkey.c;1;HAVE_ECC;1 && HAVE_ECC;endif;199;199
tests/client/torture_hostkey.c;1;1;1;artifact;200;215
tests/client/torture_knownhosts.c;1;1;1;ROOT;1;515
tests/client/torture_knownhosts.c;1;1;1;artifact;1;514
tests/client/torture_knownhosts_verify.c;1;1;1;ROOT;1;521
tests/client/torture_knownhosts_verify.c;1;1;1;artifact;1;520
tests/client/torture_proxycommand.c;1;1;1;ROOT;1;267
tests/client/torture_proxycommand.c;1;1;1;artifact;1;61
tests/client/torture_proxycommand.c;1;NCAT_EXECUTABLE;1 && NCAT_EXECUTABLE;if;62;62
tests/client/torture_proxycommand.c;1;NCAT_EXECUTABLE;1 && NCAT_EXECUTABLE;artifact;63;71
tests/client/torture_proxycommand.c;1;WITH_EXEC;1 && NCAT_EXECUTABLE && WITH_EXEC;if;72;72
tests/client/torture_proxycommand.c;1;WITH_EXEC;1 && NCAT_EXECUTABLE && WITH_EXEC;artifact;73;73
tests/client/torture_proxycommand.c;1;WITH_EXEC;1 && NCAT_EXECUTABLE && WITH_EXEC;endif;74;74
tests/client/torture_proxycommand.c;1;NCAT_EXECUTABLE;1 && NCAT_EXECUTABLE;artifact;75;92
tests/client/torture_proxycommand.c;1;WITH_EXEC;1 && NCAT_EXECUTABLE && WITH_EXEC;if;93;93
tests/client/torture_proxycommand.c;1;WITH_EXEC;1 && NCAT_EXECUTABLE && WITH_EXEC;artifact;94;98
tests/client/torture_proxycommand.c;1;!WITH_EXEC;!WITH_EXEC && 1 && NCAT_EXECUTABLE;else;99;99
tests/client/torture_proxycommand.c;1;!WITH_EXEC;!WITH_EXEC && 1 && NCAT_EXECUTABLE;artifact;100;100
tests/client/torture_proxycommand.c;1;!WITH_EXEC;!WITH_EXEC && 1 && NCAT_EXECUTABLE;endif;101;101
tests/client/torture_proxycommand.c;1;NCAT_EXECUTABLE;1 && NCAT_EXECUTABLE;artifact;102;103
tests/client/torture_proxycommand.c;1;!NCAT_EXECUTABLE;!NCAT_EXECUTABLE && 1;else;104;104
tests/client/torture_proxycommand.c;1;!NCAT_EXECUTABLE;!NCAT_EXECUTABLE && 1;artifact;105;111
tests/client/torture_proxycommand.c;1;!NCAT_EXECUTABLE;!NCAT_EXECUTABLE && 1;endif;112;112
tests/client/torture_proxycommand.c;1;1;1;artifact;113;132
tests/client/torture_proxycommand.c;1;WITH_EXEC;1 && WITH_EXEC;if;133;133
tests/client/torture_proxycommand.c;1;WITH_EXEC;1 && WITH_EXEC;artifact;134;134
tests/client/torture_proxycommand.c;1;WITH_EXEC;1 && WITH_EXEC;endif;135;135
tests/client/torture_proxycommand.c;1;1;1;artifact;136;144
tests/client/torture_proxycommand.c;1;WITH_EXEC;1 && WITH_EXEC;if;145;145
tests/client/torture_proxycommand.c;1;WITH_EXEC;1 && WITH_EXEC;artifact;146;150
tests/client/torture_proxycommand.c;1;!WITH_EXEC;!WITH_EXEC && 1;else;151;151
tests/client/torture_proxycommand.c;1;!WITH_EXEC;!WITH_EXEC && 1;artifact;152;152
tests/client/torture_proxycommand.c;1;!WITH_EXEC;!WITH_EXEC && 1;endif;153;153
tests/client/torture_proxycommand.c;1;1;1;artifact;154;162
tests/client/torture_proxycommand.c;1;WITH_EXEC;1 && WITH_EXEC;if;163;163
tests/client/torture_proxycommand.c;1;WITH_EXEC;1 && WITH_EXEC;artifact;164;164
tests/client/torture_proxycommand.c;1;WITH_EXEC;1 && WITH_EXEC;endif;165;165
tests/client/torture_proxycommand.c;1;1;1;artifact;166;175
tests/client/torture_proxycommand.c;1;WITH_EXEC;1 && WITH_EXEC;if;176;176
tests/client/torture_proxycommand.c;1;WITH_EXEC;1 && WITH_EXEC;artifact;177;181
tests/client/torture_proxycommand.c;1;!WITH_EXEC;!WITH_EXEC && 1;else;182;182
tests/client/torture_proxycommand.c;1;!WITH_EXEC;!WITH_EXEC && 1;artifact;183;183
tests/client/torture_proxycommand.c;1;!WITH_EXEC;!WITH_EXEC && 1;endif;184;184
tests/client/torture_proxycommand.c;1;1;1;artifact;185;266
tests/client/torture_proxyjump.c;1;1;1;ROOT;1;224
tests/client/torture_proxyjump.c;1;1;1;artifact;1;223
tests/client/torture_rekey.c;1;1;1;ROOT;1;921
tests/client/torture_rekey.c;1;1;1;artifact;1;231
tests/client/torture_rekey.c;1;WITH_SFTP;1 && WITH_SFTP;if;232;232
tests/client/torture_rekey.c;1;WITH_SFTP;1 && WITH_SFTP;artifact;233;335
tests/client/torture_rekey.c;1;WITH_SFTP;1 && WITH_SFTP;endif;336;336
tests/client/torture_rekey.c;1;1;1;artifact;337;613
tests/client/torture_rekey.c;1;WITH_SFTP;1 && WITH_SFTP;if;614;614
tests/client/torture_rekey.c;1;WITH_SFTP;1 && WITH_SFTP;artifact;615;679
tests/client/torture_rekey.c;1;WITH_SFTP;1 && WITH_SFTP;endif;680;680
tests/client/torture_rekey.c;1;1;1;artifact;681;681
tests/client/torture_rekey.c;1;WITH_ZLIB;1 && WITH_ZLIB;if;682;682
tests/client/torture_rekey.c;1;WITH_ZLIB;1 && WITH_ZLIB;artifact;683;683
tests/client/torture_rekey.c;1;(OPENSSH_VERSION_MAJOR__LT__7 || OPENSSH_VERSION_MAJOR__EQ__7) && (OPENSSH_VERSION_MAJOR__LT__7 || OPENSSH_VERSION_MINOR__LT__4);1 && WITH_ZLIB && (OPENSSH_VERSION_MAJOR__LT__7 || OPENSSH_VERSION_MAJOR__EQ__7) && (OPENSSH_VERSION_MAJOR__LT__7 || OPENSSH_VERSION_MINOR__LT__4);if;684;684
tests/client/torture_rekey.c;1;(OPENSSH_VERSION_MAJOR__LT__7 || OPENSSH_VERSION_MAJOR__EQ__7) && (OPENSSH_VERSION_MAJOR__LT__7 || OPENSSH_VERSION_MINOR__LT__4);1 && WITH_ZLIB && (OPENSSH_VERSION_MAJOR__LT__7 || OPENSSH_VERSION_MAJOR__EQ__7) && (OPENSSH_VERSION_MAJOR__LT__7 || OPENSSH_VERSION_MINOR__LT__4);artifact;685;701
tests/client/torture_rekey.c;1;WITH_SFTP;1 && WITH_ZLIB && (OPENSSH_VERSION_MAJOR__LT__7 || OPENSSH_VERSION_MAJOR__EQ__7) && (OPENSSH_VERSION_MAJOR__LT__7 || OPENSSH_VERSION_MINOR__LT__4) && WITH_SFTP;if;702;702
tests/client/torture_rekey.c;1;WITH_SFTP;1 && WITH_ZLIB && (OPENSSH_VERSION_MAJOR__LT__7 || OPENSSH_VERSION_MAJOR__EQ__7) && (OPENSSH_VERSION_MAJOR__LT__7 || OPENSSH_VERSION_MINOR__LT__4) && WITH_SFTP;artifact;703;716
tests/client/torture_rekey.c;1;WITH_SFTP;1 && WITH_ZLIB && (OPENSSH_VERSION_MAJOR__LT__7 || OPENSSH_VERSION_MAJOR__EQ__7) && (OPENSSH_VERSION_MAJOR__LT__7 || OPENSSH_VERSION_MINOR__LT__4) && WITH_SFTP;endif;717;717
tests/client/torture_rekey.c;1;(OPENSSH_VERSION_MAJOR__LT__7 || OPENSSH_VERSION_MAJOR__EQ__7) && (OPENSSH_VERSION_MAJOR__LT__7 || OPENSSH_VERSION_MINOR__LT__4);1 && WITH_ZLIB && (OPENSSH_VERSION_MAJOR__LT__7 || OPENSSH_VERSION_MAJOR__EQ__7) && (OPENSSH_VERSION_MAJOR__LT__7 || OPENSSH_VERSION_MINOR__LT__4);endif;718;718
tests/client/torture_rekey.c;1;WITH_ZLIB;1 && WITH_ZLIB;artifact;719;736
tests/client/torture_rekey.c;1;WITH_SFTP;1 && WITH_ZLIB && WITH_SFTP;if;737;737
tests/client/torture_rekey.c;1;WITH_SFTP;1 && WITH_ZLIB && WITH_SFTP;artifact;738;751
tests/client/torture_rekey.c;1;WITH_SFTP;1 && WITH_ZLIB && WITH_SFTP;endif;752;752
tests/client/torture_rekey.c;1;WITH_ZLIB;1 && WITH_ZLIB;endif;753;753
tests/client/torture_rekey.c;1;1;1;artifact;754;797
tests/client/torture_rekey.c;1;WITH_SFTP;1 && WITH_SFTP;if;798;798
tests/client/torture_rekey.c;1;WITH_SFTP;1 && WITH_SFTP;artifact;799;838
tests/client/torture_rekey.c;1;WITH_SFTP;1 && WITH_SFTP;endif;839;839
tests/client/torture_rekey.c;1;1;1;artifact;840;849
tests/client/torture_rekey.c;1;WITH_SFTP;1 && WITH_SFTP;if;850;850
tests/client/torture_rekey.c;1;WITH_SFTP;1 && WITH_SFTP;artifact;851;853
tests/client/torture_rekey.c;1;WITH_SFTP;1 && WITH_SFTP;endif;854;854
tests/client/torture_rekey.c;1;1;1;artifact;855;860
tests/client/torture_rekey.c;1;WITH_ZLIB;1 && WITH_ZLIB;if;861;861
tests/client/torture_rekey.c;1;(OPENSSH_VERSION_MAJOR__LT__7 || OPENSSH_VERSION_MAJOR__EQ__7) && (OPENSSH_VERSION_MAJOR__LT__7 || OPENSSH_VERSION_MINOR__LT__4);1 && WITH_ZLIB && (OPENSSH_VERSION_MAJOR__LT__7 || OPENSSH_VERSION_MAJOR__EQ__7) && (OPENSSH_VERSION_MAJOR__LT__7 || OPENSSH_VERSION_MINOR__LT__4);if;862;862
tests/client/torture_rekey.c;1;(OPENSSH_VERSION_MAJOR__LT__7 || OPENSSH_VERSION_MAJOR__EQ__7) && (OPENSSH_VERSION_MAJOR__LT__7 || OPENSSH_VERSION_MINOR__LT__4);1 && WITH_ZLIB && (OPENSSH_VERSION_MAJOR__LT__7 || OPENSSH_VERSION_MAJOR__EQ__7) && (OPENSSH_VERSION_MAJOR__LT__7 || OPENSSH_VERSION_MINOR__LT__4);artifact;863;865
tests/client/torture_rekey.c;1;WITH_SFTP;1 && WITH_ZLIB && (OPENSSH_VERSION_MAJOR__LT__7 || OPENSSH_VERSION_MAJOR__EQ__7) && (OPENSSH_VERSION_MAJOR__LT__7 || OPENSSH_VERSION_MINOR__LT__4) && WITH_SFTP;if;866;866
tests/client/torture_rekey.c;1;WITH_SFTP;1 && WITH_ZLIB && (OPENSSH_VERSION_MAJOR__LT__7 || OPENSSH_VERSION_MAJOR__EQ__7) && (OPENSSH_VERSION_MAJOR__LT__7 || OPENSSH_VERSION_MINOR__LT__4) && WITH_SFTP;artifact;867;869
tests/client/torture_rekey.c;1;WITH_SFTP;1 && WITH_ZLIB && (OPENSSH_VERSION_MAJOR__LT__7 || OPENSSH_VERSION_MAJOR__EQ__7) && (OPENSSH_VERSION_MAJOR__LT__7 || OPENSSH_VERSION_MINOR__LT__4) && WITH_SFTP;endif;870;870
tests/client/torture_rekey.c;1;(OPENSSH_VERSION_MAJOR__LT__7 || OPENSSH_VERSION_MAJOR__EQ__7) && (OPENSSH_VERSION_MAJOR__LT__7 || OPENSSH_VERSION_MINOR__LT__4);1 && WITH_ZLIB && (OPENSSH_VERSION_MAJOR__LT__7 || OPENSSH_VERSION_MAJOR__EQ__7) && (OPENSSH_VERSION_MAJOR__LT__7 || OPENSSH_VERSION_MINOR__LT__4);endif;871;871
tests/client/torture_rekey.c;1;WITH_ZLIB;1 && WITH_ZLIB;artifact;872;874
tests/client/torture_rekey.c;1;WITH_SFTP;1 && WITH_ZLIB && WITH_SFTP;if;875;875
tests/client/torture_rekey.c;1;WITH_SFTP;1 && WITH_ZLIB && WITH_SFTP;artifact;876;878
tests/client/torture_rekey.c;1;WITH_SFTP;1 && WITH_ZLIB && WITH_SFTP;endif;879;879
tests/client/torture_rekey.c;1;WITH_ZLIB;1 && WITH_ZLIB;endif;880;880
tests/client/torture_rekey.c;1;1;1;artifact;881;897
tests/client/torture_rekey.c;1;WITH_SFTP;1 && WITH_SFTP;if;898;898
tests/client/torture_rekey.c;1;WITH_SFTP;1 && WITH_SFTP;artifact;899;907
tests/client/torture_rekey.c;1;WITH_SFTP;1 && WITH_SFTP;endif;908;908
tests/client/torture_rekey.c;1;1;1;artifact;909;920
tests/client/torture_request_env.c;1;1;1;ROOT;1;139
tests/client/torture_request_env.c;1;1;1;artifact;1;102
tests/client/torture_request_env.c;1;1;1 && 1;if;103;103
tests/client/torture_request_env.c;1;1;1 && 1;artifact;104;105
tests/client/torture_request_env.c;1;1;1 && 1;endif;106;106
tests/client/torture_request_env.c;1;1;1;artifact;107;138
tests/client/torture_request_pty_modes.c;1;1;1;ROOT;1;266
tests/client/torture_request_pty_modes.c;1;1;1;artifact;1;265
tests/client/torture_scp.c;1;1;1;ROOT;1;666
tests/client/torture_scp.c;1;1;1;artifact;1;665
tests/client/torture_session.c;1;1;1;ROOT;1;634
tests/client/torture_session.c;1;1;1;artifact;1;110
tests/client/torture_session.c;1;OPENSSH_VERSION_MAJOR__EQ__6 && OPENSSH_VERSION_MINOR__GEQ__7;1 && OPENSSH_VERSION_MAJOR__EQ__6 && OPENSSH_VERSION_MINOR__GEQ__7;if;111;111
tests/client/torture_session.c;1;OPENSSH_VERSION_MAJOR__EQ__6 && OPENSSH_VERSION_MINOR__GEQ__7;1 && OPENSSH_VERSION_MAJOR__EQ__6 && OPENSSH_VERSION_MINOR__GEQ__7;artifact;112;113
tests/client/torture_session.c;1;!OPENSSH_VERSION_MAJOR__EQ__6 || !OPENSSH_VERSION_MINOR__GEQ__7;(!OPENSSH_VERSION_MAJOR__EQ__6 || !OPENSSH_VERSION_MINOR__GEQ__7) && 1;else;114;114
tests/client/torture_session.c;1;!OPENSSH_VERSION_MAJOR__EQ__6 || !OPENSSH_VERSION_MINOR__GEQ__7;(!OPENSSH_VERSION_MAJOR__EQ__6 || !OPENSSH_VERSION_MINOR__GEQ__7) && 1;artifact;115;115
tests/client/torture_session.c;1;!OPENSSH_VERSION_MAJOR__EQ__6 || !OPENSSH_VERSION_MINOR__GEQ__7;(!OPENSSH_VERSION_MAJOR__EQ__6 || !OPENSSH_VERSION_MINOR__GEQ__7) && 1;endif;116;116
tests/client/torture_session.c;1;1;1;artifact;117;633
tests/client/torture_sftp_aio.c;1;1;1;ROOT;1;536
tests/client/torture_sftp_aio.c;1;1;1;artifact;1;535
tests/client/torture_sftp_benchmark.c;1;1;1;ROOT;1;135
tests/client/torture_sftp_benchmark.c;1;1;1;artifact;1;134
tests/client/torture_sftp_canonicalize_path.c;1;1;1;ROOT;1;99
tests/client/torture_sftp_canonicalize_path.c;1;1;1;artifact;1;98
tests/client/torture_sftp_dir.c;1;1;1;ROOT;1;106
tests/client/torture_sftp_dir.c;1;1;1;artifact;1;105
tests/client/torture_sftp_expand_path.c;1;1;1;ROOT;1;127
tests/client/torture_sftp_expand_path.c;1;1;1;artifact;1;126
tests/client/torture_sftp_ext.c;1;1;1;ROOT;1;37
tests/client/torture_sftp_ext.c;1;1;1;artifact;1;36
tests/client/torture_sftp_fsync.c;1;1;1;ROOT;1;139
tests/client/torture_sftp_fsync.c;1;1;1;artifact;1;138
tests/client/torture_sftp_hardlink.c;1;1;1;ROOT;1;116
tests/client/torture_sftp_hardlink.c;1;1;1;artifact;1;115
tests/client/torture_sftp_home_directory.c;1;1;1;ROOT;1;144
tests/client/torture_sftp_home_directory.c;1;1;1;artifact;1;143
tests/client/torture_sftp_init.c;1;1;1;ROOT;1;108
tests/client/torture_sftp_init.c;1;1;1;artifact;1;107
tests/client/torture_sftp_limits.c;1;1;1;ROOT;1;179
tests/client/torture_sftp_limits.c;1;1;1;artifact;1;12
tests/client/torture_sftp_limits.c;1;HAVE_VALGRIND_VALGRIND_H;1 && HAVE_VALGRIND_VALGRIND_H;if;13;13
tests/client/torture_sftp_limits.c;1;HAVE_VALGRIND_VALGRIND_H;1 && HAVE_VALGRIND_VALGRIND_H;artifact;14;14
tests/client/torture_sftp_limits.c;1;HAVE_VALGRIND_VALGRIND_H;1 && HAVE_VALGRIND_VALGRIND_H;endif;15;15
tests/client/torture_sftp_limits.c;1;1;1;artifact;16;109
tests/client/torture_sftp_limits.c;1;HAVE_VALGRIND_VALGRIND_H;1 && HAVE_VALGRIND_VALGRIND_H;if;110;110
tests/client/torture_sftp_limits.c;1;HAVE_VALGRIND_VALGRIND_H;1 && HAVE_VALGRIND_VALGRIND_H;artifact;111;111
tests/client/torture_sftp_limits.c;1;HAVE_VALGRIND_VALGRIND_H;1 && HAVE_VALGRIND_VALGRIND_H;endif;112;112
tests/client/torture_sftp_limits.c;1;1;1;artifact;113;178
tests/client/torture_sftp_packet_read.c;1;1;1;ROOT;1;120
tests/client/torture_sftp_packet_read.c;1;1;1;artifact;1;119
tests/client/torture_sftp_read.c;1;1;1;ROOT;1;123
tests/client/torture_sftp_read.c;1;1;1;artifact;1;122
tests/client/torture_sftp_rename.c;1;1;1;ROOT;1;122
tests/client/torture_sftp_rename.c;1;1;1;artifact;1;121
tests/client/torture_sftp_setstat.c;1;1;1;ROOT;1;384
tests/client/torture_sftp_setstat.c;1;1;1;artifact;1;383
tests/cmdline.c;1;1;1;ROOT;1;74
tests/cmdline.c;1;1;1;artifact;1;3
tests/cmdline.c;1;HAVE_ARGP_H;1 && HAVE_ARGP_H;if;4;4
tests/cmdline.c;1;HAVE_ARGP_H;1 && HAVE_ARGP_H;artifact;5;57
tests/cmdline.c;1;HAVE_ARGP_H;1 && HAVE_ARGP_H;endif;58;58
tests/cmdline.c;1;1;1;artifact;59;64
tests/cmdline.c;1;HAVE_ARGP_H;1 && HAVE_ARGP_H;if;65;65
tests/cmdline.c;1;HAVE_ARGP_H;1 && HAVE_ARGP_H;artifact;66;66
tests/cmdline.c;1;!HAVE_ARGP_H;!HAVE_ARGP_H && 1;else;67;67
tests/cmdline.c;1;!HAVE_ARGP_H;!HAVE_ARGP_H && 1;artifact;68;70
tests/cmdline.c;1;!HAVE_ARGP_H;!HAVE_ARGP_H && 1;endif;71;71
tests/cmdline.c;1;1;1;artifact;72;73
tests/external_override/chacha20_override.c;1;1;1;ROOT;1;82
tests/external_override/chacha20_override.c;1;1;1;artifact;1;35
tests/external_override/chacha20_override.c;1;HAVE_GCC_BOUNDED_ATTRIBUTE;1 && HAVE_GCC_BOUNDED_ATTRIBUTE;if;36;36
tests/external_override/chacha20_override.c;1;HAVE_GCC_BOUNDED_ATTRIBUTE;1 && HAVE_GCC_BOUNDED_ATTRIBUTE;artifact;37;37
tests/external_override/chacha20_override.c;1;HAVE_GCC_BOUNDED_ATTRIBUTE;1 && HAVE_GCC_BOUNDED_ATTRIBUTE;endif;38;38
tests/external_override/chacha20_override.c;1;1;1;artifact;39;47
tests/external_override/chacha20_override.c;1;HAVE_GCC_BOUNDED_ATTRIBUTE;1 && HAVE_GCC_BOUNDED_ATTRIBUTE;if;48;48
tests/external_override/chacha20_override.c;1;HAVE_GCC_BOUNDED_ATTRIBUTE;1 && HAVE_GCC_BOUNDED_ATTRIBUTE;artifact;49;50
tests/external_override/chacha20_override.c;1;HAVE_GCC_BOUNDED_ATTRIBUTE;1 && HAVE_GCC_BOUNDED_ATTRIBUTE;endif;51;51
tests/external_override/chacha20_override.c;1;1;1;artifact;52;61
tests/external_override/chacha20_override.c;1;HAVE_GCC_BOUNDED_ATTRIBUTE;1 && HAVE_GCC_BOUNDED_ATTRIBUTE;if;62;62
tests/external_override/chacha20_override.c;1;HAVE_GCC_BOUNDED_ATTRIBUTE;1 && HAVE_GCC_BOUNDED_ATTRIBUTE;artifact;63;64
tests/external_override/chacha20_override.c;1;HAVE_GCC_BOUNDED_ATTRIBUTE;1 && HAVE_GCC_BOUNDED_ATTRIBUTE;endif;65;65
tests/external_override/chacha20_override.c;1;1;1;artifact;66;81
tests/external_override/chacha20_override.h;1;1;1;ROOT;1;53
tests/external_override/chacha20_override.h;1;1;1;artifact;1;25
tests/external_override/chacha20_override.h;1;HAVE_GCC_BOUNDED_ATTRIBUTE;1 && HAVE_GCC_BOUNDED_ATTRIBUTE;if;26;26
tests/external_override/chacha20_override.h;1;HAVE_GCC_BOUNDED_ATTRIBUTE;1 && HAVE_GCC_BOUNDED_ATTRIBUTE;artifact;27;27
tests/external_override/chacha20_override.h;1;HAVE_GCC_BOUNDED_ATTRIBUTE;1 && HAVE_GCC_BOUNDED_ATTRIBUTE;endif;28;28
tests/external_override/chacha20_override.h;1;1;1;artifact;29;33
tests/external_override/chacha20_override.h;1;HAVE_GCC_BOUNDED_ATTRIBUTE;1 && HAVE_GCC_BOUNDED_ATTRIBUTE;if;34;34
tests/external_override/chacha20_override.h;1;HAVE_GCC_BOUNDED_ATTRIBUTE;1 && HAVE_GCC_BOUNDED_ATTRIBUTE;artifact;35;36
tests/external_override/chacha20_override.h;1;HAVE_GCC_BOUNDED_ATTRIBUTE;1 && HAVE_GCC_BOUNDED_ATTRIBUTE;endif;37;37
tests/external_override/chacha20_override.h;1;1;1;artifact;38;43
tests/external_override/chacha20_override.h;1;HAVE_GCC_BOUNDED_ATTRIBUTE;1 && HAVE_GCC_BOUNDED_ATTRIBUTE;if;44;44
tests/external_override/chacha20_override.h;1;HAVE_GCC_BOUNDED_ATTRIBUTE;1 && HAVE_GCC_BOUNDED_ATTRIBUTE;artifact;45;46
tests/external_override/chacha20_override.h;1;HAVE_GCC_BOUNDED_ATTRIBUTE;1 && HAVE_GCC_BOUNDED_ATTRIBUTE;endif;47;47
tests/external_override/chacha20_override.h;1;1;1;artifact;48;52
tests/external_override/curve25519_override.c;1;1;1;ROOT;1;60
tests/external_override/curve25519_override.c;1;1;1;artifact;1;59
tests/external_override/curve25519_override.h;1;1;1;ROOT;1;33
tests/external_override/curve25519_override.h;1;1;1;artifact;1;32
tests/external_override/ed25519_override.c;1;1;1;ROOT;1;73
tests/external_override/ed25519_override.c;1;1;1;artifact;1;72
tests/external_override/ed25519_override.h;1;1;1;ROOT;1;41
tests/external_override/ed25519_override.h;1;1;1;artifact;1;40
tests/external_override/poly1305_override.c;1;1;1;ROOT;1;56
tests/external_override/poly1305_override.c;1;1;1;artifact;1;34
tests/external_override/poly1305_override.c;1;HAVE_GCC_BOUNDED_ATTRIBUTE;1 && HAVE_GCC_BOUNDED_ATTRIBUTE;if;35;35
tests/external_override/poly1305_override.c;1;HAVE_GCC_BOUNDED_ATTRIBUTE;1 && HAVE_GCC_BOUNDED_ATTRIBUTE;artifact;36;38
tests/external_override/poly1305_override.c;1;HAVE_GCC_BOUNDED_ATTRIBUTE;1 && HAVE_GCC_BOUNDED_ATTRIBUTE;endif;39;39
tests/external_override/poly1305_override.c;1;1;1;artifact;40;55
tests/external_override/poly1305_override.h;1;1;1;ROOT;1;37
tests/external_override/poly1305_override.h;1;1;1;artifact;1;26
tests/external_override/poly1305_override.h;1;HAVE_GCC_BOUNDED_ATTRIBUTE;1 && HAVE_GCC_BOUNDED_ATTRIBUTE;if;27;27
tests/external_override/poly1305_override.h;1;HAVE_GCC_BOUNDED_ATTRIBUTE;1 && HAVE_GCC_BOUNDED_ATTRIBUTE;artifact;28;30
tests/external_override/poly1305_override.h;1;HAVE_GCC_BOUNDED_ATTRIBUTE;1 && HAVE_GCC_BOUNDED_ATTRIBUTE;endif;31;31
tests/external_override/poly1305_override.h;1;1;1;artifact;32;36
tests/external_override/torture_override.c;1;1;1;ROOT;1;322
tests/external_override/torture_override.c;1;1;1;artifact;1;176
tests/external_override/torture_override.c;1;OPENSSH_CHACHA20_POLY1305_OPENSSH_COM;1 && OPENSSH_CHACHA20_POLY1305_OPENSSH_COM;if;177;177
tests/external_override/torture_override.c;1;OPENSSH_CHACHA20_POLY1305_OPENSSH_COM;1 && OPENSSH_CHACHA20_POLY1305_OPENSSH_COM;artifact;178;196
tests/external_override/torture_override.c;1;SHOULD_CALL_INTERNAL_CHACHAPOLY;1 && OPENSSH_CHACHA20_POLY1305_OPENSSH_COM && SHOULD_CALL_INTERNAL_CHACHAPOLY;if;197;197
tests/external_override/torture_override.c;1;SHOULD_CALL_INTERNAL_CHACHAPOLY;1 && OPENSSH_CHACHA20_POLY1305_OPENSSH_COM && SHOULD_CALL_INTERNAL_CHACHAPOLY;artifact;198;199
tests/external_override/torture_override.c;1;!SHOULD_CALL_INTERNAL_CHACHAPOLY;!SHOULD_CALL_INTERNAL_CHACHAPOLY && 1 && OPENSSH_CHACHA20_POLY1305_OPENSSH_COM;else;200;200
tests/external_override/torture_override.c;1;!SHOULD_CALL_INTERNAL_CHACHAPOLY;!SHOULD_CALL_INTERNAL_CHACHAPOLY && 1 && OPENSSH_CHACHA20_POLY1305_OPENSSH_COM;artifact;201;202
tests/external_override/torture_override.c;1;!SHOULD_CALL_INTERNAL_CHACHAPOLY;!SHOULD_CALL_INTERNAL_CHACHAPOLY && 1 && OPENSSH_CHACHA20_POLY1305_OPENSSH_COM;endif;203;203
tests/external_override/torture_override.c;1;OPENSSH_CHACHA20_POLY1305_OPENSSH_COM;1 && OPENSSH_CHACHA20_POLY1305_OPENSSH_COM;artifact;204;205
tests/external_override/torture_override.c;1;OPENSSH_CHACHA20_POLY1305_OPENSSH_COM;1 && OPENSSH_CHACHA20_POLY1305_OPENSSH_COM;endif;206;206
tests/external_override/torture_override.c;1;1;1;artifact;207;207
tests/external_override/torture_override.c;1;OPENSSH_CURVE25519_SHA256;1 && OPENSSH_CURVE25519_SHA256;if;208;208
tests/external_override/torture_override.c;1;OPENSSH_CURVE25519_SHA256;1 && OPENSSH_CURVE25519_SHA256;artifact;209;224
tests/external_override/torture_override.c;1;SHOULD_CALL_INTERNAL_CURVE25519;1 && OPENSSH_CURVE25519_SHA256 && SHOULD_CALL_INTERNAL_CURVE25519;if;225;225
tests/external_override/torture_override.c;1;SHOULD_CALL_INTERNAL_CURVE25519;1 && OPENSSH_CURVE25519_SHA256 && SHOULD_CALL_INTERNAL_CURVE25519;artifact;226;226
tests/external_override/torture_override.c;1;!SHOULD_CALL_INTERNAL_CURVE25519;!SHOULD_CALL_INTERNAL_CURVE25519 && 1 && OPENSSH_CURVE25519_SHA256;else;227;227
tests/external_override/torture_override.c;1;!SHOULD_CALL_INTERNAL_CURVE25519;!SHOULD_CALL_INTERNAL_CURVE25519 && 1 && OPENSSH_CURVE25519_SHA256;artifact;228;228
tests/external_override/torture_override.c;1;!SHOULD_CALL_INTERNAL_CURVE25519;!SHOULD_CALL_INTERNAL_CURVE25519 && 1 && OPENSSH_CURVE25519_SHA256;endif;229;229
tests/external_override/torture_override.c;1;OPENSSH_CURVE25519_SHA256;1 && OPENSSH_CURVE25519_SHA256;artifact;230;230
tests/external_override/torture_override.c;1;OPENSSH_CURVE25519_SHA256;1 && OPENSSH_CURVE25519_SHA256;endif;231;231
tests/external_override/torture_override.c;1;1;1;artifact;232;232
tests/external_override/torture_override.c;1;OPENSSH_CURVE25519_SHA256_LIBSSH_ORG;1 && OPENSSH_CURVE25519_SHA256_LIBSSH_ORG;if;233;233
tests/external_override/torture_override.c;1;OPENSSH_CURVE25519_SHA256_LIBSSH_ORG;1 && OPENSSH_CURVE25519_SHA256_LIBSSH_ORG;artifact;234;249
tests/external_override/torture_override.c;1;SHOULD_CALL_INTERNAL_CURVE25519;1 && OPENSSH_CURVE25519_SHA256_LIBSSH_ORG && SHOULD_CALL_INTERNAL_CURVE25519;if;250;250
tests/external_override/torture_override.c;1;SHOULD_CALL_INTERNAL_CURVE25519;1 && OPENSSH_CURVE25519_SHA256_LIBSSH_ORG && SHOULD_CALL_INTERNAL_CURVE25519;artifact;251;251
tests/external_override/torture_override.c;1;!SHOULD_CALL_INTERNAL_CURVE25519;!SHOULD_CALL_INTERNAL_CURVE25519 && 1 && OPENSSH_CURVE25519_SHA256_LIBSSH_ORG;else;252;252
tests/external_override/torture_override.c;1;!SHOULD_CALL_INTERNAL_CURVE25519;!SHOULD_CALL_INTERNAL_CURVE25519 && 1 && OPENSSH_CURVE25519_SHA256_LIBSSH_ORG;artifact;253;253
tests/external_override/torture_override.c;1;!SHOULD_CALL_INTERNAL_CURVE25519;!SHOULD_CALL_INTERNAL_CURVE25519 && 1 && OPENSSH_CURVE25519_SHA256_LIBSSH_ORG;endif;254;254
tests/external_override/torture_override.c;1;OPENSSH_CURVE25519_SHA256_LIBSSH_ORG;1 && OPENSSH_CURVE25519_SHA256_LIBSSH_ORG;artifact;255;255
tests/external_override/torture_override.c;1;OPENSSH_CURVE25519_SHA256_LIBSSH_ORG;1 && OPENSSH_CURVE25519_SHA256_LIBSSH_ORG;endif;256;256
tests/external_override/torture_override.c;1;1;1;artifact;257;257
tests/external_override/torture_override.c;1;OPENSSH_SSH_ED25519;1 && OPENSSH_SSH_ED25519;if;258;258
tests/external_override/torture_override.c;1;OPENSSH_SSH_ED25519;1 && OPENSSH_SSH_ED25519;artifact;259;274
tests/external_override/torture_override.c;1;SHOULD_CALL_INTERNAL_ED25519;1 && OPENSSH_SSH_ED25519 && SHOULD_CALL_INTERNAL_ED25519;if;275;275
tests/external_override/torture_override.c;1;SHOULD_CALL_INTERNAL_ED25519;1 && OPENSSH_SSH_ED25519 && SHOULD_CALL_INTERNAL_ED25519;artifact;276;276
tests/external_override/torture_override.c;1;!SHOULD_CALL_INTERNAL_ED25519;!SHOULD_CALL_INTERNAL_ED25519 && 1 && OPENSSH_SSH_ED25519;else;277;277
tests/external_override/torture_override.c;1;!SHOULD_CALL_INTERNAL_ED25519;!SHOULD_CALL_INTERNAL_ED25519 && 1 && OPENSSH_SSH_ED25519;artifact;278;278
tests/external_override/torture_override.c;1;!SHOULD_CALL_INTERNAL_ED25519;!SHOULD_CALL_INTERNAL_ED25519 && 1 && OPENSSH_SSH_ED25519;endif;279;279
tests/external_override/torture_override.c;1;OPENSSH_SSH_ED25519;1 && OPENSSH_SSH_ED25519;artifact;280;280
tests/external_override/torture_override.c;1;OPENSSH_SSH_ED25519;1 && OPENSSH_SSH_ED25519;endif;281;281
tests/external_override/torture_override.c;1;1;1;artifact;282;286
tests/external_override/torture_override.c;1;OPENSSH_CHACHA20_POLY1305_OPENSSH_COM;1 && OPENSSH_CHACHA20_POLY1305_OPENSSH_COM;if;287;287
tests/external_override/torture_override.c;1;OPENSSH_CHACHA20_POLY1305_OPENSSH_COM;1 && OPENSSH_CHACHA20_POLY1305_OPENSSH_COM;artifact;288;290
tests/external_override/torture_override.c;1;OPENSSH_CHACHA20_POLY1305_OPENSSH_COM;1 && OPENSSH_CHACHA20_POLY1305_OPENSSH_COM;endif;291;291
tests/external_override/torture_override.c;1;OPENSSH_CURVE25519_SHA256;1 && OPENSSH_CURVE25519_SHA256;if;292;292
tests/external_override/torture_override.c;1;OPENSSH_CURVE25519_SHA256;1 && OPENSSH_CURVE25519_SHA256;artifact;293;295
tests/external_override/torture_override.c;1;OPENSSH_CURVE25519_SHA256;1 && OPENSSH_CURVE25519_SHA256;endif;296;296
tests/external_override/torture_override.c;1;OPENSSH_CURVE25519_SHA256_LIBSSH_ORG;1 && OPENSSH_CURVE25519_SHA256_LIBSSH_ORG;if;297;297
tests/external_override/torture_override.c;1;OPENSSH_CURVE25519_SHA256_LIBSSH_ORG;1 && OPENSSH_CURVE25519_SHA256_LIBSSH_ORG;artifact;298;300
tests/external_override/torture_override.c;1;OPENSSH_CURVE25519_SHA256_LIBSSH_ORG;1 && OPENSSH_CURVE25519_SHA256_LIBSSH_ORG;endif;301;301
tests/external_override/torture_override.c;1;OPENSSH_SSH_ED25519;1 && OPENSSH_SSH_ED25519;if;302;302
tests/external_override/torture_override.c;1;OPENSSH_SSH_ED25519;1 && OPENSSH_SSH_ED25519;artifact;303;305
tests/external_override/torture_override.c;1;OPENSSH_SSH_ED25519;1 && OPENSSH_SSH_ED25519;endif;306;306
tests/external_override/torture_override.c;1;1;1;artifact;307;321
tests/fs_wrapper.c;1;1;1;ROOT;1;215
tests/fs_wrapper.c;1;1;1;artifact;1;214
tests/fuzz/fuzzer.c;1;1;1;ROOT;1;41
tests/fuzz/fuzzer.c;1;1;1;artifact;1;40
tests/fuzz/ssh_bind_config_fuzzer.c;1;1;1;ROOT;1;54
tests/fuzz/ssh_bind_config_fuzzer.c;1;1;1;artifact;1;53
tests/fuzz/ssh_client_config_fuzzer.c;1;1;1;ROOT;1;57
tests/fuzz/ssh_client_config_fuzzer.c;1;1;1;artifact;1;56
tests/fuzz/ssh_client_fuzzer.c;1;1;1;ROOT;1;187
tests/fuzz/ssh_client_fuzzer.c;1;1;1;artifact;1;186
tests/fuzz/ssh_known_hosts_fuzzer.c;1;1;1;ROOT;1;84
tests/fuzz/ssh_known_hosts_fuzzer.c;1;1;1;artifact;1;83
tests/fuzz/ssh_privkey_fuzzer.c;1;1;1;ROOT;1;54
tests/fuzz/ssh_privkey_fuzzer.c;1;1;1;artifact;1;53
tests/fuzz/ssh_pubkey_fuzzer.c;1;1;1;ROOT;1;70
tests/fuzz/ssh_pubkey_fuzzer.c;1;1;1;artifact;1;69
tests/fuzz/ssh_server_fuzzer.c;1;1;1;ROOT;1;234
tests/fuzz/ssh_server_fuzzer.c;1;1;1;artifact;1;233
tests/pkd/pkd_client.h;1;1;1;ROOT;1;92
tests/pkd/pkd_client.h;1;1;1;artifact;1;7
tests/pkd/pkd_client.h;1;!__PKD_CLIENT_H__;1 && !__PKD_CLIENT_H__;if;8;8
tests/pkd/pkd_client.h;1;!__PKD_CLIENT_H__;1 && !__PKD_CLIENT_H__;artifact;9;78
tests/pkd/pkd_client.h;1;0;1 && !__PKD_CLIENT_H__ && 0;if;79;79
tests/pkd/pkd_client.h;1;0;1 && !__PKD_CLIENT_H__ && 0;artifact;80;81
tests/pkd/pkd_client.h;1;0;1 && !__PKD_CLIENT_H__ && 0;endif;82;82
tests/pkd/pkd_client.h;1;!__PKD_CLIENT_H__;1 && !__PKD_CLIENT_H__;artifact;83;89
tests/pkd/pkd_client.h;1;!__PKD_CLIENT_H__;1 && !__PKD_CLIENT_H__;endif;90;90
tests/pkd/pkd_client.h;1;1;1;artifact;91;91
tests/pkd/pkd_daemon.c;1;1;1;ROOT;1;598
tests/pkd/pkd_daemon.c;1;1;1;artifact;1;597
tests/pkd/pkd_daemon.h;1;1;1;ROOT;1;64
tests/pkd/pkd_daemon.h;1;1;1;artifact;1;7
tests/pkd/pkd_daemon.h;1;!__PKD_DAEMON_H__;1 && !__PKD_DAEMON_H__;if;8;8
tests/pkd/pkd_daemon.h;1;!__PKD_DAEMON_H__;1 && !__PKD_DAEMON_H__;artifact;9;61
tests/pkd/pkd_daemon.h;1;!__PKD_DAEMON_H__;1 && !__PKD_DAEMON_H__;endif;62;62
tests/pkd/pkd_daemon.h;1;1;1;artifact;63;63
tests/pkd/pkd_hello.c;1;1;1;ROOT;1;992
tests/pkd/pkd_hello.c;1;1;1;artifact;1;33
tests/pkd/pkd_hello.c;1;HAVE_ARGP_H;1 && HAVE_ARGP_H;if;34;34
tests/pkd/pkd_hello.c;1;HAVE_ARGP_H;1 && HAVE_ARGP_H;artifact;35;136
tests/pkd/pkd_hello.c;1;HAVE_ARGP_H;1 && HAVE_ARGP_H;endif;137;137
tests/pkd/pkd_hello.c;1;1;1;artifact;138;228
tests/pkd/pkd_hello.c;1;DEFINED___LB__WITH_GEX__RB__;1 && DEFINED___LB__WITH_GEX__RB__;if;229;229
tests/pkd/pkd_hello.c;1;DEFINED___LB__WITH_GEX__RB__;1 && DEFINED___LB__WITH_GEX__RB__;artifact;230;254
tests/pkd/pkd_hello.c;1;!DEFINED___LB__WITH_GEX__RB__;!DEFINED___LB__WITH_GEX__RB__ && 1;else;255;255
tests/pkd/pkd_hello.c;1;!DEFINED___LB__WITH_GEX__RB__;!DEFINED___LB__WITH_GEX__RB__ && 1;artifact;256;280
tests/pkd/pkd_hello.c;1;!DEFINED___LB__WITH_GEX__RB__;!DEFINED___LB__WITH_GEX__RB__ && 1;endif;281;281
tests/pkd/pkd_hello.c;1;1;1;artifact;282;301
tests/pkd/pkd_hello.c;1;DEFINED___LB__WITH_GEX__RB__;1 && DEFINED___LB__WITH_GEX__RB__;if;302;302
tests/pkd/pkd_hello.c;1;DEFINED___LB__WITH_GEX__RB__;1 && DEFINED___LB__WITH_GEX__RB__;artifact;303;310
tests/pkd/pkd_hello.c;1;!DEFINED___LB__WITH_GEX__RB__;!DEFINED___LB__WITH_GEX__RB__ && 1;else;311;311
tests/pkd/pkd_hello.c;1;!DEFINED___LB__WITH_GEX__RB__;!DEFINED___LB__WITH_GEX__RB__ && 1;artifact;312;314
tests/pkd/pkd_hello.c;1;!DEFINED___LB__WITH_GEX__RB__;!DEFINED___LB__WITH_GEX__RB__ && 1;endif;315;315
tests/pkd/pkd_hello.c;1;1;1;artifact;316;942
tests/pkd/pkd_hello.c;1;HAVE_ARGP_H;1 && HAVE_ARGP_H;if;943;943
tests/pkd/pkd_hello.c;1;HAVE_ARGP_H;1 && HAVE_ARGP_H;artifact;944;944
tests/pkd/pkd_hello.c;1;!HAVE_ARGP_H;!HAVE_ARGP_H && 1;else;945;945
tests/pkd/pkd_hello.c;1;!HAVE_ARGP_H;!HAVE_ARGP_H && 1;artifact;946;946
tests/pkd/pkd_hello.c;1;!HAVE_ARGP_H;!HAVE_ARGP_H && 1;endif;947;947
tests/pkd/pkd_hello.c;1;1;1;artifact;948;991
tests/pkd/pkd_keyutil.c;1;1;1;ROOT;1;183
tests/pkd/pkd_keyutil.c;1;1;1;artifact;1;182
tests/pkd/pkd_keyutil.h;1;1;1;ROOT;1;55
tests/pkd/pkd_keyutil.h;1;1;1;artifact;1;6
tests/pkd/pkd_keyutil.h;1;!__PKD_KEYUTIL_H__;1 && !__PKD_KEYUTIL_H__;if;7;7
tests/pkd/pkd_keyutil.h;1;!__PKD_KEYUTIL_H__;1 && !__PKD_KEYUTIL_H__;artifact;8;52
tests/pkd/pkd_keyutil.h;1;!__PKD_KEYUTIL_H__;1 && !__PKD_KEYUTIL_H__;endif;53;53
tests/pkd/pkd_keyutil.h;1;1;1;artifact;54;54
tests/pkd/pkd_util.c;1;1;1;ROOT;1;116
tests/pkd/pkd_util.c;1;1;1;artifact;1;115
tests/pkd/pkd_util.h;1;1;1;ROOT;1;18
tests/pkd/pkd_util.h;1;1;1;artifact;1;6
tests/pkd/pkd_util.h;1;!__PKD_UTIL_H__;1 && !__PKD_UTIL_H__;if;7;7
tests/pkd/pkd_util.h;1;!__PKD_UTIL_H__;1 && !__PKD_UTIL_H__;artifact;8;15
tests/pkd/pkd_util.h;1;!__PKD_UTIL_H__;1 && !__PKD_UTIL_H__;endif;16;16
tests/pkd/pkd_util.h;1;1;1;artifact;17;17
tests/server/test_server/default_cb.c;1;1;1;ROOT;1;1029
tests/server/test_server/default_cb.c;1;1;1;artifact;1;40
tests/server/test_server/default_cb.c;1;HAVE_LIBUTIL_H;1 && HAVE_LIBUTIL_H;if;41;41
tests/server/test_server/default_cb.c;1;HAVE_LIBUTIL_H;1 && HAVE_LIBUTIL_H;artifact;42;42
tests/server/test_server/default_cb.c;1;HAVE_LIBUTIL_H;1 && HAVE_LIBUTIL_H;endif;43;43
tests/server/test_server/default_cb.c;1;HAVE_PTY_H;1 && HAVE_PTY_H;if;44;44
tests/server/test_server/default_cb.c;1;HAVE_PTY_H;1 && HAVE_PTY_H;artifact;45;45
tests/server/test_server/default_cb.c;1;HAVE_PTY_H;1 && HAVE_PTY_H;endif;46;46
tests/server/test_server/default_cb.c;1;HAVE_UTMP_H;1 && HAVE_UTMP_H;if;47;47
tests/server/test_server/default_cb.c;1;HAVE_UTMP_H;1 && HAVE_UTMP_H;artifact;48;48
tests/server/test_server/default_cb.c;1;HAVE_UTMP_H;1 && HAVE_UTMP_H;endif;49;49
tests/server/test_server/default_cb.c;1;HAVE_UTIL_H;1 && HAVE_UTIL_H;if;50;50
tests/server/test_server/default_cb.c;1;HAVE_UTIL_H;1 && HAVE_UTIL_H;artifact;51;51
tests/server/test_server/default_cb.c;1;HAVE_UTIL_H;1 && HAVE_UTIL_H;endif;52;52
tests/server/test_server/default_cb.c;1;1;1;artifact;53;172
tests/server/test_server/default_cb.c;1;WITH_GSSAPI;1 && WITH_GSSAPI;if;173;173
tests/server/test_server/default_cb.c;1;WITH_GSSAPI;1 && WITH_GSSAPI;artifact;174;207
tests/server/test_server/default_cb.c;1;WITH_GSSAPI;1 && WITH_GSSAPI;endif;208;208
tests/server/test_server/default_cb.c;1;1;1;artifact;209;683
tests/server/test_server/default_cb.c;1;WITH_PCAP;1 && WITH_PCAP;if;684;684
tests/server/test_server/default_cb.c;1;WITH_PCAP;1 && WITH_PCAP;artifact;685;726
tests/server/test_server/default_cb.c;1;WITH_PCAP;1 && WITH_PCAP;endif;727;727
tests/server/test_server/default_cb.c;1;1;1;artifact;728;780
tests/server/test_server/default_cb.c;1;WITH_GSSAPI;1 && WITH_GSSAPI;if;781;781
tests/server/test_server/default_cb.c;1;WITH_GSSAPI;1 && WITH_GSSAPI;artifact;782;782
tests/server/test_server/default_cb.c;1;WITH_GSSAPI;1 && WITH_GSSAPI;endif;783;783
tests/server/test_server/default_cb.c;1;1;1;artifact;784;886
tests/server/test_server/default_cb.c;1;WITH_PCAP;1 && WITH_PCAP;if;887;887
tests/server/test_server/default_cb.c;1;WITH_PCAP;1 && WITH_PCAP;artifact;888;888
tests/server/test_server/default_cb.c;1;WITH_PCAP;1 && WITH_PCAP;endif;889;889
tests/server/test_server/default_cb.c;1;1;1;artifact;890;1016
tests/server/test_server/default_cb.c;1;WITH_PCAP;1 && WITH_PCAP;if;1017;1017
tests/server/test_server/default_cb.c;1;WITH_PCAP;1 && WITH_PCAP;artifact;1018;1018
tests/server/test_server/default_cb.c;1;WITH_PCAP;1 && WITH_PCAP;endif;1019;1019
tests/server/test_server/default_cb.c;1;1;1;artifact;1020;1028
tests/server/test_server/default_cb.h;1;1;1;ROOT;1;182
tests/server/test_server/default_cb.h;1;1;1;artifact;1;37
tests/server/test_server/default_cb.h;1;!KEYS_FOLDER;1 && !KEYS_FOLDER;if;38;38
tests/server/test_server/default_cb.h;1;_WIN32;1 && !KEYS_FOLDER && _WIN32;if;39;39
tests/server/test_server/default_cb.h;1;_WIN32;1 && !KEYS_FOLDER && _WIN32;artifact;40;40
tests/server/test_server/default_cb.h;1;!_WIN32;!_WIN32 && 1 && !KEYS_FOLDER;else;41;41
tests/server/test_server/default_cb.h;1;!_WIN32;!_WIN32 && 1 && !KEYS_FOLDER;artifact;42;42
tests/server/test_server/default_cb.h;1;!_WIN32;!_WIN32 && 1 && !KEYS_FOLDER;endif;43;43
tests/server/test_server/default_cb.h;1;!KEYS_FOLDER;1 && !KEYS_FOLDER;endif;44;44
tests/server/test_server/default_cb.h;1;1;1;artifact;45;49
tests/server/test_server/default_cb.h;1;HAVE_PTY_H;1 && HAVE_PTY_H;if;50;50
tests/server/test_server/default_cb.h;1;HAVE_PTY_H;1 && HAVE_PTY_H;artifact;51;51
tests/server/test_server/default_cb.h;1;HAVE_PTY_H;1 && HAVE_PTY_H;endif;52;52
tests/server/test_server/default_cb.h;1;1;1;artifact;53;84
tests/server/test_server/default_cb.h;1;WITH_PCAP;1 && WITH_PCAP;if;85;85
tests/server/test_server/default_cb.h;1;WITH_PCAP;1 && WITH_PCAP;artifact;86;86
tests/server/test_server/default_cb.h;1;WITH_PCAP;1 && WITH_PCAP;endif;87;87
tests/server/test_server/default_cb.h;1;1;1;artifact;88;96
tests/server/test_server/default_cb.h;1;WITH_GSSAPI;1 && WITH_GSSAPI;if;97;97
tests/server/test_server/default_cb.h;1;WITH_GSSAPI;1 && WITH_GSSAPI;artifact;98;99
tests/server/test_server/default_cb.h;1;WITH_GSSAPI;1 && WITH_GSSAPI;endif;100;100
tests/server/test_server/default_cb.h;1;1;1;artifact;101;181
tests/server/test_server/main.c;1;1;1;ROOT;1;667
tests/server/test_server/main.c;1;1;1;artifact;1;33
tests/server/test_server/main.c;1;HAVE_ARGP_H;1 && HAVE_ARGP_H;if;34;34
tests/server/test_server/main.c;1;HAVE_ARGP_H;1 && HAVE_ARGP_H;artifact;35;35
tests/server/test_server/main.c;1;HAVE_ARGP_H;1 && HAVE_ARGP_H;endif;36;36
tests/server/test_server/main.c;1;1;1;artifact;37;94
tests/server/test_server/main.c;1;HAVE_ARGP_H;1 && HAVE_ARGP_H;if;95;95
tests/server/test_server/main.c;1;HAVE_ARGP_H;1 && HAVE_ARGP_H;artifact;96;611
tests/server/test_server/main.c;1;HAVE_ARGP_H;1 && HAVE_ARGP_H;endif;612;612
tests/server/test_server/main.c;1;1;1;artifact;613;630
tests/server/test_server/main.c;1;HAVE_ARGP_H;1 && HAVE_ARGP_H;if;631;631
tests/server/test_server/main.c;1;HAVE_ARGP_H;1 && HAVE_ARGP_H;artifact;632;632
tests/server/test_server/main.c;1;HAVE_ARGP_H;1 && HAVE_ARGP_H;endif;633;633
tests/server/test_server/main.c;1;1;1;artifact;634;666
tests/server/test_server/sftpserver_cb.c;1;1;1;ROOT;1;405
tests/server/test_server/sftpserver_cb.c;1;1;1;artifact;1;43
tests/server/test_server/sftpserver_cb.c;1;HAVE_LIBUTIL_H;1 && HAVE_LIBUTIL_H;if;44;44
tests/server/test_server/sftpserver_cb.c;1;HAVE_LIBUTIL_H;1 && HAVE_LIBUTIL_H;artifact;45;45
tests/server/test_server/sftpserver_cb.c;1;HAVE_LIBUTIL_H;1 && HAVE_LIBUTIL_H;endif;46;46
tests/server/test_server/sftpserver_cb.c;1;HAVE_PTY_H;1 && HAVE_PTY_H;if;47;47
tests/server/test_server/sftpserver_cb.c;1;HAVE_PTY_H;1 && HAVE_PTY_H;artifact;48;48
tests/server/test_server/sftpserver_cb.c;1;HAVE_PTY_H;1 && HAVE_PTY_H;endif;49;49
tests/server/test_server/sftpserver_cb.c;1;HAVE_UTMP_H;1 && HAVE_UTMP_H;if;50;50
tests/server/test_server/sftpserver_cb.c;1;HAVE_UTMP_H;1 && HAVE_UTMP_H;artifact;51;51
tests/server/test_server/sftpserver_cb.c;1;HAVE_UTMP_H;1 && HAVE_UTMP_H;endif;52;52
tests/server/test_server/sftpserver_cb.c;1;HAVE_UTIL_H;1 && HAVE_UTIL_H;if;53;53
tests/server/test_server/sftpserver_cb.c;1;HAVE_UTIL_H;1 && HAVE_UTIL_H;artifact;54;54
tests/server/test_server/sftpserver_cb.c;1;HAVE_UTIL_H;1 && HAVE_UTIL_H;endif;55;55
tests/server/test_server/sftpserver_cb.c;1;1;1;artifact;56;144
tests/server/test_server/sftpserver_cb.c;1;WITH_PCAP;1 && WITH_PCAP;if;145;145
tests/server/test_server/sftpserver_cb.c;1;WITH_PCAP;1 && WITH_PCAP;artifact;146;187
tests/server/test_server/sftpserver_cb.c;1;WITH_PCAP;1 && WITH_PCAP;endif;188;188
tests/server/test_server/sftpserver_cb.c;1;1;1;artifact;189;301
tests/server/test_server/sftpserver_cb.c;1;WITH_PCAP;1 && WITH_PCAP;if;302;302
tests/server/test_server/sftpserver_cb.c;1;WITH_PCAP;1 && WITH_PCAP;artifact;303;303
tests/server/test_server/sftpserver_cb.c;1;WITH_PCAP;1 && WITH_PCAP;endif;304;304
tests/server/test_server/sftpserver_cb.c;1;1;1;artifact;305;392
tests/server/test_server/sftpserver_cb.c;1;WITH_PCAP;1 && WITH_PCAP;if;393;393
tests/server/test_server/sftpserver_cb.c;1;WITH_PCAP;1 && WITH_PCAP;artifact;394;394
tests/server/test_server/sftpserver_cb.c;1;WITH_PCAP;1 && WITH_PCAP;endif;395;395
tests/server/test_server/sftpserver_cb.c;1;1;1;artifact;396;404
tests/server/test_server/test_server.c;1;1;1;ROOT;1;373
tests/server/test_server/test_server.c;1;1;1;artifact;1;372
tests/server/test_server/test_server.h;1;1;1;ROOT;1;82
tests/server/test_server/test_server.h;1;1;1;artifact;1;81
tests/server/torture_gssapi_server_auth.c;1;1;1;ROOT;1;457
tests/server/torture_gssapi_server_auth.c;1;1;1;artifact;1;123
tests/server/torture_gssapi_server_auth.c;1;WITH_PCAP;1 && WITH_PCAP;if;124;124
tests/server/torture_gssapi_server_auth.c;1;WITH_PCAP;1 && WITH_PCAP;artifact;125;127
tests/server/torture_gssapi_server_auth.c;1;WITH_PCAP;1 && WITH_PCAP;endif;128;128
tests/server/torture_gssapi_server_auth.c;1;1;1;artifact;129;456
tests/server/torture_gssapi_server_auth_cb.c;1;1;1;ROOT;1;481
tests/server/torture_gssapi_server_auth_cb.c;1;1;1;artifact;1;125
tests/server/torture_gssapi_server_auth_cb.c;1;WITH_PCAP;1 && WITH_PCAP;if;126;126
tests/server/torture_gssapi_server_auth_cb.c;1;WITH_PCAP;1 && WITH_PCAP;artifact;127;129
tests/server/torture_gssapi_server_auth_cb.c;1;WITH_PCAP;1 && WITH_PCAP;endif;130;130
tests/server/torture_gssapi_server_auth_cb.c;1;1;1;artifact;131;480
tests/server/torture_gssapi_server_delegation.c;1;1;1;ROOT;1;377
tests/server/torture_gssapi_server_delegation.c;1;1;1;artifact;1;124
tests/server/torture_gssapi_server_delegation.c;1;WITH_PCAP;1 && WITH_PCAP;if;125;125
tests/server/torture_gssapi_server_delegation.c;1;WITH_PCAP;1 && WITH_PCAP;artifact;126;128
tests/server/torture_gssapi_server_delegation.c;1;WITH_PCAP;1 && WITH_PCAP;endif;129;129
tests/server/torture_gssapi_server_delegation.c;1;1;1;artifact;130;376
tests/server/torture_server_algorithms.c;1;1;1;ROOT;1;366
tests/server/torture_server_algorithms.c;1;1;1;artifact;1;365
tests/server/torture_server_auth_kbdint.c;1;1;1;ROOT;1;781
tests/server/torture_server_auth_kbdint.c;1;1;1;artifact;1;58
tests/server/torture_server_auth_kbdint.c;1;WITH_PCAP;1 && WITH_PCAP;if;59;59
tests/server/torture_server_auth_kbdint.c;1;WITH_PCAP;1 && WITH_PCAP;artifact;60;101
tests/server/torture_server_auth_kbdint.c;1;WITH_PCAP;1 && WITH_PCAP;endif;102;102
tests/server/torture_server_auth_kbdint.c;1;1;1;artifact;103;387
tests/server/torture_server_auth_kbdint.c;1;WITH_PCAP;1 && WITH_PCAP;if;388;388
tests/server/torture_server_auth_kbdint.c;1;WITH_PCAP;1 && WITH_PCAP;artifact;389;389
tests/server/torture_server_auth_kbdint.c;1;WITH_PCAP;1 && WITH_PCAP;endif;390;390
tests/server/torture_server_auth_kbdint.c;1;1;1;artifact;391;500
tests/server/torture_server_auth_kbdint.c;1;WITH_PCAP;1 && WITH_PCAP;if;501;501
tests/server/torture_server_auth_kbdint.c;1;WITH_PCAP;1 && WITH_PCAP;artifact;502;502
tests/server/torture_server_auth_kbdint.c;1;WITH_PCAP;1 && WITH_PCAP;endif;503;503
tests/server/torture_server_auth_kbdint.c;1;1;1;artifact;504;585
tests/server/torture_server_auth_kbdint.c;1;WITH_PCAP;1 && WITH_PCAP;if;586;586
tests/server/torture_server_auth_kbdint.c;1;WITH_PCAP;1 && WITH_PCAP;artifact;587;589
tests/server/torture_server_auth_kbdint.c;1;WITH_PCAP;1 && WITH_PCAP;endif;590;590
tests/server/torture_server_auth_kbdint.c;1;1;1;artifact;591;780
tests/server/torture_server_config.c;1;1;1;ROOT;1;807
tests/server/torture_server_config.c;1;1;1;artifact;1;353
tests/server/torture_server_config.c;1;TEST_ALL_CRYPTO_COMBINATIONS;1 && TEST_ALL_CRYPTO_COMBINATIONS;if;354;354
tests/server/torture_server_config.c;1;TEST_ALL_CRYPTO_COMBINATIONS;1 && TEST_ALL_CRYPTO_COMBINATIONS;artifact;355;364
tests/server/torture_server_config.c;1;TEST_ALL_CRYPTO_COMBINATIONS;1 && TEST_ALL_CRYPTO_COMBINATIONS;endif;365;365
tests/server/torture_server_config.c;1;1;1;artifact;366;806
tests/server/torture_server_default.c;1;1;1;ROOT;1;535
tests/server/torture_server_default.c;1;1;1;artifact;1;534
tests/server/torture_sftpserver.c;1;1;1;ROOT;1;1104
tests/server/torture_sftpserver.c;1;1;1;artifact;1;159
tests/server/torture_sftpserver.c;1;WITH_PCAP;1 && WITH_PCAP;if;160;160
tests/server/torture_sftpserver.c;1;WITH_PCAP;1 && WITH_PCAP;artifact;161;163
tests/server/torture_sftpserver.c;1;WITH_PCAP;1 && WITH_PCAP;endif;164;164
tests/server/torture_sftpserver.c;1;1;1;artifact;165;1103
tests/ssh_ping.c;1;1;1;ROOT;1;92
tests/ssh_ping.c;1;1;1;artifact;1;91
tests/test_socket.c;1;1;1;ROOT;1;95
tests/test_socket.c;1;1;1;artifact;1;94
tests/torture.c;1;1;1;ROOT;1;1896
tests/torture.c;1;1;1;artifact;1;32
tests/torture.c;1;!_WIN32;1 && !_WIN32;if;33;33
tests/torture.c;1;!_WIN32;1 && !_WIN32;artifact;34;36
tests/torture.c;1;!_WIN32;1 && !_WIN32;endif;37;37
tests/torture.c;1;1;1;artifact;38;38
tests/torture.c;1;HAVE_UNISTD_H;1 && HAVE_UNISTD_H;if;39;39
tests/torture.c;1;HAVE_UNISTD_H;1 && HAVE_UNISTD_H;artifact;40;40
tests/torture.c;1;(DEFINED__WIN32 || DEFINED__WIN64) && !HAVE_UNISTD_H;(DEFINED__WIN32 || DEFINED__WIN64) && !HAVE_UNISTD_H && 1;elif;41;41
tests/torture.c;1;(DEFINED__WIN32 || DEFINED__WIN64) && !HAVE_UNISTD_H;(DEFINED__WIN32 || DEFINED__WIN64) && !HAVE_UNISTD_H && 1;artifact;42;43
tests/torture.c;1;(DEFINED__WIN32 || DEFINED__WIN64) && !HAVE_UNISTD_H;(DEFINED__WIN32 || DEFINED__WIN64) && !HAVE_UNISTD_H && 1;endif;44;44
tests/torture.c;1;1;1;artifact;45;50
tests/torture.c;1;HAVE_VALGRIND_VALGRIND_H;1 && HAVE_VALGRIND_VALGRIND_H;if;51;51
tests/torture.c;1;HAVE_VALGRIND_VALGRIND_H;1 && HAVE_VALGRIND_VALGRIND_H;artifact;52;52
tests/torture.c;1;HAVE_VALGRIND_VALGRIND_H;1 && HAVE_VALGRIND_VALGRIND_H;endif;53;53
tests/torture.c;1;1;1;artifact;54;76
tests/torture.c;1;!_WIN32;1 && !_WIN32;if;77;77
tests/torture.c;1;!_WIN32;1 && !_WIN32;artifact;78;250
tests/torture.c;1;HAVE_VALGRIND_VALGRIND_H;1 && !_WIN32 && HAVE_VALGRIND_VALGRIND_H;if;251;251
tests/torture.c;1;HAVE_VALGRIND_VALGRIND_H;1 && !_WIN32 && HAVE_VALGRIND_VALGRIND_H;artifact;252;256
tests/torture.c;1;HAVE_VALGRIND_VALGRIND_H;1 && !_WIN32 && HAVE_VALGRIND_VALGRIND_H;endif;257;257
tests/torture.c;1;!_WIN32;1 && !_WIN32;artifact;258;297
tests/torture.c;1;WITH_PCAP;1 && !_WIN32 && WITH_PCAP;if;298;298
tests/torture.c;1;WITH_PCAP;1 && !_WIN32 && WITH_PCAP;artifact;299;301
tests/torture.c;1;WITH_PCAP;1 && !_WIN32 && WITH_PCAP;endif;302;302
tests/torture.c;1;!_WIN32;1 && !_WIN32;artifact;303;370
tests/torture.c;1;WITH_SERVER;1 && !_WIN32 && WITH_SERVER;if;371;371
tests/torture.c;1;WITH_SERVER;1 && !_WIN32 && WITH_SERVER;artifact;372;425
tests/torture.c;1;WITH_SERVER;1 && !_WIN32 && WITH_SERVER;endif;426;426
tests/torture.c;1;!_WIN32;1 && !_WIN32;artifact;427;427
tests/torture.c;1;WITH_SFTP;1 && !_WIN32 && WITH_SFTP;if;428;428
tests/torture.c;1;WITH_SFTP;1 && !_WIN32 && WITH_SFTP;artifact;429;517
tests/torture.c;1;WITH_SFTP;1 && !_WIN32 && WITH_SFTP;endif;518;518
tests/torture.c;1;!_WIN32;1 && !_WIN32;artifact;519;574
tests/torture.c;1;WITH_PCAP;1 && !_WIN32 && WITH_PCAP;if;575;575
tests/torture.c;1;WITH_PCAP;1 && !_WIN32 && WITH_PCAP;artifact;576;583
tests/torture.c;1;WITH_PCAP;1 && !_WIN32 && WITH_PCAP;endif;584;584
tests/torture.c;1;!_WIN32;1 && !_WIN32;artifact;585;588
tests/torture.c;1;WITH_GSSAPI;1 && !_WIN32 && WITH_GSSAPI;if;589;589
tests/torture.c;1;WITH_GSSAPI;1 && !_WIN32 && WITH_GSSAPI;artifact;590;593
tests/torture.c;1;WITH_GSSAPI;1 && !_WIN32 && WITH_GSSAPI;endif;594;594
tests/torture.c;1;!_WIN32;1 && !_WIN32;artifact;595;717
tests/torture.c;1;SSHD_EXECUTABLE;1 && !_WIN32 && SSHD_EXECUTABLE;if;718;718
tests/torture.c;1;SSHD_EXECUTABLE;1 && !_WIN32 && SSHD_EXECUTABLE;artifact;719;759
tests/torture.c;1;OPENSSH_VERSION_MAJOR__EQ__8 && OPENSSH_VERSION_MINOR__GEQ__2;1 && !_WIN32 && SSHD_EXECUTABLE && OPENSSH_VERSION_MAJOR__EQ__8 && OPENSSH_VERSION_MINOR__GEQ__2;if;760;760
tests/torture.c;1;OPENSSH_VERSION_MAJOR__EQ__8 && OPENSSH_VERSION_MINOR__GEQ__2;1 && !_WIN32 && SSHD_EXECUTABLE && OPENSSH_VERSION_MAJOR__EQ__8 && OPENSSH_VERSION_MINOR__GEQ__2;artifact;761;761
tests/torture.c;1;OPENSSH_VERSION_MAJOR__EQ__8 && OPENSSH_VERSION_MINOR__GEQ__2;1 && !_WIN32 && SSHD_EXECUTABLE && OPENSSH_VERSION_MAJOR__EQ__8 && OPENSSH_VERSION_MINOR__GEQ__2;endif;762;762
tests/torture.c;1;(OPENSSH_VERSION_MAJOR__GT__9 || OPENSSH_VERSION_MAJOR__EQ__9) && (OPENSSH_VERSION_MAJOR__GT__9 || OPENSSH_VERSION_MINOR__GEQ__8);1 && !_WIN32 && SSHD_EXECUTABLE && (OPENSSH_VERSION_MAJOR__GT__9 || OPENSSH_VERSION_MAJOR__EQ__9) && (OPENSSH_VERSION_MAJOR__GT__9 || OPENSSH_VERSION_MINOR__GEQ__8);if;763;763
tests/torture.c;1;(OPENSSH_VERSION_MAJOR__GT__9 || OPENSSH_VERSION_MAJOR__EQ__9) && (OPENSSH_VERSION_MAJOR__GT__9 || OPENSSH_VERSION_MINOR__GEQ__8);1 && !_WIN32 && SSHD_EXECUTABLE && (OPENSSH_VERSION_MAJOR__GT__9 || OPENSSH_VERSION_MAJOR__EQ__9) && (OPENSSH_VERSION_MAJOR__GT__9 || OPENSSH_VERSION_MINOR__GEQ__8);artifact;764;764
tests/torture.c;1;(OPENSSH_VERSION_MAJOR__GT__9 || OPENSSH_VERSION_MAJOR__EQ__9) && (OPENSSH_VERSION_MAJOR__GT__9 || OPENSSH_VERSION_MINOR__GEQ__8);1 && !_WIN32 && SSHD_EXECUTABLE && (OPENSSH_VERSION_MAJOR__GT__9 || OPENSSH_VERSION_MAJOR__EQ__9) && (OPENSSH_VERSION_MAJOR__GT__9 || OPENSSH_VERSION_MINOR__GEQ__8);endif;765;765
tests/torture.c;1;SSHD_EXECUTABLE;1 && !_WIN32 && SSHD_EXECUTABLE;artifact;766;795
tests/torture.c;1;(OPENSSH_VERSION_MAJOR__GT__9 || OPENSSH_VERSION_MAJOR__EQ__9) && (OPENSSH_VERSION_MAJOR__GT__9 || OPENSSH_VERSION_MINOR__GEQ__8);1 && !_WIN32 && SSHD_EXECUTABLE && (OPENSSH_VERSION_MAJOR__GT__9 || OPENSSH_VERSION_MAJOR__EQ__9) && (OPENSSH_VERSION_MAJOR__GT__9 || OPENSSH_VERSION_MINOR__GEQ__8);if;796;796
tests/torture.c;1;(OPENSSH_VERSION_MAJOR__GT__9 || OPENSSH_VERSION_MAJOR__EQ__9) && (OPENSSH_VERSION_MAJOR__GT__9 || OPENSSH_VERSION_MINOR__GEQ__8);1 && !_WIN32 && SSHD_EXECUTABLE && (OPENSSH_VERSION_MAJOR__GT__9 || OPENSSH_VERSION_MAJOR__EQ__9) && (OPENSSH_VERSION_MAJOR__GT__9 || OPENSSH_VERSION_MINOR__GEQ__8);artifact;797;797
tests/torture.c;1;(OPENSSH_VERSION_MAJOR__GT__9 || OPENSSH_VERSION_MAJOR__EQ__9) && (OPENSSH_VERSION_MAJOR__GT__9 || OPENSSH_VERSION_MINOR__GEQ__8);1 && !_WIN32 && SSHD_EXECUTABLE && (OPENSSH_VERSION_MAJOR__GT__9 || OPENSSH_VERSION_MAJOR__EQ__9) && (OPENSSH_VERSION_MAJOR__GT__9 || OPENSSH_VERSION_MINOR__GEQ__8);endif;798;798
tests/torture.c;1;SSHD_EXECUTABLE;1 && !_WIN32 && SSHD_EXECUTABLE;artifact;799;1087
tests/torture.c;1;WITH_TIMEOUT;1 && !_WIN32 && SSHD_EXECUTABLE && WITH_TIMEOUT;if;1088;1088
tests/torture.c;1;WITH_TIMEOUT;1 && !_WIN32 && SSHD_EXECUTABLE && WITH_TIMEOUT;artifact;1089;1090
tests/torture.c;1;!WITH_TIMEOUT;!WITH_TIMEOUT && 1 && !_WIN32 && SSHD_EXECUTABLE;else;1091;1091
tests/torture.c;1;!WITH_TIMEOUT;!WITH_TIMEOUT && 1 && !_WIN32 && SSHD_EXECUTABLE;artifact;1092;1092
tests/torture.c;1;!WITH_TIMEOUT;!WITH_TIMEOUT && 1 && !_WIN32 && SSHD_EXECUTABLE;endif;1093;1093
tests/torture.c;1;SSHD_EXECUTABLE;1 && !_WIN32 && SSHD_EXECUTABLE;artifact;1094;1163
tests/torture.c;1;WITH_GSSAPI;1 && !_WIN32 && SSHD_EXECUTABLE && WITH_GSSAPI;if;1164;1164
tests/torture.c;1;WITH_GSSAPI;1 && !_WIN32 && SSHD_EXECUTABLE && WITH_GSSAPI;artifact;1165;1166
tests/torture.c;1;WITH_GSSAPI;1 && !_WIN32 && SSHD_EXECUTABLE && WITH_GSSAPI;endif;1167;1167
tests/torture.c;1;SSHD_EXECUTABLE;1 && !_WIN32 && SSHD_EXECUTABLE;artifact;1168;1204
tests/torture.c;1;WITH_GSSAPI;1 && !_WIN32 && SSHD_EXECUTABLE && WITH_GSSAPI;if;1205;1205
tests/torture.c;1;WITH_GSSAPI;1 && !_WIN32 && SSHD_EXECUTABLE && WITH_GSSAPI;artifact;1206;1289
tests/torture.c;1;WITH_GSSAPI;1 && !_WIN32 && SSHD_EXECUTABLE && WITH_GSSAPI;endif;1290;1290
tests/torture.c;1;SSHD_EXECUTABLE;1 && !_WIN32 && SSHD_EXECUTABLE;artifact;1291;1295
tests/torture.c;1;WITH_GSSAPI;1 && !_WIN32 && SSHD_EXECUTABLE && WITH_GSSAPI;if;1296;1296
tests/torture.c;1;WITH_GSSAPI;1 && !_WIN32 && SSHD_EXECUTABLE && WITH_GSSAPI;artifact;1297;1297
tests/torture.c;1;WITH_GSSAPI;1 && !_WIN32 && SSHD_EXECUTABLE && WITH_GSSAPI;endif;1298;1298
tests/torture.c;1;SSHD_EXECUTABLE;1 && !_WIN32 && SSHD_EXECUTABLE;artifact;1299;1322
tests/torture.c;1;WITH_PCAP;1 && !_WIN32 && SSHD_EXECUTABLE && WITH_PCAP;if;1323;1323
tests/torture.c;1;WITH_PCAP;1 && !_WIN32 && SSHD_EXECUTABLE && WITH_PCAP;artifact;1324;1327
tests/torture.c;1;WITH_PCAP;1 && !_WIN32 && SSHD_EXECUTABLE && WITH_PCAP;endif;1328;1328
tests/torture.c;1;SSHD_EXECUTABLE;1 && !_WIN32 && SSHD_EXECUTABLE;artifact;1329;1377
tests/torture.c;1;SSHD_EXECUTABLE;1 && !_WIN32 && SSHD_EXECUTABLE;endif;1378;1378
tests/torture.c;1;!_WIN32;1 && !_WIN32;artifact;1379;1379
tests/torture.c;1;WITH_PKCS11_URI;1 && !_WIN32 && WITH_PKCS11_URI;if;1380;1380
tests/torture.c;1;WITH_PKCS11_URI;1 && !_WIN32 && WITH_PKCS11_URI;artifact;1381;1387
tests/torture.c;1;!WITH_PKCS11_PROVIDER;1 && !_WIN32 && WITH_PKCS11_URI && !WITH_PKCS11_PROVIDER;if;1388;1388
tests/torture.c;1;!WITH_PKCS11_PROVIDER;1 && !_WIN32 && WITH_PKCS11_URI && !WITH_PKCS11_PROVIDER;artifact;1389;1389
tests/torture.c;1;!WITH_PKCS11_PROVIDER;1 && !_WIN32 && WITH_PKCS11_URI && !WITH_PKCS11_PROVIDER;endif;1390;1390
tests/torture.c;1;WITH_PKCS11_URI;1 && !_WIN32 && WITH_PKCS11_URI;artifact;1391;1402
tests/torture.c;1;WITH_PKCS11_PROVIDER;1 && !_WIN32 && WITH_PKCS11_URI && WITH_PKCS11_PROVIDER;if;1403;1403
tests/torture.c;1;WITH_PKCS11_PROVIDER;1 && !_WIN32 && WITH_PKCS11_URI && WITH_PKCS11_PROVIDER;artifact;1404;1404
tests/torture.c;1;!WITH_PKCS11_PROVIDER;!WITH_PKCS11_PROVIDER && 1 && !_WIN32 && WITH_PKCS11_URI;else;1405;1405
tests/torture.c;1;!WITH_PKCS11_PROVIDER;!WITH_PKCS11_PROVIDER && 1 && !_WIN32 && WITH_PKCS11_URI;artifact;1406;1406
tests/torture.c;1;!WITH_PKCS11_PROVIDER;!WITH_PKCS11_PROVIDER && 1 && !_WIN32 && WITH_PKCS11_URI;endif;1407;1407
tests/torture.c;1;WITH_PKCS11_URI;1 && !_WIN32 && WITH_PKCS11_URI;artifact;1408;1413
tests/torture.c;1;WITH_PKCS11_PROVIDER;1 && !_WIN32 && WITH_PKCS11_URI && WITH_PKCS11_PROVIDER;if;1414;1414
tests/torture.c;1;WITH_PKCS11_PROVIDER;1 && !_WIN32 && WITH_PKCS11_URI && WITH_PKCS11_PROVIDER;artifact;1415;1426
tests/torture.c;1;PKCS11SPY;1 && !_WIN32 && WITH_PKCS11_URI && WITH_PKCS11_PROVIDER && PKCS11SPY;if;1427;1427
tests/torture.c;1;PKCS11SPY;1 && !_WIN32 && WITH_PKCS11_URI && WITH_PKCS11_PROVIDER && PKCS11SPY;artifact;1428;1429
tests/torture.c;1;!PKCS11SPY;!PKCS11SPY && 1 && !_WIN32 && WITH_PKCS11_URI && WITH_PKCS11_PROVIDER;else;1430;1430
tests/torture.c;1;!PKCS11SPY;!PKCS11SPY && 1 && !_WIN32 && WITH_PKCS11_URI && WITH_PKCS11_PROVIDER;artifact;1431;1431
tests/torture.c;1;!PKCS11SPY;!PKCS11SPY && 1 && !_WIN32 && WITH_PKCS11_URI && WITH_PKCS11_PROVIDER;endif;1432;1432
tests/torture.c;1;WITH_PKCS11_PROVIDER;1 && !_WIN32 && WITH_PKCS11_URI && WITH_PKCS11_PROVIDER;artifact;1433;1433
tests/torture.c;1;!WITH_PKCS11_PROVIDER;!WITH_PKCS11_PROVIDER && 1 && !_WIN32 && WITH_PKCS11_URI;else;1434;1434
tests/torture.c;1;!WITH_PKCS11_PROVIDER;!WITH_PKCS11_PROVIDER && 1 && !_WIN32 && WITH_PKCS11_URI;artifact;1435;1438
tests/torture.c;1;!WITH_PKCS11_PROVIDER;!WITH_PKCS11_PROVIDER && 1 && !_WIN32 && WITH_PKCS11_URI;endif;1439;1439
tests/torture.c;1;WITH_PKCS11_URI;1 && !_WIN32 && WITH_PKCS11_URI;artifact;1440;1443
tests/torture.c;1;WITH_PKCS11_PROVIDER;1 && !_WIN32 && WITH_PKCS11_URI && WITH_PKCS11_PROVIDER;if;1444;1444
tests/torture.c;1;WITH_PKCS11_PROVIDER;1 && !_WIN32 && WITH_PKCS11_URI && WITH_PKCS11_PROVIDER;artifact;1445;1448
tests/torture.c;1;!WITH_PKCS11_PROVIDER;!WITH_PKCS11_PROVIDER && 1 && !_WIN32 && WITH_PKCS11_URI;else;1449;1449
tests/torture.c;1;!WITH_PKCS11_PROVIDER;!WITH_PKCS11_PROVIDER && 1 && !_WIN32 && WITH_PKCS11_URI;artifact;1450;1450
tests/torture.c;1;!WITH_PKCS11_PROVIDER;!WITH_PKCS11_PROVIDER && 1 && !_WIN32 && WITH_PKCS11_URI;endif;1451;1451
tests/torture.c;1;WITH_PKCS11_URI;1 && !_WIN32 && WITH_PKCS11_URI;artifact;1452;1452
tests/torture.c;1;WITH_PKCS11_URI;1 && !_WIN32 && WITH_PKCS11_URI;endif;1453;1453
tests/torture.c;1;!_WIN32;1 && !_WIN32;artifact;1454;1531
tests/torture.c;1;_WIN32;_WIN32 && 1;else;1532;1532
tests/torture.c;1;_WIN32;_WIN32 && 1;artifact;1533;1782
tests/torture.c;1;_WIN32;_WIN32 && 1;endif;1783;1783
tests/torture.c;1;1;1;artifact;1784;1839
tests/torture.c;1;WIN32;1 && WIN32;if;1840;1840
tests/torture.c;1;WIN32;1 && WIN32;artifact;1841;1841
tests/torture.c;1;!WIN32;!WIN32 && 1;else;1842;1842
tests/torture.c;1;!WIN32;!WIN32 && 1;artifact;1843;1843
tests/torture.c;1;!WIN32;!WIN32 && 1;endif;1844;1844
tests/torture.c;1;1;1;artifact;1845;1850
tests/torture.c;1;WIN32;1 && WIN32;if;1851;1851
tests/torture.c;1;WIN32;1 && WIN32;artifact;1852;1857
tests/torture.c;1;!WIN32;!WIN32 && 1;else;1858;1858
tests/torture.c;1;!WIN32;!WIN32 && 1;artifact;1859;1860
tests/torture.c;1;!WIN32;!WIN32 && 1;endif;1861;1861
tests/torture.c;1;1;1;artifact;1862;1863
tests/torture.c;1;DEFINED___LB__HAVE_WEAK_ATTRIBUTE__RB__ && DEFINED___LB__TORTURE_SHARED__RB__;1 && DEFINED___LB__HAVE_WEAK_ATTRIBUTE__RB__ && DEFINED___LB__TORTURE_SHARED__RB__;if;1864;1864
tests/torture.c;1;DEFINED___LB__HAVE_WEAK_ATTRIBUTE__RB__ && DEFINED___LB__TORTURE_SHARED__RB__;1 && DEFINED___LB__HAVE_WEAK_ATTRIBUTE__RB__ && DEFINED___LB__TORTURE_SHARED__RB__;artifact;1865;1870
tests/torture.c;1;DEFINED___LB__HAVE_WEAK_ATTRIBUTE__RB__ && DEFINED___LB__TORTURE_SHARED__RB__;1 && DEFINED___LB__HAVE_WEAK_ATTRIBUTE__RB__ && DEFINED___LB__TORTURE_SHARED__RB__;endif;1871;1871
tests/torture.c;1;1;1;artifact;1872;1888
tests/torture.c;1;DEFINED_HAVE_CMOCKA_SET_TEST_FILTER;1 && DEFINED_HAVE_CMOCKA_SET_TEST_FILTER;if;1889;1889
tests/torture.c;1;DEFINED_HAVE_CMOCKA_SET_TEST_FILTER;1 && DEFINED_HAVE_CMOCKA_SET_TEST_FILTER;artifact;1890;1890
tests/torture.c;1;DEFINED_HAVE_CMOCKA_SET_TEST_FILTER;1 && DEFINED_HAVE_CMOCKA_SET_TEST_FILTER;endif;1891;1891
tests/torture.c;1;1;1;artifact;1892;1895
tests/torture.h;1;1;1;ROOT;1;183
tests/torture.h;1;1;1;artifact;1;23
tests/torture.h;1;!_TORTURE_H;1 && !_TORTURE_H;if;24;24
tests/torture.h;1;!_TORTURE_H;1 && !_TORTURE_H;artifact;25;41
tests/torture.h;1;!assert_return_code;1 && !_TORTURE_H && !assert_return_code;if;42;42
tests/torture.h;1;!assert_return_code;1 && !_TORTURE_H && !assert_return_code;artifact;43;45
tests/torture.h;1;!assert_return_code;1 && !_TORTURE_H && !assert_return_code;endif;46;46
tests/torture.h;1;!_TORTURE_H;1 && !_TORTURE_H;artifact;47;80
tests/torture.h;1;WITH_PCAP;1 && !_TORTURE_H && WITH_PCAP;if;81;81
tests/torture.h;1;WITH_PCAP;1 && !_TORTURE_H && WITH_PCAP;artifact;82;82
tests/torture.h;1;WITH_PCAP;1 && !_TORTURE_H && WITH_PCAP;endif;83;83
tests/torture.h;1;!_TORTURE_H;1 && !_TORTURE_H;artifact;84;86
tests/torture.h;1;!ZERO_STRUCT;1 && !_TORTURE_H && !ZERO_STRUCT;if;87;87
tests/torture.h;1;!ZERO_STRUCT;1 && !_TORTURE_H && !ZERO_STRUCT;artifact;88;88
tests/torture.h;1;!ZERO_STRUCT;1 && !_TORTURE_H && !ZERO_STRUCT;endif;89;89
tests/torture.h;1;!_TORTURE_H;1 && !_TORTURE_H;artifact;90;127
tests/torture.h;1;SSHD_EXECUTABLE;1 && !_TORTURE_H && SSHD_EXECUTABLE;if;128;128
tests/torture.h;1;SSHD_EXECUTABLE;1 && !_TORTURE_H && SSHD_EXECUTABLE;artifact;129;135
tests/torture.h;1;SSHD_EXECUTABLE;1 && !_TORTURE_H && SSHD_EXECUTABLE;endif;136;136
tests/torture.h;1;!_TORTURE_H;1 && !_TORTURE_H;artifact;137;137
tests/torture.h;1;WITH_PKCS11_URI;1 && !_TORTURE_H && WITH_PKCS11_URI;if;138;138
tests/torture.h;1;WITH_PKCS11_URI;1 && !_TORTURE_H && WITH_PKCS11_URI;artifact;139;143
tests/torture.h;1;WITH_PKCS11_URI;1 && !_TORTURE_H && WITH_PKCS11_URI;endif;144;144
tests/torture.h;1;!_TORTURE_H;1 && !_TORTURE_H;artifact;145;151
tests/torture.h;1;WITH_GSSAPI;1 && !_TORTURE_H && WITH_GSSAPI;if;152;152
tests/torture.h;1;WITH_GSSAPI;1 && !_TORTURE_H && WITH_GSSAPI;artifact;153;158
tests/torture.h;1;WITH_GSSAPI;1 && !_TORTURE_H && WITH_GSSAPI;endif;159;159
tests/torture.h;1;!_TORTURE_H;1 && !_TORTURE_H;artifact;160;160
tests/torture.h;1;DEFINED___LB__HAVE_WEAK_ATTRIBUTE__RB__ && DEFINED___LB__TORTURE_SHARED__RB__;1 && !_TORTURE_H && DEFINED___LB__HAVE_WEAK_ATTRIBUTE__RB__ && DEFINED___LB__TORTURE_SHARED__RB__;if;161;161
tests/torture.h;1;DEFINED___LB__HAVE_WEAK_ATTRIBUTE__RB__ && DEFINED___LB__TORTURE_SHARED__RB__;1 && !_TORTURE_H && DEFINED___LB__HAVE_WEAK_ATTRIBUTE__RB__ && DEFINED___LB__TORTURE_SHARED__RB__;artifact;162;162
tests/torture.h;1;!DEFINED___LB__HAVE_WEAK_ATTRIBUTE__RB__ || !DEFINED___LB__TORTURE_SHARED__RB__;(!DEFINED___LB__HAVE_WEAK_ATTRIBUTE__RB__ || !DEFINED___LB__TORTURE_SHARED__RB__) && 1 && !_TORTURE_H;else;163;163
tests/torture.h;1;!DEFINED___LB__HAVE_WEAK_ATTRIBUTE__RB__ || !DEFINED___LB__TORTURE_SHARED__RB__;(!DEFINED___LB__HAVE_WEAK_ATTRIBUTE__RB__ || !DEFINED___LB__TORTURE_SHARED__RB__) && 1 && !_TORTURE_H;artifact;164;167
tests/torture.h;1;!DEFINED___LB__HAVE_WEAK_ATTRIBUTE__RB__ || !DEFINED___LB__TORTURE_SHARED__RB__;(!DEFINED___LB__HAVE_WEAK_ATTRIBUTE__RB__ || !DEFINED___LB__TORTURE_SHARED__RB__) && 1 && !_TORTURE_H;endif;168;168
tests/torture.h;1;!_TORTURE_H;1 && !_TORTURE_H;artifact;169;180
tests/torture.h;1;!_TORTURE_H;1 && !_TORTURE_H;endif;181;181
tests/torture.h;1;1;1;artifact;182;182
tests/torture_cmocka.c;1;1;1;ROOT;1;104
tests/torture_cmocka.c;1;1;1;artifact;1;103
tests/torture_cmocka.h;1;1;1;ROOT;1;57
tests/torture_cmocka.h;1;1;1;artifact;1;23
tests/torture_cmocka.h;1;!_TORTURE_CMOCKA_H;1 && !_TORTURE_CMOCKA_H;if;24;24
tests/torture_cmocka.h;1;!_TORTURE_CMOCKA_H;1 && !_TORTURE_CMOCKA_H;artifact;25;54
tests/torture_cmocka.h;1;!_TORTURE_CMOCKA_H;1 && !_TORTURE_CMOCKA_H;endif;55;55
tests/torture_cmocka.h;1;1;1;artifact;56;56
tests/torture_key.c;1;1;1;ROOT;1;1033
tests/torture_key.c;1;1;1;artifact;1;1001
tests/torture_key.c;1;DEFINED___LB__HAVE_LIBCRYPTO__RB__;1 && DEFINED___LB__HAVE_LIBCRYPTO__RB__;if;1002;1002
tests/torture_key.c;1;DEFINED___LB__HAVE_LIBCRYPTO__RB__;1 && DEFINED___LB__HAVE_LIBCRYPTO__RB__;artifact;1003;1003
tests/torture_key.c;1;DEFINED___LB__HAVE_LIBCRYPTO__RB__;1 && DEFINED___LB__HAVE_LIBCRYPTO__RB__;endif;1004;1004
tests/torture_key.c;1;1;1;artifact;1005;1007
tests/torture_key.c;1;DEFINED___LB__HAVE_LIBCRYPTO__RB__ || DEFINED___LB__HAVE_LIBMBEDCRYPTO__RB__;1 && (DEFINED___LB__HAVE_LIBCRYPTO__RB__ || DEFINED___LB__HAVE_LIBMBEDCRYPTO__RB__);if;1008;1008
tests/torture_key.c;1;DEFINED___LB__HAVE_LIBCRYPTO__RB__ || DEFINED___LB__HAVE_LIBMBEDCRYPTO__RB__;1 && (DEFINED___LB__HAVE_LIBCRYPTO__RB__ || DEFINED___LB__HAVE_LIBMBEDCRYPTO__RB__);artifact;1009;1009
tests/torture_key.c;1;DEFINED___LB__HAVE_LIBCRYPTO__RB__ || DEFINED___LB__HAVE_LIBMBEDCRYPTO__RB__;1 && (DEFINED___LB__HAVE_LIBCRYPTO__RB__ || DEFINED___LB__HAVE_LIBMBEDCRYPTO__RB__);endif;1010;1010
tests/torture_key.c;1;1;1;artifact;1011;1032
tests/torture_key.h;1;1;1;ROOT;1;46
tests/torture_key.h;1;1;1;artifact;1;23
tests/torture_key.h;1;!_TORTURE_KEY_H;1 && !_TORTURE_KEY_H;if;24;24
tests/torture_key.h;1;!_TORTURE_KEY_H;1 && !_TORTURE_KEY_H;artifact;25;43
tests/torture_key.h;1;!_TORTURE_KEY_H;1 && !_TORTURE_KEY_H;endif;44;44
tests/torture_key.h;1;1;1;artifact;45;45
tests/torture_pki.c;1;1;1;ROOT;1;99
tests/torture_pki.c;1;1;1;artifact;1;9
tests/torture_pki.c;1;HAVE_UNISTD_H;1 && HAVE_UNISTD_H;if;10;10
tests/torture_pki.c;1;HAVE_UNISTD_H;1 && HAVE_UNISTD_H;artifact;11;11
tests/torture_pki.c;1;HAVE_UNISTD_H;1 && HAVE_UNISTD_H;endif;12;12
tests/torture_pki.c;1;1;1;artifact;13;98
tests/torture_pki.h;1;1;1;ROOT;1;5
tests/torture_pki.h;1;1;1;artifact;1;4
tests/unittests/torture_bignum.c;1;1;1;ROOT;1;115
tests/unittests/torture_bignum.c;1;1;1;artifact;1;114
tests/unittests/torture_bind_config.c;1;1;1;ROOT;1;1880
tests/unittests/torture_bind_config.c;1;1;1;artifact;1;58
tests/unittests/torture_bind_config.c;1;HAVE_ECC;1 && HAVE_ECC;if;59;59
tests/unittests/torture_bind_config.c;1;HAVE_ECC;1 && HAVE_ECC;artifact;60;60
tests/unittests/torture_bind_config.c;1;HAVE_ECC;1 && HAVE_ECC;endif;61;61
tests/unittests/torture_bind_config.c;1;1;1;artifact;62;232
tests/unittests/torture_bind_config.c;1;HAVE_ECC;1 && HAVE_ECC;if;233;233
tests/unittests/torture_bind_config.c;1;HAVE_ECC;1 && HAVE_ECC;artifact;234;235
tests/unittests/torture_bind_config.c;1;HAVE_ECC;1 && HAVE_ECC;endif;236;236
tests/unittests/torture_bind_config.c;1;1;1;artifact;237;1879
tests/unittests/torture_buffer.c;1;1;1;ROOT;1;282
tests/unittests/torture_buffer.c;1;1;1;artifact;1;281
tests/unittests/torture_bytearray.c;1;1;1;ROOT;1;412
tests/unittests/torture_bytearray.c;1;1;1;artifact;1;411
tests/unittests/torture_callbacks.c;1;1;1;ROOT;1;271
tests/unittests/torture_callbacks.c;1;1;1;artifact;1;270
tests/unittests/torture_channel.c;1;1;1;ROOT;1;56
tests/unittests/torture_channel.c;1;1;1;artifact;1;55
tests/unittests/torture_config_match_localnetwork.c;1;1;1;ROOT;1;754
tests/unittests/torture_config_match_localnetwork.c;1;1;1;artifact;1;5
tests/unittests/torture_config_match_localnetwork.c;1;HAVE_IFADDRS_H;1 && HAVE_IFADDRS_H;if;6;6
tests/unittests/torture_config_match_localnetwork.c;1;HAVE_IFADDRS_H;1 && HAVE_IFADDRS_H;artifact;7;7
tests/unittests/torture_config_match_localnetwork.c;1;HAVE_IFADDRS_H;1 && HAVE_IFADDRS_H;endif;8;8
tests/unittests/torture_config_match_localnetwork.c;1;1;1;artifact;9;753
tests/unittests/torture_crypto.c;1;1;1;ROOT;1;339
tests/unittests/torture_crypto.c;1;1;1;artifact;1;338
tests/unittests/torture_hashes.c;1;1;1;ROOT;1;166
tests/unittests/torture_hashes.c;1;1;1;artifact;1;165
tests/unittests/torture_init.c;1;1;1;ROOT;1;71
tests/unittests/torture_init.c;1;1;1;artifact;1;70
tests/unittests/torture_isipaddr.c;1;1;1;ROOT;1;68
tests/unittests/torture_isipaddr.c;1;1;1;artifact;1;44
tests/unittests/torture_isipaddr.c;1;!_WIN32;1 && !_WIN32;if;45;45
tests/unittests/torture_isipaddr.c;1;!_WIN32;1 && !_WIN32;artifact;46;46
tests/unittests/torture_isipaddr.c;1;!_WIN32;1 && !_WIN32;endif;47;47
tests/unittests/torture_isipaddr.c;1;1;1;artifact;48;67
tests/unittests/torture_keyfiles.c;1;1;1;ROOT;1;258
tests/unittests/torture_keyfiles.c;1;1;1;artifact;1;257
tests/unittests/torture_knownhosts_parsing.c;1;1;1;ROOT;1;751
tests/unittests/torture_knownhosts_parsing.c;1;1;1;artifact;1;10
tests/unittests/torture_knownhosts_parsing.c;1;DEFINED__WIN32 || DEFINED__WIN64;1 && (DEFINED__WIN32 || DEFINED__WIN64);if;11;11
tests/unittests/torture_knownhosts_parsing.c;1;!S_IRWXO;1 && (DEFINED__WIN32 || DEFINED__WIN64) && !S_IRWXO;if;12;12
tests/unittests/torture_knownhosts_parsing.c;1;!S_IRWXO;1 && (DEFINED__WIN32 || DEFINED__WIN64) && !S_IRWXO;artifact;13;13
tests/unittests/torture_knownhosts_parsing.c;1;!S_IRWXO;1 && (DEFINED__WIN32 || DEFINED__WIN64) && !S_IRWXO;endif;14;14
tests/unittests/torture_knownhosts_parsing.c;1;!S_IRWXG;1 && (DEFINED__WIN32 || DEFINED__WIN64) && !S_IRWXG;if;15;15
tests/unittests/torture_knownhosts_parsing.c;1;!S_IRWXG;1 && (DEFINED__WIN32 || DEFINED__WIN64) && !S_IRWXG;artifact;16;16
tests/unittests/torture_knownhosts_parsing.c;1;!S_IRWXG;1 && (DEFINED__WIN32 || DEFINED__WIN64) && !S_IRWXG;endif;17;17
tests/unittests/torture_knownhosts_parsing.c;1;DEFINED__WIN32 || DEFINED__WIN64;1 && (DEFINED__WIN32 || DEFINED__WIN64);endif;18;18
tests/unittests/torture_knownhosts_parsing.c;1;1;1;artifact;19;561
tests/unittests/torture_knownhosts_parsing.c;1;!_WIN32;1 && !_WIN32;if;562;562
tests/unittests/torture_knownhosts_parsing.c;1;!_WIN32;1 && !_WIN32;artifact;563;698
tests/unittests/torture_knownhosts_parsing.c;1;!_WIN32;1 && !_WIN32;endif;699;699
tests/unittests/torture_knownhosts_parsing.c;1;1;1;artifact;700;727
tests/unittests/torture_knownhosts_parsing.c;1;!_WIN32;1 && !_WIN32;if;728;728
tests/unittests/torture_knownhosts_parsing.c;1;!_WIN32;1 && !_WIN32;artifact;729;740
tests/unittests/torture_knownhosts_parsing.c;1;!_WIN32;1 && !_WIN32;endif;741;741
tests/unittests/torture_knownhosts_parsing.c;1;1;1;artifact;742;750
tests/unittests/torture_list.c;1;1;1;ROOT;1;133
tests/unittests/torture_list.c;1;1;1;artifact;1;132
tests/unittests/torture_misc.c;1;1;1;ROOT;1;1170
tests/unittests/torture_misc.c;1;1;1;artifact;1;2
tests/unittests/torture_misc.c;1;HAVE_UNISTD_H;1 && HAVE_UNISTD_H;if;3;3
tests/unittests/torture_misc.c;1;HAVE_UNISTD_H;1 && HAVE_UNISTD_H;artifact;4;4
tests/unittests/torture_misc.c;1;HAVE_UNISTD_H;1 && HAVE_UNISTD_H;endif;5;5
tests/unittests/torture_misc.c;1;1;1;artifact;6;8
tests/unittests/torture_misc.c;1;!_WIN32;1 && !_WIN32;if;9;9
tests/unittests/torture_misc.c;1;!_WIN32;1 && !_WIN32;artifact;10;11
tests/unittests/torture_misc.c;1;!_WIN32;1 && !_WIN32;endif;12;12
tests/unittests/torture_misc.c;1;1;1;artifact;13;20
tests/unittests/torture_misc.c;1;_WIN32;1 && _WIN32;if;21;21
tests/unittests/torture_misc.c;1;_WIN32;1 && _WIN32;artifact;22;22
tests/unittests/torture_misc.c;1;!_WIN32;!_WIN32 && 1;else;23;23
tests/unittests/torture_misc.c;1;!_WIN32;!_WIN32 && 1;artifact;24;24
tests/unittests/torture_misc.c;1;!_WIN32;!_WIN32 && 1;endif;25;25
tests/unittests/torture_misc.c;1;1;1;artifact;26;47
tests/unittests/torture_misc.c;1;!_WIN32;1 && !_WIN32;if;48;48
tests/unittests/torture_misc.c;1;!_WIN32;1 && !_WIN32;artifact;49;49
tests/unittests/torture_misc.c;1;!_WIN32;1 && !_WIN32;endif;50;50
tests/unittests/torture_misc.c;1;1;1;artifact;51;56
tests/unittests/torture_misc.c;1;!_WIN32;1 && !_WIN32;if;57;57
tests/unittests/torture_misc.c;1;!_WIN32;1 && !_WIN32;artifact;58;58
tests/unittests/torture_misc.c;1;!_WIN32;1 && !_WIN32;endif;59;59
tests/unittests/torture_misc.c;1;1;1;artifact;60;112
tests/unittests/torture_misc.c;1;_WIN32;1 && _WIN32;if;113;113
tests/unittests/torture_misc.c;1;_WIN32;1 && _WIN32;artifact;114;129
tests/unittests/torture_misc.c;1;!_WIN32;!_WIN32 && 1;else;130;130
tests/unittests/torture_misc.c;1;!_WIN32;!_WIN32 && 1;artifact;131;174
tests/unittests/torture_misc.c;1;!_WIN32;!_WIN32 && 1;endif;175;175
tests/unittests/torture_misc.c;1;1;1;artifact;176;414
tests/unittests/torture_misc.c;1;!_WIN32;1 && !_WIN32;if;415;415
tests/unittests/torture_misc.c;1;!_WIN32;1 && !_WIN32;artifact;416;421
tests/unittests/torture_misc.c;1;!_WIN32;1 && !_WIN32;endif;422;422
tests/unittests/torture_misc.c;1;1;1;artifact;423;815
tests/unittests/torture_misc.c;1;_WIN32;1 && _WIN32;if;816;816
tests/unittests/torture_misc.c;1;_WIN32;1 && _WIN32;artifact;817;817
tests/unittests/torture_misc.c;1;_WIN32;1 && _WIN32;endif;818;818
tests/unittests/torture_misc.c;1;1;1;artifact;819;924
tests/unittests/torture_misc.c;1;_WIN32;1 && _WIN32;if;925;925
tests/unittests/torture_misc.c;1;_WIN32;1 && _WIN32;artifact;926;926
tests/unittests/torture_misc.c;1;_WIN32;1 && _WIN32;endif;927;927
tests/unittests/torture_misc.c;1;1;1;artifact;928;1138
tests/unittests/torture_misc.c;1;_WIN32;1 && _WIN32;if;1139;1139
tests/unittests/torture_misc.c;1;_WIN32;1 && _WIN32;artifact;1140;1140
tests/unittests/torture_misc.c;1;!_WIN32;!_WIN32 && 1;else;1141;1141
tests/unittests/torture_misc.c;1;!_WIN32;!_WIN32 && 1;artifact;1142;1142
tests/unittests/torture_misc.c;1;!_WIN32;!_WIN32 && 1;endif;1143;1143
tests/unittests/torture_misc.c;1;1;1;artifact;1144;1169
tests/unittests/torture_moduli.c;1;1;1;ROOT;1;116
tests/unittests/torture_moduli.c;1;1;1;artifact;1;115
tests/unittests/torture_options.c;1;1;1;ROOT;1;3035
tests/unittests/torture_options.c;1;1;1;artifact;1;4
tests/unittests/torture_options.c;1;!_WIN32;1 && !_WIN32;if;5;5
tests/unittests/torture_options.c;1;!_WIN32;1 && !_WIN32;artifact;6;7
tests/unittests/torture_options.c;1;!_WIN32;1 && !_WIN32;endif;8;8
tests/unittests/torture_options.c;1;1;1;artifact;9;16
tests/unittests/torture_options.c;1;WITH_SERVER;1 && WITH_SERVER;if;17;17
tests/unittests/torture_options.c;1;WITH_SERVER;1 && WITH_SERVER;artifact;18;19
tests/unittests/torture_options.c;1;WITH_SERVER;1 && WITH_SERVER;endif;20;20
tests/unittests/torture_options.c;1;1;1;artifact;21;22
tests/unittests/torture_options.c;1;HAVE_ECC;1 && HAVE_ECC;if;23;23
tests/unittests/torture_options.c;1;HAVE_ECC;1 && HAVE_ECC;artifact;24;24
tests/unittests/torture_options.c;1;HAVE_ECC;1 && HAVE_ECC;endif;25;25
tests/unittests/torture_options.c;1;1;1;artifact;26;556
tests/unittests/torture_options.c;1;WITH_ZLIB;1 && WITH_ZLIB;if;557;557
tests/unittests/torture_options.c;1;WITH_ZLIB;1 && WITH_ZLIB;artifact;558;564
tests/unittests/torture_options.c;1;!WITH_ZLIB;!WITH_ZLIB && 1;else;565;565
tests/unittests/torture_options.c;1;!WITH_ZLIB;!WITH_ZLIB && 1;artifact;566;567
tests/unittests/torture_options.c;1;!WITH_ZLIB;!WITH_ZLIB && 1;endif;568;568
tests/unittests/torture_options.c;1;1;1;artifact;569;583
tests/unittests/torture_options.c;1;WITH_ZLIB;1 && WITH_ZLIB;if;584;584
tests/unittests/torture_options.c;1;WITH_ZLIB;1 && WITH_ZLIB;artifact;585;586
tests/unittests/torture_options.c;1;!WITH_ZLIB;!WITH_ZLIB && 1;else;587;587
tests/unittests/torture_options.c;1;!WITH_ZLIB;!WITH_ZLIB && 1;artifact;588;588
tests/unittests/torture_options.c;1;!WITH_ZLIB;!WITH_ZLIB && 1;endif;589;589
tests/unittests/torture_options.c;1;1;1;artifact;590;610
tests/unittests/torture_options.c;1;WITH_ZLIB;1 && WITH_ZLIB;if;611;611
tests/unittests/torture_options.c;1;WITH_ZLIB;1 && WITH_ZLIB;artifact;612;616
tests/unittests/torture_options.c;1;!WITH_ZLIB;!WITH_ZLIB && 1;else;617;617
tests/unittests/torture_options.c;1;!WITH_ZLIB;!WITH_ZLIB && 1;artifact;618;618
tests/unittests/torture_options.c;1;!WITH_ZLIB;!WITH_ZLIB && 1;endif;619;619
tests/unittests/torture_options.c;1;1;1;artifact;620;624
tests/unittests/torture_options.c;1;WITH_ZLIB;1 && WITH_ZLIB;if;625;625
tests/unittests/torture_options.c;1;WITH_ZLIB;1 && WITH_ZLIB;artifact;626;626
tests/unittests/torture_options.c;1;!WITH_ZLIB;!WITH_ZLIB && 1;else;627;627
tests/unittests/torture_options.c;1;!WITH_ZLIB;!WITH_ZLIB && 1;artifact;628;628
tests/unittests/torture_options.c;1;!WITH_ZLIB;!WITH_ZLIB && 1;endif;629;629
tests/unittests/torture_options.c;1;1;1;artifact;630;729
tests/unittests/torture_options.c;1;!_WIN32;1 && !_WIN32;if;730;730
tests/unittests/torture_options.c;1;!NSS_BUFLEN_PASSWD;1 && !_WIN32 && !NSS_BUFLEN_PASSWD;if;731;731
tests/unittests/torture_options.c;1;!NSS_BUFLEN_PASSWD;1 && !_WIN32 && !NSS_BUFLEN_PASSWD;artifact;732;732
tests/unittests/torture_options.c;1;!NSS_BUFLEN_PASSWD;1 && !_WIN32 && !NSS_BUFLEN_PASSWD;endif;733;733
tests/unittests/torture_options.c;1;!_WIN32;1 && !_WIN32;artifact;734;740
tests/unittests/torture_options.c;1;!_WIN32;1 && !_WIN32;endif;741;741
tests/unittests/torture_options.c;1;1;1;artifact;742;753
tests/unittests/torture_options.c;1;!_WIN32;1 && !_WIN32;if;754;754
tests/unittests/torture_options.c;1;!_WIN32;1 && !_WIN32;artifact;755;755
tests/unittests/torture_options.c;1;!_WIN32;1 && !_WIN32;endif;756;756
tests/unittests/torture_options.c;1;1;1;artifact;757;1149
tests/unittests/torture_options.c;1;!WITH_EXEC;1 && !WITH_EXEC;if;1150;1150
tests/unittests/torture_options.c;1;!WITH_EXEC;1 && !WITH_EXEC;artifact;1151;1152
tests/unittests/torture_options.c;1;WITH_EXEC;WITH_EXEC && 1;else;1153;1153
tests/unittests/torture_options.c;1;WITH_EXEC;WITH_EXEC && 1;artifact;1154;1154
tests/unittests/torture_options.c;1;WITH_EXEC;WITH_EXEC && 1;endif;1155;1155
tests/unittests/torture_options.c;1;1;1;artifact;1156;1171
tests/unittests/torture_options.c;1;!WITH_EXEC;1 && !WITH_EXEC;if;1172;1172
tests/unittests/torture_options.c;1;!WITH_EXEC;1 && !WITH_EXEC;artifact;1173;1174
tests/unittests/torture_options.c;1;WITH_EXEC;WITH_EXEC && 1;else;1175;1175
tests/unittests/torture_options.c;1;WITH_EXEC;WITH_EXEC && 1;artifact;1176;1176
tests/unittests/torture_options.c;1;WITH_EXEC;WITH_EXEC && 1;endif;1177;1177
tests/unittests/torture_options.c;1;1;1;artifact;1178;1224
tests/unittests/torture_options.c;1;!WITH_EXEC;1 && !WITH_EXEC;if;1225;1225
tests/unittests/torture_options.c;1;!WITH_EXEC;1 && !WITH_EXEC;artifact;1226;1227
tests/unittests/torture_options.c;1;WITH_EXEC;WITH_EXEC && 1;else;1228;1228
tests/unittests/torture_options.c;1;WITH_EXEC;WITH_EXEC && 1;artifact;1229;1229
tests/unittests/torture_options.c;1;WITH_EXEC;WITH_EXEC && 1;endif;1230;1230
tests/unittests/torture_options.c;1;1;1;artifact;1231;1419
tests/unittests/torture_options.c;1;_MSC_VER;1 && _MSC_VER;if;1420;1420
tests/unittests/torture_options.c;1;_MSC_VER;1 && _MSC_VER;artifact;1421;1422
tests/unittests/torture_options.c;1;!_MSC_VER;!_MSC_VER && 1;else;1423;1423
tests/unittests/torture_options.c;1;!_MSC_VER;!_MSC_VER && 1;artifact;1424;1440
tests/unittests/torture_options.c;1;WITH_ZLIB;!_MSC_VER && 1 && WITH_ZLIB;if;1441;1441
tests/unittests/torture_options.c;1;WITH_ZLIB;!_MSC_VER && 1 && WITH_ZLIB;artifact;1442;1445
tests/unittests/torture_options.c;1;!WITH_ZLIB;!WITH_ZLIB && !_MSC_VER && 1;else;1446;1446
tests/unittests/torture_options.c;1;!WITH_ZLIB;!WITH_ZLIB && !_MSC_VER && 1;artifact;1447;1450
tests/unittests/torture_options.c;1;!WITH_ZLIB;!WITH_ZLIB && !_MSC_VER && 1;endif;1451;1451
tests/unittests/torture_options.c;1;!_MSC_VER;!_MSC_VER && 1;artifact;1452;1510
tests/unittests/torture_options.c;1;WITH_ZLIB;!_MSC_VER && 1 && WITH_ZLIB;if;1511;1511
tests/unittests/torture_options.c;1;WITH_ZLIB;!_MSC_VER && 1 && WITH_ZLIB;artifact;1512;1515
tests/unittests/torture_options.c;1;!WITH_ZLIB;!WITH_ZLIB && !_MSC_VER && 1;else;1516;1516
tests/unittests/torture_options.c;1;!WITH_ZLIB;!WITH_ZLIB && !_MSC_VER && 1;artifact;1517;1520
tests/unittests/torture_options.c;1;!WITH_ZLIB;!WITH_ZLIB && !_MSC_VER && 1;endif;1521;1521
tests/unittests/torture_options.c;1;!_MSC_VER;!_MSC_VER && 1;artifact;1522;1526
tests/unittests/torture_options.c;1;WITH_ZLIB;!_MSC_VER && 1 && WITH_ZLIB;if;1527;1527
tests/unittests/torture_options.c;1;WITH_ZLIB;!_MSC_VER && 1 && WITH_ZLIB;artifact;1528;1531
tests/unittests/torture_options.c;1;!WITH_ZLIB;!WITH_ZLIB && !_MSC_VER && 1;else;1532;1532
tests/unittests/torture_options.c;1;!WITH_ZLIB;!WITH_ZLIB && !_MSC_VER && 1;artifact;1533;1536
tests/unittests/torture_options.c;1;!WITH_ZLIB;!WITH_ZLIB && !_MSC_VER && 1;endif;1537;1537
tests/unittests/torture_options.c;1;!_MSC_VER;!_MSC_VER && 1;artifact;1538;1556
tests/unittests/torture_options.c;1;!_MSC_VER;!_MSC_VER && 1;endif;1557;1557
tests/unittests/torture_options.c;1;1;1;artifact;1558;1907
tests/unittests/torture_options.c;1;HAVE_ECC;1 && HAVE_ECC;if;1908;1908
tests/unittests/torture_options.c;1;HAVE_ECC;1 && HAVE_ECC;artifact;1909;1911
tests/unittests/torture_options.c;1;HAVE_ECC;1 && HAVE_ECC;endif;1912;1912
tests/unittests/torture_options.c;1;1;1;artifact;1913;1994
tests/unittests/torture_options.c;1;WITH_SERVER;1 && WITH_SERVER;if;1995;1995
tests/unittests/torture_options.c;1;WITH_SERVER;1 && WITH_SERVER;artifact;1996;2036
tests/unittests/torture_options.c;1;HAVE_ECC;1 && WITH_SERVER && HAVE_ECC;if;2037;2037
tests/unittests/torture_options.c;1;HAVE_ECC;1 && WITH_SERVER && HAVE_ECC;artifact;2038;2039
tests/unittests/torture_options.c;1;HAVE_ECC;1 && WITH_SERVER && HAVE_ECC;endif;2040;2040
tests/unittests/torture_options.c;1;WITH_SERVER;1 && WITH_SERVER;artifact;2041;2131
tests/unittests/torture_options.c;1;HAVE_ECC;1 && WITH_SERVER && HAVE_ECC;if;2132;2132
tests/unittests/torture_options.c;1;HAVE_ECC;1 && WITH_SERVER && HAVE_ECC;artifact;2133;2140
tests/unittests/torture_options.c;1;HAVE_ECC;1 && WITH_SERVER && HAVE_ECC;endif;2141;2141
tests/unittests/torture_options.c;1;WITH_SERVER;1 && WITH_SERVER;artifact;2142;2178
tests/unittests/torture_options.c;1;HAVE_ECC;1 && WITH_SERVER && HAVE_ECC;if;2179;2179
tests/unittests/torture_options.c;1;HAVE_ECC;1 && WITH_SERVER && HAVE_ECC;artifact;2180;2185
tests/unittests/torture_options.c;1;HAVE_ECC;1 && WITH_SERVER && HAVE_ECC;endif;2186;2186
tests/unittests/torture_options.c;1;WITH_SERVER;1 && WITH_SERVER;artifact;2187;2216
tests/unittests/torture_options.c;1;HAVE_ECC;1 && WITH_SERVER && HAVE_ECC;if;2217;2217
tests/unittests/torture_options.c;1;HAVE_ECC;1 && WITH_SERVER && HAVE_ECC;artifact;2218;2224
tests/unittests/torture_options.c;1;HAVE_ECC;1 && WITH_SERVER && HAVE_ECC;endif;2225;2225
tests/unittests/torture_options.c;1;WITH_SERVER;1 && WITH_SERVER;artifact;2226;2407
tests/unittests/torture_options.c;1;HAVE_ECC;1 && WITH_SERVER && HAVE_ECC;if;2408;2408
tests/unittests/torture_options.c;1;HAVE_ECC;1 && WITH_SERVER && HAVE_ECC;artifact;2409;2427
tests/unittests/torture_options.c;1;HAVE_ECC;1 && WITH_SERVER && HAVE_ECC;endif;2428;2428
tests/unittests/torture_options.c;1;WITH_SERVER;1 && WITH_SERVER;artifact;2429;2834
tests/unittests/torture_options.c;1;WITH_SERVER;1 && WITH_SERVER;endif;2835;2835
tests/unittests/torture_options.c;1;1;1;artifact;2836;2958
tests/unittests/torture_options.c;1;WITH_SERVER;1 && WITH_SERVER;if;2959;2959
tests/unittests/torture_options.c;1;WITH_SERVER;1 && WITH_SERVER;artifact;2960;2990
tests/unittests/torture_options.c;1;HAVE_ECC;1 && WITH_SERVER && HAVE_ECC;if;2991;2991
tests/unittests/torture_options.c;1;HAVE_ECC;1 && WITH_SERVER && HAVE_ECC;artifact;2992;2994
tests/unittests/torture_options.c;1;HAVE_ECC;1 && WITH_SERVER && HAVE_ECC;endif;2995;2995
tests/unittests/torture_options.c;1;WITH_SERVER;1 && WITH_SERVER;artifact;2996;3022
tests/unittests/torture_options.c;1;WITH_SERVER;1 && WITH_SERVER;endif;3023;3023
tests/unittests/torture_options.c;1;1;1;artifact;3024;3027
tests/unittests/torture_options.c;1;WITH_SERVER;1 && WITH_SERVER;if;3028;3028
tests/unittests/torture_options.c;1;WITH_SERVER;1 && WITH_SERVER;artifact;3029;3029
tests/unittests/torture_options.c;1;WITH_SERVER;1 && WITH_SERVER;endif;3030;3030
tests/unittests/torture_options.c;1;1;1;artifact;3031;3034
tests/unittests/torture_packet.c;1;1;1;ROOT;1;390
tests/unittests/torture_packet.c;1;1;1;artifact;1;167
tests/unittests/torture_packet.c;1;WITH_INSECURE_NONE;1 && WITH_INSECURE_NONE;if;168;168
tests/unittests/torture_packet.c;1;WITH_INSECURE_NONE;1 && WITH_INSECURE_NONE;artifact;169;194
tests/unittests/torture_packet.c;1;WITH_INSECURE_NONE;1 && WITH_INSECURE_NONE;endif;195;195
tests/unittests/torture_packet.c;1;1;1;artifact;196;375
tests/unittests/torture_packet.c;1;WITH_INSECURE_NONE;1 && WITH_INSECURE_NONE;if;376;376
tests/unittests/torture_packet.c;1;WITH_INSECURE_NONE;1 && WITH_INSECURE_NONE;artifact;377;379
tests/unittests/torture_packet.c;1;WITH_INSECURE_NONE;1 && WITH_INSECURE_NONE;endif;380;380
tests/unittests/torture_packet.c;1;1;1;artifact;381;389
tests/unittests/torture_packet_filter.c;1;1;1;ROOT;1;633
tests/unittests/torture_packet_filter.c;1;1;1;artifact;1;632
tests/unittests/torture_pki.c;1;1;1;ROOT;1;430
tests/unittests/torture_pki.c;1;1;1;artifact;1;177
tests/unittests/torture_pki.c;1;HAVE_ECC;1 && HAVE_ECC;if;178;178
tests/unittests/torture_pki.c;1;HAVE_ECC;1 && HAVE_ECC;artifact;179;220
tests/unittests/torture_pki.c;1;HAVE_ECC;1 && HAVE_ECC;endif;221;221
tests/unittests/torture_pki.c;1;1;1;artifact;222;429
tests/unittests/torture_pki_dsa.c;1;1;1;ROOT;1;222
tests/unittests/torture_pki_dsa.c;1;1;1;artifact;1;221
tests/unittests/torture_pki_ecdsa.c;1;1;1;ROOT;1;1216
tests/unittests/torture_pki_ecdsa.c;1;1;1;artifact;1;954
tests/unittests/torture_pki_ecdsa.c;1;HAVE_LIBCRYPTO;1 && HAVE_LIBCRYPTO;if;955;955
tests/unittests/torture_pki_ecdsa.c;1;HAVE_LIBCRYPTO;1 && HAVE_LIBCRYPTO;artifact;956;980
tests/unittests/torture_pki_ecdsa.c;1;HAVE_LIBCRYPTO;1 && HAVE_LIBCRYPTO;endif;981;981
tests/unittests/torture_pki_ecdsa.c;1;1;1;artifact;982;1151
tests/unittests/torture_pki_ecdsa.c;1;HAVE_LIBCRYPTO;1 && HAVE_LIBCRYPTO;if;1152;1152
tests/unittests/torture_pki_ecdsa.c;1;HAVE_LIBCRYPTO;1 && HAVE_LIBCRYPTO;artifact;1153;1194
tests/unittests/torture_pki_ecdsa.c;1;HAVE_LIBCRYPTO;1 && HAVE_LIBCRYPTO;endif;1195;1195
tests/unittests/torture_pki_ecdsa.c;1;1;1;artifact;1196;1215
tests/unittests/torture_pki_ecdsa_uri.c;1;1;1;ROOT;1;586
tests/unittests/torture_pki_ecdsa_uri.c;1;1;1;artifact;1;585
tests/unittests/torture_pki_ed25519.c;1;1;1;ROOT;1;1081
tests/unittests/torture_pki_ed25519.c;1;1;1;artifact;1;455
tests/unittests/torture_pki_ed25519.c;1;HAVE_LIBCRYPTO;1 && HAVE_LIBCRYPTO;if;456;456
tests/unittests/torture_pki_ed25519.c;1;HAVE_LIBCRYPTO;1 && HAVE_LIBCRYPTO;artifact;457;457
tests/unittests/torture_pki_ed25519.c;1;!HAVE_LIBCRYPTO;!HAVE_LIBCRYPTO && 1;else;458;458
tests/unittests/torture_pki_ed25519.c;1;!HAVE_LIBCRYPTO;!HAVE_LIBCRYPTO && 1;artifact;459;459
tests/unittests/torture_pki_ed25519.c;1;!HAVE_LIBCRYPTO;!HAVE_LIBCRYPTO && 1;endif;460;460
tests/unittests/torture_pki_ed25519.c;1;1;1;artifact;461;639
tests/unittests/torture_pki_ed25519.c;1;HAVE_LIBCRYPTO;1 && HAVE_LIBCRYPTO;if;640;640
tests/unittests/torture_pki_ed25519.c;1;HAVE_LIBCRYPTO;1 && HAVE_LIBCRYPTO;artifact;641;651
tests/unittests/torture_pki_ed25519.c;1;HAVE_LIBCRYPTO;1 && HAVE_LIBCRYPTO;endif;652;652
tests/unittests/torture_pki_ed25519.c;1;1;1;artifact;653;731
tests/unittests/torture_pki_ed25519.c;1;HAVE_LIBCRYPTO;1 && HAVE_LIBCRYPTO;if;732;732
tests/unittests/torture_pki_ed25519.c;1;HAVE_LIBCRYPTO;1 && HAVE_LIBCRYPTO;artifact;733;807
tests/unittests/torture_pki_ed25519.c;1;HAVE_LIBCRYPTO;1 && HAVE_LIBCRYPTO;endif;808;808
tests/unittests/torture_pki_ed25519.c;1;1;1;artifact;809;846
tests/unittests/torture_pki_ed25519.c;1;HAVE_LIBCRYPTO;1 && HAVE_LIBCRYPTO;if;847;847
tests/unittests/torture_pki_ed25519.c;1;HAVE_LIBCRYPTO;1 && HAVE_LIBCRYPTO;artifact;848;848
tests/unittests/torture_pki_ed25519.c;1;!HAVE_LIBCRYPTO;!HAVE_LIBCRYPTO && 1;else;849;849
tests/unittests/torture_pki_ed25519.c;1;!HAVE_LIBCRYPTO;!HAVE_LIBCRYPTO && 1;artifact;850;850
tests/unittests/torture_pki_ed25519.c;1;!HAVE_LIBCRYPTO;!HAVE_LIBCRYPTO && 1;endif;851;851
tests/unittests/torture_pki_ed25519.c;1;1;1;artifact;852;1056
tests/unittests/torture_pki_ed25519.c;1;HAVE_LIBCRYPTO;1 && HAVE_LIBCRYPTO;if;1057;1057
tests/unittests/torture_pki_ed25519.c;1;HAVE_LIBCRYPTO;1 && HAVE_LIBCRYPTO;artifact;1058;1066
tests/unittests/torture_pki_ed25519.c;1;HAVE_LIBCRYPTO;1 && HAVE_LIBCRYPTO;endif;1067;1067
tests/unittests/torture_pki_ed25519.c;1;1;1;artifact;1068;1080
tests/unittests/torture_pki_rsa.c;1;1;1;ROOT;1;1165
tests/unittests/torture_pki_rsa.c;1;1;1;artifact;1;964
tests/unittests/torture_pki_rsa.c;1;DEFINED___LB__HAVE_LIBCRYPTO__RB__;1 && DEFINED___LB__HAVE_LIBCRYPTO__RB__;if;965;965
tests/unittests/torture_pki_rsa.c;1;DEFINED___LB__HAVE_LIBCRYPTO__RB__;1 && DEFINED___LB__HAVE_LIBCRYPTO__RB__;artifact;966;989
tests/unittests/torture_pki_rsa.c;1;DEFINED___LB__HAVE_LIBCRYPTO__RB__;1 && DEFINED___LB__HAVE_LIBCRYPTO__RB__;endif;990;990
tests/unittests/torture_pki_rsa.c;1;1;1;artifact;991;1022
tests/unittests/torture_pki_rsa.c;1;!HAVE_LIBCRYPTO;1 && !HAVE_LIBCRYPTO;if;1023;1023
tests/unittests/torture_pki_rsa.c;1;!HAVE_LIBCRYPTO;1 && !HAVE_LIBCRYPTO;artifact;1024;1032
tests/unittests/torture_pki_rsa.c;1;!HAVE_LIBCRYPTO;1 && !HAVE_LIBCRYPTO;endif;1033;1033
tests/unittests/torture_pki_rsa.c;1;1;1;artifact;1034;1134
tests/unittests/torture_pki_rsa.c;1;DEFINED___LB__HAVE_LIBCRYPTO__RB__;1 && DEFINED___LB__HAVE_LIBCRYPTO__RB__;if;1135;1135
tests/unittests/torture_pki_rsa.c;1;DEFINED___LB__HAVE_LIBCRYPTO__RB__;1 && DEFINED___LB__HAVE_LIBCRYPTO__RB__;artifact;1136;1149
tests/unittests/torture_pki_rsa.c;1;DEFINED___LB__HAVE_LIBCRYPTO__RB__;1 && DEFINED___LB__HAVE_LIBCRYPTO__RB__;endif;1150;1150
tests/unittests/torture_pki_rsa.c;1;1;1;artifact;1151;1164
tests/unittests/torture_pki_rsa_uri.c;1;1;1;ROOT;1;312
tests/unittests/torture_pki_rsa_uri.c;1;1;1;artifact;1;311
tests/unittests/torture_push_pop_dir.c;1;1;1;ROOT;1;80
tests/unittests/torture_push_pop_dir.c;1;1;1;artifact;1;79
tests/unittests/torture_rand.c;1;1;1;ROOT;1;85
tests/unittests/torture_rand.c;1;1;1;artifact;1;9
tests/unittests/torture_rand.c;1;HAVE_LIBGCRYPT;1 && HAVE_LIBGCRYPT;if;10;10
tests/unittests/torture_rand.c;1;HAVE_LIBGCRYPT;1 && HAVE_LIBGCRYPT;artifact;11;11
tests/unittests/torture_rand.c;1;!HAVE_LIBGCRYPT;!HAVE_LIBGCRYPT && 1;else;12;12
tests/unittests/torture_rand.c;1;!HAVE_LIBGCRYPT;!HAVE_LIBGCRYPT && 1;artifact;13;14
tests/unittests/torture_rand.c;1;!HAVE_LIBGCRYPT;!HAVE_LIBGCRYPT && 1;endif;15;15
tests/unittests/torture_rand.c;1;1;1;artifact;16;84
tests/unittests/torture_server_x11.c;1;1;1;ROOT;1;236
tests/unittests/torture_server_x11.c;1;1;1;artifact;1;235
tests/unittests/torture_session_keys.c;1;1;1;ROOT;1;109
tests/unittests/torture_session_keys.c;1;1;1;artifact;1;108
tests/unittests/torture_temp_dir.c;1;1;1;ROOT;1;53
tests/unittests/torture_temp_dir.c;1;1;1;artifact;1;52
tests/unittests/torture_temp_file.c;1;1;1;ROOT;1;65
tests/unittests/torture_temp_file.c;1;1;1;artifact;1;64
tests/unittests/torture_threads_buffer.c;1;1;1;ROOT;1;602
tests/unittests/torture_threads_buffer.c;1;1;1;artifact;1;601
tests/unittests/torture_threads_crypto.c;1;1;1;ROOT;1;207
tests/unittests/torture_threads_crypto.c;1;1;1;artifact;1;206
tests/unittests/torture_threads_init.c;1;1;1;ROOT;1;100
tests/unittests/torture_threads_init.c;1;1;1;artifact;1;99
tests/unittests/torture_threads_pki_rsa.c;1;1;1;ROOT;1;812
tests/unittests/torture_threads_pki_rsa.c;1;1;1;artifact;1;139
tests/unittests/torture_threads_pki_rsa.c;1;DEFINED___LB__HAVE_LIBGCRYPT__RB__;1 && DEFINED___LB__HAVE_LIBGCRYPT__RB__;if;140;140
tests/unittests/torture_threads_pki_rsa.c;1;DEFINED___LB__HAVE_LIBGCRYPT__RB__;1 && DEFINED___LB__HAVE_LIBGCRYPT__RB__;artifact;141;149
tests/unittests/torture_threads_pki_rsa.c;1;DEFINED___LB__HAVE_LIBGCRYPT__RB__;1 && DEFINED___LB__HAVE_LIBGCRYPT__RB__;endif;150;150
tests/unittests/torture_threads_pki_rsa.c;1;1;1;artifact;151;158
tests/unittests/torture_threads_pki_rsa.c;1;DEFINED___LB__HAVE_LIBGCRYPT__RB__;1 && DEFINED___LB__HAVE_LIBGCRYPT__RB__;if;159;159
tests/unittests/torture_threads_pki_rsa.c;1;DEFINED___LB__HAVE_LIBGCRYPT__RB__;1 && DEFINED___LB__HAVE_LIBGCRYPT__RB__;artifact;160;162
tests/unittests/torture_threads_pki_rsa.c;1;DEFINED___LB__HAVE_LIBGCRYPT__RB__;1 && DEFINED___LB__HAVE_LIBGCRYPT__RB__;endif;163;163
tests/unittests/torture_threads_pki_rsa.c;1;1;1;artifact;164;677
tests/unittests/torture_threads_pki_rsa.c;1;!HAVE_LIBCRYPTO;1 && !HAVE_LIBCRYPTO;if;678;678
tests/unittests/torture_threads_pki_rsa.c;1;!HAVE_LIBCRYPTO;1 && !HAVE_LIBCRYPTO;artifact;679;687
tests/unittests/torture_threads_pki_rsa.c;1;!HAVE_LIBCRYPTO;1 && !HAVE_LIBCRYPTO;endif;688;688
tests/unittests/torture_threads_pki_rsa.c;1;1;1;artifact;689;811
tests/unittests/torture_tokens.c;1;1;1;ROOT;1;351
tests/unittests/torture_tokens.c;1;1;1;artifact;1;350
tests/unittests/torture_unit_server.c;1;1;1;ROOT;1;197
tests/unittests/torture_unit_server.c;1;1;1;artifact;1;18
tests/unittests/torture_unit_server.c;1;0;1 && 0;if;19;19
tests/unittests/torture_unit_server.c;1;0;1 && 0;artifact;20;149
tests/unittests/torture_unit_server.c;1;0;1 && 0;endif;150;150
tests/unittests/torture_unit_server.c;1;1;1;artifact;151;196
